Date,Ticker,FinBERT_Positive,FinBERT_Negative,FinBERT_Neutral,Volume_Messages,Score_Net,Bullishness_Index,Polarite_Index
2023-01-01,BRK-B,0.9986,0.0,0.0014,1,0.9986,1.0,0.9986
2023-01-01,META,0.9999,0.0,0.0,1,0.9999,1.0,1.0
2023-01-02,AAPL,0.0019,0.0002,0.9979,1,0.0017,0.9052,0.0021
2023-01-02,BRK-B,0.0019,0.0002,0.9979,1,0.0017,0.9052,0.0021
2023-01-02,TSLA,0.0,1.0,0.0,1,-1.0,0.0,1.0
2023-01-03,AAPL,0.0001,0.762,0.2379,3,-0.7619,0.0001,0.7621
2023-01-03,AMZN,0.0001,0.0175,0.9824,1,-0.0174,0.0061,0.0176
2023-01-03,BRK-B,0.0,0.0,1.0,1,-0.0,0.0303,0.0
2023-01-03,META,1.0,0.0,0.0,1,1.0,1.0,1.0
2023-01-03,TSLA,0.4997,0.0001,0.5003,2,0.4996,0.9998,0.4997
2023-01-04,META,0.4966,0.0174,0.4859,2,0.4792,0.9661,0.5141
2023-01-04,MSFT,0.0,0.9999,0.0001,1,-0.9999,0.0,0.9999
2023-01-05,TSLA,0.0002,0.0045,0.9952,1,-0.0043,0.0455,0.0048
2023-01-06,AAPL,0.0,0.0,1.0,1,-0.0,0.0135,0.0
2023-01-06,META,0.0,0.8654,0.1346,1,-0.8654,0.0,0.8654
2023-01-06,TSLA,0.0,0.0018,0.9982,1,-0.0018,0.0061,0.0018
2023-01-08,AAPL,0.0,0.0001,0.9999,1,-0.0001,0.0202,0.0001
2023-01-09,META,0.9956,0.0,0.0044,1,0.9956,1.0,0.9956
2023-01-09,TSLA,0.8383,0.0463,0.1155,1,0.792,0.9477,0.8845
2023-01-10,AMZN,0.5,0.0,0.5,2,0.5,1.0,0.5
2023-01-10,JPM,0.0034,0.0001,0.9966,2,0.0033,0.9827,0.0034
2023-01-10,META,0.0004,0.0,0.9996,1,0.0004,0.9612,0.0004
2023-01-11,JPM,0.0004,0.9995,0.0001,1,-0.9991,0.0004,0.9999
2023-01-11,META,0.0,0.0081,0.9919,1,-0.008,0.0056,0.0081
2023-01-12,AAPL,0.0,0.0,1.0,1,-0.0,0.1739,0.0
2023-01-12,JPM,0.0,0.0,1.0,1,-0.0,0.1366,0.0
2023-01-12,TSLA,0.0001,0.242,0.7579,1,-0.2419,0.0003,0.2421
2023-01-13,JPM,0.6667,0.0002,0.3331,3,0.6665,0.9997,0.6669
2023-01-14,AMZN,0.0,0.0005,0.9994,1,-0.0005,0.0792,0.0006
2023-01-15,GOOGL,0.0004,0.0011,0.9986,1,-0.0007,0.2576,0.0014
2023-01-16,BRK-B,0.0,0.0004,0.9996,1,-0.0003,0.1087,0.0004
2023-01-16,META,0.0,0.0004,0.9996,1,-0.0003,0.1087,0.0004
2023-01-17,AMZN,0.0,0.002,0.9979,1,-0.002,0.014,0.0021
2023-01-17,JPM,0.0064,0.9552,0.0384,1,-0.9488,0.0067,0.9616
2023-01-17,MSFT,0.0,0.0,1.0,1,-0.0,0.0893,0.0
2023-01-17,UNH,0.9868,0.0003,0.0129,1,0.9864,0.9997,0.9871
2023-01-18,AMZN,0.0,0.0011,0.9988,3,-0.0011,0.0183,0.0012
2023-01-18,GOOGL,0.0001,0.0,0.9999,1,0.0001,0.9768,0.0001
2023-01-19,JPM,0.0,0.0002,0.9998,1,-0.0002,0.0006,0.0002
2023-01-20,AMZN,0.0,0.0,1.0,1,-0.0,0.0553,0.0
2023-01-20,GOOGL,0.0,0.0,1.0,2,-0.0,0.0504,0.0
2023-01-20,META,0.0,0.0,1.0,1,-0.0,0.0553,0.0
2023-01-21,AMZN,0.0004,0.3444,0.6551,1,-0.344,0.0013,0.3449
2023-01-21,GOOGL,0.0774,0.0009,0.9217,1,0.0765,0.9888,0.0783
2023-01-23,AAPL,0.0,0.0001,0.9999,1,-0.0001,0.0028,0.0001
2023-01-23,JPM,0.5216,0.001,0.4774,2,0.5207,0.9982,0.5226
2023-01-23,TSLA,0.0015,0.0001,0.9984,1,0.0014,0.9222,0.0016
2023-01-24,AAPL,0.0,0.0,1.0,1,0.0,0.7683,0.0
2023-01-24,AMZN,0.0,0.0004,0.9995,1,-0.0004,0.0934,0.0005
2023-01-24,JPM,0.4797,0.0,0.5203,2,0.4797,0.9999,0.4797
2023-01-25,AMZN,1.0,0.0,0.0,1,1.0,1.0,1.0
2023-01-25,TSLA,0.6296,0.0001,0.3703,2,0.6295,0.9999,0.6297
2023-01-26,JPM,0.0,0.4986,0.5014,2,-0.4986,0.0,0.4986
2023-01-27,AMZN,0.0006,0.0012,0.9982,1,-0.0007,0.3127,0.0018
2023-01-27,BRK-B,0.0001,0.0008,0.9992,1,-0.0007,0.0863,0.0008
2023-01-28,JPM,1.0,0.0,0.0,1,1.0,1.0,1.0
2023-01-30,AAPL,0.0006,0.0,0.9994,1,0.0006,0.9955,0.0006
2023-01-30,AMZN,0.0003,0.4942,0.5055,2,-0.4939,0.0006,0.4945
2023-01-30,META,0.0003,0.4942,0.5055,2,-0.4939,0.0006,0.4945
2023-01-31,AAPL,0.9999,0.0,0.0001,1,0.9999,1.0,0.9999
2023-01-31,AMZN,0.0001,0.4999,0.5,2,-0.4998,0.0002,0.5
2023-01-31,JPM,0.9999,0.0,0.0001,1,0.9999,1.0,0.9999
2023-01-31,TSLA,0.9875,0.0011,0.0114,1,0.9864,0.9989,0.9886
2023-02-01,AMZN,0.0006,0.9993,0.0,1,-0.9987,0.0006,1.0
2023-02-01,GOOGL,0.0133,0.0026,0.9841,1,0.0106,0.8342,0.0159
2023-02-01,META,0.256,0.1357,0.6084,4,0.1203,0.6536,0.3916
2023-02-01,MSFT,0.0005,0.0279,0.9717,1,-0.0274,0.0161,0.0283
2023-02-01,TSLA,0.0003,0.9996,0.0001,1,-0.9992,0.0003,0.9999
2023-02-02,AAPL,0.5,0.5,0.0,2,-0.0,0.5,1.0
2023-02-02,AMZN,0.428,0.4208,0.1511,7,0.0072,0.5042,0.8489
2023-02-02,GOOGL,0.5,0.5,0.0,2,0.0,0.5,1.0
2023-02-02,META,0.9989,0.0002,0.0009,4,0.9987,0.9998,0.9991
2023-02-02,MSFT,0.0,0.0001,0.9999,1,-0.0,0.2351,0.0001
2023-02-02,TSLA,0.9998,0.0,0.0002,1,0.9998,1.0,0.9998
2023-02-03,META,0.0617,0.3062,0.632,1,-0.2445,0.1678,0.368
2023-02-03,UNH,0.0,0.0006,0.9993,1,-0.0006,0.0346,0.0007
2023-02-04,AMZN,0.0005,0.985,0.0145,1,-0.9845,0.0005,0.9855
2023-02-06,AAPL,0.0,0.0,1.0,1,-0.0,0.0735,0.0
2023-02-06,AMZN,0.0026,0.0277,0.9697,1,-0.0251,0.0854,0.0303
2023-02-06,JPM,0.0,0.0002,0.9998,1,-0.0001,0.0683,0.0002
2023-02-07,MSFT,0.0,0.0,1.0,1,0.0,0.7055,0.0
2023-02-07,UNH,0.0,1.0,0.0,1,-1.0,0.0,1.0
2023-02-08,AAPL,1.0,0.0,0.0,1,1.0,1.0,1.0
2023-02-08,GOOGL,0.0002,0.5025,0.4973,5,-0.5023,0.0003,0.5027
2023-02-08,MSFT,0.4999,0.0001,0.5001,2,0.4998,0.9999,0.4999
2023-02-08,TSLA,1.0,0.0,0.0,1,1.0,1.0,1.0
2023-02-09,AAPL,0.0,1.0,0.0,1,-1.0,0.0,1.0
2023-02-09,TSLA,0.9918,0.0,0.0082,1,0.9918,1.0,0.9918
2023-02-10,AAPL,0.0029,0.0003,0.9968,1,0.0026,0.9019,0.0032
2023-02-10,GOOGL,0.0,0.9939,0.0061,1,-0.9939,0.0,0.9939
2023-02-10,META,0.0088,0.0001,0.9912,1,0.0087,0.9905,0.0088
2023-02-10,MSFT,1.0,0.0,0.0,1,1.0,1.0,1.0
2023-02-10,TSLA,0.5643,0.0002,0.4355,1,0.564,0.9996,0.5645
2023-02-10,UNH,1.0,0.0,0.0,1,1.0,1.0,1.0
2023-02-11,MSFT,0.9995,0.0,0.0005,2,0.9995,1.0,0.9995
2023-02-12,TSLA,0.5,0.0,0.5,2,0.4999,0.9999,0.5
2023-02-14,AMZN,0.0,0.0008,0.9992,1,-0.0008,0.0195,0.0008
2023-02-14,TSLA,0.0001,0.0003,0.9996,1,-0.0002,0.2722,0.0004
2023-02-15,AMZN,0.0004,0.9955,0.004,1,-0.9951,0.0004,0.996
2023-02-15,GOOGL,0.0,0.0029,0.9971,2,-0.0029,0.0025,0.0029
2023-02-15,JPM,0.0,0.9946,0.0054,1,-0.9945,0.0,0.9946
2023-02-15,MSFT,0.0,0.0001,0.9999,2,-0.0001,0.0216,0.0001
2023-02-15,TSLA,0.2499,0.0001,0.7499,4,0.2498,0.9995,0.2501
2023-02-16,AMZN,0.5726,0.0032,0.4241,1,0.5694,0.9944,0.5759
2023-02-16,GOOGL,0.5726,0.0032,0.4241,1,0.5694,0.9944,0.5759
2023-02-16,JPM,0.9926,0.0004,0.007,1,0.9922,0.9996,0.993
2023-02-16,MSFT,0.5726,0.0032,0.4241,1,0.5694,0.9944,0.5759
2023-02-17,BRK-B,0.0,0.0002,0.9998,1,-0.0002,0.0057,0.0002
2023-02-17,META,0.0008,0.538,0.4612,1,-0.5372,0.0015,0.5388
2023-02-17,TSLA,0.0,0.0,1.0,1,-0.0,0.0143,0.0
2023-02-18,GOOGL,0.96,0.0027,0.0373,1,0.9574,0.9972,0.9627
2023-02-18,MSFT,0.96,0.0027,0.0373,1,0.9574,0.9972,0.9627
2023-02-18,TSLA,0.014,0.0,0.986,1,0.014,0.9989,0.014
2023-02-19,AAPL,0.9919,0.0,0.0081,1,0.9918,1.0,0.9919
2023-02-20,AAPL,0.0,0.0,1.0,1,-0.0,0.0167,0.0
2023-02-21,AMZN,0.0,0.0002,0.9998,1,-0.0002,0.0473,0.0002
2023-02-22,GOOGL,0.0,0.0031,0.9969,1,-0.0031,0.0018,0.0031
2023-02-23,JPM,0.3257,0.0008,0.6735,1,0.325,0.9976,0.3265
2023-02-23,TSLA,1.0,0.0,0.0,1,1.0,1.0,1.0
2023-02-24,JPM,0.0013,0.0,0.9987,1,0.0013,0.9996,0.0013
2023-02-24,TSLA,0.0,0.0012,0.9988,2,-0.0012,0.0186,0.0012
2023-02-25,AAPL,0.0,0.0004,0.9996,1,-0.0004,0.0209,0.0004
2023-02-25,AMZN,1.0,0.0,0.0,1,1.0,1.0,1.0
2023-02-25,BRK-B,0.0,0.5001,0.4999,2,-0.5001,0.0,0.5001
2023-02-25,MSFT,0.0,0.0004,0.9996,1,-0.0004,0.0209,0.0004
2023-02-25,TSLA,0.9953,0.0,0.0047,1,0.9953,1.0,0.9953
2023-02-26,AMZN,0.0066,0.0001,0.9933,2,0.0065,0.985,0.0067
2023-02-26,BRK-B,0.7646,0.0019,0.2335,1,0.7627,0.9975,0.7665
2023-02-27,AMZN,0.0,0.3312,0.6688,3,-0.3311,0.0001,0.3312
2023-02-27,META,0.4721,0.4967,0.0312,2,-0.0247,0.4873,0.9688
2023-02-27,MSFT,0.0001,0.4967,0.5032,2,-0.4967,0.0001,0.4968
2023-02-28,AAPL,0.5,0.5,0.0,2,0.0,0.5,1.0
2023-02-28,BRK-B,0.0212,0.0009,0.9779,2,0.0203,0.9586,0.0221
2023-02-28,TSLA,0.0,0.0,1.0,1,-0.0,0.2576,0.0
2023-03-01,META,0.0132,0.8774,0.1093,1,-0.8642,0.0149,0.8907
2023-03-01,TSLA,0.0,0.9963,0.0037,1,-0.9963,0.0,0.9963
2023-03-02,AMZN,0.0,0.0934,0.9066,2,-0.0934,0.0001,0.0934
2023-03-02,GOOGL,0.0,0.1581,0.8419,1,-0.1581,0.0,0.1581
2023-03-02,TSLA,0.0,1.0,0.0,1,-1.0,0.0,1.0
2023-03-06,BRK-B,0.0,0.0001,0.9999,1,-0.0001,0.0226,0.0001
2023-03-06,GOOGL,0.9907,0.0,0.0093,1,0.9907,1.0,0.9907
2023-03-06,JPM,0.0203,0.3122,0.6675,2,-0.2919,0.0609,0.3325
2023-03-06,TSLA,0.4999,0.0,0.5001,2,0.4999,0.9999,0.4999
2023-03-07,META,0.0114,0.6214,0.3672,1,-0.61,0.0181,0.6328
2023-03-08,AAPL,1.0,0.0,0.0,1,1.0,1.0,1.0
2023-03-08,AMZN,0.0,0.0008,0.9992,1,-0.0007,0.0036,0.0008
2023-03-09,AAPL,0.0,0.0,1.0,1,-0.0,0.0124,0.0
2023-03-09,AMZN,0.5,0.0,0.5,2,0.4999,0.9999,0.5
2023-03-11,META,0.0,0.0,1.0,1,-0.0,0.0358,0.0
2023-03-14,META,0.0014,0.0119,0.9867,2,-0.0105,0.108,0.0133
2023-03-16,BRK-B,0.9965,0.0,0.0035,1,0.9965,1.0,0.9965
2023-03-16,TSLA,0.0,0.0,1.0,1,-0.0,0.0419,0.0
2023-03-17,AAPL,0.0006,0.9975,0.0019,1,-0.9968,0.0006,0.9981
2023-03-17,GOOGL,0.0,0.0007,0.9993,2,-0.0007,0.0352,0.0007
2023-03-17,MSFT,0.0,0.0,1.0,1,-0.0,0.0135,0.0
2023-03-18,AMZN,0.4998,0.0,0.5002,2,0.4998,1.0,0.4998
2023-03-18,JPM,0.5443,0.0157,0.4401,1,0.5286,0.972,0.5599
2023-03-18,MSFT,0.9996,0.0,0.0004,1,0.9996,1.0,0.9996
2023-03-19,AAPL,0.0,0.0,1.0,1,-0.0,0.0181,0.0
2023-03-19,BRK-B,0.333,0.0005,0.6664,3,0.3325,0.9984,0.3336
2023-03-20,AMZN,0.0104,0.0144,0.9752,3,-0.004,0.4189,0.0248
2023-03-20,JPM,0.0175,0.0001,0.9824,2,0.0173,0.9924,0.0176
2023-03-20,META,0.0,0.4999,0.5,2,-0.4999,0.0001,0.5
2023-03-21,AAPL,0.0,0.9726,0.0274,1,-0.9725,0.0,0.9726
2023-03-21,BRK-B,0.0196,0.0047,0.9757,1,0.0149,0.8067,0.0243
2023-03-21,GOOGL,0.0009,0.8039,0.1953,1,-0.803,0.0011,0.8047
2023-03-21,JPM,0.0001,0.0024,0.9976,2,-0.0023,0.0216,0.0024
2023-03-21,META,0.0001,0.9832,0.0167,2,-0.9831,0.0001,0.9833
2023-03-21,MSFT,0.0,0.9726,0.0274,1,-0.9725,0.0,0.9726
2023-03-22,AAPL,0.0,0.0,1.0,1,0.0,0.8812,0.0
2023-03-22,BRK-B,0.0,0.0,0.9999,1,0.0,0.7067,0.0001
2023-03-22,GOOGL,0.0,0.0,1.0,1,0.0,0.878,0.0
2023-03-22,JPM,0.0,0.0,1.0,1,0.0,0.5405,0.0
2023-03-22,META,0.0001,0.0,0.9998,1,0.0001,0.8953,0.0002
2023-03-22,TSLA,0.2206,0.0048,0.7747,2,0.2158,0.9789,0.2253
2023-03-23,META,0.9763,0.0,0.0237,1,0.9762,1.0,0.9763
2023-03-24,AAPL,1.0,0.0,0.0,1,1.0,1.0,1.0
2023-03-24,AMZN,0.0,0.0,1.0,1,-0.0,0.0466,0.0
2023-03-24,MSFT,1.0,0.0,0.0,1,1.0,1.0,1.0
2023-03-24,TSLA,1.0,0.0,0.0,1,1.0,1.0,1.0
2023-03-26,JPM,0.9716,0.0012,0.0272,1,0.9704,0.9988,0.9728
2023-03-27,AAPL,0.0,0.0001,0.9999,1,-0.0001,0.0727,0.0001
2023-03-27,AMZN,0.0,0.0011,0.9989,1,-0.0011,0.0077,0.0011
2023-03-27,JPM,0.0,0.9998,0.0002,1,-0.9998,0.0,0.9998
2023-03-27,MSFT,0.0,0.0001,0.9999,1,-0.0001,0.0727,0.0001
2023-03-28,AMZN,0.0084,0.4646,0.527,2,-0.4563,0.0177,0.473
2023-03-28,JPM,0.0,0.0001,0.9999,1,-0.0001,0.0716,0.0001
2023-03-29,AMZN,0.0,0.051,0.949,1,-0.051,0.0004,0.051
2023-03-29,META,0.5102,0.4741,0.0157,2,0.0361,0.5183,0.9843
2023-03-30,META,0.0005,0.9966,0.0029,1,-0.9961,0.0005,0.9971
2023-03-31,BRK-B,0.0,0.0003,0.9997,1,-0.0002,0.0716,0.0003
2023-03-31,JPM,0.0001,0.0736,0.9263,1,-0.0735,0.0019,0.0737
2023-03-31,META,0.5,0.0001,0.4999,2,0.4999,0.9997,0.5001
2023-03-31,MSFT,0.0,0.0003,0.9997,1,-0.0002,0.0716,0.0003
2023-04-02,AMZN,0.0,0.0,1.0,1,-0.0,0.1118,0.0
2023-04-02,META,0.1967,0.1265,0.6767,2,0.0702,0.6086,0.3233
2023-04-02,TSLA,0.0,0.0,1.0,1,-0.0,0.1118,0.0
2023-04-03,AAPL,0.0,0.9999,0.0001,1,-0.9999,0.0,0.9999
2023-04-03,BRK-B,0.0252,0.896,0.0789,1,-0.8708,0.0273,0.9211
2023-04-04,GOOGL,0.0004,0.0116,0.988,1,-0.0112,0.0326,0.012
2023-04-04,JPM,0.0,0.2726,0.7273,3,-0.2726,0.0001,0.2727
2023-04-04,META,0.0,0.0,0.9999,1,-0.0,0.3858,0.0001
2023-04-05,AAPL,1.0,0.0,0.0,1,1.0,1.0,1.0
2023-04-05,AMZN,0.9974,0.0001,0.0025,1,0.9974,0.9999,0.9975
2023-04-05,MSFT,0.9974,0.0001,0.0025,1,0.9974,0.9999,0.9975
2023-04-06,AAPL,0.002,0.0293,0.9686,1,-0.0273,0.0651,0.0314
2023-04-06,AMZN,0.0002,0.9996,0.0002,1,-0.9993,0.0002,0.9998
2023-04-06,JPM,0.02,0.0002,0.9798,1,0.0197,0.9883,0.0202
2023-04-06,META,0.0002,0.0003,0.9995,1,-0.0002,0.316,0.0005
2023-04-07,GOOGL,1.0,0.0,0.0,1,1.0,1.0,1.0
2023-04-10,BRK-B,0.0402,0.8263,0.1335,1,-0.786,0.0464,0.8665
2023-04-13,AMZN,0.0007,0.2128,0.7865,5,-0.2121,0.0032,0.2135
2023-04-13,BRK-B,0.0,0.0001,0.9999,2,-0.0001,0.1826,0.0001
2023-04-13,JPM,0.9591,0.0072,0.0337,1,0.952,0.9926,0.9663
2023-04-14,BRK-B,0.713,0.0003,0.2867,1,0.7127,0.9996,0.7133
2023-04-14,JPM,0.9998,0.0,0.0001,3,0.9998,1.0,0.9999
2023-04-14,UNH,0.1536,0.8446,0.0019,2,-0.691,0.1539,0.9981
2023-04-17,AAPL,0.0025,0.0791,0.9184,1,-0.0765,0.0309,0.0816
2023-04-17,GOOGL,0.0,0.0001,0.9999,1,-0.0001,0.0276,0.0001
2023-04-17,TSLA,0.203,0.3652,0.4318,1,-0.1622,0.3572,0.5682
2023-04-18,AMZN,0.0,0.0001,0.9999,1,-0.0001,0.0065,0.0001
2023-04-18,BRK-B,0.0,0.0,1.0,1,-0.0,0.17,0.0
2023-04-19,TSLA,0.0009,0.9991,0.0,1,-0.9982,0.0009,1.0
2023-04-20,MSFT,0.0003,0.0,0.9997,1,0.0002,0.9141,0.0003
2023-04-20,TSLA,0.0494,0.0023,0.9484,2,0.0471,0.9561,0.0516
2023-04-21,GOOGL,0.0,0.0,1.0,1,-0.0,0.2878,0.0
2023-04-22,BRK-B,0.4735,0.0042,0.5223,1,0.4693,0.9913,0.4777
2023-04-22,GOOGL,0.0,0.0,1.0,1,0.0,0.5873,0.0
2023-04-24,GOOGL,0.0001,0.0,0.9999,1,0.0001,0.9175,0.0001
2023-04-25,GOOGL,0.0005,0.0,0.9995,1,0.0005,0.9865,0.0005
2023-04-25,JPM,1.0,0.0,0.0,1,1.0,1.0,1.0
2023-04-26,META,0.4999,0.5,0.0001,2,-0.0001,0.4999,0.9999
2023-04-26,MSFT,0.9968,0.0002,0.003,2,0.9966,0.9998,0.997
2023-04-26,TSLA,0.0,1.0,0.0,1,-1.0,0.0,1.0
2023-04-27,META,0.4731,0.0005,0.5264,2,0.4727,0.999,0.4736
2023-04-28,AAPL,1.0,0.0,0.0,1,1.0,1.0,1.0
2023-04-28,META,0.5,0.0009,0.4991,2,0.4991,0.9983,0.5009
2023-04-28,MSFT,1.0,0.0,0.0,2,1.0,1.0,1.0
2023-05-01,JPM,0.1401,0.2832,0.5767,7,-0.1431,0.331,0.4233
2023-05-01,MSFT,0.9929,0.0002,0.007,1,0.9927,0.9998,0.993
2023-05-03,GOOGL,0.0,1.0,0.0,1,-1.0,0.0,1.0
2023-05-04,AMZN,0.5009,0.0481,0.4511,2,0.4528,0.9124,0.5489
2023-05-04,BRK-B,0.9374,0.0083,0.0543,1,0.9291,0.9912,0.9457
2023-05-04,GOOGL,0.0002,0.1978,0.802,1,-0.1977,0.0009,0.198
2023-05-04,JPM,0.0001,0.2184,0.7815,3,-0.2183,0.0005,0.2185
2023-05-04,MSFT,0.3604,0.0001,0.6396,1,0.3603,0.9998,0.3604
2023-05-05,BRK-B,0.0799,0.0004,0.9197,1,0.0795,0.995,0.0803
2023-05-05,JPM,0.0001,0.0001,0.9998,1,0.0001,0.6535,0.0002
2023-05-05,TSLA,0.9984,0.0,0.0015,1,0.9984,1.0,0.9985
2023-05-06,AAPL,0.0334,0.0,0.9666,1,0.0334,0.9996,0.0334
2023-05-06,AMZN,0.1546,0.0008,0.8446,1,0.1538,0.9949,0.1554
2023-05-06,BRK-B,0.5,0.0,0.5,2,0.5,1.0,0.5
2023-05-08,BRK-B,0.3333,0.0002,0.6665,3,0.333,0.9993,0.3335
2023-05-09,AAPL,0.0018,0.0075,0.9907,1,-0.0057,0.1931,0.0093
2023-05-09,BRK-B,0.0018,0.0075,0.9907,1,-0.0057,0.1931,0.0093
2023-05-09,TSLA,0.9798,0.0004,0.0198,1,0.9794,0.9996,0.9802
2023-05-10,GOOGL,0.0066,0.0037,0.9897,1,0.0028,0.6371,0.0103
2023-05-11,AAPL,0.0001,0.0,0.9999,1,0.0001,0.9098,0.0001
2023-05-11,BRK-B,0.0,0.0001,0.9999,1,-0.0001,0.012,0.0001
2023-05-11,JPM,0.0,0.0,1.0,1,-0.0,0.1305,0.0
2023-05-11,META,0.0006,0.0001,0.9993,1,0.0006,0.8998,0.0007
2023-05-12,MSFT,0.0,0.0,1.0,1,-0.0,0.2595,0.0
2023-05-15,GOOGL,0.0,0.0,1.0,1,-0.0,0.1534,0.0
2023-05-15,UNH,0.0,0.0,1.0,1,-0.0,0.402,0.0
2023-05-16,BRK-B,0.0,0.0229,0.9771,2,-0.0229,0.0017,0.0229
2023-05-16,TSLA,0.0,0.023,0.977,2,-0.0229,0.0019,0.023
2023-05-17,JPM,0.0,0.0001,0.9999,1,-0.0001,0.0157,0.0001
2023-05-17,TSLA,0.0225,0.0891,0.8884,1,-0.0666,0.2017,0.1116
2023-05-18,AMZN,0.0005,0.0001,0.9994,1,0.0004,0.8896,0.0006
2023-05-18,GOOGL,0.0005,0.0001,0.9994,1,0.0004,0.8896,0.0006
2023-05-18,META,0.0,0.0,1.0,1,-0.0,0.0092,0.0
2023-05-19,AMZN,0.0433,0.0035,0.9532,2,0.0397,0.9245,0.0468
2023-05-19,MSFT,0.0865,0.0071,0.9064,1,0.0795,0.9245,0.0936
2023-05-19,TSLA,0.0,0.0,1.0,1,-0.0,0.045,0.0
2023-05-19,UNH,0.004,0.0,0.9959,1,0.004,0.9971,0.0041
2023-05-20,GOOGL,0.0001,0.0001,0.9998,1,-0.0,0.407,0.0002
2023-05-20,UNH,1.0,0.0,0.0,1,1.0,1.0,1.0
2023-05-22,AMZN,0.0,0.0246,0.9754,1,-0.0246,0.0008,0.0246
2023-05-22,JPM,0.9999,0.0,0.0001,1,0.9999,1.0,0.9999
2023-05-22,META,0.0,0.0246,0.9754,1,-0.0246,0.0008,0.0246
2023-05-22,MSFT,0.0,0.0246,0.9754,1,-0.0246,0.0008,0.0246
2023-05-23,META,0.0,0.999,0.001,1,-0.999,0.0,0.999
2023-05-24,AMZN,0.3412,0.0003,0.6586,3,0.3409,0.9992,0.3414
2023-05-24,JPM,0.0003,0.595,0.4047,1,-0.5947,0.0004,0.5953
2023-05-24,META,0.3412,0.0003,0.6585,3,0.3409,0.9992,0.3415
2023-05-24,MSFT,0.0,0.4149,0.5851,2,-0.4149,0.0001,0.4149
2023-05-25,JPM,0.0,0.0,1.0,1,0.0,0.7654,0.0
2023-05-25,META,0.0,0.0001,0.9999,1,-0.0001,0.1215,0.0001
2023-05-26,AAPL,0.0,0.0,1.0,1,-0.0,0.0045,0.0
2023-05-26,AMZN,0.0,0.0,1.0,1,-0.0,0.0045,0.0
2023-05-26,META,0.0001,0.3716,0.6283,1,-0.3716,0.0002,0.3717
2023-05-27,META,0.9995,0.0,0.0005,1,0.9995,1.0,0.9995
2023-05-29,AMZN,0.0007,0.0003,0.999,1,0.0004,0.6953,0.001
2023-05-29,META,0.0007,0.0003,0.999,1,0.0004,0.6953,0.001
2023-05-30,MSFT,0.0,0.0001,0.9999,1,-0.0001,0.1914,0.0001
2023-05-31,TSLA,0.3004,0.5034,0.1962,1,-0.2031,0.3737,0.8038
2023-06-01,JPM,0.0043,0.0003,0.9954,1,0.004,0.9325,0.0046
2023-06-01,META,0.1618,0.0058,0.8325,3,0.156,0.9656,0.1675
2023-06-01,MSFT,0.1284,0.0,0.8716,1,0.1284,0.9998,0.1284
2023-06-01,TSLA,1.0,0.0,0.0,1,1.0,1.0,1.0
2023-06-02,AAPL,0.0,0.0,1.0,1,-0.0,0.0385,0.0
2023-06-02,AMZN,0.0,0.0,1.0,1,-0.0,0.0419,0.0
2023-06-02,BRK-B,0.0,0.0,1.0,1,-0.0,0.0385,0.0
2023-06-02,GOOGL,0.0871,0.0002,0.9126,1,0.0869,0.9972,0.0874
2023-06-02,JPM,0.6252,0.2529,0.1219,1,0.3723,0.712,0.8781
2023-06-02,MSFT,0.0001,0.0001,0.9999,1,-0.0,0.3952,0.0001
2023-06-02,TSLA,0.4962,0.0005,0.5033,2,0.4957,0.9989,0.4967
2023-06-03,BRK-B,0.0,0.0001,0.9999,1,-0.0001,0.0618,0.0001
2023-06-04,TSLA,0.0131,0.0073,0.9796,1,0.0058,0.6412,0.0204
2023-06-05,BRK-B,0.9869,0.0001,0.013,1,0.9869,0.9999,0.987
2023-06-05,META,0.0004,0.0016,0.9979,1,-0.0012,0.2082,0.0021
2023-06-06,AAPL,0.0,0.9763,0.0237,1,-0.9763,0.0,0.9763
2023-06-06,BRK-B,0.0,0.0002,0.9998,2,-0.0002,0.0033,0.0002
2023-06-06,MSFT,1.0,0.0,0.0,1,1.0,1.0,1.0
2023-06-06,TSLA,0.0,0.0,1.0,1,-0.0,0.0539,0.0
2023-06-07,AAPL,0.4998,0.2878,0.2124,2,0.2119,0.6346,0.7876
2023-06-07,AMZN,0.2714,0.0009,0.7276,2,0.2705,0.9967,0.2724
2023-06-07,GOOGL,0.0,0.0504,0.9496,1,-0.0504,0.0001,0.0504
2023-06-07,META,0.0024,0.0,0.9976,1,0.0024,0.9901,0.0024
2023-06-07,TSLA,1.0,0.0,0.0,1,1.0,1.0,1.0
2023-06-08,AAPL,0.0002,0.0,0.9998,1,0.0002,0.9217,0.0002
2023-06-08,AMZN,0.0007,0.0324,0.967,2,-0.0317,0.0197,0.033
2023-06-08,MSFT,1.0,0.0,0.0,1,1.0,1.0,1.0
2023-06-08,TSLA,0.0002,0.0,0.9998,1,0.0002,0.9217,0.0002
2023-06-09,AMZN,0.6557,0.0001,0.3442,3,0.6557,0.9999,0.6558
2023-06-09,JPM,0.0,0.9253,0.0746,1,-0.9253,0.0,0.9254
2023-06-09,META,0.0,0.0001,0.9999,1,-0.0001,0.1334,0.0001
2023-06-10,AAPL,0.0,0.0,1.0,1,-0.0,0.0263,0.0
2023-06-10,MSFT,0.0,0.0,1.0,2,-0.0,0.1697,0.0
2023-06-10,TSLA,0.0,0.0,1.0,1,-0.0,0.0263,0.0
2023-06-11,TSLA,0.0,0.0013,0.9987,1,-0.0013,0.0089,0.0013
2023-06-12,AAPL,1.0,0.0,0.0,1,1.0,1.0,1.0
2023-06-12,AMZN,0.0,0.0009,0.9991,1,-0.0009,0.0388,0.0009
2023-06-12,MSFT,1.0,0.0,0.0,1,1.0,1.0,1.0
2023-06-13,BRK-B,0.0002,0.0012,0.9985,1,-0.001,0.1676,0.0015
2023-06-13,GOOGL,0.001,0.6189,0.3801,1,-0.6179,0.0016,0.6199
2023-06-13,META,0.0,0.0,1.0,1,-0.0,0.0581,0.0
2023-06-13,MSFT,0.0,0.0001,0.9999,1,-0.0001,0.023,0.0001
2023-06-13,TSLA,0.973,0.0001,0.0269,2,0.9728,0.9999,0.9731
2023-06-14,AAPL,0.0001,0.0,0.9999,1,0.0001,0.87,0.0001
2023-06-14,AMZN,0.0001,0.0,0.9999,1,0.0001,0.87,0.0001
2023-06-14,MSFT,0.0001,0.0,0.9999,1,0.0001,0.87,0.0001
2023-06-14,TSLA,0.0001,0.0,0.9999,2,0.0,0.8441,0.0001
2023-06-14,UNH,0.0087,0.9891,0.0022,1,-0.9805,0.0087,0.9978
2023-06-15,AMZN,0.0,0.0,1.0,1,-0.0,0.0213,0.0
2023-06-15,JPM,0.2733,0.2414,0.4853,2,0.0319,0.531,0.5147
2023-06-15,META,0.0,0.0,1.0,1,-0.0,0.0295,0.0
2023-06-15,MSFT,0.9998,0.0,0.0002,1,0.9998,1.0,0.9998
2023-06-16,AMZN,0.0,0.0,0.9999,1,-0.0,0.2061,0.0001
2023-06-16,TSLA,1.0,0.0,0.0,1,1.0,1.0,1.0
2023-06-17,AAPL,0.0,0.0001,0.9999,1,-0.0,0.1886,0.0001
2023-06-17,TSLA,0.0006,0.2547,0.7446,1,-0.2541,0.0025,0.2554
2023-06-18,AMZN,0.0008,0.0,0.9992,1,0.0007,0.9463,0.0008
2023-06-18,BRK-B,0.0,0.0,1.0,1,-0.0,0.4883,0.0
2023-06-19,BRK-B,0.0,0.0,1.0,2,-0.0,0.0242,0.0
2023-06-19,TSLA,0.0,0.0,1.0,1,-0.0,0.0615,0.0
2023-06-20,AMZN,0.9999,0.0,0.0001,1,0.9999,1.0,0.9999
2023-06-21,BRK-B,0.0,0.0,1.0,1,-0.0,0.0075,0.0
2023-06-21,META,0.0003,0.0332,0.9665,3,-0.0329,0.0096,0.0335
2023-06-21,MSFT,0.5004,0.0006,0.499,2,0.4999,0.9989,0.501
2023-06-21,TSLA,0.0033,0.915,0.0817,1,-0.9116,0.0036,0.9183
2023-06-22,AAPL,0.0489,0.0012,0.9498,1,0.0477,0.9754,0.0502
2023-06-22,AMZN,0.9996,0.0,0.0004,1,0.9996,1.0,0.9996
2023-06-22,BRK-B,0.0,0.0,0.9999,2,0.0,0.8,0.0001
2023-06-22,JPM,0.0,0.1836,0.8164,1,-0.1835,0.0001,0.1836
2023-06-22,META,0.3011,0.0003,0.6986,1,0.3008,0.9989,0.3014
2023-06-22,TSLA,0.0,0.0,1.0,1,-0.0,0.0046,0.0
2023-06-23,AAPL,0.0003,0.0568,0.9429,2,-0.0565,0.0051,0.0571
2023-06-23,AMZN,0.0616,0.8856,0.0527,1,-0.824,0.0651,0.9473
2023-06-23,BRK-B,0.0,0.0,1.0,1,-0.0,0.033,0.0
2023-06-23,GOOGL,0.0006,0.1137,0.8858,1,-0.1131,0.0051,0.1142
2023-06-23,META,0.0006,0.1137,0.8858,1,-0.1131,0.0051,0.1142
2023-06-23,MSFT,0.0,0.0,1.0,1,-0.0,0.0244,0.0
2023-06-23,TSLA,0.0002,0.0006,0.9992,2,-0.0003,0.3044,0.0008
2023-06-24,MSFT,0.0,0.0,1.0,1,0.0,0.6526,0.0
2023-06-25,AAPL,0.0081,0.0001,0.9918,1,0.0081,0.9892,0.0082
2023-06-25,AMZN,0.0081,0.0001,0.9918,1,0.0081,0.9892,0.0082
2023-06-25,BRK-B,0.0,0.0,1.0,1,-0.0,0.0153,0.0
2023-06-25,GOOGL,0.0081,0.0001,0.9918,1,0.0081,0.9892,0.0082
2023-06-25,MSFT,0.0081,0.0001,0.9918,1,0.0081,0.9892,0.0082
2023-06-25,TSLA,0.0081,0.0001,0.9918,1,0.0081,0.9892,0.0082
2023-06-26,AAPL,0.0,0.0,1.0,1,-0.0,0.2121,0.0
2023-06-26,BRK-B,0.0,0.9994,0.0005,1,-0.9994,0.0,0.9995
2023-06-26,GOOGL,0.0005,0.9989,0.0007,1,-0.9984,0.0005,0.9993
2023-06-26,META,0.3341,0.3334,0.3325,3,0.0007,0.5005,0.6675
2023-06-26,TSLA,0.0016,0.5001,0.4983,2,-0.4985,0.0031,0.5017
2023-06-26,UNH,0.0,0.0,1.0,1,-0.0,0.4463,0.0
2023-06-27,AAPL,0.0,0.0,1.0,1,-0.0,0.2641,0.0
2023-06-27,AMZN,0.0009,0.0001,0.999,2,0.0008,0.9121,0.001
2023-06-27,BRK-B,0.0019,0.0002,0.998,1,0.0017,0.9123,0.002
2023-06-27,GOOGL,0.0051,0.037,0.9579,1,-0.0319,0.1219,0.0421
2023-06-27,MSFT,1.0,0.0,0.0,1,1.0,1.0,1.0
2023-06-27,TSLA,0.5,0.0,0.5,2,0.5,1.0,0.5
2023-06-28,JPM,0.0,0.0,1.0,1,-0.0,0.1035,0.0
2023-06-28,MSFT,0.5308,0.0001,0.4691,2,0.5307,0.9998,0.5309
2023-06-29,AAPL,1.0,0.0,0.0,1,1.0,1.0,1.0
2023-06-29,AMZN,0.0,0.0,1.0,1,-0.0,0.0092,0.0
2023-06-29,GOOGL,0.0,0.0,1.0,1,-0.0,0.419,0.0
2023-06-30,AAPL,0.4963,0.1751,0.3286,4,0.3212,0.7392,0.6714
2023-06-30,AMZN,0.51,0.3499,0.1401,2,0.1601,0.5931,0.8599
2023-06-30,BRK-B,0.0001,0.0005,0.9993,1,-0.0004,0.2103,0.0007
2023-06-30,META,0.0,0.9991,0.0009,1,-0.9991,0.0,0.9991
2023-06-30,MSFT,0.0,0.0,1.0,1,0.0,0.734,0.0
2023-06-30,TSLA,0.0,0.0,1.0,1,-0.0,0.0206,0.0
2023-07-01,TSLA,0.998,0.0,0.002,1,0.998,1.0,0.998
2023-07-02,AMZN,1.0,0.0,0.0,1,1.0,1.0,1.0
2023-07-04,AMZN,0.0,0.0,1.0,1,-0.0,0.066,0.0
2023-07-04,BRK-B,0.0,0.0,1.0,1,-0.0,0.066,0.0
2023-07-04,META,0.0,0.0,1.0,1,-0.0,0.066,0.0
2023-07-04,UNH,0.0,0.0,1.0,2,-0.0,0.0281,0.0
2023-07-05,JPM,0.9683,0.0,0.0317,1,0.9683,1.0,0.9683
2023-07-05,META,0.0,0.9997,0.0003,1,-0.9997,0.0,0.9997
2023-07-05,TSLA,0.4921,0.0013,0.5067,2,0.4908,0.9974,0.4933
2023-07-05,UNH,1.0,0.0,0.0,1,1.0,1.0,1.0
2023-07-06,META,0.4983,0.001,0.5007,2,0.4974,0.9981,0.4993
2023-07-07,AMZN,0.0,0.0533,0.9466,1,-0.0533,0.0002,0.0534
2023-07-09,JPM,0.5442,0.0065,0.4493,1,0.5377,0.9882,0.5507
2023-07-10,AMZN,0.4779,0.365,0.1571,2,0.113,0.567,0.8429
2023-07-10,JPM,0.0,0.0,1.0,1,-0.0,0.0232,0.0
2023-07-11,AMZN,0.0,0.0001,0.9999,1,-0.0001,0.1707,0.0001
2023-07-11,UNH,1.0,0.0,0.0,1,1.0,1.0,1.0
2023-07-13,AMZN,1.0,0.0,0.0,1,1.0,1.0,1.0
2023-07-13,BRK-B,0.9963,0.0,0.0036,1,0.9963,1.0,0.9964
2023-07-13,GOOGL,0.0,0.0,0.9999,1,0.0,0.5255,0.0001
2023-07-13,JPM,0.0001,0.0858,0.9141,1,-0.0857,0.0007,0.0859
2023-07-13,META,0.9981,0.0,0.0019,1,0.9981,1.0,0.9981
2023-07-14,UNH,0.0,0.0,1.0,1,-0.0,0.1905,0.0
2023-07-15,BRK-B,0.0155,0.0773,0.9072,1,-0.0618,0.167,0.0928
2023-07-16,AMZN,0.0,0.0,1.0,1,-0.0,0.086,0.0
2023-07-16,JPM,0.0007,0.9857,0.0136,1,-0.985,0.0007,0.9864
2023-07-17,AMZN,0.0031,0.0004,0.9964,1,0.0027,0.8771,0.0036
2023-07-17,JPM,0.5092,0.0024,0.4884,2,0.5069,0.9953,0.5116
2023-07-18,BRK-B,0.0001,0.0001,0.9998,1,-0.0,0.4041,0.0002
2023-07-18,META,0.0028,0.0,0.9972,1,0.0027,0.9987,0.0028
2023-07-18,TSLA,0.9994,0.0,0.0006,1,0.9994,1.0,0.9994
2023-07-19,GOOGL,0.0003,0.0,0.9997,1,0.0002,0.9141,0.0003
2023-07-19,MSFT,0.0,0.0,1.0,1,0.0,0.7254,0.0
2023-07-19,TSLA,0.0,1.0,0.0,1,-1.0,0.0,1.0
2023-07-20,MSFT,0.0048,0.0,0.9952,1,0.0047,0.99,0.0048
2023-07-20,TSLA,0.5,0.0463,0.4537,2,0.4537,0.9152,0.5463
2023-07-21,META,0.9968,0.0,0.0032,1,0.9968,1.0,0.9968
2023-07-21,TSLA,0.0,1.0,0.0,1,-1.0,0.0,1.0
2023-07-22,TSLA,0.0,0.0,1.0,1,-0.0,0.0141,0.0
2023-07-23,AMZN,0.0006,0.0016,0.9978,1,-0.001,0.2785,0.0022
2023-07-25,AMZN,0.0012,0.0025,0.9963,1,-0.0013,0.3238,0.0037
2023-07-25,BRK-B,0.0,0.0,1.0,1,-0.0,0.1515,0.0
2023-07-25,MSFT,0.0,1.0,0.0,1,-1.0,0.0,1.0
2023-07-26,GOOGL,0.5365,0.0128,0.4507,1,0.5238,0.9768,0.5493
2023-07-26,META,1.0,0.0,0.0,1,1.0,1.0,1.0
2023-07-26,MSFT,0.0,0.9997,0.0002,2,-0.9997,0.0,0.9998
2023-07-27,AAPL,0.0,0.0001,0.9999,1,-0.0001,0.0873,0.0001
2023-07-27,AMZN,0.0011,0.1388,0.8601,1,-0.1377,0.0077,0.1399
2023-07-27,BRK-B,0.9981,0.0,0.0018,1,0.9981,1.0,0.9982
2023-07-27,GOOGL,0.0011,0.1388,0.8601,1,-0.1377,0.0077,0.1399
2023-07-27,META,0.0,0.0004,0.9996,1,-0.0004,0.0072,0.0004
2023-07-28,AMZN,1.0,0.0,0.0,1,1.0,1.0,1.0
2023-07-28,BRK-B,0.0,0.0,1.0,1,-0.0,0.126,0.0
2023-07-28,JPM,0.0,0.0,1.0,1,-0.0,0.126,0.0
2023-07-29,GOOGL,0.0,0.0,1.0,1,-0.0,0.2412,0.0
2023-07-29,META,0.0,0.0,1.0,1,-0.0,0.2412,0.0
2023-07-30,AAPL,0.0,0.0,1.0,1,-0.0,0.1029,0.0
2023-07-31,AMZN,0.0068,0.0031,0.9901,2,0.0037,0.6852,0.0099
2023-07-31,META,0.0134,0.0062,0.9803,1,0.0072,0.6831,0.0197
2023-07-31,MSFT,0.0134,0.0062,0.9803,1,0.0072,0.6831,0.0197
2023-07-31,TSLA,0.0134,0.0062,0.9803,1,0.0072,0.6831,0.0197
2023-08-01,GOOGL,0.0005,0.0007,0.9988,1,-0.0002,0.4118,0.0012
2023-08-01,JPM,0.1655,0.0011,0.8334,1,0.1645,0.9934,0.1666
2023-08-01,META,0.9759,0.0001,0.024,1,0.9758,0.9999,0.976
2023-08-03,AMZN,1.0,0.0,0.0,2,1.0,1.0,1.0
2023-08-06,AMZN,1.0,0.0,0.0,1,1.0,1.0,1.0
2023-08-06,BRK-B,0.0011,0.9971,0.0018,1,-0.9959,0.0011,0.9982
2023-08-07,AMZN,1.0,0.0,0.0,1,1.0,1.0,1.0
2023-08-07,JPM,0.0561,0.0009,0.943,1,0.0552,0.984,0.057
2023-08-07,TSLA,0.0,0.9996,0.0004,1,-0.9996,0.0,0.9996
2023-08-08,GOOGL,0.0,0.0,1.0,1,-0.0,0.1303,0.0
2023-08-08,JPM,0.995,0.0,0.005,2,0.995,1.0,0.995
2023-08-08,MSFT,0.0284,0.0174,0.9542,1,0.011,0.6204,0.0458
2023-08-09,MSFT,0.0,0.0001,0.9999,2,-0.0001,0.0374,0.0001
2023-08-11,AMZN,1.0,0.0,0.0,1,1.0,1.0,1.0
2023-08-11,JPM,0.0,0.0,1.0,1,-0.0,0.1561,0.0
2023-08-11,META,0.9927,0.0059,0.0015,2,0.9868,0.9941,0.9985
2023-08-14,AMZN,0.0,1.0,0.0,1,-1.0,0.0,1.0
2023-08-14,BRK-B,0.0001,0.0,0.9999,1,0.0001,0.8177,0.0001
2023-08-14,MSFT,0.0096,0.0241,0.9663,1,-0.0145,0.2849,0.0337
2023-08-15,BRK-B,0.0,0.0,1.0,1,-0.0,0.017,0.0
2023-08-15,MSFT,0.0,0.0001,0.9999,1,-0.0001,0.0585,0.0001
2023-08-16,AMZN,0.0069,0.0001,0.9931,1,0.0068,0.9925,0.0069
2023-08-16,BRK-B,0.6562,0.0695,0.2743,1,0.5867,0.9042,0.7257
2023-08-16,MSFT,0.0069,0.0001,0.9931,1,0.0068,0.9925,0.0069
2023-08-16,TSLA,0.0,0.9999,0.0,1,-0.9999,0.0,1.0
2023-08-16,UNH,0.6562,0.0695,0.2743,1,0.5867,0.9042,0.7257
2023-08-17,AMZN,0.0054,0.5708,0.4238,3,-0.5654,0.0094,0.5762
2023-08-17,GOOGL,0.0,0.0001,0.9999,1,-0.0,0.0192,0.0001
2023-08-17,UNH,0.0,0.0,1.0,1,-0.0,0.0318,0.0
2023-08-18,BRK-B,0.0,0.0,1.0,1,-0.0,0.0238,0.0
2023-08-18,GOOGL,0.0007,0.0079,0.9913,1,-0.0072,0.0854,0.0087
2023-08-18,META,0.0007,0.0079,0.9913,1,-0.0072,0.0854,0.0087
2023-08-20,BRK-B,0.0002,0.0025,0.9973,1,-0.0023,0.0693,0.0027
2023-08-20,META,0.0,0.0,1.0,1,-0.0,0.0925,0.0
2023-08-22,JPM,0.0001,0.0093,0.9906,1,-0.0093,0.0097,0.0094
2023-08-23,AAPL,0.0,0.0,1.0,2,-0.0,0.4051,0.0
2023-08-23,AMZN,1.0,0.0,0.0,1,1.0,1.0,1.0
2023-08-23,JPM,0.0,0.0,1.0,1,-0.0,0.0943,0.0
2023-08-23,META,1.0,0.0,0.0,1,1.0,1.0,1.0
2023-08-23,MSFT,0.0,0.0,1.0,1,-0.0,0.0486,0.0
2023-08-24,AAPL,0.2834,0.0006,0.716,2,0.2828,0.9979,0.284
2023-08-24,AMZN,0.5647,0.0008,0.4345,1,0.5639,0.9985,0.5655
2023-08-24,JPM,0.0021,0.0064,0.9915,1,-0.0042,0.2505,0.0085
2023-08-25,AMZN,0.0,0.9989,0.0011,1,-0.9989,0.0,0.9989
2023-08-28,AMZN,0.824,0.0129,0.1631,1,0.8112,0.9846,0.8369
2023-08-28,MSFT,1.0,0.0,0.0,1,1.0,1.0,1.0
2023-08-28,TSLA,1.0,0.0,0.0,1,1.0,1.0,1.0
2023-08-29,GOOGL,0.3359,0.0001,0.664,1,0.3357,0.9996,0.336
2023-08-30,AMZN,0.0011,0.0019,0.997,2,-0.0008,0.3737,0.003
2023-08-30,BRK-B,0.0,0.0001,0.9999,1,-0.0001,0.1349,0.0001
2023-08-30,GOOGL,0.0,0.0,1.0,1,-0.0,0.4914,0.0
2023-08-30,TSLA,0.4984,0.0015,0.5,2,0.4969,0.9969,0.5
2023-08-31,AAPL,0.5,0.0,0.5,2,0.5,1.0,0.5
2023-08-31,GOOGL,0.0,0.0,1.0,1,-0.0,0.0708,0.0
2023-08-31,MSFT,1.0,0.0,0.0,1,1.0,1.0,1.0
2023-08-31,TSLA,0.0,0.0004,0.9996,1,-0.0004,0.0042,0.0004
2023-08-31,UNH,0.9993,0.0001,0.0005,1,0.9992,0.9999,0.9995
2023-09-01,AMZN,0.0003,0.0003,0.9994,1,-0.0,0.4805,0.0006
2023-09-01,JPM,0.0,0.0006,0.9994,1,-0.0006,0.0628,0.0006
2023-09-02,MSFT,1.0,0.0,0.0,1,1.0,1.0,1.0
2023-09-04,GOOGL,1.0,0.0,0.0,1,1.0,1.0,1.0
2023-09-04,META,0.0,0.0,1.0,1,-0.0,0.143,0.0
2023-09-05,BRK-B,0.0,0.004,0.996,1,-0.004,0.0008,0.004
2023-09-05,GOOGL,0.0,0.0,1.0,1,-0.0,0.0436,0.0
2023-09-06,AMZN,0.0008,0.25,0.7492,4,-0.2493,0.003,0.2508
2023-09-06,GOOGL,0.0,0.5,0.5,2,-0.5,0.0,0.5
2023-09-06,MSFT,0.0,0.0,1.0,1,-0.0,0.0924,0.0
2023-09-07,AMZN,1.0,0.0,0.0,1,1.0,1.0,1.0
2023-09-07,JPM,0.0,0.0,1.0,1,0.0,0.5733,0.0
2023-09-07,META,0.0,0.0,1.0,1,-0.0,0.0719,0.0
2023-09-08,MSFT,0.0144,0.0002,0.9854,1,0.0142,0.9868,0.0146
2023-09-11,META,1.0,0.0,0.0,1,1.0,1.0,1.0
2023-09-12,JPM,0.0,1.0,0.0,1,-1.0,0.0,1.0
2023-09-13,AAPL,0.9978,0.0,0.0022,1,0.9978,1.0,0.9978
2023-09-13,MSFT,0.6384,0.0001,0.3615,1,0.6384,0.9999,0.6385
2023-09-14,AAPL,0.0,0.0,1.0,1,-0.0,0.1247,0.0
2023-09-14,AMZN,0.0457,0.0013,0.953,1,0.0444,0.9724,0.047
2023-09-15,AMZN,1.0,0.0,0.0,1,1.0,1.0,1.0
2023-09-15,META,0.0,0.0,1.0,1,-0.0,0.3034,0.0
2023-09-17,AMZN,0.0,0.0,1.0,1,-0.0,0.0303,0.0
2023-09-18,AAPL,0.5,0.0,0.5,2,0.5,1.0,0.5
2023-09-18,AMZN,1.0,0.0,0.0,1,1.0,1.0,1.0
2023-09-18,BRK-B,0.0003,0.9928,0.0069,1,-0.9926,0.0003,0.9931
2023-09-18,JPM,0.1452,0.1266,0.7282,1,0.0186,0.5343,0.2718
2023-09-18,META,0.1452,0.1266,0.7282,1,0.0186,0.5343,0.2718
2023-09-19,AAPL,0.0002,0.0003,0.9995,1,-0.0001,0.4345,0.0005
2023-09-19,AMZN,1.0,0.0,0.0,1,1.0,1.0,1.0
2023-09-19,BRK-B,0.0029,0.0152,0.9819,1,-0.0123,0.1601,0.0181
2023-09-19,GOOGL,0.0,0.0,1.0,1,-0.0,0.084,0.0
2023-09-19,MSFT,0.0001,0.0001,0.9998,3,-0.0,0.4198,0.0002
2023-09-20,AAPL,0.9997,0.0,0.0003,1,0.9997,1.0,0.9997
2023-09-20,AMZN,0.9997,0.0,0.0003,1,0.9997,1.0,0.9997
2023-09-20,JPM,0.0,1.0,0.0,2,-1.0,0.0,1.0
2023-09-20,UNH,0.0,0.0,1.0,1,-0.0,0.007,0.0
2023-09-21,GOOGL,0.0001,0.3857,0.6141,3,-0.3856,0.0003,0.3859
2023-09-21,JPM,0.0,0.0015,0.9985,1,-0.0015,0.0021,0.0015
2023-09-21,MSFT,0.0001,0.9998,0.0001,1,-0.9997,0.0001,0.9999
2023-09-22,MSFT,0.0,0.0001,0.9999,2,-0.0001,0.055,0.0001
2023-09-24,AAPL,0.0,0.0,1.0,1,-0.0,0.0329,0.0
2023-09-25,AMZN,0.5,0.0,0.5,2,0.5,1.0,0.5
2023-09-25,META,0.0014,0.5107,0.4879,1,-0.5093,0.0028,0.5121
2023-09-25,TSLA,0.0014,0.5107,0.4879,1,-0.5093,0.0028,0.5121
2023-09-26,AMZN,0.0114,0.099,0.8895,3,-0.0876,0.1034,0.1105
2023-09-26,GOOGL,0.0337,0.0058,0.9605,1,0.0279,0.854,0.0395
2023-09-26,JPM,0.0,0.0003,0.9997,1,-0.0003,0.0138,0.0003
2023-09-26,TSLA,0.0,0.0,1.0,1,-0.0,0.0616,0.0
2023-09-27,AMZN,0.001,0.0105,0.9886,1,-0.0095,0.0846,0.0114
2023-09-27,META,0.0,0.0,1.0,2,-0.0,0.1932,0.0
2023-09-27,MSFT,0.0,0.0,1.0,1,-0.0,0.0944,0.0
2023-09-27,TSLA,1.0,0.0,0.0,1,1.0,1.0,1.0
2023-09-28,AAPL,0.0001,0.9999,0.0,1,-0.9998,0.0001,1.0
2023-09-28,AMZN,1.0,0.0,0.0,1,0.9999,1.0,1.0
2023-09-28,GOOGL,0.9999,0.0,0.0,2,0.9999,1.0,1.0
2023-09-28,JPM,1.0,0.0,0.0,1,1.0,1.0,1.0
2023-09-29,AMZN,1.0,0.0,0.0,1,1.0,1.0,1.0
2023-09-29,JPM,0.0,0.0001,0.9999,1,-0.0001,0.0098,0.0001
2023-09-29,META,0.0495,0.3846,0.5659,2,-0.335,0.1141,0.4341
2023-09-29,MSFT,1.0,0.0,0.0,2,1.0,1.0,1.0
2023-09-30,MSFT,0.0,0.0,0.9999,1,-0.0,0.4134,0.0001
2023-10-01,MSFT,1.0,0.0,0.0,1,1.0,1.0,1.0
2023-10-02,META,0.0,0.0,1.0,1,-0.0,0.1177,0.0
2023-10-02,UNH,0.0,0.0,1.0,1,-0.0,0.141,0.0
2023-10-03,AAPL,0.0,0.0,1.0,2,-0.0,0.1053,0.0
2023-10-03,AMZN,0.0,0.0,1.0,1,-0.0,0.1216,0.0
2023-10-03,BRK-B,0.0,0.0009,0.9991,1,-0.0009,0.0195,0.0009
2023-10-03,GOOGL,0.0,0.0,1.0,1,-0.0,0.1216,0.0
2023-10-03,META,0.0,0.0,1.0,2,-0.0,0.3997,0.0
2023-10-03,MSFT,0.0,0.0001,0.9999,2,-0.0001,0.2701,0.0001
2023-10-04,AAPL,0.0,0.0,1.0,2,-0.0,0.1764,0.0
2023-10-04,AMZN,0.0,0.0,1.0,1,-0.0,0.1961,0.0
2023-10-04,GOOGL,0.2503,0.0007,0.749,4,0.2496,0.9972,0.251
2023-10-05,GOOGL,0.0,0.0,1.0,1,-0.0,0.1302,0.0
2023-10-05,UNH,0.0,0.0,1.0,1,-0.0,0.3454,0.0
2023-10-06,AAPL,0.467,0.0034,0.5296,2,0.4635,0.9927,0.4704
2023-10-06,JPM,0.0,0.0,1.0,1,-0.0,0.1488,0.0
2023-10-06,META,0.9274,0.0021,0.0705,1,0.9253,0.9977,0.9295
2023-10-06,MSFT,0.0066,0.0047,0.9887,1,0.0018,0.5808,0.0113
2023-10-08,AAPL,0.0,0.0005,0.9995,1,-0.0004,0.0014,0.0005
2023-10-08,AMZN,0.0,0.0002,0.9998,2,-0.0002,0.0016,0.0002
2023-10-09,AAPL,0.0,0.0001,0.9999,1,-0.0001,0.0374,0.0001
2023-10-09,BRK-B,0.0,0.0,1.0,1,-0.0,0.0106,0.0
2023-10-09,JPM,0.0,0.9997,0.0003,1,-0.9997,0.0,0.9997
2023-10-09,MSFT,0.0191,0.0005,0.9803,1,0.0186,0.973,0.0197
2023-10-10,BRK-B,0.0,0.0017,0.9983,1,-0.0017,0.0016,0.0017
2023-10-10,JPM,0.9873,0.0029,0.0098,1,0.9844,0.997,0.9902
2023-10-11,AAPL,1.0,0.0,0.0,2,1.0,1.0,1.0
2023-10-11,AMZN,0.9996,0.0,0.0004,1,0.9996,1.0,0.9996
2023-10-11,JPM,0.0,0.0,1.0,2,-0.0,0.1057,0.0
2023-10-11,TSLA,0.1568,0.0097,0.8335,1,0.1471,0.9418,0.1665
2023-10-13,AMZN,0.1015,0.0015,0.897,1,0.1001,0.9859,0.103
2023-10-13,BRK-B,0.9971,0.0004,0.0025,1,0.9967,0.9996,0.9975
2023-10-13,JPM,0.6089,0.0235,0.3676,1,0.5853,0.9628,0.6324
2023-10-13,MSFT,0.316,0.0002,0.6838,3,0.3158,0.9994,0.3162
2023-10-13,UNH,1.0,0.0,0.0,1,1.0,1.0,1.0
2023-10-14,AAPL,0.0029,0.0004,0.9967,1,0.0025,0.8723,0.0033
2023-10-15,AAPL,0.0,0.0,1.0,1,-0.0,0.0597,0.0
2023-10-15,AMZN,0.0,0.0,1.0,1,-0.0,0.0597,0.0
2023-10-16,AAPL,1.0,0.0,0.0,1,1.0,1.0,1.0
2023-10-16,UNH,0.0024,0.0015,0.9961,1,0.0008,0.6053,0.0039
2023-10-17,GOOGL,0.0022,0.0003,0.9975,1,0.002,0.8924,0.0025
2023-10-17,TSLA,0.0007,0.0221,0.9772,1,-0.0214,0.0312,0.0228
2023-10-18,AAPL,0.0027,0.0,0.9973,1,0.0027,0.9888,0.0027
2023-10-18,AMZN,0.0021,0.4545,0.5434,2,-0.4524,0.0046,0.4566
2023-10-18,META,0.0027,0.0,0.9973,1,0.0027,0.9888,0.0027
2023-10-18,MSFT,0.0014,0.0,0.9986,2,0.0013,0.9668,0.0014
2023-10-18,TSLA,0.4988,0.4932,0.008,2,0.0057,0.5029,0.992
2023-10-19,TSLA,0.0,0.7499,0.25,4,-0.7499,0.0,0.75
2023-10-21,AAPL,0.0,0.0,1.0,1,-0.0,0.0224,0.0
2023-10-21,AMZN,0.0,0.0,1.0,1,-0.0,0.0224,0.0
2023-10-22,TSLA,1.0,0.0,0.0,1,1.0,1.0,1.0
2023-10-23,AAPL,0.0,0.0009,0.9991,1,-0.0009,0.0081,0.0009
2023-10-23,AMZN,0.0,0.0009,0.9991,1,-0.0009,0.0081,0.0009
2023-10-23,META,0.0,0.0009,0.9991,1,-0.0009,0.0081,0.0009
2023-10-23,MSFT,0.0032,0.0015,0.9953,2,0.0018,0.6857,0.0047
2023-10-24,GOOGL,0.2335,0.4328,0.3337,3,-0.1993,0.3504,0.6663
2023-10-24,JPM,0.01,0.948,0.042,1,-0.938,0.0105,0.958
2023-10-24,MSFT,0.5002,0.0284,0.4715,2,0.4718,0.9463,0.5285
2023-10-25,AAPL,0.0,1.0,0.0,1,-1.0,0.0,1.0
2023-10-25,AMZN,0.0448,0.0001,0.9551,1,0.0447,0.9973,0.0449
2023-10-25,GOOGL,0.0967,0.3326,0.5707,1,-0.2359,0.2253,0.4293
2023-10-25,JPM,0.0,1.0,0.0,1,-1.0,0.0,1.0
2023-10-25,META,1.0,0.0,0.0,2,1.0,1.0,1.0
2023-10-25,MSFT,0.0484,0.6663,0.2853,2,-0.6179,0.0677,0.7147
2023-10-25,TSLA,0.3164,0.0307,0.6529,1,0.2857,0.9116,0.3471
2023-10-26,AMZN,0.2883,0.3866,0.3251,3,-0.0983,0.4272,0.6749
2023-10-26,JPM,1.0,0.0,0.0,1,1.0,1.0,1.0
2023-10-26,TSLA,0.0,1.0,0.0,1,-1.0,0.0,1.0
2023-10-27,AAPL,0.0,0.0035,0.9964,2,-0.0035,0.0063,0.0036
2023-10-27,AMZN,0.0688,0.0056,0.9256,2,0.0631,0.9245,0.0744
2023-10-27,GOOGL,0.0,0.0,1.0,2,0.0,0.5566,0.0
2023-10-27,JPM,0.0001,0.5025,0.4974,2,-0.5024,0.0001,0.5026
2023-10-27,MSFT,0.0,0.0,1.0,1,-0.0,0.4894,0.0
2023-10-28,GOOGL,0.0,0.9952,0.0048,1,-0.9952,0.0,0.9952
2023-10-29,AAPL,0.0,0.0,1.0,2,-0.0,0.167,0.0
2023-10-29,MSFT,0.0,0.0,1.0,2,-0.0,0.0978,0.0
2023-10-29,TSLA,0.0,0.0,1.0,2,-0.0,0.0953,0.0
2023-10-30,BRK-B,0.0172,0.0013,0.9815,1,0.0159,0.9301,0.0185
2023-10-31,AAPL,0.0,0.0,1.0,1,-0.0,0.0287,0.0
2023-10-31,MSFT,0.0,0.0,1.0,1,-0.0,0.0287,0.0
2023-10-31,TSLA,0.5,0.0098,0.4902,2,0.4902,0.9809,0.5098
2023-11-01,AMZN,0.0029,0.5132,0.4839,1,-0.5103,0.0056,0.5161
2023-11-02,AAPL,0.0,1.0,0.0,1,-1.0,0.0,1.0
2023-11-02,AMZN,0.3329,0.3333,0.3338,3,-0.0005,0.4996,0.6662
2023-11-02,META,0.5314,0.28,0.1886,1,0.2514,0.6549,0.8114
2023-11-03,META,1.0,0.0,0.0,1,1.0,1.0,1.0
2023-11-04,AAPL,0.0,1.0,0.0,1,-1.0,0.0,1.0
2023-11-06,AAPL,0.495,0.4913,0.0137,2,0.0037,0.5019,0.9863
2023-11-06,AMZN,0.0012,0.0011,0.9977,1,0.0001,0.5149,0.0023
2023-11-06,JPM,1.0,0.0,0.0,1,1.0,1.0,1.0
2023-11-06,META,0.9899,0.0007,0.0094,1,0.9893,0.9993,0.9906
2023-11-06,UNH,0.0,0.0,1.0,1,-0.0,0.1463,0.0
2023-11-07,AAPL,0.0,0.0,1.0,1,-0.0,0.0599,0.0
2023-11-07,JPM,0.0,1.0,0.0,1,-1.0,0.0,1.0
2023-11-07,META,0.0,0.0001,0.9999,1,-0.0001,0.0424,0.0001
2023-11-07,MSFT,0.2059,0.7737,0.0205,1,-0.5678,0.2102,0.9795
2023-11-08,AAPL,0.0,1.0,0.0,1,-1.0,0.0,1.0
2023-11-08,GOOGL,0.0,0.0,1.0,1,-0.0,0.1276,0.0
2023-11-09,AMZN,1.0,0.0,0.0,1,1.0,1.0,1.0
2023-11-09,META,0.0,0.0,1.0,1,0.0,0.7323,0.0
2023-11-13,AMZN,0.199,0.0005,0.8005,1,0.1986,0.9977,0.1995
2023-11-14,AMZN,0.0213,0.0,0.9787,2,0.0213,0.9995,0.0213
2023-11-14,BRK-B,0.9959,0.0,0.0041,1,0.9959,1.0,0.9959
2023-11-14,GOOGL,0.0,0.0,1.0,1,-0.0,0.2448,0.0
2023-11-14,JPM,0.9382,0.0004,0.0614,1,0.9378,0.9996,0.9386
2023-11-14,META,0.0213,0.0,0.9787,2,0.0213,0.9995,0.0213
2023-11-16,AMZN,0.0,0.0,1.0,1,0.0,0.5706,0.0
2023-11-16,BRK-B,0.8908,0.0005,0.1087,1,0.8904,0.9995,0.8913
2023-11-17,BRK-B,0.0,0.0003,0.9997,1,-0.0003,0.0296,0.0003
2023-11-17,TSLA,0.0131,0.5009,0.4859,2,-0.4878,0.0256,0.5141
2023-11-20,AMZN,0.0004,0.9964,0.0032,1,-0.9961,0.0004,0.9968
2023-11-20,JPM,0.0,0.0001,0.9999,1,-0.0001,0.2118,0.0001
2023-11-21,AAPL,0.9999,0.0,0.0,1,0.9999,1.0,1.0
2023-11-21,AMZN,0.0001,0.0,0.9998,2,0.0001,0.7962,0.0002
2023-11-21,BRK-B,0.4987,0.0001,0.5012,2,0.4985,0.9998,0.4988
2023-11-21,META,0.9873,0.0,0.0127,1,0.9873,1.0,0.9873
2023-11-21,TSLA,1.0,0.0,0.0,1,1.0,1.0,1.0
2023-11-22,MSFT,0.0007,0.0,0.9992,1,0.0007,0.9384,0.0008
2023-11-22,TSLA,0.1853,0.3788,0.4359,1,-0.1934,0.3286,0.5641
2023-11-23,AMZN,0.9999,0.0,0.0001,1,0.9998,1.0,0.9999
2023-11-24,AMZN,0.8458,0.0001,0.1541,1,0.8458,0.9999,0.8459
2023-11-24,BRK-B,0.0,0.0001,0.9999,1,-0.0001,0.0161,0.0001
2023-11-25,AAPL,0.0,0.0,1.0,1,-0.0,0.0141,0.0
2023-11-26,META,0.0,0.0003,0.9997,1,-0.0003,0.0217,0.0003
2023-11-27,AMZN,0.0009,0.0092,0.9899,1,-0.0083,0.0882,0.0101
2023-11-27,GOOGL,0.0,0.0003,0.9997,1,-0.0003,0.0524,0.0003
2023-11-27,UNH,0.8229,0.0,0.1771,1,0.8229,1.0,0.8229
2023-11-28,AMZN,0.1996,0.3327,0.4677,3,-0.1332,0.3749,0.5323
2023-11-28,BRK-B,0.0,0.0019,0.998,2,-0.0019,0.0094,0.002
2023-11-29,GOOGL,0.0,0.0001,0.9999,1,-0.0001,0.0053,0.0001
2023-11-29,JPM,0.0,0.0002,0.9998,2,-0.0001,0.2024,0.0002
2023-11-30,AMZN,0.0,0.0,0.9999,1,-0.0,0.2974,0.0001
2023-12-01,AMZN,0.4999,0.0,0.5001,2,0.4999,0.9999,0.4999
2023-12-01,UNH,1.0,0.0,0.0,1,1.0,1.0,1.0
2023-12-03,UNH,0.0,0.0,1.0,1,-0.0,0.0631,0.0
2023-12-04,META,0.0004,0.0026,0.997,1,-0.0022,0.1225,0.003
2023-12-05,AMZN,0.0,0.0,1.0,1,-0.0,0.1979,0.0
2023-12-05,META,0.8031,0.0021,0.1948,1,0.801,0.9974,0.8052
2023-12-05,MSFT,1.0,0.0,0.0,1,1.0,1.0,1.0
2023-12-05,UNH,0.0075,0.0069,0.9856,2,0.0006,0.5197,0.0144
2023-12-06,AMZN,0.0,0.0,1.0,1,-0.0,0.0913,0.0
2023-12-06,JPM,0.0,0.0007,0.9993,1,-0.0007,0.0035,0.0007
2023-12-06,META,0.0011,0.0003,0.9986,2,0.0008,0.7947,0.0014
2023-12-07,AMZN,0.0001,0.0,0.9999,2,0.0,0.6908,0.0001
2023-12-07,BRK-B,0.9991,0.0001,0.0008,1,0.999,0.9999,0.9992
2023-12-07,GOOGL,0.5,0.0,0.5,2,0.4999,0.9999,0.5
2023-12-08,GOOGL,0.0,1.0,0.0,1,-1.0,0.0,1.0
2023-12-09,BRK-B,1.0,0.0,0.0,1,1.0,1.0,1.0
2023-12-11,AAPL,0.0002,0.0002,0.9997,1,0.0,0.503,0.0003
2023-12-11,AMZN,0.0,0.0008,0.9992,1,-0.0008,0.0007,0.0008
2023-12-11,BRK-B,0.0001,0.0028,0.997,1,-0.0027,0.043,0.003
2023-12-11,GOOGL,1.0,0.0,0.0,1,1.0,1.0,1.0
2023-12-11,MSFT,0.0002,0.0002,0.9997,1,0.0,0.503,0.0003
2023-12-12,JPM,0.0,0.0001,0.9999,1,-0.0001,0.076,0.0001
2023-12-12,META,0.001,0.0,0.999,1,0.0009,0.978,0.001
2023-12-13,AAPL,0.9999,0.0001,0.0,1,0.9998,0.9999,1.0
2023-12-13,AMZN,0.5,0.0001,0.5,2,0.4999,0.9999,0.5
2023-12-14,AAPL,0.0,0.0,1.0,1,-0.0,0.374,0.0
2023-12-14,AMZN,0.4967,0.0001,0.5032,2,0.4966,0.9997,0.4968
2023-12-14,BRK-B,0.0,0.0,1.0,1,0.0,0.8883,0.0
2023-12-14,MSFT,0.0,0.0,1.0,1,-0.0,0.374,0.0
2023-12-14,TSLA,0.0,0.0007,0.9993,1,-0.0007,0.0177,0.0007
2023-12-14,UNH,0.9717,0.0006,0.0277,1,0.971,0.9993,0.9723
2023-12-15,AMZN,0.3337,0.0001,0.6663,3,0.3336,0.9997,0.3337
2023-12-15,BRK-B,0.6232,0.0028,0.3739,1,0.6204,0.9955,0.6261
2023-12-15,META,0.0006,0.0002,0.9991,1,0.0004,0.7243,0.0009
2023-12-15,MSFT,0.5003,0.0001,0.4996,2,0.5002,0.9998,0.5004
2023-12-18,AMZN,0.822,0.0,0.1779,1,0.822,1.0,0.8221
2023-12-18,META,1.0,0.0,0.0,1,1.0,1.0,1.0
2023-12-19,AAPL,0.0,0.0,1.0,1,-0.0,0.2039,0.0
2023-12-19,META,0.5,0.0001,0.4999,2,0.5,0.9999,0.5001
2023-12-19,TSLA,0.0056,0.0122,0.9822,1,-0.0066,0.3146,0.0178
2023-12-20,GOOGL,0.0,0.0,1.0,1,0.0,0.9101,0.0
2023-12-20,TSLA,0.0275,0.0425,0.93,2,-0.0149,0.3934,0.07
2023-12-22,UNH,0.0,0.0,1.0,1,-0.0,0.2989,0.0
2023-12-23,AMZN,0.0,0.0001,0.9999,1,-0.0001,0.1465,0.0001
2023-12-26,AAPL,0.0,0.0002,0.9998,1,-0.0001,0.157,0.0002
2023-12-27,AMZN,0.0001,0.0,0.9998,1,0.0001,0.7015,0.0002
2023-12-27,MSFT,0.0214,0.0005,0.9781,1,0.0208,0.9755,0.0219
2023-12-28,JPM,0.0,0.0,1.0,1,-0.0,0.0834,0.0
2023-12-29,AMZN,0.0,0.0,1.0,1,-0.0,0.0266,0.0
2023-12-29,META,0.5,0.0,0.5,2,0.5,1.0,0.5
2023-12-30,AMZN,0.0923,0.1447,0.763,1,-0.0525,0.3893,0.237
2023-12-30,TSLA,0.0027,0.0546,0.9427,1,-0.0518,0.0478,0.0573
2024-01-02,AAPL,0.0,0.6666,0.3333,3,-0.6666,0.0,0.6667
2024-01-02,BRK-B,1.0,0.0,0.0,1,1.0,1.0,1.0
2024-01-02,GOOGL,0.0,0.0128,0.9872,1,-0.0128,0.0033,0.0128
2024-01-02,TSLA,0.9975,0.0008,0.0017,1,0.9967,0.9992,0.9983
2024-01-03,AMZN,0.0,0.0001,0.9999,1,-0.0,0.354,0.0001
2024-01-03,META,0.0,0.0,1.0,1,-0.0,0.0615,0.0
2024-01-04,AMZN,0.0003,0.0,0.9997,1,0.0003,0.9882,0.0003
2024-01-04,META,0.0003,0.0003,0.9994,3,0.0,0.5079,0.0006
2024-01-04,TSLA,0.0,0.0,1.0,1,-0.0,0.4146,0.0
2024-01-05,AAPL,0.0,1.0,0.0,1,-1.0,0.0,1.0
2024-01-05,AMZN,0.0,1.0,0.0,1,-1.0,0.0,1.0
2024-01-05,MSFT,0.0004,0.0064,0.9932,1,-0.006,0.0607,0.0068
2024-01-07,AMZN,0.0,0.7993,0.2007,1,-0.7993,0.0,0.7993
2024-01-07,JPM,0.0,0.0,1.0,1,0.0,0.8507,0.0
2024-01-08,AMZN,1.0,0.0,0.0,1,1.0,1.0,1.0
2024-01-08,META,0.0,0.0,1.0,1,-0.0,0.0051,0.0
2024-01-09,MSFT,0.058,0.0874,0.8546,1,-0.0295,0.3987,0.1454
2024-01-10,AMZN,0.0,0.0001,0.9999,4,-0.0001,0.0903,0.0001
2024-01-11,AMZN,0.4721,0.0014,0.5265,1,0.4706,0.997,0.4735
2024-01-11,META,0.0245,0.0041,0.9714,1,0.0205,0.8582,0.0286
2024-01-12,AAPL,0.843,0.0029,0.1541,1,0.8401,0.9966,0.8459
2024-01-12,JPM,0.0003,0.4388,0.5609,1,-0.4385,0.0007,0.4391
2024-01-12,MSFT,0.843,0.0029,0.1541,1,0.8401,0.9966,0.8459
2024-01-12,TSLA,0.0,0.5,0.5,2,-0.5,0.0,0.5
2024-01-14,AAPL,0.0005,0.0001,0.9995,1,0.0004,0.8784,0.0005
2024-01-14,AMZN,0.0,0.0,1.0,1,-0.0,0.0169,0.0
2024-01-14,BRK-B,0.0204,0.002,0.9776,1,0.0184,0.91,0.0224
2024-01-15,TSLA,0.0,0.0062,0.9937,1,-0.0062,0.0053,0.0063
2024-01-16,BRK-B,0.0,0.0,1.0,1,-0.0,0.0583,0.0
2024-01-16,JPM,0.0005,0.0659,0.9336,1,-0.0653,0.0078,0.0664
2024-01-16,META,0.0,0.0003,0.9997,1,-0.0003,0.0036,0.0003
2024-01-17,GOOGL,0.0098,0.0015,0.9888,1,0.0083,0.8691,0.0112
2024-01-17,JPM,0.0005,0.0013,0.9982,1,-0.0008,0.2808,0.0018
2024-01-17,META,0.0,0.0023,0.9977,1,-0.0023,0.0016,0.0023
2024-01-17,UNH,0.9998,0.0,0.0002,1,0.9998,1.0,0.9998
2024-01-18,BRK-B,0.8883,0.0145,0.0972,1,0.8737,0.9839,0.9028
2024-01-19,AAPL,0.0,1.0,0.0,1,-1.0,0.0,1.0
2024-01-19,AMZN,0.0101,0.0,0.9898,1,0.0101,0.9987,0.0102
2024-01-19,META,0.25,0.0007,0.7493,4,0.2493,0.9973,0.2507
2024-01-19,MSFT,0.0,0.0,1.0,1,0.0,0.69,0.0
2024-01-21,AMZN,0.0,0.0,1.0,1,-0.0,0.0303,0.0
2024-01-22,AMZN,0.0142,0.0082,0.9775,1,0.006,0.6334,0.0225
2024-01-22,JPM,0.0,0.0,1.0,1,-0.0,0.0438,0.0
2024-01-22,TSLA,0.233,0.0215,0.7455,1,0.2115,0.9156,0.2545
2024-01-23,META,0.6576,0.0002,0.3423,2,0.6574,0.9998,0.6577
2024-01-24,AAPL,0.0,0.0,1.0,1,0.0,0.9867,0.0
2024-01-24,AMZN,0.0,0.0,1.0,2,-0.0,0.384,0.0
2024-01-24,BRK-B,0.2537,0.0007,0.7456,1,0.253,0.9974,0.2544
2024-01-24,JPM,0.0002,0.0009,0.9989,1,-0.0006,0.207,0.0011
2024-01-24,META,0.0,0.0,1.0,2,0.0,0.9653,0.0
2024-01-24,TSLA,0.0,1.0,0.0,2,-0.9999,0.0,1.0
2024-01-25,AMZN,0.0003,0.0007,0.999,2,-0.0003,0.3254,0.001
2024-01-25,META,0.0016,0.1609,0.8374,1,-0.1593,0.0101,0.1626
2024-01-25,MSFT,0.0,0.0,1.0,1,-0.0,0.0274,0.0
2024-01-25,TSLA,0.0,1.0,0.0,2,-1.0,0.0,1.0
2024-01-26,AMZN,0.0,0.0002,0.9998,2,-0.0002,0.0298,0.0002
2024-01-26,BRK-B,0.0,0.2388,0.7612,1,-0.2388,0.0,0.2388
2024-01-26,JPM,0.1148,0.0,0.8852,1,0.1148,0.9997,0.1148
2024-01-26,TSLA,0.0004,0.7921,0.2074,1,-0.7917,0.0005,0.7926
2024-01-27,AAPL,0.0,0.0,1.0,1,-0.0,0.3617,0.0
2024-01-27,AMZN,0.0003,0.0002,0.9995,1,0.0001,0.6074,0.0005
2024-01-27,BRK-B,0.0,0.0,1.0,1,-0.0,0.3113,0.0
2024-01-29,AAPL,0.1872,0.0679,0.7449,1,0.1193,0.7339,0.2551
2024-01-30,AMZN,0.0835,0.0002,0.9163,1,0.0832,0.9971,0.0837
2024-01-30,GOOGL,0.2507,0.7491,0.0003,4,-0.4984,0.2507,0.9997
2024-01-30,JPM,0.0,0.0,1.0,1,-0.0,0.0792,0.0
2024-01-30,META,0.0026,0.9963,0.0011,1,-0.9937,0.0026,0.9989
2024-01-30,MSFT,0.0095,0.99,0.0006,2,-0.9805,0.0095,0.9994
2024-01-31,GOOGL,0.0,1.0,0.0,1,-1.0,0.0,1.0
2024-01-31,META,0.4655,0.0127,0.5218,2,0.4528,0.9734,0.4782
2024-01-31,TSLA,0.0,0.0002,0.9998,1,-0.0002,0.1199,0.0002
2024-02-01,AAPL,0.4933,0.5,0.0067,2,-0.0067,0.4966,0.9933
2024-02-01,AMZN,0.7835,0.0,0.2165,4,0.7835,1.0,0.7835
2024-02-01,GOOGL,0.134,0.0001,0.8659,1,0.1339,0.999,0.1341
2024-02-01,META,0.5488,0.0149,0.4363,7,0.5339,0.9736,0.5637
2024-02-01,MSFT,0.4933,0.0,0.5067,2,0.4933,1.0,0.4933
2024-02-02,AAPL,0.7252,0.0014,0.2734,1,0.7238,0.9981,0.7266
2024-02-02,AMZN,0.75,0.0,0.25,4,0.75,1.0,0.75
2024-02-02,GOOGL,0.0,0.9988,0.0012,1,-0.9988,0.0,0.9988
2024-02-02,META,0.5302,0.0013,0.4685,11,0.529,0.9976,0.5315
2024-02-02,MSFT,0.0,0.0002,0.9998,1,-0.0001,0.1975,0.0002
2024-02-04,MSFT,0.8933,0.0001,0.1066,1,0.8931,0.9999,0.8934
2024-02-05,AMZN,0.0,0.0,1.0,2,-0.0,0.1872,0.0
2024-02-05,GOOGL,0.0,0.0,1.0,1,-0.0,0.1587,0.0
2024-02-05,META,0.0,0.0002,0.9998,2,-0.0001,0.1332,0.0002
2024-02-05,MSFT,0.0,0.0,1.0,1,-0.0,0.1587,0.0
2024-02-05,TSLA,0.0001,0.0046,0.9952,4,-0.0045,0.0261,0.0048
2024-02-06,AAPL,0.0,0.0001,0.9998,1,-0.0001,0.2249,0.0002
2024-02-06,JPM,0.4991,0.0,0.5009,2,0.499,0.9999,0.4991
2024-02-06,META,0.7213,0.0005,0.2782,1,0.7207,0.9992,0.7218
2024-02-06,MSFT,0.0,0.0001,0.9998,1,-0.0001,0.2249,0.0002
2024-02-06,TSLA,0.0001,0.0005,0.9993,1,-0.0004,0.1974,0.0007
2024-02-07,AMZN,0.0,0.0001,0.9999,2,-0.0001,0.1759,0.0001
2024-02-07,BRK-B,0.0,0.0001,0.9999,1,-0.0001,0.0032,0.0001
2024-02-07,META,0.0,0.0,1.0,1,-0.0,0.0205,0.0
2024-02-07,MSFT,0.6483,0.0691,0.2827,2,0.5792,0.9037,0.7173
2024-02-07,UNH,0.0,0.0,1.0,1,-0.0,0.0169,0.0
2024-02-08,META,0.0,0.0007,0.9993,1,-0.0007,0.0097,0.0007
2024-02-09,MSFT,0.0005,0.5061,0.4934,2,-0.5055,0.0011,0.5066
2024-02-10,AAPL,0.001,0.0006,0.9984,1,0.0004,0.6242,0.0016
2024-02-11,BRK-B,0.0337,0.0006,0.9657,1,0.0331,0.9838,0.0343
2024-02-11,META,0.0,0.0001,0.9999,1,-0.0001,0.0238,0.0001
2024-02-11,MSFT,0.0,0.0,1.0,1,-0.0,0.0288,0.0
2024-02-12,GOOGL,0.9954,0.0001,0.0046,2,0.9953,0.9999,0.9954
2024-02-13,AAPL,0.0,0.0,1.0,1,-0.0,0.0554,0.0
2024-02-13,AMZN,0.0008,0.3666,0.6326,2,-0.3658,0.0023,0.3674
2024-02-13,META,0.0,1.0,0.0,1,-1.0,0.0,1.0
2024-02-13,TSLA,0.0727,0.0,0.9272,1,0.0727,0.9994,0.0728
2024-02-14,AMZN,0.5,0.0,0.5,2,0.5,1.0,0.5
2024-02-14,GOOGL,0.0003,0.0193,0.9803,1,-0.019,0.0171,0.0197
2024-02-15,AMZN,0.0,0.0,1.0,1,-0.0,0.4691,0.0
2024-02-15,MSFT,0.0004,0.0,0.9995,1,0.0004,0.9087,0.0005
2024-02-16,AAPL,0.0,0.0,1.0,1,-0.0,0.0079,0.0
2024-02-16,MSFT,0.0,0.0,1.0,1,-0.0,0.0079,0.0
2024-02-16,TSLA,0.0,0.0,1.0,1,-0.0,0.0079,0.0
2024-02-17,BRK-B,0.0,0.0,1.0,1,-0.0,0.0963,0.0
2024-02-17,MSFT,0.0,0.0,1.0,1,-0.0,0.4913,0.0
2024-02-18,BRK-B,0.0025,0.0002,0.9973,2,0.0023,0.9312,0.0027
2024-02-18,JPM,0.0049,0.0003,0.9948,1,0.0046,0.9453,0.0052
2024-02-19,JPM,0.0,0.0,1.0,1,-0.0,0.0686,0.0
2024-02-19,TSLA,0.0,0.0,1.0,1,-0.0,0.2896,0.0
2024-02-20,AMZN,0.0,0.0003,0.9996,5,-0.0003,0.0776,0.0004
2024-02-20,GOOGL,0.001,0.0013,0.9978,1,-0.0003,0.4296,0.0022
2024-02-21,AMZN,0.0002,0.0001,0.9998,1,0.0001,0.6753,0.0002
2024-02-21,BRK-B,0.0001,0.0146,0.9853,1,-0.0145,0.0047,0.0147
2024-02-21,GOOGL,0.0004,0.0,0.9996,1,0.0003,0.9196,0.0004
2024-02-21,JPM,1.0,0.0,0.0,1,1.0,1.0,1.0
2024-02-21,UNH,0.9975,0.0005,0.0021,1,0.997,0.9995,0.9979
2024-02-22,TSLA,0.0,0.0,1.0,1,-0.0,0.1572,0.0
2024-02-23,BRK-B,0.0,0.0,1.0,1,-0.0,0.0267,0.0
2024-02-23,JPM,0.0,0.0,1.0,1,-0.0,0.0069,0.0
2024-02-23,UNH,0.0,0.0,1.0,1,-0.0,0.3339,0.0
2024-02-24,BRK-B,1.0,0.0,0.0,1,1.0,1.0,1.0
2024-02-24,JPM,0.0,0.0,1.0,1,-0.0,0.0497,0.0
2024-02-24,TSLA,0.0001,0.4999,0.5,2,-0.4998,0.0002,0.5
2024-02-25,JPM,1.0,0.0,0.0,1,1.0,1.0,1.0
2024-02-26,AMZN,0.01,0.2721,0.7179,2,-0.262,0.0356,0.2821
2024-02-26,BRK-B,0.0,0.0,1.0,1,-0.0,0.1378,0.0
2024-02-26,GOOGL,0.0009,0.7978,0.2013,3,-0.7969,0.0011,0.7987
2024-02-26,JPM,0.0,0.0,1.0,2,-0.0,0.1778,0.0
2024-02-26,MSFT,0.0,0.0,1.0,1,0.0,0.9052,0.0
2024-02-27,BRK-B,0.0,0.008,0.992,1,-0.008,0.0003,0.008
2024-02-27,JPM,0.0,1.0,0.0,1,-1.0,0.0,1.0
2024-02-28,AAPL,0.0005,0.8107,0.1888,1,-0.8102,0.0006,0.8112
2024-02-28,AMZN,0.8355,0.0009,0.1636,1,0.8347,0.999,0.8364
2024-02-28,GOOGL,0.0,0.0008,0.9992,1,-0.0007,0.0357,0.0008
2024-02-28,TSLA,0.0,0.0,1.0,1,-0.0,0.1432,0.0
2024-02-28,UNH,0.0,1.0,0.0,1,-1.0,0.0,1.0
2024-02-29,JPM,0.0002,0.0002,0.9996,2,0.0001,0.5662,0.0004
2024-02-29,META,0.0,0.0003,0.9997,1,-0.0002,0.1154,0.0003
2024-02-29,MSFT,0.0,0.0,1.0,1,-0.0,0.0403,0.0
2024-02-29,TSLA,0.0038,0.0002,0.996,1,0.0036,0.9599,0.004
2024-03-01,GOOGL,0.0001,0.9999,0.0,1,-0.9998,0.0001,1.0
2024-03-01,JPM,0.0,0.0,1.0,1,-0.0,0.0549,0.0
2024-03-02,AAPL,0.9981,0.0001,0.0017,1,0.998,0.9999,0.9983
2024-03-02,META,0.0001,0.0001,0.9998,1,-0.0,0.47,0.0002
2024-03-04,MSFT,0.9999,0.0,0.0001,1,0.9999,1.0,0.9999
2024-03-05,AAPL,0.0004,0.0003,0.9994,1,0.0001,0.5565,0.0006
2024-03-05,META,0.0,0.559,0.441,1,-0.559,0.0,0.559
2024-03-06,AMZN,1.0,0.0,0.0,2,1.0,1.0,1.0
2024-03-06,META,0.0001,0.0,0.9999,3,0.0001,0.7306,0.0001
2024-03-06,MSFT,0.0024,0.0015,0.9961,1,0.0008,0.6083,0.0039
2024-03-07,AMZN,1.0,0.0,0.0,2,1.0,1.0,1.0
2024-03-08,AAPL,0.0004,0.0,0.9996,2,0.0003,0.9506,0.0004
2024-03-08,AMZN,0.0,0.9995,0.0005,1,-0.9995,0.0,0.9995
2024-03-08,GOOGL,0.0007,0.0,0.9992,1,0.0007,0.9522,0.0008
2024-03-08,JPM,1.0,0.0,0.0,1,1.0,1.0,1.0
2024-03-08,MSFT,0.0007,0.0,0.9992,1,0.0007,0.9522,0.0008
2024-03-09,MSFT,0.7398,0.0,0.2602,1,0.7398,1.0,0.7398
2024-03-11,AMZN,0.0014,0.0,0.9986,1,0.0014,0.9888,0.0014
2024-03-11,META,0.0001,0.9992,0.0007,1,-0.9991,0.0001,0.9993
2024-03-12,AAPL,0.0002,0.0002,0.9997,1,0.0,0.5026,0.0003
2024-03-12,MSFT,0.0002,0.0002,0.9997,1,0.0,0.5026,0.0003
2024-03-12,UNH,0.0009,0.0003,0.9988,1,0.0007,0.7723,0.0012
2024-03-14,JPM,0.3334,0.1708,0.4958,3,0.1626,0.6613,0.5042
2024-03-14,META,0.9989,0.0002,0.0009,1,0.9988,0.9998,0.9991
2024-03-14,MSFT,0.9991,0.0008,0.0001,1,0.9983,0.9992,0.9999
2024-03-14,TSLA,0.0084,0.0027,0.9889,1,0.0058,0.7597,0.0111
2024-03-15,JPM,0.0001,0.0276,0.9723,1,-0.0275,0.0026,0.0277
2024-03-15,MSFT,1.0,0.0,0.0,1,1.0,1.0,1.0
2024-03-16,AAPL,0.043,0.0003,0.9567,1,0.0427,0.9937,0.0433
2024-03-16,MSFT,0.0092,0.0043,0.9865,1,0.0048,0.6785,0.0135
2024-03-16,TSLA,0.0,1.0,0.0,1,-1.0,0.0,1.0
2024-03-18,AMZN,0.0,0.0001,0.9999,1,-0.0001,0.0537,0.0001
2024-03-18,GOOGL,0.9999,0.0,0.0001,1,0.9999,1.0,0.9999
2024-03-18,JPM,0.2968,0.0123,0.691,1,0.2845,0.9604,0.309
2024-03-19,AAPL,0.0002,0.0,0.9998,1,0.0002,0.8864,0.0002
2024-03-19,META,0.0127,0.0014,0.9859,1,0.0112,0.8975,0.0141
2024-03-20,AMZN,1.0,0.0,0.0,1,1.0,1.0,1.0
2024-03-22,AMZN,0.0,0.0,1.0,1,-0.0,0.0201,0.0
2024-03-22,BRK-B,0.0,0.0,1.0,1,-0.0,0.0201,0.0
2024-03-23,BRK-B,0.7872,0.0005,0.2124,1,0.7867,0.9994,0.7876
2024-03-24,GOOGL,1.0,0.0,0.0,1,1.0,1.0,1.0
2024-03-25,AMZN,0.0,0.0,1.0,1,-0.0,0.0141,0.0
2024-03-25,GOOGL,0.0,0.0,1.0,1,-0.0,0.2916,0.0
2024-03-26,AAPL,0.0027,0.9973,0.0,1,-0.9946,0.0027,1.0
2024-03-26,AMZN,0.4784,0.0,0.5216,1,0.4783,1.0,0.4784
2024-03-27,UNH,0.0,0.0,0.9999,1,-0.0,0.4903,0.0001
2024-03-28,AAPL,0.0219,0.0087,0.9694,1,0.0132,0.7152,0.0306
2024-03-28,AMZN,0.0,0.4886,0.5114,2,-0.4885,0.0,0.4886
2024-03-29,TSLA,0.9982,0.0,0.0018,1,0.9982,1.0,0.9982
2024-03-31,AAPL,0.0,0.0,1.0,1,-0.0,0.0446,0.0
2024-03-31,AMZN,0.0015,0.0,0.9985,2,0.0014,0.9693,0.0015
2024-03-31,TSLA,0.0002,0.0002,0.9996,1,-0.0,0.4419,0.0004
2024-04-01,BRK-B,0.0006,0.9967,0.0028,1,-0.9961,0.0006,0.9972
2024-04-01,JPM,0.9997,0.0001,0.0001,1,0.9996,0.9999,0.9999
2024-04-01,UNH,0.0,0.0001,0.9998,1,-0.0001,0.2616,0.0002
2024-04-02,JPM,0.8387,0.0232,0.1382,1,0.8155,0.9731,0.8618
2024-04-02,META,0.3453,0.0011,0.6536,1,0.3442,0.9968,0.3464
2024-04-02,UNH,0.0364,0.2544,0.7092,1,-0.218,0.1251,0.2908
2024-04-03,AAPL,0.0,0.0,1.0,1,-0.0,0.3215,0.0
2024-04-03,AMZN,0.0,0.0,1.0,2,-0.0,0.0811,0.0
2024-04-03,TSLA,0.0,0.9999,0.0001,1,-0.9999,0.0,0.9999
2024-04-04,AMZN,0.0628,0.0018,0.9355,2,0.061,0.9724,0.0645
2024-04-04,BRK-B,0.0714,0.418,0.5107,2,-0.3466,0.1458,0.4893
2024-04-07,AMZN,0.0,0.0,1.0,1,-0.0,0.0716,0.0
2024-04-07,GOOGL,0.0,0.0,1.0,1,0.0,0.5836,0.0
2024-04-07,JPM,0.0004,0.0028,0.9968,1,-0.0025,0.1111,0.0032
2024-04-08,JPM,0.0,0.0,1.0,1,-0.0,0.3575,0.0
2024-04-08,META,0.0,0.0,1.0,1,-0.0,0.1953,0.0
2024-04-08,TSLA,0.0025,0.9972,0.0003,1,-0.9947,0.0025,0.9997
2024-04-09,GOOGL,0.945,0.0006,0.0544,2,0.9444,0.9994,0.9456
2024-04-10,JPM,0.0,0.0007,0.9993,1,-0.0007,0.0278,0.0007
2024-04-11,AMZN,0.9114,0.0385,0.0501,2,0.8729,0.9595,0.9499
2024-04-11,JPM,1.0,0.0,0.0,1,1.0,1.0,1.0
2024-04-11,UNH,0.0,0.0,1.0,1,-0.0,0.0148,0.0
2024-04-12,GOOGL,1.0,0.0,0.0,1,1.0,1.0,1.0
2024-04-12,JPM,0.3333,0.6666,0.0001,3,-0.3332,0.3334,0.9999
2024-04-14,AAPL,0.0,0.0,1.0,1,-0.0,0.0268,0.0
2024-04-15,JPM,0.0,0.0001,0.9999,1,-0.0001,0.0123,0.0001
2024-04-16,UNH,0.5048,0.0025,0.4928,2,0.5023,0.9951,0.5072
2024-04-17,AMZN,0.0,0.0,0.9999,1,0.0,0.669,0.0001
2024-04-17,META,0.9999,0.0,0.0001,1,0.9999,1.0,0.9999
2024-04-17,MSFT,0.0,0.0,0.9999,1,0.0,0.669,0.0001
2024-04-18,BRK-B,0.0,0.0,1.0,1,-0.0,0.0518,0.0
2024-04-21,GOOGL,0.0,0.0,1.0,1,-0.0,0.0516,0.0
2024-04-21,MSFT,0.0,0.0,1.0,1,-0.0,0.0465,0.0
2024-04-22,AAPL,0.0004,0.4999,0.4997,2,-0.4996,0.0007,0.5003
2024-04-22,BRK-B,0.0,0.0,1.0,1,-0.0,0.1084,0.0
2024-04-22,META,0.0037,0.0008,0.9956,1,0.0029,0.828,0.0044
2024-04-22,TSLA,0.0,0.9416,0.0584,1,-0.9416,0.0,0.9416
2024-04-22,UNH,0.0,0.0002,0.9998,1,-0.0002,0.0179,0.0002
2024-04-23,AMZN,0.0015,0.9934,0.0051,1,-0.9919,0.0016,0.9949
2024-04-23,BRK-B,0.9952,0.0,0.0048,1,0.9952,1.0,0.9952
2024-04-23,JPM,0.0,0.0,1.0,1,-0.0,0.1221,0.0
2024-04-23,TSLA,1.0,0.0,0.0,1,1.0,1.0,1.0
2024-04-24,AMZN,0.0,1.0,0.0,1,-0.9999,0.0,1.0
2024-04-24,GOOGL,1.0,0.0,0.0,1,1.0,1.0,1.0
2024-04-24,META,0.0,0.9771,0.0229,3,-0.9771,0.0,0.9771
2024-04-24,UNH,0.9996,0.0,0.0004,1,0.9996,1.0,0.9996
2024-04-25,AMZN,0.0,0.0001,0.9999,2,-0.0001,0.0244,0.0001
2024-04-25,GOOGL,1.0,0.0,0.0,3,1.0,1.0,1.0
2024-04-25,META,0.0185,0.7891,0.1923,5,-0.7706,0.023,0.8077
2024-04-25,MSFT,1.0,0.0,0.0,1,1.0,1.0,1.0
2024-04-26,AMZN,0.9164,0.0403,0.0432,1,0.8761,0.9579,0.9568
2024-04-26,BRK-B,0.0,0.0002,0.9998,1,-0.0002,0.0207,0.0002
2024-04-26,GOOGL,0.3334,0.0005,0.6661,3,0.333,0.9986,0.3339
2024-04-26,META,0.0003,0.0019,0.9978,2,-0.0016,0.1487,0.0022
2024-04-28,AAPL,0.0,0.0,1.0,1,-0.0,0.0511,0.0
2024-04-28,AMZN,0.0645,0.0237,0.9118,1,0.0407,0.7309,0.0882
2024-04-29,AAPL,0.0,0.0,0.9999,1,-0.0,0.0586,0.0001
2024-04-29,AMZN,1.0,0.0,0.0,1,1.0,1.0,1.0
2024-04-29,MSFT,0.0,0.0,1.0,1,-0.0,0.177,0.0
2024-04-29,TSLA,1.0,0.0,0.0,1,1.0,1.0,1.0
2024-04-30,AMZN,0.6665,0.0,0.3335,6,0.6665,1.0,0.6665
2024-04-30,GOOGL,0.0,0.0,1.0,1,-0.0,0.2507,0.0
2024-04-30,META,0.0,0.0,1.0,1,-0.0,0.1825,0.0
2024-04-30,MSFT,0.0,0.0,1.0,1,-0.0,0.1825,0.0
2024-05-01,AAPL,0.0,0.0,1.0,1,0.0,0.5002,0.0
2024-05-01,GOOGL,0.0003,0.0,0.9997,1,0.0003,0.9707,0.0003
2024-05-01,MSFT,0.0152,0.0085,0.9763,1,0.0067,0.6411,0.0237
2024-05-02,AAPL,0.1401,0.1949,0.665,2,-0.0548,0.4183,0.335
2024-05-02,AMZN,0.2803,0.3898,0.3299,1,-0.1095,0.4183,0.6701
2024-05-02,GOOGL,1.0,0.0,0.0,1,1.0,1.0,1.0
2024-05-02,JPM,0.0,0.0002,0.9998,1,-0.0002,0.0693,0.0002
2024-05-02,TSLA,0.8141,0.1757,0.0102,1,0.6385,0.8225,0.9898
2024-05-03,AAPL,0.5,0.0,0.4999,2,0.5,1.0,0.5001
2024-05-03,BRK-B,0.0,0.333,0.667,3,-0.333,0.0,0.333
2024-05-03,JPM,0.0,0.0,1.0,1,-0.0,0.0566,0.0
2024-05-03,TSLA,0.0,0.0001,0.9999,1,-0.0001,0.0037,0.0001
2024-05-04,AMZN,0.0,0.0,1.0,1,-0.0,0.2259,0.0
2024-05-04,BRK-B,0.5003,0.4876,0.0121,2,0.0126,0.5064,0.9879
2024-05-04,GOOGL,0.0,0.0001,0.9999,1,-0.0001,0.0732,0.0001
2024-05-04,META,0.0,0.0,1.0,1,-0.0,0.2259,0.0
2024-05-04,MSFT,0.0,0.0,1.0,1,-0.0,0.2259,0.0
2024-05-04,TSLA,0.0,0.0002,0.9998,1,-0.0002,0.0106,0.0002
2024-05-05,AMZN,0.0,0.0001,0.9999,2,-0.0,0.3077,0.0001
2024-05-06,AMZN,0.8931,0.0158,0.0911,1,0.8773,0.9826,0.9089
2024-05-06,BRK-B,0.5,0.0001,0.4999,2,0.4999,0.9999,0.5001
2024-05-06,META,0.0007,0.0007,0.9986,1,-0.0,0.4869,0.0014
2024-05-06,MSFT,0.012,0.0113,0.9768,1,0.0007,0.5148,0.0232
2024-05-06,TSLA,0.0003,0.0004,0.9993,2,-0.0,0.4877,0.0007
2024-05-07,JPM,0.8889,0.0086,0.1026,1,0.8803,0.9904,0.8974
2024-05-07,TSLA,0.0013,0.015,0.9837,1,-0.0137,0.0795,0.0163
2024-05-08,GOOGL,0.0,1.0,0.0,1,-1.0,0.0,1.0
2024-05-08,JPM,0.0003,0.0165,0.9832,1,-0.0163,0.0164,0.0168
2024-05-08,META,0.0003,0.9993,0.0004,1,-0.9991,0.0003,0.9996
2024-05-09,AAPL,1.0,0.0,0.0,1,1.0,1.0,1.0
2024-05-10,AMZN,0.0029,0.9968,0.0003,1,-0.9939,0.0029,0.9997
2024-05-10,BRK-B,0.0018,0.0001,0.9981,1,0.0018,0.9656,0.0019
2024-05-10,META,0.0,0.0001,0.9999,1,-0.0001,0.0127,0.0001
2024-05-10,TSLA,0.0011,0.0002,0.9986,1,0.0009,0.8317,0.0014
2024-05-12,AAPL,0.0003,0.0007,0.999,3,-0.0004,0.2906,0.001
2024-05-13,AAPL,1.0,0.0,0.0,1,1.0,1.0,1.0
2024-05-13,AMZN,0.0005,0.001,0.9984,1,-0.0005,0.3315,0.0016
2024-05-14,AAPL,0.0,0.0,1.0,1,-0.0,0.0565,0.0
2024-05-14,MSFT,0.0,0.0,1.0,1,-0.0,0.0033,0.0
2024-05-15,AMZN,1.0,0.0,0.0,1,1.0,1.0,1.0
2024-05-15,GOOGL,0.0,0.0,1.0,1,-0.0,0.4403,0.0
2024-05-15,META,1.0,0.0,0.0,1,1.0,1.0,1.0
2024-05-15,MSFT,0.9999,0.0,0.0001,1,0.9999,1.0,0.9999
2024-05-16,AMZN,0.0,0.0002,0.9998,1,-0.0002,0.0838,0.0002
2024-05-16,META,0.0,0.0,1.0,1,-0.0,0.1072,0.0
2024-05-17,AMZN,1.0,0.0,0.0,1,1.0,1.0,1.0
2024-05-17,MSFT,0.0,0.0,1.0,1,0.0,0.5546,0.0
2024-05-19,META,1.0,0.0,0.0,1,1.0,1.0,1.0
2024-05-20,JPM,0.0005,0.3176,0.682,5,-0.3171,0.0015,0.318
2024-05-20,MSFT,0.9595,0.0009,0.0396,1,0.9586,0.999,0.9604
2024-05-21,AMZN,0.0026,0.0303,0.9671,2,-0.0277,0.0786,0.0329
2024-05-21,MSFT,0.0,0.0003,0.9997,1,-0.0002,0.0821,0.0003
2024-05-22,BRK-B,0.0,0.0,1.0,1,-0.0,0.0161,0.0
2024-05-23,AMZN,0.0,1.0,0.0,1,-1.0,0.0,1.0
2024-05-23,UNH,1.0,0.0,0.0,1,1.0,1.0,1.0
2024-05-25,AMZN,0.0,0.0,1.0,1,-0.0,0.31,0.0
2024-05-25,GOOGL,0.0001,0.0,0.9999,1,0.0001,0.9693,0.0001
2024-05-26,MSFT,0.001,0.0016,0.9974,1,-0.0006,0.3796,0.0026
2024-05-27,UNH,0.0,0.0004,0.9996,1,-0.0004,0.0254,0.0004
2024-05-28,AAPL,0.0,0.0003,0.9996,1,-0.0003,0.1043,0.0004
2024-05-28,AMZN,0.9976,0.0,0.0023,1,0.9976,1.0,0.9977
2024-05-28,GOOGL,0.0021,0.0002,0.9977,2,0.002,0.9296,0.0023
2024-05-28,JPM,0.0,0.0,1.0,1,0.0,0.8677,0.0
2024-05-28,META,0.0,0.0003,0.9996,1,-0.0003,0.1043,0.0004
2024-05-29,META,0.0,0.0,0.9999,1,-0.0,0.2732,0.0001
2024-05-29,UNH,0.0,0.0022,0.9978,1,-0.0022,0.0003,0.0022
2024-05-30,AMZN,0.3167,0.0,0.6833,3,0.3167,0.9999,0.3167
2024-05-30,GOOGL,0.0,0.0,1.0,1,-0.0,0.374,0.0
2024-05-30,META,0.6442,0.0001,0.3558,3,0.6441,0.9999,0.6442
2024-05-30,MSFT,0.0,0.0001,0.9999,2,-0.0001,0.0632,0.0001
2024-05-31,AMZN,0.8893,0.0001,0.1107,1,0.8892,0.9999,0.8893
2024-05-31,META,0.0,0.5,0.5,2,-0.5,0.0,0.5
2024-05-31,MSFT,1.0,0.0,0.0,1,1.0,1.0,1.0
2024-05-31,TSLA,0.0,0.0003,0.9997,1,-0.0003,0.0902,0.0003
2024-06-01,AMZN,0.0,0.0001,0.9999,1,-0.0001,0.1173,0.0001
2024-06-01,BRK-B,0.0,0.0,1.0,1,-0.0,0.0371,0.0
2024-06-02,META,1.0,0.0,0.0,1,1.0,1.0,1.0
2024-06-02,MSFT,1.0,0.0,0.0,1,1.0,1.0,1.0
2024-06-03,AMZN,0.0008,0.0008,0.9984,1,-0.0001,0.471,0.0016
2024-06-03,BRK-B,0.0001,0.5186,0.4814,2,-0.5185,0.0001,0.5186
2024-06-03,META,0.0,0.0,1.0,1,0.0,0.8716,0.0
2024-06-04,BRK-B,0.0007,0.2218,0.7775,3,-0.2211,0.003,0.2225
2024-06-04,MSFT,0.0,0.0,1.0,1,-0.0,0.1981,0.0
2024-06-04,UNH,0.0,0.0,1.0,1,-0.0,0.1981,0.0
2024-06-05,BRK-B,0.9998,0.0001,0.0001,1,0.9997,0.9999,0.9999
2024-06-05,GOOGL,0.0,0.0001,0.9999,1,-0.0001,0.0295,0.0001
2024-06-06,AAPL,0.0002,0.0001,0.9997,1,0.0002,0.7459,0.0003
2024-06-06,BRK-B,0.0,0.0,1.0,1,-0.0,0.0324,0.0
2024-06-06,GOOGL,0.0004,0.0,0.9996,1,0.0004,0.9883,0.0004
2024-06-06,MSFT,0.0002,0.0001,0.9997,1,0.0002,0.7459,0.0003
2024-06-07,AMZN,0.0003,0.0005,0.9992,1,-0.0002,0.3683,0.0008
2024-06-07,META,0.0,0.0,0.9999,1,-0.0,0.4751,0.0001
2024-06-08,BRK-B,0.9905,0.0017,0.0078,1,0.9888,0.9983,0.9922
2024-06-08,JPM,0.0,0.0,0.9999,1,-0.0,0.2511,0.0001
2024-06-08,META,0.0,0.0006,0.9994,1,-0.0006,0.0255,0.0006
2024-06-09,TSLA,0.0,0.0,1.0,1,-0.0,0.0395,0.0
2024-06-10,AMZN,0.0,0.0,1.0,1,-0.0,0.4677,0.0
2024-06-11,AAPL,0.4998,0.1102,0.3899,2,0.3896,0.8193,0.6101
2024-06-11,AMZN,0.9984,0.0013,0.0003,1,0.997,0.9987,0.9997
2024-06-11,GOOGL,0.9943,0.0046,0.0011,1,0.9897,0.9954,0.9989
2024-06-11,META,1.0,0.0,0.0,1,1.0,1.0,1.0
2024-06-12,GOOGL,0.0001,0.0,0.9999,1,0.0001,0.8864,0.0001
2024-06-12,JPM,0.0003,0.0001,0.9996,1,0.0002,0.7606,0.0004
2024-06-12,META,1.0,0.0,0.0,1,1.0,1.0,1.0
2024-06-13,AAPL,0.9987,0.0,0.0013,1,0.9987,1.0,0.9987
2024-06-13,META,0.0,0.0,0.9999,1,-0.0,0.2467,0.0001
2024-06-13,MSFT,0.001,0.1317,0.8673,1,-0.1307,0.0075,0.1327
2024-06-13,TSLA,0.6157,0.0,0.3843,1,0.6157,1.0,0.6157
2024-06-14,GOOGL,0.0005,0.0,0.9995,1,0.0005,0.9993,0.0005
2024-06-14,MSFT,0.0,0.0003,0.9997,1,-0.0003,0.0234,0.0003
2024-06-14,TSLA,1.0,0.0,0.0,1,1.0,1.0,1.0
2024-06-17,AAPL,0.9904,0.0004,0.0093,1,0.99,0.9996,0.9907
2024-06-17,AMZN,0.0,0.0,1.0,2,-0.0,0.0091,0.0
2024-06-17,BRK-B,0.0,0.0001,0.9999,1,-0.0001,0.0249,0.0001
2024-06-18,AAPL,0.5922,0.0041,0.4037,1,0.5881,0.9931,0.5963
2024-06-18,AMZN,0.5922,0.0041,0.4037,1,0.5881,0.9931,0.5963
2024-06-18,BRK-B,0.0001,0.0001,0.9998,2,-0.0,0.4224,0.0002
2024-06-19,AMZN,0.0,0.0001,0.9999,1,-0.0,0.3988,0.0001
2024-06-19,GOOGL,0.0,0.0,1.0,1,-0.0,0.1789,0.0
2024-06-20,AMZN,0.0002,0.0013,0.9985,1,-0.001,0.1619,0.0015
2024-06-20,GOOGL,0.0,0.0003,0.9997,1,-0.0003,0.0734,0.0003
2024-06-20,META,1.0,0.0,0.0,1,1.0,1.0,1.0
2024-06-21,AMZN,0.0,0.0,1.0,1,-0.0,0.1563,0.0
2024-06-21,META,0.0001,0.0041,0.9958,1,-0.004,0.0266,0.0042
2024-06-21,MSFT,0.0,1.0,0.0,1,-1.0,0.0,1.0
2024-06-23,AMZN,0.0414,0.0009,0.9577,1,0.0405,0.9785,0.0423
2024-06-23,BRK-B,0.0,0.0,1.0,1,-0.0,0.1169,0.0
2024-06-24,AMZN,0.0,0.0,1.0,1,-0.0,0.0491,0.0
2024-06-25,META,0.0,0.0009,0.9991,2,-0.0008,0.0451,0.0009
2024-06-26,AMZN,0.3263,0.022,0.6517,3,0.3042,0.9368,0.3483
2024-06-27,AMZN,0.0004,0.1086,0.891,3,-0.1082,0.0038,0.109
2024-06-27,MSFT,1.0,0.0,0.0,1,1.0,1.0,1.0
2024-06-27,TSLA,0.0,0.0001,0.9999,1,-0.0001,0.1275,0.0001
2024-06-28,AAPL,0.0,0.0,1.0,2,-0.0,0.1083,0.0
2024-06-28,AMZN,0.0002,0.0,0.9998,1,0.0002,0.9613,0.0002
2024-06-28,JPM,1.0,0.0,0.0,1,1.0,1.0,1.0
2024-06-29,BRK-B,0.0,0.0001,0.9999,1,-0.0001,0.1923,0.0001
2024-06-29,GOOGL,0.9625,0.0001,0.0374,1,0.9623,0.9998,0.9626
2024-06-30,BRK-B,0.0,0.0001,0.9999,1,-0.0001,0.0754,0.0001
2024-07-01,JPM,0.9997,0.0002,0.0001,1,0.9994,0.9998,0.9999
2024-07-03,AMZN,0.4996,0.0001,0.5003,2,0.4995,0.9998,0.4997
2024-07-03,GOOGL,0.4994,0.4999,0.0006,2,-0.0005,0.4997,0.9994
2024-07-03,JPM,0.0,0.0327,0.9673,2,-0.0327,0.0004,0.0327
2024-07-03,META,0.9988,0.0,0.0011,1,0.9988,1.0,0.9989
2024-07-03,MSFT,0.0001,0.0003,0.9996,1,-0.0001,0.3311,0.0004
2024-07-03,TSLA,1.0,0.0,0.0,1,1.0,1.0,1.0
2024-07-04,AMZN,0.004,0.0313,0.9647,1,-0.0273,0.1128,0.0353
2024-07-05,AMZN,0.0026,0.0002,0.9973,1,0.0024,0.9402,0.0027
2024-07-05,GOOGL,0.9961,0.0002,0.0037,1,0.9959,0.9998,0.9963
2024-07-05,META,0.0,0.0001,0.9999,1,-0.0,0.1804,0.0001
2024-07-05,TSLA,0.2691,0.0112,0.7197,1,0.2579,0.96,0.2803
2024-07-06,AMZN,1.0,0.0,0.0,1,1.0,1.0,1.0
2024-07-08,META,1.0,0.0,0.0,1,1.0,1.0,1.0
2024-07-08,MSFT,0.9999,0.0,0.0001,1,0.9999,1.0,0.9999
2024-07-10,AMZN,0.0001,0.0001,0.9997,1,0.0,0.5089,0.0003
2024-07-10,META,0.0005,0.0,0.9995,1,0.0005,0.9946,0.0005
2024-07-10,MSFT,0.0,0.0002,0.9998,1,-0.0001,0.1042,0.0002
2024-07-10,TSLA,0.0,0.0001,0.9999,1,-0.0001,0.0353,0.0001
2024-07-10,UNH,0.0,0.0,1.0,1,-0.0,0.2843,0.0
2024-07-11,JPM,0.9999,0.0,0.0001,1,0.9999,1.0,0.9999
2024-07-12,AAPL,0.0034,0.0005,0.9962,1,0.0029,0.8754,0.0038
2024-07-12,JPM,1.0,0.0,0.0,1,1.0,1.0,1.0
2024-07-12,META,0.0,0.0,1.0,1,-0.0,0.1758,0.0
2024-07-13,MSFT,0.0002,0.0,0.9998,1,0.0002,0.9339,0.0002
2024-07-14,GOOGL,1.0,0.0,0.0,1,1.0,1.0,1.0
2024-07-15,AAPL,0.7542,0.0003,0.2455,1,0.7539,0.9996,0.7545
2024-07-15,GOOGL,0.7542,0.0003,0.2455,1,0.7539,0.9996,0.7545
2024-07-15,META,0.0,0.0001,0.9999,1,-0.0001,0.191,0.0001
2024-07-15,MSFT,0.7542,0.0003,0.2455,1,0.7539,0.9996,0.7545
2024-07-16,AAPL,0.0002,0.0004,0.9994,1,-0.0003,0.2862,0.0006
2024-07-16,AMZN,0.0,0.0,1.0,2,-0.0,0.2518,0.0
2024-07-16,GOOGL,0.0,0.0,1.0,1,-0.0,0.4089,0.0
2024-07-16,JPM,1.0,0.0,0.0,1,1.0,1.0,1.0
2024-07-16,UNH,0.2345,0.3401,0.4254,1,-0.1056,0.4081,0.5746
2024-07-17,AMZN,0.5,0.0,0.5,2,0.5,1.0,0.5
2024-07-17,GOOGL,0.0,0.0,1.0,1,-0.0,0.1408,0.0
2024-07-17,JPM,0.0,0.0,1.0,1,-0.0,0.0479,0.0
2024-07-17,UNH,0.3599,0.1964,0.4437,1,0.1635,0.647,0.5563
2024-07-18,GOOGL,0.0002,0.0,0.9998,3,0.0002,0.8688,0.0002
2024-07-18,META,0.0001,0.0001,0.9999,1,0.0,0.5104,0.0001
2024-07-19,AMZN,0.9274,0.0,0.0725,1,0.9274,1.0,0.9275
2024-07-19,BRK-B,0.0,0.0,1.0,1,-0.0,0.0124,0.0
2024-07-19,GOOGL,0.0,0.0001,0.9999,1,-0.0001,0.0111,0.0001
2024-07-19,JPM,0.0,0.0,1.0,1,-0.0,0.2778,0.0
2024-07-19,TSLA,0.0,0.0,1.0,1,0.0,0.5393,0.0
2024-07-19,UNH,0.0622,0.0002,0.9376,1,0.062,0.9962,0.0624
2024-07-20,AAPL,0.0,0.0,1.0,1,-0.0,0.3504,0.0
2024-07-20,MSFT,0.0,0.0,1.0,1,-0.0,0.401,0.0
2024-07-22,BRK-B,0.9879,0.0105,0.0016,1,0.9774,0.9895,0.9984
2024-07-22,GOOGL,0.997,0.0,0.003,1,0.997,1.0,0.997
2024-07-22,JPM,0.0,0.366,0.634,1,-0.366,0.0,0.366
2024-07-22,UNH,1.0,0.0,0.0,1,1.0,1.0,1.0
2024-07-23,AMZN,1.0,0.0,0.0,1,1.0,1.0,1.0
2024-07-23,GOOGL,0.0288,0.9711,0.0001,1,-0.9422,0.0288,0.9999
2024-07-23,TSLA,0.0,1.0,0.0,1,-1.0,0.0,1.0
2024-07-24,AMZN,0.0,0.0,1.0,1,-0.0,0.2097,0.0
2024-07-24,GOOGL,0.9999,0.0,0.0,1,0.9999,1.0,1.0
2024-07-25,BRK-B,0.0,0.0003,0.9997,1,-0.0003,0.0011,0.0003
2024-07-25,GOOGL,0.0001,0.0,0.9999,1,0.0001,0.8745,0.0001
2024-07-26,BRK-B,0.0,0.0,1.0,2,-0.0,0.1198,0.0
2024-07-26,GOOGL,0.0068,0.0,0.9932,1,0.0068,0.9946,0.0068
2024-07-28,META,0.0002,0.0156,0.9842,1,-0.0154,0.0126,0.0158
2024-07-29,AMZN,0.0238,0.0138,0.9624,1,0.01,0.6325,0.0376
2024-07-29,JPM,0.0,0.0001,0.9998,1,-0.0001,0.1736,0.0002
2024-07-29,META,0.0238,0.0138,0.9624,1,0.01,0.6325,0.0376
2024-07-30,BRK-B,0.0,0.0,1.0,1,-0.0,0.0338,0.0
2024-07-30,META,0.9915,0.0,0.0084,1,0.9915,1.0,0.9916
2024-07-30,MSFT,0.924,0.0751,0.0009,1,0.8489,0.9248,0.9991
2024-07-31,META,1.0,0.0,0.0,1,1.0,1.0,1.0
2024-08-01,AAPL,1.0,0.0,0.0,1,1.0,1.0,1.0
2024-08-01,AMZN,0.0,1.0,0.0,1,-1.0,0.0,1.0
2024-08-01,META,0.2503,0.2496,0.5001,4,0.0007,0.5007,0.4999
2024-08-02,AMZN,0.0001,0.6198,0.3801,5,-0.6197,0.0002,0.6199
2024-08-02,BRK-B,0.0595,0.0013,0.9392,4,0.0582,0.9785,0.0608
2024-08-02,MSFT,0.0,1.0,0.0,1,-0.9999,0.0,1.0
2024-08-02,TSLA,0.0,0.5,0.5,2,-0.5,0.0,0.5
2024-08-03,META,0.003,0.0014,0.9956,1,0.0017,0.6895,0.0044
2024-08-04,AMZN,0.0001,0.6274,0.3725,1,-0.6272,0.0002,0.6275
2024-08-05,AAPL,0.0074,0.0007,0.9919,1,0.0068,0.9176,0.0081
2024-08-05,GOOGL,0.0076,0.5395,0.4529,2,-0.5319,0.0139,0.5471
2024-08-05,JPM,0.0,0.0,1.0,1,-0.0,0.4559,0.0
2024-08-05,META,0.7299,0.0008,0.2693,1,0.7292,0.9989,0.7307
2024-08-05,MSFT,0.6519,0.0,0.3481,1,0.6519,0.9999,0.6519
2024-08-06,AAPL,0.0001,0.0062,0.9937,2,-0.0061,0.0152,0.0063
2024-08-06,AMZN,0.0007,0.3015,0.6978,2,-0.3008,0.0023,0.3022
2024-08-06,BRK-B,0.0178,0.0036,0.9786,1,0.0143,0.8336,0.0214
2024-08-08,AMZN,0.0131,0.0159,0.9711,1,-0.0028,0.4516,0.0289
2024-08-08,BRK-B,0.0,0.0,1.0,1,-0.0,0.1648,0.0
2024-08-08,GOOGL,0.0131,0.0159,0.9711,1,-0.0028,0.4516,0.0289
2024-08-08,JPM,0.0001,0.3837,0.6162,2,-0.3837,0.0002,0.3838
2024-08-08,MSFT,0.0,0.0,1.0,1,-0.0,0.0806,0.0
2024-08-09,MSFT,0.0,0.0,1.0,1,-0.0,0.2521,0.0
2024-08-10,BRK-B,0.0,0.0,1.0,1,-0.0,0.0466,0.0
2024-08-10,MSFT,1.0,0.0,0.0,1,1.0,1.0,1.0
2024-08-13,AMZN,0.0,0.0,1.0,1,-0.0,0.0519,0.0
2024-08-14,TSLA,0.5023,0.0002,0.4975,2,0.5022,0.9997,0.5025
2024-08-15,GOOGL,0.4992,0.0,0.5007,2,0.4992,1.0,0.4993
2024-08-15,MSFT,0.7362,0.0033,0.2605,1,0.7329,0.9955,0.7395
2024-08-16,GOOGL,0.0001,0.496,0.5039,2,-0.4959,0.0002,0.4961
2024-08-18,AMZN,0.0001,0.0012,0.9987,2,-0.0011,0.0764,0.0013
2024-08-19,MSFT,1.0,0.0,0.0,1,1.0,1.0,1.0
2024-08-19,TSLA,1.0,0.0,0.0,1,1.0,1.0,1.0
2024-08-20,AMZN,0.9917,0.0008,0.0075,1,0.9909,0.9992,0.9925
2024-08-20,BRK-B,0.0,0.0,1.0,1,-0.0,0.0083,0.0
2024-08-21,BRK-B,0.0,0.0002,0.9998,1,-0.0002,0.0107,0.0002
2024-08-21,GOOGL,0.0,0.0001,0.9999,1,-0.0001,0.0296,0.0001
2024-08-21,MSFT,0.0,0.0003,0.9997,1,-0.0003,0.0504,0.0003
2024-08-22,AMZN,0.9746,0.0,0.0253,1,0.9746,1.0,0.9747
2024-08-22,GOOGL,0.5001,0.0063,0.4936,2,0.4938,0.9876,0.5064
2024-08-22,JPM,1.0,0.0,0.0,1,1.0,1.0,1.0
2024-08-22,META,0.7905,0.0125,0.1969,1,0.778,0.9844,0.8031
2024-08-23,AAPL,0.0027,0.0401,0.9573,1,-0.0374,0.0631,0.0427
2024-08-24,AAPL,0.0,0.0,1.0,1,-0.0,0.2348,0.0
2024-08-24,AMZN,0.0,0.0002,0.9998,1,-0.0002,0.0887,0.0002
2024-08-25,AMZN,0.0,0.0001,0.9999,1,-0.0001,0.0385,0.0001
2024-08-25,BRK-B,0.672,0.0061,0.3219,1,0.6658,0.9909,0.6781
2024-08-25,META,0.0001,0.0003,0.9997,1,-0.0002,0.1829,0.0003
2024-08-27,BRK-B,0.0,0.0,1.0,1,-0.0,0.0377,0.0
2024-08-27,JPM,0.0004,0.0034,0.9962,1,-0.003,0.1007,0.0038
2024-08-27,UNH,0.6217,0.0018,0.3765,1,0.6199,0.9971,0.6235
2024-08-28,AMZN,0.0016,0.0004,0.9979,1,0.0012,0.7847,0.0021
2024-08-28,BRK-B,0.0,0.0,1.0,1,-0.0,0.1308,0.0
2024-08-29,JPM,1.0,0.0,0.0,1,1.0,1.0,1.0
2024-08-30,AAPL,0.0,0.0001,0.9999,1,-0.0001,0.0487,0.0001
2024-08-30,AMZN,0.2035,0.0067,0.7898,2,0.1968,0.9681,0.2102
2024-08-30,BRK-B,0.0,0.0,1.0,1,-0.0,0.1094,0.0
2024-08-30,GOOGL,0.0029,0.0009,0.9962,1,0.002,0.757,0.0038
2024-08-31,AAPL,0.0001,0.0002,0.9997,1,-0.0,0.4459,0.0003
2024-08-31,BRK-B,0.0,0.0,1.0,1,-0.0,0.236,0.0
2024-08-31,GOOGL,0.0032,0.0008,0.996,2,0.0025,0.8078,0.004
2024-09-02,JPM,0.0001,0.3235,0.6765,1,-0.3234,0.0002,0.3235
2024-09-03,AMZN,0.134,0.0011,0.8649,1,0.1329,0.9919,0.1351
2024-09-04,AAPL,0.0,0.0,1.0,1,-0.0,0.0504,0.0
2024-09-04,AMZN,0.0001,0.0,0.9999,3,0.0001,0.7076,0.0001
2024-09-05,META,0.0024,0.0001,0.9975,1,0.0023,0.9693,0.0025
2024-09-05,TSLA,1.0,0.0,0.0,1,1.0,1.0,1.0
2024-09-07,AAPL,0.0,0.0005,0.9995,1,-0.0005,0.0136,0.0005
2024-09-07,BRK-B,0.0,0.0,1.0,1,-0.0,0.0776,0.0
2024-09-07,MSFT,0.5,0.0,0.5,2,0.5,1.0,0.5
2024-09-08,AAPL,0.0001,0.025,0.9749,1,-0.0248,0.0049,0.0251
2024-09-09,AAPL,0.0162,0.0012,0.9826,1,0.015,0.9322,0.0174
2024-09-09,AMZN,0.0162,0.0012,0.9826,1,0.015,0.9322,0.0174
2024-09-10,AAPL,0.0,0.0004,0.9996,1,-0.0004,0.0002,0.0004
2024-09-10,AMZN,0.7262,0.0008,0.273,2,0.7254,0.9989,0.727
2024-09-10,JPM,0.0,0.7499,0.2501,4,-0.7499,0.0,0.7499
2024-09-11,AMZN,0.5,0.0015,0.4985,2,0.4985,0.997,0.5015
2024-09-11,GOOGL,1.0,0.0,0.0,1,1.0,1.0,1.0
2024-09-12,BRK-B,0.0,0.0016,0.9984,1,-0.0016,0.0044,0.0016
2024-09-13,AAPL,0.0,0.0,0.9999,2,-0.0,0.4186,0.0001
2024-09-13,BRK-B,0.0,0.0,1.0,2,-0.0,0.0784,0.0
2024-09-13,GOOGL,0.8097,0.0098,0.1804,1,0.7999,0.988,0.8196
2024-09-13,JPM,0.0002,0.0065,0.9934,1,-0.0063,0.0256,0.0066
2024-09-13,MSFT,0.0,0.0,1.0,1,0.0,0.7769,0.0
2024-09-13,TSLA,0.0,0.0,1.0,1,-0.0,0.0381,0.0
2024-09-14,BRK-B,0.1412,0.0008,0.858,3,0.1405,0.9947,0.142
2024-09-14,GOOGL,0.0024,0.9882,0.0094,1,-0.9858,0.0024,0.9906
2024-09-16,AAPL,0.0,0.8818,0.1182,1,-0.8818,0.0,0.8818
2024-09-16,AMZN,0.0241,0.0486,0.9273,2,-0.0245,0.3313,0.0727
2024-09-16,BRK-B,0.0,0.0002,0.9998,1,-0.0002,0.0212,0.0002
2024-09-17,AMZN,0.9986,0.0,0.0014,1,0.9986,1.0,0.9986
2024-09-17,META,0.0007,0.0,0.9993,1,0.0007,0.9968,0.0007
2024-09-18,AAPL,0.0,0.0,1.0,1,-0.0,0.1241,0.0
2024-09-18,META,0.0038,0.0163,0.9799,1,-0.0125,0.1893,0.0201
2024-09-18,MSFT,0.0,0.0004,0.9996,2,-0.0004,0.0411,0.0004
2024-09-18,TSLA,0.0059,0.0116,0.9825,1,-0.0056,0.3388,0.0175
2024-09-19,AMZN,0.7715,0.1746,0.0539,2,0.597,0.8155,0.9461
2024-09-19,JPM,0.0,0.0,1.0,1,-0.0,0.0122,0.0
2024-09-20,MSFT,0.5,0.0,0.4999,2,0.5,0.9999,0.5001
2024-09-21,AMZN,0.0,0.0,1.0,1,-0.0,0.005,0.0
2024-09-21,MSFT,0.0,0.0,1.0,1,-0.0,0.0917,0.0
2024-09-22,AMZN,0.8772,0.0,0.1228,1,0.8772,1.0,0.8772
2024-09-22,GOOGL,0.9998,0.0,0.0002,1,0.9998,1.0,0.9998
2024-09-24,AMZN,1.0,0.0,0.0,1,1.0,1.0,1.0
2024-09-24,JPM,1.0,0.0,0.0,1,1.0,1.0,1.0
2024-09-24,META,0.2944,0.0,0.7055,1,0.2944,0.9999,0.2945
2024-09-25,GOOGL,0.0002,0.0001,0.9997,1,0.0002,0.7564,0.0003
2024-09-25,JPM,0.0,0.0,1.0,1,-0.0,0.1546,0.0
2024-09-25,META,0.0,0.002,0.9979,2,-0.002,0.008,0.0021
2024-09-26,AAPL,0.0,0.0,1.0,1,-0.0,0.119,0.0
2024-09-26,AMZN,0.5,0.0,0.5,2,0.5,1.0,0.5
2024-09-26,GOOGL,0.0,0.0009,0.9991,1,-0.0009,0.0117,0.0009
2024-09-26,META,0.0,0.0,1.0,1,-0.0,0.119,0.0
2024-09-27,AMZN,0.9999,0.0,0.0001,1,0.9999,1.0,0.9999
2024-09-28,GOOGL,1.0,0.0,0.0,1,1.0,1.0,1.0
2024-09-30,JPM,0.0001,0.0041,0.9958,1,-0.0039,0.0348,0.0042
2024-09-30,META,0.6596,0.0001,0.3403,1,0.6595,0.9999,0.6597
2024-10-01,AAPL,0.0,0.0003,0.9997,1,-0.0003,0.0039,0.0003
2024-10-01,JPM,1.0,0.0,0.0,1,1.0,1.0,1.0
2024-10-01,MSFT,0.0005,0.9994,0.0001,1,-0.999,0.0005,0.9999
2024-10-02,AMZN,0.798,0.0001,0.2019,1,0.7979,0.9999,0.7981
2024-10-02,TSLA,0.0,1.0,0.0,1,-1.0,0.0,1.0
2024-10-03,AMZN,0.4947,0.0001,0.5052,2,0.4947,0.9999,0.4948
2024-10-03,JPM,0.9996,0.0,0.0004,1,0.9995,1.0,0.9996
2024-10-03,META,0.1024,0.0016,0.896,3,0.1008,0.9847,0.104
2024-10-04,AMZN,0.977,0.0009,0.022,1,0.9761,0.999,0.978
2024-10-04,META,0.4993,0.0,0.5007,2,0.4993,1.0,0.4993
2024-10-05,AAPL,0.0,0.0007,0.9993,1,-0.0006,0.0509,0.0007
2024-10-05,META,0.0,0.0007,0.9993,1,-0.0006,0.0509,0.0007
2024-10-06,AMZN,0.0,0.0004,0.9996,1,-0.0003,0.048,0.0004
2024-10-07,GOOGL,1.0,0.0,0.0,1,1.0,1.0,1.0
2024-10-07,JPM,0.0,0.0,1.0,1,0.0,0.842,0.0
2024-10-07,MSFT,1.0,0.0,0.0,1,1.0,1.0,1.0
2024-10-08,AAPL,0.0001,0.0118,0.9881,1,-0.0117,0.0107,0.0119
2024-10-08,META,0.4724,0.0287,0.4989,2,0.4438,0.9428,0.5011
2024-10-08,MSFT,0.0,1.0,0.0,2,-1.0,0.0,1.0
2024-10-08,TSLA,0.0,0.0,1.0,1,-0.0,0.2161,0.0
2024-10-09,AMZN,0.1056,0.0049,0.8895,1,0.1007,0.9556,0.1105
2024-10-09,MSFT,0.1056,0.0049,0.8895,1,0.1007,0.9556,0.1105
2024-10-10,BRK-B,0.0157,0.0018,0.9825,1,0.014,0.8988,0.0175
2024-10-10,META,0.9997,0.0,0.0003,1,0.9997,1.0,0.9997
2024-10-10,MSFT,0.0943,0.0003,0.9055,1,0.094,0.9973,0.0945
2024-10-11,BRK-B,0.0,0.0,1.0,1,-0.0,0.0601,0.0
2024-10-11,JPM,1.0,0.0,0.0,2,1.0,1.0,1.0
2024-10-11,TSLA,0.0,1.0,0.0,1,-1.0,0.0,1.0
2024-10-11,UNH,0.0001,0.0021,0.9977,1,-0.002,0.056,0.0023
2024-10-12,META,0.0,0.0001,0.9999,1,-0.0001,0.0974,0.0001
2024-10-12,MSFT,0.0,0.0,1.0,1,-0.0,0.0361,0.0
2024-10-13,BRK-B,0.0,0.0002,0.9998,1,-0.0002,0.0627,0.0002
2024-10-13,MSFT,0.0183,0.0002,0.9816,1,0.0181,0.9897,0.0184
2024-10-14,BRK-B,0.9699,0.0004,0.0297,1,0.9695,0.9996,0.9703
2024-10-14,GOOGL,1.0,0.0,0.0,1,1.0,1.0,1.0
2024-10-14,MSFT,0.0,0.0,1.0,1,0.0,0.5913,0.0
2024-10-15,UNH,0.0,1.0,0.0,2,-1.0,0.0,1.0
2024-10-16,AMZN,0.2003,0.001,0.7987,3,0.1993,0.995,0.2013
2024-10-16,JPM,0.0,0.9998,0.0001,1,-0.9998,0.0,0.9999
2024-10-17,AMZN,0.0,0.0,1.0,1,-0.0,0.088,0.0
2024-10-17,MSFT,0.1552,0.0048,0.8401,1,0.1504,0.9703,0.1599
2024-10-18,AMZN,0.0,0.0001,0.9999,2,-0.0001,0.044,0.0001
2024-10-18,JPM,0.0015,0.0031,0.9954,1,-0.0016,0.3255,0.0046
2024-10-18,META,0.0001,0.0001,0.9999,1,0.0,0.55,0.0001
2024-10-20,AAPL,0.0,0.0,1.0,1,-0.0,0.1485,0.0
2024-10-20,GOOGL,0.0,0.0,1.0,1,-0.0,0.0877,0.0
2024-10-20,TSLA,0.1607,0.0082,0.8311,1,0.1525,0.9514,0.1689
2024-10-21,AAPL,0.0909,0.005,0.9042,1,0.0859,0.9482,0.0958
2024-10-21,BRK-B,0.0,0.0013,0.9987,1,-0.0012,0.0105,0.0013
2024-10-21,JPM,0.0004,0.9996,0.0,1,-0.9992,0.0004,1.0
2024-10-21,MSFT,0.0,0.0,1.0,1,-0.0,0.1938,0.0
2024-10-22,AMZN,0.4944,0.0001,0.5055,2,0.4942,0.9997,0.4945
2024-10-22,META,0.0,0.0,1.0,1,-0.0,0.0869,0.0
2024-10-23,AMZN,0.0,0.0001,0.9999,1,-0.0001,0.0045,0.0001
2024-10-23,BRK-B,0.0001,0.0001,0.9997,1,0.0,0.5271,0.0003
2024-10-23,GOOGL,1.0,0.0,0.0,1,1.0,1.0,1.0
2024-10-23,META,1.0,0.0,0.0,1,1.0,1.0,1.0
2024-10-23,TSLA,0.5,0.0,0.5,2,0.5,1.0,0.5
2024-10-24,GOOGL,0.0092,0.9863,0.0045,1,-0.9772,0.0092,0.9955
2024-10-24,TSLA,0.0,0.5,0.5,2,-0.5,0.0,0.5
2024-10-25,GOOGL,0.0,0.0,1.0,1,0.0,0.645,0.0
2024-10-27,AAPL,0.0,0.0,1.0,1,-0.0,0.0613,0.0
2024-10-27,AMZN,0.0,0.0001,0.9999,1,-0.0001,0.1037,0.0001
2024-10-27,META,0.0,0.0,1.0,1,-0.0,0.1038,0.0
2024-10-28,AMZN,1.0,0.0,0.0,1,1.0,1.0,1.0
2024-10-28,TSLA,0.0,0.0,1.0,1,-0.0,0.033,0.0
2024-10-29,AAPL,0.0,0.0,1.0,1,-0.0,0.0299,0.0
2024-10-29,GOOGL,0.9975,0.0018,0.0007,2,0.9957,0.9982,0.9993
2024-10-30,AMZN,0.0,0.0001,0.9999,1,-0.0001,0.0273,0.0001
2024-10-30,META,0.4179,0.2202,0.3619,5,0.1977,0.6549,0.6381
2024-10-30,MSFT,0.0,1.0,0.0,2,-1.0,0.0,1.0
2024-10-31,AAPL,1.0,0.0,0.0,1,1.0,1.0,1.0
2024-10-31,AMZN,1.0,0.0,0.0,3,1.0,1.0,1.0
2024-10-31,GOOGL,0.0,0.7722,0.2278,1,-0.7722,0.0,0.7722
2024-10-31,META,0.0263,0.3497,0.6239,3,-0.3234,0.0701,0.3761
2024-10-31,MSFT,0.0001,0.9932,0.0068,1,-0.9931,0.0001,0.9932
2024-11-01,AAPL,0.0,0.0,1.0,2,-0.0,0.1552,0.0
2024-11-01,AMZN,0.827,0.0001,0.1729,2,0.8269,0.9999,0.8271
2024-11-01,JPM,0.0768,0.0678,0.8554,1,0.009,0.5312,0.1446
2024-11-02,BRK-B,0.0111,0.0026,0.9862,1,0.0085,0.8098,0.0138
2024-11-03,UNH,0.0001,0.0,0.9999,1,0.0,0.7436,0.0001
2024-11-04,AMZN,0.0002,0.0738,0.926,1,-0.0736,0.0027,0.074
2024-11-04,BRK-B,0.0,0.0,1.0,1,-0.0,0.2183,0.0
2024-11-04,META,1.0,0.0,0.0,1,1.0,1.0,1.0
2024-11-05,GOOGL,0.5,0.4999,0.0001,2,0.0002,0.5001,0.9999
2024-11-05,META,0.9996,0.0,0.0003,1,0.9996,1.0,0.9997
2024-11-05,UNH,0.0,0.0034,0.9966,1,-0.0033,0.0049,0.0034
2024-11-06,AAPL,0.033,0.0009,0.9661,1,0.0322,0.9749,0.0339
2024-11-06,AMZN,0.505,0.1625,0.3325,2,0.3425,0.7566,0.6675
2024-11-06,MSFT,0.4809,0.0003,0.5188,1,0.4806,0.9994,0.4812
2024-11-06,UNH,0.0001,0.0,0.9999,1,0.0001,0.9668,0.0001
2024-11-07,AAPL,0.0,0.0,1.0,1,-0.0,0.0645,0.0
2024-11-07,AMZN,0.0054,0.0001,0.9945,1,0.0053,0.9888,0.0055
2024-11-07,JPM,0.0,1.0,0.0,1,-0.9999,0.0,1.0
2024-11-07,MSFT,0.039,0.0018,0.9592,2,0.0372,0.9552,0.0408
2024-11-09,JPM,0.5061,0.1334,0.3605,2,0.3727,0.7914,0.6395
2024-11-09,META,0.0,0.0,0.9999,1,-0.0,0.4695,0.0001
2024-11-10,MSFT,0.0002,0.0005,0.9993,1,-0.0003,0.2633,0.0007
2024-11-11,META,0.0,0.0071,0.9929,1,-0.0071,0.0019,0.0071
2024-11-11,TSLA,0.0,0.0,1.0,1,-0.0,0.0973,0.0
2024-11-12,AMZN,0.0,0.0,1.0,1,-0.0,0.199,0.0
2024-11-12,META,0.0,0.0,1.0,1,-0.0,0.0216,0.0
2024-11-12,UNH,0.0003,0.7473,0.2524,1,-0.7471,0.0003,0.7476
2024-11-13,BRK-B,0.0148,0.2048,0.7804,1,-0.1901,0.0672,0.2196
2024-11-13,JPM,0.9175,0.0819,0.0006,1,0.8356,0.918,0.9994
2024-11-14,AMZN,0.0021,0.54,0.4579,5,-0.5379,0.0038,0.5421
2024-11-14,GOOGL,0.0,0.0001,0.9999,1,-0.0001,0.0068,0.0001
2024-11-14,META,0.0,0.0,1.0,1,-0.0,0.0605,0.0
2024-11-14,MSFT,0.0013,0.3388,0.6599,1,-0.3376,0.0037,0.3401
2024-11-15,AMZN,0.0,0.0,1.0,2,-0.0,0.3643,0.0
2024-11-15,GOOGL,0.0,0.0,1.0,1,0.0,0.8104,0.0
2024-11-15,META,1.0,0.0,0.0,1,1.0,1.0,1.0
2024-11-16,AMZN,0.0,0.0002,0.9997,1,-0.0002,0.0946,0.0003
2024-11-16,META,1.0,0.0,0.0,1,1.0,1.0,1.0
2024-11-17,META,0.0,0.0001,0.9999,1,-0.0,0.3752,0.0001
2024-11-18,AAPL,0.3038,0.0018,0.6945,1,0.302,0.9942,0.3055
2024-11-18,AMZN,0.0,0.001,0.999,1,-0.0009,0.039,0.001
2024-11-18,BRK-B,0.1013,0.0007,0.8981,3,0.1006,0.9934,0.1019
2024-11-18,JPM,1.0,0.0,0.0,1,1.0,1.0,1.0
2024-11-18,TSLA,0.0002,0.0018,0.9981,1,-0.0016,0.084,0.0019
2024-11-20,META,0.0001,0.0,0.9999,1,0.0001,0.7254,0.0001
2024-11-20,TSLA,0.0001,0.0012,0.9987,1,-0.0011,0.0915,0.0013
2024-11-21,AAPL,0.0,0.0,1.0,1,-0.0,0.0114,0.0
2024-11-21,GOOGL,0.0066,0.6197,0.3738,3,-0.6131,0.0105,0.6262
2024-11-22,GOOGL,0.5,0.5,0.0001,2,-0.0,0.5,0.9999
2024-11-22,MSFT,0.0,0.0,1.0,1,-0.0,0.2297,0.0
2024-11-23,AMZN,0.0015,0.0001,0.9984,1,0.0015,0.9629,0.0016
2024-11-23,META,0.0015,0.0001,0.9984,1,0.0015,0.9629,0.0016
2024-11-25,AMZN,0.0,0.0,1.0,1,-0.0,0.0754,0.0
2024-11-25,GOOGL,0.5267,0.0061,0.4672,1,0.5205,0.9885,0.5328
2024-11-27,BRK-B,0.0142,0.9854,0.0004,1,-0.9711,0.0142,0.9996
2024-11-27,GOOGL,0.0042,0.3196,0.6762,1,-0.3154,0.0131,0.3238
2024-11-29,AMZN,0.0,0.0,1.0,1,-0.0,0.0962,0.0
2024-11-30,AMZN,0.3664,0.0068,0.6267,1,0.3596,0.9817,0.3733
2024-12-01,AMZN,1.0,0.0,0.0,1,1.0,1.0,1.0
2024-12-01,BRK-B,0.9993,0.0,0.0007,1,0.9993,1.0,0.9993
2024-12-02,AAPL,0.0,0.0012,0.9988,1,-0.0012,0.0118,0.0012
2024-12-02,BRK-B,0.0,0.0,1.0,1,-0.0,0.086,0.0
2024-12-02,JPM,0.0061,0.002,0.9919,2,0.004,0.7487,0.0081
2024-12-03,AMZN,0.0001,0.8933,0.1066,1,-0.8931,0.0001,0.8934
2024-12-03,META,1.0,0.0,0.0,1,1.0,1.0,1.0
2024-12-03,TSLA,1.0,0.0,0.0,1,1.0,1.0,1.0
2024-12-04,AMZN,0.3557,0.3126,0.3316,3,0.0431,0.5322,0.6684
2024-12-04,META,0.0007,0.0,0.9993,1,0.0007,0.9899,0.0007
2024-12-04,UNH,0.0,0.0509,0.9491,2,-0.0509,0.0002,0.0509
2024-12-05,AAPL,0.0,0.0,1.0,1,-0.0,0.3355,0.0
2024-12-05,AMZN,0.0001,0.0001,0.9998,1,-0.0,0.4442,0.0002
2024-12-05,META,0.9999,0.0,0.0001,1,0.9999,1.0,0.9999
2024-12-05,UNH,0.0125,0.3025,0.6851,1,-0.29,0.0396,0.3149
2024-12-06,AAPL,1.0,0.0,0.0,1,1.0,1.0,1.0
2024-12-06,AMZN,0.5133,0.0002,0.4864,1,0.5131,0.9995,0.5136
2024-12-06,BRK-B,0.9999,0.0,0.0001,1,0.9999,1.0,0.9999
2024-12-06,GOOGL,0.0019,0.0038,0.9943,1,-0.0019,0.3334,0.0057
2024-12-06,META,1.0,0.0,0.0,1,1.0,1.0,1.0
2024-12-06,UNH,0.0,0.0046,0.9954,1,-0.0046,0.0055,0.0046
2024-12-07,JPM,0.0001,0.031,0.9689,1,-0.031,0.0022,0.0311
2024-12-07,MSFT,1.0,0.0,0.0,1,1.0,1.0,1.0
2024-12-08,AMZN,0.3549,0.0008,0.6443,1,0.3541,0.9976,0.3557
2024-12-08,BRK-B,0.014,0.0002,0.9858,1,0.0137,0.9833,0.0142
2024-12-09,AMZN,0.0,0.0024,0.9976,1,-0.0024,0.0062,0.0024
2024-12-09,JPM,0.0002,0.0105,0.9894,1,-0.0103,0.0147,0.0106
2024-12-09,TSLA,0.0,0.0,0.9999,1,-0.0,0.3405,0.0001
2024-12-10,AMZN,1.0,0.0,0.0,1,1.0,1.0,1.0
2024-12-10,GOOGL,0.6662,0.0,0.3338,3,0.6662,1.0,0.6662
2024-12-10,MSFT,0.0,0.0012,0.9988,1,-0.0012,0.0044,0.0012
2024-12-10,TSLA,0.094,0.0935,0.8125,1,0.0005,0.5013,0.1875
2024-12-10,UNH,0.0,0.9997,0.0003,1,-0.9996,0.0,0.9997
2024-12-11,AAPL,0.4843,0.0,0.5156,2,0.4843,0.9999,0.4844
2024-12-11,AMZN,0.4843,0.0,0.5156,2,0.4843,0.9999,0.4844
2024-12-11,BRK-B,0.9435,0.0001,0.0564,1,0.9433,0.9999,0.9436
2024-12-11,MSFT,0.0007,0.0,0.9993,1,0.0007,0.9507,0.0007
2024-12-11,TSLA,1.0,0.0,0.0,1,1.0,1.0,1.0
2024-12-11,UNH,0.0004,0.7721,0.2274,1,-0.7717,0.0005,0.7726
2024-12-12,BRK-B,0.5527,0.0158,0.4315,2,0.5369,0.9721,0.5685
2024-12-12,META,0.0,0.0,1.0,1,-0.0,0.0372,0.0
2024-12-13,AAPL,0.0,0.0001,0.9999,1,-0.0001,0.02,0.0001
2024-12-13,GOOGL,0.0,0.0,0.9999,1,-0.0,0.387,0.0001
2024-12-13,META,0.8613,0.0,0.1387,1,0.8613,1.0,0.8613
2024-12-13,MSFT,0.0006,0.0,0.9993,1,0.0006,0.9402,0.0007
2024-12-13,UNH,0.0001,0.0025,0.9975,1,-0.0024,0.021,0.0025
2024-12-15,BRK-B,0.997,0.0,0.003,1,0.997,1.0,0.997
2024-12-15,JPM,0.0007,0.0001,0.9992,1,0.0006,0.9099,0.0008
2024-12-15,META,0.0007,0.0001,0.9992,1,0.0006,0.9099,0.0008
2024-12-16,GOOGL,0.0005,0.0008,0.9988,1,-0.0003,0.3772,0.0012
2024-12-16,META,0.0005,0.0008,0.9988,1,-0.0003,0.3772,0.0012
2024-12-16,UNH,0.0,1.0,0.0,1,-1.0,0.0,1.0
2024-12-17,AMZN,0.7293,0.082,0.1887,2,0.6474,0.899,0.8113
2024-12-17,META,0.9678,0.0,0.0322,2,0.9678,1.0,0.9678
2024-12-18,AMZN,0.0091,0.0002,0.9907,1,0.009,0.9834,0.0093
2024-12-18,GOOGL,0.0176,0.0001,0.9823,1,0.0175,0.9939,0.0177
2024-12-18,META,1.0,0.0,0.0,1,1.0,1.0,1.0
2024-12-19,AMZN,0.0,0.0,1.0,1,0.0,0.9285,0.0
2024-12-20,TSLA,0.9949,0.0033,0.0017,1,0.9916,0.9967,0.9983
2024-12-20,UNH,0.0,1.0,0.0,1,-1.0,0.0,1.0
2024-12-21,AMZN,0.1395,0.0003,0.8602,1,0.1392,0.9979,0.1398
2024-12-21,BRK-B,0.0,0.0,1.0,1,-0.0,0.2052,0.0
2024-12-22,AMZN,0.0,0.0001,0.9999,1,-0.0001,0.2887,0.0001
2024-12-22,BRK-B,0.0003,0.0001,0.9997,1,0.0002,0.8208,0.0003
2024-12-22,JPM,0.0,0.0,1.0,1,0.0,0.9481,0.0
2024-12-23,AMZN,0.5,0.0,0.5,2,0.5,1.0,0.5
2024-12-23,BRK-B,0.0001,0.0318,0.9681,2,-0.0317,0.0028,0.0319
2024-12-23,GOOGL,0.0017,0.0,0.9982,1,0.0017,0.9967,0.0018
2024-12-23,META,0.1394,0.0001,0.8605,3,0.1393,0.9994,0.1395
2024-12-24,BRK-B,0.0,0.0,1.0,1,-0.0,0.0136,0.0
2024-12-25,AMZN,0.0227,0.0131,0.9642,2,0.0096,0.6347,0.0358
2024-12-27,AMZN,0.0031,0.0002,0.9968,1,0.0029,0.9517,0.0032
2024-12-27,BRK-B,0.0,0.0,1.0,3,-0.0,0.035,0.0
2024-12-27,JPM,0.0,0.0112,0.9888,1,-0.0111,0.0015,0.0112
2024-12-28,AMZN,0.1431,0.0827,0.7742,1,0.0603,0.6336,0.2258
2024-12-28,META,0.5001,0.0,0.4999,2,0.5001,1.0,0.5001
2024-12-29,AAPL,1.0,0.0,0.0,1,1.0,1.0,1.0
2024-12-29,TSLA,0.0,0.0,1.0,1,0.0,0.6308,0.0
2024-12-30,GOOGL,1.0,0.0,0.0,1,1.0,1.0,1.0
2024-12-30,META,0.1075,0.0002,0.8923,1,0.1073,0.9983,0.1077
2024-12-31,AAPL,0.0,0.0,1.0,1,-0.0,0.2222,0.0
2024-12-31,AMZN,0.499,0.0004,0.5006,2,0.4987,0.9993,0.4994
2024-12-31,BRK-B,0.1079,0.0004,0.8917,1,0.1075,0.9963,0.1083
2024-12-31,GOOGL,0.0005,0.9976,0.0019,1,-0.9971,0.0005,0.9981
2024-12-31,META,0.0003,0.0,0.9997,2,0.0002,0.9238,0.0003
2025-01-02,GOOGL,0.0001,0.9999,0.0001,1,-0.9998,0.0001,0.9999
2025-01-02,TSLA,0.0,0.9976,0.0023,1,-0.9976,0.0,0.9977
2025-01-03,AAPL,0.3693,0.0008,0.6299,2,0.3685,0.9978,0.3701
2025-01-03,AMZN,0.8796,0.0018,0.1186,3,0.8778,0.9979,0.8814
2025-01-03,JPM,0.0,0.0011,0.9988,1,-0.0011,0.0219,0.0012
2025-01-03,MSFT,1.0,0.0,0.0,1,1.0,1.0,1.0
2025-01-05,AMZN,0.0,0.0,1.0,1,-0.0,0.2547,0.0
2025-01-05,GOOGL,0.0,0.0,1.0,2,-0.0,0.0171,0.0
2025-01-06,AMZN,0.5,0.0,0.5,2,0.5,1.0,0.5
2025-01-06,GOOGL,0.5,0.0,0.5,2,0.5,0.9999,0.5
2025-01-06,META,0.0,0.0,1.0,1,-0.0,0.2471,0.0
2025-01-07,AMZN,0.0,0.0005,0.9995,1,-0.0005,0.0163,0.0005
2025-01-08,AMZN,0.3504,0.0016,0.648,2,0.3489,0.9955,0.352
2025-01-08,META,0.0343,0.0,0.9657,3,0.0343,1.0,0.0343
2025-01-08,MSFT,1.0,0.0,0.0,2,1.0,1.0,1.0
2025-01-08,UNH,0.0,0.0,1.0,1,0.0,0.6044,0.0
2025-01-09,AAPL,0.999,0.0,0.001,1,0.999,1.0,0.999
2025-01-09,GOOGL,0.0,0.0002,0.9998,1,-0.0002,0.0006,0.0002
2025-01-09,META,0.9867,0.0,0.0133,1,0.9867,1.0,0.9867
2025-01-09,MSFT,0.999,0.0,0.001,1,0.999,1.0,0.999
2025-01-09,UNH,0.0,0.0,1.0,1,0.0,0.5604,0.0
2025-01-10,BRK-B,0.0,0.0,1.0,1,-0.0,0.0139,0.0
2025-01-10,GOOGL,1.0,0.0,0.0,1,1.0,1.0,1.0
2025-01-10,JPM,0.0,1.0,0.0,1,-1.0,0.0,1.0
2025-01-10,META,0.7138,0.0001,0.2861,4,0.7137,0.9999,0.7139
2025-01-11,BRK-B,0.1225,0.033,0.8445,1,0.0895,0.7879,0.1555
2025-01-12,BRK-B,0.0,0.0001,0.9999,1,-0.0001,0.0051,0.0001
2025-01-12,META,1.0,0.0,0.0,1,1.0,1.0,1.0
2025-01-12,TSLA,0.5,0.0,0.5,2,0.5,1.0,0.5
2025-01-13,BRK-B,0.0,0.0,1.0,2,-0.0,0.3016,0.0
2025-01-13,GOOGL,0.1869,0.1496,0.6635,3,0.0373,0.5554,0.3365
2025-01-14,AMZN,0.0,0.0002,0.9998,1,-0.0002,0.0193,0.0002
2025-01-14,META,0.0001,0.0035,0.9964,1,-0.0034,0.0381,0.0036
2025-01-14,TSLA,0.0001,0.7247,0.2751,1,-0.7246,0.0002,0.7249
2025-01-14,UNH,0.0002,0.0,0.9997,1,0.0002,0.9255,0.0003
2025-01-15,AMZN,0.0,0.0011,0.9989,1,-0.0011,0.0101,0.0011
2025-01-15,JPM,0.3566,0.0139,0.6295,3,0.3427,0.9625,0.3705
2025-01-15,META,0.9863,0.0084,0.0053,1,0.9779,0.9916,0.9947
2025-01-16,AAPL,0.0001,0.9972,0.0028,2,-0.9971,0.0001,0.9972
2025-01-16,AMZN,0.0001,0.4972,0.5027,2,-0.4971,0.0002,0.4973
2025-01-16,BRK-B,1.0,0.0,0.0,1,1.0,1.0,1.0
2025-01-16,MSFT,0.972,0.0215,0.0065,1,0.9504,0.9783,0.9935
2025-01-16,TSLA,0.0,0.0002,0.9998,1,-0.0002,0.0096,0.0002
2025-01-16,UNH,0.0001,0.9739,0.026,3,-0.9738,0.0001,0.974
2025-01-17,BRK-B,0.0013,0.0,0.9987,1,0.0012,0.9824,0.0013
2025-01-17,GOOGL,0.0013,0.0,0.9987,1,0.0012,0.9824,0.0013
2025-01-17,META,0.1668,0.0061,0.8272,2,0.1607,0.9649,0.1728
2025-01-17,MSFT,0.0013,0.0,0.9987,1,0.0012,0.9824,0.0013
2025-01-17,UNH,0.0,0.0,1.0,1,0.0,0.5389,0.0
2025-01-18,META,0.9658,0.0001,0.0341,1,0.9656,0.9999,0.9659
2025-01-18,MSFT,0.9658,0.0001,0.0341,1,0.9656,0.9999,0.9659
2025-01-19,AAPL,0.0,0.0001,0.9999,2,-0.0,0.089,0.0001
2025-01-19,GOOGL,0.0003,0.0001,0.9996,1,0.0002,0.7775,0.0004
2025-01-19,META,0.0,0.0,1.0,1,-0.0,0.0124,0.0
2025-01-19,MSFT,1.0,0.0,0.0,2,1.0,1.0,1.0
2025-01-20,AMZN,0.0,0.0,1.0,2,-0.0,0.1127,0.0
2025-01-20,TSLA,0.0,0.0001,0.9998,1,-0.0001,0.199,0.0002
2025-01-21,AAPL,0.0,1.0,0.0,1,-1.0,0.0,1.0
2025-01-21,AMZN,0.0001,0.0001,0.9999,1,-0.0,0.4894,0.0001
2025-01-21,BRK-B,0.0,0.0,1.0,1,-0.0,0.0857,0.0
2025-01-21,GOOGL,0.0,0.0,1.0,1,-0.0,0.0924,0.0
2025-01-21,JPM,0.0043,0.0,0.9957,1,0.0043,0.9977,0.0043
2025-01-21,TSLA,0.3644,0.0283,0.6073,1,0.3362,0.928,0.3927
2025-01-22,AAPL,0.0001,0.9999,0.0,1,-0.9998,0.0001,1.0
2025-01-22,AMZN,0.4966,0.0004,0.503,2,0.4963,0.9993,0.497
2025-01-22,JPM,0.0,0.0001,0.9999,2,-0.0001,0.0115,0.0001
2025-01-22,META,0.5038,0.0054,0.4908,2,0.4985,0.9895,0.5092
2025-01-22,TSLA,0.0004,0.0007,0.9989,1,-0.0002,0.3971,0.0011
2025-01-23,AAPL,0.0002,0.0438,0.9561,2,-0.0436,0.0044,0.0439
2025-01-23,BRK-B,0.0001,0.0026,0.9973,1,-0.0025,0.032,0.0027
2025-01-24,AAPL,0.0,0.0005,0.9995,1,-0.0005,0.0129,0.0005
2025-01-24,AMZN,0.297,0.0255,0.6775,1,0.2715,0.9209,0.3225
2025-01-24,GOOGL,0.0,0.0,1.0,1,0.0,0.8999,0.0
2025-01-24,META,0.6557,0.001,0.3432,2,0.6547,0.9984,0.6568
2025-01-24,MSFT,0.999,0.0,0.001,1,0.999,1.0,0.999
2025-01-25,AMZN,0.9903,0.0001,0.0096,1,0.9902,0.9999,0.9904
2025-01-26,AAPL,0.5758,0.0018,0.4224,1,0.574,0.9969,0.5776
2025-01-26,BRK-B,0.5758,0.0018,0.4224,1,0.574,0.9969,0.5776
2025-01-26,TSLA,0.5758,0.0018,0.4224,1,0.574,0.9969,0.5776
2025-01-27,GOOGL,0.9999,0.0,0.0001,1,0.9999,1.0,0.9999
2025-01-27,META,0.9985,0.0012,0.0004,1,0.9973,0.9988,0.9996
2025-01-28,AMZN,1.0,0.0,0.0,1,1.0,1.0,1.0
2025-01-28,GOOGL,1.0,0.0,0.0,1,1.0,1.0,1.0
2025-01-28,META,0.0007,0.0022,0.9971,2,-0.0014,0.2549,0.0029
2025-01-29,AAPL,0.976,0.0,0.024,1,0.9759,1.0,0.976
2025-01-29,AMZN,0.0,0.0,1.0,1,-0.0,0.1043,0.0
2025-01-29,META,0.5002,0.0034,0.4964,2,0.4968,0.9933,0.5036
2025-01-29,MSFT,0.0,0.3452,0.6548,3,-0.3452,0.0,0.3452
2025-01-29,TSLA,0.0,1.0,0.0,1,-1.0,0.0,1.0
2025-01-30,AAPL,1.0,0.0,0.0,1,1.0,1.0,1.0
2025-01-30,AMZN,0.0001,0.5068,0.493,6,-0.5067,0.0003,0.507
2025-01-30,GOOGL,1.0,0.0,0.0,1,1.0,1.0,1.0
2025-01-30,META,0.5,0.0,0.5,2,0.5,1.0,0.5
2025-01-30,MSFT,0.0,1.0,0.0,1,-1.0,0.0,1.0
2025-01-30,TSLA,0.0046,0.9951,0.0003,1,-0.9905,0.0046,0.9997
2025-01-31,AMZN,0.0293,0.4996,0.4711,2,-0.4704,0.0553,0.5289
2025-01-31,GOOGL,1.0,0.0,0.0,1,1.0,1.0,1.0
2025-01-31,TSLA,0.0,0.0,1.0,1,-0.0,0.0862,0.0
2025-02-01,AAPL,1.0,0.0,0.0,1,1.0,1.0,1.0
2025-02-01,AMZN,0.0,0.0,1.0,1,-0.0,0.1774,0.0
2025-02-01,TSLA,0.2834,0.013,0.7036,1,0.2704,0.9562,0.2964
2025-02-01,UNH,0.0,0.0,1.0,1,0.0,0.5413,0.0
2025-02-02,AMZN,0.0026,0.0027,0.9947,2,-0.0001,0.4871,0.0053
2025-02-03,AAPL,0.0002,0.9989,0.0009,1,-0.9987,0.0002,0.9991
2025-02-03,AMZN,0.0288,0.3332,0.638,3,-0.3043,0.0797,0.362
2025-02-03,BRK-B,0.9994,0.0,0.0006,1,0.9994,1.0,0.9994
2025-02-04,BRK-B,0.0017,0.0001,0.9982,2,0.0017,0.9686,0.0018
2025-02-04,GOOGL,0.0037,0.6694,0.3269,3,-0.6657,0.0055,0.6731
2025-02-04,JPM,1.0,0.0,0.0,1,1.0,1.0,1.0
2025-02-05,GOOGL,0.0001,0.7983,0.2015,5,-0.7982,0.0002,0.7985
2025-02-05,META,0.9651,0.0036,0.0312,2,0.9615,0.9963,0.9688
2025-02-05,UNH,0.0041,0.0008,0.9951,1,0.0033,0.8369,0.0049
2025-02-06,AMZN,0.0,0.6671,0.3329,3,-0.6671,0.0,0.6671
2025-02-06,GOOGL,0.0001,0.0054,0.9945,2,-0.0053,0.0203,0.0055
2025-02-06,JPM,0.0097,0.0112,0.9791,1,-0.0016,0.462,0.0209
2025-02-07,AMZN,0.0024,0.6625,0.3351,3,-0.6601,0.0036,0.6649
2025-02-08,AAPL,0.0,0.0018,0.9982,1,-0.0017,0.0095,0.0018
2025-02-08,AMZN,0.0,0.0,1.0,1,-0.0,0.0356,0.0
2025-02-09,META,0.0,0.0,1.0,1,-0.0,0.026,0.0
2025-02-10,AMZN,0.0014,0.0,0.9986,1,0.0013,0.9725,0.0014
2025-02-10,GOOGL,0.0,0.0,1.0,1,-0.0,0.4003,0.0
2025-02-10,TSLA,0.8681,0.1045,0.0274,1,0.7635,0.8925,0.9726
2025-02-10,UNH,0.0,0.0,0.9999,1,-0.0,0.188,0.0001
2025-02-11,META,0.0593,0.0056,0.9352,2,0.0537,0.9141,0.0648
2025-02-12,AAPL,0.9902,0.0,0.0098,1,0.9902,1.0,0.9902
2025-02-12,BRK-B,0.9983,0.0,0.0016,1,0.9983,1.0,0.9984
2025-02-12,JPM,0.4739,0.0125,0.5136,2,0.4614,0.9742,0.4864
2025-02-13,AAPL,0.0,0.0001,0.9999,1,-0.0001,0.1794,0.0001
2025-02-13,AMZN,0.5004,0.0007,0.4989,2,0.4996,0.9985,0.5011
2025-02-13,GOOGL,0.0,0.9957,0.0043,1,-0.9957,0.0,0.9957
2025-02-13,JPM,0.0,0.0001,0.9999,1,-0.0001,0.0185,0.0001
2025-02-14,BRK-B,0.0001,0.5305,0.4694,2,-0.5305,0.0001,0.5306
2025-02-14,META,0.0056,0.0004,0.994,2,0.0051,0.9265,0.006
2025-02-14,TSLA,0.4992,0.0,0.5007,2,0.4992,1.0,0.4993
2025-02-15,BRK-B,0.0,0.0001,0.9999,1,-0.0001,0.0112,0.0001
2025-02-16,BRK-B,0.0032,0.0008,0.996,1,0.0024,0.7932,0.004
2025-02-16,MSFT,0.0,0.0,1.0,1,-0.0,0.0681,0.0
2025-02-18,BRK-B,0.0,0.0,1.0,1,0.0,0.796,0.0
2025-02-18,GOOGL,0.9999,0.0,0.0001,1,0.9999,1.0,0.9999
2025-02-18,JPM,0.3333,0.3334,0.3333,3,-0.0001,0.4999,0.6667
2025-02-18,META,1.0,0.0,0.0,1,1.0,1.0,1.0
2025-02-19,AAPL,0.0002,0.0002,0.9996,1,0.0001,0.5895,0.0004
2025-02-19,JPM,0.0,0.1483,0.8517,1,-0.1482,0.0003,0.1483
2025-02-19,META,0.0,0.9866,0.0133,2,-0.9866,0.0,0.9867
2025-02-19,UNH,0.0,0.0001,0.9999,1,-0.0001,0.0415,0.0001
2025-02-20,AMZN,0.0,0.0,1.0,1,-0.0,0.0866,0.0
2025-02-20,JPM,0.0,0.0,1.0,1,-0.0,0.0147,0.0
2025-02-20,META,0.0,0.0001,0.9999,1,-0.0001,0.036,0.0001
2025-02-20,MSFT,0.0,0.0,1.0,1,-0.0,0.0741,0.0
2025-02-20,TSLA,0.0,0.0,1.0,1,-0.0,0.0741,0.0
2025-02-21,META,0.8159,0.0042,0.1799,1,0.8117,0.9949,0.8201
2025-02-21,MSFT,0.1946,0.0008,0.8045,1,0.1938,0.9957,0.1955
2025-02-21,UNH,0.0,0.6658,0.3341,3,-0.6658,0.0,0.6659
2025-02-22,BRK-B,1.0,0.0,0.0,2,1.0,1.0,1.0
2025-02-22,TSLA,0.0,0.0001,0.9998,1,-0.0001,0.2762,0.0002
2025-02-23,AAPL,0.0,0.0,1.0,1,-0.0,0.0312,0.0
2025-02-23,AMZN,0.391,0.0001,0.6089,2,0.3909,0.9997,0.3911
2025-02-23,BRK-B,0.0,0.0002,0.9998,2,-0.0002,0.0356,0.0002
2025-02-23,MSFT,0.0,0.0,1.0,1,-0.0,0.0463,0.0
2025-02-23,TSLA,0.0,0.0001,0.9999,1,-0.0001,0.2818,0.0001
2025-02-24,BRK-B,0.0342,0.0203,0.9455,1,0.0138,0.6268,0.0545
2025-02-24,GOOGL,0.0001,0.0585,0.9414,1,-0.0585,0.0009,0.0586
2025-02-24,MSFT,0.0008,0.9596,0.0396,1,-0.9588,0.0008,0.9604
2025-02-25,AAPL,0.0,0.0003,0.9997,1,-0.0003,0.1091,0.0003
2025-02-25,AMZN,0.0,0.0003,0.9997,1,-0.0003,0.1091,0.0003
2025-02-25,BRK-B,0.1267,0.0205,0.8528,2,0.1062,0.8608,0.1472
2025-02-25,GOOGL,0.0084,0.5923,0.3993,1,-0.584,0.014,0.6007
2025-02-25,JPM,1.0,0.0,0.0,1,1.0,1.0,1.0
2025-02-25,META,0.0,0.0001,0.9999,1,-0.0001,0.1238,0.0001
2025-02-25,MSFT,0.0001,0.0001,0.9998,2,-0.0,0.3674,0.0002
2025-02-25,TSLA,0.3334,0.3315,0.3352,3,0.0019,0.5014,0.6648
2025-02-26,AMZN,0.0395,0.0016,0.9589,1,0.038,0.9617,0.0411
2025-02-26,GOOGL,0.0,0.0002,0.9998,1,-0.0001,0.1845,0.0002
2025-02-26,MSFT,0.0,0.0,1.0,1,-0.0,0.1052,0.0
2025-02-27,AMZN,0.5,0.0,0.5,2,0.5,1.0,0.5
2025-02-27,BRK-B,0.0026,0.0637,0.9337,1,-0.0611,0.0394,0.0663
2025-02-27,GOOGL,1.0,0.0,0.0,1,1.0,1.0,1.0
2025-02-27,META,0.0,0.0001,0.9999,1,-0.0001,0.0302,0.0001
2025-02-28,AAPL,0.9999,0.0,0.0,1,0.9999,1.0,1.0
2025-03-01,GOOGL,0.0283,0.0002,0.9715,1,0.0281,0.9917,0.0285
2025-03-01,JPM,0.0,0.0,1.0,1,0.0,0.567,0.0
2025-03-01,MSFT,0.0283,0.0002,0.9715,1,0.0281,0.9917,0.0285
2025-03-03,BRK-B,0.0007,0.0002,0.9991,3,0.0005,0.8095,0.0009
2025-03-03,META,0.0001,0.0018,0.9982,1,-0.0017,0.0376,0.0018
2025-03-03,MSFT,0.9999,0.0,0.0001,1,0.9999,1.0,0.9999
2025-03-03,UNH,0.0,1.0,0.0,1,-1.0,0.0,1.0
2025-03-04,AMZN,0.0,0.0,1.0,2,0.0,0.6008,0.0
2025-03-04,BRK-B,0.0,0.0,1.0,1,-0.0,0.0032,0.0
2025-03-04,MSFT,0.0,0.0,1.0,1,-0.0,0.4043,0.0
2025-03-05,BRK-B,0.0,0.0002,0.9998,1,-0.0001,0.2123,0.0002
2025-03-05,TSLA,0.5406,0.0012,0.4583,1,0.5394,0.9979,0.5417
2025-03-06,AMZN,0.0017,0.9831,0.0151,1,-0.9814,0.0017,0.9849
2025-03-06,BRK-B,0.7769,0.0003,0.2228,1,0.7766,0.9996,0.7772
2025-03-06,GOOGL,0.0001,0.9906,0.0093,1,-0.9906,0.0001,0.9907
2025-03-06,TSLA,0.0,0.9998,0.0002,1,-0.9998,0.0,0.9998
2025-03-07,AAPL,0.0441,0.0057,0.9502,2,0.0383,0.8849,0.0498
2025-03-07,AMZN,0.3477,0.0033,0.649,1,0.3444,0.9907,0.351
2025-03-07,BRK-B,0.0002,0.0006,0.9993,1,-0.0004,0.2144,0.0007
2025-03-07,META,0.0,0.0,1.0,1,-0.0,0.2879,0.0
2025-03-08,AAPL,0.0012,0.9657,0.033,1,-0.9645,0.0013,0.967
2025-03-08,GOOGL,0.1372,0.0022,0.8606,1,0.1349,0.9841,0.1394
2025-03-08,META,0.0,0.0,1.0,1,-0.0,0.076,0.0
2025-03-09,BRK-B,0.0,0.0,1.0,1,-0.0,0.1239,0.0
2025-03-09,JPM,0.0021,0.0002,0.9977,1,0.0019,0.9156,0.0023
2025-03-10,AMZN,0.0001,0.0456,0.9543,1,-0.0454,0.003,0.0457
2025-03-10,BRK-B,0.0,0.0001,0.9999,1,-0.0,0.377,0.0001
2025-03-10,GOOGL,0.0001,0.9997,0.0002,1,-0.9997,0.0001,0.9998
2025-03-10,JPM,0.1825,0.0246,0.7929,1,0.1579,0.8813,0.2071
2025-03-10,TSLA,0.0,1.0,0.0,1,-1.0,0.0,1.0
2025-03-12,AAPL,1.0,0.0,0.0,1,1.0,1.0,1.0
2025-03-12,JPM,0.0036,0.9749,0.0215,2,-0.9714,0.0036,0.9785
2025-03-12,META,0.0099,0.1021,0.888,2,-0.0921,0.0887,0.112
2025-03-13,AMZN,0.0,0.4999,0.5001,2,-0.4999,0.0,0.4999
2025-03-13,META,0.9185,0.0018,0.0797,1,0.9167,0.9981,0.9203
2025-03-13,MSFT,0.9996,0.0,0.0004,1,0.9996,1.0,0.9996
2025-03-14,AAPL,0.0,0.0017,0.9983,1,-0.0017,0.0091,0.0017
2025-03-14,AMZN,0.997,0.001,0.002,2,0.9961,0.999,0.998
2025-03-14,BRK-B,0.0005,0.0627,0.9369,1,-0.0622,0.0078,0.0631
2025-03-14,GOOGL,1.0,0.0,0.0,1,1.0,1.0,1.0
2025-03-14,META,0.4994,0.0011,0.4995,2,0.4983,0.9979,0.5005
2025-03-15,GOOGL,0.9999,0.0,0.0001,1,0.9999,1.0,0.9999
2025-03-16,AAPL,0.0,0.0,0.9999,1,-0.0,0.0718,0.0001
2025-03-16,AMZN,0.8914,0.0001,0.1085,2,0.8912,0.9998,0.8915
2025-03-17,BRK-B,0.0,0.0,1.0,1,0.0,0.5632,0.0
2025-03-18,AMZN,0.0,0.0019,0.9981,1,-0.0019,0.007,0.0019
2025-03-18,BRK-B,0.0007,0.0,0.9993,1,0.0006,0.9571,0.0007
2025-03-18,GOOGL,0.1676,0.2348,0.5976,3,-0.0672,0.4165,0.4024
2025-03-18,JPM,0.0001,0.1875,0.8124,1,-0.1874,0.0005,0.1876
2025-03-18,META,0.0,1.0,0.0,1,-1.0,0.0,1.0
2025-03-19,AMZN,0.0006,0.3372,0.6623,1,-0.3366,0.0017,0.3377
2025-03-19,BRK-B,0.0,0.0001,0.9999,1,-0.0001,0.0217,0.0001
2025-03-19,GOOGL,1.0,0.0,0.0,1,1.0,1.0,1.0
2025-03-19,META,0.0001,0.0047,0.9952,2,-0.0046,0.0204,0.0048
2025-03-20,GOOGL,0.0,1.0,0.0,1,-1.0,0.0,1.0
2025-03-20,JPM,0.4457,0.0049,0.5494,1,0.4408,0.9891,0.4506
2025-03-20,TSLA,0.9834,0.0123,0.0043,1,0.9711,0.9876,0.9957
2025-03-21,TSLA,0.0,0.0008,0.9992,1,-0.0008,0.0139,0.0008
2025-03-21,UNH,0.0,0.0,1.0,1,-0.0,0.1175,0.0
2025-03-22,AMZN,0.0063,0.004,0.9897,1,0.0023,0.6128,0.0103
2025-03-22,BRK-B,0.2256,0.0084,0.7661,3,0.2172,0.9643,0.2339
2025-03-22,META,0.6573,0.0007,0.342,1,0.6566,0.9989,0.658
2025-03-23,AAPL,0.0,0.0001,0.9998,1,-0.0001,0.0744,0.0002
2025-03-23,MSFT,0.9998,0.0,0.0002,1,0.9998,1.0,0.9998
2025-03-24,BRK-B,0.9995,0.0,0.0005,1,0.9995,1.0,0.9995
2025-03-24,GOOGL,0.0001,0.0003,0.9997,2,-0.0002,0.1936,0.0003
2025-03-24,JPM,0.0,0.0,1.0,1,-0.0,0.018,0.0
2025-03-24,META,0.0002,0.1386,0.8612,2,-0.1384,0.0014,0.1388
2025-03-24,TSLA,0.2744,0.0254,0.7002,1,0.2491,0.9154,0.2998
2025-03-25,AMZN,0.0002,0.0,0.9998,1,0.0002,0.9975,0.0002
2025-03-25,BRK-B,0.0,0.0,1.0,1,-0.0,0.3449,0.0
2025-03-25,GOOGL,0.0001,0.0,0.9999,2,0.0001,0.7686,0.0001
2025-03-25,JPM,0.0293,0.0002,0.9705,1,0.0291,0.9924,0.0295
2025-03-25,MSFT,0.0,0.0,1.0,1,0.0,0.7694,0.0
2025-03-25,UNH,0.0,0.0,1.0,1,0.0,0.7694,0.0
2025-03-26,AMZN,0.0012,0.0001,0.9987,2,0.0012,0.9537,0.0013
2025-03-26,BRK-B,0.0041,0.0047,0.9912,2,-0.0006,0.467,0.0088
2025-03-26,JPM,0.0001,0.0019,0.998,2,-0.0018,0.0337,0.002
2025-03-26,META,0.0001,0.0,0.9999,2,0.0001,0.7444,0.0001
2025-03-26,MSFT,0.9935,0.0001,0.0065,1,0.9934,0.9999,0.9935
2025-03-27,AAPL,0.1105,0.0005,0.889,1,0.11,0.9958,0.111
2025-03-27,AMZN,0.2802,0.0001,0.7197,1,0.2801,0.9996,0.2803
2025-03-27,BRK-B,0.4227,0.0024,0.5749,2,0.4202,0.9943,0.4251
2025-03-27,META,0.0001,0.9998,0.0001,1,-0.9997,0.0001,0.9999
2025-03-27,MSFT,0.0001,0.0087,0.9912,1,-0.0086,0.0086,0.0088
2025-03-29,GOOGL,1.0,0.0,0.0,1,1.0,1.0,1.0
2025-03-29,TSLA,0.9733,0.0002,0.0266,1,0.9731,0.9998,0.9734
2025-03-30,BRK-B,0.1078,0.0021,0.8901,2,0.1057,0.9811,0.1099
2025-03-30,TSLA,0.0,0.0001,0.9999,1,-0.0001,0.0324,0.0001
2025-03-31,AMZN,0.0,0.0,1.0,1,-0.0,0.1465,0.0
2025-03-31,BRK-B,0.0,0.0,1.0,2,-0.0,0.129,0.0
2025-03-31,GOOGL,0.0,0.0001,0.9999,1,-0.0001,0.0816,0.0001
2025-03-31,META,0.0,1.0,0.0,1,-1.0,0.0,1.0
2025-03-31,MSFT,0.0272,0.1197,0.8531,2,-0.0925,0.185,0.1469
2025-03-31,TSLA,0.1913,0.0552,0.7536,2,0.1361,0.7761,0.2464
2025-04-01,BRK-B,0.4966,0.0019,0.5015,2,0.4947,0.9962,0.4985
2025-04-01,GOOGL,0.0177,0.0001,0.9822,2,0.0176,0.9941,0.0178
2025-04-01,JPM,1.0,0.0,0.0,1,1.0,1.0,1.0
2025-04-01,META,0.0,0.0,1.0,1,-0.0,0.0709,0.0
2025-04-02,TSLA,0.0,1.0,0.0,1,-1.0,0.0,1.0
2025-04-03,AAPL,0.0,0.5,0.5,2,-0.5,0.0,0.5
2025-04-03,AMZN,0.0001,0.5,0.5,2,-0.4999,0.0001,0.5
2025-04-03,BRK-B,0.4667,0.0004,0.533,2,0.4663,0.9992,0.467
2025-04-03,GOOGL,0.0,0.0,1.0,1,-0.0,0.0187,0.0
2025-04-03,JPM,0.0,0.0001,0.9999,1,-0.0001,0.0114,0.0001
2025-04-03,TSLA,0.0,0.002,0.998,1,-0.002,0.0024,0.002
2025-04-04,AAPL,0.0,0.8693,0.1306,3,-0.8693,0.0,0.8694
2025-04-04,JPM,0.0005,0.0011,0.9984,1,-0.0006,0.2974,0.0016
2025-04-06,AMZN,0.5429,0.0006,0.4565,1,0.5422,0.9988,0.5435
2025-04-06,META,0.0,0.0,1.0,1,-0.0,0.3051,0.0
2025-04-06,UNH,0.0025,0.0004,0.9971,1,0.0021,0.8639,0.0029
2025-04-07,AAPL,0.0002,0.9997,0.0001,1,-0.9996,0.0002,0.9999
2025-04-07,JPM,0.0,1.0,0.0,1,-1.0,0.0,1.0
2025-04-07,META,0.3176,0.4923,0.1901,2,-0.1747,0.3922,0.8099
2025-04-08,AAPL,0.0,0.9998,0.0002,1,-0.9998,0.0,0.9998
2025-04-08,AMZN,0.4002,0.1414,0.4584,5,0.2587,0.7389,0.5416
2025-04-08,BRK-B,0.001,0.0314,0.9676,1,-0.0304,0.0306,0.0324
2025-04-09,AAPL,0.2766,0.4653,0.258,1,-0.1887,0.3728,0.742
2025-04-09,AMZN,0.0147,0.0005,0.9847,2,0.0142,0.9642,0.0153
2025-04-09,BRK-B,0.0061,0.0728,0.9212,1,-0.0667,0.0769,0.0788
2025-04-09,MSFT,0.0007,0.0009,0.9984,1,-0.0002,0.4205,0.0016
2025-04-09,UNH,0.0002,0.0002,0.9995,1,0.0,0.5068,0.0005
2025-04-10,AAPL,0.1773,0.6929,0.1298,1,-0.5156,0.2037,0.8702
2025-04-10,AMZN,0.0,0.0,0.9999,1,0.0,0.5993,0.0001
2025-04-10,GOOGL,0.0,0.0007,0.9993,1,-0.0007,0.0061,0.0007
2025-04-10,META,1.0,0.0,0.0,1,1.0,1.0,1.0
2025-04-11,JPM,0.9998,0.0002,0.0,2,0.9997,0.9998,1.0
2025-04-12,GOOGL,0.0,0.0,1.0,1,-0.0,0.158,0.0
2025-04-12,META,0.0001,0.5001,0.4998,2,-0.5,0.0002,0.5002
2025-04-13,AAPL,0.0,0.0,0.9999,2,-0.0,0.3353,0.0001
2025-04-13,AMZN,0.0,0.0,0.9999,1,0.0,0.5581,0.0001
2025-04-13,BRK-B,0.9971,0.0,0.0029,1,0.9971,1.0,0.9971
2025-04-13,JPM,0.0,0.0,0.9999,1,0.0,0.5581,0.0001
2025-04-13,MSFT,0.0,0.0,0.9999,1,0.0,0.5581,0.0001
2025-04-13,UNH,0.0,0.0,0.9999,1,0.0,0.5581,0.0001
2025-04-14,AAPL,0.001,0.0,0.999,1,0.001,0.9845,0.001
2025-04-14,BRK-B,0.0,0.4119,0.5881,1,-0.4118,0.0,0.4119
2025-04-14,JPM,0.9659,0.001,0.0331,1,0.9648,0.9989,0.9669
2025-04-14,META,0.2661,0.0015,0.7325,1,0.2646,0.9946,0.2675
2025-04-14,MSFT,1.0,0.0,0.0,1,1.0,1.0,1.0
2025-04-14,TSLA,0.1384,0.0071,0.8546,1,0.1313,0.9515,0.1454
2025-04-15,AAPL,0.0032,0.0203,0.9765,1,-0.0171,0.1356,0.0235
2025-04-15,JPM,0.3333,0.0,0.6667,3,0.3333,1.0,0.3333
2025-04-15,UNH,1.0,0.0,0.0,1,1.0,1.0,1.0
2025-04-16,AMZN,0.0024,0.0132,0.9844,3,-0.0108,0.1557,0.0156
2025-04-16,BRK-B,0.0006,0.002,0.9974,1,-0.0014,0.2419,0.0026
2025-04-16,META,0.0,0.0002,0.9998,1,-0.0001,0.1632,0.0002
2025-04-16,MSFT,0.9993,0.0,0.0007,1,0.9993,1.0,0.9993
2025-04-17,AMZN,0.3332,0.0019,0.6648,3,0.3313,0.9943,0.3352
2025-04-17,META,0.0495,0.4201,0.5303,2,-0.3706,0.1055,0.4697
2025-04-17,TSLA,0.5,0.5,0.0,2,0.0,0.5,1.0
2025-04-17,UNH,0.0182,0.7032,0.2786,9,-0.685,0.0252,0.7214
2025-04-18,AAPL,0.0,0.0009,0.9991,1,-0.0009,0.0471,0.0009
2025-04-18,AMZN,0.9614,0.0001,0.0385,1,0.9614,0.9999,0.9615
2025-04-18,GOOGL,0.0,0.0647,0.9352,1,-0.0647,0.0006,0.0648
2025-04-18,UNH,0.9119,0.0876,0.0005,1,0.8242,0.9123,0.9995
2025-04-19,AMZN,0.0004,0.0007,0.999,1,-0.0003,0.3723,0.001
2025-04-19,BRK-B,0.9997,0.0001,0.0002,1,0.9996,0.9999,0.9998
2025-04-19,META,0.0002,0.0004,0.9994,2,-0.0001,0.3854,0.0006
2025-04-20,AMZN,0.0012,0.056,0.9428,1,-0.0548,0.021,0.0572
2025-04-20,GOOGL,0.0001,0.0,0.9999,1,0.0001,0.7006,0.0001
2025-04-20,META,0.0,0.0,1.0,1,-0.0,0.3023,0.0
2025-04-21,AAPL,0.0,0.0,1.0,1,-0.0,0.4717,0.0
2025-04-21,AMZN,0.0,0.4913,0.5087,2,-0.4913,0.0,0.4913
2025-04-21,JPM,0.0,0.0001,0.9999,1,-0.0001,0.0078,0.0001
2025-04-21,META,0.0,0.0124,0.9876,1,-0.0124,0.0033,0.0124
2025-04-21,TSLA,0.0,0.5,0.5,2,-0.4999,0.0001,0.5
2025-04-21,UNH,0.0017,0.9872,0.0111,2,-0.9854,0.0017,0.9889
2025-04-22,AMZN,0.0747,0.233,0.6923,3,-0.1583,0.2428,0.3077
2025-04-22,BRK-B,0.9128,0.0009,0.0863,1,0.9119,0.999,0.9137
2025-04-22,TSLA,0.1551,0.8388,0.0061,3,-0.6837,0.1561,0.9939
2025-04-23,AAPL,0.0152,0.5007,0.4841,2,-0.4854,0.0295,0.5159
2025-04-23,GOOGL,0.5151,0.0011,0.4838,2,0.514,0.9978,0.5162
2025-04-23,JPM,0.0,0.0,1.0,1,-0.0,0.0496,0.0
2025-04-23,TSLA,0.0,0.0,1.0,1,-0.0,0.0749,0.0
2025-04-24,AAPL,0.0031,0.0001,0.9968,1,0.003,0.9577,0.0032
2025-04-24,AMZN,0.001,0.2733,0.7257,1,-0.2722,0.0038,0.2743
2025-04-24,BRK-B,0.0,0.0047,0.9953,1,-0.0047,0.0019,0.0047
2025-04-24,GOOGL,0.9926,0.0,0.0074,7,0.9926,1.0,0.9926
2025-04-24,META,0.0,0.0,1.0,1,-0.0,0.0276,0.0
2025-04-25,BRK-B,0.0004,0.0193,0.9803,1,-0.0189,0.0186,0.0197
2025-04-25,GOOGL,0.6746,0.0001,0.3253,5,0.6745,0.9999,0.6747
2025-04-26,AAPL,0.0,0.0,1.0,1,-0.0,0.1618,0.0
2025-04-26,BRK-B,0.957,0.0,0.043,1,0.957,1.0,0.957
2025-04-26,JPM,1.0,0.0,0.0,2,1.0,1.0,1.0
2025-04-26,MSFT,1.0,0.0,0.0,1,1.0,1.0,1.0
2025-04-27,AAPL,0.0,0.0018,0.9982,1,-0.0018,0.0162,0.0018
2025-04-28,AMZN,0.0,0.0,1.0,2,-0.0,0.0523,0.0
2025-04-28,BRK-B,0.8248,0.0184,0.1568,1,0.8064,0.9782,0.8432
2025-04-28,GOOGL,1.0,0.0,0.0,1,1.0,1.0,1.0
2025-04-28,TSLA,1.0,0.0,0.0,1,1.0,1.0,1.0
2025-04-29,AMZN,0.0,0.0434,0.9566,1,-0.0434,0.0002,0.0434
2025-04-29,GOOGL,0.0,0.0,1.0,1,-0.0,0.2049,0.0
2025-04-29,META,0.0,0.0001,0.9999,1,-0.0001,0.0318,0.0001
2025-04-29,MSFT,0.0,0.0,1.0,1,-0.0,0.1843,0.0
2025-04-30,AMZN,0.0,0.0,1.0,1,0.0,0.766,0.0
2025-04-30,BRK-B,0.0,0.0007,0.9993,1,-0.0007,0.0041,0.0007
2025-04-30,GOOGL,0.001,0.0,0.999,1,0.001,0.9684,0.001
2025-04-30,META,0.3333,0.0003,0.6664,3,0.333,0.9991,0.3336
2025-04-30,MSFT,0.6063,0.0006,0.3931,3,0.6057,0.999,0.6069
2025-05-01,AAPL,0.0,1.0,0.0,1,-1.0,0.0,1.0
2025-05-01,AMZN,0.4973,0.5,0.0028,4,-0.0027,0.4987,0.9972
2025-05-01,BRK-B,0.0921,0.0002,0.9077,1,0.0919,0.9978,0.0923
2025-05-01,META,0.6659,0.0041,0.33,6,0.6618,0.9939,0.67
2025-05-01,MSFT,0.6397,0.0012,0.359,2,0.6385,0.9981,0.641
2025-05-02,AAPL,0.0003,0.9775,0.0223,3,-0.9772,0.0003,0.9777
2025-05-02,AMZN,0.0,0.0,1.0,2,-0.0,0.1985,0.0
2025-05-02,BRK-B,0.0003,0.0001,0.9996,2,0.0002,0.7051,0.0004
2025-05-02,META,0.4981,0.0032,0.4988,2,0.4949,0.9937,0.5012
2025-05-02,MSFT,0.0,0.0,1.0,1,-0.0,0.0228,0.0
2025-05-02,TSLA,0.476,0.0015,0.5225,1,0.4746,0.9969,0.4775
2025-05-03,BRK-B,0.0,0.2457,0.7543,5,-0.2457,0.0,0.2457
2025-05-04,AAPL,0.9845,0.0002,0.0153,1,0.9843,0.9998,0.9847
2025-05-04,BRK-B,0.5005,0.0049,0.4947,2,0.4956,0.9904,0.5053
2025-05-04,GOOGL,0.0038,0.2308,0.7654,1,-0.227,0.0161,0.2346
2025-05-04,TSLA,0.0,0.0002,0.9998,1,-0.0002,0.0789,0.0002
2025-05-05,BRK-B,0.0002,0.2919,0.7078,7,-0.2917,0.0008,0.2922
2025-05-05,JPM,1.0,0.0,0.0,1,1.0,1.0,1.0
2025-05-05,META,0.9914,0.0,0.0085,1,0.9914,1.0,0.9915
2025-05-05,MSFT,0.0,0.0,1.0,1,0.0,0.7361,0.0
2025-05-06,AMZN,0.015,0.9729,0.0121,1,-0.9579,0.0152,0.9879
2025-05-06,BRK-B,0.5,0.0006,0.4994,4,0.4993,0.9987,0.5006
2025-05-07,AAPL,1.0,0.0,0.0,1,1.0,1.0,1.0
2025-05-07,BRK-B,0.0,0.0001,0.9999,2,-0.0001,0.1011,0.0001
2025-05-07,GOOGL,0.0007,0.6102,0.3891,6,-0.6096,0.0011,0.6109
2025-05-07,META,0.0,0.0,1.0,1,0.0,0.5812,0.0
2025-05-07,MSFT,0.0012,0.0002,0.9986,1,0.0011,0.8877,0.0014
2025-05-08,AMZN,0.0039,0.0,0.996,1,0.0039,0.9958,0.004
2025-05-08,BRK-B,0.0,0.5,0.5,2,-0.5,0.0,0.5
2025-05-08,GOOGL,0.0037,0.9683,0.028,3,-0.9646,0.0038,0.972
2025-05-08,MSFT,1.0,0.0,0.0,1,1.0,1.0,1.0
2025-05-08,UNH,0.0002,0.4095,0.5903,1,-0.4093,0.0005,0.4097
2025-05-09,AAPL,0.1179,0.8644,0.0177,1,-0.7464,0.1201,0.9823
2025-05-09,BRK-B,0.0393,0.2881,0.6725,3,-0.2488,0.1201,0.3275
2025-05-09,GOOGL,0.012,0.5594,0.4286,2,-0.5474,0.021,0.5714
2025-05-09,META,0.0,0.0,1.0,1,0.0,0.6314,0.0
2025-05-09,TSLA,0.0,0.0269,0.973,1,-0.0269,0.0009,0.027
2025-05-10,BRK-B,0.3291,0.0001,0.6708,3,0.329,0.9997,0.3292
2025-05-10,GOOGL,0.0001,0.9432,0.0566,1,-0.9431,0.0002,0.9434
2025-05-10,META,0.9999,0.0,0.0001,1,0.9999,1.0,0.9999
2025-05-11,AMZN,0.6469,0.0001,0.353,1,0.6468,0.9999,0.647
2025-05-11,BRK-B,0.0,0.0003,0.9996,3,-0.0003,0.0592,0.0004
2025-05-11,GOOGL,0.0,0.0001,0.9999,1,-0.0001,0.1494,0.0001
2025-05-12,AMZN,0.0014,0.0095,0.9891,1,-0.008,0.1318,0.0109
2025-05-12,BRK-B,0.0,0.5001,0.4999,2,-0.5001,0.0,0.5001
2025-05-12,META,0.9525,0.0003,0.0472,1,0.9521,0.9996,0.9528
2025-05-12,UNH,0.0,0.0023,0.9977,1,-0.0023,0.012,0.0023
2025-05-13,AAPL,0.0001,0.0,0.9999,1,0.0001,0.9447,0.0001
2025-05-13,BRK-B,0.0458,0.0002,0.954,1,0.0455,0.9953,0.046
2025-05-13,GOOGL,0.1663,0.0048,0.8289,3,0.1616,0.9722,0.1711
2025-05-13,JPM,1.0,0.0,0.0,1,1.0,1.0,1.0
2025-05-13,TSLA,0.0005,0.0012,0.9983,1,-0.0007,0.29,0.0017
2025-05-13,UNH,0.0,0.5,0.4999,2,-0.5,0.0,0.5001
2025-05-14,META,0.9589,0.0103,0.0308,1,0.9486,0.9894,0.9692
2025-05-14,MSFT,0.5158,0.005,0.4792,2,0.5108,0.9905,0.5208
2025-05-14,TSLA,0.0063,0.738,0.2556,1,-0.7317,0.0085,0.7444
2025-05-14,UNH,0.0,0.9998,0.0002,1,-0.9998,0.0,0.9998
2025-05-15,BRK-B,0.0003,0.0006,0.999,3,-0.0003,0.3563,0.001
2025-05-15,META,0.0021,0.0166,0.9812,1,-0.0145,0.1126,0.0188
2025-05-15,TSLA,0.0,0.0004,0.9996,1,-0.0003,0.1106,0.0004
2025-05-15,UNH,0.1409,0.5684,0.2907,7,-0.4275,0.1987,0.7093
2025-05-16,AMZN,0.3506,0.0001,0.6493,1,0.3504,0.9997,0.3507
2025-05-16,BRK-B,0.0,0.0002,0.9998,3,-0.0002,0.0237,0.0002
2025-05-16,JPM,0.0,0.0001,0.9999,1,-0.0,0.2673,0.0001
2025-05-16,META,0.7294,0.0047,0.2659,1,0.7247,0.9936,0.7341
2025-05-16,MSFT,0.8659,0.0,0.1341,1,0.8658,0.9999,0.8659
2025-05-17,UNH,0.2757,0.1032,0.6211,1,0.1726,0.7277,0.3789
2025-05-18,AAPL,0.0,0.0003,0.9997,1,-0.0003,0.0285,0.0003
2025-05-18,AMZN,0.0,0.0003,0.9997,1,-0.0003,0.0285,0.0003
2025-05-18,BRK-B,0.0,0.0012,0.9987,2,-0.0012,0.0349,0.0013
2025-05-18,UNH,0.0,0.0,1.0,1,-0.0,0.4321,0.0
2025-05-19,AAPL,0.0,0.9993,0.0007,1,-0.9993,0.0,0.9993
2025-05-19,BRK-B,0.0019,0.0001,0.998,1,0.0019,0.9719,0.002
2025-05-19,GOOGL,0.077,0.3401,0.5828,3,-0.2631,0.1847,0.4172
2025-05-19,JPM,0.478,0.2543,0.2677,4,0.2237,0.6527,0.7323
2025-05-19,TSLA,0.0013,0.2445,0.7543,3,-0.2432,0.0052,0.2457
2025-05-19,UNH,1.0,0.0,0.0,1,1.0,1.0,1.0
2025-05-20,GOOGL,0.0,0.4903,0.5097,2,-0.4903,0.0,0.4903
2025-05-20,JPM,0.0152,0.4769,0.5079,4,-0.4618,0.0308,0.4921
2025-05-20,TSLA,0.0007,0.0029,0.9964,1,-0.0022,0.189,0.0036
2025-05-21,AMZN,0.0045,0.0011,0.9944,1,0.0034,0.8042,0.0056
2025-05-21,BRK-B,0.0,0.0,1.0,2,-0.0,0.2127,0.0
2025-05-21,GOOGL,0.3334,0.3333,0.3333,3,0.0001,0.5001,0.6667
2025-05-21,TSLA,0.3869,0.1038,0.5093,2,0.283,0.7884,0.4907
2025-05-21,UNH,0.0001,0.339,0.6609,3,-0.339,0.0002,0.3391
2025-05-22,AMZN,0.3937,0.0001,0.6062,5,0.3936,0.9998,0.3938
2025-05-22,BRK-B,0.2499,0.0001,0.75,4,0.2499,0.9997,0.25
2025-05-22,META,0.9975,0.0,0.0025,1,0.9975,1.0,0.9975
2025-05-22,MSFT,0.9975,0.0,0.0025,1,0.9975,1.0,0.9975
2025-05-23,AAPL,0.0182,0.6001,0.3818,1,-0.5819,0.0294,0.6182
2025-05-23,AMZN,1.0,0.0,0.0,1,1.0,1.0,1.0
2025-05-23,BRK-B,0.0007,0.3952,0.6041,1,-0.3945,0.0018,0.3959
2025-05-23,GOOGL,0.0,0.0,1.0,1,-0.0,0.0284,0.0
2025-05-23,JPM,0.242,0.0001,0.7579,1,0.2419,0.9996,0.2421
2025-05-23,TSLA,0.3684,0.0037,0.6279,1,0.3648,0.9902,0.3721
2025-05-24,GOOGL,0.6595,0.0474,0.2931,1,0.612,0.9329,0.7069
2025-05-25,AMZN,0.0004,0.0035,0.9961,1,-0.0031,0.1069,0.0039
2025-05-25,GOOGL,0.0004,0.0035,0.9961,1,-0.0031,0.1069,0.0039
2025-05-26,BRK-B,0.0,0.0,1.0,1,0.0,0.6827,0.0
2025-05-26,META,0.0,0.0,1.0,1,-0.0,0.0314,0.0
2025-05-26,TSLA,0.0027,0.1244,0.873,2,-0.1217,0.021,0.127
2025-05-27,AAPL,0.0,1.0,0.0,1,-1.0,0.0,1.0
2025-05-27,AMZN,0.9999,0.0,0.0001,1,0.9999,1.0,0.9999
2025-05-27,GOOGL,1.0,0.0,0.0,1,1.0,1.0,1.0
2025-05-27,JPM,0.0,0.0,1.0,1,-0.0,0.4279,0.0
2025-05-27,TSLA,0.0,0.0002,0.9997,1,-0.0002,0.1407,0.0003
2025-05-27,UNH,0.5038,0.2771,0.2192,2,0.2267,0.6452,0.7808
2025-05-28,AAPL,0.5001,0.0007,0.4992,2,0.4994,0.9986,0.5008
2025-05-28,AMZN,0.9109,0.0,0.0891,1,0.9108,0.9999,0.9109
2025-05-28,TSLA,1.0,0.0,0.0,1,1.0,1.0,1.0
2025-05-28,UNH,0.4794,0.0033,0.5173,2,0.4761,0.9932,0.4827
2025-05-29,AMZN,0.0,0.0001,0.9999,1,-0.0001,0.1758,0.0001
2025-05-29,BRK-B,0.2307,0.2408,0.5285,4,-0.0101,0.4893,0.4715
2025-05-29,META,0.0,0.0,1.0,1,-0.0,0.4141,0.0
2025-05-29,MSFT,0.9989,0.0011,0.0,1,0.9978,0.9989,1.0
2025-05-29,TSLA,0.3903,0.0001,0.6095,2,0.3902,0.9996,0.3905
2025-05-29,UNH,0.759,0.1986,0.0424,2,0.5603,0.7926,0.9576
2025-05-30,AMZN,0.6468,0.0008,0.3525,2,0.646,0.9988,0.6475
2025-05-30,BRK-B,0.0003,0.0045,0.9952,2,-0.0041,0.0699,0.0048
2025-05-30,GOOGL,0.5,0.0,0.4999,2,0.5,1.0,0.5001
2025-05-30,JPM,0.0002,0.4518,0.548,2,-0.4516,0.0005,0.452
2025-05-30,MSFT,1.0,0.0,0.0,1,1.0,1.0,1.0
2025-05-30,TSLA,0.5007,0.499,0.0003,2,0.0017,0.5009,0.9997
2025-05-30,UNH,0.0002,0.0011,0.9987,1,-0.0009,0.1605,0.0013
2025-05-31,BRK-B,0.5,0.0,0.5,2,0.5,1.0,0.5
2025-05-31,JPM,0.0,0.0001,0.9999,1,-0.0001,0.0247,0.0001
2025-05-31,UNH,0.4823,0.001,0.5167,1,0.4813,0.9979,0.4833
2025-06-01,AAPL,0.0,0.0,1.0,1,-0.0,0.1492,0.0
2025-06-01,AMZN,0.0,0.0,1.0,1,0.0,0.8993,0.0
2025-06-02,AMZN,1.0,0.0,0.0,1,1.0,1.0,1.0
2025-06-02,BRK-B,0.0002,0.0002,0.9996,2,0.0,0.5473,0.0004
2025-06-02,JPM,0.0005,0.2063,0.7931,1,-0.2058,0.0026,0.2069
2025-06-02,META,0.0032,0.0,0.9968,1,0.0031,0.9958,0.0032
2025-06-02,UNH,0.3042,0.0012,0.6946,3,0.3031,0.9962,0.3054
2025-06-03,BRK-B,0.9997,0.0,0.0003,1,0.9997,1.0,0.9997
2025-06-03,GOOGL,0.0009,0.8856,0.1135,1,-0.8847,0.001,0.8865
2025-06-03,META,0.5,0.0,0.4999,4,0.5,1.0,0.5001
2025-06-03,TSLA,0.0,0.0332,0.9668,4,-0.0332,0.0006,0.0332
2025-06-04,AAPL,0.0,1.0,0.0,1,-1.0,0.0,1.0
2025-06-04,AMZN,0.4976,0.001,0.5015,2,0.4966,0.998,0.4985
2025-06-04,BRK-B,0.022,0.4026,0.5754,2,-0.3806,0.0518,0.4246
2025-06-04,META,0.7027,0.0,0.2973,4,0.7027,1.0,0.7027
2025-06-04,MSFT,0.0,0.0,1.0,1,-0.0,0.2759,0.0
2025-06-04,TSLA,0.0,0.0094,0.9905,4,-0.0094,0.0043,0.0095
2025-06-05,BRK-B,0.0,0.0004,0.9995,1,-0.0004,0.1009,0.0005
2025-06-05,JPM,1.0,0.0,0.0,1,1.0,1.0,1.0
2025-06-05,META,0.0166,0.0002,0.9832,2,0.0163,0.9866,0.0168
2025-06-05,TSLA,0.2063,0.2023,0.5914,5,0.004,0.5049,0.4086
2025-06-06,AMZN,0.0,0.499,0.501,2,-0.499,0.0,0.499
2025-06-06,BRK-B,0.0,0.0,1.0,2,-0.0,0.0311,0.0
2025-06-06,JPM,0.2296,0.0004,0.77,2,0.2292,0.9982,0.23
2025-06-06,TSLA,0.295,0.4421,0.2629,5,-0.1471,0.4002,0.7371
2025-06-06,UNH,0.0,0.0002,0.9998,1,-0.0002,0.0048,0.0002
2025-06-07,AMZN,0.0,0.0,1.0,1,-0.0,0.0424,0.0
2025-06-07,BRK-B,0.0005,0.0035,0.996,1,-0.003,0.1241,0.004
2025-06-07,GOOGL,0.0,0.0,1.0,1,-0.0,0.2111,0.0
2025-06-07,META,0.0,0.0,1.0,1,0.0,0.8734,0.0
2025-06-07,UNH,0.0,0.0001,0.9999,1,-0.0001,0.1803,0.0001
2025-06-08,BRK-B,0.0,0.0002,0.9998,2,-0.0002,0.0534,0.0002
2025-06-08,UNH,1.0,0.0,0.0,1,1.0,1.0,1.0
2025-06-09,AAPL,0.5157,0.0015,0.4827,2,0.5142,0.997,0.5173
2025-06-09,AMZN,0.378,0.001,0.621,1,0.377,0.9973,0.379
2025-06-09,BRK-B,0.0001,0.0001,0.9998,1,-0.0,0.4516,0.0002
2025-06-09,GOOGL,0.0,0.0,1.0,1,-0.0,0.0441,0.0
2025-06-09,JPM,0.0,0.0,1.0,1,-0.0,0.0842,0.0
2025-06-09,META,0.0002,0.0001,0.9997,2,0.0,0.5434,0.0003
2025-06-09,MSFT,0.0,0.0207,0.9792,1,-0.0207,0.0013,0.0208
2025-06-09,TSLA,0.2508,0.2504,0.4989,4,0.0004,0.5004,0.5011
2025-06-09,UNH,0.0,0.0001,0.9999,1,-0.0001,0.0722,0.0001
2025-06-10,AAPL,0.0378,0.0005,0.9617,1,0.0372,0.9859,0.0383
2025-06-10,BRK-B,0.0,0.0,1.0,2,-0.0,0.1754,0.0
2025-06-10,GOOGL,0.4976,0.1614,0.341,2,0.3362,0.7551,0.659
2025-06-10,JPM,0.2853,0.3702,0.3445,1,-0.0849,0.4352,0.6555
2025-06-10,META,0.0121,0.0001,0.9877,2,0.012,0.9899,0.0123
2025-06-10,MSFT,0.5189,0.0003,0.4808,2,0.5186,0.9995,0.5192
2025-06-10,TSLA,0.4999,0.0024,0.4976,2,0.4975,0.9952,0.5024
2025-06-10,UNH,0.0019,0.9955,0.0026,1,-0.9936,0.0019,0.9974
2025-06-11,GOOGL,0.376,0.0006,0.6233,2,0.3754,0.9984,0.3767
2025-06-11,META,0.9309,0.0001,0.069,2,0.9308,0.9999,0.931
2025-06-11,TSLA,0.1435,0.2686,0.5879,7,-0.125,0.3483,0.4121
2025-06-12,AAPL,0.0002,0.0,0.9997,1,0.0002,0.8575,0.0003
2025-06-12,BRK-B,0.0112,0.3175,0.6712,3,-0.3063,0.0342,0.3288
2025-06-13,AMZN,0.007,0.0042,0.9887,1,0.0028,0.6239,0.0113
2025-06-13,META,0.4999,0.0,0.5001,2,0.4999,1.0,0.4999
2025-06-13,MSFT,0.0003,0.0,0.9997,1,0.0003,0.8947,0.0003
2025-06-13,TSLA,0.5001,0.0019,0.498,2,0.4981,0.9962,0.502
2025-06-14,AMZN,0.2904,0.0014,0.7081,2,0.289,0.9951,0.2919
2025-06-15,AAPL,0.0,0.0,1.0,1,-0.0,0.1121,0.0
2025-06-15,BRK-B,0.4285,0.0141,0.5573,2,0.4144,0.968,0.4427
2025-06-15,META,0.9546,0.0002,0.0452,1,0.9544,0.9998,0.9548
2025-06-15,TSLA,0.0,0.0003,0.9997,1,-0.0003,0.0114,0.0003
2025-06-16,AMZN,0.0134,0.0002,0.9865,2,0.0132,0.9864,0.0135
2025-06-16,BRK-B,0.0046,0.0005,0.9949,1,0.0042,0.9075,0.0051
2025-06-16,JPM,1.0,0.0,0.0,1,1.0,1.0,1.0
2025-06-16,META,0.6234,0.0005,0.3761,3,0.6229,0.9992,0.6239
2025-06-16,TSLA,1.0,0.0,0.0,1,1.0,1.0,1.0
2025-06-16,UNH,0.0,0.3329,0.667,3,-0.3329,0.0001,0.333
2025-06-17,AMZN,0.0,0.0,1.0,1,-0.0,0.2786,0.0
2025-06-17,BRK-B,0.0005,0.0003,0.9992,2,0.0002,0.5928,0.0008
2025-06-17,JPM,0.0001,0.0,0.9999,2,0.0001,0.9847,0.0001
2025-06-17,UNH,0.0,0.0,1.0,1,-0.0,0.1044,0.0
2025-06-18,AMZN,0.0013,0.0272,0.9715,2,-0.0259,0.0463,0.0285
2025-06-18,BRK-B,0.0,0.0,1.0,1,0.0,0.957,0.0
2025-06-18,META,0.24,0.0002,0.7598,4,0.2398,0.999,0.2402
2025-06-18,TSLA,0.0,0.9971,0.0029,2,-0.9971,0.0,0.9971
2025-06-18,UNH,0.4867,0.0001,0.5131,2,0.4866,0.9997,0.4869
2025-06-19,AMZN,1.0,0.0,0.0,1,1.0,1.0,1.0
2025-06-19,BRK-B,0.1111,0.001,0.8879,1,0.1102,0.9913,0.1121
2025-06-19,META,0.43,0.0024,0.5676,2,0.4276,0.9945,0.4324
2025-06-19,UNH,0.0,0.0,1.0,1,-0.0,0.1413,0.0
2025-06-20,AMZN,0.0007,0.0002,0.9991,2,0.0005,0.7753,0.0009
2025-06-20,BRK-B,0.3284,0.011,0.6606,3,0.3174,0.9676,0.3394
2025-06-20,GOOGL,0.0001,0.0185,0.9814,3,-0.0184,0.0035,0.0186
2025-06-20,JPM,0.0001,0.0,0.9999,2,0.0,0.9371,0.0001
2025-06-20,META,0.0,0.0001,0.9999,1,-0.0001,0.1323,0.0001
2025-06-20,TSLA,0.0,0.0055,0.9944,1,-0.0055,0.004,0.0056
2025-06-21,AAPL,0.0,0.0002,0.9998,1,-0.0002,0.0096,0.0002
2025-06-21,BRK-B,0.0001,0.0004,0.9995,1,-0.0003,0.1639,0.0005
2025-06-21,META,0.0,0.0001,0.9999,1,-0.0001,0.1366,0.0001
2025-06-22,META,0.2629,0.0017,0.7354,3,0.2612,0.9937,0.2646
2025-06-22,MSFT,0.0001,0.0,0.9998,1,0.0001,0.9531,0.0002
2025-06-22,TSLA,0.0001,0.0423,0.9575,2,-0.0422,0.0035,0.0425
2025-06-23,BRK-B,0.0002,0.0,0.9997,2,0.0002,0.8966,0.0003
2025-06-23,GOOGL,0.0569,0.0243,0.9188,1,0.0326,0.7006,0.0812
2025-06-23,JPM,0.0,0.0,1.0,1,0.0,0.5736,0.0
2025-06-23,MSFT,1.0,0.0,0.0,1,1.0,1.0,1.0
2025-06-23,TSLA,0.0135,0.0002,0.9863,4,0.0133,0.9834,0.0137
2025-06-23,UNH,0.0233,0.0028,0.9739,1,0.0205,0.8928,0.0261
2025-06-24,AAPL,0.028,0.0076,0.9645,2,0.0204,0.7869,0.0355
2025-06-24,AMZN,1.0,0.0,0.0,1,1.0,1.0,1.0
2025-06-24,BRK-B,1.0,0.0,0.0,1,1.0,1.0,1.0
2025-06-24,GOOGL,0.6045,0.0005,0.3949,2,0.604,0.9991,0.6051
2025-06-24,META,0.6147,0.0012,0.3841,2,0.6135,0.9981,0.6159
2025-06-24,MSFT,0.9123,0.0282,0.0595,3,0.884,0.97,0.9405
2025-06-24,TSLA,0.0005,0.465,0.5345,4,-0.4645,0.0011,0.4655
2025-06-24,UNH,0.948,0.0513,0.0007,1,0.8967,0.9487,0.9993
2025-06-25,AMZN,0.5,0.0001,0.4999,4,0.5,0.9999,0.5001
2025-06-25,BRK-B,0.0002,0.1361,0.8637,4,-0.136,0.0011,0.1363
2025-06-25,META,0.641,0.0112,0.3479,2,0.6298,0.9828,0.6521
2025-06-25,TSLA,0.1543,0.5003,0.3454,2,-0.346,0.2357,0.6546
2025-06-25,UNH,0.0244,0.0037,0.9719,1,0.0207,0.8682,0.0281
2025-06-26,AAPL,0.4564,0.0,0.5436,2,0.4563,0.9999,0.4564
2025-06-26,AMZN,0.5,0.0,0.5,2,0.5,1.0,0.5
2025-06-26,BRK-B,0.0002,0.0009,0.9989,1,-0.0006,0.2119,0.0011
2025-06-26,GOOGL,0.0,0.0,1.0,1,-0.0,0.3097,0.0
2025-06-26,JPM,0.1122,0.0127,0.8751,1,0.0995,0.8983,0.1249
2025-06-26,META,0.1497,0.0026,0.8477,2,0.147,0.9826,0.1523
2025-06-26,MSFT,1.0,0.0,0.0,2,1.0,1.0,1.0
2025-06-27,AAPL,0.5,0.0082,0.4918,2,0.4919,0.9839,0.5082
2025-06-27,AMZN,0.4959,0.0002,0.5039,2,0.4957,0.9996,0.4961
2025-06-27,BRK-B,0.0,0.0,1.0,1,0.0,0.7736,0.0
2025-06-27,GOOGL,0.2597,0.4295,0.3107,4,-0.1698,0.3768,0.6893
2025-06-27,JPM,0.3295,0.0035,0.667,2,0.326,0.9895,0.333
2025-06-27,META,0.0006,0.0,0.9994,1,0.0006,0.9893,0.0006
2025-06-27,MSFT,1.0,0.0,0.0,1,1.0,1.0,1.0
2025-06-27,TSLA,0.0377,0.0157,0.9466,1,0.022,0.7059,0.0534
2025-06-28,JPM,0.0001,0.0046,0.9953,2,-0.0045,0.0241,0.0047
2025-06-28,META,0.9871,0.0003,0.0126,1,0.9867,0.9997,0.9874
2025-06-28,MSFT,0.0,0.0,1.0,1,-0.0,0.2841,0.0
2025-06-29,META,0.0001,0.0004,0.9995,1,-0.0004,0.158,0.0005
2025-06-29,TSLA,0.6892,0.0018,0.309,3,0.6874,0.9974,0.691
2025-06-30,AAPL,0.9902,0.0,0.0098,2,0.9902,1.0,0.9902
2025-06-30,AMZN,0.3963,0.0005,0.6032,5,0.3958,0.9988,0.3968
2025-06-30,BRK-B,0.387,0.0012,0.6119,3,0.3858,0.997,0.3881
2025-06-30,GOOGL,1.0,0.0,0.0,1,1.0,1.0,1.0
2025-06-30,META,0.5393,0.0419,0.4188,4,0.4975,0.9279,0.5812
2025-07-01,AAPL,0.0001,0.0006,0.9993,1,-0.0004,0.1954,0.0007
2025-07-01,AMZN,0.2857,0.0,0.7143,7,0.2857,1.0,0.2857
2025-07-01,BRK-B,0.0074,0.0023,0.9903,1,0.005,0.7595,0.0097
2025-07-01,GOOGL,0.1154,0.2392,0.6454,2,-0.1238,0.3254,0.3546
2025-07-01,JPM,0.9982,0.0001,0.0018,1,0.9981,0.9999,0.9982
2025-07-01,META,0.9999,0.0,0.0001,1,0.9999,1.0,0.9999
2025-07-01,TSLA,0.1603,0.3676,0.4721,5,-0.2073,0.3036,0.5279
2025-07-01,UNH,0.0146,0.0039,0.9815,1,0.0107,0.7888,0.0185
2025-07-02,AAPL,1.0,0.0,0.0,1,1.0,1.0,1.0
2025-07-02,AMZN,0.0,0.0001,0.9999,2,-0.0001,0.0134,0.0001
2025-07-02,JPM,0.6485,0.0,0.3515,2,0.6484,0.9999,0.6485
2025-07-02,TSLA,0.0281,0.9601,0.0117,4,-0.932,0.0285,0.9883
2025-07-02,UNH,0.0001,0.9999,0.0,1,-0.9999,0.0001,1.0
2025-07-03,AMZN,0.0322,0.0002,0.9676,2,0.032,0.9934,0.0324
2025-07-03,GOOGL,0.0013,0.0034,0.9953,1,-0.0021,0.2805,0.0047
2025-07-03,JPM,0.0,0.9994,0.0006,1,-0.9994,0.0,0.9994
2025-07-03,MSFT,0.0,0.0,1.0,2,-0.0,0.1727,0.0
2025-07-03,TSLA,0.0,1.0,0.0,1,-1.0,0.0,1.0
2025-07-03,UNH,0.0001,0.0006,0.9993,1,-0.0005,0.1546,0.0007
2025-07-05,BRK-B,0.0003,0.0363,0.9634,1,-0.036,0.0086,0.0366
2025-07-05,META,1.0,0.0,0.0,1,1.0,1.0,1.0
2025-07-05,MSFT,1.0,0.0,0.0,1,1.0,1.0,1.0
2025-07-05,TSLA,0.0206,0.1527,0.8266,2,-0.1321,0.1191,0.1734
2025-07-06,AMZN,0.9954,0.0,0.0046,1,0.9954,1.0,0.9954
2025-07-06,BRK-B,0.0042,0.0005,0.9953,2,0.0038,0.9036,0.0047
2025-07-06,MSFT,0.4977,0.0,0.5023,2,0.4977,1.0,0.4977
2025-07-06,TSLA,0.0017,0.9982,0.0001,1,-0.9965,0.0017,0.9999
2025-07-07,AAPL,0.0612,0.0323,0.9065,1,0.0289,0.6546,0.0935
2025-07-07,AMZN,0.4178,0.0009,0.5813,2,0.4168,0.9978,0.4187
2025-07-07,BRK-B,0.6664,0.0001,0.3335,3,0.6663,0.9999,0.6665
2025-07-07,GOOGL,0.0002,0.5,0.4998,2,-0.4998,0.0004,0.5002
2025-07-07,MSFT,0.4999,0.0,0.5001,2,0.4998,1.0,0.4999
2025-07-07,TSLA,0.0,0.6692,0.3307,4,-0.6692,0.0,0.6693
2025-07-08,AMZN,0.0,0.0,1.0,2,-0.0,0.0198,0.0
2025-07-08,JPM,0.0002,0.9949,0.0049,1,-0.9946,0.0002,0.9951
2025-07-08,META,0.0,0.0,0.9999,1,-0.0,0.3277,0.0001
2025-07-08,MSFT,0.9236,0.0046,0.0718,2,0.919,0.9951,0.9282
2025-07-08,TSLA,0.0,0.9998,0.0001,1,-0.9998,0.0,0.9999
2025-07-09,AMZN,0.3333,0.0,0.6667,3,0.3333,0.9999,0.3333
2025-07-09,BRK-B,0.185,0.0001,0.815,2,0.1849,0.9997,0.185
2025-07-09,META,0.4972,0.0001,0.5027,3,0.497,0.9997,0.4973
2025-07-09,TSLA,0.0043,0.4668,0.5289,2,-0.4624,0.0092,0.4711
2025-07-10,AAPL,0.0,0.0,1.0,1,-0.0,0.0606,0.0
2025-07-10,AMZN,0.0,0.0001,0.9998,1,-0.0001,0.0862,0.0002
2025-07-10,GOOGL,0.0,0.0,1.0,1,-0.0,0.2988,0.0
2025-07-10,META,0.9995,0.0,0.0005,1,0.9995,1.0,0.9995
2025-07-10,TSLA,0.5,0.0066,0.4934,2,0.4935,0.9871,0.5066
2025-07-10,UNH,0.0,0.0,0.9999,1,-0.0,0.1885,0.0001
2025-07-11,AMZN,0.9218,0.0591,0.019,2,0.8627,0.9397,0.981
2025-07-11,BRK-B,0.0,0.0,1.0,1,-0.0,0.0339,0.0
2025-07-11,GOOGL,0.6668,0.0,0.3332,3,0.6667,0.9999,0.6668
2025-07-11,JPM,0.0001,0.0001,0.9998,1,0.0,0.5297,0.0002
2025-07-11,META,0.0017,0.1363,0.862,1,-0.1345,0.0127,0.138
2025-07-11,MSFT,0.0,0.0,1.0,1,-0.0,0.0339,0.0
2025-07-11,TSLA,0.0,0.0003,0.9997,1,-0.0003,0.0165,0.0003
2025-07-11,UNH,0.0505,0.0446,0.9049,1,0.0059,0.5309,0.0951
2025-07-12,AAPL,0.0,0.499,0.501,2,-0.499,0.0,0.499
2025-07-12,AMZN,0.0001,0.7584,0.2416,1,-0.7583,0.0001,0.7584
2025-07-12,GOOGL,1.0,0.0,0.0,1,1.0,1.0,1.0
2025-07-12,MSFT,1.0,0.0,0.0,1,1.0,1.0,1.0
2025-07-12,UNH,0.0,0.007,0.9929,1,-0.007,0.0052,0.0071
2025-07-13,BRK-B,0.0,0.0,1.0,1,-0.0,0.1092,0.0
2025-07-13,MSFT,0.0,0.0,1.0,1,-0.0,0.1092,0.0
2025-07-14,AAPL,0.0,0.9965,0.0035,2,-0.9965,0.0,0.9965
2025-07-14,AMZN,0.0414,0.0,0.9586,2,0.0413,0.9997,0.0414
2025-07-14,BRK-B,0.0,0.0,1.0,2,-0.0,0.0489,0.0
2025-07-14,GOOGL,0.0007,0.0004,0.9989,1,0.0003,0.6275,0.0011
2025-07-14,JPM,0.0,1.0,0.0,1,-1.0,0.0,1.0
2025-07-14,META,0.3181,0.0001,0.6818,3,0.3181,0.9998,0.3182
2025-07-14,MSFT,0.4714,0.138,0.3906,2,0.3335,0.7736,0.6094
2025-07-14,TSLA,0.6669,0.0002,0.3329,3,0.6667,0.9998,0.6671
2025-07-15,AMZN,0.5,0.0,0.5,2,0.5,0.9999,0.5
2025-07-15,JPM,1.0,0.0,0.0,2,1.0,1.0,1.0
2025-07-15,TSLA,0.0001,0.3332,0.6666,3,-0.3331,0.0004,0.3334
2025-07-15,UNH,1.0,0.0,0.0,2,1.0,1.0,1.0
2025-07-16,BRK-B,0.0002,0.1015,0.8983,2,-0.1013,0.002,0.1017
2025-07-16,GOOGL,0.0,0.5011,0.4989,2,-0.5011,0.0,0.5011
2025-07-16,JPM,0.3333,0.0,0.6666,3,0.3333,1.0,0.3334
2025-07-16,META,0.0,1.0,0.0,1,-1.0,0.0,1.0
2025-07-16,UNH,0.6964,0.0861,0.2175,1,0.6103,0.89,0.7825
2025-07-17,AAPL,0.9935,0.0006,0.006,1,0.9929,0.9994,0.994
2025-07-17,GOOGL,0.9923,0.0,0.0077,1,0.9923,1.0,0.9923
2025-07-17,JPM,0.5,0.0,0.5,2,0.5,1.0,0.5
2025-07-17,META,0.0,0.95,0.0499,1,-0.95,0.0,0.9501
2025-07-17,MSFT,0.564,0.0009,0.4351,2,0.5631,0.9984,0.5649
2025-07-17,TSLA,0.0043,0.1924,0.8032,2,-0.1881,0.022,0.1968
2025-07-18,AAPL,0.0,0.0003,0.9997,1,-0.0003,0.0089,0.0003
2025-07-18,AMZN,0.0007,0.0003,0.999,2,0.0004,0.7159,0.001
2025-07-18,BRK-B,0.0001,0.0,0.9999,3,0.0001,0.8743,0.0001
2025-07-18,GOOGL,0.4999,0.4998,0.0002,2,0.0001,0.5,0.9998
2025-07-19,AAPL,0.0,0.0001,0.9999,1,-0.0001,0.1355,0.0001
2025-07-19,AMZN,0.0003,0.0002,0.9996,2,0.0001,0.5926,0.0004
2025-07-19,UNH,0.0,1.0,0.0,1,-1.0,0.0,1.0
2025-07-20,GOOGL,0.0,0.0,1.0,1,-0.0,0.1029,0.0
2025-07-20,META,0.5,0.0001,0.4999,2,0.4999,0.9998,0.5001
2025-07-20,MSFT,0.0,0.0003,0.9997,1,-0.0003,0.1011,0.0003
2025-07-21,AAPL,0.0001,0.3241,0.6758,3,-0.324,0.0003,0.3242
2025-07-21,AMZN,0.9883,0.0,0.0117,2,0.9883,1.0,0.9883
2025-07-21,BRK-B,0.0465,0.0011,0.9524,4,0.0454,0.9773,0.0476
2025-07-21,GOOGL,1.0,0.0,0.0,1,1.0,1.0,1.0
2025-07-21,JPM,0.0,0.0,1.0,1,-0.0,0.0315,0.0
2025-07-21,MSFT,0.0,0.0,1.0,1,-0.0,0.2472,0.0
2025-07-22,AMZN,0.9052,0.0,0.0948,1,0.9052,1.0,0.9052
2025-07-22,BRK-B,0.0003,0.0378,0.9619,4,-0.0375,0.0073,0.0381
2025-07-22,GOOGL,0.0,0.0,1.0,1,-0.0,0.0196,0.0
2025-07-22,TSLA,0.3356,0.0,0.6644,3,0.3356,0.9999,0.3356
2025-07-22,UNH,0.9986,0.0009,0.0005,2,0.9977,0.9991,0.9995
2025-07-23,AMZN,0.9997,0.0003,0.0,1,0.9994,0.9997,1.0
2025-07-23,BRK-B,0.0002,0.0012,0.9986,1,-0.0011,0.1174,0.0014
2025-07-23,GOOGL,0.799,0.0,0.201,5,0.799,1.0,0.799
2025-07-23,META,0.0024,0.0,0.9976,1,0.0023,0.9842,0.0024
2025-07-23,TSLA,0.0,1.0,0.0,1,-1.0,0.0,1.0
2025-07-24,AMZN,0.0,0.0,0.9999,3,-0.0,0.2681,0.0001
2025-07-24,BRK-B,1.0,0.0,0.0,1,1.0,1.0,1.0
2025-07-24,GOOGL,0.7819,0.0505,0.1676,6,0.7313,0.9393,0.8324
2025-07-24,JPM,0.9984,0.0,0.0016,2,0.9984,1.0,0.9984
2025-07-24,META,0.0009,0.0004,0.9988,1,0.0005,0.6969,0.0012
2025-07-24,TSLA,0.0,0.5014,0.4986,4,-0.5013,0.0,0.5014
2025-07-24,UNH,0.0001,0.0443,0.9556,3,-0.0442,0.002,0.0444
2025-07-25,AAPL,0.4802,0.5,0.0198,2,-0.0198,0.4899,0.9802
2025-07-25,AMZN,0.4999,0.0,0.5001,2,0.4999,1.0,0.4999
2025-07-25,BRK-B,0.1044,0.053,0.8426,3,0.0514,0.6631,0.1574
2025-07-25,JPM,0.0072,0.0002,0.9926,2,0.007,0.9765,0.0074
2025-07-25,MSFT,0.0019,0.001,0.997,2,0.0009,0.649,0.003
2025-07-25,TSLA,0.0,0.0008,0.9992,3,-0.0008,0.0277,0.0008
2025-07-25,UNH,0.0,1.0,0.0,1,-1.0,0.0,1.0
2025-07-26,AMZN,0.6368,0.0002,0.363,1,0.6366,0.9997,0.637
2025-07-26,GOOGL,0.0,1.0,0.0,1,-1.0,0.0,1.0
2025-07-27,AMZN,1.0,0.0,0.0,1,1.0,1.0,1.0
2025-07-27,MSFT,0.0,0.0,1.0,1,-0.0,0.0468,0.0
2025-07-27,TSLA,0.5,0.0008,0.4992,2,0.4992,0.9983,0.5008
2025-07-28,AMZN,0.0009,0.4708,0.5283,2,-0.4699,0.0019,0.4717
2025-07-28,BRK-B,0.0,0.4992,0.5008,2,-0.4992,0.0,0.4992
2025-07-28,GOOGL,0.2349,0.038,0.7271,5,0.1969,0.8606,0.2729
2025-07-28,JPM,0.6741,0.0001,0.3258,3,0.674,0.9999,0.6742
2025-07-28,META,0.473,0.0,0.527,2,0.473,1.0,0.473
2025-07-28,MSFT,0.0005,0.1942,0.8052,1,-0.1937,0.0027,0.1948
2025-07-28,TSLA,0.0,0.0001,0.9999,2,-0.0001,0.0335,0.0001
2025-07-28,UNH,0.0009,0.5941,0.4051,1,-0.5932,0.0014,0.5949
2025-07-29,AAPL,0.0,0.0438,0.9561,1,-0.0438,0.001,0.0439
2025-07-29,BRK-B,0.0,0.0,1.0,4,-0.0,0.4828,0.0
2025-07-29,META,0.0002,0.9997,0.0001,1,-0.9996,0.0002,0.9999
2025-07-29,MSFT,1.0,0.0,0.0,1,0.9999,1.0,1.0
2025-07-29,UNH,0.0,1.0,0.0,4,-1.0,0.0,1.0
2025-07-30,AMZN,0.5,0.0,0.5,2,0.5,1.0,0.5
2025-07-30,BRK-B,0.9558,0.0001,0.0441,1,0.9556,0.9999,0.9559
2025-07-30,GOOGL,1.0,0.0,0.0,1,1.0,1.0,1.0
2025-07-30,JPM,1.0,0.0,0.0,1,1.0,1.0,1.0
2025-07-30,META,0.3303,0.0027,0.667,9,0.3276,0.992,0.333
2025-07-30,MSFT,0.7995,0.0,0.2004,5,0.7995,0.9999,0.7996
2025-07-30,TSLA,0.5,0.0001,0.4999,2,0.4999,0.9998,0.5001
2025-07-31,AAPL,0.378,0.1157,0.5063,3,0.2623,0.7656,0.4937
2025-07-31,AMZN,0.1145,0.2477,0.6377,9,-0.1332,0.3162,0.3623
2025-07-31,BRK-B,0.1138,0.0018,0.8844,9,0.112,0.9843,0.1156
2025-07-31,GOOGL,0.5,0.0,0.4999,2,0.5,1.0,0.5001
2025-07-31,META,0.6789,0.1113,0.2098,19,0.5676,0.8592,0.7902
2025-07-31,MSFT,0.5486,0.0289,0.4225,8,0.5197,0.9499,0.5775
2025-07-31,TSLA,0.0,0.0017,0.9983,1,-0.0017,0.0027,0.0017
2025-07-31,UNH,0.3773,0.0044,0.6183,1,0.3729,0.9885,0.3817
2025-08-01,AMZN,0.1171,0.5532,0.3296,12,-0.4361,0.1747,0.6704
2025-08-01,BRK-B,0.4473,0.0,0.5526,4,0.4473,0.9999,0.4474
2025-08-01,GOOGL,0.5,0.5,0.0,2,0.0,0.5,1.0
2025-08-01,JPM,0.3425,0.0041,0.6534,3,0.3384,0.9882,0.3466
2025-08-01,META,0.9516,0.0007,0.0477,2,0.9509,0.9993,0.9523
2025-08-01,MSFT,0.9918,0.0,0.0082,1,0.9918,1.0,0.9918
2025-08-01,UNH,0.0,0.0002,0.9998,1,-0.0002,0.0874,0.0002
2025-08-02,AMZN,0.7492,0.0021,0.2487,1,0.7471,0.9972,0.7513
2025-08-02,BRK-B,0.0001,0.7723,0.2276,5,-0.7722,0.0001,0.7724
2025-08-02,GOOGL,0.9995,0.0,0.0004,1,0.9995,1.0,0.9996
2025-08-02,META,0.0003,0.0002,0.9996,1,0.0001,0.6209,0.0004
2025-08-02,MSFT,0.3746,0.0021,0.6233,2,0.3725,0.9945,0.3767
2025-08-03,AMZN,0.0001,0.0018,0.998,1,-0.0017,0.0659,0.002
2025-08-03,BRK-B,0.2943,0.3723,0.3334,3,-0.078,0.4415,0.6666
2025-08-03,GOOGL,0.0933,0.0056,0.9012,1,0.0877,0.9436,0.0988
2025-08-03,META,0.5001,0.0283,0.4716,2,0.4718,0.9465,0.5284
2025-08-03,TSLA,0.0009,0.0001,0.9989,1,0.0008,0.8741,0.0011
2025-08-04,AAPL,0.0048,0.4754,0.5198,2,-0.4706,0.0101,0.4802
2025-08-04,AMZN,0.0001,0.5014,0.4985,2,-0.5014,0.0002,0.5015
2025-08-04,BRK-B,0.4211,0.2758,0.3031,19,0.1454,0.6043,0.6969
2025-08-04,JPM,0.0,0.0,1.0,1,-0.0,0.1836,0.0
2025-08-04,META,0.01,0.0302,0.9598,2,-0.0202,0.2483,0.0402
2025-08-04,MSFT,0.0,0.0044,0.9955,2,-0.0044,0.0063,0.0045
2025-08-04,TSLA,0.0,0.0001,0.9999,2,-0.0,0.3642,0.0001
2025-08-04,UNH,0.0012,0.0004,0.9984,1,0.0008,0.7523,0.0016
2025-08-05,AMZN,1.0,0.0,0.0,1,1.0,1.0,1.0
2025-08-05,BRK-B,0.0002,0.3345,0.6653,3,-0.3344,0.0005,0.3347
2025-08-05,GOOGL,0.0,0.0001,0.9999,1,-0.0001,0.2297,0.0001
2025-08-05,JPM,0.0885,0.4473,0.4642,13,-0.3589,0.1651,0.5358
2025-08-05,META,0.4658,0.0,0.5342,4,0.4657,0.9999,0.4658
2025-08-05,MSFT,1.0,0.0,0.0,1,1.0,1.0,1.0
2025-08-05,UNH,0.0006,0.9379,0.0614,2,-0.9373,0.0007,0.9386
2025-08-06,AAPL,0.3871,0.0,0.6129,1,0.3871,1.0,0.3871
2025-08-06,AMZN,0.1096,0.0002,0.8903,1,0.1094,0.9986,0.1097
2025-08-06,BRK-B,0.5904,0.1454,0.2642,9,0.4451,0.8024,0.7358
2025-08-06,JPM,0.5523,0.1429,0.3049,7,0.4094,0.7945,0.6951
2025-08-06,META,0.0033,0.0,0.9967,2,0.0033,0.9976,0.0033
2025-08-06,MSFT,0.5538,0.0001,0.4461,2,0.5538,0.9999,0.5539
2025-08-06,TSLA,0.3319,0.3305,0.3376,3,0.0014,0.5011,0.6624
2025-08-07,AAPL,0.3242,0.0001,0.6757,3,0.324,0.9996,0.3243
2025-08-07,AMZN,0.0768,0.1515,0.7717,2,-0.0747,0.3364,0.2283
2025-08-07,BRK-B,0.4253,0.2239,0.3508,9,0.2014,0.6551,0.6492
2025-08-07,GOOGL,0.1584,0.0015,0.8402,2,0.1569,0.9907,0.1598
2025-08-07,JPM,0.6935,0.0433,0.2632,9,0.6503,0.9412,0.7368
2025-08-07,TSLA,0.5786,0.0781,0.3433,4,0.5006,0.8811,0.6567
2025-08-07,UNH,0.0001,0.9976,0.0024,1,-0.9975,0.0001,0.9976
2025-08-08,AAPL,0.6655,0.0001,0.3344,3,0.6655,0.9999,0.6656
2025-08-08,AMZN,0.0002,0.4999,0.5,2,-0.4997,0.0003,0.5
2025-08-08,BRK-B,0.3336,0.4951,0.1713,6,-0.1615,0.4025,0.8287
2025-08-08,GOOGL,0.7138,0.0029,0.2833,2,0.7109,0.996,0.7167
2025-08-08,JPM,0.5,0.25,0.25,8,0.25,0.6667,0.75
2025-08-08,META,0.0,0.0001,0.9999,2,-0.0001,0.1243,0.0001
2025-08-08,MSFT,0.0956,0.0032,0.9012,3,0.0925,0.968,0.0988
2025-08-08,TSLA,0.0001,0.4676,0.5322,2,-0.4675,0.0003,0.4678
2025-08-09,AAPL,1.0,0.0,0.0,1,1.0,1.0,1.0
2025-08-09,JPM,0.3872,0.3074,0.3054,4,0.0797,0.5574,0.6946
2025-08-09,META,1.0,0.0,0.0,1,1.0,1.0,1.0
2025-08-10,AAPL,0.5003,0.0001,0.4996,2,0.5001,0.9997,0.5004
2025-08-10,AMZN,0.0041,0.0576,0.9383,2,-0.0534,0.0667,0.0617
2025-08-10,BRK-B,0.9999,0.0,0.0001,1,0.9999,1.0,0.9999
2025-08-10,GOOGL,0.0,0.0001,0.9999,1,-0.0001,0.0375,0.0001
2025-08-10,JPM,0.2561,0.2593,0.4847,7,-0.0032,0.4969,0.5153
2025-08-10,MSFT,1.0,0.0,0.0,1,1.0,1.0,1.0
2025-08-11,AAPL,0.5447,0.0026,0.4527,3,0.5422,0.9953,0.5473
2025-08-11,AMZN,0.2499,0.2354,0.5147,4,0.0144,0.5149,0.4853
2025-08-11,BRK-B,0.3191,0.0,0.6809,9,0.3191,0.9999,0.3191
2025-08-11,GOOGL,0.0007,0.0,0.9993,1,0.0006,0.9578,0.0007
2025-08-11,JPM,0.2532,0.2111,0.5358,12,0.0421,0.5453,0.4642
2025-08-11,META,0.9993,0.0,0.0007,1,0.9993,1.0,0.9993
2025-08-11,MSFT,0.0,0.0,1.0,1,0.0,0.6111,0.0
2025-08-11,TSLA,0.6613,0.0079,0.3308,3,0.6534,0.9882,0.6692
2025-08-12,AAPL,0.0,0.0005,0.9995,1,-0.0005,0.0089,0.0005
2025-08-12,AMZN,0.9783,0.0004,0.0212,1,0.9779,0.9996,0.9788
2025-08-12,BRK-B,0.3102,0.1197,0.5702,9,0.1905,0.7216,0.4298
2025-08-12,GOOGL,0.0001,0.0,0.9999,1,0.0,0.8522,0.0001
2025-08-12,JPM,0.6887,0.0004,0.3109,15,0.6883,0.9994,0.6891
2025-08-12,META,0.5005,0.0,0.4995,2,0.5004,0.9999,0.5005
2025-08-12,TSLA,0.0,0.0,1.0,1,-0.0,0.0894,0.0
2025-08-13,AAPL,0.0,0.0,1.0,2,-0.0,0.2209,0.0
2025-08-13,AMZN,0.5,0.0,0.5,2,0.5,1.0,0.5
2025-08-13,BRK-B,0.4524,0.2738,0.2739,11,0.1786,0.623,0.7261
2025-08-13,GOOGL,0.0009,0.2504,0.7487,4,-0.2495,0.0035,0.2513
2025-08-13,JPM,0.3815,0.1907,0.4278,11,0.1909,0.6668,0.5722
2025-08-13,META,1.0,0.0,0.0,1,1.0,1.0,1.0
2025-08-13,TSLA,0.0001,0.0001,0.9998,3,-0.0001,0.3886,0.0002
2025-08-13,UNH,0.7336,0.002,0.2644,2,0.7316,0.9973,0.7356
2025-08-14,AMZN,0.5078,0.0,0.4922,2,0.5078,1.0,0.5078
2025-08-14,BRK-B,0.1191,0.0773,0.8037,13,0.0418,0.6064,0.1963
2025-08-14,GOOGL,0.159,0.0009,0.8401,2,0.1582,0.9946,0.1599
2025-08-14,JPM,0.4405,0.153,0.4065,19,0.2875,0.7422,0.5935
2025-08-14,META,0.0,0.0001,0.9999,1,-0.0001,0.0068,0.0001
2025-08-14,MSFT,1.0,0.0,0.0,1,1.0,1.0,1.0
2025-08-14,TSLA,0.0001,0.0004,0.9995,1,-0.0003,0.2121,0.0005
2025-08-14,UNH,0.0,0.0005,0.9995,6,-0.0005,0.0516,0.0005
2025-08-15,AAPL,0.0027,0.0001,0.9972,1,0.0026,0.9498,0.0028
2025-08-15,AMZN,0.5083,0.4611,0.0306,2,0.0472,0.5243,0.9694
2025-08-15,BRK-B,0.3754,0.0005,0.6241,25,0.3749,0.9987,0.3759
2025-08-15,GOOGL,0.3415,0.0039,0.6547,2,0.3376,0.9888,0.3453
2025-08-15,JPM,0.3012,0.194,0.5048,10,0.1072,0.6083,0.4952
2025-08-15,MSFT,0.0006,0.0028,0.9965,1,-0.0022,0.1799,0.0035
2025-08-15,TSLA,1.0,0.0,0.0,1,1.0,1.0,1.0
2025-08-15,UNH,0.4413,0.1019,0.4568,51,0.3395,0.8125,0.5432
2025-08-16,AMZN,0.3968,0.0203,0.5829,1,0.3765,0.9514,0.4171
2025-08-16,BRK-B,0.337,0.0001,0.6629,3,0.3369,0.9998,0.3371
2025-08-16,JPM,1.0,0.0,0.0,1,1.0,1.0,1.0
2025-08-16,UNH,0.5926,0.0046,0.4028,13,0.588,0.9922,0.5972
2025-08-17,AAPL,0.5,0.0,0.5,2,0.5,1.0,0.5
2025-08-17,AMZN,0.0061,0.0031,0.9908,1,0.003,0.6662,0.0092
2025-08-17,BRK-B,0.1452,0.2831,0.5717,7,-0.1379,0.339,0.4283
2025-08-17,JPM,0.2942,0.1071,0.5987,4,0.1871,0.7332,0.4013
2025-08-17,MSFT,1.0,0.0,0.0,1,1.0,1.0,1.0
2025-08-17,TSLA,0.0001,0.0008,0.9992,1,-0.0007,0.0714,0.0008
2025-08-17,UNH,0.4313,0.0013,0.5674,6,0.43,0.997,0.4326
2025-08-18,AAPL,1.0,0.0,0.0,1,1.0,1.0,1.0
2025-08-18,AMZN,0.9999,0.0,0.0001,1,0.9999,1.0,0.9999
2025-08-18,BRK-B,0.2477,0.2554,0.4969,12,-0.0077,0.4923,0.5031
2025-08-18,GOOGL,0.2879,0.0017,0.7104,7,0.2862,0.9942,0.2896
2025-08-18,JPM,0.4313,0.3904,0.1783,19,0.0409,0.5249,0.8217
2025-08-18,META,0.1257,0.1626,0.7117,8,-0.0368,0.4361,0.2883
2025-08-18,MSFT,0.5,0.0,0.5,2,0.5,1.0,0.5
2025-08-18,TSLA,0.0015,0.0103,0.9882,1,-0.0088,0.1278,0.0118
2025-08-18,UNH,0.5623,0.1795,0.2582,42,0.3828,0.758,0.7418
2025-08-19,AMZN,0.0,1.0,0.0,1,-1.0,0.0,1.0
2025-08-19,BRK-B,0.4466,0.4048,0.1486,7,0.0419,0.5246,0.8514
2025-08-19,GOOGL,0.5702,0.0,0.4298,2,0.5702,1.0,0.5702
2025-08-19,JPM,0.6325,0.0206,0.3469,11,0.6118,0.9684,0.6531
2025-08-19,META,0.0,0.5,0.5,2,-0.5,0.0,0.5
2025-08-19,TSLA,0.0001,0.0,0.9999,2,0.0001,0.9458,0.0001
2025-08-19,UNH,0.2508,0.3062,0.4429,22,-0.0554,0.4503,0.5571
2025-08-20,AMZN,0.0044,0.332,0.6635,3,-0.3276,0.0131,0.3365
2025-08-20,BRK-B,0.4988,0.4996,0.0015,4,-0.0008,0.4996,0.9985
2025-08-20,GOOGL,0.0008,0.9982,0.001,1,-0.9974,0.0008,0.999
2025-08-20,JPM,0.2336,0.2039,0.5625,11,0.0298,0.534,0.4375
2025-08-20,TSLA,0.0381,0.4413,0.5206,1,-0.4032,0.0794,0.4794
2025-08-20,UNH,0.386,0.2992,0.3149,22,0.0868,0.5634,0.6851
2025-08-21,AMZN,0.3041,0.0061,0.6897,2,0.298,0.9802,0.3103
2025-08-21,BRK-B,0.2704,0.5409,0.1887,8,-0.2705,0.3333,0.8113
2025-08-21,GOOGL,0.0,0.0,1.0,2,0.0,0.8128,0.0
2025-08-21,JPM,0.3977,0.1682,0.4341,12,0.2295,0.7028,0.5659
2025-08-21,META,0.0,0.6665,0.3334,3,-0.6665,0.0,0.6666
2025-08-21,TSLA,0.0,0.3337,0.6663,3,-0.3337,0.0001,0.3337
2025-08-21,UNH,0.3514,0.1916,0.457,32,0.1598,0.6471,0.543
2025-08-22,AMZN,0.6665,0.0,0.3335,3,0.6665,1.0,0.6665
2025-08-22,BRK-B,0.2982,0.1418,0.56,7,0.1563,0.6776,0.44
2025-08-22,GOOGL,0.2859,0.0001,0.714,7,0.2858,0.9997,0.286
2025-08-22,JPM,0.277,0.041,0.682,19,0.236,0.8711,0.318
2025-08-22,META,0.2011,0.2,0.5989,5,0.0011,0.5013,0.4011
2025-08-22,TSLA,0.4983,0.1831,0.3186,38,0.3151,0.7312,0.6814
2025-08-22,UNH,0.5414,0.1872,0.2714,16,0.3542,0.7431,0.7286
2025-08-23,AAPL,0.124,0.0007,0.8753,3,0.1233,0.9942,0.1247
2025-08-23,BRK-B,0.0,0.0001,0.9999,1,-0.0001,0.0077,0.0001
2025-08-23,JPM,0.6737,0.0253,0.3009,3,0.6484,0.9638,0.6991
2025-08-23,TSLA,0.3037,0.0499,0.6464,14,0.2539,0.859,0.3536
2025-08-23,UNH,0.3337,0.1214,0.545,3,0.2123,0.7333,0.455
2025-08-24,AAPL,0.2768,0.1668,0.5564,7,0.1101,0.6241,0.4436
2025-08-24,AMZN,0.3782,0.125,0.4968,16,0.2532,0.7516,0.5032
2025-08-24,BRK-B,0.3333,0.0021,0.6647,3,0.3312,0.9939,0.3353
2025-08-24,GOOGL,1.0,0.0,0.0,1,1.0,1.0,1.0
2025-08-24,META,0.1915,0.1237,0.6849,11,0.0678,0.6076,0.3151
2025-08-24,MSFT,0.4973,0.0006,0.5021,2,0.4967,0.9988,0.4979
2025-08-24,TSLA,0.3641,0.314,0.3219,13,0.0501,0.5369,0.6781
2025-08-24,UNH,0.0089,0.4482,0.5429,4,-0.4392,0.0196,0.4571
2025-08-25,AAPL,0.3315,0.2874,0.3811,37,0.0442,0.5357,0.6189
2025-08-25,AMZN,0.664,0.103,0.233,33,0.5609,0.8657,0.767
2025-08-25,BRK-B,0.0,0.0002,0.9998,4,-0.0002,0.0595,0.0002
2025-08-25,GOOGL,0.5528,0.0876,0.3596,9,0.4652,0.8632,0.6404
2025-08-25,JPM,0.4796,0.092,0.4284,14,0.3876,0.8391,0.5716
2025-08-25,META,0.566,0.1277,0.3063,37,0.4383,0.8159,0.6937
2025-08-25,MSFT,0.5569,0.1763,0.2667,37,0.3806,0.7595,0.7333
2025-08-25,TSLA,0.3421,0.3137,0.3441,42,0.0284,0.5217,0.6559
2025-08-25,UNH,0.217,0.3186,0.4644,10,-0.1016,0.4051,0.5356
2025-08-26,AAPL,0.276,0.2869,0.4372,55,-0.0109,0.4903,0.5628
2025-08-26,AMZN,0.4455,0.172,0.3825,45,0.2735,0.7215,0.6175
2025-08-26,BRK-B,0.1278,0.3306,0.5416,9,-0.2028,0.2788,0.4584
2025-08-26,GOOGL,0.4203,0.1408,0.4389,73,0.2796,0.7491,0.5611
2025-08-26,JPM,0.6655,0.1667,0.1678,12,0.4989,0.7997,0.8322
2025-08-26,META,0.3938,0.1197,0.4864,54,0.2741,0.7669,0.5136
2025-08-26,MSFT,0.5221,0.0625,0.4154,47,0.4596,0.8931,0.5846
2025-08-26,TSLA,0.3542,0.2866,0.3593,37,0.0676,0.5527,0.6407
2025-08-26,UNH,0.2659,0.3258,0.4083,10,-0.06,0.4493,0.5917
2025-08-27,AAPL,0.3288,0.1823,0.4889,41,0.1465,0.6433,0.5111
2025-08-27,AMZN,0.4454,0.1196,0.435,52,0.3259,0.7884,0.565
2025-08-27,BRK-B,0.5018,0.0008,0.4973,2,0.501,0.9983,0.5027
2025-08-27,GOOGL,0.3899,0.1019,0.5082,55,0.288,0.7928,0.4918
2025-08-27,JPM,0.6132,0.1374,0.2493,8,0.4758,0.8169,0.7507
2025-08-27,META,0.4399,0.126,0.4341,41,0.314,0.7774,0.5659
2025-08-27,MSFT,0.5681,0.1163,0.3156,54,0.4517,0.83,0.6844
2025-08-27,TSLA,0.3186,0.1942,0.4873,30,0.1244,0.6213,0.5127
2025-08-27,UNH,0.5973,0.157,0.2457,14,0.4404,0.7919,0.7543
2025-08-28,AAPL,0.3919,0.3499,0.2582,37,0.0419,0.5283,0.7418
2025-08-28,AMZN,0.5886,0.1357,0.2757,39,0.4528,0.8126,0.7243
2025-08-28,BRK-B,0.2157,0.201,0.5833,12,0.0148,0.5177,0.4167
2025-08-28,GOOGL,0.5132,0.134,0.3528,42,0.3793,0.793,0.6472
2025-08-28,JPM,0.2936,0.393,0.3134,10,-0.0994,0.4276,0.6866
2025-08-28,META,0.6021,0.1238,0.2741,40,0.4783,0.8294,0.7259
2025-08-28,MSFT,0.632,0.0679,0.3001,47,0.5641,0.903,0.6999
2025-08-28,TSLA,0.2511,0.3912,0.3577,36,-0.1401,0.391,0.6423
2025-08-28,UNH,0.4227,0.1987,0.3786,13,0.224,0.6803,0.6214
2025-08-29,AAPL,0.4775,0.2065,0.316,38,0.271,0.6981,0.684
2025-08-29,AMZN,0.4477,0.2481,0.3042,41,0.1996,0.6434,0.6958
2025-08-29,BRK-B,0.4286,0.0002,0.5712,7,0.4283,0.9994,0.4288
2025-08-29,GOOGL,0.4689,0.1571,0.374,49,0.3118,0.749,0.626
2025-08-29,JPM,0.4794,0.3619,0.1587,11,0.1175,0.5698,0.8413
2025-08-29,META,0.476,0.1483,0.3757,39,0.3278,0.7625,0.6243
2025-08-29,MSFT,0.4466,0.286,0.2674,46,0.1606,0.6096,0.7326
2025-08-29,TSLA,0.2815,0.4095,0.309,43,-0.128,0.4073,0.691
2025-08-29,UNH,0.4609,0.2074,0.3316,10,0.2535,0.6896,0.6684
2025-08-30,AAPL,0.5071,0.1352,0.3577,14,0.3718,0.7895,0.6423
2025-08-30,AMZN,0.1909,0.2412,0.5679,11,-0.0503,0.4418,0.4321
2025-08-30,BRK-B,0.4012,0.1341,0.4647,4,0.2671,0.7495,0.5353
2025-08-30,GOOGL,0.5055,0.1377,0.3568,12,0.3678,0.7859,0.6432
2025-08-30,JPM,0.5418,0.0,0.4582,1,0.5418,1.0,0.5418
2025-08-30,META,0.4672,0.0821,0.4507,13,0.3851,0.8506,0.5493
2025-08-30,MSFT,0.5531,0.27,0.177,7,0.2831,0.672,0.823
2025-08-30,TSLA,0.367,0.3781,0.2549,8,-0.0111,0.4926,0.7451
2025-08-30,UNH,0.505,0.0,0.495,4,0.505,1.0,0.505
2025-08-31,AAPL,0.2674,0.2699,0.4627,15,-0.0025,0.4977,0.5373
2025-08-31,AMZN,0.2753,0.3945,0.3302,18,-0.1193,0.411,0.6698
2025-08-31,GOOGL,0.3679,0.3998,0.2323,14,-0.032,0.4792,0.7677
2025-08-31,JPM,1.0,0.0,0.0,1,1.0,1.0,1.0
2025-08-31,META,0.4162,0.274,0.3098,17,0.1423,0.6031,0.6902
2025-08-31,MSFT,0.3343,0.3139,0.3518,10,0.0204,0.5157,0.6482
2025-08-31,TSLA,0.0009,0.4986,0.5004,4,-0.4977,0.0019,0.4996
2025-09-01,AMZN,1.0,0.0,0.0,2,1.0,1.0,1.0
2025-09-01,BRK-B,0.2498,0.2111,0.5391,4,0.0387,0.542,0.4609
2025-09-01,MSFT,0.0,0.0,1.0,1,-0.0,0.0811,0.0
2025-09-01,UNH,0.5,0.5,0.0,2,0.0,0.5,1.0
2025-09-02,AAPL,0.0001,0.0001,0.9999,2,-0.0,0.4416,0.0001
2025-09-02,AMZN,0.0,0.9979,0.0021,2,-0.9979,0.0,0.9979
2025-09-02,BRK-B,0.0945,0.091,0.8145,11,0.0036,0.5096,0.1855
2025-09-02,GOOGL,0.5,0.1666,0.3333,6,0.3334,0.75,0.6667
2025-09-02,JPM,0.8393,0.0,0.1607,2,0.8392,0.9999,0.8393
2025-09-02,MSFT,0.001,0.0003,0.9987,2,0.0008,0.7936,0.0013
2025-09-02,UNH,0.3937,0.3002,0.3061,10,0.0935,0.5674,0.6939
2025-09-03,AAPL,0.0288,0.3042,0.667,3,-0.2754,0.0864,0.333
2025-09-03,BRK-B,0.0006,0.1784,0.8209,5,-0.1778,0.0035,0.1791
2025-09-03,GOOGL,0.2239,0.0408,0.7353,10,0.1831,0.8459,0.2647
2025-09-03,META,0.0,0.0,1.0,1,-0.0,0.1221,0.0
2025-09-03,MSFT,0.8798,0.0001,0.1201,1,0.8797,0.9999,0.8799
2025-09-03,UNH,0.5001,0.1666,0.3333,6,0.3334,0.7501,0.6667
2025-09-04,AAPL,0.9999,0.0,0.0001,1,0.9999,1.0,0.9999
2025-09-04,AMZN,0.5336,0.0007,0.4657,5,0.533,0.9988,0.5343
2025-09-04,BRK-B,0.4173,0.2508,0.3319,4,0.1665,0.6246,0.6681
2025-09-04,GOOGL,0.9537,0.0001,0.0463,2,0.9536,0.9999,0.9537
2025-09-04,JPM,0.0049,0.0,0.9951,1,0.0049,0.9962,0.0049
2025-09-04,META,0.297,0.0014,0.7016,2,0.2956,0.9953,0.2984
2025-09-04,MSFT,0.0,0.0,1.0,1,-0.0,0.0644,0.0
2025-09-04,TSLA,0.5,0.0002,0.4998,2,0.4999,0.9997,0.5002
2025-09-04,UNH,0.6168,0.1669,0.2164,6,0.4499,0.7871,0.7836
2025-09-05,AMZN,0.0003,0.0314,0.9683,1,-0.0312,0.0087,0.0317
2025-09-05,BRK-B,0.6667,0.0002,0.3331,3,0.6664,0.9996,0.6669
2025-09-05,GOOGL,0.1206,0.4984,0.3811,2,-0.3778,0.1948,0.6189
2025-09-05,JPM,0.5,0.4997,0.0003,6,0.0003,0.5002,0.9997
2025-09-05,META,0.0002,0.0001,0.9998,3,0.0001,0.6574,0.0002
2025-09-05,MSFT,0.0014,0.3344,0.6642,3,-0.333,0.0043,0.3358
2025-09-05,TSLA,0.0003,0.0,0.9997,1,0.0002,0.9072,0.0003
2025-09-05,UNH,0.2462,0.2774,0.4764,4,-0.0313,0.4702,0.5236
2025-09-06,AMZN,0.9999,0.0,0.0001,1,0.9998,1.0,0.9999
2025-09-06,BRK-B,0.3327,0.332,0.3353,3,0.0007,0.5006,0.6647
2025-09-06,JPM,0.999,0.0,0.001,2,0.999,1.0,0.999
2025-09-06,MSFT,0.0,0.0,0.9999,1,0.0,0.5286,0.0001
2025-09-06,UNH,0.999,0.0,0.001,2,0.999,1.0,0.999
2025-09-07,AAPL,0.5001,0.0005,0.4995,2,0.4996,0.999,0.5005
2025-09-07,AMZN,0.0,0.0,1.0,1,-0.0,0.0251,0.0
2025-09-07,BRK-B,1.0,0.0,0.0,1,1.0,1.0,1.0
2025-09-07,GOOGL,0.9997,0.0,0.0003,1,0.9997,1.0,0.9997
2025-09-07,JPM,0.9998,0.0002,0.0,2,0.9996,0.9998,1.0
2025-09-07,META,0.0,0.0,0.9999,1,-0.0,0.0363,0.0001
2025-09-07,MSFT,0.3956,0.0005,0.6039,1,0.395,0.9986,0.3961
2025-09-07,TSLA,0.0,0.9996,0.0004,1,-0.9996,0.0,0.9996
2025-09-08,AAPL,0.3209,0.0047,0.6744,1,0.3162,0.9855,0.3256
2025-09-08,AMZN,0.0014,0.0001,0.9985,2,0.0013,0.9323,0.0015
2025-09-08,BRK-B,0.0193,0.0165,0.9642,5,0.0028,0.5393,0.0358
2025-09-08,GOOGL,0.3409,0.0047,0.6544,3,0.3362,0.9865,0.3456
2025-09-08,JPM,0.4105,0.1912,0.3983,10,0.2193,0.6822,0.6017
2025-09-08,META,0.3999,0.0,0.6001,5,0.3999,1.0,0.3999
2025-09-08,TSLA,0.0053,0.5009,0.4938,4,-0.4956,0.0104,0.5062
2025-09-08,UNH,0.621,0.091,0.288,11,0.53,0.8722,0.712
2025-09-09,AAPL,0.0,0.0,0.9999,1,-0.0,0.4833,0.0001
2025-09-09,AMZN,0.25,0.0001,0.7499,4,0.2498,0.9994,0.2501
2025-09-09,BRK-B,1.0,0.0,0.0,4,1.0,1.0,1.0
2025-09-09,GOOGL,0.5048,0.0075,0.4878,3,0.4973,0.9854,0.5122
2025-09-09,JPM,0.4074,0.3099,0.2826,15,0.0975,0.568,0.7174
2025-09-09,META,0.4937,0.0003,0.5061,2,0.4934,0.9995,0.4939
2025-09-09,MSFT,0.0011,0.0013,0.9976,2,-0.0002,0.4668,0.0024
2025-09-09,TSLA,0.0011,0.1877,0.8112,3,-0.1867,0.0056,0.1888
2025-09-09,UNH,0.3612,0.2588,0.38,20,0.1024,0.5826,0.62
2025-09-10,AAPL,0.2553,0.4946,0.2501,4,-0.2394,0.3404,0.7499
2025-09-10,AMZN,0.007,0.3174,0.6757,2,-0.3104,0.0215,0.3243
2025-09-10,BRK-B,0.5039,0.1624,0.3337,6,0.3415,0.7563,0.6663
2025-09-10,JPM,0.4001,0.215,0.3849,15,0.1852,0.6505,0.6151
2025-09-10,META,0.0249,0.0013,0.9738,2,0.0236,0.9509,0.0262
2025-09-10,MSFT,0.4227,0.0079,0.5693,3,0.4148,0.9816,0.4307
2025-09-10,TSLA,0.0,0.0007,0.9993,2,-0.0007,0.0045,0.0007
2025-09-10,UNH,0.4641,0.1746,0.3612,23,0.2895,0.7266,0.6388
2025-09-11,AAPL,0.5,0.0,0.5,2,0.5,1.0,0.5
2025-09-11,AMZN,0.5081,0.0001,0.4918,3,0.5081,0.9999,0.5082
2025-09-11,BRK-B,0.3695,0.0921,0.5384,4,0.2773,0.8004,0.4616
2025-09-11,GOOGL,0.5005,0.0012,0.4983,2,0.4994,0.9977,0.5017
2025-09-11,JPM,0.3902,0.1742,0.4356,20,0.2159,0.6913,0.5644
2025-09-11,META,0.0005,0.0017,0.9978,1,-0.0013,0.2158,0.0022
2025-09-11,MSFT,0.5,0.0,0.5,2,0.5,1.0,0.5
2025-09-11,TSLA,0.0238,0.0032,0.973,1,0.0206,0.8802,0.027
2025-09-11,UNH,0.7021,0.0842,0.2136,13,0.6179,0.8929,0.7864
2025-09-12,AAPL,0.0084,0.0048,0.9867,1,0.0036,0.6345,0.0133
2025-09-12,AMZN,0.0007,0.7057,0.2936,1,-0.705,0.001,0.7064
2025-09-12,BRK-B,0.334,0.0248,0.6412,6,0.3091,0.9308,0.3588
2025-09-12,GOOGL,0.0128,0.0,0.9871,2,0.0128,0.9974,0.0129
2025-09-12,JPM,0.5973,0.0587,0.344,17,0.5387,0.9106,0.656
2025-09-12,META,0.5016,0.0,0.4984,4,0.5016,1.0,0.5016
2025-09-12,TSLA,0.4989,0.0035,0.4975,5,0.4954,0.993,0.5025
2025-09-12,UNH,0.6263,0.1861,0.1876,16,0.4403,0.771,0.8124
2025-09-13,AAPL,0.9178,0.0001,0.0821,4,0.9177,0.9998,0.9179
2025-09-13,AMZN,0.0,0.0,0.9999,1,-0.0,0.2414,0.0001
2025-09-13,BRK-B,0.4338,0.0762,0.49,4,0.3576,0.8506,0.51
2025-09-13,GOOGL,0.0001,0.0,0.9999,1,0.0001,0.8603,0.0001
2025-09-13,JPM,0.7786,0.1262,0.0952,3,0.6524,0.8605,0.9048
2025-09-13,META,0.0,0.0001,0.9999,1,-0.0001,0.0973,0.0001
2025-09-13,MSFT,0.0771,0.8182,0.1047,1,-0.7411,0.0861,0.8953
2025-09-13,TSLA,0.5774,0.0002,0.4224,5,0.5773,0.9997,0.5776
2025-09-13,UNH,0.4312,0.0027,0.5661,7,0.4286,0.9938,0.4339
2025-09-14,AMZN,0.0002,0.0138,0.986,3,-0.0136,0.0146,0.014
2025-09-14,BRK-B,0.4999,0.0044,0.4956,2,0.4955,0.9912,0.5044
2025-09-14,GOOGL,0.9998,0.0,0.0002,1,0.9998,1.0,0.9998
2025-09-14,JPM,1.0,0.0,0.0,1,1.0,1.0,1.0
2025-09-14,META,0.0001,0.9935,0.0064,1,-0.9935,0.0001,0.9936
2025-09-14,UNH,0.0001,0.1027,0.8972,3,-0.1026,0.0008,0.1028
2025-09-15,AAPL,0.5,0.0,0.5,2,0.5,1.0,0.5
2025-09-15,AMZN,0.4805,0.0,0.5195,2,0.4805,0.9999,0.4805
2025-09-15,BRK-B,0.6659,0.0003,0.3338,6,0.6656,0.9996,0.6662
2025-09-15,GOOGL,0.3421,0.0011,0.6568,9,0.3409,0.9967,0.3432
2025-09-15,JPM,0.6184,0.1138,0.2679,15,0.5046,0.8446,0.7321
2025-09-15,META,0.0001,0.0001,0.9998,3,-0.0,0.4166,0.0002
2025-09-15,TSLA,0.3334,0.0001,0.6666,6,0.3333,0.9998,0.3334
2025-09-15,UNH,0.3526,0.2277,0.4197,17,0.1249,0.6076,0.5803
2025-09-16,AAPL,0.45,0.0011,0.5489,6,0.4488,0.9975,0.4511
2025-09-16,AMZN,0.3333,0.0001,0.6667,3,0.3332,0.9998,0.3333
2025-09-16,BRK-B,0.1669,0.4824,0.3507,6,-0.3154,0.2571,0.6493
2025-09-16,GOOGL,0.3331,0.0,0.6669,3,0.3331,1.0,0.3331
2025-09-16,JPM,0.4662,0.0004,0.5334,17,0.4659,0.9992,0.4666
2025-09-16,META,0.4113,0.0001,0.5887,4,0.4112,0.9998,0.4113
2025-09-16,MSFT,0.001,0.0,0.999,2,0.001,0.9967,0.001
2025-09-16,TSLA,0.5,0.0001,0.4999,2,0.4999,0.9999,0.5001
2025-09-16,UNH,0.3886,0.2308,0.3806,13,0.1578,0.6274,0.6194
2025-09-17,AMZN,0.2504,0.0001,0.7494,4,0.2503,0.9995,0.2506
2025-09-17,BRK-B,0.6667,0.0,0.3333,3,0.6667,1.0,0.6667
2025-09-17,GOOGL,0.5,0.0,0.5,4,0.5,1.0,0.5
2025-09-17,JPM,0.5053,0.0002,0.4945,10,0.5051,0.9996,0.5055
2025-09-17,META,0.0008,0.1067,0.8926,4,-0.1059,0.007,0.1074
2025-09-17,TSLA,0.0,0.0001,0.9999,2,-0.0001,0.0871,0.0001
2025-09-17,UNH,0.2754,0.1795,0.5451,6,0.0959,0.6054,0.4549
2025-09-18,AAPL,1.0,0.0,0.0,1,1.0,1.0,1.0
2025-09-18,AMZN,0.0001,0.0022,0.9976,2,-0.0021,0.062,0.0024
2025-09-18,BRK-B,0.0,0.001,0.999,1,-0.001,0.0217,0.001
2025-09-18,GOOGL,0.5,0.0,0.5,2,0.5,1.0,0.5
2025-09-18,JPM,0.5381,0.0611,0.4008,13,0.4769,0.898,0.5992
2025-09-18,META,0.3349,0.0004,0.6647,3,0.3345,0.9987,0.3353
2025-09-18,MSFT,1.0,0.0,0.0,1,1.0,1.0,1.0
2025-09-18,TSLA,0.4954,0.2501,0.2545,4,0.2453,0.6645,0.7455
2025-09-18,UNH,0.7501,0.0235,0.2264,4,0.7266,0.9696,0.7736
2025-09-19,AAPL,0.0,0.0001,0.9999,1,-0.0001,0.0628,0.0001
2025-09-19,AMZN,0.0017,0.0087,0.9896,3,-0.007,0.1667,0.0104
2025-09-19,BRK-B,0.6666,0.0,0.3334,3,0.6666,1.0,0.6666
2025-09-19,GOOGL,0.0,0.0004,0.9996,2,-0.0004,0.0274,0.0004
2025-09-19,JPM,0.3514,0.0845,0.5641,12,0.2669,0.8061,0.4359
2025-09-19,META,0.0,0.0001,0.9999,3,-0.0001,0.0612,0.0001
2025-09-19,TSLA,0.0165,0.5,0.4835,2,-0.4836,0.0319,0.5165
2025-09-19,UNH,0.3334,0.3333,0.3333,3,0.0,0.5,0.6667
2025-09-20,AAPL,0.0,0.4959,0.5041,2,-0.4958,0.0,0.4959
2025-09-20,AMZN,0.3333,0.0,0.6667,3,0.3333,1.0,0.3333
2025-09-20,BRK-B,0.0003,0.0008,0.9989,1,-0.0006,0.242,0.0011
2025-09-20,JPM,0.5626,0.0002,0.4372,7,0.5625,0.9997,0.5628
2025-09-20,META,0.0,0.0002,0.9998,1,-0.0002,0.0902,0.0002
2025-09-20,TSLA,0.5,0.0021,0.4979,2,0.4979,0.9958,0.5021
2025-09-20,UNH,0.9821,0.0001,0.0178,1,0.982,0.9999,0.9822
2025-09-21,AAPL,0.0,0.0,1.0,1,-0.0,0.0276,0.0
2025-09-21,AMZN,0.9996,0.0,0.0004,2,0.9996,1.0,0.9996
2025-09-21,BRK-B,0.5,0.0006,0.4994,4,0.4995,0.9989,0.5006
2025-09-21,GOOGL,0.8852,0.0035,0.1113,1,0.8818,0.9961,0.8887
2025-09-21,JPM,0.51,0.0015,0.4885,4,0.5085,0.997,0.5115
2025-09-21,META,0.0001,0.0,0.9999,1,0.0001,0.9626,0.0001
2025-09-21,MSFT,0.0,0.0,1.0,1,-0.0,0.0438,0.0
2025-09-21,TSLA,0.0003,0.9997,0.0001,1,-0.9994,0.0003,0.9999
2025-09-21,UNH,0.5007,0.1426,0.3567,4,0.358,0.7783,0.6433
2025-09-22,AAPL,0.4866,0.0037,0.5097,4,0.4828,0.9924,0.4903
2025-09-22,AMZN,0.9975,0.0,0.0024,1,0.9975,1.0,0.9976
2025-09-22,BRK-B,0.3032,0.0742,0.6226,10,0.229,0.8034,0.3774
2025-09-22,GOOGL,0.5788,0.0581,0.3631,4,0.5207,0.9087,0.6369
2025-09-22,JPM,0.2223,0.3341,0.4437,9,-0.1118,0.3995,0.5563
2025-09-22,META,0.0006,0.1669,0.8325,5,-0.1664,0.0034,0.1675
2025-09-22,MSFT,0.5,0.0001,0.4998,2,0.4999,0.9997,0.5002
2025-09-22,TSLA,0.6569,0.0,0.3431,3,0.6568,1.0,0.6569
2025-09-22,UNH,0.2556,0.1364,0.608,13,0.1191,0.652,0.392
2025-09-23,AMZN,0.2227,0.2009,0.5764,5,0.0218,0.5257,0.4236
2025-09-23,BRK-B,0.7968,0.0696,0.1336,10,0.7272,0.9197,0.8664
2025-09-23,GOOGL,1.0,0.0,0.0,1,1.0,1.0,1.0
2025-09-23,JPM,0.3744,0.1253,0.5003,8,0.249,0.7492,0.4997
2025-09-23,META,0.3937,0.1085,0.4978,24,0.2852,0.7839,0.5022
2025-09-23,MSFT,0.3333,0.0001,0.6666,3,0.3333,0.9998,0.3334
2025-09-23,TSLA,0.3291,0.0244,0.6466,14,0.3047,0.9311,0.3534
2025-09-23,UNH,0.5429,0.3883,0.0688,11,0.1547,0.583,0.9312
2025-09-24,AAPL,0.2612,0.193,0.5458,33,0.0682,0.5751,0.4542
2025-09-24,AMZN,0.495,0.0892,0.4158,11,0.4059,0.8474,0.5842
2025-09-24,BRK-B,0.5004,0.0001,0.4995,4,0.5003,0.9998,0.5005
2025-09-24,GOOGL,0.3195,0.2047,0.4758,19,0.1148,0.6095,0.5242
2025-09-24,JPM,0.4388,0.1936,0.3676,16,0.2451,0.6938,0.6324
2025-09-24,META,0.4013,0.2238,0.3749,32,0.1775,0.642,0.6251
2025-09-24,MSFT,0.0,0.0,1.0,1,-0.0,0.3272,0.0
2025-09-24,TSLA,0.4961,0.1826,0.3213,33,0.3135,0.731,0.6787
2025-09-24,UNH,0.4442,0.3303,0.2256,10,0.1139,0.5735,0.7744
2025-09-25,AAPL,0.2985,0.3075,0.394,67,-0.009,0.4926,0.606
2025-09-25,AMZN,0.2606,0.2469,0.4925,62,0.0137,0.5135,0.5075
2025-09-25,BRK-B,0.4984,0.0088,0.4927,4,0.4896,0.9826,0.5073
2025-09-25,GOOGL,0.4371,0.1193,0.4436,48,0.3178,0.7856,0.5564
2025-09-25,JPM,0.363,0.2724,0.3646,11,0.0906,0.5713,0.6354
2025-09-25,META,0.4252,0.1668,0.408,41,0.2584,0.7183,0.592
2025-09-25,MSFT,0.4623,0.1342,0.4035,47,0.3281,0.775,0.5965
2025-09-25,TSLA,0.2688,0.3782,0.353,56,-0.1094,0.4154,0.647
2025-09-25,UNH,0.2419,0.2914,0.4667,8,-0.0495,0.4535,0.5333
2025-09-26,AAPL,0.567,0.1864,0.2466,54,0.3806,0.7526,0.7534
2025-09-26,AMZN,0.3899,0.2057,0.4044,44,0.1842,0.6546,0.5956
2025-09-26,BRK-B,0.2254,0.0014,0.7731,5,0.224,0.9936,0.2269
2025-09-26,GOOGL,0.4173,0.1007,0.482,46,0.3166,0.8057,0.518
2025-09-26,JPM,0.5247,0.1286,0.3467,14,0.3961,0.8032,0.6533
2025-09-26,META,0.3269,0.1769,0.4962,37,0.15,0.6489,0.5038
2025-09-26,MSFT,0.4674,0.1222,0.4103,43,0.3452,0.7927,0.5897
2025-09-26,TSLA,0.6244,0.131,0.2446,50,0.4934,0.8266,0.7554
2025-09-26,UNH,0.4629,0.178,0.3591,7,0.2849,0.7222,0.6409
2025-09-27,AAPL,0.6254,0.1624,0.2121,7,0.463,0.7938,0.7879
2025-09-27,AMZN,0.4694,0.1996,0.331,19,0.2698,0.7016,0.669
2025-09-27,BRK-B,0.0,0.0005,0.9995,2,-0.0005,0.0301,0.0005
2025-09-27,GOOGL,0.4782,0.0238,0.498,14,0.4544,0.9526,0.502
2025-09-27,JPM,0.0569,0.0009,0.9422,1,0.0559,0.9841,0.0578
2025-09-27,META,0.3524,0.2222,0.4255,9,0.1302,0.6133,0.5745
2025-09-27,MSFT,0.348,0.1986,0.4533,25,0.1494,0.6366,0.5467
2025-09-27,TSLA,0.5557,0.002,0.4423,9,0.5537,0.9964,0.5577
2025-09-27,UNH,0.5011,0.0398,0.4591,2,0.4614,0.9264,0.5409
2025-09-28,AAPL,0.5757,0.0173,0.407,10,0.5584,0.9708,0.593
2025-09-28,AMZN,0.7254,0.0873,0.1873,16,0.638,0.8926,0.8127
2025-09-28,BRK-B,0.4825,0.0089,0.5086,2,0.4737,0.9819,0.4914
2025-09-28,GOOGL,0.5115,0.1749,0.3137,16,0.3366,0.7452,0.6863
2025-09-28,JPM,0.9998,0.0,0.0002,3,0.9998,1.0,0.9998
2025-09-28,META,0.6195,0.0785,0.302,18,0.5411,0.8876,0.698
2025-09-28,MSFT,0.5619,0.1192,0.3189,20,0.4427,0.825,0.6811
2025-09-28,TSLA,0.4526,0.1743,0.3731,22,0.2783,0.722,0.6269
2025-09-28,UNH,0.7925,0.0,0.2075,1,0.7925,1.0,0.7925
2025-09-29,AAPL,0.4428,0.2403,0.317,44,0.2025,0.6482,0.683
2025-09-29,AMZN,0.4393,0.1826,0.3781,49,0.2566,0.7063,0.6219
2025-09-29,BRK-B,0.5037,0.3,0.1963,10,0.2036,0.6267,0.8037
2025-09-29,GOOGL,0.4639,0.1289,0.4072,50,0.335,0.7825,0.5928
2025-09-29,JPM,0.3859,0.099,0.5151,10,0.2869,0.7958,0.4849
2025-09-29,META,0.2273,0.1169,0.6558,33,0.1104,0.6604,0.3442
2025-09-29,MSFT,0.5058,0.1882,0.306,51,0.3175,0.7288,0.694
2025-09-29,TSLA,0.5096,0.1864,0.304,39,0.3231,0.7321,0.696
2025-09-29,UNH,0.5686,0.0001,0.4313,5,0.5685,0.9998,0.5687
2025-09-30,AAPL,0.3524,0.3364,0.3112,33,0.016,0.5116,0.6888
2025-09-30,AMZN,0.4945,0.1963,0.3092,54,0.2981,0.7158,0.6908
2025-09-30,BRK-B,0.0,0.1687,0.8313,6,-0.1687,0.0,0.1687
2025-09-30,GOOGL,0.5659,0.1263,0.3078,58,0.4396,0.8175,0.6922
2025-09-30,JPM,0.4608,0.2047,0.3345,10,0.2561,0.6924,0.6655
2025-09-30,META,0.5636,0.1786,0.2578,60,0.385,0.7593,0.7422
2025-09-30,MSFT,0.612,0.1375,0.2504,59,0.4745,0.8165,0.7496
2025-09-30,TSLA,0.5031,0.2034,0.2935,27,0.2998,0.7121,0.7065
2025-09-30,UNH,0.3649,0.3769,0.2582,7,-0.012,0.4919,0.7418
2025-10-01,AAPL,1.0,0.0,0.0,2,1.0,1.0,1.0
2025-10-01,AMZN,0.9091,0.0879,0.0031,2,0.8212,0.9118,0.9969
2025-10-01,BRK-B,0.4033,0.1018,0.4949,10,0.3015,0.7984,0.5051
2025-10-01,JPM,0.0,0.0,1.0,1,-0.0,0.1114,0.0
2025-10-01,META,0.5005,0.4995,0.0,2,0.001,0.5005,1.0
2025-10-01,MSFT,1.0,0.0,0.0,1,1.0,1.0,1.0
2025-10-01,TSLA,0.8444,0.0629,0.0927,2,0.7814,0.9306,0.9073
2025-10-01,UNH,0.6583,0.0006,0.341,3,0.6577,0.999,0.659
2025-10-02,AMZN,0.0961,0.3369,0.567,3,-0.2408,0.2219,0.433
2025-10-02,BRK-B,0.2507,0.0782,0.6711,13,0.1726,0.7624,0.3289
2025-10-02,GOOGL,0.0,0.0,1.0,2,-0.0,0.2875,0.0
2025-10-02,MSFT,0.5304,0.0239,0.4457,3,0.5065,0.9569,0.5543
2025-10-02,TSLA,0.6584,0.3309,0.0106,3,0.3275,0.6655,0.9894
2025-10-03,AMZN,1.0,0.0,0.0,1,1.0,1.0,1.0
2025-10-03,BRK-B,0.3106,0.169,0.5204,15,0.1416,0.6476,0.4796
2025-10-03,GOOGL,0.0,0.0001,0.9998,1,-0.0001,0.2562,0.0002
2025-10-03,META,1.0,0.0,0.0,1,1.0,1.0,1.0
2025-10-03,MSFT,0.0005,0.0,0.9994,2,0.0005,0.9592,0.0006
2025-10-03,TSLA,0.0023,0.3325,0.6652,3,-0.3302,0.0068,0.3348
2025-10-03,UNH,0.2794,0.0006,0.72,1,0.2788,0.9978,0.28
2025-10-04,AAPL,0.0,0.0,1.0,1,-0.0,0.0428,0.0
2025-10-04,BRK-B,0.3328,0.3333,0.3339,3,-0.0005,0.4996,0.6661
2025-10-04,TSLA,0.0033,0.2619,0.7348,1,-0.2586,0.0124,0.2652
2025-10-04,UNH,0.0008,0.3083,0.6909,1,-0.3075,0.0026,0.3091
2025-10-05,BRK-B,0.0,0.0001,0.9999,3,-0.0001,0.0408,0.0001
2025-10-05,JPM,0.0787,0.0003,0.9211,1,0.0784,0.9967,0.0789
2025-10-05,META,0.0,0.0007,0.9993,1,-0.0006,0.0607,0.0007
2025-10-05,MSFT,1.0,0.0,0.0,1,1.0,1.0,1.0
2025-10-05,TSLA,0.0,0.0,1.0,1,-0.0,0.0058,0.0
2025-10-06,AAPL,0.0,1.0,0.0,1,-1.0,0.0,1.0
2025-10-06,AMZN,0.4228,0.0009,0.5763,2,0.4219,0.9979,0.4237
2025-10-06,BRK-B,1.0,0.0,0.0,2,1.0,1.0,1.0
2025-10-06,GOOGL,0.0631,0.0069,0.93,2,0.0562,0.9011,0.07
2025-10-06,JPM,0.0,0.0,1.0,1,0.0,0.5233,0.0
2025-10-06,META,0.0026,0.0029,0.9944,1,-0.0003,0.4727,0.0056
2025-10-06,MSFT,0.281,0.0043,0.7147,4,0.2767,0.9849,0.2853
2025-10-06,UNH,0.0,0.0,0.9999,2,-0.0,0.1492,0.0001
2025-10-07,AAPL,0.0,0.502,0.4979,2,-0.502,0.0001,0.5021
2025-10-07,AMZN,0.998,0.0,0.002,1,0.998,1.0,0.998
2025-10-07,BRK-B,0.4318,0.1792,0.389,7,0.2527,0.7068,0.611
2025-10-07,GOOGL,0.0407,0.0518,0.9075,2,-0.0111,0.4401,0.0925
2025-10-07,JPM,1.0,0.0,0.0,1,1.0,1.0,1.0
2025-10-07,META,1.0,0.0,0.0,2,1.0,1.0,1.0
2025-10-07,MSFT,0.0028,0.0012,0.996,2,0.0016,0.6987,0.004
2025-10-07,UNH,0.5146,0.4417,0.0437,4,0.0728,0.5381,0.9563
2025-10-08,AAPL,0.3338,0.0001,0.6661,3,0.3337,0.9997,0.3339
2025-10-08,AMZN,0.0001,0.0002,0.9997,3,-0.0,0.4307,0.0003
2025-10-08,BRK-B,0.9999,0.0,0.0001,1,0.9999,1.0,0.9999
2025-10-08,GOOGL,0.0,0.0132,0.9867,1,-0.0132,0.0032,0.0133
2025-10-08,JPM,0.0,0.049,0.951,1,-0.049,0.0001,0.049
2025-10-08,META,1.0,0.0,0.0,2,1.0,1.0,1.0
2025-10-08,UNH,0.6297,0.0956,0.2747,11,0.5341,0.8682,0.7253
2025-10-09,AAPL,0.0001,0.9873,0.0126,1,-0.9871,0.0001,0.9874
2025-10-09,AMZN,0.6176,0.2813,0.1011,2,0.3363,0.6871,0.8989
2025-10-09,BRK-B,0.4286,0.1432,0.4282,7,0.2854,0.7495,0.5718
2025-10-09,GOOGL,0.4911,0.0,0.5089,2,0.4911,1.0,0.4911
2025-10-09,JPM,0.0,0.9672,0.0328,3,-0.9672,0.0,0.9672
2025-10-09,META,0.4008,0.1995,0.3997,5,0.2013,0.6676,0.6003
2025-10-09,MSFT,0.3375,0.0,0.6625,3,0.3375,0.9999,0.3375
2025-10-09,TSLA,0.665,0.0017,0.3333,3,0.6633,0.9974,0.6667
2025-10-09,UNH,0.9998,0.0,0.0002,5,0.9998,1.0,0.9998
2025-10-10,BRK-B,0.6251,0.0003,0.3747,8,0.6248,0.9995,0.6253
2025-10-10,GOOGL,0.6573,0.0052,0.3375,3,0.6521,0.9921,0.6625
2025-10-10,JPM,0.0028,0.0004,0.9968,2,0.0024,0.8719,0.0032
2025-10-10,MSFT,0.0,0.0017,0.9983,1,-0.0017,0.0026,0.0017
2025-10-10,TSLA,0.0002,0.0001,0.9997,3,0.0001,0.7118,0.0003
2025-10-10,UNH,0.1001,0.8844,0.0155,10,-0.7843,0.1017,0.9845
2025-10-11,BRK-B,0.2523,0.0005,0.7472,4,0.2518,0.998,0.2528
2025-10-11,META,0.5,0.0,0.5,2,0.5,1.0,0.5
2025-10-11,TSLA,1.0,0.0,0.0,1,1.0,1.0,1.0
2025-10-11,UNH,0.5009,0.0005,0.4986,2,0.5004,0.999,0.5014
2025-10-12,AAPL,0.0,0.1008,0.8991,3,-0.1008,0.0005,0.1009
2025-10-12,BRK-B,0.5002,0.0001,0.4997,2,0.5,0.9997,0.5003
2025-10-12,GOOGL,0.0001,0.0026,0.9973,1,-0.0025,0.032,0.0027
2025-10-12,TSLA,0.0007,0.001,0.9983,1,-0.0003,0.3965,0.0017
2025-10-12,UNH,0.0002,0.0001,0.9997,2,0.0001,0.6426,0.0003
2025-10-13,AAPL,0.9796,0.0003,0.0201,1,0.9794,0.9997,0.9799
2025-10-13,AMZN,0.2675,0.0018,0.7307,2,0.2657,0.9935,0.2693
2025-10-13,BRK-B,0.3331,0.3328,0.3341,6,0.0003,0.5002,0.6659
2025-10-13,GOOGL,0.0359,0.0006,0.9636,2,0.0353,0.9837,0.0364
2025-10-13,JPM,0.0,0.0001,0.9999,1,-0.0001,0.0561,0.0001
2025-10-13,META,0.0161,0.6892,0.2948,2,-0.6731,0.0228,0.7052
2025-10-13,TSLA,1.0,0.0,0.0,3,1.0,1.0,1.0
2025-10-13,UNH,0.5451,0.091,0.3639,11,0.4542,0.857,0.6361
2025-10-14,AMZN,0.5,0.0069,0.4931,2,0.4931,0.9864,0.5069
2025-10-14,BRK-B,0.5,0.0,0.5,2,0.5,1.0,0.5
2025-10-14,GOOGL,0.9988,0.0,0.0012,1,0.9988,1.0,0.9988
2025-10-14,JPM,0.8,0.0,0.2,5,0.8,1.0,0.8
2025-10-14,MSFT,0.9999,0.0,0.0001,1,0.9999,1.0,0.9999
2025-10-14,TSLA,0.0107,0.0053,0.9841,2,0.0054,0.6697,0.0159
2025-10-14,UNH,0.6028,0.0029,0.3943,6,0.5999,0.9953,0.6057
2025-10-15,AMZN,0.0035,0.0058,0.9908,2,-0.0023,0.3767,0.0092
2025-10-15,BRK-B,0.455,0.0003,0.5446,6,0.4547,0.9992,0.4554
2025-10-15,GOOGL,0.027,0.0016,0.9714,2,0.0254,0.9439,0.0286
2025-10-15,JPM,1.0,0.0,0.0,1,1.0,1.0,1.0
2025-10-15,META,0.0002,0.0092,0.9905,1,-0.009,0.0257,0.0095
2025-10-15,MSFT,0.6676,0.0004,0.332,3,0.6672,0.9994,0.668
2025-10-15,TSLA,0.345,0.0587,0.5963,5,0.2863,0.8546,0.4037
2025-10-15,UNH,0.0002,0.3333,0.6665,3,-0.3331,0.0006,0.3335
2025-10-16,AAPL,0.9979,0.0,0.0021,1,0.9979,1.0,0.9979
2025-10-16,AMZN,0.0,0.0,1.0,1,0.0,0.6086,0.0
2025-10-16,BRK-B,0.0422,0.3984,0.5594,5,-0.3562,0.0957,0.4406
2025-10-16,GOOGL,0.0001,0.0023,0.9975,3,-0.0022,0.0603,0.0025
2025-10-16,JPM,0.6263,0.3727,0.001,8,0.2537,0.627,0.999
2025-10-16,META,0.9763,0.0,0.0236,2,0.9763,1.0,0.9764
2025-10-16,MSFT,0.9979,0.0,0.0021,1,0.9979,1.0,0.9979
2025-10-16,TSLA,0.6666,0.3333,0.0,3,0.3333,0.6667,1.0
2025-10-16,UNH,0.4748,0.0705,0.4546,15,0.4043,0.8706,0.5454
2025-10-17,AAPL,1.0,0.0,0.0,1,1.0,1.0,1.0
2025-10-17,BRK-B,0.5,0.197,0.303,4,0.303,0.7174,0.697
2025-10-17,JPM,0.4072,0.3446,0.2482,39,0.0626,0.5416,0.7518
2025-10-17,TSLA,0.1841,0.2478,0.5681,4,-0.0637,0.4263,0.4319
2025-10-17,UNH,0.5028,0.0001,0.4971,6,0.5028,0.9999,0.5029
2025-10-18,AAPL,1.0,0.0,0.0,1,1.0,1.0,1.0
2025-10-18,AMZN,0.0,0.001,0.999,1,-0.001,0.0036,0.001
2025-10-18,BRK-B,1.0,0.0,0.0,1,1.0,1.0,1.0
2025-10-18,GOOGL,0.0006,0.0139,0.9855,1,-0.0133,0.0441,0.0145
2025-10-18,JPM,0.6783,0.2881,0.0336,3,0.3902,0.7019,0.9664
2025-10-18,MSFT,1.0,0.0,0.0,1,1.0,1.0,1.0
2025-10-18,UNH,0.5001,0.4947,0.0053,4,0.0054,0.5027,0.9947
2025-10-19,AMZN,0.4849,0.0001,0.515,2,0.4849,0.9998,0.485
2025-10-19,BRK-B,0.0573,0.5,0.4427,2,-0.4427,0.1028,0.5573
2025-10-19,JPM,0.5173,0.363,0.1197,8,0.1543,0.5876,0.8803
2025-10-19,META,0.0,0.0001,0.9999,1,-0.0001,0.0758,0.0001
2025-10-19,TSLA,1.0,0.0,0.0,1,1.0,1.0,1.0
2025-10-20,AAPL,0.8298,0.0009,0.1693,6,0.8289,0.9989,0.8307
2025-10-20,AMZN,0.5,0.0,0.5,2,0.5,1.0,0.5
2025-10-20,BRK-B,0.0002,0.0001,0.9997,3,0.0002,0.7788,0.0003
2025-10-20,GOOGL,0.0017,0.012,0.9863,1,-0.0102,0.1265,0.0137
2025-10-20,JPM,0.4945,0.1139,0.3915,17,0.3806,0.8127,0.6085
2025-10-20,META,0.0,0.0,0.9999,1,-0.0,0.3498,0.0001
2025-10-20,MSFT,0.0001,0.0,0.9999,1,0.0,0.6356,0.0001
2025-10-20,TSLA,0.0002,0.0006,0.9993,1,-0.0004,0.2087,0.0007
2025-10-20,UNH,0.8654,0.0297,0.1048,6,0.8357,0.9668,0.8952
2025-10-21,AAPL,1.0,0.0,0.0,2,1.0,1.0,1.0
2025-10-21,AMZN,0.996,0.0,0.004,1,0.9959,1.0,0.996
2025-10-21,BRK-B,0.0,0.1357,0.8642,8,-0.1357,0.0003,0.1358
2025-10-21,GOOGL,0.2239,0.1962,0.5799,12,0.0277,0.533,0.4201
2025-10-21,JPM,0.4323,0.1465,0.4213,19,0.2858,0.7469,0.5787
2025-10-21,META,0.9995,0.0002,0.0003,1,0.9992,0.9998,0.9997
2025-10-21,UNH,0.1685,0.6656,0.1659,6,-0.4972,0.202,0.8341
2025-10-22,AAPL,0.0,0.0001,0.9999,1,-0.0001,0.0472,0.0001
2025-10-22,AMZN,0.0439,0.3315,0.6246,3,-0.2876,0.117,0.3754
2025-10-22,BRK-B,0.0015,0.039,0.9595,5,-0.0374,0.0379,0.0405
2025-10-22,GOOGL,0.6666,0.3329,0.0005,3,0.3336,0.6669,0.9995
2025-10-22,JPM,0.5073,0.1291,0.3636,18,0.3783,0.7972,0.6364
2025-10-22,META,0.5398,0.4151,0.0451,1,0.1247,0.5653,0.9549
2025-10-22,MSFT,0.0003,0.0001,0.9996,2,0.0002,0.7254,0.0004
2025-10-22,TSLA,0.3337,0.333,0.3334,3,0.0007,0.5005,0.6666
2025-10-22,UNH,0.6954,0.278,0.0266,10,0.4173,0.7144,0.9734
2025-10-23,AAPL,0.6271,0.0001,0.3728,3,0.627,0.9998,0.6272
2025-10-23,AMZN,0.0022,0.0015,0.9962,2,0.0007,0.5951,0.0038
2025-10-23,BRK-B,1.0,0.0,0.0,2,1.0,1.0,1.0
2025-10-23,GOOGL,1.0,0.0,0.0,1,1.0,1.0,1.0
2025-10-23,JPM,0.3677,0.2318,0.4005,21,0.1359,0.6133,0.5995
2025-10-23,MSFT,0.0472,0.0763,0.8765,4,-0.0292,0.3818,0.1235
2025-10-23,UNH,0.3806,0.3542,0.2652,13,0.0264,0.518,0.7348
2025-10-24,AMZN,0.9971,0.0,0.0029,1,0.9971,1.0,0.9971
2025-10-24,BRK-B,0.0207,0.0127,0.9667,3,0.008,0.6196,0.0333
2025-10-24,GOOGL,0.0,0.0,1.0,1,-0.0,0.0571,0.0
2025-10-24,JPM,0.4023,0.1343,0.4633,15,0.268,0.7497,0.5367
2025-10-24,TSLA,0.3611,0.1848,0.4541,16,0.1763,0.6615,0.5459
2025-10-24,UNH,0.4002,0.2995,0.3003,10,0.1007,0.5719,0.6997
2025-10-25,AAPL,0.5,0.0001,0.4999,2,0.4998,0.9997,0.5001
2025-10-25,AMZN,0.0302,0.0,0.9698,1,0.0302,0.9999,0.0302
2025-10-25,BRK-B,0.0002,0.5063,0.4936,2,-0.5061,0.0003,0.5064
2025-10-25,GOOGL,0.0,0.0002,0.9997,1,-0.0002,0.092,0.0003
2025-10-25,JPM,0.4994,0.0168,0.4838,4,0.4827,0.9675,0.5162
2025-10-25,TSLA,0.4301,0.1431,0.4268,7,0.2871,0.7504,0.5732
2025-10-25,UNH,0.0025,0.0001,0.9975,2,0.0024,0.9632,0.0025
2025-10-26,AMZN,1.0,0.0,0.0,1,1.0,1.0,1.0
2025-10-26,BRK-B,0.0024,0.0014,0.9963,1,0.001,0.6366,0.0037
2025-10-26,GOOGL,0.0272,0.0001,0.9728,1,0.0271,0.9974,0.0272
2025-10-26,JPM,0.5051,0.4744,0.0205,4,0.0307,0.5157,0.9795
2025-10-26,META,0.5845,0.0008,0.4147,1,0.5837,0.9986,0.5853
2025-10-26,TSLA,0.2572,0.2,0.5429,24,0.0572,0.5626,0.4571
2025-10-26,UNH,0.3333,0.1752,0.4915,6,0.1582,0.6555,0.5085
2025-10-27,AAPL,0.1862,0.0004,0.8134,2,0.1858,0.9977,0.1866
2025-10-27,AMZN,0.0,0.0002,0.9998,2,-0.0002,0.0038,0.0002
2025-10-27,BRK-B,0.1442,0.7078,0.148,7,-0.5636,0.1693,0.852
2025-10-27,GOOGL,0.3787,0.0059,0.6154,8,0.3729,0.9847,0.3846
2025-10-27,JPM,0.4273,0.0101,0.5625,15,0.4172,0.9768,0.4375
2025-10-27,MSFT,0.3334,0.0034,0.6631,3,0.33,0.9898,0.3369
2025-10-27,TSLA,0.4126,0.1732,0.4142,70,0.2394,0.7044,0.5858
2025-10-27,UNH,0.3763,0.0145,0.6092,16,0.3618,0.9628,0.3908
2025-10-28,AAPL,0.5328,0.1339,0.3333,47,0.3989,0.7992,0.6667
2025-10-28,AMZN,0.3843,0.0635,0.5522,27,0.3207,0.8581,0.4478
2025-10-28,BRK-B,0.5454,0.0988,0.3558,8,0.4467,0.8467,0.6442
2025-10-28,GOOGL,0.6797,0.0027,0.3176,17,0.6771,0.9961,0.6824
2025-10-28,JPM,0.7546,0.0066,0.2388,10,0.748,0.9913,0.7612
2025-10-28,META,0.488,0.1495,0.3625,38,0.3385,0.7655,0.6375
2025-10-28,MSFT,0.5628,0.0001,0.4371,5,0.5627,0.9998,0.5629
2025-10-28,TSLA,0.3732,0.1282,0.4986,34,0.245,0.7443,0.5014
2025-10-28,UNH,0.7134,0.0684,0.2182,71,0.645,0.9125,0.7818
2025-10-29,AAPL,0.5569,0.1629,0.2803,62,0.394,0.7737,0.7197
2025-10-29,AMZN,0.4067,0.167,0.4263,75,0.2397,0.7089,0.5737
2025-10-29,BRK-B,0.0138,0.3142,0.672,3,-0.3004,0.0421,0.328
2025-10-29,GOOGL,0.6122,0.0753,0.3125,84,0.5368,0.8905,0.6875
2025-10-29,JPM,0.2238,0.2221,0.5542,9,0.0017,0.5019,0.4458
2025-10-29,META,0.4961,0.1541,0.3498,73,0.342,0.763,0.6502
2025-10-29,MSFT,0.5086,0.1351,0.3563,86,0.3736,0.7902,0.6437
2025-10-29,TSLA,0.4189,0.2387,0.3424,42,0.1803,0.6371,0.6576
2025-10-29,UNH,0.4415,0.3519,0.2065,30,0.0896,0.5564,0.7935
2025-10-30,AAPL,0.3825,0.1892,0.4283,76,0.1932,0.669,0.5717
2025-10-30,AMZN,0.3601,0.2259,0.4139,75,0.1342,0.6145,0.5861
2025-10-30,BRK-B,0.4001,0.0,0.5999,5,0.4,0.9999,0.4001
2025-10-30,GOOGL,0.4714,0.19,0.3387,100,0.2814,0.7127,0.6613
2025-10-30,JPM,0.5588,0.0888,0.3524,23,0.47,0.8629,0.6476
2025-10-30,META,0.2162,0.4059,0.3779,104,-0.1897,0.3475,0.6221
2025-10-30,MSFT,0.3603,0.3,0.3397,100,0.0603,0.5457,0.6603
2025-10-30,TSLA,0.2334,0.3037,0.463,48,-0.0703,0.4345,0.537
2025-10-30,UNH,0.6012,0.2664,0.1324,15,0.3348,0.6929,0.8676
2025-10-31,AAPL,0.7173,0.1034,0.1794,72,0.6139,0.874,0.8206
2025-10-31,AMZN,0.6885,0.0753,0.2362,96,0.6131,0.9014,0.7638
2025-10-31,BRK-B,0.0025,0.2038,0.7937,5,-0.2013,0.0121,0.2063
2025-10-31,GOOGL,0.4763,0.2101,0.3136,57,0.2662,0.6939,0.6864
2025-10-31,JPM,0.3411,0.1232,0.5357,18,0.2179,0.7347,0.4643
2025-10-31,META,0.4554,0.2698,0.2747,61,0.1856,0.628,0.7253
2025-10-31,MSFT,0.5276,0.2174,0.255,64,0.3103,0.7082,0.745
2025-10-31,TSLA,0.4785,0.1667,0.3549,21,0.3118,0.7417,0.6451
2025-10-31,UNH,0.2356,0.4477,0.3167,6,-0.2121,0.3448,0.6833
2025-11-01,AAPL,0.5,0.4999,0.0,2,0.0001,0.5,1.0
2025-11-01,BRK-B,0.6251,0.1666,0.2083,6,0.4585,0.7896,0.7917
2025-11-01,GOOGL,0.9985,0.0001,0.0014,1,0.9985,0.9999,0.9986
2025-11-01,META,0.5,0.0015,0.4985,2,0.4985,0.997,0.5015
2025-11-01,UNH,0.3332,0.3334,0.3334,3,-0.0002,0.4998,0.6666
2025-11-02,AAPL,1.0,0.0,0.0,1,1.0,1.0,1.0
2025-11-02,AMZN,0.6663,0.0001,0.3336,3,0.6662,0.9998,0.6664
2025-11-02,BRK-B,0.6001,0.0001,0.3999,5,0.6,0.9999,0.6001
2025-11-02,MSFT,0.5,0.0,0.5,2,0.5,1.0,0.5
2025-11-02,TSLA,0.4991,0.1601,0.3408,2,0.339,0.7571,0.6592
2025-11-02,UNH,0.9727,0.0,0.0273,1,0.9727,1.0,0.9727
2025-11-03,AAPL,0.2501,0.4941,0.2558,4,-0.244,0.336,0.7442
2025-11-03,AMZN,0.5515,0.0032,0.4453,9,0.5482,0.9942,0.5547
2025-11-03,BRK-B,0.1303,0.1062,0.7634,18,0.0241,0.5509,0.2366
2025-11-03,GOOGL,0.001,0.0012,0.9978,3,-0.0003,0.4398,0.0022
2025-11-03,META,0.3518,0.1438,0.5044,8,0.208,0.7099,0.4956
2025-11-03,MSFT,0.57,0.0013,0.4287,2,0.5688,0.9978,0.5713
2025-11-03,TSLA,0.4811,0.0,0.5189,4,0.4811,1.0,0.4811
2025-11-03,UNH,0.1904,0.4578,0.3518,13,-0.2674,0.2938,0.6482
2025-11-04,AAPL,0.0341,0.001,0.965,2,0.0331,0.9721,0.035
2025-11-04,AMZN,0.0001,0.002,0.9979,2,-0.002,0.0304,0.0021
2025-11-04,BRK-B,0.4163,0.203,0.3806,11,0.2133,0.6722,0.6194
2025-11-04,GOOGL,0.9999,0.0,0.0001,1,0.9999,1.0,0.9999
2025-11-04,META,0.5014,0.4463,0.0523,2,0.0551,0.5291,0.9477
2025-11-04,MSFT,0.5002,0.0149,0.4849,2,0.4853,0.971,0.5151
2025-11-04,TSLA,0.5,0.0007,0.4993,2,0.4993,0.9987,0.5007
2025-11-04,UNH,0.375,0.375,0.25,8,0.0001,0.5001,0.75
2025-11-05,AAPL,1.0,0.0,0.0,1,1.0,1.0,1.0
2025-11-05,AMZN,0.5,0.471,0.029,2,0.0291,0.515,0.971
2025-11-05,BRK-B,0.5137,0.0014,0.4849,2,0.5123,0.9973,0.5151
2025-11-05,GOOGL,0.0002,0.0,0.9998,2,0.0002,0.9791,0.0002
2025-11-05,META,0.1019,0.1682,0.7298,6,-0.0663,0.3773,0.2702
2025-11-05,MSFT,0.1082,0.3513,0.5406,3,-0.2431,0.2355,0.4594
2025-11-05,UNH,0.4898,0.2105,0.2998,10,0.2793,0.6994,0.7002
2025-11-06,AAPL,0.5,0.0002,0.4998,2,0.4998,0.9995,0.5002
2025-11-06,AMZN,0.6665,0.0,0.3335,3,0.6665,1.0,0.6665
2025-11-06,BRK-B,0.4901,0.1685,0.3414,7,0.3216,0.7441,0.6586
2025-11-06,GOOGL,0.5042,0.0,0.4958,2,0.5042,1.0,0.5042
2025-11-06,META,0.136,0.2726,0.5914,4,-0.1365,0.3329,0.4086
2025-11-06,MSFT,0.3352,0.2774,0.3874,4,0.0577,0.5471,0.6126
2025-11-06,UNH,0.3535,0.0001,0.6463,6,0.3534,0.9996,0.3537
2025-11-07,AMZN,0.0004,0.3846,0.615,1,-0.3842,0.001,0.385
2025-11-07,BRK-B,0.3051,0.4542,0.2408,4,-0.1491,0.4018,0.7592
2025-11-07,GOOGL,1.0,0.0,0.0,1,1.0,1.0,1.0
2025-11-07,META,0.294,0.3032,0.4028,8,-0.0092,0.4923,0.5972
2025-11-07,MSFT,0.0361,0.0427,0.9212,1,-0.0066,0.4581,0.0788
2025-11-07,TSLA,0.0004,0.9784,0.0212,1,-0.978,0.0004,0.9788
2025-11-07,UNH,0.0001,0.6619,0.338,3,-0.6618,0.0002,0.662
2025-11-08,AAPL,0.9492,0.0003,0.0505,1,0.9489,0.9997,0.9495
2025-11-08,BRK-B,0.2003,0.2008,0.5989,5,-0.0005,0.4994,0.4011
2025-11-08,META,0.0,0.9997,0.0003,1,-0.9997,0.0,0.9997
2025-11-08,MSFT,0.2889,0.0007,0.7104,1,0.2882,0.9977,0.2896
2025-11-08,UNH,0.0,0.9999,0.0,1,-0.9999,0.0,1.0
2025-11-09,AMZN,0.0001,0.0,0.9998,1,0.0001,0.8816,0.0002
2025-11-09,BRK-B,0.2493,0.0771,0.6736,4,0.1722,0.7638,0.3264
2025-11-09,UNH,0.3536,0.0218,0.6247,3,0.3318,0.942,0.3753
2025-11-10,AAPL,0.5,0.0002,0.4998,2,0.4998,0.9996,0.5002
2025-11-10,BRK-B,0.18,0.0976,0.7224,12,0.0823,0.6482,0.2776
2025-11-10,META,0.0274,0.9723,0.0003,1,-0.9449,0.0274,0.9997
2025-11-10,MSFT,1.0,0.0,0.0,1,1.0,1.0,1.0
2025-11-10,TSLA,0.0,0.3334,0.6666,3,-0.3334,0.0,0.3334
2025-11-10,UNH,0.5791,0.1806,0.2403,11,0.3985,0.7623,0.7597
2025-11-11,BRK-B,0.5112,0.2304,0.2584,4,0.2807,0.6893,0.7416
2025-11-11,JPM,0.2027,0.0003,0.7969,10,0.2024,0.9984,0.2031
2025-11-11,META,0.0014,0.5082,0.4904,2,-0.5068,0.0027,0.5096
2025-11-11,MSFT,0.5154,0.0032,0.4815,2,0.5122,0.9939,0.5185
2025-11-11,TSLA,0.4374,0.0008,0.5618,3,0.4366,0.9982,0.4382
2025-11-11,UNH,0.2269,0.2611,0.512,8,-0.0342,0.4649,0.488
2025-11-12,AAPL,1.0,0.0,0.0,1,1.0,1.0,1.0
2025-11-12,AMZN,0.2589,0.0299,0.7112,4,0.229,0.8965,0.2888
2025-11-12,BRK-B,0.6574,0.0005,0.3421,3,0.6569,0.9992,0.6579
2025-11-12,GOOGL,0.0,0.0002,0.9998,1,-0.0002,0.0561,0.0002
2025-11-12,JPM,0.4081,0.0646,0.5273,36,0.3436,0.8634,0.4727
2025-11-12,META,0.0001,0.0737,0.9262,1,-0.0736,0.0011,0.0738
2025-11-12,MSFT,0.0016,0.9974,0.0011,1,-0.9958,0.0016,0.9989
2025-11-12,TSLA,0.0002,0.0676,0.9322,1,-0.0673,0.0036,0.0678
2025-11-12,UNH,0.3358,0.2291,0.4351,13,0.1067,0.5944,0.5649
2025-11-13,AAPL,0.5,0.0,0.5,2,0.5,1.0,0.5
2025-11-13,AMZN,0.9956,0.0002,0.0042,1,0.9953,0.9998,0.9958
2025-11-13,BRK-B,0.2005,0.1901,0.6095,5,0.0104,0.5134,0.3905
2025-11-13,GOOGL,0.0001,0.0008,0.9991,2,-0.0007,0.1284,0.0009
2025-11-13,JPM,0.4805,0.2964,0.2231,18,0.1841,0.6185,0.7769
2025-11-13,META,0.25,0.0005,0.7494,4,0.2495,0.9979,0.2506
2025-11-13,MSFT,0.6579,0.0023,0.3398,1,0.6557,0.9965,0.6602
2025-11-13,TSLA,0.0013,0.2323,0.7664,1,-0.231,0.0054,0.2336
2025-11-13,UNH,0.2588,0.0901,0.6511,12,0.1687,0.7417,0.3489
2025-11-14,AMZN,0.09,0.0003,0.9097,4,0.0896,0.9965,0.0903
2025-11-14,BRK-B,0.3329,0.0,0.6671,9,0.3329,0.9999,0.3329
2025-11-14,GOOGL,0.0,0.0,1.0,3,-0.0,0.2729,0.0
2025-11-14,JPM,0.333,0.3766,0.2904,23,-0.0436,0.4693,0.7096
2025-11-14,META,0.239,0.6584,0.1026,2,-0.4194,0.2663,0.8974
2025-11-14,MSFT,0.2503,0.2497,0.5,4,0.0006,0.5006,0.5
2025-11-14,TSLA,0.5613,0.2335,0.2052,5,0.3278,0.7062,0.7948
2025-11-14,UNH,0.3635,0.5454,0.0912,11,-0.1819,0.3999,0.9088
2025-11-15,AAPL,0.0001,0.0003,0.9997,2,-0.0002,0.2022,0.0003
2025-11-15,BRK-B,0.154,0.232,0.614,7,-0.0779,0.399,0.386
2025-11-15,GOOGL,0.0,0.0009,0.9991,1,-0.0008,0.0232,0.0009
2025-11-15,JPM,0.5269,0.0001,0.4731,5,0.5268,0.9999,0.5269
2025-11-15,META,1.0,0.0,0.0,1,1.0,1.0,1.0
2025-11-15,MSFT,0.1961,0.0,0.8039,2,0.1961,1.0,0.1961
2025-11-16,AAPL,0.3945,0.0022,0.6033,4,0.3922,0.9943,0.3967
2025-11-16,BRK-B,0.3451,0.2012,0.4537,6,0.1439,0.6318,0.5463
2025-11-16,JPM,0.4812,0.197,0.3218,4,0.2843,0.7096,0.6782
2025-11-16,UNH,0.1867,0.3024,0.5109,3,-0.1157,0.3817,0.4891
2025-11-17,AAPL,0.0001,0.0001,0.9999,1,0.0,0.5185,0.0001
2025-11-17,AMZN,0.0,0.0028,0.9972,3,-0.0028,0.0034,0.0028
2025-11-17,BRK-B,0.1998,0.2349,0.5653,16,-0.035,0.4597,0.4347
2025-11-17,GOOGL,0.322,0.0061,0.6719,13,0.3159,0.9814,0.3281
2025-11-17,JPM,0.4298,0.2841,0.2861,14,0.1456,0.602,0.7139
2025-11-17,META,0.0011,0.0037,0.9953,1,-0.0026,0.229,0.0047
2025-11-17,MSFT,0.0,0.0001,0.9999,1,-0.0001,0.1798,0.0001
2025-11-17,TSLA,0.0187,0.2793,0.702,3,-0.2606,0.0628,0.298
2025-11-17,UNH,0.6214,0.0001,0.3785,8,0.6213,0.9999,0.6215
2025-11-18,AAPL,0.5001,0.0002,0.4997,4,0.4999,0.9996,0.5003
2025-11-18,AMZN,0.0026,0.4986,0.4989,2,-0.496,0.0051,0.5011
2025-11-18,BRK-B,0.2698,0.0218,0.7084,7,0.248,0.9253,0.2916
2025-11-18,GOOGL,0.5164,0.0408,0.4428,3,0.4756,0.9268,0.5572
2025-11-18,JPM,0.4023,0.0937,0.504,15,0.3085,0.811,0.496
2025-11-18,META,0.0157,0.7071,0.2772,4,-0.6914,0.0218,0.7228
2025-11-18,MSFT,0.549,0.3333,0.1176,3,0.2157,0.6222,0.8824
2025-11-18,UNH,0.151,0.4418,0.4072,18,-0.2909,0.2546,0.5928
2025-11-19,AAPL,0.7518,0.0,0.2482,4,0.7517,1.0,0.7518
2025-11-19,AMZN,0.0015,0.9956,0.0029,1,-0.9941,0.0015,0.9971
2025-11-19,BRK-B,0.9998,0.0,0.0002,2,0.9997,1.0,0.9998
2025-11-19,GOOGL,0.7747,0.0001,0.2252,9,0.7746,0.9999,0.7748
2025-11-19,JPM,0.4463,0.155,0.3986,17,0.2913,0.7422,0.6014
2025-11-19,META,0.3564,0.0077,0.6359,6,0.3486,0.9787,0.3641
2025-11-19,MSFT,0.0002,0.4982,0.5016,2,-0.498,0.0004,0.4984
2025-11-19,TSLA,0.9965,0.0,0.0035,2,0.9965,1.0,0.9965
2025-11-19,UNH,0.3484,0.2196,0.432,12,0.1288,0.6134,0.568
2025-11-20,AAPL,0.0,0.0,1.0,2,0.0,0.5088,0.0
2025-11-20,AMZN,0.0127,0.7095,0.2777,1,-0.6968,0.0176,0.7223
2025-11-20,BRK-B,0.2,0.0109,0.7891,5,0.1892,0.9485,0.2109
2025-11-20,GOOGL,0.3335,0.0,0.6665,3,0.3335,1.0,0.3335
2025-11-20,JPM,0.5045,0.2034,0.2921,15,0.3011,0.7127,0.7079
2025-11-20,META,0.0,0.0,1.0,1,-0.0,0.1173,0.0
2025-11-20,MSFT,0.0,0.0047,0.9953,1,-0.0047,0.0066,0.0047
2025-11-20,TSLA,0.3297,0.0,0.6703,3,0.3297,0.9999,0.3297
2025-11-20,UNH,0.3401,0.2103,0.4496,9,0.1298,0.6179,0.5504
2025-11-21,AAPL,0.0,0.0,1.0,2,-0.0,0.0106,0.0
2025-11-21,AMZN,0.0012,0.0697,0.929,2,-0.0685,0.0175,0.071
2025-11-21,BRK-B,0.5677,0.4316,0.0007,2,0.1362,0.5681,0.9993
2025-11-21,GOOGL,0.0007,0.1375,0.8617,1,-0.1368,0.0052,0.1383
2025-11-21,JPM,0.383,0.2687,0.3484,9,0.1143,0.5877,0.6516
2025-11-21,MSFT,0.2104,0.0009,0.7887,3,0.2095,0.9958,0.2113
2025-11-21,TSLA,0.168,0.5673,0.2647,10,-0.3993,0.2285,0.7353
2025-11-21,UNH,0.5037,0.1699,0.3264,11,0.3338,0.7478,0.6736
2025-11-22,AAPL,0.3087,0.3889,0.3024,10,-0.0803,0.4425,0.6976
2025-11-22,BRK-B,0.2186,0.1345,0.6469,3,0.0841,0.6191,0.3531
2025-11-22,GOOGL,0.0,0.0,1.0,1,0.0,0.5859,0.0
2025-11-22,JPM,0.75,0.0,0.25,4,0.75,1.0,0.75
2025-11-22,MSFT,0.4638,0.5324,0.0039,1,-0.0686,0.4656,0.9961
2025-11-22,TSLA,0.372,0.2423,0.3857,16,0.1297,0.6056,0.6143
2025-11-22,UNH,0.5627,0.1848,0.2525,4,0.3779,0.7528,0.7475
2025-11-23,AAPL,0.4945,0.006,0.4995,16,0.4885,0.9881,0.5005
2025-11-23,BRK-B,0.5001,0.0,0.4999,2,0.5001,1.0,0.5001
2025-11-23,GOOGL,0.0017,0.0029,0.9954,2,-0.0012,0.369,0.0046
2025-11-23,JPM,0.5001,0.4989,0.001,2,0.0012,0.5006,0.999
2025-11-23,META,0.0,0.0001,0.9999,1,-0.0001,0.024,0.0001
2025-11-23,MSFT,0.265,0.2092,0.5258,8,0.0558,0.5588,0.4742
2025-11-23,TSLA,0.2735,0.4383,0.2882,11,-0.1648,0.3842,0.7118
2025-11-23,UNH,0.6667,0.0001,0.3331,3,0.6666,0.9998,0.6669
2025-11-24,AAPL,0.5553,0.1482,0.2964,50,0.4071,0.7893,0.7036
2025-11-24,AMZN,0.5306,0.1542,0.3152,60,0.3764,0.7749,0.6848
2025-11-24,BRK-B,0.6667,0.0,0.3333,3,0.6667,1.0,0.6667
2025-11-24,GOOGL,0.5366,0.1431,0.3203,7,0.3935,0.7895,0.6797
2025-11-24,JPM,0.3142,0.2474,0.4385,16,0.0668,0.5595,0.5615
2025-11-24,META,0.437,0.1322,0.4308,30,0.3048,0.7677,0.5692
2025-11-24,MSFT,0.5958,0.1729,0.2313,65,0.4229,0.7751,0.7687
2025-11-24,TSLA,0.4497,0.1695,0.3808,64,0.2802,0.7262,0.6192
2025-11-24,UNH,0.1847,0.3621,0.4532,11,-0.1773,0.3379,0.5468
2025-11-25,AAPL,0.4376,0.2029,0.3596,57,0.2347,0.6832,0.6404
2025-11-25,AMZN,0.4303,0.1492,0.4205,59,0.2811,0.7425,0.5795
2025-11-25,BRK-B,0.3107,0.0017,0.6876,5,0.3091,0.9947,0.3124
2025-11-25,GOOGL,0.4226,0.2171,0.3603,79,0.2055,0.6606,0.6397
2025-11-25,JPM,0.5391,0.189,0.2719,11,0.3501,0.7404,0.7281
2025-11-25,META,0.2756,0.3414,0.3831,67,-0.0658,0.4467,0.6169
2025-11-25,MSFT,0.4682,0.1829,0.3489,58,0.2852,0.719,0.6511
2025-11-25,TSLA,0.4843,0.2497,0.266,56,0.2347,0.6598,0.734
2025-11-25,UNH,0.5445,0.1367,0.3187,9,0.4078,0.7993,0.6813
2025-11-26,AAPL,0.4407,0.2883,0.271,55,0.1523,0.6045,0.729
2025-11-26,AMZN,0.3667,0.2456,0.3877,59,0.1212,0.5989,0.6123
2025-11-26,BRK-B,0.749,0.0031,0.2479,4,0.746,0.9959,0.7521
2025-11-26,GOOGL,0.5349,0.1817,0.2834,91,0.3532,0.7464,0.7166
2025-11-26,JPM,0.4694,0.1315,0.399,22,0.3379,0.7811,0.601
2025-11-26,META,0.5055,0.2416,0.2529,78,0.2638,0.6766,0.7471
2025-11-26,MSFT,0.4847,0.232,0.2833,56,0.2526,0.6763,0.7167
2025-11-26,TSLA,0.4339,0.2143,0.3518,50,0.2196,0.6694,0.6482
2025-11-26,UNH,0.5247,0.0596,0.4158,4,0.4651,0.898,0.5842
2025-11-27,AAPL,0.2468,0.2173,0.5359,23,0.0295,0.5318,0.4641
2025-11-27,AMZN,0.4632,0.1617,0.3751,20,0.3015,0.7412,0.6249
2025-11-27,GOOGL,0.4341,0.127,0.4388,27,0.3071,0.7736,0.5612
2025-11-27,JPM,0.2081,0.1257,0.6662,10,0.0824,0.6235,0.3338
2025-11-27,META,0.4815,0.1831,0.3354,22,0.2984,0.7245,0.6646
2025-11-27,MSFT,0.3795,0.0192,0.6013,19,0.3604,0.9519,0.3987
2025-11-27,TSLA,0.3016,0.1083,0.5901,11,0.1933,0.7358,0.4099
2025-11-27,UNH,0.3593,0.1324,0.5083,4,0.2269,0.7307,0.4917
2025-11-28,AAPL,0.341,0.1917,0.4672,24,0.1493,0.6401,0.5328
2025-11-28,AMZN,0.4132,0.0674,0.5194,38,0.3457,0.8597,0.4806
2025-11-28,BRK-B,0.0,0.0,1.0,1,-0.0,0.0478,0.0
2025-11-28,GOOGL,0.4457,0.2649,0.2893,32,0.1808,0.6272,0.7107
2025-11-28,JPM,0.5184,0.1863,0.2953,12,0.3321,0.7357,0.7047
2025-11-28,META,0.4012,0.1762,0.4226,30,0.225,0.6948,0.5774
2025-11-28,MSFT,0.5509,0.1443,0.3048,26,0.4066,0.7925,0.6952
2025-11-28,TSLA,0.6687,0.0776,0.2537,16,0.5911,0.896,0.7463
2025-11-28,UNH,0.5615,0.4268,0.0117,3,0.1347,0.5682,0.9883
2025-11-29,AAPL,0.6312,0.1198,0.2491,8,0.5114,0.8405,0.7509
2025-11-29,AMZN,0.4885,0.1666,0.3449,6,0.3219,0.7457,0.6551
2025-11-29,BRK-B,0.0009,0.9978,0.0013,1,-0.9968,0.001,0.9987
2025-11-29,GOOGL,0.5481,0.1114,0.3404,9,0.4367,0.831,0.6596
2025-11-29,JPM,0.0001,0.7363,0.2636,1,-0.7362,0.0002,0.7364
2025-11-29,META,0.4545,0.1166,0.4289,11,0.338,0.7959,0.5711
2025-11-29,MSFT,0.4001,0.2564,0.3436,5,0.1437,0.6095,0.6564
2025-11-29,TSLA,0.396,0.0689,0.5351,14,0.3272,0.8519,0.4649
2025-11-29,UNH,0.0001,0.0002,0.9997,2,-0.0001,0.3342,0.0003
2025-11-30,AAPL,0.3893,0.1562,0.4545,18,0.2331,0.7137,0.5455
2025-11-30,AMZN,0.3901,0.3393,0.2707,16,0.0508,0.5348,0.7293
2025-11-30,GOOGL,0.3895,0.2815,0.329,18,0.108,0.5804,0.671
2025-11-30,JPM,0.0,0.0,1.0,1,-0.0,0.1541,0.0
2025-11-30,META,0.4707,0.2593,0.27,16,0.2114,0.6448,0.73
2025-11-30,MSFT,0.4131,0.2113,0.3756,19,0.2018,0.6616,0.6244
2025-11-30,TSLA,0.357,0.3632,0.2799,12,-0.0062,0.4957,0.7201
2025-11-30,UNH,0.1952,0.2659,0.5389,4,-0.0707,0.4233,0.4611
2025-12-01,AAPL,0.0001,0.0002,0.9997,2,-0.0001,0.4157,0.0003
2025-12-01,AMZN,0.1585,0.0,0.8415,4,0.1585,0.9998,0.1585
2025-12-01,BRK-B,0.4979,0.0107,0.4915,6,0.4872,0.979,0.5085
2025-12-01,GOOGL,0.3399,0.0011,0.659,4,0.3387,0.9967,0.341
2025-12-01,JPM,0.0025,0.0007,0.9968,2,0.0017,0.7702,0.0032
2025-12-01,MSFT,1.0,0.0,0.0,3,1.0,1.0,1.0
2025-12-01,TSLA,0.0,0.0003,0.9997,2,-0.0003,0.1232,0.0003
2025-12-01,UNH,0.5003,0.2183,0.2814,8,0.282,0.6962,0.7186
2025-12-02,AAPL,0.3415,0.0002,0.6583,3,0.3413,0.9994,0.3417
2025-12-02,AMZN,0.1472,0.4113,0.4415,7,-0.2641,0.2636,0.5585
2025-12-02,BRK-B,0.5,0.0012,0.4988,4,0.4988,0.9975,0.5012
2025-12-02,GOOGL,0.5,0.0,0.5,2,0.5,1.0,0.5
2025-12-02,JPM,1.0,0.0,0.0,1,1.0,1.0,1.0
2025-12-02,MSFT,1.0,0.0,0.0,1,1.0,1.0,1.0
2025-12-02,UNH,0.5241,0.2096,0.2663,12,0.3144,0.7143,0.7337
2025-12-03,AAPL,0.9635,0.0244,0.0121,3,0.9391,0.9753,0.9879
2025-12-03,AMZN,0.2001,0.2161,0.5838,5,-0.016,0.4808,0.4162
2025-12-03,BRK-B,0.3364,0.0001,0.6636,3,0.3363,0.9998,0.3364
2025-12-03,GOOGL,0.6407,0.167,0.1923,6,0.4737,0.7932,0.8077
2025-12-03,MSFT,0.0,0.6593,0.3406,6,-0.6593,0.0,0.6594
2025-12-03,UNH,0.6904,0.0262,0.2834,17,0.6643,0.9635,0.7166
2025-12-04,AAPL,0.5015,0.0014,0.4971,2,0.5,0.9971,0.5029
2025-12-04,AMZN,0.0024,0.0006,0.9971,2,0.0018,0.8072,0.0029
2025-12-04,BRK-B,0.0,0.0,1.0,1,-0.0,0.1222,0.0
2025-12-04,GOOGL,0.0004,0.001,0.9987,2,-0.0006,0.2692,0.0013
2025-12-04,META,0.3219,0.1417,0.5364,14,0.1802,0.6943,0.4636
2025-12-04,MSFT,0.0011,0.0001,0.9988,3,0.001,0.9106,0.0012
2025-12-04,UNH,0.3282,0.2306,0.4413,9,0.0976,0.5873,0.5587
2025-12-05,AAPL,0.0071,0.1003,0.8926,4,-0.0931,0.0665,0.1074
2025-12-05,AMZN,0.0002,0.0002,0.9996,1,0.0001,0.5913,0.0004
2025-12-05,BRK-B,0.0086,0.0004,0.991,3,0.0082,0.9576,0.009
2025-12-05,GOOGL,0.3331,0.0001,0.6668,6,0.3329,0.9996,0.3332
2025-12-05,META,0.3417,0.0029,0.6554,3,0.3389,0.9917,0.3446
2025-12-05,TSLA,0.0,0.5001,0.4999,2,-0.5,0.0,0.5001
2025-12-05,UNH,0.2511,0.2475,0.5014,4,0.0036,0.5036,0.4986
2025-12-06,AAPL,0.9956,0.0008,0.0036,1,0.9948,0.9992,0.9964
2025-12-06,BRK-B,0.5021,0.0,0.4979,2,0.5021,1.0,0.5021
2025-12-06,MSFT,0.0004,0.6636,0.336,2,-0.6632,0.0006,0.664
2025-12-06,UNH,0.4837,0.0035,0.5128,4,0.4802,0.9928,0.4872
2025-12-07,AAPL,0.0008,0.0011,0.9982,1,-0.0003,0.4203,0.0018
2025-12-07,AMZN,0.0598,0.3334,0.6068,3,-0.2735,0.1522,0.3932
2025-12-07,BRK-B,0.0,0.0487,0.9512,1,-0.0487,0.001,0.0488
2025-12-07,GOOGL,0.6621,0.0002,0.3377,2,0.6619,0.9997,0.6623
2025-12-07,META,0.0014,0.0003,0.9983,2,0.0011,0.8287,0.0017
2025-12-07,MSFT,0.349,0.0002,0.6508,3,0.3489,0.9995,0.3492
2025-12-07,UNH,1.0,0.0,0.0,1,1.0,1.0,1.0
2025-12-08,AAPL,0.9993,0.0,0.0007,1,0.9993,1.0,0.9993
2025-12-08,AMZN,0.0,1.0,0.0,1,-1.0,0.0,1.0
2025-12-08,BRK-B,0.1739,0.1344,0.6917,17,0.0395,0.564,0.3083
2025-12-08,GOOGL,0.0009,0.0032,0.9958,1,-0.0023,0.2276,0.0042
2025-12-08,JPM,0.0131,0.0105,0.9764,2,0.0026,0.5557,0.0236
2025-12-08,META,0.4899,0.0006,0.5096,2,0.4893,0.9989,0.4904
2025-12-08,MSFT,0.1799,0.0003,0.8198,2,0.1796,0.9982,0.1802
2025-12-08,TSLA,0.0001,0.6768,0.323,3,-0.6767,0.0002,0.677
2025-12-08,UNH,0.7502,0.235,0.0148,4,0.5152,0.7615,0.9852
2025-12-09,AAPL,0.6667,0.0,0.3333,3,0.6667,1.0,0.6667
2025-12-09,BRK-B,0.2001,0.668,0.132,5,-0.4679,0.2305,0.868
2025-12-09,GOOGL,0.0127,0.3274,0.6599,3,-0.3148,0.0372,0.3401
2025-12-09,JPM,0.0,1.0,0.0,1,-1.0,0.0,1.0
2025-12-09,META,0.2501,0.1064,0.6435,4,0.1437,0.7015,0.3565
2025-12-09,MSFT,0.7476,0.0,0.2524,4,0.7476,1.0,0.7476
2025-12-09,TSLA,0.9999,0.0,0.0001,2,0.9999,1.0,0.9999
2025-12-09,UNH,0.3599,0.1667,0.4734,6,0.1932,0.6835,0.5266
2025-12-10,AAPL,0.3096,0.0,0.6904,1,0.3096,0.9999,0.3096
2025-12-10,AMZN,0.3494,0.2722,0.3783,7,0.0772,0.5621,0.6217
2025-12-10,BRK-B,0.3341,0.2787,0.3872,3,0.0554,0.5452,0.6128
2025-12-10,GOOGL,1.0,0.0,0.0,2,1.0,1.0,1.0
2025-12-10,JPM,0.0001,0.1951,0.8048,2,-0.195,0.0005,0.1952
2025-12-10,META,0.7145,0.2646,0.0209,1,0.4499,0.7298,0.9791
2025-12-10,MSFT,0.0827,0.5836,0.3336,3,-0.5009,0.1242,0.6664
2025-12-10,TSLA,0.0,0.0001,0.9999,1,-0.0,0.0524,0.0001
2025-12-10,UNH,0.2942,0.1443,0.5615,7,0.1499,0.6709,0.4385
2025-12-11,AAPL,0.0003,0.9997,0.0,1,-0.9995,0.0003,1.0
2025-12-11,AMZN,0.499,0.5003,0.0007,2,-0.0012,0.4994,0.9993
2025-12-11,BRK-B,0.0243,0.0006,0.9751,5,0.0236,0.9742,0.0249
2025-12-11,GOOGL,0.0035,0.0002,0.9963,4,0.0032,0.9431,0.0037
2025-12-11,JPM,0.0,0.0001,0.9999,1,-0.0001,0.008,0.0001
2025-12-11,META,0.525,0.0131,0.462,5,0.5119,0.9757,0.538
2025-12-11,MSFT,0.5503,0.4495,0.0002,2,0.1007,0.5504,0.9998
2025-12-11,TSLA,0.0001,0.3341,0.6658,3,-0.3339,0.0004,0.3342
2025-12-11,UNH,0.3184,0.4068,0.2748,7,-0.0884,0.439,0.7252
2025-12-12,AAPL,0.0002,0.0005,0.9993,2,-0.0003,0.3059,0.0007
2025-12-12,AMZN,0.7505,0.0195,0.23,4,0.731,0.9747,0.77
2025-12-12,BRK-B,0.4768,0.0004,0.5228,4,0.4764,0.9992,0.4772
2025-12-12,GOOGL,0.9995,0.0,0.0005,1,0.9995,1.0,0.9995
2025-12-12,JPM,0.9986,0.0002,0.0012,1,0.9984,0.9998,0.9988
2025-12-12,META,0.29,0.5599,0.1501,2,-0.2699,0.3412,0.8499
2025-12-12,TSLA,0.0001,0.2835,0.7163,3,-0.2834,0.0005,0.2837
2025-12-12,UNH,0.4558,0.1458,0.3984,9,0.31,0.7576,0.6016
2025-12-13,BRK-B,0.2553,0.0149,0.7298,3,0.2404,0.9448,0.2702
2025-12-13,GOOGL,0.0796,0.0047,0.9156,1,0.0749,0.9438,0.0844
2025-12-13,META,0.0,0.0002,0.9998,1,-0.0002,0.0225,0.0002
2025-12-13,MSFT,0.0023,0.0016,0.9962,1,0.0007,0.5895,0.0038
2025-12-13,TSLA,0.0003,0.9371,0.0626,1,-0.9367,0.0003,0.9374
2025-12-14,BRK-B,0.1096,0.8695,0.0209,1,-0.76,0.1119,0.9791
2025-12-14,GOOGL,0.0,0.0,1.0,1,-0.0,0.4781,0.0
2025-12-14,JPM,0.0126,0.0006,0.9868,1,0.012,0.9529,0.0132
2025-12-14,META,0.0002,0.0022,0.9976,1,-0.002,0.0836,0.0024
2025-12-14,MSFT,0.9978,0.0,0.0022,1,0.9978,1.0,0.9978
2025-12-14,TSLA,0.0,0.0004,0.9996,1,-0.0004,0.0265,0.0004
2025-12-14,UNH,1.0,0.0,0.0,1,1.0,1.0,1.0
2025-12-15,AAPL,0.0003,0.4959,0.5037,2,-0.4956,0.0007,0.4963
2025-12-15,AMZN,0.5956,0.001,0.4035,2,0.5946,0.9984,0.5965
2025-12-15,BRK-B,0.5415,0.2564,0.2021,5,0.2851,0.6786,0.7979
2025-12-15,GOOGL,0.3357,0.0016,0.6627,3,0.3341,0.9953,0.3373
2025-12-15,JPM,1.0,0.0,0.0,2,1.0,1.0,1.0
2025-12-15,META,0.6667,0.0,0.3333,3,0.6667,1.0,0.6667
2025-12-15,MSFT,1.0,0.0,0.0,1,1.0,1.0,1.0
2025-12-15,TSLA,0.3745,0.0015,0.624,8,0.3731,0.9961,0.376
2025-12-15,UNH,0.3925,0.2077,0.3998,5,0.1849,0.654,0.6002
2025-12-16,AAPL,0.0,1.0,0.0,1,-1.0,0.0,1.0
2025-12-16,AMZN,0.0,0.0,1.0,2,-0.0,0.0609,0.0
2025-12-16,BRK-B,0.5248,0.0498,0.4254,11,0.4751,0.9134,0.5746
2025-12-16,GOOGL,0.9997,0.0,0.0003,1,0.9997,1.0,0.9997
2025-12-16,JPM,0.4996,0.0002,0.5002,2,0.4995,0.9997,0.4998
2025-12-16,META,0.5009,0.0003,0.4988,2,0.5007,0.9995,0.5012
2025-12-16,MSFT,0.2565,0.0628,0.6807,7,0.1937,0.8033,0.3193
2025-12-16,TSLA,0.2021,0.2136,0.5843,7,-0.0115,0.4861,0.4157
2025-12-16,UNH,0.1992,0.5021,0.2987,10,-0.3029,0.284,0.7013
2025-12-17,AAPL,0.247,0.0066,0.7464,3,0.2404,0.9739,0.2536
2025-12-17,AMZN,0.9998,0.0,0.0001,3,0.9998,1.0,0.9999
2025-12-17,BRK-B,0.3328,0.0111,0.6561,12,0.3216,0.9676,0.3439
2025-12-17,GOOGL,0.3363,0.0003,0.6634,3,0.336,0.9991,0.3366
2025-12-17,JPM,0.3025,0.1781,0.5194,29,0.1244,0.6294,0.4806
2025-12-17,META,0.3564,0.005,0.6386,3,0.3514,0.9862,0.3614
2025-12-17,TSLA,0.0234,0.6699,0.3066,4,-0.6465,0.0338,0.6934
2025-12-17,UNH,0.4538,0.1025,0.4437,13,0.3514,0.8158,0.5563
2025-12-18,BRK-B,0.3725,0.0021,0.6254,8,0.3704,0.9944,0.3746
2025-12-18,GOOGL,0.0,0.0009,0.9991,2,-0.0008,0.0449,0.0009
2025-12-18,JPM,0.2966,0.1052,0.5982,43,0.1914,0.7382,0.4018
2025-12-18,META,0.0002,0.0412,0.9585,2,-0.041,0.0056,0.0415
2025-12-18,MSFT,0.2293,0.0369,0.7338,5,0.1925,0.8615,0.2662
2025-12-18,TSLA,0.4999,0.0014,0.4987,2,0.4984,0.9971,0.5013
2025-12-18,UNH,0.5001,0.3339,0.1659,6,0.1662,0.5996,0.8341
2025-12-19,AAPL,0.5276,0.2228,0.2496,4,0.3048,0.7031,0.7504
2025-12-19,AMZN,0.0,0.0004,0.9996,3,-0.0003,0.0422,0.0004
2025-12-19,BRK-B,0.4948,0.2499,0.2553,4,0.245,0.6645,0.7447
2025-12-19,GOOGL,0.0482,0.0005,0.9513,1,0.0477,0.9898,0.0487
2025-12-19,JPM,0.3248,0.1904,0.4849,21,0.1344,0.6304,0.5151
2025-12-19,META,0.3408,0.0911,0.5682,36,0.2497,0.7891,0.4318
2025-12-19,TSLA,0.4975,0.1655,0.337,4,0.332,0.7504,0.663
2025-12-19,UNH,0.5731,0.1152,0.3117,9,0.4579,0.8326,0.6883
2025-12-20,AAPL,0.6687,0.1668,0.1645,6,0.5019,0.8003,0.8355
2025-12-20,AMZN,0.426,0.0007,0.5733,3,0.4253,0.9984,0.4267
2025-12-20,BRK-B,0.3531,0.0,0.6469,4,0.353,1.0,0.3531
2025-12-20,GOOGL,0.1463,0.3661,0.4876,3,-0.2197,0.2856,0.5124
2025-12-20,JPM,0.345,0.1343,0.5207,11,0.2106,0.7197,0.4793
2025-12-20,META,0.5319,0.0925,0.3757,11,0.4394,0.8519,0.6243
2025-12-20,MSFT,0.5,0.0002,0.4998,2,0.4999,0.9997,0.5002
2025-12-20,TSLA,0.0004,0.0011,0.9985,1,-0.0008,0.2499,0.0015
2025-12-20,UNH,0.9952,0.0002,0.0046,1,0.9949,0.9998,0.9954
2025-12-21,AAPL,0.4372,0.1345,0.4284,21,0.3027,0.7648,0.5716
2025-12-21,AMZN,0.9998,0.0,0.0002,5,0.9998,1.0,0.9998
2025-12-21,BRK-B,0.1988,0.2386,0.5626,6,-0.0397,0.4546,0.4374
2025-12-21,GOOGL,0.5007,0.2467,0.2526,4,0.2541,0.67,0.7474
2025-12-21,JPM,0.9927,0.0003,0.007,3,0.9924,0.9997,0.993
2025-12-21,META,0.5401,0.0501,0.4097,20,0.49,0.915,0.5903
2025-12-21,MSFT,0.5089,0.1375,0.3536,8,0.3714,0.7873,0.6464
2025-12-21,UNH,0.2004,0.0004,0.7992,5,0.2,0.998,0.2008
2025-12-22,AAPL,0.4773,0.1549,0.3678,37,0.3224,0.755,0.6322
2025-12-22,AMZN,0.5069,0.1287,0.3645,34,0.3782,0.7975,0.6355
2025-12-22,BRK-B,0.2227,0.0317,0.7456,9,0.191,0.8754,0.2544
2025-12-22,GOOGL,0.4758,0.0046,0.5196,13,0.4712,0.9905,0.4804
2025-12-22,JPM,0.2738,0.0309,0.6953,34,0.243,0.8987,0.3047
2025-12-22,META,0.4644,0.0505,0.4851,25,0.4138,0.9018,0.5149
2025-12-22,MSFT,0.6072,0.0981,0.2947,42,0.5091,0.8609,0.7053
2025-12-22,TSLA,0.7344,0.1176,0.1479,22,0.6168,0.8619,0.8521
2025-12-22,UNH,0.3006,0.3766,0.3229,5,-0.076,0.4439,0.6771
2025-12-23,AAPL,0.3944,0.2517,0.3539,34,0.1427,0.6104,0.6461
2025-12-23,AMZN,0.5791,0.1618,0.2591,40,0.4173,0.7816,0.7409
2025-12-23,BRK-B,0.5,0.0076,0.4924,2,0.4924,0.985,0.5076
2025-12-23,GOOGL,0.6195,0.1036,0.2769,44,0.5159,0.8567,0.7231
2025-12-23,JPM,0.371,0.1426,0.4864,27,0.2284,0.7224,0.5136
2025-12-23,META,0.3127,0.2232,0.464,19,0.0895,0.5835,0.536
2025-12-23,MSFT,0.5169,0.1618,0.3213,32,0.3551,0.7616,0.6787
2025-12-23,TSLA,0.436,0.2169,0.347,32,0.2191,0.6678,0.653
2025-12-23,UNH,0.5004,0.386,0.1136,4,0.1144,0.5645,0.8864
2025-12-24,AAPL,0.4568,0.1221,0.4211,24,0.3347,0.7891,0.5789
2025-12-24,AMZN,0.3711,0.2085,0.4204,30,0.1626,0.6403,0.5796
2025-12-24,BRK-B,0.1832,0.249,0.5678,4,-0.0658,0.4238,0.4322
2025-12-24,GOOGL,0.3859,0.1136,0.5004,32,0.2723,0.7725,0.4996
2025-12-24,JPM,0.6039,0.1054,0.2907,12,0.4985,0.8514,0.7093
2025-12-24,META,0.3258,0.0779,0.5963,24,0.248,0.8071,0.4037
2025-12-24,MSFT,0.5027,0.1947,0.3025,27,0.308,0.7208,0.6975
2025-12-24,TSLA,0.4713,0.1256,0.4031,28,0.3458,0.7896,0.5969
2025-12-24,UNH,0.0236,0.4038,0.5726,5,-0.3802,0.0552,0.4274
2025-12-25,AAPL,0.2339,0.0867,0.6794,9,0.1472,0.7296,0.3206
2025-12-25,AMZN,0.5288,0.0546,0.4166,21,0.4741,0.9064,0.5834
2025-12-25,BRK-B,0.0008,0.5651,0.4341,3,-0.5643,0.0014,0.5659
2025-12-25,GOOGL,0.4343,0.0857,0.48,16,0.3485,0.8351,0.52
2025-12-25,JPM,0.0001,0.3327,0.6673,3,-0.3326,0.0002,0.3327
2025-12-25,META,0.3446,0.0912,0.5642,11,0.2534,0.7907,0.4358
2025-12-25,MSFT,0.7219,0.0005,0.2777,16,0.7214,0.9993,0.7223
2025-12-25,TSLA,0.3676,0.1131,0.5193,12,0.2545,0.7646,0.4807
2025-12-25,UNH,0.0055,0.7836,0.2109,3,-0.7781,0.0069,0.7891
2025-12-26,AAPL,0.4018,0.2549,0.3434,15,0.1469,0.6119,0.6566
2025-12-26,AMZN,0.4524,0.2195,0.328,27,0.2329,0.6733,0.672
2025-12-26,BRK-B,0.3512,0.0003,0.6485,2,0.3508,0.999,0.3515
2025-12-26,GOOGL,0.4436,0.1427,0.4137,26,0.3009,0.7566,0.5863
2025-12-26,JPM,0.3712,0.2133,0.4155,15,0.1579,0.6351,0.5845
2025-12-26,META,0.2864,0.2614,0.4521,7,0.025,0.5228,0.5479
2025-12-26,MSFT,0.5905,0.2355,0.174,20,0.3551,0.7149,0.826
2025-12-26,TSLA,0.3574,0.2101,0.4325,28,0.1473,0.6298,0.5675
2025-12-26,UNH,0.5003,0.0009,0.4988,4,0.4994,0.9982,0.5012
2025-12-27,AAPL,0.6664,0.0,0.3336,6,0.6663,1.0,0.6664
2025-12-27,AMZN,0.0,1.0,0.0,1,-1.0,0.0,1.0
2025-12-27,BRK-B,0.0,0.0001,0.9998,2,-0.0001,0.1118,0.0002
2025-12-27,GOOGL,0.6,0.4,0.0,5,0.2,0.6,1.0
2025-12-27,JPM,0.2919,0.2528,0.4553,4,0.0391,0.5359,0.5447
2025-12-27,META,0.6668,0.3328,0.0004,3,0.3339,0.667,0.9996
2025-12-27,MSFT,0.6667,0.3333,0.0,3,0.3333,0.6667,1.0
2025-12-27,TSLA,0.0,0.0001,0.9999,3,-0.0,0.3902,0.0001
2025-12-27,UNH,0.1886,0.3054,0.506,2,-0.1168,0.3818,0.494
2025-12-28,AAPL,0.5615,0.1184,0.3201,11,0.4431,0.8258,0.6799
2025-12-28,AMZN,0.4544,0.1337,0.4119,8,0.3207,0.7727,0.5881
2025-12-28,BRK-B,0.321,0.0014,0.6776,3,0.3197,0.9957,0.3224
2025-12-28,GOOGL,0.6002,0.0007,0.399,5,0.5995,0.9988,0.601
2025-12-28,JPM,0.5,0.4994,0.0005,2,0.0006,0.5003,0.9995
2025-12-28,META,0.3397,0.2358,0.4245,14,0.1039,0.5903,0.5755
2025-12-28,MSFT,0.3979,0.0873,0.5147,15,0.3106,0.8201,0.4853
2025-12-28,TSLA,0.2531,0.0012,0.7456,4,0.2519,0.9952,0.2544
2025-12-28,UNH,0.5001,0.0,0.4999,2,0.5001,1.0,0.5001
2025-12-29,AAPL,0.5476,0.2115,0.241,33,0.3361,0.7214,0.759
2025-12-29,AMZN,0.4875,0.2643,0.2482,44,0.2233,0.6485,0.7518
2025-12-29,BRK-B,0.2857,0.1429,0.5714,7,0.1429,0.6667,0.4286
2025-12-29,GOOGL,0.4744,0.0713,0.4543,49,0.4032,0.8694,0.5457
2025-12-29,JPM,0.1391,0.0916,0.7693,17,0.0476,0.6031,0.2307
2025-12-29,META,0.5866,0.0856,0.3278,25,0.5011,0.8727,0.6722
2025-12-29,MSFT,0.5005,0.1849,0.3146,37,0.3155,0.7302,0.6854
2025-12-29,TSLA,0.2677,0.3732,0.3591,50,-0.1055,0.4177,0.6409
2025-12-29,UNH,0.4993,0.0044,0.4964,6,0.4949,0.9913,0.5036
2025-12-30,AAPL,0.4368,0.1388,0.4244,31,0.298,0.7589,0.5756
2025-12-30,AMZN,0.3304,0.156,0.5137,34,0.1744,0.6793,0.4863
2025-12-30,BRK-B,0.0001,0.0317,0.9682,4,-0.0316,0.002,0.0318
2025-12-30,GOOGL,0.4864,0.0414,0.4722,38,0.445,0.9216,0.5278
2025-12-30,JPM,0.1664,0.1233,0.7103,19,0.043,0.5743,0.2897
2025-12-30,META,0.3356,0.1467,0.5177,52,0.1889,0.6958,0.4823
2025-12-30,MSFT,0.4627,0.1428,0.3945,36,0.3198,0.7641,0.6055
2025-12-30,TSLA,0.3496,0.2823,0.368,50,0.0673,0.5532,0.632
2025-12-30,UNH,0.2833,0.3601,0.3566,7,-0.0768,0.4403,0.6434
2025-12-31,AAPL,0.3398,0.2637,0.3965,32,0.0761,0.5631,0.6035
2025-12-31,AMZN,0.6049,0.104,0.2911,22,0.501,0.8533,0.7089
2025-12-31,BRK-B,0.0819,0.0161,0.902,14,0.0659,0.836,0.098
2025-12-31,GOOGL,0.4937,0.1698,0.3365,37,0.3239,0.7441,0.6635
2025-12-31,JPM,0.5748,0.0226,0.4026,12,0.5522,0.9622,0.5974
2025-12-31,META,0.3446,0.2382,0.4171,26,0.1064,0.5912,0.5829
2025-12-31,MSFT,0.6316,0.1045,0.2639,36,0.5271,0.858,0.7361
2025-12-31,TSLA,0.3461,0.3025,0.3514,35,0.0437,0.5337,0.6486
2025-12-31,UNH,0.5712,0.0074,0.4214,8,0.5637,0.9871,0.5786
2026-01-01,BRK-B,0.2416,0.2279,0.5305,10,0.0137,0.5146,0.4695
2026-01-02,AAPL,0.2538,0.0111,0.7351,3,0.2428,0.9582,0.2649
2026-01-02,AMZN,0.0767,0.223,0.7004,5,-0.1463,0.2558,0.2996
2026-01-02,BRK-B,0.2472,0.066,0.6868,26,0.1812,0.7893,0.3132
2026-01-02,GOOGL,0.2137,0.0071,0.7793,5,0.2066,0.9681,0.2207
2026-01-02,TSLA,0.0481,0.0085,0.9435,2,0.0396,0.8505,0.0565
2026-01-03,AMZN,0.0,0.0,1.0,1,-0.0,0.2879,0.0
2026-01-03,BRK-B,0.0017,0.0008,0.9975,2,0.0009,0.6884,0.0025
2026-01-04,AMZN,0.6152,0.1025,0.2823,4,0.5126,0.8571,0.7177
2026-01-04,BRK-B,0.3332,0.0004,0.6664,3,0.3329,0.9989,0.3336
2026-01-04,TSLA,0.0,0.0,1.0,1,-0.0,0.1294,0.0
2026-01-04,UNH,0.0001,0.3398,0.6601,3,-0.3398,0.0002,0.3399
2026-01-05,AAPL,0.0591,0.4378,0.5031,2,-0.3787,0.119,0.4969
2026-01-05,AMZN,0.9701,0.0002,0.0297,3,0.9699,0.9998,0.9703
2026-01-05,BRK-B,0.0,0.3333,0.6667,3,-0.3333,0.0,0.3333
2026-01-05,GOOGL,0.4907,0.0,0.5093,2,0.4906,1.0,0.4907
2026-01-05,JPM,0.5951,0.1995,0.2054,5,0.3956,0.7489,0.7946
2026-01-05,TSLA,0.0028,0.0032,0.994,2,-0.0004,0.4677,0.006
2026-01-05,UNH,0.3443,0.1712,0.4845,3,0.1732,0.668,0.5155
2026-01-06,AAPL,0.3339,0.0473,0.6189,3,0.2866,0.876,0.3811
2026-01-06,BRK-B,0.1529,0.0072,0.84,8,0.1457,0.9553,0.16
2026-01-06,GOOGL,0.3334,0.0039,0.6626,3,0.3295,0.9883,0.3374
2026-01-06,JPM,1.0,0.0,0.0,1,1.0,1.0,1.0
2026-01-06,TSLA,0.0,0.329,0.6709,3,-0.329,0.0001,0.3291
2026-01-06,UNH,0.9976,0.0001,0.0023,1,0.9975,0.9999,0.9977
2026-01-07,AAPL,0.6533,0.0011,0.3456,3,0.6521,0.9983,0.6544
2026-01-07,AMZN,0.5112,0.0015,0.4873,7,0.5097,0.997,0.5127
2026-01-07,BRK-B,0.0771,0.3335,0.5894,6,-0.2564,0.1878,0.4106
2026-01-07,GOOGL,0.3673,0.0005,0.6323,2,0.3668,0.9988,0.3677
2026-01-07,JPM,0.5324,0.1017,0.3659,2,0.4306,0.8396,0.6341
2026-01-07,TSLA,0.93,0.0044,0.0656,2,0.9256,0.9953,0.9344
2026-01-07,UNH,0.8044,0.0086,0.1871,1,0.7958,0.9895,0.8129
2026-01-08,AAPL,0.5008,0.0,0.4992,2,0.5008,1.0,0.5008
2026-01-08,AMZN,0.7175,0.0,0.2825,2,0.7175,1.0,0.7175
2026-01-08,BRK-B,0.5013,0.0259,0.4728,4,0.4754,0.9509,0.5272
2026-01-08,GOOGL,0.9945,0.0,0.0055,3,0.9944,1.0,0.9945
2026-01-08,JPM,0.0001,0.0012,0.9986,1,-0.0011,0.1006,0.0014
2026-01-08,TSLA,1.0,0.0,0.0,2,1.0,1.0,1.0
2026-01-08,UNH,0.3392,0.001,0.6598,3,0.3383,0.9971,0.3402
2026-01-09,AAPL,0.5004,0.0001,0.4995,2,0.5003,0.9999,0.5005
2026-01-09,AMZN,1.0,0.0,0.0,1,1.0,1.0,1.0
2026-01-09,BRK-B,0.6543,0.0033,0.3423,3,0.651,0.9949,0.6577
2026-01-09,GOOGL,0.5,0.0,0.5,4,0.5,1.0,0.5
2026-01-09,JPM,0.5,0.0,0.4999,4,0.5,1.0,0.5001
2026-01-09,MSFT,0.5,0.0,0.5,2,0.5,1.0,0.5
2026-01-09,UNH,1.0,0.0,0.0,1,1.0,1.0,1.0
2026-01-10,AAPL,1.0,0.0,0.0,1,1.0,1.0,1.0
2026-01-10,BRK-B,0.3445,0.0331,0.6224,3,0.3114,0.9123,0.3776
2026-01-10,GOOGL,1.0,0.0,0.0,1,1.0,1.0,1.0
2026-01-10,MSFT,0.0,0.8043,0.1956,1,-0.8043,0.0,0.8044
2026-01-10,TSLA,0.5001,0.0001,0.4998,2,0.5,0.9998,0.5002
2026-01-11,AMZN,0.3685,0.0319,0.5995,1,0.3366,0.9202,0.4005
2026-01-11,BRK-B,0.2195,0.2796,0.5009,6,-0.0601,0.4398,0.4991
2026-01-11,JPM,0.0015,0.0028,0.9957,2,-0.0014,0.3392,0.0043
2026-01-12,AAPL,0.5,0.0,0.5,2,0.4999,1.0,0.5
2026-01-12,AMZN,0.3354,0.0059,0.6587,3,0.3295,0.9829,0.3413
2026-01-12,BRK-B,0.3847,0.0145,0.6008,4,0.3702,0.9636,0.3992
2026-01-12,GOOGL,0.6628,0.0001,0.3371,3,0.6627,0.9999,0.6629
2026-01-12,JPM,0.5723,0.1452,0.2825,3,0.4272,0.7977,0.7175
2026-01-12,MSFT,1.0,0.0,0.0,1,1.0,1.0,1.0
2026-01-12,TSLA,0.0018,0.059,0.9391,1,-0.0572,0.0303,0.0609
2026-01-12,UNH,0.0002,0.9998,0.0,2,-0.9996,0.0002,1.0
2026-01-13,AAPL,0.0144,0.0175,0.968,3,-0.0031,0.4517,0.032
2026-01-13,AMZN,0.729,0.0001,0.2709,3,0.729,0.9999,0.7291
2026-01-13,BRK-B,0.0002,0.0011,0.9987,2,-0.001,0.1407,0.0013
2026-01-13,GOOGL,0.7446,0.0002,0.2552,8,0.7445,0.9998,0.7448
2026-01-13,JPM,0.4572,0.0938,0.4491,11,0.3634,0.8298,0.5509
2026-01-13,META,0.9933,0.0015,0.0053,1,0.9918,0.9985,0.9947
2026-01-13,MSFT,0.0001,0.9997,0.0003,1,-0.9996,0.0001,0.9997
2026-01-13,UNH,0.6667,0.0,0.3333,3,0.6666,0.9999,0.6667
2026-01-14,AAPL,0.5006,0.2451,0.2543,4,0.2555,0.6713,0.7457
2026-01-14,AMZN,0.3269,0.0034,0.6697,3,0.3235,0.9897,0.3303
2026-01-14,BRK-B,0.6667,0.0,0.3333,3,0.6667,1.0,0.6667
2026-01-14,GOOGL,0.5213,0.0073,0.4714,5,0.5139,0.9861,0.5286
2026-01-14,JPM,0.5008,0.0007,0.4985,4,0.5001,0.9986,0.5015
2026-01-14,META,0.0005,0.0018,0.9977,1,-0.0013,0.2146,0.0023
2026-01-14,MSFT,0.599,0.1991,0.2019,5,0.3999,0.7505,0.7981
2026-01-14,TSLA,0.0042,0.017,0.9788,3,-0.0128,0.1969,0.0212
2026-01-14,UNH,0.0197,0.5009,0.4794,2,-0.4813,0.0378,0.5206
2026-01-15,AAPL,0.0031,0.0,0.9969,1,0.0031,0.9968,0.0031
2026-01-15,AMZN,0.4791,0.502,0.019,2,-0.0229,0.4883,0.981
2026-01-15,BRK-B,0.0034,0.0005,0.9961,2,0.0029,0.8813,0.0039
2026-01-15,JPM,0.0007,0.302,0.6972,2,-0.3013,0.0025,0.3028
2026-01-15,META,0.0067,0.0022,0.9912,2,0.0045,0.7525,0.0088
2026-01-15,MSFT,0.3479,0.0005,0.6516,2,0.3474,0.9985,0.3484
2026-01-15,TSLA,0.0001,0.0,0.9999,1,0.0001,0.7872,0.0001
2026-01-15,UNH,0.0001,0.3334,0.6665,3,-0.3333,0.0002,0.3335
2026-01-16,AAPL,0.0,0.0004,0.9995,1,-0.0004,0.0257,0.0005
2026-01-16,BRK-B,0.0003,0.9974,0.0023,1,-0.997,0.0003,0.9977
2026-01-16,GOOGL,0.5418,0.169,0.2892,5,0.3728,0.7622,0.7108
2026-01-16,JPM,0.3333,0.0001,0.6665,3,0.3332,0.9996,0.3335
2026-01-16,META,0.141,0.2002,0.6589,5,-0.0592,0.4132,0.3411
2026-01-16,MSFT,0.8666,0.1273,0.0061,2,0.7393,0.8719,0.9939
2026-01-16,UNH,0.0,0.0003,0.9997,1,-0.0003,0.0231,0.0003
2026-01-17,AMZN,0.9999,0.0,0.0001,2,0.9999,1.0,0.9999
2026-01-17,BRK-B,0.6666,0.0,0.3333,3,0.6666,1.0,0.6667
2026-01-17,GOOGL,0.0,0.0,1.0,1,-0.0,0.1576,0.0
2026-01-17,JPM,1.0,0.0,0.0,1,1.0,1.0,1.0
2026-01-17,META,0.5818,0.0006,0.4175,2,0.5812,0.9989,0.5825
2026-01-17,MSFT,1.0,0.0,0.0,1,1.0,1.0,1.0
2026-01-17,TSLA,0.0001,0.0001,0.9998,1,-0.0,0.4698,0.0002
2026-01-18,AMZN,0.0,0.0,0.9999,1,-0.0,0.2549,0.0001
2026-01-18,JPM,0.0187,0.0007,0.9806,1,0.0181,0.9658,0.0194
2026-01-18,META,0.5001,0.2462,0.2538,4,0.2539,0.6701,0.7462
2026-01-18,MSFT,1.0,0.0,0.0,2,1.0,1.0,1.0
2026-01-19,AAPL,0.3334,0.1661,0.5005,6,0.1673,0.6675,0.4995
2026-01-19,AMZN,0.0,0.0002,0.9998,1,-0.0002,0.0154,0.0002
2026-01-19,BRK-B,0.5,0.0,0.5,2,0.5,1.0,0.5
2026-01-19,GOOGL,0.9999,0.0,0.0001,4,0.9999,1.0,0.9999
2026-01-19,JPM,0.4199,0.3436,0.2365,1,0.0764,0.55,0.7635
2026-01-19,META,1.0,0.0,0.0,1,1.0,1.0,1.0
2026-01-19,MSFT,0.0006,0.0029,0.9965,1,-0.0023,0.1711,0.0035
2026-01-19,TSLA,0.0001,0.009,0.9909,1,-0.0089,0.0099,0.0091
2026-01-19,UNH,0.3427,0.0095,0.6478,2,0.3332,0.973,0.3522
2026-01-20,AAPL,1.0,0.0,0.0,1,1.0,1.0,1.0
2026-01-20,AMZN,0.0061,0.6567,0.3372,2,-0.6506,0.0092,0.6628
2026-01-20,BRK-B,0.5756,0.2003,0.2241,5,0.3753,0.7419,0.7759
2026-01-20,GOOGL,0.5001,0.0,0.4999,2,0.5001,1.0,0.5001
2026-01-20,JPM,0.662,0.0181,0.3199,3,0.6439,0.9734,0.6801
2026-01-20,MSFT,0.0002,0.3951,0.6047,5,-0.3949,0.0005,0.3953
2026-01-20,TSLA,0.25,0.0001,0.7499,4,0.2499,0.9995,0.2501
2026-01-20,UNH,1.0,0.0,0.0,1,1.0,1.0,1.0
2026-01-21,AAPL,0.5,0.0001,0.4999,2,0.4999,0.9997,0.5001
2026-01-21,AMZN,0.4818,0.3445,0.1736,3,0.1373,0.5831,0.8264
2026-01-21,BRK-B,0.2128,0.1666,0.6206,14,0.0461,0.5608,0.3794
2026-01-21,GOOGL,0.9628,0.0002,0.037,1,0.9626,0.9998,0.963
2026-01-21,JPM,0.2864,0.1436,0.57,7,0.1428,0.6661,0.43
2026-01-21,META,0.002,0.5792,0.4188,3,-0.5773,0.0034,0.5812
2026-01-21,MSFT,0.3334,0.0081,0.6584,3,0.3253,0.9762,0.3416
2026-01-21,TSLA,0.4982,0.2524,0.2494,4,0.2458,0.6638,0.7506
2026-01-21,UNH,0.0,0.0,1.0,1,-0.0,0.0271,0.0
2026-01-22,AAPL,0.0004,0.2993,0.7002,3,-0.2989,0.0014,0.2998
2026-01-22,AMZN,0.5149,0.3626,0.1225,2,0.1522,0.5867,0.8775
2026-01-22,BRK-B,0.0001,0.0025,0.9974,3,-0.0024,0.0449,0.0026
2026-01-22,GOOGL,0.9999,0.0,0.0001,1,0.9999,1.0,0.9999
2026-01-22,JPM,0.3722,0.3002,0.3276,68,0.0721,0.5536,0.6724
2026-01-22,META,0.7439,0.0069,0.2492,4,0.7369,0.9908,0.7508
2026-01-22,MSFT,0.2205,0.0009,0.7786,2,0.2196,0.996,0.2214
2026-01-22,TSLA,0.5761,0.0832,0.3408,3,0.4929,0.8739,0.6592
2026-01-22,UNH,0.1522,0.0681,0.7797,4,0.084,0.6907,0.2203
2026-01-23,AAPL,0.0567,0.0114,0.9319,1,0.0453,0.8322,0.0681
2026-01-23,AMZN,1.0,0.0,0.0,1,1.0,1.0,1.0
2026-01-23,BRK-B,0.2608,0.2529,0.4863,4,0.008,0.5078,0.5137
2026-01-23,GOOGL,0.2863,0.0032,0.7105,4,0.2832,0.989,0.2895
2026-01-23,JPM,0.3293,0.3085,0.3621,46,0.0208,0.5163,0.6379
2026-01-23,META,0.0773,0.7295,0.1933,1,-0.6522,0.0958,0.8067
2026-01-23,MSFT,0.6406,0.0006,0.3588,3,0.6399,0.999,0.6412
2026-01-23,TSLA,0.3334,0.3337,0.3329,3,-0.0003,0.4998,0.6671
2026-01-23,UNH,1.0,0.0,0.0,1,1.0,1.0,1.0
2026-01-24,AAPL,0.013,0.0815,0.9055,2,-0.0685,0.1375,0.0945
2026-01-24,AMZN,0.0007,0.0003,0.999,1,0.0004,0.6912,0.001
2026-01-24,BRK-B,0.0,0.0006,0.9993,5,-0.0006,0.0373,0.0007
2026-01-24,GOOGL,0.5171,0.0079,0.475,3,0.5092,0.985,0.525
2026-01-24,JPM,0.4286,0.1655,0.4059,7,0.2631,0.7214,0.5941
2026-01-24,META,0.0002,0.0006,0.9992,1,-0.0004,0.2709,0.0008
2026-01-24,MSFT,0.0036,0.4965,0.4999,2,-0.4928,0.0072,0.5001
2026-01-24,TSLA,0.0031,0.0,0.9969,1,0.0031,0.999,0.0031
2026-01-25,AAPL,0.5,0.0,0.5,2,0.5,1.0,0.5
2026-01-25,BRK-B,0.1649,0.1983,0.6369,5,-0.0334,0.454,0.3631
2026-01-25,JPM,0.279,0.4117,0.3093,7,-0.1326,0.404,0.6907
2026-01-25,MSFT,0.0,0.0,1.0,1,0.0,0.9534,0.0
2026-01-25,TSLA,0.757,0.0084,0.2346,1,0.7486,0.989,0.7654
2026-01-25,UNH,0.0411,0.0015,0.9574,2,0.0395,0.964,0.0426
2026-01-26,AAPL,0.6363,0.3335,0.0302,3,0.3029,0.6561,0.9698
2026-01-26,AMZN,0.0804,0.8298,0.0899,4,-0.7494,0.0883,0.9101
2026-01-26,BRK-B,0.249,0.0,0.751,4,0.249,0.9999,0.249
2026-01-26,GOOGL,0.8821,0.0004,0.1175,3,0.8816,0.9995,0.8825
2026-01-26,JPM,0.369,0.1141,0.517,18,0.2549,0.7638,0.483
2026-01-26,META,0.3345,0.1102,0.5553,9,0.2243,0.7522,0.4447
2026-01-26,MSFT,0.7489,0.0001,0.251,4,0.7488,0.9999,0.749
2026-01-26,TSLA,0.9923,0.0,0.0077,1,0.9922,1.0,0.9923
2026-01-26,UNH,1.0,0.0,0.0,1,1.0,1.0,1.0
2026-01-27,AAPL,0.0,0.4972,0.5028,2,-0.4972,0.0,0.4972
2026-01-27,AMZN,0.0496,0.024,0.9264,3,0.0257,0.6745,0.0736
2026-01-27,BRK-B,0.0,0.995,0.005,3,-0.9949,0.0,0.995
2026-01-27,GOOGL,0.0001,0.5046,0.4952,2,-0.5045,0.0003,0.5048
2026-01-27,JPM,0.3614,0.0221,0.6164,12,0.3393,0.9423,0.3836
2026-01-27,META,0.0028,0.0004,0.9967,3,0.0024,0.8689,0.0033
2026-01-27,MSFT,0.467,0.5328,0.0002,2,-0.0658,0.4671,0.9998
2026-01-27,TSLA,0.1344,0.1279,0.7378,2,0.0065,0.5124,0.2622
2026-01-27,UNH,0.2106,0.5217,0.2677,165,-0.3111,0.2876,0.7323
2026-01-28,AAPL,1.0,0.0,0.0,1,1.0,1.0,1.0
2026-01-28,AMZN,0.3643,0.2089,0.4267,48,0.1554,0.6356,0.5733
2026-01-28,BRK-B,0.1572,0.1668,0.676,6,-0.0096,0.4853,0.324
2026-01-28,GOOGL,0.6619,0.056,0.282,53,0.6059,0.922,0.718
2026-01-28,JPM,0.3316,0.0604,0.608,27,0.2712,0.846,0.392
2026-01-28,META,0.1902,0.1874,0.6225,6,0.0028,0.5037,0.3775
2026-01-28,MSFT,0.6,0.4,0.0,5,0.2001,0.6,1.0
2026-01-28,TSLA,0.3511,0.1773,0.4715,12,0.1738,0.6644,0.5285
2026-01-28,UNH,0.2256,0.5706,0.2038,56,-0.345,0.2834,0.7962
2026-01-29,AAPL,0.4918,0.2188,0.2894,86,0.273,0.6921,0.7106
2026-01-29,AMZN,0.3763,0.2094,0.4143,115,0.167,0.6425,0.5857
2026-01-29,BRK-B,0.1816,0.0029,0.8155,2,0.1788,0.9844,0.1845
2026-01-29,GOOGL,0.4136,0.1864,0.4,90,0.2272,0.6893,0.6
2026-01-29,JPM,0.3817,0.1716,0.4467,32,0.2101,0.6898,0.5533
2026-01-29,META,0.5213,0.1796,0.2992,150,0.3417,0.7438,0.7008
2026-01-29,MSFT,0.2769,0.4956,0.2275,108,-0.2188,0.3584,0.7725
2026-01-29,TSLA,0.3804,0.2088,0.4108,151,0.1716,0.6456,0.5892
2026-01-29,UNH,0.3454,0.4169,0.2377,23,-0.0715,0.4531,0.7623
2026-01-30,AAPL,0.413,0.2415,0.3455,147,0.1714,0.631,0.6545
2026-01-30,AMZN,0.3237,0.1926,0.4838,70,0.1311,0.627,0.5162
2026-01-30,BRK-B,0.9997,0.0001,0.0002,1,0.9996,0.9999,0.9998
2026-01-30,GOOGL,0.4493,0.1681,0.3825,81,0.2812,0.7277,0.6175
2026-01-30,JPM,0.075,0.3393,0.5858,18,-0.2643,0.181,0.4142
2026-01-30,META,0.4982,0.2581,0.2437,85,0.2401,0.6587,0.7563
2026-01-30,MSFT,0.3563,0.3369,0.3069,126,0.0194,0.514,0.6931
2026-01-30,TSLA,0.3229,0.1837,0.4934,69,0.1392,0.6374,0.5066
2026-01-30,UNH,0.4826,0.3058,0.2116,23,0.1767,0.6121,0.7884
2026-01-31,AAPL,0.318,0.1468,0.5353,21,0.1712,0.6842,0.4647
2026-01-31,AMZN,0.1648,0.1208,0.7144,27,0.044,0.5771,0.2856
2026-01-31,BRK-B,0.1905,0.3085,0.5011,4,-0.118,0.3817,0.4989
2026-01-31,GOOGL,0.2375,0.1885,0.574,31,0.049,0.5575,0.426
2026-01-31,JPM,0.3351,0.0004,0.6645,3,0.3348,0.9989,0.3355
2026-01-31,META,0.4332,0.0982,0.4686,32,0.335,0.8152,0.5314
2026-01-31,MSFT,0.2853,0.17,0.5447,29,0.1154,0.6267,0.4553
2026-01-31,TSLA,0.2874,0.1547,0.5579,25,0.1327,0.6501,0.4421
2026-01-31,UNH,0.125,0.3743,0.5007,8,-0.2492,0.2504,0.4993
2026-02-01,AAPL,0.331,0.0095,0.6595,7,0.3215,0.9721,0.3405
2026-02-01,AMZN,1.0,0.0,0.0,1,1.0,1.0,1.0
2026-02-01,BRK-B,0.663,0.0006,0.3363,5,0.6624,0.9991,0.6637
2026-02-01,GOOGL,1.0,0.0,0.0,2,1.0,1.0,1.0
2026-02-01,META,0.4942,0.0014,0.5044,6,0.4929,0.9972,0.4956
2026-02-01,MSFT,0.3337,0.3344,0.332,3,-0.0007,0.4995,0.668
2026-02-01,TSLA,0.3334,0.1653,0.5013,3,0.1681,0.6686,0.4987
2026-02-01,UNH,0.0116,0.5026,0.4858,2,-0.491,0.0226,0.5142
2026-02-02,AAPL,0.7406,0.0493,0.2101,4,0.6913,0.9376,0.7899
2026-02-02,BRK-B,0.4992,0.0015,0.4992,8,0.4977,0.9969,0.5008
2026-02-02,GOOGL,0.3337,0.0006,0.6657,3,0.3331,0.9981,0.3343
2026-02-02,JPM,0.3333,0.0002,0.6665,3,0.3332,0.9995,0.3335
2026-02-02,META,0.3334,0.0001,0.6666,3,0.3333,0.9998,0.3334
2026-02-02,MSFT,0.2514,0.2506,0.498,4,0.0008,0.5008,0.502
2026-02-02,TSLA,0.4991,0.25,0.2509,4,0.249,0.6662,0.7491
2026-02-02,UNH,0.06,0.5032,0.4368,8,-0.4431,0.1066,0.5632
2026-02-03,AAPL,0.803,0.0004,0.1966,6,0.8026,0.9995,0.8034
2026-02-03,BRK-B,0.5861,0.0002,0.4138,5,0.5859,0.9997,0.5862
2026-02-03,GOOGL,0.0322,0.4972,0.4706,2,-0.465,0.0608,0.5294
2026-02-03,JPM,1.0,0.0,0.0,2,1.0,1.0,1.0
2026-02-03,META,0.478,0.385,0.137,3,0.093,0.5539,0.863
2026-02-03,MSFT,0.4735,0.2625,0.264,4,0.2109,0.6433,0.736
2026-02-03,TSLA,0.5255,0.0668,0.4077,4,0.4587,0.8872,0.5923
2026-02-03,UNH,0.3209,0.2777,0.4014,13,0.0431,0.536,0.5986
2026-02-04,AAPL,0.4,0.2007,0.3993,5,0.1993,0.6659,0.6007
2026-02-04,BRK-B,0.5011,0.0,0.4988,4,0.5011,0.9999,0.5012
2026-02-04,GOOGL,0.5027,0.1259,0.3713,8,0.3768,0.7997,0.6287
2026-02-04,META,0.6545,0.016,0.3295,3,0.6384,0.9761,0.6705
2026-02-04,MSFT,0.0,0.0,1.0,2,-0.0,0.0616,0.0
2026-02-04,TSLA,0.2869,0.0348,0.6783,7,0.2522,0.8919,0.3217
2026-02-04,UNH,0.2787,0.5322,0.1891,14,-0.2535,0.3437,0.8109
2026-02-05,AAPL,0.663,0.0017,0.3353,3,0.6614,0.9975,0.6647
2026-02-05,AMZN,0.312,0.6316,0.0563,9,-0.3196,0.3307,0.9437
2026-02-05,BRK-B,0.2025,0.0001,0.7974,5,0.2025,0.9997,0.2026
2026-02-05,GOOGL,0.4204,0.168,0.4117,10,0.2524,0.7145,0.5883
2026-02-05,JPM,0.5855,0.0018,0.4127,2,0.5837,0.9969,0.5873
2026-02-05,META,0.0313,0.9674,0.0012,3,-0.9361,0.0314,0.9988
2026-02-05,MSFT,0.3364,0.4079,0.2557,3,-0.0715,0.452,0.7443
2026-02-05,UNH,0.1281,0.5067,0.3652,17,-0.3786,0.2018,0.6348
2026-02-06,AAPL,0.9996,0.0001,0.0004,2,0.9995,0.9999,0.9996
2026-02-06,AMZN,0.5441,0.351,0.1049,12,0.1931,0.6079,0.8951
2026-02-06,BRK-B,0.6025,0.0103,0.3872,5,0.5922,0.9832,0.6128
2026-02-06,GOOGL,0.1338,0.0608,0.8054,3,0.073,0.6876,0.1946
2026-02-06,JPM,0.6673,0.0116,0.3211,3,0.6557,0.983,0.6789
2026-02-06,META,1.0,0.0,0.0,1,1.0,1.0,1.0
2026-02-06,MSFT,0.5182,0.1584,0.3234,3,0.3598,0.7659,0.6766
2026-02-06,TSLA,0.0,0.0005,0.9995,1,-0.0005,0.0183,0.0005
2026-02-06,UNH,0.1883,0.5654,0.2463,16,-0.3771,0.2498,0.7537
2026-02-07,AAPL,0.9999,0.0001,0.0,1,0.9999,0.9999,1.0
2026-02-07,BRK-B,0.4035,0.0003,0.5962,4,0.4031,0.9992,0.4038
2026-02-07,GOOGL,0.9965,0.0,0.0034,1,0.9965,1.0,0.9966
2026-02-07,JPM,1.0,0.0,0.0,2,1.0,1.0,1.0
2026-02-07,TSLA,0.3639,0.2412,0.3949,4,0.1227,0.6014,0.6051
2026-02-07,UNH,1.0,0.0,0.0,1,1.0,1.0,1.0
2026-02-08,AAPL,0.9527,0.0001,0.0473,3,0.9526,0.9999,0.9527
2026-02-08,BRK-B,0.0001,0.0024,0.9974,1,-0.0023,0.0569,0.0026
2026-02-08,GOOGL,0.7201,0.0208,0.2591,3,0.6993,0.972,0.7409
2026-02-08,JPM,0.5004,0.0002,0.4994,2,0.5002,0.9996,0.5006
2026-02-08,META,0.7791,0.0105,0.2103,1,0.7686,0.9866,0.7897
2026-02-08,UNH,0.0001,0.0063,0.9936,1,-0.0062,0.0162,0.0064
2026-02-09,AMZN,0.7498,0.0,0.2502,4,0.7498,0.9999,0.7498
2026-02-09,BRK-B,0.0366,0.017,0.9464,7,0.0196,0.6825,0.0536
2026-02-09,JPM,0.5424,0.1253,0.3324,3,0.4171,0.8124,0.6676
2026-02-09,META,0.0,0.0,1.0,3,-0.0,0.044,0.0
2026-02-09,MSFT,0.4492,0.0021,0.5487,3,0.4471,0.9954,0.4513
2026-02-09,TSLA,0.0006,0.0067,0.9928,1,-0.0061,0.0807,0.0072
2026-02-09,UNH,0.0755,0.6919,0.2326,3,-0.6164,0.0984,0.7674
2026-02-10,AAPL,0.4928,0.0088,0.4984,2,0.4839,0.9824,0.5016
2026-02-10,AMZN,0.4988,0.0051,0.4961,2,0.4937,0.9899,0.5039
2026-02-10,BRK-B,0.4413,0.0575,0.5012,2,0.3837,0.8846,0.4988
2026-02-10,GOOGL,0.3348,0.3316,0.3337,3,0.0032,0.5024,0.6663
2026-02-10,META,0.5001,0.0,0.4999,2,0.5001,1.0,0.5001
2026-02-10,MSFT,0.9063,0.0778,0.0159,1,0.8285,0.921,0.9841
2026-02-10,TSLA,0.0041,0.9868,0.0091,1,-0.9826,0.0042,0.9909
2026-02-10,UNH,0.1283,0.4012,0.4705,10,-0.273,0.2422,0.5295
2026-02-11,AAPL,0.0113,0.2495,0.7392,4,-0.2382,0.0433,0.2608
2026-02-11,AMZN,0.0005,0.2501,0.7494,4,-0.2496,0.002,0.2506
2026-02-11,BRK-B,0.0001,0.3998,0.6001,5,-0.3997,0.0002,0.3999
2026-02-11,GOOGL,0.002,0.0071,0.991,1,-0.0051,0.2177,0.009
2026-02-11,JPM,0.9998,0.0,0.0002,1,0.9998,1.0,0.9998
2026-02-11,META,0.4959,0.0001,0.504,4,0.4958,0.9998,0.496
2026-02-11,MSFT,0.2636,0.3665,0.3699,2,-0.1029,0.4184,0.6301
2026-02-11,TSLA,0.009,0.6819,0.3092,2,-0.6729,0.013,0.6908
2026-02-11,UNH,0.3674,0.5459,0.0867,11,-0.1785,0.4023,0.9133
2026-02-12,AAPL,0.0212,0.3235,0.6553,3,-0.3023,0.0616,0.3447
2026-02-12,AMZN,0.3805,0.3333,0.2861,3,0.0472,0.5331,0.7139
2026-02-12,BRK-B,0.3334,0.0001,0.6666,6,0.3333,0.9998,0.3334
2026-02-12,GOOGL,0.2503,0.0018,0.748,4,0.2485,0.9929,0.252
2026-02-12,JPM,0.3329,0.0001,0.667,3,0.3329,0.9998,0.333
2026-02-12,META,0.0015,0.2149,0.7836,2,-0.2135,0.0068,0.2164
2026-02-12,MSFT,0.9996,0.0003,0.0001,1,0.9994,0.9997,0.9999
2026-02-12,TSLA,0.5,0.0003,0.4996,2,0.4997,0.9993,0.5004
2026-02-12,UNH,0.3049,0.39,0.3051,10,-0.0851,0.4387,0.6949
2026-02-13,AAPL,0.9984,0.0015,0.0002,1,0.9969,0.9985,0.9998
2026-02-13,AMZN,1.0,0.0,0.0,1,1.0,1.0,1.0
2026-02-13,BRK-B,0.1659,0.1669,0.6672,6,-0.0011,0.4984,0.3328
2026-02-13,GOOGL,1.0,0.0,0.0,1,1.0,1.0,1.0
2026-02-13,META,0.0003,0.0005,0.9993,1,-0.0002,0.377,0.0007
2026-02-13,MSFT,0.3564,0.3325,0.3111,3,0.0239,0.5173,0.6889
2026-02-13,TSLA,0.1106,0.004,0.8854,1,0.1066,0.9652,0.1146
2026-02-13,UNH,0.0011,0.9989,0.0,1,-0.9978,0.0011,1.0
2026-02-14,AMZN,0.0,0.0,1.0,1,-0.0,0.1062,0.0
2026-02-14,BRK-B,0.1741,0.1803,0.6456,6,-0.0062,0.4913,0.3544
2026-02-14,MSFT,0.9996,0.0001,0.0003,1,0.9995,0.9999,0.9997
2026-02-15,AAPL,0.0018,0.0002,0.998,2,0.0016,0.9001,0.002
2026-02-15,AMZN,0.0006,0.0003,0.9991,2,0.0003,0.6828,0.0009
2026-02-15,MSFT,0.0015,0.5015,0.497,2,-0.5001,0.003,0.503
2026-02-15,TSLA,0.0,0.0001,0.9999,1,-0.0,0.0972,0.0001
2026-02-16,AAPL,0.0001,0.0003,0.9995,1,-0.0002,0.2935,0.0005
2026-02-16,AMZN,0.999,0.0,0.001,1,0.999,1.0,0.999
2026-02-16,BRK-B,0.295,0.0378,0.6672,5,0.2572,0.8865,0.3328
2026-02-16,GOOGL,0.999,0.0,0.001,1,0.999,1.0,0.999
2026-02-16,JPM,0.0,0.0001,0.9998,1,-0.0001,0.0718,0.0002
2026-02-16,META,0.0006,0.0,0.9994,1,0.0006,0.9768,0.0006
2026-02-16,MSFT,0.9625,0.0004,0.0371,2,0.962,0.9995,0.9629
2026-02-16,UNH,0.9947,0.0048,0.0005,3,0.9898,0.9952,0.9995
2026-02-17,AAPL,0.094,0.4111,0.4949,2,-0.3171,0.1861,0.5051
2026-02-17,AMZN,0.6025,0.3901,0.0074,3,0.2124,0.607,0.9926
2026-02-17,BRK-B,0.3084,0.0366,0.655,12,0.2718,0.894,0.345
2026-02-17,GOOGL,0.0488,0.3372,0.614,3,-0.2884,0.1264,0.386
2026-02-17,JPM,0.1838,0.1019,0.7144,4,0.0819,0.6433,0.2856
2026-02-17,META,0.4094,0.0847,0.5059,2,0.3248,0.8287,0.4941
2026-02-17,MSFT,0.0051,0.7265,0.2684,4,-0.7214,0.007,0.7316
2026-02-17,TSLA,0.0085,0.0025,0.989,3,0.006,0.7701,0.011
2026-02-17,UNH,0.1429,0.0001,0.8571,7,0.1428,0.9996,0.1429
2026-02-18,AAPL,0.0812,0.1325,0.7863,4,-0.0514,0.3798,0.2137
2026-02-18,BRK-B,0.034,0.2977,0.6683,23,-0.2637,0.1025,0.3317
2026-02-18,JPM,0.4211,0.0001,0.5788,9,0.4211,0.9999,0.4212
2026-02-18,META,1.0,0.0,0.0,1,1.0,1.0,1.0
2026-02-18,MSFT,0.5005,0.36,0.1395,2,0.1404,0.5816,0.8605
2026-02-18,TSLA,0.0047,0.6779,0.3174,3,-0.6732,0.0069,0.6826
2026-02-18,UNH,0.4775,0.2941,0.2285,10,0.1834,0.6188,0.7715
2026-02-19,AAPL,0.0,0.001,0.999,2,-0.001,0.0052,0.001
2026-02-19,AMZN,0.351,0.0004,0.6486,1,0.3506,0.9989,0.3514
2026-02-19,BRK-B,0.2757,0.001,0.7233,4,0.2748,0.9964,0.2767
2026-02-19,GOOGL,0.0,0.0001,0.9999,1,-0.0001,0.2008,0.0001
2026-02-19,JPM,0.2843,0.269,0.4467,32,0.0153,0.5139,0.5533
2026-02-19,META,0.6676,0.0002,0.3321,4,0.6674,0.9996,0.6679
2026-02-19,MSFT,0.9974,0.0017,0.0009,2,0.9957,0.9983,0.9991
2026-02-19,UNH,0.125,0.2501,0.6248,8,-0.1251,0.3333,0.3752
2026-02-20,AAPL,0.0,1.0,0.0,1,-1.0,0.0,1.0
2026-02-20,AMZN,0.3204,0.3326,0.347,3,-0.0122,0.4906,0.653
2026-02-20,BRK-B,0.9756,0.0001,0.0244,3,0.9755,0.9999,0.9756
2026-02-20,GOOGL,0.5576,0.0003,0.4422,3,0.5573,0.9995,0.5578
2026-02-20,JPM,0.1927,0.2539,0.5535,20,-0.0612,0.4314,0.4465
2026-02-20,META,0.0002,0.0001,0.9997,1,0.0001,0.6632,0.0003
2026-02-20,MSFT,0.7775,0.0313,0.1912,4,0.7462,0.9612,0.8088
2026-02-20,TSLA,0.1166,0.5442,0.3391,9,-0.4276,0.1765,0.6609
2026-02-20,UNH,0.5,0.3,0.2,10,0.2,0.625,0.8
2026-02-21,AAPL,1.0,0.0,0.0,1,1.0,1.0,1.0
2026-02-21,AMZN,0.0,0.0004,0.9996,1,-0.0004,0.0017,0.0004
2026-02-21,BRK-B,0.0007,0.1287,0.8706,4,-0.128,0.0053,0.1294
2026-02-21,JPM,0.2639,0.1813,0.5547,4,0.0826,0.5927,0.4453
2026-02-21,META,0.9999,0.0001,0.0,1,0.9998,0.9999,1.0
2026-02-21,TSLA,0.5506,0.1636,0.2859,14,0.387,0.7709,0.7141
2026-02-21,UNH,0.2501,0.7079,0.042,4,-0.4578,0.261,0.958
2026-02-22,AMZN,0.9348,0.0012,0.0639,2,0.9336,0.9987,0.9361
2026-02-22,BRK-B,0.0,0.0,1.0,3,-0.0,0.2469,0.0
2026-02-22,JPM,0.0001,0.5072,0.4927,4,-0.507,0.0003,0.5073
2026-02-22,MSFT,0.0,0.0,1.0,1,-0.0,0.2371,0.0
2026-02-22,TSLA,0.4567,0.1899,0.3534,15,0.2668,0.7063,0.6466
2026-02-22,UNH,0.0,1.0,0.0,1,-1.0,0.0,1.0
2026-02-23,AAPL,0.3441,0.2549,0.4009,14,0.0892,0.5744,0.5991
2026-02-23,AMZN,0.0082,0.4105,0.5814,1,-0.4023,0.0195,0.4186
2026-02-23,BRK-B,0.0181,0.0006,0.9813,6,0.0175,0.9686,0.0187
2026-02-23,GOOGL,0.6595,0.0008,0.3398,3,0.6587,0.9988,0.6602
2026-02-23,JPM,0.2467,0.4129,0.3404,51,-0.1661,0.374,0.6596
2026-02-23,MSFT,0.0,0.9993,0.0007,2,-0.9992,0.0,0.9993
2026-02-23,TSLA,0.2207,0.2894,0.4899,41,-0.0686,0.4327,0.5101
2026-02-23,UNH,0.2913,0.2404,0.4683,7,0.0509,0.5479,0.5317
2026-02-24,AAPL,0.4204,0.0913,0.4884,53,0.3291,0.8216,0.5116
2026-02-24,AMZN,0.576,0.0017,0.4223,3,0.5743,0.997,0.5777
2026-02-24,BRK-B,0.0,0.0,0.9999,2,-0.0,0.4377,0.0001
2026-02-24,GOOGL,0.9991,0.0,0.0009,1,0.999,1.0,0.9991
2026-02-24,JPM,0.3625,0.2261,0.4114,54,0.1364,0.6158,0.5886
2026-02-24,META,0.2857,0.1425,0.5718,7,0.1433,0.6673,0.4282
2026-02-24,MSFT,0.6037,0.1422,0.2541,5,0.4616,0.8094,0.7459
2026-02-24,TSLA,0.2975,0.3762,0.3263,51,-0.0787,0.4416,0.6737
2026-02-24,UNH,0.3312,0.5014,0.1674,6,-0.1702,0.3978,0.8326
2026-02-25,AAPL,0.3679,0.1692,0.4629,47,0.1987,0.6849,0.5371
2026-02-25,AMZN,0.0,0.0005,0.9995,1,-0.0004,0.0582,0.0005
2026-02-25,BRK-B,0.0496,0.2252,0.7252,4,-0.1756,0.1804,0.2748
2026-02-25,GOOGL,0.7312,0.1425,0.1263,14,0.5887,0.8369,0.8737
2026-02-25,JPM,0.2928,0.2291,0.478,29,0.0637,0.561,0.522
2026-02-25,META,0.5019,0.1703,0.3278,79,0.3316,0.7467,0.6722
2026-02-25,MSFT,0.4746,0.1761,0.3493,35,0.2985,0.7294,0.6507
2026-02-25,TSLA,0.2386,0.2799,0.4815,38,-0.0414,0.4601,0.5185
2026-02-25,UNH,0.375,0.184,0.441,8,0.1911,0.6709,0.559
2026-02-26,AAPL,0.3494,0.2374,0.4132,73,0.112,0.5954,0.5868
2026-02-26,AMZN,0.3379,0.2828,0.3793,96,0.0551,0.5444,0.6207
2026-02-26,BRK-B,0.4286,0.0001,0.5713,7,0.4285,0.9998,0.4287
2026-02-26,GOOGL,0.4193,0.2421,0.3385,109,0.1772,0.634,0.6615
2026-02-26,JPM,0.274,0.1515,0.5745,25,0.1224,0.6439,0.4255
2026-02-26,META,0.3512,0.2902,0.3586,87,0.061,0.5476,0.6414
2026-02-26,MSFT,0.3985,0.3072,0.2943,97,0.0913,0.5647,0.7057
2026-02-26,TSLA,0.2124,0.447,0.3406,31,-0.2346,0.3221,0.6594
2026-02-26,UNH,0.2943,0.3167,0.389,11,-0.0223,0.4817,0.611
2026-02-27,AAPL,0.3713,0.1251,0.5036,43,0.2462,0.748,0.4964
2026-02-27,AMZN,0.317,0.1908,0.4922,116,0.1262,0.6242,0.5078
2026-02-27,BRK-B,0.269,0.0842,0.6468,4,0.1848,0.7617,0.3532
2026-02-27,GOOGL,0.3472,0.1935,0.4593,96,0.1536,0.6421,0.5407
2026-02-27,JPM,0.2877,0.2736,0.4388,23,0.0141,0.5126,0.5612
2026-02-27,META,0.3909,0.2454,0.3637,65,0.1454,0.6143,0.6363
2026-02-27,MSFT,0.356,0.2569,0.3871,94,0.0991,0.5808,0.6129
2026-02-27,TSLA,0.2571,0.2734,0.4695,37,-0.0164,0.4846,0.5305
2026-02-27,UNH,0.25,0.1254,0.6246,8,0.1246,0.666,0.3754
2026-02-28,AAPL,0.1405,0.3261,0.5334,23,-0.1856,0.3011,0.4666
2026-02-28,AMZN,0.4557,0.1714,0.3729,35,0.2844,0.7267,0.6271
2026-02-28,BRK-B,0.0003,0.3333,0.6663,6,-0.333,0.001,0.3337
2026-02-28,GOOGL,0.4465,0.1705,0.383,29,0.276,0.7237,0.617
2026-02-28,JPM,0.0003,0.5257,0.474,8,-0.5253,0.0006,0.526
2026-02-28,META,0.4776,0.1911,0.3313,20,0.2864,0.7142,0.6687
2026-02-28,MSFT,0.4172,0.1464,0.4364,24,0.2708,0.7403,0.5636
2026-02-28,TSLA,0.2591,0.2135,0.5274,10,0.0456,0.5482,0.4726
2026-02-28,UNH,0.3335,0.3333,0.3332,3,0.0001,0.5001,0.6668
2026-03-01,AMZN,0.0034,0.3212,0.6754,1,-0.3178,0.0104,0.3246
2026-03-01,BRK-B,0.3438,0.0873,0.5689,6,0.2565,0.7976,0.4311
2026-03-01,JPM,0.0001,0.0063,0.9936,2,-0.0062,0.0195,0.0064
2026-03-01,MSFT,0.0034,0.3212,0.6754,1,-0.3178,0.0104,0.3246
2026-03-01,UNH,0.0003,0.0,0.9997,1,0.0003,0.9713,0.0003
2026-03-02,AAPL,0.3953,0.0003,0.6043,3,0.395,0.9992,0.3957
2026-03-02,AMZN,0.0004,0.6105,0.3892,5,-0.6101,0.0006,0.6108
2026-03-02,BRK-B,0.0548,0.3046,0.6406,22,-0.2498,0.1525,0.3594
2026-03-02,GOOGL,0.4004,0.1234,0.4762,5,0.277,0.7645,0.5238
2026-03-02,JPM,0.4769,0.3322,0.1908,3,0.1447,0.5894,0.8092
2026-03-02,MSFT,0.5,0.5,0.0,2,-0.0,0.5,1.0
2026-03-02,TSLA,0.0086,0.0113,0.9801,3,-0.0027,0.433,0.0199
2026-03-02,UNH,0.2311,0.3349,0.434,12,-0.1038,0.4083,0.566
2026-03-03,AAPL,0.1797,0.0024,0.8179,2,0.1774,0.9869,0.1821
2026-03-03,BRK-B,0.2895,0.1825,0.528,10,0.1069,0.6133,0.472
2026-03-03,GOOGL,0.0,0.0006,0.9994,1,-0.0006,0.0673,0.0006
2026-03-03,JPM,0.0008,0.0418,0.9574,1,-0.0411,0.0177,0.0426
2026-03-03,META,0.0,0.0,1.0,1,-0.0,0.2081,0.0
2026-03-03,MSFT,0.1048,0.322,0.5732,1,-0.2172,0.2456,0.4268
2026-03-03,UNH,0.2986,0.4579,0.2435,7,-0.1594,0.3947,0.7565
2026-03-04,AAPL,0.2256,0.0216,0.7528,4,0.204,0.9125,0.2472
2026-03-04,AMZN,0.444,0.2551,0.3009,2,0.1889,0.6351,0.6991
2026-03-04,BRK-B,0.3342,0.0014,0.6644,3,0.3327,0.9957,0.3356
2026-03-04,GOOGL,1.0,0.0,0.0,2,1.0,1.0,1.0
2026-03-04,JPM,0.0011,0.6394,0.3595,1,-0.6382,0.0017,0.6405
2026-03-04,MSFT,0.4932,0.4633,0.0435,2,0.03,0.5157,0.9565
2026-03-04,UNH,0.0051,0.3428,0.6521,3,-0.3377,0.0146,0.3479
2026-03-05,AAPL,0.0,0.0,1.0,2,-0.0,0.0588,0.0
2026-03-05,BRK-B,0.0038,0.1003,0.8959,20,-0.0964,0.0367,0.1041
2026-03-05,GOOGL,0.0005,0.0015,0.9981,2,-0.001,0.2414,0.0019
2026-03-05,JPM,0.331,0.3337,0.3353,3,-0.0027,0.4979,0.6647
2026-03-05,META,0.0,0.0,1.0,1,-0.0,0.1046,0.0
2026-03-05,MSFT,0.9999,0.0,0.0001,1,0.9999,1.0,0.9999
2026-03-05,TSLA,0.0,0.9907,0.0092,1,-0.9907,0.0,0.9908
2026-03-05,UNH,0.4105,0.2879,0.3016,7,0.1226,0.5878,0.6984
2026-03-06,AAPL,0.0027,0.0002,0.9971,1,0.0025,0.9344,0.0029
2026-03-06,AMZN,0.0037,0.002,0.9943,1,0.0017,0.6484,0.0057
2026-03-06,BRK-B,0.0464,0.012,0.9416,2,0.0344,0.7945,0.0584
2026-03-06,GOOGL,0.3056,0.0254,0.669,2,0.2803,0.9234,0.331
2026-03-06,JPM,1.0,0.0,0.0,1,1.0,1.0,1.0
2026-03-06,TSLA,0.0001,0.9385,0.0614,1,-0.9384,0.0001,0.9386
2026-03-06,UNH,0.2756,0.3861,0.3383,3,-0.1105,0.4165,0.6617
2026-03-07,AAPL,1.0,0.0,0.0,1,1.0,1.0,1.0
2026-03-07,BRK-B,0.0151,0.1201,0.8648,7,-0.105,0.1118,0.1352
2026-03-07,GOOGL,0.0,0.0,1.0,2,-0.0,0.0359,0.0
2026-03-07,MSFT,0.0,0.0001,0.9999,2,-0.0,0.0615,0.0001
2026-03-07,TSLA,0.25,0.0,0.7499,4,0.25,0.9998,0.2501
2026-03-07,UNH,0.3673,0.0,0.6327,3,0.3672,0.9999,0.3673
2026-03-08,GOOGL,1.0,0.0,0.0,1,1.0,1.0,1.0
2026-03-08,META,0.0,0.0001,0.9999,1,-0.0001,0.0817,0.0001
2026-03-08,MSFT,0.5,0.0003,0.4996,2,0.4997,0.9993,0.5004
2026-03-09,AAPL,0.0297,0.0049,0.9654,3,0.0248,0.8572,0.0346
2026-03-09,AMZN,1.0,0.0,0.0,1,1.0,1.0,1.0
2026-03-09,BRK-B,0.2596,0.4492,0.2912,9,-0.1896,0.3663,0.7088
2026-03-09,GOOGL,0.0024,0.0001,0.9975,1,0.0024,0.972,0.0025
2026-03-09,JPM,0.2573,0.3017,0.441,4,-0.0444,0.4603,0.559
2026-03-09,MSFT,0.0902,0.3332,0.5766,3,-0.243,0.213,0.4234
2026-03-09,UNH,0.2412,0.4969,0.2619,4,-0.2557,0.3268,0.7381
2026-03-10,AAPL,0.0,0.0002,0.9998,1,-0.0002,0.1016,0.0002
2026-03-10,AMZN,0.0009,0.0013,0.9978,3,-0.0004,0.405,0.0022
2026-03-10,BRK-B,0.0066,0.0,0.9934,2,0.0066,0.9996,0.0066
2026-03-10,GOOGL,0.0029,0.0006,0.9965,2,0.0023,0.8292,0.0035
2026-03-10,JPM,0.9357,0.0025,0.0618,2,0.9332,0.9974,0.9382
2026-03-10,META,0.9999,0.0,0.0001,1,0.9999,1.0,0.9999
2026-03-10,MSFT,1.0,0.0,0.0,1,1.0,1.0,1.0
2026-03-10,TSLA,0.0118,0.9263,0.0619,1,-0.9145,0.0126,0.9381
2026-03-10,UNH,0.0001,0.5046,0.4954,6,-0.5045,0.0001,0.5046
2026-03-11,AAPL,0.3371,0.0,0.6629,3,0.3371,0.9999,0.3371
2026-03-11,AMZN,0.0006,0.334,0.6654,3,-0.3333,0.0019,0.3346
2026-03-11,BRK-B,0.2947,0.0015,0.7038,4,0.2932,0.9949,0.2962
2026-03-11,JPM,0.3395,0.003,0.6575,4,0.3364,0.9912,0.3425
2026-03-11,TSLA,0.6667,0.0,0.3333,3,0.6666,0.9999,0.6667
2026-03-11,UNH,0.0893,0.2004,0.7103,5,-0.1111,0.3083,0.2897
2026-03-12,AAPL,0.277,0.0045,0.7185,2,0.2726,0.9842,0.2815
2026-03-12,AMZN,1.0,0.0,0.0,4,1.0,1.0,1.0
2026-03-12,BRK-B,0.0538,0.0026,0.9436,6,0.0512,0.9545,0.0564
2026-03-12,JPM,0.0935,0.0007,0.9058,2,0.0928,0.9925,0.0942
2026-03-12,META,0.9999,0.0,0.0001,1,0.9999,1.0,0.9999
2026-03-12,MSFT,1.0,0.0,0.0,1,1.0,1.0,1.0
2026-03-12,UNH,0.0002,0.5001,0.4997,8,-0.4999,0.0004,0.5003
2026-03-13,AAPL,0.2069,0.7755,0.0177,1,-0.5686,0.2106,0.9823
2026-03-13,AMZN,0.352,0.4353,0.2127,3,-0.0833,0.4471,0.7873
2026-03-13,BRK-B,0.0986,0.0057,0.8957,2,0.0928,0.9449,0.1043
2026-03-13,JPM,0.3091,0.6872,0.0037,1,-0.378,0.3103,0.9963
2026-03-13,META,0.0,0.9265,0.0735,2,-0.9264,0.0,0.9265
2026-03-13,MSFT,0.3163,0.2556,0.4281,5,0.0608,0.5531,0.5719
2026-03-13,TSLA,0.001,0.9541,0.0449,1,-0.953,0.0011,0.9551
2026-03-13,UNH,0.3337,0.333,0.3333,6,0.0007,0.5005,0.6667
2026-03-14,BRK-B,0.2135,0.0092,0.7773,9,0.2042,0.9585,0.2227
2026-03-14,META,0.0008,0.9461,0.0531,3,-0.9453,0.0008,0.9469
2026-03-14,MSFT,0.0,0.0002,0.9997,1,-0.0002,0.0211,0.0003
2026-03-14,TSLA,0.4973,0.0008,0.5019,2,0.4966,0.9985,0.4981
2026-03-15,AAPL,0.5,0.0,0.5,2,0.5,1.0,0.5
2026-03-15,BRK-B,0.333,0.0541,0.613,3,0.2789,0.8603,0.387
2026-03-15,GOOGL,1.0,0.0,0.0,1,1.0,1.0,1.0
2026-03-15,JPM,1.0,0.0,0.0,1,1.0,1.0,1.0
2026-03-15,MSFT,0.9971,0.0,0.0029,2,0.9971,1.0,0.9971
2026-03-15,TSLA,0.1735,0.7223,0.1042,1,-0.5488,0.1937,0.8958
2026-03-15,UNH,0.6748,0.3193,0.0059,3,0.3555,0.6788,0.9941
2026-03-16,AAPL,0.987,0.0125,0.0005,2,0.9745,0.9875,0.9995
2026-03-16,BRK-B,0.4482,0.0052,0.5466,4,0.4431,0.9886,0.4534
2026-03-16,GOOGL,0.6676,0.0002,0.3322,2,0.6675,0.9998,0.6678
2026-03-16,JPM,0.113,0.7591,0.1279,1,-0.6461,0.1296,0.8721
2026-03-16,META,0.385,0.0935,0.5215,5,0.2916,0.8047,0.4785
2026-03-16,MSFT,0.3255,0.3309,0.3436,3,-0.0054,0.4959,0.6564
2026-03-16,TSLA,0.9606,0.0161,0.0233,1,0.9446,0.9836,0.9767
2026-03-16,UNH,0.8086,0.0012,0.1902,11,0.8075,0.9986,0.8098
2026-03-17,AAPL,0.0069,0.0316,0.9616,2,-0.0247,0.1783,0.0384
2026-03-17,AMZN,0.9661,0.0,0.0339,1,0.966,1.0,0.9661
2026-03-17,BRK-B,0.5,0.0001,0.4999,2,0.4999,0.9998,0.5001
2026-03-17,JPM,0.2454,0.007,0.7476,2,0.2384,0.9723,0.2524
2026-03-17,META,0.5,0.0001,0.4999,2,0.4999,0.9999,0.5001
2026-03-17,MSFT,0.5099,0.0002,0.4899,2,0.5098,0.9997,0.5101
2026-03-17,TSLA,0.2225,0.028,0.7495,3,0.1946,0.8884,0.2505
2026-03-17,UNH,0.3332,0.0097,0.6571,6,0.3235,0.9718,0.3429
2026-03-18,AAPL,0.0005,0.9995,0.0,1,-0.999,0.0005,1.0
2026-03-18,AMZN,0.0,0.0,1.0,3,-0.0,0.051,0.0
2026-03-18,BRK-B,0.5415,0.0001,0.4585,4,0.5414,0.9998,0.5415
2026-03-18,GOOGL,0.0005,0.0479,0.9516,2,-0.0474,0.0099,0.0484
2026-03-18,MSFT,1.0,0.0,0.0,1,1.0,1.0,1.0
2026-03-18,TSLA,0.3344,0.0029,0.6627,3,0.3315,0.9913,0.3373
2026-03-18,UNH,0.0007,0.19,0.8093,6,-0.1892,0.0038,0.1907
2026-03-19,BRK-B,0.4,0.1998,0.4002,5,0.2003,0.667,0.5998
2026-03-19,GOOGL,0.0016,0.5436,0.4548,1,-0.542,0.003,0.5452
2026-03-19,JPM,0.0,0.5,0.5,2,-0.5,0.0,0.5
2026-03-19,META,0.0065,0.0976,0.8959,1,-0.0912,0.0621,0.1041
2026-03-19,MSFT,0.0004,0.5437,0.4559,2,-0.5433,0.0007,0.5441
2026-03-19,TSLA,0.0004,0.4936,0.506,2,-0.4932,0.0008,0.494
2026-03-19,UNH,0.2887,0.262,0.4494,7,0.0267,0.5242,0.5506
2026-03-20,AAPL,0.0009,0.0001,0.999,2,0.0008,0.8738,0.001
2026-03-20,AMZN,0.0,0.0165,0.9835,2,-0.0165,0.0024,0.0165
2026-03-20,BRK-B,0.3986,0.0155,0.5859,5,0.3831,0.9626,0.4141
2026-03-20,GOOGL,1.0,0.0,0.0,1,1.0,1.0,1.0
2026-03-20,JPM,0.0001,0.0001,0.9998,1,0.0001,0.6269,0.0002
2026-03-20,MSFT,0.0014,0.0469,0.9517,2,-0.0455,0.0288,0.0483
2026-03-20,TSLA,0.4371,0.0,0.5628,2,0.4371,0.9999,0.4372
2026-03-20,UNH,0.4088,0.0006,0.5906,5,0.4083,0.9986,0.4094
2026-03-21,AAPL,0.0,0.0002,0.9998,1,-0.0002,0.0229,0.0002
2026-03-21,BRK-B,0.2962,0.0096,0.6942,5,0.2866,0.9686,0.3058
2026-03-21,GOOGL,1.0,0.0,0.0,2,1.0,1.0,1.0
2026-03-21,JPM,0.405,0.2104,0.3846,7,0.1946,0.6581,0.6154
2026-03-21,META,0.3838,0.5158,0.1004,3,-0.132,0.4266,0.8996
2026-03-21,MSFT,0.9985,0.0002,0.0014,1,0.9983,0.9998,0.9986
2026-03-21,TSLA,1.0,0.0,0.0,1,1.0,1.0,1.0
2026-03-22,AAPL,0.0,0.0002,0.9998,1,-0.0002,0.0533,0.0002
2026-03-22,AMZN,0.0,0.0007,0.9993,1,-0.0007,0.0074,0.0007
2026-03-22,JPM,0.1493,0.3922,0.4585,7,-0.2429,0.2757,0.5415
2026-03-22,META,1.0,0.0,0.0,1,1.0,1.0,1.0
2026-03-22,MSFT,0.0,0.0,1.0,1,-0.0,0.0279,0.0
2026-03-23,AAPL,0.0,0.0,1.0,1,0.0,0.6036,0.0
2026-03-23,AMZN,0.5,0.0,0.5,2,0.5,1.0,0.5
2026-03-23,BRK-B,0.3613,0.1005,0.5382,10,0.2608,0.7824,0.4618
2026-03-23,GOOGL,0.0,0.0,1.0,1,-0.0,0.0398,0.0
2026-03-23,JPM,0.4004,0.2018,0.3977,31,0.1986,0.6649,0.6023
2026-03-23,META,0.4999,0.4644,0.0357,2,0.0354,0.5184,0.9643
2026-03-23,MSFT,0.5394,0.2178,0.2428,3,0.3217,0.7124,0.7572
2026-03-23,TSLA,0.666,0.3333,0.0007,3,0.3326,0.6664,0.9993
2026-03-23,UNH,0.5021,0.3707,0.1272,8,0.1314,0.5753,0.8728
2026-03-24,AAPL,0.0006,0.3689,0.6305,3,-0.3683,0.0017,0.3695
2026-03-24,AMZN,0.0991,0.046,0.8549,4,0.0531,0.6831,0.1451
2026-03-24,BRK-B,0.2213,0.2764,0.5023,2,-0.0552,0.4446,0.4977
2026-03-24,GOOGL,0.0126,0.0099,0.9774,3,0.0027,0.56,0.0226
2026-03-24,JPM,0.2924,0.3265,0.3811,31,-0.0342,0.4724,0.6189
2026-03-24,META,0.5421,0.1263,0.3316,4,0.4158,0.811,0.6684
2026-03-24,MSFT,0.1173,0.2165,0.6663,3,-0.0992,0.3514,0.3337
2026-03-24,UNH,0.576,0.24,0.1841,7,0.336,0.7059,0.8159
2026-03-25,AAPL,0.6658,0.0002,0.334,3,0.6655,0.9997,0.666
2026-03-25,AMZN,0.0027,0.0033,0.9941,1,-0.0006,0.4529,0.0059
2026-03-25,GOOGL,0.6659,0.0,0.3341,3,0.6658,0.9999,0.6659
2026-03-25,JPM,0.4126,0.2103,0.3771,24,0.2023,0.6624,0.6229
2026-03-25,META,0.728,0.0011,0.2709,4,0.727,0.9986,0.7291
2026-03-25,MSFT,0.6643,0.3334,0.0022,3,0.3309,0.6658,0.9978
2026-03-25,TSLA,0.3463,0.336,0.3177,3,0.0103,0.5076,0.6823
2026-03-25,UNH,0.4498,0.2375,0.3127,10,0.2123,0.6544,0.6873
2026-03-26,AAPL,0.352,0.2015,0.4465,55,0.1505,0.636,0.5535
2026-03-26,AMZN,0.4977,0.0021,0.5002,4,0.4957,0.9958,0.4998
2026-03-26,BRK-B,0.5,0.0,0.5,2,0.5,1.0,0.5
2026-03-26,GOOGL,0.4923,0.3938,0.1139,2,0.0985,0.5556,0.8861
2026-03-26,JPM,0.2765,0.2145,0.5091,25,0.062,0.5631,0.4909
2026-03-26,META,0.0,0.7469,0.2531,8,-0.7468,0.0,0.7469
2026-03-26,MSFT,0.3336,0.3332,0.3331,3,0.0004,0.5003,0.6669
2026-03-26,TSLA,0.3202,0.3141,0.3657,37,0.0061,0.5048,0.6343
2026-03-26,UNH,0.3503,0.2349,0.4149,10,0.1154,0.5986,0.5851
2026-03-27,AAPL,0.3518,0.2053,0.4429,41,0.1464,0.6314,0.5571
2026-03-27,AMZN,0.2678,0.3643,0.3679,61,-0.0965,0.4237,0.6321
2026-03-27,BRK-B,0.143,0.1473,0.7097,7,-0.0044,0.4925,0.2903
2026-03-27,GOOGL,0.4969,0.2983,0.2048,44,0.1986,0.6249,0.7952
2026-03-27,JPM,0.4558,0.1399,0.4043,32,0.3159,0.7652,0.5957
2026-03-27,META,0.2045,0.4838,0.3117,39,-0.2792,0.2972,0.6883
2026-03-27,MSFT,0.3746,0.3974,0.2279,35,-0.0228,0.4852,0.7721
2026-03-27,TSLA,0.2668,0.3477,0.3855,66,-0.0809,0.4342,0.6145
2026-03-27,UNH,0.3507,0.2188,0.4306,10,0.1319,0.6158,0.5694
2026-03-28,AAPL,0.5084,0.1165,0.3751,8,0.3919,0.8136,0.6249
2026-03-28,AMZN,0.3166,0.3788,0.3046,16,-0.0621,0.4553,0.6954
2026-03-28,BRK-B,0.0022,0.6667,0.3311,3,-0.6645,0.0033,0.6689
2026-03-28,GOOGL,0.174,0.5078,0.3182,24,-0.3337,0.2552,0.6818
2026-03-28,JPM,0.2234,0.1754,0.6012,9,0.048,0.5601,0.3988
2026-03-28,META,0.2539,0.3463,0.3998,26,-0.0924,0.423,0.6002
2026-03-28,MSFT,0.4442,0.1577,0.3981,21,0.2866,0.7381,0.6019
2026-03-28,TSLA,0.1536,0.3435,0.503,19,-0.1899,0.309,0.497
2026-03-28,UNH,0.081,0.3521,0.5669,2,-0.2711,0.187,0.4331
2026-03-29,AAPL,0.2612,0.2571,0.4818,13,0.0041,0.504,0.5182
2026-03-29,AMZN,0.4408,0.3445,0.2147,13,0.0963,0.5613,0.7853
2026-03-29,BRK-B,0.4984,0.2505,0.2511,4,0.2479,0.6655,0.7489
2026-03-29,GOOGL,0.3304,0.3802,0.2894,21,-0.0498,0.465,0.7106
2026-03-29,JPM,0.0191,0.6905,0.2904,6,-0.6714,0.0269,0.7096
2026-03-29,META,0.2568,0.5004,0.2428,24,-0.2435,0.3392,0.7572
2026-03-29,MSFT,0.5346,0.2331,0.2323,14,0.3014,0.6963,0.7677
2026-03-29,TSLA,0.3708,0.3182,0.311,12,0.0526,0.5382,0.689
2026-03-30,AAPL,0.3935,0.2524,0.3541,44,0.1411,0.6092,0.6459
2026-03-30,AMZN,0.3612,0.3086,0.3302,58,0.0526,0.5392,0.6698
2026-03-30,BRK-B,0.5001,0.1665,0.3334,6,0.3336,0.7502,0.6666
2026-03-30,GOOGL,0.4087,0.25,0.3413,61,0.1588,0.6205,0.6587
2026-03-30,JPM,0.307,0.3353,0.3577,41,-0.0283,0.478,0.6423
2026-03-30,META,0.444,0.2328,0.3232,75,0.2112,0.656,0.6768
2026-03-30,MSFT,0.4305,0.2498,0.3197,71,0.1808,0.6328,0.6803
2026-03-30,TSLA,0.3305,0.3272,0.3423,55,0.0033,0.5025,0.6577
2026-03-30,UNH,0.0087,0.0002,0.9911,2,0.0085,0.9745,0.0089
2026-03-31,AAPL,0.3534,0.2413,0.4053,88,0.1121,0.5943,0.5947
2026-03-31,AMZN,0.4308,0.1412,0.428,98,0.2896,0.7532,0.572
2026-03-31,BRK-B,0.0726,0.2428,0.6846,14,-0.1702,0.2302,0.3154
2026-03-31,GOOGL,0.4074,0.2982,0.2944,105,0.1092,0.5774,0.7056
2026-03-31,JPM,0.4273,0.1218,0.451,51,0.3055,0.7782,0.549
2026-03-31,META,0.4331,0.234,0.3329,89,0.1991,0.6492,0.6671
2026-03-31,MSFT,0.4298,0.2044,0.3658,113,0.2254,0.6777,0.6342
2026-03-31,TSLA,0.3635,0.2302,0.4063,57,0.1333,0.6122,0.5937
2026-03-31,UNH,0.1087,0.03,0.8613,4,0.0787,0.7838,0.1387
2026-04-01,AAPL,0.0001,0.0002,0.9997,1,-0.0,0.4772,0.0003
2026-04-01,AMZN,0.0993,0.0002,0.9005,4,0.0991,0.9983,0.0995
2026-04-01,BRK-B,0.0001,0.0016,0.9983,4,-0.0015,0.0529,0.0017
2026-04-01,GOOGL,0.0014,0.0003,0.9983,1,0.0011,0.8263,0.0017
2026-04-01,JPM,0.5962,0.0497,0.3541,4,0.5466,0.9231,0.6459
2026-04-01,MSFT,0.0839,0.0003,0.9159,3,0.0836,0.997,0.0841
2026-04-01,TSLA,0.369,0.0211,0.61,2,0.3479,0.946,0.39
2026-04-01,UNH,0.5,0.0,0.5,2,0.5,1.0,0.5
2026-04-02,BRK-B,0.2514,0.0001,0.7486,4,0.2513,0.9998,0.2514
2026-04-02,UNH,0.5,0.0,0.5,2,0.5,1.0,0.5
2026-04-03,BRK-B,0.3396,0.0,0.6604,3,0.3396,0.9999,0.3396
2026-04-03,UNH,0.0029,0.5055,0.4916,2,-0.5026,0.0057,0.5084
2026-04-04,BRK-B,0.1281,0.4988,0.3731,4,-0.3708,0.2043,0.6269
2026-04-04,JPM,0.0033,0.1293,0.8674,1,-0.126,0.0246,0.1326
2026-04-04,UNH,0.9996,0.0,0.0004,1,0.9996,1.0,0.9996
2026-04-05,BRK-B,0.5,0.0001,0.5,4,0.4999,0.9999,0.5
2026-04-05,UNH,0.9873,0.0016,0.0111,1,0.9857,0.9984,0.9889
2026-04-06,BRK-B,0.0638,0.4551,0.481,3,-0.3913,0.123,0.519
2026-04-06,JPM,0.0018,0.9943,0.0039,1,-0.9924,0.0019,0.9961
2026-04-06,MSFT,0.0027,0.2272,0.7701,1,-0.2245,0.0118,0.2299
2026-04-06,TSLA,0.0006,0.9643,0.0351,1,-0.9636,0.0007,0.9649
2026-04-06,UNH,0.5,0.4999,0.0001,2,0.0,0.5,0.9999
2026-04-07,BRK-B,0.3399,0.0109,0.6492,3,0.329,0.969,0.3508
2026-04-07,JPM,0.5,0.4986,0.0014,2,0.0014,0.5007,0.9986
2026-04-07,UNH,0.361,0.3315,0.3075,3,0.0295,0.5213,0.6925
2026-04-08,BRK-B,1.0,0.0,0.0,1,1.0,1.0,1.0
2026-04-08,JPM,0.9992,0.0,0.0008,1,0.9992,1.0,0.9992
2026-04-08,UNH,1.0,0.0,0.0,1,1.0,1.0,1.0
2026-04-09,AAPL,0.0042,0.0008,0.995,1,0.0035,0.8448,0.005
2026-04-09,BRK-B,0.4884,0.0002,0.5114,4,0.4882,0.9996,0.4886
2026-04-09,JPM,0.7225,0.0018,0.2757,5,0.7207,0.9976,0.7243
2026-04-09,UNH,0.0,0.0001,0.9999,2,-0.0,0.3452,0.0001
2026-04-10,AAPL,0.0,0.0001,0.9999,1,-0.0001,0.0474,0.0001
2026-04-10,BRK-B,0.5,0.0,0.5,2,0.5,1.0,0.5
2026-04-10,GOOGL,0.5214,0.0039,0.4748,5,0.5175,0.9927,0.5252
2026-04-10,JPM,0.5,0.0,0.5,2,0.5,1.0,0.5
2026-04-10,META,0.7289,0.2652,0.0059,1,0.4637,0.7332,0.9941
2026-04-11,AAPL,0.9999,0.0,0.0001,1,0.9999,1.0,0.9999
2026-04-11,BRK-B,0.5,0.0,0.5,4,0.5,1.0,0.5
2026-04-11,GOOGL,0.9971,0.0,0.0029,2,0.997,1.0,0.9971
2026-04-12,BRK-B,0.0034,0.0193,0.9772,2,-0.0159,0.1499,0.0228
2026-04-12,GOOGL,1.0,0.0,0.0,1,1.0,1.0,1.0
2026-04-12,JPM,0.0027,0.0,0.9973,1,0.0026,0.9883,0.0027
2026-04-12,UNH,0.0,0.009,0.991,1,-0.009,0.0042,0.009
2026-04-13,BRK-B,0.2005,0.0023,0.7972,4,0.1982,0.9885,0.2028
2026-04-13,GOOGL,0.9944,0.0003,0.0053,1,0.9941,0.9997,0.9947
2026-04-13,JPM,0.6838,0.0872,0.2291,5,0.5966,0.8869,0.7709
2026-04-13,UNH,0.3283,0.0015,0.6702,3,0.3268,0.9956,0.3298
2026-04-14,AAPL,0.5,0.0001,0.4998,2,0.4999,0.9998,0.5002
2026-04-14,BRK-B,0.0,0.0,1.0,3,-0.0,0.0135,0.0
2026-04-14,GOOGL,0.6018,0.0003,0.3979,5,0.6014,0.9995,0.6021
2026-04-14,JPM,0.429,0.1396,0.4314,7,0.2893,0.7544,0.5686
2026-04-14,TSLA,0.1301,0.8612,0.0087,1,-0.7311,0.1312,0.9913
2026-04-14,UNH,1.0,0.0,0.0,2,1.0,1.0,1.0
2026-04-15,AAPL,0.4584,0.2008,0.3409,5,0.2576,0.6954,0.6591
2026-04-15,BRK-B,0.0079,0.0016,0.9905,2,0.0063,0.834,0.0095
2026-04-15,JPM,0.3334,0.0001,0.6665,3,0.3333,0.9997,0.3335
2026-04-15,UNH,1.0,0.0,0.0,1,1.0,1.0,1.0
2026-04-16,AAPL,0.0354,0.0926,0.872,3,-0.0572,0.2766,0.128
2026-04-16,BRK-B,0.3333,0.0,0.6667,3,0.3333,1.0,0.3333
2026-04-16,GOOGL,0.6596,0.0009,0.3395,3,0.6587,0.9986,0.6605
2026-04-16,JPM,0.0016,0.39,0.6084,2,-0.3884,0.0041,0.3916
2026-04-16,TSLA,0.9969,0.0,0.0031,3,0.9969,1.0,0.9969
2026-04-16,UNH,0.2644,0.0287,0.7068,3,0.2357,0.902,0.2932
2026-04-17,AAPL,0.0236,0.0056,0.9709,2,0.018,0.8093,0.0291
2026-04-17,BRK-B,0.0,0.0176,0.9824,2,-0.0176,0.0001,0.0176
2026-04-17,GOOGL,0.9997,0.0,0.0003,1,0.9997,1.0,0.9997
2026-04-17,MSFT,0.6923,0.0006,0.3071,3,0.6917,0.9991,0.6929
2026-04-17,TSLA,0.3336,0.0024,0.664,3,0.3311,0.9928,0.336
2026-04-17,UNH,0.8245,0.0082,0.1672,6,0.8163,0.9901,0.8328
2026-04-18,AAPL,0.8184,0.0271,0.1544,2,0.7913,0.9679,0.8456
2026-04-18,BRK-B,0.038,0.5703,0.3917,2,-0.5324,0.0624,0.6083
2026-04-18,GOOGL,0.0,0.0111,0.9889,2,-0.011,0.0038,0.0111
2026-04-18,MSFT,0.5001,0.0016,0.4983,2,0.4986,0.9969,0.5017
2026-04-18,TSLA,0.3334,0.0004,0.6662,3,0.333,0.9988,0.3338
2026-04-18,UNH,0.339,0.2555,0.4055,3,0.0836,0.5703,0.5945
2026-04-19,AMZN,0.0,1.0,0.0,1,-1.0,0.0,1.0
2026-04-19,BRK-B,0.0001,0.0001,0.9998,1,0.0,0.5489,0.0002
2026-04-19,TSLA,0.7552,0.033,0.2118,4,0.7222,0.9581,0.7882
2026-04-19,UNH,0.75,0.0003,0.2496,4,0.7497,0.9995,0.7504
2026-04-20,AAPL,0.167,0.0258,0.8072,6,0.1411,0.866,0.1928
2026-04-20,AMZN,0.3567,0.0001,0.6432,6,0.3567,0.9999,0.3568
2026-04-20,BRK-B,0.1672,0.0233,0.8095,6,0.1439,0.8775,0.1905
2026-04-20,GOOGL,0.2548,0.0548,0.6904,4,0.1999,0.8229,0.3096
2026-04-20,JPM,0.6044,0.1237,0.2719,8,0.4807,0.8301,0.7281
2026-04-20,META,0.0025,0.0002,0.9973,1,0.0023,0.919,0.0027
2026-04-20,MSFT,0.3957,0.3236,0.2807,8,0.0721,0.5501,0.7193
2026-04-20,TSLA,0.1713,0.0039,0.8248,5,0.1673,0.9775,0.1752
2026-04-20,UNH,0.3691,0.2663,0.3646,23,0.1028,0.5809,0.6354
2026-04-21,AAPL,0.0994,0.0212,0.8793,5,0.0782,0.8241,0.1207
2026-04-21,AMZN,0.2528,0.0002,0.7471,3,0.2526,0.9993,0.2529
2026-04-21,BRK-B,0.4273,0.0036,0.569,7,0.4237,0.9916,0.431
2026-04-21,GOOGL,0.0,0.0001,0.9999,1,-0.0001,0.0927,0.0001
2026-04-21,JPM,0.5132,0.1625,0.3243,46,0.3508,0.7596,0.6757
2026-04-21,META,0.5013,0.0001,0.4986,4,0.5012,0.9998,0.5014
2026-04-21,MSFT,0.7502,0.0268,0.223,4,0.7235,0.9655,0.777
2026-04-21,TSLA,0.3411,0.2899,0.369,3,0.0512,0.5406,0.631
2026-04-21,UNH,0.6075,0.0917,0.3008,115,0.5159,0.8689,0.6992
2026-04-22,AAPL,0.1526,0.3561,0.4913,5,-0.2035,0.3,0.5087
2026-04-22,AMZN,0.5079,0.0055,0.4865,2,0.5024,0.9893,0.5135
2026-04-22,BRK-B,0.2193,0.0753,0.7054,8,0.144,0.7444,0.2946
2026-04-22,GOOGL,0.9181,0.0,0.0819,2,0.918,1.0,0.9181
2026-04-22,JPM,0.336,0.0151,0.6488,25,0.3209,0.9569,0.3512
2026-04-22,MSFT,1.0,0.0,0.0,4,1.0,1.0,1.0
2026-04-22,TSLA,0.1246,0.3593,0.5161,4,-0.2347,0.2575,0.4839
2026-04-22,UNH,0.7823,0.1039,0.1139,39,0.6784,0.8828,0.8861
2026-04-23,AAPL,0.2594,0.2593,0.4813,4,0.0001,0.5,0.5187
2026-04-23,AMZN,0.6381,0.3334,0.0285,3,0.3048,0.6569,0.9715
2026-04-23,BRK-B,0.2001,0.0446,0.7553,5,0.1556,0.8179,0.2447
2026-04-23,GOOGL,0.0,0.0001,0.9999,1,-0.0001,0.08,0.0001
2026-04-23,JPM,0.3345,0.2242,0.4413,18,0.1103,0.5987,0.5587
2026-04-23,META,0.3304,0.0788,0.5908,6,0.2516,0.8074,0.4092
2026-04-23,MSFT,0.1729,0.1847,0.6424,6,-0.0117,0.4836,0.3576
2026-04-23,TSLA,0.252,0.3831,0.3649,8,-0.1311,0.3968,0.6351
2026-04-23,UNH,0.6102,0.0485,0.3413,21,0.5617,0.9264,0.6587
2026-04-24,AAPL,0.5,0.0007,0.4993,2,0.4994,0.9987,0.5007
2026-04-24,AMZN,0.4238,0.076,0.5003,6,0.3478,0.848,0.4997
2026-04-24,BRK-B,0.4001,0.0002,0.5997,5,0.3999,0.9995,0.4003
2026-04-24,GOOGL,0.0002,0.0001,0.9997,1,0.0,0.5438,0.0003
2026-04-24,JPM,0.2921,0.2375,0.4704,35,0.0546,0.5516,0.5296
2026-04-24,META,0.455,0.0007,0.5442,3,0.4543,0.9984,0.4558
2026-04-24,MSFT,0.0241,0.0086,0.9673,1,0.0155,0.7373,0.0327
2026-04-24,TSLA,0.2499,0.4365,0.3136,4,-0.1867,0.364,0.6864
2026-04-24,UNH,0.4979,0.1123,0.3898,18,0.3856,0.816,0.6102
2026-04-25,AMZN,0.0079,0.0271,0.965,2,-0.0191,0.2268,0.035
2026-04-25,BRK-B,0.226,0.293,0.481,9,-0.067,0.4354,0.519
2026-04-25,GOOGL,0.9999,0.0,0.0001,1,0.9999,1.0,0.9999
2026-04-25,JPM,0.2827,0.1059,0.6113,10,0.1768,0.7274,0.3887
2026-04-25,META,0.9852,0.0001,0.0147,1,0.9851,0.9999,0.9853
2026-04-25,MSFT,0.0,0.0,1.0,1,-0.0,0.4415,0.0
2026-04-25,TSLA,0.0,0.0007,0.9993,1,-0.0007,0.0151,0.0007
2026-04-25,UNH,0.5196,0.0002,0.4802,4,0.5195,0.9997,0.5198
2026-04-26,AMZN,0.3378,0.3331,0.3291,3,0.0048,0.5036,0.6709
2026-04-26,BRK-B,0.5862,0.0039,0.4098,5,0.5823,0.9933,0.5902
2026-04-26,GOOGL,0.0009,0.2352,0.764,1,-0.2343,0.0037,0.236
2026-04-26,JPM,0.3425,0.0097,0.6478,3,0.3328,0.9725,0.3522
2026-04-26,META,0.0001,0.0005,0.9994,2,-0.0005,0.0887,0.0006
2026-04-26,MSFT,0.6668,0.0,0.3332,3,0.6668,0.9999,0.6668
2026-04-26,TSLA,0.0029,0.3627,0.6344,3,-0.3598,0.0079,0.3656
2026-04-26,UNH,0.6836,0.003,0.3133,7,0.6806,0.9956,0.6867
2026-04-27,AAPL,0.1449,0.068,0.7871,7,0.0768,0.6804,0.2129
2026-04-27,AMZN,0.4795,0.002,0.5185,4,0.4775,0.9959,0.4815
2026-04-27,BRK-B,0.004,0.0002,0.9957,3,0.0038,0.9424,0.0043
2026-04-27,GOOGL,0.4994,0.0001,0.5005,4,0.4993,0.9998,0.4995
2026-04-27,JPM,0.1209,0.1667,0.7124,32,-0.0458,0.4203,0.2876
2026-04-27,META,0.056,0.1865,0.7575,2,-0.1305,0.2309,0.2425
2026-04-27,MSFT,0.0001,0.3479,0.652,3,-0.3478,0.0002,0.348
2026-04-27,TSLA,0.3688,0.1564,0.4748,76,0.2125,0.7023,0.5252
2026-04-27,UNH,0.7326,0.1201,0.1474,11,0.6125,0.8592,0.8526
2026-04-28,AAPL,0.4724,0.1673,0.3603,61,0.3051,0.7385,0.6397
2026-04-28,AMZN,0.3595,0.1145,0.526,9,0.245,0.7584,0.474
2026-04-28,BRK-B,0.3257,0.0499,0.6244,7,0.2757,0.8671,0.3756
2026-04-28,GOOGL,0.3334,0.3333,0.3333,3,0.0001,0.5,0.6667
2026-04-28,JPM,0.2349,0.3055,0.4597,30,-0.0706,0.4347,0.5403
2026-04-28,META,0.4947,0.0,0.5052,4,0.4947,0.9999,0.4948
2026-04-28,MSFT,0.6423,0.0,0.3577,5,0.6422,0.9999,0.6423
2026-04-28,TSLA,0.2234,0.3529,0.4237,51,-0.1294,0.3877,0.5763
2026-04-28,UNH,0.667,0.065,0.268,15,0.602,0.9112,0.732
2026-04-29,AAPL,0.4372,0.095,0.4679,55,0.3422,0.8216,0.5321
2026-04-29,AMZN,0.5293,0.2075,0.2632,67,0.3218,0.7183,0.7368
2026-04-29,BRK-B,0.1572,0.0148,0.828,6,0.1425,0.9142,0.172
2026-04-29,GOOGL,0.6089,0.1213,0.2698,33,0.4876,0.8339,0.7302
2026-04-29,JPM,0.1981,0.3144,0.4875,26,-0.1164,0.3865,0.5125
2026-04-29,META,0.431,0.2789,0.29,49,0.1521,0.6071,0.71
2026-04-29,MSFT,0.4468,0.18,0.3731,59,0.2668,0.7128,0.6269
2026-04-29,TSLA,0.2469,0.2087,0.5444,58,0.0381,0.5418,0.4556
2026-04-29,UNH,0.3969,0.001,0.6021,7,0.396,0.9976,0.3979
2026-04-30,AAPL,0.543,0.1395,0.3175,128,0.4035,0.7956,0.6825
2026-04-30,AMZN,0.598,0.1809,0.2212,196,0.4171,0.7678,0.7788
2026-04-30,BRK-B,0.1028,0.0908,0.8064,10,0.012,0.531,0.1936
2026-04-30,GOOGL,0.5914,0.1703,0.2383,224,0.4211,0.7764,0.7617
2026-04-30,JPM,0.3428,0.2648,0.3924,19,0.078,0.5642,0.6076
2026-04-30,META,0.4724,0.2866,0.241,226,0.1858,0.6224,0.759
2026-04-30,MSFT,0.6016,0.205,0.1933,199,0.3966,0.7458,0.8067
2026-04-30,TSLA,0.481,0.1734,0.3456,58,0.3076,0.7351,0.6544
2026-04-30,UNH,0.2892,0.1306,0.5802,7,0.1587,0.689,0.4198
2026-05-01,AAPL,0.6413,0.0909,0.2678,11,0.5503,0.8758,0.7322
2026-05-01,AMZN,0.5001,0.0,0.4999,2,0.5001,1.0,0.5001
2026-05-01,BRK-B,0.0682,0.3168,0.615,15,-0.2486,0.1772,0.385
2026-05-01,GOOGL,0.1774,0.1665,0.656,6,0.0109,0.5158,0.344
2026-05-01,META,0.2686,0.2282,0.5032,8,0.0405,0.5407,0.4968
2026-05-01,MSFT,0.713,0.2481,0.0389,7,0.465,0.7419,0.9611
2026-05-01,TSLA,0.1678,0.1331,0.6992,6,0.0347,0.5577,0.3008
2026-05-01,UNH,0.6747,0.0001,0.3252,9,0.6745,0.9998,0.6748
2026-05-02,AAPL,0.9954,0.0001,0.0045,2,0.9953,0.9999,0.9955
2026-05-02,BRK-B,0.0003,0.2553,0.7444,4,-0.2549,0.0012,0.2556
2026-05-02,GOOGL,1.0,0.0,0.0,1,1.0,1.0,1.0
2026-05-02,JPM,1.0,0.0,0.0,1,1.0,1.0,1.0
2026-05-02,MSFT,0.5,0.0,0.5,2,0.4999,0.9999,0.5
2026-05-02,UNH,0.0012,0.4027,0.5962,3,-0.4015,0.0029,0.4038
2026-05-03,AAPL,0.7655,0.0406,0.194,1,0.7249,0.9497,0.806
2026-05-03,AMZN,1.0,0.0,0.0,1,1.0,1.0,1.0
2026-05-03,BRK-B,0.1116,0.1293,0.7591,9,-0.0177,0.4632,0.2409
2026-05-03,GOOGL,0.9996,0.0003,0.0002,2,0.9993,0.9997,0.9998
2026-05-03,JPM,0.1062,0.0683,0.8255,2,0.038,0.6088,0.1745
2026-05-03,META,0.5007,0.4491,0.0502,2,0.0516,0.5272,0.9498
2026-05-03,UNH,0.0,1.0,0.0,1,-1.0,0.0,1.0
2026-05-04,AAPL,0.5326,0.0041,0.4633,2,0.5285,0.9924,0.5367
2026-05-04,AMZN,0.4131,0.0011,0.5859,5,0.412,0.9974,0.4141
2026-05-04,BRK-B,0.3294,0.1108,0.5597,16,0.2186,0.7482,0.4403
2026-05-04,GOOGL,0.4981,0.0004,0.5014,2,0.4977,0.9991,0.4986
2026-05-04,JPM,0.6793,0.0001,0.3206,2,0.6792,0.9999,0.6794
2026-05-04,META,0.0,0.0002,0.9998,2,-0.0002,0.0922,0.0002
2026-05-04,MSFT,0.713,0.1389,0.1481,4,0.5741,0.837,0.8519
2026-05-04,TSLA,0.0,0.0,1.0,1,-0.0,0.0349,0.0
2026-05-04,UNH,0.3075,0.2053,0.4872,10,0.1022,0.5997,0.5128
2026-05-05,AAPL,0.9816,0.0,0.0183,2,0.9816,1.0,0.9817
2026-05-05,AMZN,0.9994,0.0,0.0006,1,0.9994,1.0,0.9994
2026-05-05,BRK-B,0.3102,0.3413,0.3485,6,-0.0311,0.4761,0.6515
2026-05-05,JPM,0.0,0.0001,0.9999,2,-0.0001,0.1891,0.0001
2026-05-05,META,0.2188,0.4912,0.29,1,-0.2724,0.3082,0.71
2026-05-05,UNH,0.26,0.1672,0.5729,22,0.0928,0.6086,0.4271
2026-05-06,AAPL,0.5059,0.0001,0.494,2,0.5058,0.9998,0.506
2026-05-06,AMZN,1.0,0.0,0.0,1,1.0,1.0,1.0
2026-05-06,BRK-B,0.53,0.126,0.344,8,0.4039,0.8079,0.656
2026-05-06,META,0.3244,0.0008,0.6748,2,0.3236,0.9976,0.3252
2026-05-06,MSFT,0.7698,0.0014,0.2289,1,0.7684,0.9982,0.7711
2026-05-06,TSLA,0.0,0.0007,0.9993,1,-0.0007,0.0524,0.0007
2026-05-06,UNH,0.8335,0.0,0.1665,6,0.8335,1.0,0.8335
2026-05-07,AAPL,1.0,0.0,0.0,1,1.0,1.0,1.0
2026-05-07,AMZN,0.5,0.0,0.5,2,0.5,1.0,0.5
2026-05-07,BRK-B,0.6665,0.0,0.3335,3,0.6665,1.0,0.6665
2026-05-07,GOOGL,0.6656,0.0,0.3343,3,0.6656,1.0,0.6657
2026-05-07,JPM,0.0098,0.0001,0.9901,1,0.0097,0.9936,0.0099
2026-05-07,META,1.0,0.0,0.0,1,1.0,1.0,1.0
2026-05-07,MSFT,0.294,0.2419,0.4642,3,0.0521,0.5486,0.5358
2026-05-07,TSLA,0.0028,0.5058,0.4914,2,-0.503,0.0055,0.5086
2026-05-07,UNH,0.6224,0.1735,0.2041,5,0.4489,0.782,0.7959
2026-05-08,AAPL,0.363,0.0006,0.6364,3,0.3624,0.9983,0.3636
2026-05-08,AMZN,0.6657,0.0003,0.334,3,0.6654,0.9996,0.666
2026-05-08,BRK-B,0.4999,0.0389,0.4612,6,0.461,0.9278,0.5388
2026-05-08,GOOGL,0.0,0.9822,0.0178,1,-0.9822,0.0,0.9822
2026-05-08,JPM,0.9999,0.0,0.0001,2,0.9999,1.0,0.9999
2026-05-08,UNH,0.0459,0.0,0.9541,1,0.0459,0.9995,0.0459
2026-05-09,AAPL,0.0,0.0049,0.9951,1,-0.0049,0.0025,0.0049
2026-05-09,AMZN,0.5203,0.0203,0.4594,2,0.5,0.9624,0.5406
2026-05-09,BRK-B,0.1655,0.016,0.8184,6,0.1495,0.9118,0.1816
2026-05-09,TSLA,1.0,0.0,0.0,1,1.0,1.0,1.0
2026-05-09,UNH,0.9591,0.004,0.037,3,0.9551,0.9959,0.963
2026-05-10,AAPL,0.0001,0.0012,0.9987,1,-0.0011,0.064,0.0013
2026-05-10,AMZN,0.3003,0.0004,0.6993,2,0.2999,0.9987,0.3007
2026-05-10,BRK-B,0.3342,0.0205,0.6454,3,0.3137,0.9423,0.3546
2026-05-10,GOOGL,0.1262,0.0017,0.8721,1,0.1245,0.9867,0.1279
2026-05-10,META,0.5001,0.0027,0.4972,2,0.4974,0.9946,0.5028
2026-05-11,AAPL,0.6718,0.2465,0.0817,3,0.4253,0.7316,0.9183
2026-05-11,BRK-B,0.5866,0.0001,0.4133,3,0.5865,0.9998,0.5867
2026-05-11,GOOGL,0.5,0.0,0.5,2,0.5,0.9999,0.5
2026-05-11,JPM,0.0002,0.0001,0.9997,2,0.0002,0.8099,0.0003
2026-05-11,UNH,0.8351,0.0004,0.1645,7,0.8347,0.9995,0.8355
2026-05-12,AAPL,0.1527,0.4481,0.3992,2,-0.2953,0.2542,0.6008
2026-05-12,BRK-B,0.0008,0.2153,0.7839,4,-0.2145,0.0037,0.2161
2026-05-12,GOOGL,1.0,0.0,0.0,1,1.0,1.0,1.0
2026-05-12,JPM,0.2927,0.1588,0.5485,4,0.134,0.6484,0.4515
2026-05-12,MSFT,0.0,0.9998,0.0002,1,-0.9998,0.0,0.9998
2026-05-12,UNH,0.3337,0.0995,0.5668,10,0.2342,0.7703,0.4332
2026-05-13,AAPL,0.9999,0.0001,0.0,2,0.9998,0.9999,1.0
2026-05-13,BRK-B,0.0,0.0003,0.9997,2,-0.0003,0.136,0.0003
2026-05-13,GOOGL,0.3344,0.3311,0.3345,3,0.0034,0.5025,0.6655
2026-05-13,JPM,0.0981,0.0031,0.8988,3,0.095,0.9693,0.1012
2026-05-13,META,0.9967,0.0001,0.0032,2,0.9967,0.9999,0.9968
2026-05-13,MSFT,0.3335,0.3434,0.323,3,-0.0099,0.4927,0.677
2026-05-13,TSLA,0.4723,0.002,0.5257,2,0.4704,0.9959,0.4743
2026-05-13,UNH,0.335,0.2573,0.4077,15,0.0777,0.5656,0.5923
2026-05-14,AAPL,0.6667,0.0001,0.3332,3,0.6665,0.9998,0.6668
2026-05-14,AMZN,0.3333,0.0,0.6667,3,0.3333,1.0,0.3333
2026-05-14,BRK-B,0.0594,0.0858,0.8547,4,-0.0264,0.4092,0.1453
2026-05-14,GOOGL,0.4431,0.5548,0.0021,1,-0.1116,0.4441,0.9979
2026-05-14,JPM,0.0,0.9999,0.0001,1,-0.9999,0.0,0.9999
2026-05-14,MSFT,1.0,0.0,0.0,1,1.0,1.0,1.0
2026-05-14,UNH,0.5807,0.0006,0.4187,19,0.5801,0.9989,0.5813
2026-05-15,BRK-B,0.2283,0.0024,0.7693,4,0.226,0.9897,0.2307
2026-05-15,GOOGL,0.5001,0.0001,0.4997,2,0.5,0.9997,0.5003
2026-05-15,MSFT,0.3333,0.0,0.6666,3,0.3333,0.9999,0.3334
2026-05-15,TSLA,0.0002,0.4391,0.5607,1,-0.439,0.0004,0.4393
2026-05-15,UNH,0.1586,0.0001,0.8412,14,0.1585,0.9993,0.1588
2026-05-16,BRK-B,0.3709,0.0044,0.6247,2,0.3665,0.9883,0.3753
2026-05-16,JPM,0.9998,0.0,0.0002,1,0.9998,1.0,0.9998
2026-05-16,MSFT,0.0,0.0222,0.9778,1,-0.0221,0.0016,0.0222
2026-05-16,UNH,0.6855,0.0022,0.3123,4,0.6833,0.9968,0.6877
2026-05-17,BRK-B,0.0,0.0,1.0,1,0.0,0.6193,0.0
2026-05-17,GOOGL,0.3333,0.001,0.6657,3,0.3323,0.997,0.3343
2026-05-17,MSFT,0.0009,0.0158,0.9833,1,-0.0149,0.0561,0.0167
2026-05-17,UNH,0.0901,0.0273,0.8826,6,0.0628,0.7677,0.1174
2026-05-18,AAPL,0.0033,0.3289,0.6678,2,-0.3256,0.01,0.3322
2026-05-18,AMZN,0.9952,0.0,0.0048,1,0.9952,1.0,0.9952
2026-05-18,BRK-B,0.1343,0.0802,0.7855,23,0.054,0.6259,0.2145
2026-05-18,GOOGL,0.6667,0.0001,0.3333,3,0.6666,0.9999,0.6667
2026-05-18,JPM,0.448,0.0005,0.5515,3,0.4475,0.9989,0.4485
2026-05-18,META,0.0,0.0,1.0,2,-0.0,0.2282,0.0
2026-05-18,MSFT,0.1773,0.0003,0.8224,2,0.177,0.9982,0.1776
2026-05-18,UNH,0.2004,0.3392,0.4603,49,-0.1388,0.3714,0.5397
2026-05-19,AAPL,0.0013,0.0004,0.9984,1,0.0009,0.7731,0.0016
2026-05-19,AMZN,0.0,0.3332,0.6668,3,-0.3332,0.0,0.3332
2026-05-19,BRK-B,0.1538,0.0785,0.7677,13,0.0753,0.6621,0.2323
2026-05-19,GOOGL,0.0079,0.0014,0.9907,3,0.0064,0.8454,0.0093
2026-05-19,JPM,0.6667,0.0,0.3333,3,0.6667,1.0,0.6667
2026-05-19,META,0.0001,0.0013,0.9987,1,-0.0012,0.0396,0.0013
2026-05-19,TSLA,0.5039,0.181,0.3151,2,0.3229,0.7357,0.6849
2026-05-19,UNH,0.2129,0.202,0.5851,10,0.0109,0.5131,0.4149
2026-05-20,AAPL,1.0,0.0,0.0,1,1.0,1.0,1.0
2026-05-20,GOOGL,0.4929,0.005,0.5022,2,0.4879,0.99,0.4978
2026-05-20,JPM,0.5458,0.0071,0.4471,14,0.5387,0.9872,0.5529
2026-05-20,META,0.5037,0.0001,0.4963,2,0.5036,0.9999,0.5037
2026-05-20,MSFT,0.4929,0.0001,0.507,2,0.4929,0.9998,0.493
2026-05-20,TSLA,0.0004,0.0006,0.999,4,-0.0002,0.3843,0.001
2026-05-20,UNH,0.8335,0.1194,0.0472,6,0.7141,0.8747,0.9528
2026-05-21,AAPL,0.5,0.0,0.5,2,0.5,1.0,0.5
2026-05-21,AMZN,0.9999,0.0,0.0001,1,0.9999,1.0,0.9999
2026-05-21,BRK-B,0.4016,0.0054,0.593,6,0.3962,0.9867,0.407
2026-05-21,JPM,0.2968,0.208,0.4952,37,0.0888,0.588,0.5048
2026-05-21,META,0.0032,0.4998,0.497,2,-0.4967,0.0063,0.503
2026-05-21,MSFT,1.0,0.0,0.0,1,1.0,1.0,1.0
2026-05-21,TSLA,0.0,0.0153,0.9847,1,-0.0152,0.0026,0.0153
2026-05-21,UNH,0.4952,0.1713,0.3336,6,0.3239,0.743,0.6664
2026-05-22,AMZN,0.2704,0.2583,0.4713,4,0.0121,0.5115,0.5287
2026-05-22,BRK-B,0.214,0.2498,0.5362,4,-0.0358,0.4614,0.4638
2026-05-22,GOOGL,0.0037,0.0051,0.9912,3,-0.0013,0.4237,0.0088
2026-05-22,JPM,0.2227,0.1519,0.6254,28,0.0708,0.5945,0.3746
2026-05-22,META,0.0085,0.8491,0.1424,1,-0.8406,0.0099,0.8576
2026-05-22,MSFT,0.0,1.0,0.0,2,-1.0,0.0,1.0
2026-05-22,TSLA,0.9998,0.0,0.0002,1,0.9998,1.0,0.9998
2026-05-22,UNH,0.6114,0.0078,0.3808,13,0.6036,0.9875,0.6192
2026-05-23,BRK-B,0.0,0.2452,0.7548,3,-0.2452,0.0001,0.2452
2026-05-23,GOOGL,0.9999,0.0,0.0001,1,0.9999,1.0,0.9999
2026-05-23,JPM,0.122,0.3229,0.5551,9,-0.2009,0.2743,0.4449
2026-05-23,TSLA,0.0,0.9988,0.0012,1,-0.9988,0.0,0.9988
2026-05-23,UNH,0.4992,0.0004,0.5004,2,0.4988,0.9993,0.4996
2026-05-24,AAPL,0.0,0.0002,0.9998,1,-0.0002,0.1118,0.0002
2026-05-24,AMZN,0.0001,0.0023,0.9976,3,-0.0022,0.0287,0.0024
2026-05-24,BRK-B,0.0,0.0001,0.9999,2,-0.0,0.0546,0.0001
2026-05-24,JPM,0.4431,0.0728,0.4841,6,0.3703,0.8589,0.5159
2026-05-24,META,0.0,0.0154,0.9846,1,-0.0154,0.0008,0.0154
2026-05-24,MSFT,1.0,0.0,0.0,1,1.0,1.0,1.0
2026-05-24,UNH,0.3456,0.0004,0.654,5,0.3453,0.999,0.346
2026-05-25,AAPL,0.3393,0.13,0.5307,17,0.2092,0.7229,0.4693
2026-05-25,AMZN,0.5,0.0,0.5,2,0.5,1.0,0.5
2026-05-25,BRK-B,0.6651,0.0007,0.3342,3,0.6645,0.999,0.6658
2026-05-25,GOOGL,0.5302,0.0001,0.4697,2,0.53,0.9997,0.5303
2026-05-25,JPM,0.4599,0.0386,0.5016,17,0.4213,0.9226,0.4984
2026-05-25,UNH,0.0,0.0003,0.9997,1,-0.0003,0.0005,0.0003
2026-05-26,AAPL,0.4239,0.1775,0.3986,75,0.2464,0.7048,0.6014
2026-05-26,AMZN,0.4994,0.0,0.5006,2,0.4994,1.0,0.4994
2026-05-26,BRK-B,0.3996,0.0036,0.5969,5,0.396,0.9911,0.4031
2026-05-26,JPM,0.4681,0.056,0.4759,24,0.4121,0.8931,0.5241
2026-05-26,META,0.496,0.1615,0.3425,27,0.3345,0.7544,0.6575
2026-05-26,MSFT,0.0009,0.9988,0.0003,1,-0.9979,0.0009,0.9997
2026-05-26,TSLA,0.3904,0.1274,0.4821,43,0.263,0.7539,0.5179
2026-05-26,UNH,0.3384,0.0756,0.586,17,0.2628,0.8174,0.414
2026-05-27,AAPL,0.509,0.2279,0.2632,50,0.2811,0.6908,0.7368
2026-05-27,AMZN,0.6667,0.0,0.3333,6,0.6667,1.0,0.6667
2026-05-27,BRK-B,0.2667,0.2355,0.4978,7,0.0312,0.5311,0.5022
2026-05-27,GOOGL,0.4243,0.2192,0.3564,14,0.2051,0.6593,0.6436
2026-05-27,JPM,0.2248,0.1942,0.581,53,0.0307,0.5366,0.419
2026-05-27,META,0.4499,0.0865,0.4636,64,0.3633,0.8387,0.5364
2026-05-27,MSFT,0.0106,0.0028,0.9866,1,0.0078,0.7897,0.0134
2026-05-27,TSLA,0.566,0.1291,0.305,63,0.4369,0.8143,0.695
2026-05-27,UNH,0.4126,0.0431,0.5443,12,0.3695,0.9054,0.4557
2026-05-28,AAPL,0.3996,0.1908,0.4096,48,0.2088,0.6768,0.5904
2026-05-28,AMZN,0.459,0.1078,0.4332,106,0.3512,0.8098,0.5668
2026-05-28,BRK-B,0.2667,0.2456,0.4877,4,0.0212,0.5207,0.5123
2026-05-28,GOOGL,0.352,0.1428,0.5052,93,0.2093,0.7115,0.4948
2026-05-28,JPM,0.5288,0.0307,0.4406,26,0.4981,0.9452,0.5594
2026-05-28,META,0.4188,0.1556,0.4257,66,0.2632,0.7291,0.5743
2026-05-28,MSFT,0.5276,0.178,0.2943,97,0.3496,0.7477,0.7057
2026-05-28,TSLA,0.2296,0.2665,0.5039,52,-0.0369,0.4628,0.4961
2026-05-28,UNH,0.4205,0.0206,0.5589,15,0.3999,0.9533,0.4411
2026-05-29,AAPL,0.5384,0.1413,0.3203,33,0.3971,0.7921,0.6797
2026-05-29,AMZN,0.4433,0.2096,0.3471,83,0.2337,0.679,0.6529
2026-05-29,BRK-B,0.1549,0.0008,0.8442,2,0.1541,0.9946,0.1558
2026-05-29,GOOGL,0.424,0.1888,0.3873,91,0.2352,0.6919,0.6127
2026-05-29,JPM,0.2658,0.1529,0.5813,32,0.1128,0.6347,0.4187
2026-05-29,META,0.2789,0.1653,0.5558,51,0.1136,0.6279,0.4442
2026-05-29,MSFT,0.5341,0.1072,0.3587,100,0.427,0.8329,0.6413
2026-05-29,TSLA,0.3841,0.2229,0.393,59,0.1612,0.6328,0.607
2026-05-29,UNH,0.0854,0.286,0.6286,15,-0.2006,0.23,0.3714
2026-05-30,AAPL,0.4042,0.0367,0.5591,16,0.3676,0.9168,0.4409
2026-05-30,AMZN,0.3463,0.1929,0.4607,37,0.1534,0.6422,0.5393
2026-05-30,BRK-B,0.0005,0.0033,0.9962,1,-0.0028,0.1354,0.0038
2026-05-30,GOOGL,0.298,0.1172,0.5848,31,0.1809,0.7178,0.4152
2026-05-30,JPM,0.3088,0.1333,0.5579,9,0.1755,0.6985,0.4421
2026-05-30,META,0.2311,0.2555,0.5134,32,-0.0244,0.475,0.4866
2026-05-30,MSFT,0.4329,0.1643,0.4028,34,0.2686,0.7249,0.5972
2026-05-30,TSLA,0.3268,0.0116,0.6616,16,0.3152,0.9657,0.3384
2026-05-30,UNH,1.0,0.0,0.0,1,1.0,1.0,1.0
2026-05-31,AAPL,0.4528,0.1938,0.3533,15,0.259,0.7003,0.6467
2026-05-31,AMZN,0.5206,0.1725,0.3069,29,0.3481,0.7511,0.6931
2026-05-31,BRK-B,0.9979,0.0012,0.0008,1,0.9967,0.9988,0.9992
2026-05-31,GOOGL,0.4395,0.2358,0.3246,24,0.2037,0.6508,0.6754
2026-05-31,JPM,0.693,0.1095,0.1975,12,0.5834,0.8635,0.8025
2026-05-31,META,0.5678,0.1247,0.3075,23,0.4431,0.8199,0.6925
2026-05-31,MSFT,0.5665,0.0921,0.3414,24,0.4744,0.8602,0.6586
2026-05-31,TSLA,0.338,0.2021,0.4599,20,0.1358,0.6257,0.5401
2026-05-31,UNH,1.0,0.0,0.0,1,1.0,1.0,1.0
2026-06-01,AAPL,0.014,0.0004,0.9857,1,0.0136,0.9746,0.0143
2026-06-01,AMZN,0.1498,0.1781,0.672,3,-0.0283,0.4569,0.328
2026-06-01,BRK-B,0.1014,0.1136,0.785,12,-0.0121,0.4718,0.215
2026-06-01,GOOGL,0.2079,0.2608,0.5313,2,-0.0529,0.4435,0.4687
2026-06-01,JPM,0.6293,0.3535,0.0172,3,0.2758,0.6403,0.9828
2026-06-01,META,0.0004,0.0376,0.9621,1,-0.0372,0.0093,0.0379
2026-06-01,MSFT,0.0009,0.0293,0.9698,3,-0.0284,0.0304,0.0302
2026-06-01,TSLA,0.7077,0.242,0.0503,2,0.4657,0.7452,0.9497
2026-06-01,UNH,0.7475,0.1831,0.0694,12,0.5644,0.8033,0.9306
2026-06-02,BRK-B,0.2203,0.0438,0.7358,16,0.1765,0.8341,0.2642
2026-06-02,UNH,0.639,0.223,0.138,9,0.416,0.7413,0.862
2026-06-03,AMZN,0.0,0.0,1.0,1,-0.0,0.1362,0.0
2026-06-03,BRK-B,0.3092,0.0037,0.6871,9,0.3055,0.9882,0.3129
2026-06-03,JPM,0.0062,0.001,0.9928,2,0.0052,0.8584,0.0072
2026-06-03,META,0.0478,0.0,0.9522,1,0.0478,0.9994,0.0478
2026-06-03,UNH,0.2553,0.1365,0.6082,12,0.1189,0.6517,0.3918
2026-06-04,BRK-B,0.1418,0.3019,0.5563,7,-0.1601,0.3196,0.4437
2026-06-04,JPM,0.3581,0.0009,0.641,3,0.3572,0.9975,0.359
2026-06-04,UNH,0.6313,0.1447,0.224,53,0.4866,0.8136,0.776
2026-06-05,AAPL,0.0,0.0,1.0,1,-0.0,0.203,0.0
2026-06-05,AMZN,0.0,0.0001,0.9998,1,-0.0001,0.0212,0.0002
2026-06-05,BRK-B,0.0859,0.0011,0.913,10,0.0848,0.9878,0.087
2026-06-05,JPM,0.3334,0.3332,0.3334,3,0.0002,0.5002,0.6666
2026-06-05,META,0.0,0.0008,0.9992,2,-0.0008,0.0066,0.0008
2026-06-05,TSLA,0.024,0.01,0.966,1,0.014,0.7066,0.034
2026-06-05,UNH,0.5469,0.0927,0.3604,23,0.4541,0.855,0.6396
2026-06-06,AAPL,0.0001,0.0004,0.9995,1,-0.0003,0.2533,0.0005
2026-06-06,AMZN,0.0001,0.0008,0.9992,2,-0.0007,0.0873,0.0008
2026-06-06,BRK-B,0.0,0.0,1.0,4,-0.0,0.0799,0.0
2026-06-06,TSLA,0.0001,0.0004,0.9995,1,-0.0003,0.2533,0.0005
2026-06-06,UNH,0.3343,0.0,0.6657,3,0.3343,0.9999,0.3343
2026-06-07,AAPL,0.0013,0.9742,0.0245,1,-0.9729,0.0013,0.9755
2026-06-07,AMZN,0.0,0.0,1.0,1,-0.0,0.0044,0.0
2026-06-07,BRK-B,0.0658,0.25,0.6842,4,-0.1843,0.2082,0.3158
2026-06-07,UNH,1.0,0.0,0.0,1,1.0,1.0,1.0
2026-06-08,BRK-B,0.1695,0.0025,0.828,6,0.167,0.9854,0.172
2026-06-08,TSLA,0.0,0.0,1.0,1,0.0,0.6885,0.0
2026-06-08,UNH,0.6853,0.0,0.3146,7,0.6853,1.0,0.6854
2026-06-09,AAPL,0.039,0.4429,0.5181,3,-0.4038,0.081,0.4819
2026-06-09,AMZN,0.0,0.3248,0.6752,1,-0.3248,0.0,0.3248
2026-06-09,BRK-B,0.1669,0.0004,0.8326,6,0.1665,0.9973,0.1674
2026-06-09,JPM,0.0003,0.0,0.9997,2,0.0002,0.858,0.0003
2026-06-09,TSLA,0.0,0.3248,0.6752,1,-0.3248,0.0,0.3248
2026-06-09,UNH,0.6525,0.001,0.3465,9,0.6515,0.9985,0.6535
2026-06-10,AAPL,0.2871,0.0124,0.7005,5,0.2747,0.9586,0.2995
2026-06-10,BRK-B,0.2494,0.2111,0.5395,8,0.0383,0.5416,0.4605
2026-06-10,GOOGL,0.5866,0.3039,0.1095,1,0.2827,0.6587,0.8905
2026-06-10,JPM,0.0005,0.0021,0.9975,1,-0.0016,0.1789,0.0025
2026-06-10,TSLA,0.038,0.9197,0.0423,1,-0.8818,0.0397,0.9577
2026-06-10,UNH,0.2729,0.005,0.7222,11,0.2679,0.9821,0.2778
2026-06-11,AAPL,0.3314,0.0019,0.6667,3,0.3296,0.9943,0.3333
2026-06-11,BRK-B,0.4998,0.0,0.5002,4,0.4998,1.0,0.4998
2026-06-11,GOOGL,0.3334,0.333,0.3336,3,0.0004,0.5003,0.6664
2026-06-11,JPM,0.3335,0.0048,0.6617,3,0.3288,0.9859,0.3383
2026-06-11,TSLA,0.0,0.0,1.0,1,0.0,0.5427,0.0
2026-06-11,UNH,0.4098,0.2438,0.3464,10,0.166,0.627,0.6536
2026-06-12,AAPL,0.3113,0.2008,0.4879,5,0.1105,0.6079,0.5121
2026-06-12,BRK-B,0.1735,0.0015,0.825,4,0.172,0.9913,0.175
2026-06-12,GOOGL,1.0,0.0,0.0,1,1.0,1.0,1.0
2026-06-12,JPM,0.0,0.0001,0.9999,1,-0.0001,0.1284,0.0001
2026-06-12,META,0.0004,0.1603,0.8393,1,-0.1599,0.0025,0.1607
2026-06-12,UNH,0.484,0.0023,0.5137,4,0.4817,0.9953,0.4863
2026-06-13,AAPL,0.0,0.0034,0.9966,1,-0.0034,0.0032,0.0034
2026-06-13,BRK-B,0.0001,0.0239,0.9759,6,-0.0238,0.0048,0.0241
2026-06-13,GOOGL,0.4984,0.0014,0.5002,6,0.497,0.9972,0.4998
2026-06-13,JPM,0.6164,0.0135,0.3702,2,0.6029,0.9786,0.6298
2026-06-13,META,0.8991,0.0241,0.0769,4,0.875,0.9739,0.9231
2026-06-13,UNH,0.7197,0.0,0.2803,4,0.7197,1.0,0.7197
2026-06-14,AAPL,0.0,0.003,0.9969,1,-0.003,0.0032,0.0031
2026-06-14,BRK-B,0.0,0.003,0.9969,1,-0.003,0.0032,0.0031
2026-06-14,META,0.0081,0.1966,0.7954,3,-0.1885,0.0394,0.2046
2026-06-14,UNH,0.0,0.0058,0.9942,1,-0.0058,0.0034,0.0058
2026-06-15,AAPL,0.2845,0.0253,0.6902,7,0.2592,0.9183,0.3098
2026-06-15,AMZN,0.1169,0.0068,0.8764,4,0.1101,0.9452,0.1236
2026-06-15,BRK-B,0.0556,0.2779,0.6664,5,-0.2223,0.1668,0.3336
2026-06-15,GOOGL,0.48,0.0868,0.4332,1,0.3932,0.8469,0.5668
2026-06-15,JPM,0.5,0.0094,0.4906,2,0.4905,0.9815,0.5094
2026-06-15,META,0.324,0.0094,0.6666,11,0.3147,0.9719,0.3334
2026-06-15,MSFT,0.9993,0.0,0.0007,3,0.9992,1.0,0.9993
2026-06-15,TSLA,0.1668,0.0629,0.7704,6,0.1039,0.7263,0.2296
2026-06-15,UNH,0.3404,0.0039,0.6558,10,0.3365,0.9888,0.3442
2026-06-16,AAPL,0.2929,0.2823,0.4248,7,0.0105,0.5092,0.5752
2026-06-16,AMZN,0.2037,0.005,0.7913,5,0.1988,0.9761,0.2087
2026-06-16,BRK-B,0.3334,0.0025,0.6641,6,0.331,0.9926,0.3359
2026-06-16,GOOGL,0.5,0.4896,0.0104,2,0.0104,0.5053,0.9896
2026-06-16,JPM,0.1936,0.0017,0.8046,5,0.1919,0.9912,0.1954
2026-06-16,META,0.626,0.0002,0.3738,3,0.6259,0.9998,0.6262
2026-06-16,MSFT,0.0004,0.5003,0.4994,2,-0.4999,0.0008,0.5006
2026-06-16,TSLA,0.1586,0.1273,0.7141,4,0.0312,0.5546,0.2859
2026-06-16,UNH,0.0007,0.3439,0.6554,3,-0.3432,0.002,0.3446
2026-06-17,AAPL,0.2263,0.0052,0.7685,5,0.2211,0.9775,0.2315
2026-06-17,AMZN,0.4869,0.0029,0.5103,4,0.484,0.9942,0.4897
2026-06-17,BRK-B,1.0,0.0,0.0,2,1.0,1.0,1.0
2026-06-17,GOOGL,0.5766,0.0072,0.4163,2,0.5694,0.9877,0.5837
2026-06-17,JPM,0.1036,0.368,0.5284,3,-0.2644,0.2197,0.4716
2026-06-17,META,0.3197,0.3563,0.324,6,-0.0366,0.4729,0.676
2026-06-17,MSFT,0.4277,0.5621,0.0102,7,-0.1344,0.4321,0.9898
2026-06-17,TSLA,0.9992,0.0003,0.0005,1,0.999,0.9997,0.9995
2026-06-17,UNH,0.2501,0.3434,0.4065,8,-0.0934,0.4214,0.5935
2026-06-18,AAPL,1.0,0.0,0.0,1,1.0,1.0,1.0
2026-06-18,AMZN,0.3779,0.2422,0.3798,8,0.1357,0.6094,0.6202
2026-06-18,BRK-B,0.0,0.0021,0.9978,1,-0.0021,0.0088,0.0022
2026-06-18,GOOGL,0.4528,0.0009,0.5463,4,0.4519,0.998,0.4537
2026-06-18,JPM,0.2001,0.0972,0.7027,5,0.1029,0.6731,0.2973
2026-06-18,META,0.2933,0.0443,0.6624,2,0.249,0.8689,0.3376
2026-06-18,MSFT,0.5,0.5,0.0,2,0.0,0.5,1.0
2026-06-18,TSLA,0.3522,0.0097,0.6381,3,0.3425,0.9732,0.3619
2026-06-18,UNH,0.1433,0.4314,0.4253,7,-0.2881,0.2493,0.5747
2026-06-19,AAPL,0.3216,0.1727,0.5057,3,0.149,0.6507,0.4943
2026-06-19,AMZN,0.5046,0.0437,0.4516,4,0.4609,0.9202,0.5484
2026-06-19,BRK-B,0.0857,0.25,0.6644,5,-0.1643,0.2553,0.3356
2026-06-19,GOOGL,0.3431,0.3012,0.3557,3,0.0418,0.5325,0.6443
2026-06-19,JPM,0.0001,0.0006,0.9993,1,-0.0004,0.1781,0.0007
2026-06-19,TSLA,0.5012,0.0021,0.4967,2,0.4991,0.9958,0.5033
2026-06-19,UNH,0.0137,0.0098,0.9764,3,0.0039,0.5828,0.0236
2026-06-20,BRK-B,0.0,0.0,1.0,1,-0.0,0.1749,0.0
2026-06-20,GOOGL,0.0,0.0001,0.9999,1,-0.0,0.3928,0.0001
2026-06-20,META,0.0034,0.0094,0.9872,1,-0.006,0.264,0.0128
2026-06-20,MSFT,0.1729,0.8248,0.0023,1,-0.6519,0.1733,0.9977
2026-06-20,UNH,0.6567,0.0298,0.3134,4,0.6269,0.9566,0.6866
2026-06-21,AAPL,0.4062,0.0009,0.5929,1,0.4053,0.9978,0.4071
2026-06-21,AMZN,0.334,0.1881,0.4779,3,0.146,0.6398,0.5221
2026-06-21,GOOGL,0.483,0.0025,0.5145,2,0.4804,0.9948,0.4855
2026-06-21,JPM,0.3334,0.3323,0.3342,3,0.0011,0.5008,0.6658
2026-06-21,META,0.5893,0.0004,0.4103,3,0.589,0.9994,0.5897
2026-06-21,MSFT,0.0002,0.3333,0.6665,3,-0.3332,0.0005,0.3335
2026-06-21,TSLA,0.0119,0.0002,0.9878,1,0.0117,0.9817,0.0122
2026-06-21,UNH,0.0557,0.8509,0.0934,1,-0.7952,0.0614,0.9066
2026-06-22,AAPL,0.0,0.4999,0.5001,2,-0.4998,0.0,0.4999
2026-06-22,AMZN,0.2262,0.2095,0.5643,11,0.0166,0.5191,0.4357
2026-06-22,BRK-B,0.238,0.0043,0.7577,5,0.2337,0.9822,0.2423
2026-06-22,GOOGL,0.0019,0.4958,0.5023,8,-0.4938,0.0038,0.4977
2026-06-22,JPM,0.4428,0.173,0.3843,25,0.2698,0.7191,0.6157
2026-06-22,META,0.5,0.0,0.5,2,0.5,1.0,0.5
2026-06-22,MSFT,0.1705,0.1996,0.6299,6,-0.0291,0.4606,0.3701
2026-06-22,TSLA,0.001,0.5012,0.4978,4,-0.5003,0.0019,0.5022
2026-06-22,UNH,0.7777,0.0,0.2223,9,0.7777,1.0,0.7777
2026-06-23,AAPL,0.5,0.0,0.5,2,0.5,1.0,0.5
2026-06-23,AMZN,0.9982,0.0015,0.0003,2,0.9967,0.9985,0.9997
2026-06-23,BRK-B,0.2506,0.0002,0.7492,4,0.2504,0.9993,0.2508
2026-06-23,GOOGL,0.3629,0.1675,0.4696,6,0.1954,0.6842,0.5304
2026-06-23,JPM,0.2005,0.2696,0.5299,25,-0.0691,0.4265,0.4701
2026-06-23,META,0.25,0.0016,0.7484,4,0.2484,0.9935,0.2516
2026-06-23,MSFT,0.4352,0.2647,0.3001,9,0.1705,0.6218,0.6999
2026-06-23,TSLA,0.1298,0.6373,0.233,7,-0.5075,0.1692,0.767
2026-06-23,UNH,0.4024,0.1567,0.4409,8,0.2457,0.7197,0.5591
2026-06-24,AAPL,0.6667,0.0001,0.3333,3,0.6666,0.9999,0.6667
2026-06-24,AMZN,0.4998,0.0005,0.4996,4,0.4993,0.999,0.5004
2026-06-24,BRK-B,0.0001,0.1672,0.8327,6,-0.1671,0.0005,0.1673
2026-06-24,GOOGL,0.0005,0.1432,0.8563,7,-0.1428,0.0032,0.1437
2026-06-24,JPM,0.424,0.1632,0.4129,42,0.2608,0.7221,0.5871
2026-06-24,META,0.4013,0.0005,0.5983,5,0.4008,0.9988,0.4017
2026-06-24,MSFT,0.2933,0.112,0.5947,7,0.1813,0.7236,0.4053
2026-06-24,TSLA,0.3603,0.4859,0.1538,3,-0.1256,0.4258,0.8462
2026-06-24,UNH,0.2667,0.0121,0.7213,15,0.2546,0.9566,0.2787
2026-06-25,AAPL,0.0024,0.5095,0.4881,9,-0.5071,0.0048,0.5119
2026-06-25,AMZN,0.2822,0.2196,0.4981,9,0.0626,0.5624,0.5019
2026-06-25,BRK-B,0.0618,0.3991,0.5392,5,-0.3373,0.134,0.4608
2026-06-25,GOOGL,0.57,0.0001,0.4299,7,0.5698,0.9998,0.5701
2026-06-25,JPM,0.3122,0.1382,0.5497,52,0.174,0.6932,0.4503
2026-06-25,META,0.3918,0.2007,0.4075,56,0.191,0.6612,0.5925
2026-06-25,MSFT,0.215,0.3288,0.4562,12,-0.1139,0.3953,0.5438
2026-06-25,TSLA,0.435,0.2223,0.3427,43,0.2127,0.6618,0.6573
2026-06-25,UNH,0.6257,0.0016,0.3727,11,0.6241,0.9975,0.6273
2026-06-26,AAPL,0.2679,0.3539,0.3781,68,-0.086,0.4309,0.6219
2026-06-26,AMZN,0.1285,0.2947,0.5768,10,-0.1661,0.3037,0.4232
2026-06-26,BRK-B,0.1953,0.1893,0.6154,6,0.0061,0.5079,0.3846
2026-06-26,GOOGL,0.0438,0.5004,0.4558,2,-0.4566,0.0805,0.5442
2026-06-26,JPM,0.3036,0.2179,0.4785,37,0.0856,0.5821,0.5215
2026-06-26,META,0.278,0.2136,0.5083,53,0.0644,0.5655,0.4917
2026-06-26,MSFT,0.2845,0.2978,0.4176,28,-0.0133,0.4886,0.5824
2026-06-26,TSLA,0.3115,0.2167,0.4718,52,0.0948,0.5897,0.5282
2026-06-26,UNH,0.4011,0.1204,0.4785,10,0.2807,0.7692,0.5215
2026-06-27,AAPL,0.2651,0.2835,0.4513,27,-0.0184,0.4832,0.5487
2026-06-27,AMZN,0.4178,0.2663,0.3159,39,0.1515,0.6108,0.6841
2026-06-27,BRK-B,0.2226,0.1582,0.6192,7,0.0644,0.5845,0.3808
2026-06-27,GOOGL,0.7267,0.0038,0.2695,6,0.723,0.9948,0.7305
2026-06-27,JPM,0.2999,0.154,0.5461,26,0.1459,0.6607,0.4539
2026-06-27,META,0.2975,0.3392,0.3634,24,-0.0417,0.4672,0.6366
2026-06-27,MSFT,0.3499,0.2273,0.4228,32,0.1226,0.6062,0.5772
2026-06-27,TSLA,0.1952,0.2899,0.5148,18,-0.0947,0.4024,0.4852
2026-06-27,UNH,0.4321,0.5678,0.0001,7,-0.1356,0.4322,0.9999
2026-06-28,AAPL,0.2337,0.2498,0.5165,16,-0.0161,0.4834,0.4835
2026-06-28,AMZN,0.3807,0.1892,0.4301,36,0.1916,0.6681,0.5699
2026-06-28,BRK-B,0.174,0.0032,0.8228,7,0.1708,0.9819,0.1772
2026-06-28,GOOGL,0.4228,0.287,0.2902,29,0.1358,0.5957,0.7098
2026-06-28,JPM,0.593,0.1672,0.2398,9,0.4258,0.7801,0.7602
2026-06-28,META,0.3075,0.2497,0.4428,28,0.0577,0.5518,0.5572
2026-06-28,MSFT,0.2237,0.2953,0.481,32,-0.0716,0.431,0.519
2026-06-28,TSLA,0.2599,0.1881,0.5521,20,0.0718,0.5801,0.4479
2026-06-28,UNH,0.3389,0.0005,0.6606,3,0.3384,0.9985,0.3394
2026-06-29,AAPL,0.4572,0.2726,0.2702,76,0.1846,0.6265,0.7298
2026-06-29,AMZN,0.488,0.1324,0.3797,105,0.3556,0.7866,0.6203
2026-06-29,BRK-B,0.0932,0.0003,0.9064,4,0.0929,0.9964,0.0936
2026-06-29,GOOGL,0.4817,0.1612,0.3572,122,0.3205,0.7493,0.6428
2026-06-29,JPM,0.4041,0.2343,0.3617,30,0.1698,0.633,0.6383
2026-06-29,META,0.4619,0.1676,0.3705,67,0.2943,0.7337,0.6295
2026-06-29,MSFT,0.4339,0.2113,0.3548,103,0.2226,0.6725,0.6452
2026-06-29,TSLA,0.4753,0.121,0.4036,74,0.3543,0.797,0.5964
2026-06-29,UNH,0.3093,0.0814,0.6093,13,0.2279,0.7917,0.3907
2026-06-30,AAPL,0.3555,0.2885,0.356,92,0.067,0.552,0.644
2026-06-30,AMZN,0.3869,0.2105,0.4026,91,0.1765,0.6477,0.5974
2026-06-30,BRK-B,0.1125,0.2166,0.6709,9,-0.1041,0.3418,0.3291
2026-06-30,GOOGL,0.4503,0.243,0.3066,119,0.2073,0.6495,0.6934
2026-06-30,JPM,0.3476,0.272,0.3804,34,0.0756,0.561,0.6196
2026-06-30,META,0.3955,0.3247,0.2798,43,0.0708,0.5491,0.7202
2026-06-30,MSFT,0.4048,0.285,0.3102,88,0.1198,0.5868,0.6898
2026-06-30,TSLA,0.3647,0.2205,0.4147,68,0.1442,0.6232,0.5853
2026-06-30,UNH,0.5686,0.0834,0.3481,12,0.4852,0.8721,0.6519
2026-07-01,AAPL,0.309,0.0265,0.6645,5,0.2824,0.9209,0.3355
2026-07-01,AMZN,0.406,0.0331,0.5609,5,0.3729,0.9246,0.4391
2026-07-01,BRK-B,0.0024,0.0001,0.9975,2,0.0024,0.9788,0.0025
2026-07-01,GOOGL,0.1375,0.1188,0.7438,8,0.0187,0.5365,0.2562
2026-07-01,JPM,0.3871,0.1355,0.4775,23,0.2516,0.7408,0.5225
2026-07-01,META,0.0032,0.2268,0.77,8,-0.2236,0.0139,0.23
2026-07-01,MSFT,0.3541,0.0239,0.622,11,0.3302,0.9368,0.378
2026-07-01,TSLA,0.75,0.0001,0.2499,4,0.7499,0.9998,0.7501
2026-07-01,UNH,0.183,0.1284,0.6886,6,0.0547,0.5877,0.3114
2026-07-02,AAPL,0.5118,0.0715,0.4167,6,0.4403,0.8774,0.5833
2026-07-02,AMZN,0.421,0.3091,0.2698,8,0.1119,0.5766,0.7302
2026-07-02,BRK-B,0.0001,0.0001,0.9998,2,0.0,0.5564,0.0002
2026-07-02,GOOGL,0.2016,0.4002,0.3983,5,-0.1986,0.335,0.6017
2026-07-02,JPM,0.3926,0.145,0.4625,39,0.2476,0.7303,0.5375
2026-07-02,META,0.1049,0.1266,0.7685,5,-0.0217,0.4532,0.2315
2026-07-02,MSFT,0.398,0.1536,0.4484,8,0.2445,0.7216,0.5516
2026-07-02,TSLA,0.2691,0.431,0.2999,14,-0.1619,0.3844,0.7001
2026-07-02,UNH,0.5001,0.0004,0.4995,14,0.4997,0.9992,0.5005
2026-07-03,AAPL,0.0387,0.0001,0.9612,4,0.0386,0.9963,0.0388
2026-07-03,AMZN,0.0001,0.1557,0.8442,6,-0.1556,0.0007,0.1558
2026-07-03,BRK-B,0.0,0.0004,0.9996,2,-0.0004,0.0066,0.0004
2026-07-03,GOOGL,0.3331,0.0,0.6669,3,0.3331,0.9999,0.3331
2026-07-03,JPM,0.4193,0.1268,0.4539,15,0.2925,0.7678,0.5461
2026-07-03,META,0.2507,0.009,0.7403,4,0.2417,0.9654,0.2597
2026-07-03,MSFT,0.0001,0.0001,0.9999,3,-0.0,0.4726,0.0001
2026-07-03,TSLA,0.0009,0.0001,0.999,1,0.0009,0.9281,0.001
2026-07-03,UNH,0.5001,0.2499,0.25,4,0.2502,0.6668,0.75
2026-07-04,AAPL,0.0003,0.0016,0.9981,1,-0.0013,0.1647,0.0019
2026-07-04,AMZN,0.9928,0.0001,0.0071,1,0.9928,0.9999,0.9929
2026-07-04,BRK-B,0.1699,0.0016,0.8284,5,0.1683,0.9905,0.1716
2026-07-04,GOOGL,0.5,0.0,0.5,2,0.5,1.0,0.5
2026-07-04,JPM,0.3336,0.4829,0.1835,6,-0.1493,0.4086,0.8165
2026-07-04,META,0.0055,0.0206,0.9739,2,-0.015,0.2116,0.0261
2026-07-04,MSFT,0.6703,0.0137,0.316,3,0.6566,0.98,0.684
2026-07-04,TSLA,0.1695,0.2607,0.5698,4,-0.0911,0.3941,0.4302
2026-07-04,UNH,0.6667,0.0,0.3333,6,0.6667,1.0,0.6667
2026-07-05,AMZN,0.0005,0.6663,0.3332,3,-0.6658,0.0007,0.6668
2026-07-05,GOOGL,0.25,0.0001,0.7499,4,0.25,0.9998,0.2501
2026-07-05,JPM,0.371,0.0573,0.5717,4,0.3136,0.8661,0.4283
2026-07-05,META,0.0017,0.0028,0.9955,3,-0.0011,0.3772,0.0045
2026-07-05,MSFT,0.6668,0.0017,0.3315,6,0.6651,0.9975,0.6685
2026-07-05,TSLA,0.0004,0.4447,0.5549,2,-0.4444,0.0008,0.4451
2026-07-05,UNH,1.0,0.0,0.0,1,1.0,1.0,1.0
2026-07-06,AAPL,0.2059,0.0189,0.7752,5,0.187,0.916,0.2248
2026-07-06,AMZN,0.5,0.0003,0.4997,2,0.4997,0.9994,0.5003
2026-07-06,BRK-B,0.0011,0.0001,0.9988,2,0.0011,0.9353,0.0012
2026-07-06,GOOGL,0.4279,0.0226,0.5495,3,0.4054,0.9499,0.4505
2026-07-06,JPM,0.7097,0.0591,0.2312,25,0.6506,0.9231,0.7688
2026-07-06,META,0.9967,0.0,0.0033,1,0.9966,1.0,0.9967
2026-07-06,MSFT,0.0188,0.4426,0.5385,5,-0.4238,0.0408,0.4615
2026-07-06,TSLA,0.4905,0.0508,0.4587,21,0.4397,0.9061,0.5413
2026-07-06,UNH,0.6941,0.1539,0.152,14,0.5401,0.8185,0.848
2026-07-07,AAPL,0.3364,0.0001,0.6635,3,0.3363,0.9997,0.3365
2026-07-07,AMZN,0.5784,0.2223,0.1993,9,0.3561,0.7224,0.8007
2026-07-07,BRK-B,0.3442,0.3329,0.3229,6,0.0113,0.5083,0.6771
2026-07-07,GOOGL,0.054,0.0021,0.9439,2,0.0519,0.9633,0.0561
2026-07-07,JPM,0.4347,0.0629,0.5024,51,0.3718,0.8736,0.4976
2026-07-07,META,0.1582,0.1444,0.6974,7,0.0138,0.5228,0.3026
2026-07-07,MSFT,0.5,0.0001,0.4999,4,0.4999,0.9999,0.5001
2026-07-07,TSLA,0.4203,0.1654,0.4143,66,0.2549,0.7176,0.5857
2026-07-07,UNH,0.5344,0.0011,0.4645,7,0.5332,0.9979,0.5355
2026-07-08,AAPL,0.3597,0.2043,0.436,92,0.1554,0.6378,0.564
2026-07-08,AMZN,0.3391,0.2781,0.3828,79,0.061,0.5494,0.6172
2026-07-08,BRK-B,0.104,0.1547,0.7413,9,-0.0508,0.4019,0.2587
2026-07-08,GOOGL,0.4169,0.2361,0.347,71,0.1808,0.6384,0.653
2026-07-08,JPM,0.2642,0.1292,0.6066,32,0.135,0.6716,0.3934
2026-07-08,META,0.3992,0.1073,0.4934,10,0.2919,0.7881,0.5066
2026-07-08,MSFT,0.3931,0.2345,0.3723,63,0.1586,0.6264,0.6277
2026-07-08,TSLA,0.341,0.2422,0.4168,66,0.0989,0.5848,0.5832
2026-07-08,UNH,0.4798,0.0877,0.4325,12,0.3922,0.8455,0.5675
2026-07-09,AAPL,0.4046,0.182,0.4135,71,0.2226,0.6898,0.5865
2026-07-09,AMZN,0.4245,0.1159,0.4596,81,0.3086,0.7856,0.5404
2026-07-09,BRK-B,0.2747,0.001,0.7242,3,0.2737,0.9962,0.2758
2026-07-09,GOOGL,0.4377,0.1645,0.3978,77,0.2732,0.7269,0.6022
2026-07-09,JPM,0.3644,0.1557,0.4799,25,0.2088,0.7007,0.5201
2026-07-09,META,0.4051,0.1978,0.3972,108,0.2073,0.6719,0.6028
2026-07-09,MSFT,0.3874,0.1598,0.4528,85,0.2277,0.708,0.5472
2026-07-09,TSLA,0.5067,0.1556,0.3377,56,0.3511,0.7651,0.6623
2026-07-09,UNH,0.7416,0.0122,0.2463,7,0.7294,0.9838,0.7537
2026-07-10,AAPL,0.3232,0.2623,0.4145,62,0.0609,0.552,0.5855
2026-07-10,AMZN,0.4518,0.2284,0.3198,71,0.2235,0.6643,0.6802
2026-07-10,BRK-B,0.0067,0.2445,0.7488,4,-0.2379,0.0266,0.2512
2026-07-10,GOOGL,0.4434,0.1766,0.38,93,0.2668,0.7152,0.62
2026-07-10,JPM,0.4852,0.1421,0.3726,34,0.3431,0.7735,0.6274
2026-07-10,META,0.4372,0.2254,0.3374,157,0.2118,0.6598,0.6626
2026-07-10,MSFT,0.3773,0.1752,0.4475,82,0.2022,0.6829,0.5525
2026-07-10,TSLA,0.353,0.2437,0.4032,40,0.1093,0.5916,0.5968
2026-07-10,UNH,0.439,0.0854,0.4756,18,0.3536,0.8371,0.5244
2026-07-11,AAPL,0.4344,0.1874,0.3783,23,0.247,0.6986,0.6217
2026-07-11,AMZN,0.371,0.2659,0.363,20,0.1051,0.5825,0.637
2026-07-11,BRK-B,0.2843,0.3727,0.343,3,-0.0884,0.4327,0.657
2026-07-11,GOOGL,0.319,0.1716,0.5094,20,0.1475,0.6503,0.4906
2026-07-11,JPM,0.5718,0.0498,0.3784,7,0.522,0.9199,0.6216
2026-07-11,META,0.3579,0.1871,0.455,23,0.1709,0.6568,0.545
2026-07-11,MSFT,0.5086,0.1419,0.3495,24,0.3668,0.7819,0.6505
2026-07-11,TSLA,0.4185,0.1964,0.385,15,0.2221,0.6806,0.615
2026-07-11,UNH,1.0,0.0,0.0,2,1.0,1.0,1.0
2026-07-12,AAPL,0.4999,0.1611,0.339,6,0.3387,0.7562,0.661
2026-07-12,AMZN,0.6115,0.2301,0.1584,10,0.3814,0.7266,0.8416
2026-07-12,BRK-B,1.0,0.0,0.0,1,1.0,1.0,1.0
2026-07-12,GOOGL,0.4562,0.3851,0.1587,11,0.0711,0.5422,0.8413
2026-07-12,JPM,0.7618,0.0,0.2382,4,0.7618,1.0,0.7618
2026-07-12,META,0.432,0.3603,0.2077,17,0.0717,0.5452,0.7923
2026-07-12,MSFT,0.2832,0.2952,0.4216,14,-0.0121,0.4896,0.5784
2026-07-12,TSLA,0.2849,0.3301,0.3849,10,-0.0452,0.4633,0.6151
2026-07-12,UNH,1.0,0.0,0.0,1,1.0,1.0,1.0
