Date,Ticker,Open,High,Low,Close,Volume,StockChange,Target
2026-06-26,JPM,334.49312290223526,334.8913229247855,326.03124330500606,327.57427978515625,17640900,-0.020684560139974,-1
2026-06-26,MSFT,357.1499938964844,376.6099853515625,355.42999267578125,372.9700012207031,186201600,0.0442951353621022,1
2026-06-26,META,543.3400268554688,556.8499755859375,540.4000244140625,550.25,18867700,0.0127175853112131,1
2026-06-26,UNH,416.1600036621094,427.9299926757813,416.1600036621094,427.8900146484375,10588200,0.0281863006610601,1
2026-06-26,AAPL,275.0,285.95001220703125,274.2099914550781,283.7799987792969,261775500,0.0319272682883522,1
2026-06-26,GOOGL,342.54998779296875,346.3599853515625,330.20001220703125,337.3900146484375,114706300,-0.0150634165184961,-1
2026-06-26,TSLA,370.1499938964844,387.7999877929688,368.6000061035156,379.7099914550781,53434100,0.0258273611136875,1
2026-06-26,AMZN,227.2100067138672,233.8999938964844,226.1300048828125,232.69000244140625,248372100,0.024118637232559,1
2026-06-26,BRK-B,490.239990234375,498.6600036621094,489.2799987792969,498.6600036621094,7250800,0.017175288828863,1
2026-06-25,TSLA,375.2699890136719,379.1199951171875,371.2200012207031,375.1199951171875,30138800,-0.0003996959545808,-1
2026-06-25,UNH,406.6499938964844,417.5799865722656,406.6499938964844,415.5299987792969,6014400,0.0218369728663342,1
2026-06-25,BRK-B,493.0799865722656,496.0,486.5,487.80999755859375,7054100,-0.0106878988342381,-1
2026-06-25,GOOGL,336.7300109863281,345.57000732421875,335.8399963378906,343.7099914550781,44491400,0.0207287151160203,1
2026-06-25,AMZN,232.0200042724609,232.32000732421875,225.5500030517578,227.00999450683597,77674100,-0.021593007815575,-1
2026-06-25,MSFT,362.7699890136719,364.2300109863281,349.20001220703125,352.8299865722656,66179000,-0.0274002887295939,-1
2026-06-25,AAPL,287.3999938964844,288.79998779296875,273.75,275.1499938964844,107013700,-0.0426235221299698,-1
2026-06-25,META,555.5499877929688,556.3400268554688,540.1799926757812,542.8699951171875,16968600,-0.0228242155600704,-1
2026-06-25,JPM,333.4577793441399,341.90972446819404,333.2586945227413,333.6170654296875,10043100,0.0004776799205611,1
2026-06-24,META,561.8900146484375,569.0399780273438,555.5499877929688,557.6699829101562,13963600,-0.0075104230868413,-1
2026-06-24,AAPL,295.3599853515625,299.70001220703125,292.94000244140625,293.0799865722656,53081900,-0.007719389532685,-1
2026-06-24,BRK-B,492.989990234375,498.5,491.5,494.80999755859375,4707800,0.0036917733833774,1
2026-06-24,TSLA,380.0799865722656,384.5799865722656,373.0499877929688,375.5299987792969,37081400,-0.0119711322714005,-1
2026-06-24,GOOGL,349.0400085449219,353.4800109863281,341.92999267578125,345.2900085449219,44997300,-0.0107437540344816,-1
2026-06-24,AMZN,233.8500061035156,242.4199981689453,232.9499969482422,234.2700042724609,70282600,0.0017960152148099,1
2026-06-24,MSFT,371.5700073242188,378.8800048828125,364.7799987792969,365.4599914550781,44509900,-0.0164437811144677,-1
2026-06-24,JPM,331.57628916780243,333.02973300317086,328.291070440402,331.95458984375,7907400,0.0011409159469666,1
2026-06-24,UNH,410.5400085449219,413.4299926757813,400.0,405.7999877929688,6858800,-0.011545819294819,-1
2026-06-23,BRK-B,490.9200134277344,494.3399963378906,490.0,492.80999755859375,4428100,0.003849882015734,1
2026-06-23,AAPL,297.5400085449219,301.6400146484375,294.17999267578125,294.29998779296875,52010900,-0.0108893616283672,-1
2026-06-23,MSFT,372.3800048828125,377.2200012207031,370.6700134277344,373.9400024414063,40647600,0.0041892624151092,1
2026-06-23,META,562.25,572.2000122070312,561.02001953125,562.2000122070312,13103300,-8.890670158959537e-05,-1
2026-06-23,GOOGL,340.69000244140625,349.2900085449219,340.20001220703125,346.1300048828125,34007700,0.0159676022261376,1
2026-06-23,JPM,327.9924099173137,333.86594380335947,325.7425357353925,332.6414794921875,7582200,0.0141743206071318,1
2026-06-23,AMZN,232.5500030517578,236.8699951171875,232.0,234.1100006103516,60492600,0.0067082242017711,1
2026-06-23,UNH,409.5199890136719,409.8999938964844,402.8399963378906,409.25,6675900,-0.0006592816490402,-1
2026-06-23,TSLA,392.6099853515625,392.8699951171875,379.05999755859375,381.6099853515625,50420200,-0.0280176266789293,-1
2026-06-22,UNH,402.1400146484375,409.4599914550781,402.1400146484375,406.6799926757813,5818600,0.0112895455860385,1
2026-06-22,META,572.02001953125,575.8099975585938,559.8099975585938,563.8499755859375,15405500,-0.0142827937246104,-1
2026-06-22,BRK-B,488.75,492.4800109863281,487.3599853515625,488.6900024414063,6076300,-0.0001227571531329,-1
2026-06-22,JPM,328.22139226156105,331.2776010100568,325.28461010223134,329.993408203125,10182500,0.0053988435347072,1
2026-06-22,AAPL,297.3099975585937,302.4200134277344,296.760009765625,297.010009765625,44879900,-0.0010090067452562,-1
2026-06-22,TSLA,394.8500061035156,414.75,394.3999938964844,405.0499877929688,47819500,0.0258325478834589,1
2026-06-22,GOOGL,357.95001220703125,358.9200134277344,341.7200012207031,349.67999267578125,52814800,-0.0231038392211781,-1
2026-06-22,MSFT,375.739990234375,381.6300048828125,367.0700073242188,367.3399963378906,45171100,-0.0223558687251913,-1
2026-06-22,AMZN,240.0800018310547,242.0,232.2400054931641,232.7899932861328,68388500,-0.0303649137342638,-1
2026-06-18,UNH,402.7699890136719,406.2000122070313,399.1499938964844,400.9599914550781,11896900,-0.004493873942858,-1
2026-06-18,GOOGL,365.75,369.4800109863281,358.6700134277344,368.0299987792969,44470100,0.006233762896232,1
2026-06-18,AMZN,240.1199951171875,245.72999572753903,236.0200042724609,244.38999938964844,75624400,0.0177827934336622,1
2026-06-18,JPM,335.4388795655989,336.57375116590936,322.70623086248213,323.761474609375,20111000,-0.0348123180334563,-1
2026-06-18,AAPL,298.1099853515625,300.57000732421875,295.6199951171875,298.010009765625,85962200,-0.0003353647675357,-1
2026-06-18,BRK-B,492.75,493.5700073242188,485.7699890136719,489.4599914550781,8882300,-0.0066768311413939,-1
2026-06-18,MSFT,377.8200073242188,381.3699951171875,373.2799987792969,379.3999938964844,59714200,0.0041818499328697,1
2026-06-18,META,572.8200073242188,580.219970703125,563.0999755859375,577.219970703125,28824600,0.0076812320146769,1
2026-06-18,TSLA,398.1000061035156,402.5199890136719,384.7000122070313,400.489990234375,58384700,0.0060034767501056,1
2026-06-17,AAPL,300.8500061035156,302.07000732421875,294.3599853515625,295.95001220703125,42745100,-0.0162871656874701,-1
2026-06-17,GOOGL,369.1300048828125,372.3299865722656,362.0199890136719,363.7900085449219,24543600,-0.0144664380225224,-1
2026-06-17,UNH,409.1199951171875,411.1600036621094,398.5899963378906,399.5299987792969,5838800,-0.0234405466668616,-1
2026-06-17,JPM,330.69024974688585,336.25517637046335,330.01330666560995,331.9645080566406,12246400,0.0038533289406933,1
2026-06-17,TSLA,401.5299987792969,405.9400024414063,393.760009765625,396.3800048828125,43534300,-0.0128259256148756,-1
2026-06-17,MSFT,390.25,390.3699951171875,377.3200073242188,378.9100036621094,41987800,-0.0290582865801169,-1
2026-06-17,AMZN,244.8999938964844,245.91000366210935,236.0,237.5,44780800,-0.0302163906937957,-1
2026-06-17,BRK-B,493.239990234375,494.7699890136719,487.8999938964844,491.2799987792969,5412000,-0.0039737075133481,-1
2026-06-17,META,592.0,593.8099975585938,566.1900024414062,567.5800170898438,20478300,-0.0412499711320206,-1
2026-06-16,TSLA,404.1099853515625,412.4200134277344,400.5400085449219,404.6600036621094,40255500,0.0013610609252042,1
2026-06-16,AMZN,248.0,249.50999450683597,245.4499969482422,246.0,35187400,-0.0080645161290322,-1
2026-06-16,AAPL,295.25,300.4800109863281,293.9700012207031,299.239990234375,39874400,0.013513938135055,1
2026-06-16,GOOGL,369.6000061035156,376.0,367.05999755859375,373.25,24876100,0.0098755244486173,1
2026-06-16,BRK-B,497.0,499.7900085449219,492.4299926757813,494.9500122070313,4345900,-0.0041247239295145,-1
2026-06-16,JPM,322.8455866314347,330.26218746993305,322.56684357389287,329.6549377441406,11094900,0.0210916654731278,1
2026-06-16,MSFT,395.7900085449219,396.8399963378906,390.6900024414063,393.8299865722656,31506800,-0.0049521764833378,-1
2026-06-16,META,593.6500244140625,605.8099975585938,592.0,600.2100219726562,11344400,0.0110502775858023,1
2026-06-16,UNH,410.6799926757813,411.75,406.5400085449219,407.6499938964844,4815100,-0.0073780043667453,-1
2026-06-15,UNH,406.7000122070313,414.1600036621094,399.6499938964844,411.0400085449219,6777900,0.0106712471296444,1
2026-06-15,TSLA,412.3699951171875,416.0,407.1000061035156,411.1499938964844,45620500,-0.0029585111311418,-1
2026-06-15,GOOGL,367.9299926757813,372.989990234375,366.5499877929688,369.3500061035156,27727500,0.0038594663550184,1
2026-06-15,MSFT,396.7999877929688,401.75,392.8500061035156,399.760009765625,32266400,0.0074597330234814,1
2026-06-15,AAPL,294.1199951171875,297.7799987792969,291.70001220703125,296.4200134277344,45732600,0.0078199998256849,1
2026-06-15,META,579.9000244140625,601.27001953125,579.2999877929688,593.47998046875,17653300,0.0234177538937144,1
2026-06-15,JPM,322.4673390673774,324.4583697274161,317.41010417767774,317.96759033203125,7988900,-0.0139541224496101,-1
2026-06-15,BRK-B,487.55999755859375,497.1099853515625,487.55999755859375,495.5199890136719,6253600,0.0163261783061304,1
2026-06-15,AMZN,245.0200042724609,247.80999755859372,244.72999572753903,246.0200042724609,41711600,0.0040812994145898,1
2026-06-12,GOOGL,362.6199951171875,366.5700073242188,354.94000244140625,359.67999267578125,24704600,-0.0081076677541075,-1
2026-06-12,AMZN,243.2100067138672,243.3600006103516,233.58999633789065,238.5500030517578,51186600,-0.0191604108937499,-1
2026-06-12,AAPL,296.0299987792969,297.1400146484375,289.6199951171875,291.1300048828125,38742100,-0.0165523558986923,-1
2026-06-12,MSFT,391.4299926757813,391.739990234375,382.2699890136719,390.739990234375,34865800,-0.0017627735593009,-1
2026-06-12,META,572.4194595335534,575.5365655300229,560.3806300495169,566.4549560546875,14326400,-0.0104198125684375,-1
2026-06-12,BRK-B,486.6700134277344,489.989990234375,484.510009765625,489.25,4591300,0.0053013058151953,1
2026-06-12,UNH,406.6872501409831,407.5622574937536,402.5110897188582,406.2000122070313,7269600,-0.0011980654268924,-1
2026-06-12,JPM,314.5529794375797,319.8590627688812,314.1348496322589,319.2816772460937,7426200,0.0150330727019942,1
2026-06-12,TSLA,399.489990234375,406.6799926757813,386.760009765625,406.4299926757813,63514500,0.0173721560265744,1
2026-06-11,AMZN,237.92999267578125,242.13999938964844,235.17999267578125,241.50999450683597,41335400,0.0150464503898549,1
2026-06-11,TSLA,388.2799987792969,399.5400085449219,380.6600036621094,399.1499938964844,45324300,0.0279952486642664,1
2026-06-11,UNH,406.3889145916304,407.6517216421196,400.82071109845896,403.2468566894531,4938100,-0.0077316525853924,-1
2026-06-11,BRK-B,482.8800048828125,486.4700012207031,481.05999755859375,485.7900085449219,5664300,0.0060263494712637,1
2026-06-11,MSFT,395.2099914550781,396.8500061035156,384.0,390.3399963378906,47224100,-0.0123225505996374,-1
2026-06-11,META,565.3060574843756,571.6401524850257,556.4942175026772,567.9036254882812,17628000,0.004594976419437,1
2026-06-11,GOOGL,355.92999267578125,358.79998779296875,346.3599853515625,357.7699890136719,35538200,0.0051695456290661,1
2026-06-11,JPM,308.1717081621576,313.30857066124145,307.4947650619962,312.0840759277344,9116600,0.0126954151271995,1
2026-06-11,AAPL,293.7200012207031,297.0,289.5899963378906,295.6300048828125,42572500,0.006502804215482,1
2026-06-10,AAPL,290.739990234375,294.75,287.3800048828125,291.5799865722656,52793300,0.0028891668367102,1
2026-06-10,JPM,311.1582462393224,313.3384270822022,307.64407859799763,307.75360107421875,7446200,-0.0109418445638269,-1
2026-06-10,META,580.192266144374,590.7724873942649,570.0716409197756,570.4512939453125,17064000,-0.0167892141406751,-1
2026-06-10,UNH,411.1517339543602,413.61766096102207,402.2525488568183,405.1460266113281,6512900,-0.0146070339659537,-1
2026-06-10,TSLA,391.5400085449219,397.0899963378906,380.1499938964844,381.5899963378906,49695600,-0.0254125044436925,-1
2026-06-10,AMZN,243.6100006103516,244.07000732421875,237.4499969482422,238.0,38590200,-0.0230286137527031,-1
2026-06-10,GOOGL,363.1900024414063,368.55999755859375,355.20001220703125,356.3800048828125,32357100,-0.0187505094105458,-1
2026-06-10,MSFT,398.5499877929688,405.0400085449219,397.1600036621094,397.3599853515625,32576000,-0.0029858298277615,-1
2026-06-10,BRK-B,488.1300048828125,490.2999877929688,483.1099853515625,483.6799926757813,5062700,-0.009116448820022,-1
2026-06-09,UNH,407.66165562372737,410.6545715332031,405.12614922049136,410.6545715332031,8590400,0.0073416664731358,1
2026-06-09,GOOGL,367.0899963378906,372.0799865722656,357.29998779296875,364.260009765625,29535100,-0.0077092446007728,-1
2026-06-09,AMZN,247.72999572753903,250.42999267578125,240.3999938964844,244.19000244140625,44425400,-0.0142897240834178,-1
2026-06-09,TSLA,411.0299987792969,418.5,384.239990234375,396.6799926757813,59940200,-0.0349123084595605,-1
2026-06-09,META,590.4527436689563,597.0766092757164,580.4720040020986,584.0487060546875,16977400,-0.0108459782479379,-1
2026-06-09,MSFT,409.0299987792969,411.9800109863281,398.4800109863281,403.4100036621094,35317300,-0.0137398115882935,-1
2026-06-09,BRK-B,486.4400024414063,490.7900085449219,484.6000061035156,487.7699890136719,4912200,0.0027341225343115,1
2026-06-09,AAPL,300.2799987792969,300.75,287.7799987792969,290.54998779296875,70108800,-0.032403127167586,-1
2026-06-09,JPM,312.1040028799189,315.0009559692908,307.6241841525692,311.2976379394531,11594600,-0.0025836417765394,-1
2026-06-08,MSFT,414.1400146484375,417.1600036621094,408.55999755859375,411.739990234375,32086700,-0.0057952004857581,-1
2026-06-08,GOOGL,365.1799926757813,366.2000122070313,360.5299987792969,363.30999755859375,27942500,-0.0051207490954953,-1
2026-06-08,TSLA,396.3299865722656,412.9400024414063,394.7200012207031,408.9500122070313,50328800,0.0318422175014116,1
2026-06-08,JPM,311.84516953437026,314.8814790647009,309.3862455138746,309.7147521972656,6827000,-0.0068316509128092,-1
2026-06-08,AMZN,246.67999267578125,249.4199981689453,243.3600006103516,245.22000122070312,33899500,-0.0059185645306753,-1
2026-06-08,AAPL,308.739990234375,317.3999938964844,301.1700134277344,301.5400085449219,77949100,-0.0233205348098488,-1
2026-06-08,META,591.4518261333767,591.4518261333767,578.6836307521693,584.8479614257812,19512400,-0.0111655157965582,-1
2026-06-08,BRK-B,486.1300048828125,490.760009765625,484.9200134277344,487.0,5188400,0.0017896346830046,1
2026-06-08,UNH,394.8746856398852,406.3889089451397,392.7468242313376,404.2610778808594,6963200,0.0237705595783222,1
2026-06-05,MSFT,428.3399963378906,429.4700012207031,414.3999938964844,416.6700134277344,34782200,-0.0272446724796405,-1
2026-06-05,JPM,312.8805189963161,313.58732636819616,308.211549706599,310.9691162109375,9118800,-0.0061090501623755,-1
2026-06-05,AAPL,312.8599853515625,315.1700134277344,307.1499938964844,307.3399963378906,65310500,-0.0176436401972883,-1
2026-06-05,TSLA,420.5,424.6799926757813,388.5899963378906,391.0,63420200,-0.070154577883472,-1
2026-06-05,META,622.8827460758752,628.567480013855,582.3702434655938,592.450927734375,30091600,-0.0488564156467952,-1
2026-06-05,GOOGL,366.1213024821565,371.8578661166277,363.9026265347829,368.30999755859375,37471200,0.0059780598987241,1
2026-06-05,UNH,397.2710257691138,401.7454703246708,394.9443182415365,397.201416015625,10897300,-0.0001752198095847,-1
2026-06-05,AMZN,254.25999450683597,256.3800048828125,245.77999877929688,246.02999877929688,55607800,-0.032368425648329,-1
2026-06-05,BRK-B,480.989990234375,491.0,479.3500061035156,488.1300048828125,8475800,0.0148444142152695,1
2026-06-04,MSFT,435.80999755859375,436.1499938964844,426.4100036621094,428.0499877929688,26899500,-0.017805947107906,-1
2026-06-04,AMZN,253.1199951171875,255.8300018310547,251.75,253.7899932861328,35609800,0.0026469586831143,1
2026-06-04,AAPL,313.2300109863281,313.5400085449219,309.6499938964844,311.2300109863281,44869100,-0.0063850842187892,-1
2026-06-04,UNH,387.7851867936407,399.1005645351637,387.606216297745,394.2184448242188,12666100,0.0165897467197516,1
2026-06-04,META,623.0924785224576,641.8051764288737,621.8536364911718,626.9888916015625,21469200,0.0062533463545323,1
2026-06-04,TSLA,419.8399963378906,426.3500061035156,417.1600036621094,418.4500122070313,35323300,-0.0033107472917866,-1
2026-06-04,JPM,304.36883009196185,311.5066879726736,303.0746723882986,309.4957580566406,10345200,0.0168444579661121,1
2026-06-04,GOOGL,358.68575901079333,373.0271992966173,357.9961684462237,371.96783447265625,44055500,0.0370298377568517,1
2026-06-04,BRK-B,481.6000061035156,482.9400024414063,474.6499938964844,478.6300048828125,5276000,-0.006166945978121,-1
2026-06-03,GOOGL,361.81388965190393,366.2312646097652,357.8662353535933,358.77569580078125,55441600,-0.0083971177945813,-1
2026-06-03,BRK-B,470.8900146484375,480.5899963378906,470.4100036621094,475.3699951171875,6586300,0.0095138574388643,1
2026-06-03,TSLA,418.7000122070313,433.6000061035156,416.0,423.7000122070313,44500700,0.011941724036845,1
2026-06-03,AAPL,314.17999267578125,316.94000244140625,308.8500061035156,310.260009765625,50836700,-0.0124768699520643,-1
2026-06-03,AMZN,254.6999969482422,257.0899963378906,247.7100067138672,250.0200042724609,51394200,-0.018374529767789,-1
2026-06-03,META,602.4416570391962,623.5720977596394,599.7142043737263,622.4031372070312,23020100,0.0331342959680762,1
2026-06-03,JPM,298.5749714904202,300.60580089187994,295.23002417973413,299.50079345703125,7003900,0.003100802327769,1
2026-06-03,UNH,377.8419717237235,385.259597724852,374.6700853756592,374.8590087890625,6808400,-0.0078947368421052,-1
2026-06-03,MSFT,438.4500122070313,440.3900146484375,424.25,427.3399963378906,39037000,-0.0253392988021964,-1
2026-06-02,MSFT,446.8800048828125,453.5,440.4299926757813,441.30999755859375,37036800,-0.0124642124582848,-1
2026-06-02,JPM,295.17027051801705,300.7152977310929,293.9457758280521,299.6102600097656,8296200,0.0150421296967221,1
2026-06-02,UNH,375.8334605430848,377.9215103567756,372.5919643898307,375.7738037109375,3874400,-0.0001587320938935,-1
2026-06-02,META,602.68138962268,608.3161816139932,596.1274666259658,597.0765991210938,18252000,-0.0092997570492348,-1
2026-06-02,GOOGL,366.371163421305,373.31702687507857,358.2260345973877,361.6340026855469,50412300,-0.012929949757838,-1
2026-06-02,TSLA,418.2200012207031,424.4200134277344,413.6499938964844,423.739990234375,37596000,0.0131987685848598,1
2026-06-02,BRK-B,470.0,473.8800048828125,468.2099914550781,471.510009765625,4704700,0.0032127867353723,1
2026-06-02,AAPL,307.4599914550781,315.45001220703125,306.69000244140625,315.20001220703125,44534700,0.0251740745692565,1
2026-06-02,AMZN,257.1600036621094,261.20001220703125,254.3699951171875,256.5199890136719,41811000,-0.0024887799009306,-1
2026-06-01,UNH,373.9740550559012,381.1729596974941,373.7851619834815,377.7027587890625,6623700,0.0099704877457448,1
2026-06-01,GOOGL,376.2952290661171,378.3340198477676,373.2970198869562,376.1453247070313,28672100,-0.0003983690132289,-1
2026-06-01,TSLA,427.489990234375,429.6000061035156,415.4299926757813,415.8800048828125,44937900,-0.0271584963783531,-1
2026-06-01,BRK-B,473.0499877929688,473.3900146484375,467.9599914550781,470.2900085449219,6203600,-0.0058344346670922,-1
2026-06-01,AAPL,309.6300048828125,310.94000244140625,305.0199890136719,306.3099975585937,48849900,-0.0107224986980034,-1
2026-06-01,JPM,296.3549462063085,298.20659004481905,293.9457858606032,295.2499084472656,7930000,-0.0037287643523034,-1
2026-06-01,MSFT,464.8399963378906,466.3200073242188,458.2699890136719,460.5199890136719,53628900,-0.0092935361807346,-1
2026-06-01,AMZN,266.2900085449219,266.6300048828125,260.70001220703125,261.260009765625,53604400,-0.018889175777875,-1
2026-06-01,META,629.8162791560948,635.1613007084701,598.974869401479,599.9139404296875,29138800,-0.0474778752408148,-1
2026-05-29,AMZN,271.2900085449219,274.75,269.6400146484375,270.6400146484375,54749600,-0.0023959374691705,-1
2026-05-29,JPM,295.070728717322,298.53513289689414,293.87612858626386,297.9676818847656,13969000,0.0098178263226471,1
2026-05-29,UNH,381.6005025160485,382.9328889810419,373.317822146985,378.1502075195313,10257900,-0.0090416416481845,-1
2026-05-29,AAPL,311.7799987792969,315.0,309.5299987792969,312.0599975585937,70026800,0.00089806523957,1
2026-05-29,MSFT,432.5499877929688,450.3299865722656,432.3599853515625,450.239990234375,79654400,0.0408970129248349,1
2026-05-29,GOOGL,385.0100143138995,385.0100143138995,378.2340629764561,380.1129455566406,44415800,-0.0127193282647091,-1
2026-05-29,BRK-B,476.9100036621094,477.2900085449219,472.2699890136719,474.4800109863281,7902300,-0.0050952856034089,-1
2026-05-29,META,632.9133899267435,633.9124639439917,622.7727642602187,631.92431640625,19806500,-0.0015627312302683,-1
2026-05-29,TSLA,439.8500061035156,441.0700073242188,428.1400146484375,435.7900085449219,45176800,-0.0092304137825526,-1
2026-05-28,UNH,382.77379769013777,387.0493961299752,378.7965137522062,380.3576049804688,4330800,-0.0063123252538434,-1
2026-05-28,GOOGL,387.7683918215113,391.6360768291116,384.9300907577927,389.8971252441406,24357500,0.0054897033062177,1
2026-05-28,META,638.9078448274123,642.4046039468743,628.7272779804616,634.7017211914062,16772400,-0.0065833025373827,-1
2026-05-28,JPM,296.2354906683788,299.7197941661088,294.4236455581874,295.3992614746094,9757700,-0.0028228528319906,-1
2026-05-28,TSLA,437.6199951171875,443.9599914550781,436.2999877929688,442.1000061035156,32435000,0.0102372173034014,1
2026-05-28,AMZN,272.2699890136719,274.5,267.44000244140625,274.0,40630400,0.0063540274585358,1
2026-05-28,BRK-B,479.3599853515625,481.80999755859375,477.0,477.4200134277344,4120000,-0.0040470043038852,-1
2026-05-28,MSFT,412.9800109863281,429.489990234375,412.6700134277344,426.989990234375,47250500,0.0339241098245568,1
2026-05-28,AAPL,310.67999267578125,312.79998779296875,309.57000732421875,312.510009765625,48220400,0.0058903602838484,1
2026-05-27,JPM,303.63215366632585,304.52811132231307,294.42363753054383,297.93780517578125,11779200,-0.018754102362961,-1
2026-05-27,MSFT,411.010009765625,415.9400024414063,409.5799865722656,412.6700134277344,28901500,0.0040388399860528,1
2026-05-27,AAPL,308.3299865722656,313.260009765625,308.29998779296875,310.8500061035156,50430900,0.0081731250316107,1
2026-05-27,AMZN,266.1499938964844,272.4100036621094,265.70001220703125,271.8500061035156,40061900,0.0214165408143807,1
2026-05-27,GOOGL,386.4391861502527,393.64487351491664,385.66962629134815,388.5978698730469,23087300,0.0055860890928252,1
2026-05-27,BRK-B,482.6700134277344,486.25,479.0199890136719,479.9200134277344,4152500,-0.0056974743064533,-1
2026-05-27,UNH,376.2808953624811,382.3462596379654,374.9485088403697,381.8292236328125,4544000,0.0147451766451936,1
2026-05-27,META,608.8357727220844,637.908804248614,608.4361186960156,634.6718139648438,23143600,0.0424351564088412,1
2026-05-27,TSLA,442.8900146484375,445.6000061035156,435.5199890136719,440.3599853515625,44656500,-0.0057125453570754,-1
2026-05-26,TSLA,430.260009765625,435.2000122070313,426.1199951171875,433.5899963378906,45658900,0.0077394749609185,1
2026-05-26,UNH,383.8078958628703,384.3249318452776,374.2723613660349,374.71978759765625,6498100,-0.0236787944260039,-1
2026-05-26,BRK-B,485.5,487.7799987792969,483.2099914550781,483.6199951171875,4348600,-0.0038723066587281,-1
2026-05-26,MSFT,416.4299926757813,419.7699890136719,413.0199890136719,416.0299987792969,30398000,-0.0009605309500264,-1
2026-05-26,META,608.3261927003538,613.9009818092591,604.7394901495815,611.7730102539062,12234200,0.0056660679663522,1
2026-05-26,GOOGL,384.2804712769477,389.0276356997364,382.3716078175452,388.6478576660156,27747400,0.0113651010538091,1
2026-05-26,JPM,307.1065011172144,308.54004556072954,304.0701916446211,305.3643493652344,7725400,-0.0056727934629918,-1
2026-05-26,AAPL,309.5599975585937,311.82000732421875,307.6700134277344,308.3299865722656,48000500,-0.0039734170953251,-1
2026-05-26,AMZN,267.94000244140625,269.29998779296875,262.07000732421875,265.2900085449219,38028100,-0.0098902510723977,-1
2026-05-22,TSLA,422.6700134277344,431.510009765625,420.510009765625,426.010009765625,46104700,0.0079021369668602,1
2026-05-22,MSFT,419.5400085449219,424.3999938964844,416.3299865722656,418.5700073242188,22390300,-0.0023120589239327,-1
2026-05-22,AAPL,306.1199951171875,311.3999938964844,305.8399963378906,308.82000732421875,43670200,0.008820110577872,1
2026-05-22,UNH,379.7510949944643,388.322137279522,378.846259230469,386.2638854980469,5598600,0.0171501559559097,1
2026-05-22,AMZN,268.6600036621094,269.7900085449219,266.239990234375,266.32000732421875,27535500,-0.0087098797960027,-1
2026-05-22,BRK-B,479.6499938964844,487.1900024414063,479.489990234375,486.3800048828125,4338200,0.0140310874011614,1
2026-05-22,META,607.3171451453314,614.2407210713809,606.3880135859368,609.6949462890625,11688600,0.0039152544312939,1
2026-05-22,JPM,303.31359328873907,306.07119010408854,302.4773640852478,305.0059814453125,5973900,0.0055796647233095,1
2026-05-22,GOOGL,387.1187843592316,388.5079387636157,381.5420981620284,382.7413940429688,20442100,-0.0113076153705855,-1
2026-05-21,GOOGL,385.4697674348519,392.2656959548347,382.7913440893277,387.4285888671875,24852800,0.005081647376319,1
2026-05-21,UNH,378.9555995605828,383.9172514426562,378.3789067550467,380.3078918457031,4732500,0.0035684715747396,1
2026-05-21,AAPL,301.0599975585937,305.5400085449219,300.3999938964844,304.989990234375,42965100,0.0130538520814821,1
2026-05-21,BRK-B,479.989990234375,480.5,475.5,479.9800109863281,3294000,-2.079053365675859e-05,-1
2026-05-21,AMZN,263.5,269.489990234375,261.3699951171875,268.4599914550781,36591700,0.0188234969832186,1
2026-05-21,JPM,299.8790926087445,302.6167597554335,298.8636475324957,301.6411437988281,7874400,0.0058758720881639,1
2026-05-21,META,599.4443949814065,609.0354809096541,594.2591985256718,606.8175659179688,13476100,0.0123000081380207,1
2026-05-21,MSFT,424.75,426.3399963378906,415.7099914550781,419.0899963378906,31393500,-0.0133254942015523,-1
2026-05-21,TSLA,422.1799926757813,426.9500122070313,412.8999938964844,417.8500061035156,42636900,-0.0102562571589954,-1
2026-05-20,BRK-B,482.0,482.7200012207031,477.6199951171875,480.8999938964844,4647500,-0.002282170339244,-1
2026-05-20,AAPL,298.17999267578125,302.79998779296875,298.0799865722656,302.25,38229800,0.0136494983707514,1
2026-05-20,META,600.2037495434126,607.4370360716302,597.2564688338498,604.499755859375,11329700,0.007157579937197,1
2026-05-20,JPM,295.3694126574367,301.57145376365,292.35300240137923,300.625732421875,9327000,0.0177957484397155,1
2026-05-20,TSLA,407.6000061035156,417.4599914550781,406.3900146484375,417.260009765625,45294700,0.0236997142233999,1
2026-05-20,MSFT,413.2749005432513,421.18775475321456,410.4110776678385,420.1499938964844,27864000,0.0166356421456897,1
2026-05-20,GOOGL,387.4685872554011,393.6248834036927,382.6714341601505,388.6778564453125,31744400,0.0031209476837262,1
2026-05-20,AMZN,260.04998779296875,265.5799865722656,259.5299987792969,265.010009765625,34933200,0.0190733405325326,1
2026-05-20,UNH,387.3377362764213,391.1460027273717,378.5380196367677,381.1232299804688,7783900,-0.0160441540132242,-1
2026-05-19,JPM,299.7396822358739,300.436555061437,293.935841710235,294.3738708496094,8066900,-0.0179015716112022,-1
2026-05-19,META,608.3561568042173,613.361527578881,599.9939118379299,602.052001953125,11749900,-0.0103626054911796,-1
2026-05-19,TSLA,403.1600036621094,405.6300048828125,393.6300048828125,404.1099853515625,46500600,0.0023563391229882,1
2026-05-19,MSFT,428.9708919761278,431.7648588737268,415.58987007798993,416.5178833007813,33018700,-0.0290299619584434,-1
2026-05-19,AAPL,296.9700012207031,300.510009765625,296.3500061035156,298.9700012207031,42243600,0.0067346869777383,1
2026-05-19,BRK-B,487.0,488.1300048828125,480.1099853515625,480.4599914550781,5599900,-0.0134291756569237,-1
2026-05-19,GOOGL,396.723025004717,396.91291402359946,385.8794958446922,387.4285888671875,39545700,-0.0234280229573744,-1
2026-05-19,UNH,387.78517361871184,392.74682548894975,385.3093241434657,387.0294799804688,5016800,-0.001948742988782,-1
2026-05-19,AMZN,262.0400085449219,262.25,255.19000244140625,259.3399963378906,40340700,-0.0103038166653409,-1
2026-05-18,META,608.5459509764945,615.0199919776213,603.1309869574205,610.64404296875,13772400,0.0034477133384731,1
2026-05-18,BRK-B,481.1300048828125,489.3599853515625,481.0,488.3800048828125,5030700,0.0150686923002564,1
2026-05-18,AMZN,263.8699951171875,268.8500061035156,262.5299987792969,264.8599853515625,33690800,0.0037518105608609,1
2026-05-18,AAPL,300.239990234375,300.6600036621094,294.9100036621094,297.8399963378906,34483000,-0.007993585047118,-1
2026-05-18,UNH,387.7851953583757,389.9130568930274,381.32210876906953,388.9087829589844,8400700,0.0028974484174679,1
2026-05-18,JPM,296.6635495230975,299.908939014877,295.8870488301784,299.3813171386719,7546300,0.0091611106923763,1
2026-05-18,MSFT,415.7196062415453,424.2012362508279,414.7117792841577,422.6246643066406,32564100,0.0166098927291953,1
2026-05-18,TSLA,419.2699890136719,421.1300048828125,405.3299865722656,409.989990234375,52474200,-0.0221337062572209,-1
2026-05-18,GOOGL,395.4538101055549,408.36608091552193,394.29449886421145,396.70306396484375,26837200,0.0031590386218693,1
2026-05-15,MSFT,413.3746572242232,427.24464052002446,412.01761111071977,421.0081481933594,50771200,0.0184662771065706,1
2026-05-15,BRK-B,486.7000122070313,488.2999877929688,481.760009765625,482.7000122070313,4680300,-0.008218614957212,-1
2026-05-15,GOOGL,396.0834349796574,399.30151410906007,392.9452946767326,396.5431518554688,20309700,0.0011606566576937,1
2026-05-15,AMZN,262.5,264.3599853515625,260.8900146484375,264.1400146484375,40770300,0.0062476748511904,1
2026-05-15,UNH,392.0607685404387,395.3718745508767,388.0337805215488,391.61334228515625,9811200,-0.0011412165949378,-1
2026-05-15,JPM,298.86362628854243,299.4410421498196,295.1205095874812,296.4743957519531,8699300,-0.0079943838139827,-1
2026-05-15,AAPL,297.8999938964844,303.20001220703125,296.5199890136719,300.2300109863281,54862800,0.0078214741107158,1
2026-05-15,TSLA,433.9800109863281,434.6600036621094,422.0,422.239990234375,52688700,-0.0270519850102565,-1
2026-05-15,META,613.421486859321,620.6248329546977,608.7458274653094,613.6612548828125,13272600,0.0003908699460774,1
2026-05-14,JPM,300.8945046380796,302.38777761395096,297.4699295162906,298.56500244140625,7364300,-0.0077419233677108,-1
2026-05-14,MSFT,403.6058516736889,410.94993067744383,400.013625877668,408.5451354980469,27077500,0.012237889524831,1
2026-05-14,TSLA,446.489990234375,451.9800109863281,441.1600036621094,443.2999877929688,46070400,-0.0071446225249791,-1
2026-05-14,GOOGL,397.0428507456917,402.6894719958145,395.6037078837972,400.8305969238281,21136700,0.0095398926615164,1
2026-05-14,BRK-B,487.1000061035156,487.1000061035156,481.5,484.05999755859375,3375100,-0.0062410357356387,-1
2026-05-14,AMZN,269.1499938964844,270.7799987792969,266.6300048828125,267.2200012207031,31338400,-0.0071706955955701,-1
2026-05-14,AAPL,299.82000732421875,300.45001220703125,295.3800048828125,298.2099914550781,35324900,-0.0053699413975385,-1
2026-05-14,META,615.429618202359,623.152441138389,614.4305441468357,617.8573608398438,10651200,0.0039447933048396,1
2026-05-14,UNH,398.72270403378167,399.6175868268494,393.7510992453305,396.8235473632813,5342500,-0.0047631014017689,-1
2026-05-13,AAPL,293.5,300.9200134277344,293.5,298.8699951171875,52684300,0.018296405850724,1
2026-05-13,META,598.275515544453,619.3260125714435,596.1074810052941,616.0590209960938,14634400,0.0297246084614662,1
2026-05-13,TSLA,436.6700134277344,453.3999938964844,430.2099914550781,445.2699890136719,68283200,0.0196944496335577,1
2026-05-13,GOOGL,385.3698394939953,403.4590416115898,384.77019153718186,402.3796691894531,28144600,0.0441389749592037,1
2026-05-13,AMZN,264.42999267578125,270.7200012207031,263.20001220703125,270.1300048828125,39670900,0.0215558460269673,1
2026-05-13,MSFT,402.3286237155428,405.4318878236479,400.1633000811369,404.3342590332031,29667100,0.0049850674285565,1
2026-05-13,JPM,300.91440289675086,301.6411400127173,298.7242874353193,298.9034729003906,7709500,-0.0066827309593759,-1
2026-05-13,UNH,394.2482660415265,401.85481542088894,390.7681426338459,398.8818054199219,8454100,0.011752846562697,1
2026-05-13,BRK-B,482.4700012207031,487.1400146484375,480.80999755859375,485.5199890136719,4432500,0.0063216112613259,1
2026-05-12,MSFT,413.5842224333829,414.6020070114768,405.7611701670722,406.8887023925781,38594200,-0.0161890122437716,-1
2026-05-12,TSLA,441.4100036621094,447.7999877929688,422.260009765625,433.4500122070313,60569300,-0.0180331016266938,-1
2026-05-12,JPM,298.67447538308426,304.6873960201211,294.2245209852311,303.5126953125,9498200,0.0161989735587889,1
2026-05-12,GOOGL,387.1087706238473,388.28805889354703,382.541491402114,387.1187744140625,26017500,2.5842323849002727e-05,1
2026-05-12,UNH,380.6758011703357,395.1630654325308,379.8405751710962,394.138916015625,9236300,0.0353663532168285,1
2026-05-12,BRK-B,481.6799926757813,489.4200134277344,478.8999938964844,484.9599914550781,5622300,0.0068094976523233,1
2026-05-12,AMZN,266.7099914550781,267.6499938964844,262.6300048828125,265.82000732421875,36776200,-0.0033368983516662,-1
2026-05-12,META,594.2692320029287,603.1909559259367,592.0512559095129,602.441650390625,11351600,0.0137520469638853,1
2026-05-12,AAPL,292.5599975585937,295.2699890136719,292.5599975585937,294.79998779296875,45748100,0.007656515767937,1
2026-05-11,AAPL,291.9800109863281,293.8800048828125,290.2300109863281,292.67999267578125,42247300,0.0023973616792757,1
2026-05-11,MSFT,406.9885016374445,411.79809190456297,404.6236285818644,411.7681579589844,35657900,0.0117439591101709,1
2026-05-11,GOOGL,393.415008612389,397.2027547509894,388.23810807955056,388.4080200195313,30753700,-0.0127269892689602,-1
2026-05-11,UNH,378.2894437474218,382.6246688242237,373.9343128299113,382.25677490234375,6949600,0.0104875544916628,1
2026-05-11,JPM,300.7451596100784,301.83026757429667,297.5395993270601,298.6545715332031,9512000,-0.0069513606788741,-1
2026-05-11,META,604.010215830275,604.3498668649182,597.5262348938886,598.3054809570312,15940600,-0.0094447655415927,-1
2026-05-11,BRK-B,476.3999938964844,480.3999938964844,475.8999938964844,479.5499877929688,4290700,0.0066120779530673,1
2026-05-11,TSLA,422.1600036621094,449.1600036621094,416.7999877929688,445.0,78376100,0.0541027007290141,1
2026-05-11,AMZN,269.8399963378906,273.6300048828125,268.4800109863281,268.989990234375,38176700,-0.0031500374853669,-1
2026-05-08,JPM,306.86759124184925,307.60426284206056,299.1523476664256,300.74517822265625,9464300,-0.0199513183989761,-1
2026-05-08,TSLA,416.4800109863281,431.2000122070313,416.3900146484375,428.3500061035156,65050000,0.0285007558683942,1
2026-05-08,GOOGL,396.7630105926761,401.7600258394352,396.1233780013978,400.5607299804688,21461800,0.0095717576649085,1
2026-05-08,BRK-B,474.8500061035156,478.8800048828125,474.4800109863281,475.9400024414063,5225600,0.002295453983111,1
2026-05-08,AAPL,289.7430674686918,294.4886952888782,289.7330669166447,293.0500183105469,52692800,0.0114133907352673,1
2026-05-08,UNH,369.87746743357553,377.8221130371094,369.87746743357553,377.8221130371094,6455100,0.0214791283682631,1
2026-05-08,AMZN,271.6300048828125,274.0,269.95001220703125,272.67999267578125,34732700,0.003865507396437,1
2026-05-08,META,614.6303402495529,616.1988937552933,605.4987892063378,609.0654907226562,13557000,-0.0090539779156316,-1
2026-05-08,MSFT,416.48795292910256,417.7252633012779,413.105264767488,414.2228393554688,33383800,-0.0054386052650588,-1
2026-05-07,BRK-B,469.260009765625,477.1900024414063,468.9700012207031,475.0799865722656,5899500,0.0124024563898966,1
2026-05-07,META,614.150739078972,624.4012480600104,612.9718390781961,616.2388305664062,12307400,0.0033999657650264,1
2026-05-07,GOOGL,399.6812819584635,399.8611671879692,392.4455831227277,397.7524108886719,24433500,-0.0048260230259972,-1
2026-05-07,TSLA,407.4800109863281,415.8299865722656,402.1199951171875,411.7900085449219,64294200,0.0105771999665975,1
2026-05-07,MSFT,419.2020489501835,427.05506598481406,417.8549909144547,419.8606262207031,34942400,0.0015710258863689,1
2026-05-07,AMZN,275.0199890136719,276.6300048828125,270.489990234375,271.1700134277344,35892900,-0.0139988936794921,-1
2026-05-07,AAPL,289.00371711581823,291.8611003514943,285.5169394038565,287.1754150390625,45224300,-0.0063262233960231,-1
2026-05-07,JPM,313.23887676443206,314.8814709002291,304.76706239082745,304.8964538574219,8359600,-0.0266327826008775,-1
2026-05-07,UNH,364.5578575186544,367.7098380224885,362.64874789161854,367.6402282714844,5235400,0.0084550934488424,1
2026-05-06,GOOGL,394.0146525811788,399.61131576273664,392.5255517960256,397.8023986816406,31308500,0.0096132112743737,1
2026-05-06,AMZN,272.8900146484375,277.79998779296875,272.2099914550781,274.989990234375,44552000,0.0076953185283927,1
2026-05-06,UNH,361.0379593902868,366.45699060703,356.21549649518977,365.1942138671875,6695500,0.0115119598058877,1
2026-05-06,META,600.4934370812971,619.3759607512419,597.5461564796674,612.3125,19915500,0.0196822516098586,1
2026-05-06,MSFT,407.1182274562224,417.51572107575487,404.23445872829495,413.0653381347656,30285900,0.0146078221938189,1
2026-05-06,AAPL,281.66051049385584,287.7648717000964,280.8112868075762,287.245361328125,58336100,0.0198283061565032,1
2026-05-06,BRK-B,466.010009765625,470.6300048828125,465.6400146484375,469.8299865722656,5698900,0.0081971990442047,1
2026-05-06,TSLA,386.25,401.6799926757813,384.0199890136719,398.7300109863281,53465400,0.0323107080552184,1
2026-05-06,JPM,310.0532528884956,314.84167905955115,309.95369528217543,313.4877624511719,8629500,0.0110771602319277,1
2026-05-05,AMZN,276.0799865722656,278.5599975585937,272.3800048828125,273.54998779296875,41908500,-0.0091640064559139,-1
2026-05-05,TSLA,395.1900024414063,402.1199951171875,389.0,389.3699951171875,47780600,-0.0147271117393251,-1
2026-05-05,AAPL,276.6750995896243,284.3080821831616,276.2455026895375,283.9184265136719,49311700,0.0261799017504327,1
2026-05-05,BRK-B,468.5299987792969,469.6600036621094,464.3399963378906,465.5199890136719,5372700,-0.0064243693540803,-1
2026-05-05,GOOGL,385.9994517026946,392.58551415458055,383.79074899852696,388.1981201171875,23878600,0.0056960402528921,1
2026-05-05,MSFT,414.42242364358015,415.8792597859335,407.916495085617,410.4909362792969,25700900,-0.0094866665990653,-1
2026-05-05,META,612.7420849871345,613.7811000159977,599.8040642277598,604.3998413085938,17171300,-0.013614608630507,-1
2026-05-05,JPM,306.32999740556414,309.5753869306937,305.42407485773,308.0124206542969,6316800,0.0054921922860375,1
2026-05-05,UNH,368.3760355922912,369.6885161814855,359.75525962508635,361.8035583496094,6489000,-0.0178417611561357,-1
2026-05-04,BRK-B,473.0299987792969,479.8699951171875,465.7900085449219,468.5199890136719,6895400,-0.0095342996792244,-1
2026-05-04,UNH,366.4569824541582,368.7240330587824,362.5791367283889,368.6445007324219,4916900,0.0059693726221666,1
2026-05-04,MSFT,410.6505829404435,419.87060358807366,409.9121615309381,412.72607421875,28066500,0.0050541539803622,1
2026-05-04,JPM,309.22694520939064,309.2568094519629,305.13539207341324,306.270263671875,7338200,-0.0095615261972514,-1
2026-05-04,META,607.3771038685389,613.4314904063681,602.1919069095087,609.8447875976562,16203900,0.0040628527374509,1
2026-05-04,GOOGL,385.3997937985888,387.1487490940992,379.5632837866369,383.0212097167969,26298600,-0.0061717315890286,-1
2026-05-04,AAPL,279.4025768563376,280.3716851917065,274.60697695873915,276.5751647949219,46668400,-0.0101194917141709,-1
2026-05-04,AMZN,268.79998779296875,276.1000061035156,268.79998779296875,272.04998779296875,49083700,0.0120907743586029,1
2026-05-04,TSLA,390.2300109863281,394.6400146484375,384.7999877929688,392.510009765625,48765100,0.0058427048538221,1
2026-05-01,UNH,369.8476329800702,370.7822971534658,364.9356847817637,366.6856994628906,4945400,-0.0085492868825524,-1
2026-05-01,MSFT,411.9078412872606,416.2085240460113,409.5529563541748,413.5443115234375,31372400,0.0039729038200941,1
2026-05-01,GOOGL,381.4022037517389,386.5291464515476,378.823726715884,385.4597778320313,30105200,0.0106385700983874,1
2026-05-01,AMZN,265.5799865722656,273.32000732421875,262.739990234375,268.260009765625,50825200,0.0100912091605597,1
2026-05-01,TSLA,382.489990234375,397.8200073242188,378.7999877929688,390.8200073242188,65338300,0.0217783923828684,1
2026-05-01,META,614.120842749119,618.3069655430758,605.548770151405,608.1863403320312,21404000,-0.0096634115046834,-1
2026-05-01,AAPL,278.6032901046287,286.95561044034525,278.1137509144006,279.88214111328125,79915400,0.0045902222051013,1
2026-05-01,JPM,312.5420381202088,314.6624601726697,310.43152018106696,311.06866455078125,6135400,-0.0047141612638387,-1
2026-05-01,BRK-B,475.0799865722656,479.1000061035156,473.0,473.010009765625,4818300,-0.0043571122024643,-1
2026-04-30,JPM,305.6928786901284,312.6913497643884,305.1951210592971,311.82525634765625,8865400,0.0200605839553889,1
2026-04-30,AAPL,270.25102650288807,275.7459641951834,267.893213328058,271.1002502441406,91848200,0.0031423515841612,1
2026-04-30,MSFT,409.92216255995794,413.5243765293071,397.1498378648014,406.8987121582031,70909400,-0.0073756695243638,-1
2026-04-30,BRK-B,473.4599914550781,477.5499877929688,470.8900146484375,473.6000061035156,5109300,0.0002957264625616,1
2026-04-30,META,618.7465567527638,620.2751083620838,599.4444385151393,611.3433837890625,52765000,-0.0119647905639326,-1
2026-04-30,GOOGL,373.8467067603946,385.6096696957082,365.60163158627074,384.5702819824219,72040000,0.0286844180465128,1
2026-04-30,UNH,366.4172241064422,369.87744160261,360.9385059451532,368.37603759765625,6879900,0.0053458553865498,1
2026-04-30,AMZN,273.1700134277344,273.8800048828125,256.1600036621094,265.0599975585937,100974900,-0.0296885290130356,-1
2026-04-30,TSLA,372.75,384.75,368.1700134277344,381.6300048828125,51076000,0.0238229507251844,1
2026-04-29,TSLA,375.3999938964844,376.3999938964844,370.0400085449219,372.7999877929688,45384800,-0.006925962029271,-1
2026-04-29,AMZN,257.989990234375,265.9100036621094,257.70001220703125,263.0400085449219,72367900,0.0195744738234189,1
2026-04-29,MSFT,423.6623688360089,425.8975483734993,419.38166246548025,423.5426330566406,38288300,-0.000282620756942,-1
2026-04-29,BRK-B,476.4500122070313,477.9700012207031,474.510009765625,475.3800048828125,3175600,-0.002245791366994,-1
2026-04-29,AAPL,267.3037117460274,270.7905199823619,266.7942019267937,269.9213256835937,30047900,0.0097926583977009,1
2026-04-29,META,668.290599742094,673.6256820299297,663.1953464496755,668.5004272460938,18947500,0.0003139764409087,1
2026-04-29,UNH,363.9214802466298,368.7339901692348,362.9371121823581,368.6345520019531,9046600,0.0129507929900957,1
2026-04-29,GOOGL,347.36252924438134,355.5776236260777,344.0045190996302,349.7311096191406,35376300,0.0068187561275295,1
2026-04-29,JPM,309.1771855961317,310.65052875636707,305.91189671624613,307.86309814453125,8031800,-0.0042502730240808,-1
2026-04-28,AAPL,272.0893199684016,272.97851539952296,268.4127145556596,270.4608154296875,40018900,-0.0059851836114082,-1
2026-04-28,META,673.6156618787633,677.5520159823654,665.0136491453696,670.7183837890625,10606800,-0.0043010848079452,-1
2026-04-28,MSFT,423.6524179624475,428.99086152362304,420.9881750222059,428.3222961425781,30438100,0.0110228998635021,1
2026-04-28,TSLA,374.6799926757813,382.2900085449219,372.5400085449219,376.0199890136719,50864400,0.0035763754779672,1
2026-04-28,AMZN,258.3900146484375,261.0299987792969,256.6300048828125,259.70001220703125,42204400,0.0050698459086204,1
2026-04-28,BRK-B,476.7900085449219,479.7699890136719,475.6700134277344,478.1600036621094,4902400,0.0028733721190351,1
2026-04-28,GOOGL,348.34192077884484,352.20963620070955,345.91337868788094,349.5711975097656,27824100,0.0035289371091836,1
2026-04-28,UNH,354.8135029963465,367.5308771185002,353.6998683282982,364.6871032714844,10604100,0.0278275775633025,1
2026-04-28,JPM,313.78643555890045,314.035314384572,309.7745101043047,310.0532531738281,7398600,-0.0118972076610735,-1
2026-04-27,MSFT,421.46715688014,426.1869149113369,416.1686352924954,423.9018859863281,30867300,0.005776794387043,1
2026-04-27,GOOGL,345.77347673538645,352.9691603649003,342.5254168368208,350.130859375,28576900,0.0126018417628607,1
2026-04-27,JPM,305.50372444273444,311.1781431330245,305.50372444273444,310.232421875,7925300,0.0154783626317195,1
2026-04-27,AAPL,265.84505761361925,268.1129570778125,264.8260075108844,267.3636474609375,41466800,0.005712311753884,1
2026-04-27,META,670.3786986745525,681.8680504402118,670.2188736545023,677.9916381835938,12805200,0.011356177521889,1
2026-04-27,AMZN,263.4599914550781,264.1499938964844,260.3399963378906,261.1199951171875,44906800,-0.0088817900773735,-1
2026-04-27,BRK-B,469.7999877929688,475.5,469.3500061035156,472.80999755859375,4888000,0.0064070026475851,1
2026-04-27,UNH,351.9001510435625,354.4654858887946,346.96832734783226,352.6757202148437,7256100,0.0022039466848231,1
2026-04-27,TSLA,372.0899963378906,380.7799987792969,364.0199890136719,378.6700134277344,66735800,0.0176839397850097,1
2026-04-24,TSLA,373.5,382.760009765625,370.7300109863281,376.2999877929688,62893300,0.0074966205969712,1
2026-04-24,BRK-B,468.7999877929688,470.2799987792969,466.5799865722656,469.3200073242188,3857000,0.0011092567081713,1
2026-04-24,GOOGL,338.5277988797623,345.063872727698,335.1897964239415,344.19439697265625,26426100,0.0167389446646494,1
2026-04-24,UNH,354.4654798371856,356.24532290478834,349.3944670661433,352.9044189453125,8554600,-0.0044039856648104,-1
2026-04-24,MSFT,416.0688403922519,424.0316048781353,414.9013556123021,423.7023010253906,27457400,0.0183466289519355,1
2026-04-24,JPM,309.7545850384977,309.7545850384977,306.5092257615542,306.8974609375,5215300,-0.0092238315072643,-1
2026-04-24,AAPL,272.50893317942314,272.80864483253174,269.4017800912603,270.8104858398437,38157100,-0.0062326299536797,-1
2026-04-24,META,659.7085674039201,680.0396994180859,653.2345872360809,674.4049682617188,13348300,0.0222771108091437,1
2026-04-24,AMZN,259.9800109863281,264.5,257.69000244140625,263.989990234375,53777400,0.0154241829317322,1
2026-04-23,GOOGL,340.9763246437424,341.7558578013153,335.97930940305434,338.6877136230469,18650300,-0.0067119352731796,-1
2026-04-23,JPM,312.11395497732667,313.57736372602733,307.5047445243564,310.29217529296875,6969700,-0.0058369055766515,-1
2026-04-23,META,663.0854475032797,668.9400066983026,652.4452846667049,658.5396728515625,11667000,-0.0068554884876956,-1
2026-04-23,AAPL,274.79681820267325,275.5161566987003,271.39995382845746,273.1783142089844,33399600,-0.0058898207201772,-1
2026-04-23,BRK-B,466.7200012207031,473.0,466.7200012207031,470.5499877929688,4749100,0.0082061762132506,1
2026-04-23,TSLA,375.2799987792969,386.0,368.3900146484375,373.7200012207031,93969500,-0.0041568896921447,-1
2026-04-23,MSFT,418.9825380949446,422.7443793162959,410.5208543154444,414.8514709472656,38308000,-0.0098597597085127,-1
2026-04-23,AMZN,255.38999938964844,258.7900085449219,253.07000732421875,255.0800018310547,39091400,-0.0012138202722683,-1
2026-04-23,UNH,352.66576141761215,354.8234513171886,348.50950696242506,352.54644775390625,7255800,-0.0003383193855459,-1
2026-04-22,GOOGL,336.818816762841,339.6171637007564,334.96994545488326,339.1174621582031,20293000,0.0068245753531657,1
2026-04-22,BRK-B,468.8599853515625,470.989990234375,464.6199951171875,465.3999938964844,5720500,-0.0073795835924956,-1
2026-04-22,AAPL,267.5734973129919,273.48803128351057,266.62435952726383,272.9185791015625,43249200,0.0199761255963188,1
2026-04-22,JPM,313.43799038623484,313.73663281642627,310.5410372905177,311.6161804199219,5545900,-0.0058123457340574,-1
2026-04-22,TSLA,387.5700073242188,393.010009765625,385.2999877929688,387.510009765625,62362800,-0.0001548044416748,-1
2026-04-22,META,673.7355628200382,677.7518600207422,669.1298460769134,674.09521484375,9215600,0.0005338177818703,1
2026-04-22,MSFT,425.2689090952171,432.7626880248645,422.7543663498755,431.984375,29378200,0.0157911047837247,1
2026-04-22,UNH,348.8873678788304,356.52374610698536,347.11747765911315,351.5123596191406,11807300,0.0075238944770906,1
2026-04-22,AMZN,252.44000244140625,255.94000244140625,250.3300018310547,255.3600006103516,36065100,0.011567097689373,1
2026-04-21,MSFT,419.33177508554746,426.2567789178336,416.2983670043314,423.2433166503906,32048500,0.0093280352151829,1
2026-04-21,AMZN,255.08999633789065,255.08999633789065,249.1000061035156,249.91000366210935,42922400,-0.0203065300487905,-1
2026-04-21,GOOGL,337.4884145965044,339.13742351057505,331.1522029907326,332.0916442871094,23123800,-0.0159909794706501,-1
2026-04-21,JPM,316.0661368489313,318.8038038717339,311.3474041387296,311.5962829589844,7084300,-0.0141421473825377,-1
2026-04-21,TSLA,393.0,393.9500122070313,385.2200012207031,386.4200134277344,50530600,-0.0167429683772662,-1
2026-04-21,META,670.3786762058809,675.5738733736962,666.7120915784461,668.220703125,8660100,-0.0032190359829078,-1
2026-04-21,BRK-B,472.5400085449219,474.1900024414063,468.05999755859375,468.5,5919000,-0.0085495587079751,-1
2026-04-21,AAPL,271.250098918132,272.5488901425708,265.1557075406741,265.9250183105469,50209800,-0.0196316264171844,-1
2026-04-21,UNH,351.00526031661906,355.648722319699,343.26944427388656,344.0450134277344,26097300,-0.0198294660387889,-1
2026-04-20,META,680.7290935491282,682.7472426832454,667.381478611767,670.2887573242188,12534000,-0.0153369913580106,-1
2026-04-20,MSFT,420.2398034863272,422.4150847565369,415.4002792280178,417.1664733886719,27582200,-0.0073132770198321,-1
2026-04-20,AAPL,270.08114756253855,274.0275237795767,270.04120633500696,272.79864501953125,36590200,0.0100617813628159,1
2026-04-20,GOOGL,340.55660000710446,341.1962021124509,336.40905286572576,337.2185974121094,18784200,-0.0098016088806543,-1
2026-04-20,UNH,322.3489342821542,323.5520542213801,318.3020404433487,321.6429748535156,9050600,-0.0021900473479481,-1
2026-04-20,AMZN,249.19000244140625,250.17999267578125,245.3699951171875,248.27999877929688,39463100,-0.0036518465957451,-1
2026-04-20,BRK-B,474.3800048828125,476.0400085449219,471.3699951171875,472.0799865722656,5147000,-0.0048484722940948,-1
2026-04-20,JPM,309.45594165814435,315.70777661938337,308.9780833700189,315.5683898925781,10772000,0.0197522406636683,1
2026-04-20,TSLA,402.5799865722656,406.7999877929688,388.3299865722656,392.5,64603900,-0.0250384691452022,-1
2026-04-17,META,677.9716157075654,690.8796961433965,674.5048580761284,687.9124145507812,16283500,0.0146625590406776,1
2026-04-17,AAPL,266.7142527536172,272.0493335842862,266.47448343207725,269.98126220703125,61436200,0.0122490996251033,1
2026-04-17,JPM,311.068653468178,313.4877482505245,308.69932229637936,308.8984375,11082400,-0.0069766462932917,-1
2026-04-17,TSLA,395.9200134277344,409.2799987792969,391.6499938964844,400.6199951171875,90640000,0.0118710384169831,1
2026-04-17,AMZN,254.9900054931641,256.17999267578125,250.1100006103516,250.55999755859372,52029300,-0.0173732610656737,-1
2026-04-17,MSFT,423.9018933176335,430.64726300981,419.78081413338697,421.8762817382813,48568200,-0.0047784914653222,-1
2026-04-17,BRK-B,475.489990234375,479.6900024414063,474.1499938964844,474.5799865722656,6492900,-0.0019138229632569,-1
2026-04-17,UNH,318.2324307180975,323.42278766287063,315.338983249174,322.78643798828125,9414700,0.0143103179644751,1
2026-04-17,GOOGL,337.4484504303517,342.1156763245155,336.0392884001999,341.4760437011719,25581900,0.011935432702932,1
2026-04-16,AAPL,266.55439590858066,266.91408037974617,261.0294875448873,263.15753173828125,43323100,-0.0127436058922262,-1
2026-04-16,META,675.3640350842893,676.9525896021297,667.131674939706,676.2432250976562,9544800,0.0013018016472512,1
2026-04-16,GOOGL,338.5477782390461,339.6771085489368,334.3202924195682,335.81939697265625,20541500,-0.0080590730223708,-1
2026-04-16,UNH,313.2111061223722,316.8005902653832,311.3318249203893,314.6031494140625,5205600,0.0044444250682044,1
2026-04-16,MSFT,418.9525857224824,419.9105328997013,411.2492993874727,419.3517456054688,41642400,0.0009527566998973,1
2026-04-16,TSLA,393.80999755859375,394.05999755859375,381.7999877929688,388.8999938964844,63515100,-0.0124679507695302,-1
2026-04-16,JPM,303.98059076810495,308.5599670410156,303.8312695552229,308.5599670410156,8208600,0.0150646995630194,1
2026-04-16,AMZN,248.50999450683597,250.0,244.1999969482422,249.6999969482422,41895700,0.0047885496266167,1
2026-04-16,BRK-B,474.0199890136719,476.260009765625,464.010009765625,475.1199951171875,4534000,0.0023205901206919,1
2026-04-15,UNH,314.20541746552016,315.9554320324556,309.3829548311358,312.2664794921875,5041200,-0.0061709247057951,-1
2026-04-15,AMZN,249.25,250.44000244140625,247.1999969482422,248.5,43045200,-0.0030090270812437,-1
2026-04-15,JPM,312.54203541599225,312.8307129741003,302.8954898881459,304.5579833984375,9885800,-0.0255455302418057,-1
2026-04-15,AAPL,257.92237663273806,266.3146386359468,257.5726926972944,266.18475341796875,49913500,0.0320343542623123,1
2026-04-15,TSLA,366.8299865722656,394.6499938964844,362.5,391.9500122070313,113810400,0.0684786591998442,1
2026-04-15,MSFT,397.1398382929036,413.47445440771634,395.8725939925935,410.3312683105469,45063400,0.0332160834691032,1
2026-04-15,META,666.3824145357423,677.8717665104965,663.6049593103575,670.9581909179688,14952600,0.0068665923385962,1
2026-04-15,BRK-B,478.0,478.7699890136719,473.739990234375,474.0899963378906,6993900,-0.0081799239793083,-1
2026-04-15,GOOGL,332.69130668872015,337.278563176308,330.70247381548376,336.91876220703125,24918800,0.0127068409463024,1
2026-04-14,AAPL,259.01136264890187,261.68888841493145,256.9532612999924,258.5917358398437,48370700,-0.0016201096537487,-1
2026-04-14,AMZN,241.77999877929688,252.17999267578125,241.77999877929688,249.0200042724609,72685000,0.0299446005861424,1
2026-04-14,TSLA,357.6700134277344,367.6300048828125,354.7699890136719,364.2000122070313,59979600,0.0182570484920347,1
2026-04-14,MSFT,387.0816509997633,393.8370088930228,385.684652281273,392.2604064941406,37504500,0.0133789743869322,1
2026-04-14,BRK-B,479.80999755859375,480.489990234375,476.0,477.5400085449219,4864000,-0.0047310164965761,-1
2026-04-14,UNH,310.7352487756957,317.8048561417646,310.7352487756957,312.4057006835937,5864500,0.0053758043687662,1
2026-04-14,JPM,308.4305432499699,312.91036189245165,307.4847916064935,309.7247009277344,11455500,0.0041959452657566,1
2026-04-14,GOOGL,324.59612530340485,333.09105123243734,323.5567375910905,332.7112731933594,27721400,0.0250007540366329,1
2026-04-14,META,642.624350345733,665.6430543798978,638.7779398291946,661.8765258789062,17818000,0.0299586772938429,1
2026-04-13,AMZN,237.4499969482422,240.0,235.75,239.88999938964844,42166200,0.0102758579606893,1
2026-04-13,TSLA,350.07000732421875,356.3500061035156,348.57000732421875,352.4200134277344,53617500,0.00671296042034,1
2026-04-13,AAPL,259.49093671136296,259.9405042051452,256.4237552437805,258.96142578125,36234700,-0.0020405758167266,-1
2026-04-13,BRK-B,478.8999938964844,481.1099853515625,477.3999938964844,480.1900024414063,3612400,0.0026936908777675,1
2026-04-13,JPM,306.0910825316173,312.3329523629397,304.0900871089203,312.2732238769531,8318200,0.0201970645279979,1
2026-04-13,UNH,301.5278433900291,311.5406631473035,301.199730811355,311.22247314453125,7972200,0.032151690024732,1
2026-04-13,GOOGL,316.9507009019676,321.4380108789369,315.28168437302884,321.1181945800781,18866400,0.0131487126113014,1
2026-04-13,MSFT,372.8025510733858,383.70895264062807,370.2181521550117,383.539306640625,35745800,0.0288001129185558,1
2026-04-13,META,628.9171329935918,634.4120404303904,623.8218795800174,633.9425048828125,9538900,0.0079905151658062,1
2026-04-10,AAPL,259.7406946341393,261.94865175168746,258.7815563792568,260.240234375,31291500,0.0019232247821787,1
2026-04-10,META,633.882449891805,637.9886903650855,623.7518859014353,629.2767333984375,13294800,-0.0072658842253064,-1
2026-04-10,MSFT,372.17393720824543,374.8281921461914,369.23030048358606,370.0684814453125,28111100,-0.0056571821732773,-1
2026-04-10,BRK-B,484.0199890136719,484.8599853515625,478.9200134277344,479.8999938964844,3758900,-0.0085120350619881,-1
2026-04-10,TSLA,346.2900085449219,350.3599853515625,342.739990234375,348.95001220703125,51336000,0.0076814334704211,1
2026-04-10,AMZN,235.3000030517578,240.42999267578125,235.2100067138672,238.3800048828125,56912800,0.0130896803702003,1
2026-04-10,GOOGL,319.8289680511782,321.6378852163977,316.1311948927162,317.0506286621094,19152600,-0.0086869535489488,-1
2026-04-10,UNH,306.20115193665987,308.607391668382,302.4724483346268,302.6016845703125,5212900,-0.0117552378349378,-1
2026-04-10,JPM,308.6097380099313,308.9581744354404,305.344449093958,308.4803161621094,6069700,-0.0004193705897178,-1
2026-04-09,TSLA,343.1499938964844,348.8800048828125,337.25,345.6199951171875,62164000,0.0071980220446928,1
2026-04-09,AMZN,225.22999572753903,233.8000030517578,223.2700042724609,233.6499938964844,65964200,0.0373840000384806,1
2026-04-09,UNH,304.08324700425817,306.1414986993597,302.41279505356766,305.16705322265625,5742000,0.0035641760244124,1
2026-04-09,GOOGL,315.72141928886384,319.3492572184689,310.8743084256086,318.29986572265625,23739200,0.0081668403733903,1
2026-04-09,MSFT,371.6949574789129,372.6927962909368,366.2567237727329,372.26373291015625,30435300,0.001530221004614,1
2026-04-09,JPM,305.5734164156603,309.8640846884941,304.73715687535,308.938232421875,6586600,0.0110114814491509,1
2026-04-09,BRK-B,478.2099914550781,487.9500122070313,477.2900085449219,485.2000122070313,3518500,0.0146170529199613,1
2026-04-09,AAPL,258.7615948993736,260.879638597066,255.8342992320816,260.2502136230469,28121600,0.00575285804778,1
2026-04-09,META,626.3894374266143,636.9097166035551,622.4231426572783,627.8081665039062,19012900,0.0022649313550376,1
2026-04-08,META,605.4388670235439,629.3667024291958,591.2820049792073,611.8529052734375,32036600,0.0105940312048782,1
2026-04-08,TSLA,363.7900085449219,364.5,339.6700134277344,343.25,78838600,-0.0564611673285841,-1
2026-04-08,BRK-B,483.75,483.75,477.6799926757813,479.75,4655100,-0.0082687338501291,-1
2026-04-08,UNH,310.22814137902384,311.1926339297742,303.09884670162427,304.2423400878906,9645000,-0.0192948365822815,-1
2026-04-08,JPM,306.5888366699219,309.8640903908154,303.96066179364243,306.5888366699219,10590200,0.0,-1
2026-04-08,AAPL,258.2121146377317,259.51090582044134,256.29386854025813,258.66168212890625,41032800,0.0017410782286698,1
2026-04-08,AMZN,223.7899932861328,226.1000061035156,219.6199951171875,221.25,51092700,-0.0113498966099222,-1
2026-04-08,MSFT,384.148004001906,384.167949815935,370.6073237610428,373.52099609375,33064800,-0.0276638373685347,-1
2026-04-08,GOOGL,320.25872115869026,321.88772251879675,314.8319393907938,317.1305847167969,33547100,-0.009767529298112,-1
2026-04-07,JPM,291.8253790066561,296.8427544058445,291.38734983011653,296.0662536621094,7849100,0.014532233864953,1
2026-04-07,MSFT,369.5396147715723,371.645070458656,365.7677853538718,371.48541259765625,21443300,0.0052654647791596,1
2026-04-07,TSLA,346.44000244140625,348.0199890136719,337.239990234375,346.6499938964844,74515400,0.0006061409005839,1
2026-04-07,GOOGL,302.5492981026724,305.4475608650088,297.5422790326475,305.27764892578125,23205400,0.0090178719310166,1
2026-04-07,AAPL,255.92421782448065,255.96418954301225,245.47383916108728,253.26666259765625,62148000,-0.0103841490634036,-1
2026-04-07,META,571.9498894780604,574.6973431004155,564.2370671243236,574.5175170898438,9580800,0.0044892527457719,1
2026-04-07,UNH,307.0960565749332,310.6557125153819,299.0420501528358,305.982421875,22099800,-0.0036263399548455,-1
2026-04-07,BRK-B,475.7099914550781,479.75,474.3200073242188,478.0799865722656,3206500,0.0049820166903332,1
2026-04-07,AMZN,211.2400054931641,213.97000122070312,209.0800018310547,213.7700042724609,28154600,0.0119768922245116,1
2026-04-06,TSLA,362.5899963378906,367.7200012207031,346.6400146484375,352.82000732421875,77697600,-0.0269450043088541,-1
2026-04-06,META,577.1550997330287,582.2503530791108,571.4703658572956,572.4894409179688,9515700,-0.0080838908245255,-1
2026-04-06,UNH,276.3019282869355,281.6911311912249,275.6755011928929,279.7621459960937,7097000,0.0125233208852776,1
2026-04-06,AMZN,209.8000030517578,212.9499969482422,209.58999633789065,212.7899932861328,25385500,0.0142516215008698,1
2026-04-06,GOOGL,295.69337737406744,300.4405418912755,295.0037868253031,299.8109130859375,16945500,0.0139250183701651,1
2026-04-06,AAPL,256.2738916739028,261.9186847371787,256.2239194053331,258.6217041015625,29329900,0.0091613406747153,1
2026-04-06,MSFT,372.682794233078,372.9222962461191,368.7014272663852,372.0741271972656,16146600,-0.0016332040148645,-1
2026-04-06,BRK-B,475.6600036621094,479.5,475.3500061035156,476.3800048828125,3663500,0.0015136888011601,1
2026-04-06,JPM,292.7412191857173,295.4987855589938,291.88509063240025,294.125,7142600,0.004726976331286,1
2026-04-02,JPM,289.1212191631598,292.7957669317203,285.9616926535428,291.7855224609375,6669300,0.0092151773069071,1
2026-04-02,TSLA,364.2000122070313,370.2799987792969,359.0299987792969,360.5899963378906,83031200,-0.009912179429276,-1
2026-04-02,MSFT,366.4163701688664,372.83249667260446,363.3629859357669,372.6528625488281,24099100,0.0170202340498259,1
2026-04-02,BRK-B,477.8200073242188,479.7699890136719,475.6799926757813,477.3500061035156,2972800,-0.0009836365440934,-1
2026-04-02,GOOGL,290.5164904801884,297.9020635524316,289.2772403921399,295.59344482421875,21666500,0.0174756150180623,1
2026-04-02,META,565.5158531822124,577.9643377947169,559.1817578546791,573.9281005859375,13518500,0.0148753520460807,1
2026-04-02,UNH,270.74367864614135,277.45534552157113,269.98798496185265,275.6854553222656,6407000,0.0182526022429617,1
2026-04-02,AAPL,253.9660149621701,255.89424639361263,250.4192795609811,255.68443298339844,31289400,0.006766330611142,1
2026-04-02,AMZN,206.5399932861328,212.2100067138672,204.8999938964844,209.7700042724609,31453000,0.0156386709176144,1
2026-04-01,UNH,272.6527466700565,273.7365528939259,269.22235750517115,272.424072265625,5473400,-0.0008387020018112,-1
2026-04-01,JPM,292.567989087923,295.8661624411999,290.1116710297465,292.5580749511719,11267200,-3.38866079712154e-05,-1
2026-04-01,GOOGL,290.6663854824321,300.34059988895723,290.2366494817892,297.2124938964844,37684500,0.0225210369722918,1
2026-04-01,AMZN,210.44000244140625,213.5800018310547,208.19000244140625,210.57000732421875,45955400,0.0006177764745497,1
2026-04-01,MSFT,372.682807332766,373.1817267376728,367.4042619540212,368.57171630859375,29417200,-0.0110310723845693,-1
2026-04-01,BRK-B,478.9800109863281,481.1000061035156,477.25,478.5,3600800,-0.0010021524391794,-1
2026-04-01,META,579.5928556215499,592.0013387220274,573.2887005646345,578.6936645507812,23608100,-0.0015514184863517,-1
2026-04-01,TSLA,378.6300048828125,383.1400146484375,374.0799865722656,381.260009765625,58683800,0.0069461079388742,1
2026-04-01,AAPL,253.8461228128272,255.9441806293992,253.096813183035,255.3946990966797,40059400,0.0061004527730933,1
2026-03-31,GOOGL,277.87403020607053,287.9080147834651,276.9245851168754,287.3883361816406,43875400,0.0342396371784521,1
2026-03-31,MSFT,363.7621155862403,372.0940755014272,362.28533367877645,369.3699951171875,45244400,0.0154163374652401,1
2026-03-31,META,549.4707059552647,573.1587727471259,546.2637174010383,571.6002197265625,32898300,0.0402742376098561,1
2026-03-31,BRK-B,477.7799987792969,479.80999755859375,474.7699890136719,479.2000122070313,4725300,0.0029721073116548,1
2026-03-31,JPM,285.7140887250632,292.2510413422024,282.22772810140145,291.3497314453125,12956900,0.0197247631203528,1
2026-03-31,UNH,261.506421503485,270.33599678803927,261.11862175045525,269.0533142089844,9170800,0.0288593016649833,1
2026-03-31,AMZN,204.8500061035156,210.27999877929688,204.13999938964844,208.2700042724609,58470100,0.0166951333514586,1
2026-03-31,TSLA,361.510009765625,373.3299865722656,361.0,371.75,75534900,0.0283256063670652,1
2026-03-31,AAPL,247.6818040942864,255.24482803058763,246.8725521332485,253.55638122558597,49598100,0.0237182426572733,1
2026-03-30,UNH,258.7024415515604,260.84022572405274,255.21239532653576,260.3033142089844,7774700,0.0061880848430452,1
2026-03-30,MSFT,361.1178525849577,364.5703662773937,355.51000344849933,358.1842041015625,44797000,-0.0081237979856036,-1
2026-03-30,META,535.8833618164062,539.0504095872608,528.0505941707193,535.8833618164062,22795200,0.0,-1
2026-03-30,AMZN,201.47999572753903,203.8000030517578,199.97999572753903,200.9499969482422,46373800,-0.0026305280451444,-1
2026-03-30,AAPL,249.83982057534303,250.63907198816295,245.2840052006544,246.40298461914065,39446200,-0.0137561576384738,-1
2026-03-30,TSLA,365.8599853515625,367.2900085449219,352.1400146484375,355.2799987792969,67954400,-0.028918129874463,-1
2026-03-30,BRK-B,470.6799926757813,477.6900024414063,470.6499938964844,474.6600036621094,4590900,0.0084558745820107,1
2026-03-30,JPM,282.01972478590784,284.505755156032,279.6327451103039,281.0589904785156,11734400,-0.0034066209663935,-1
2026-03-30,GOOGL,276.2550012483934,276.9245842043685,271.9475460941929,273.33673095703125,35141200,-0.0105636831122496,-1
2026-03-27,GOOGL,277.1144865271076,279.203235317384,273.7864876697142,274.1762390136719,35890600,-0.0106030094285536,-1
2026-03-27,BRK-B,474.1900024414063,474.7999877929688,467.2099914550781,468.489990234375,5382300,-0.0120205237935938,-1
2026-03-27,JPM,286.3777093696089,287.3384134369941,279.05829538327214,280.13787841796875,9873300,-0.021788815077038,-1
2026-03-27,TSLA,369.6900024414063,369.8599853515625,359.4700012207031,361.8299865722656,62065700,-0.0212610993460294,-1
2026-03-27,MSFT,361.1178497172151,361.6666793192034,355.73951450811694,355.9989318847656,37883400,-0.0141752002468389,-1
2026-03-27,AMZN,206.4600067138672,206.6000061035156,199.13999938964844,199.33999633789065,56009800,-0.0344861481373687,-1
2026-03-27,AAPL,253.666280215245,255.2548282141602,247.8416601166152,248.57098388671875,47900000,-0.0200866127110103,-1
2026-03-27,UNH,265.98086412749376,266.1499120468286,254.516344356629,257.54901123046875,10735300,-0.0317009756498246,-1
2026-03-27,META,539.599843303006,543.0966023049141,519.7782492802263,525.233154296875,30133000,-0.0266247093738748,-1
2026-03-26,AAPL,251.88793104116343,256.7634441190972,250.53918279672283,252.6572265625,41796700,0.0030541182269301,1
2026-03-26,META,581.9506076701073,582.460145169462,542.8468364624507,547.032958984375,35780100,-0.0600010520231747,-1
2026-03-26,GOOGL,287.7381369232671,287.7781215852462,278.33375052565475,280.7523193359375,39080600,-0.0242783861118575,-1
2026-03-26,AMZN,210.6100006103516,212.88999938964844,207.1199951171875,207.5399932861328,46746000,-0.0145767404934324,-1
2026-03-26,MSFT,370.01860155518807,373.9101668945663,364.4007640805619,365.1790771484375,36836600,-0.0130791381471365,-1
2026-03-26,TSLA,381.6000061035156,384.4400024414063,371.8699951171875,372.1099853515625,55522900,-0.0248690267299911,-1
2026-03-26,UNH,268.4567257080549,273.08034278207333,265.66268603579573,266.5277404785156,6218800,-0.0071854606154923,-1
2026-03-26,BRK-B,476.4400024414063,478.3800048828125,474.5,475.2699890136719,3774600,-0.00245574137717,-1
2026-03-26,JPM,289.78482055260446,292.1718002190451,287.95251872814185,288.8736267089844,8669200,-0.0031443808612282,-1
2026-03-25,AAPL,253.86611511385965,254.76528059453105,251.3684162845015,252.3874664306641,28476700,-0.0058245216480837,-1
2026-03-25,MSFT,376.10542586510894,376.2451074667104,368.831172255135,370.2381286621094,31181200,-0.0156001397467312,-1
2026-03-25,META,598.1855830392399,603.1110107561809,592.850561795072,594.3391723632812,12585000,-0.0064301293528605,-1
2026-03-25,UNH,273.4382596260376,274.5121128941823,265.5930528118823,269.0135192871094,8121200,-0.0161818625710227,-1
2026-03-25,AMZN,211.55999755859372,213.07000732421875,209.8999938964844,211.7100067138672,36388800,0.0007090620013449,1
2026-03-25,GOOGL,293.2648285118823,295.8232978370104,289.0673235725591,290.7563171386719,29460700,-0.0085537409512739,-1
2026-03-25,TSLA,389.989990234375,396.2300109863281,385.010009765625,385.9500122070313,55157300,-0.0103591838983247,-1
2026-03-25,BRK-B,482.6300048828125,483.2300109863281,475.7300109863281,476.1900024414063,4402000,-0.0133435600278725,-1
2026-03-25,JPM,291.3398308899875,294.7965097163498,289.6461758443202,292.59771728515625,12188200,0.0043175915607767,1
2026-03-24,JPM,283.4360748065673,292.6571288676103,282.64369950840546,289.6065368652344,11092300,0.0217702071371053,1
2026-03-24,MSFT,381.53362193174286,381.6434000325674,371.04635704379217,371.9344177246094,42733600,-0.0251595237099465,-1
2026-03-24,BRK-B,478.0,483.5,477.5499877929688,479.3299865722656,3434400,0.0027823986867481,1
2026-03-24,META,598.5452420228083,600.443507118967,590.4527665679026,592.3709716796875,10739700,-0.0103154614048131,-1
2026-03-24,AMZN,207.9499969482422,209.3500061035156,206.63999938964844,207.2400054931641,35351400,-0.0034142412382667,-1
2026-03-24,TSLA,376.55999755859375,387.4800109863281,376.30999755859375,383.0299987792969,60004900,0.0171818601621282,1
2026-03-24,GOOGL,299.02141279307426,299.7409842283802,290.1566818819568,290.2666320800781,36864300,-0.0292781063109167,-1
2026-03-24,AAPL,250.1195650925759,254.5954370944537,249.32029842391177,251.4083709716797,45152300,0.0051527591559131,1
2026-03-24,UNH,267.34306557553816,271.8274627132414,266.0703359894755,270.73370361328125,5911700,0.012682722966626,1
2026-03-23,META,605.2290499891692,608.0764476338709,598.4553596033379,603.5006713867188,13638000,-0.0028557429662065,-1
2026-03-23,MSFT,383.07032058481127,386.3731646745857,380.85511716508233,382.1722717285156,29680100,-0.0023443446491094,-1
2026-03-23,UNH,277.55476453204625,279.15560669620453,267.5618207785692,268.00927734375,10424200,-0.0343913649055523,-1
2026-03-23,GOOGL,301.92965766257777,305.7973733016039,300.75036931754545,301.87969970703125,29326900,-0.0001654622335986,-1
2026-03-23,JPM,291.4982779446762,292.9245231806114,285.2188513876401,287.14031982421875,11470800,-0.0149502019400764,-1
2026-03-23,AMZN,209.7899932861328,212.8000030517578,209.50999450683597,210.13999938964844,44277400,0.0016683641485142,1
2026-03-23,BRK-B,483.5,485.9800109863281,479.0,479.9800109863281,4958000,-0.0072802254677805,-1
2026-03-23,AAPL,253.73622734962268,254.3656523266213,250.0496214753341,251.25851440429688,40546100,-0.0097649159964523,-1
2026-03-23,TSLA,373.0899963378906,385.3299865722656,372.7300109863281,380.8500061035156,74606000,0.0207992973325318,1
2026-03-20,GOOGL,305.2776414809433,305.8173276578073,298.0919312440676,300.8203125,44364100,-0.0146009021798,-1
2026-03-20,TSLA,379.8500061035156,379.8900146484375,364.4599914550781,367.9599914550781,78628600,-0.0313018677303832,-1
2026-03-20,AMZN,207.3999938964844,207.5399932861328,204.32000732421875,205.3699951171875,63694600,-0.0097878439683564,-1
2026-03-20,UNH,277.40561834190976,281.4922936115716,273.43828708670907,274.0249328613281,38893000,-0.0121867952811786,-1
2026-03-20,MSFT,385.95408868282834,386.1636263101853,379.2984903035221,381.0447082519531,50853200,-0.0127201150987408,-1
2026-03-20,JPM,285.3278250323549,287.9327042603992,282.54467268192724,283.8223571777344,22436500,-0.0052762742450718,-1
2026-03-20,META,602.9712077810872,603.400802317344,586.7062525156723,593.1102905273438,21214900,-0.0163538774762251,-1
2026-03-20,AAPL,247.7517334570195,248.97061168291063,245.77356028907465,247.76173400878903,88331100,4.036521411988366e-05,1
2026-03-20,BRK-B,481.6300048828125,485.1199951171875,479.6600036621094,480.9400024414063,7786400,-0.0014326400648027,-1
2026-03-19,TSLA,387.2699890136719,387.2699890136719,378.7300109863281,380.2999877929688,67078300,-0.0179977829897298,-1
2026-03-19,GOOGL,303.8285227221892,307.8760927647981,302.16951004441273,306.9466552734375,25075800,0.0102628039109397,1
2026-03-19,JPM,284.1392586396808,286.7441374214082,281.9008401776293,285.2188415527344,9846700,0.0037994852179951,1
2026-03-19,BRK-B,483.8999938964844,484.25,478.80999755859375,481.4800109863281,4045600,-0.0050009980175241,-1
2026-03-19,UNH,282.3871618979052,285.9169892839216,278.4794876796185,278.8473815917969,5542100,-0.0125352026711047,-1
2026-03-19,META,611.5832104537112,612.4323990135786,601.7023533616688,606.1382446289062,13247700,-0.0089030662250612,-1
2026-03-19,AMZN,207.05999755859372,209.1199951171875,206.0500030517578,208.75999450683597,36440600,0.0082101659822589,1
2026-03-19,AAPL,249.17043241392184,251.5982036354298,247.0723745163624,248.73085021972656,34864100,-0.001764182812289,-1
2026-03-19,MSFT,389.2569126674818,391.6417315076428,386.2234742615233,388.1792297363281,25138800,-0.002768564657641,-1
2026-03-18,AMZN,213.92999267578125,215.13999938964844,208.8300018310547,209.8699951171875,37846600,-0.0189781596671525,-1
2026-03-18,BRK-B,491.1400146484375,491.3800048828125,483.7999877929688,484.4700012207031,4356400,-0.0135806760369725,-1
2026-03-18,META,615.769347359454,622.0735023862151,614.04090772979,615.1099243164062,11726300,-0.0010708929339783,-1
2026-03-18,TSLA,399.0,403.0700073242188,392.30999755859375,392.7799987792969,50853100,-0.015588975490484,-1
2026-03-18,AAPL,252.3974721128864,254.70534343896443,248.7708084606242,249.7099456787109,35757900,-0.0106479926747183,-1
2026-03-18,UNH,283.5803557381978,286.7621646688093,281.4624471949345,282.7152709960937,4544100,-0.0030505806364905,-1
2026-03-18,GOOGL,309.0853604878573,312.2834623461404,306.74676108497374,307.5063171386719,20009800,-0.0051087613683582,-1
2026-03-18,MSFT,396.271723303423,397.13983817793417,390.1549666521916,390.9432678222656,25908500,-0.0134464690963514,-1
2026-03-18,JPM,284.08974843243266,286.6451172582804,282.3960934275981,284.9910583496094,10057000,0.0031726238702734,1
2026-03-17,AMZN,212.82000732421875,215.6999969482422,212.42999267578125,215.1999969482422,44969900,0.0111831103379188,1
2026-03-17,GOOGL,305.6773980936512,311.2341070358109,305.3176276402165,310.7344055175781,21955200,0.0165436092281105,1
2026-03-17,JPM,286.23902796907333,288.97266988082987,283.2181783456238,284.1492004394531,8961200,-0.0073009873756488,-1
2026-03-17,TSLA,395.6900024414063,400.1199951171875,393.0,399.2699890136719,46890500,0.0090474526780487,1
2026-03-17,META,627.4085169382369,635.9605885584036,621.1243629754691,622.0834350585938,10348800,-0.0084874236416642,-1
2026-03-17,MSFT,399.4049101655112,403.5259891234105,396.8903674487218,398.5467834472656,26228300,-0.0021485131915127,-1
2026-03-17,UNH,286.16556405202414,287.3488084380985,283.22238246669014,285.9368896484375,5752000,-0.0007990982574865,-1
2026-03-17,AAPL,252.72716690012703,254.89516767044785,251.94787083452104,253.99598693847656,32361600,0.0050205130454017,1
2026-03-17,BRK-B,494.8399963378906,496.9599914550781,491.4100036621094,492.5799865722656,4424900,-0.0045671525793194,-1
2026-03-16,BRK-B,492.7699890136719,496.6300048828125,491.0799865722656,492.2099914550781,3752000,-0.0011364278894391,-1
2026-03-16,JPM,283.6044205599556,286.506421278288,281.89093739443587,283.4261474609375,8149000,-0.0006285977442316,-1
2026-03-16,MSFT,397.209690545171,399.7641553863696,393.9367805641587,399.0856323242188,27733700,0.0047227996287629,1
2026-03-16,TSLA,396.2200012207031,403.7300109863281,394.4200134277344,395.55999755859375,58068300,-0.0016657504923426,-1
2026-03-16,GOOGL,304.16832484157635,306.3070315122431,302.8391017033621,305.3775939941406,23519700,0.0039756577322576,1
2026-03-16,AMZN,208.3500061035156,212.72000122070312,207.4499969482422,211.7400054931641,42209300,0.0162706949380369,1
2026-03-16,META,631.4147932406764,634.1622468505053,622.5230098937741,626.8690185546875,15134900,-0.0071993477736848,-1
2026-03-16,UNH,282.36727883683284,285.767839547621,279.44397276937343,283.8686828613281,4854000,0.0053172025833874,1
2026-03-16,AAPL,251.8779423541949,253.6563027081548,249.6499992581203,252.58729553222656,32074200,0.0028162576341607,1
2026-03-13,BRK-B,493.3200073242188,494.4500122070313,489.7699890136719,490.0299987792969,3565700,-0.006669116387083,-1
2026-03-13,JPM,281.9504072447318,284.4463214441296,280.2468381234208,280.7321472167969,9091200,-0.0043208308859703,-1
2026-03-13,GOOGL,306.8267356773544,307.50632242162294,300.26065041451466,302.0995483398437,23693100,-0.0154066995728871,-1
2026-03-13,AMZN,209.6100006103516,210.55999755859372,206.22000122070312,207.6699981689453,35662100,-0.0092552952423895,-1
2026-03-13,TSLA,399.1700134277344,400.2000122070313,389.9500122070313,391.2000122070313,58504100,-0.0199664327294114,-1
2026-03-13,AAPL,255.2448374700317,256.0940459350445,249.29033192864068,249.8897705078125,36930000,-0.020980118600236,-1
2026-03-13,META,622.7790526456299,628.0496188589474,608.4645611002024,612.6171875,18957600,-0.0163169668319145,-1
2026-03-13,MSFT,400.1333630935344,403.9251383935716,393.3979511212616,394.6951293945313,26848000,-0.0135910528853647,-1
2026-03-13,UNH,276.4808941849521,281.2735286763525,276.2323139355343,280.4880065917969,4737600,0.0144932705699518,1
2026-03-12,JPM,280.1279538528093,281.167940752382,276.4336079693154,280.1874084472656,13760500,0.0002122408479361,1
2026-03-12,AAPL,258.4219063383753,258.71164792954545,253.94601921584928,255.52456665039065,40794000,-0.0112116644019758,-1
2026-03-12,META,647.5948883988538,652.3364309343367,635.7660119177681,637.043701171875,11617500,-0.0162928821953274,-1
2026-03-12,AMZN,210.38999938964844,211.7100067138672,208.1499938964844,209.52999877929688,44349500,-0.0040876496641782,-1
2026-03-12,TSLA,405.1799926757813,406.5,394.6499938964844,395.010009765625,60973800,-0.0250999138506182,-1
2026-03-12,UNH,283.1627358622739,285.9269470548217,274.7209602020642,275.47662353515625,10512300,-0.027143798790163,-1
2026-03-12,BRK-B,492.3500061035156,493.3999938964844,489.0199890136719,491.8900146484375,4170900,-0.0009342773420854,-1
2026-03-12,MSFT,403.7555185610488,405.2422886286942,400.8418158660113,400.9914855957031,27263900,-0.0068458085110426,-1
2026-03-12,GOOGL,306.636841807898,308.7555713296518,300.8502897843219,303.3687744140625,24928300,-0.0106577780235647,-1
2026-03-11,JPM,286.05081661783123,287.70487537204474,282.13854132603683,284.77313232421875,10205000,-0.0044666339663679,-1
2026-03-11,TSLA,402.2799987792969,416.3800048828125,402.1499938964844,407.8200073242188,62559900,0.0137715237191329,1
2026-03-11,GOOGL,306.56689883882945,311.2341247037885,305.7374076911934,308.5157470703125,24125700,0.0063570080098817,1
2026-03-11,AAPL,260.8496568052655,261.888707997661,259.3110658747261,260.5699157714844,26218900,-0.0010724224720371,-1
2026-03-11,BRK-B,493.0899963378906,493.7999877929688,489.25,493.5700073242188,3845700,0.0009734754099517,1
2026-03-11,META,653.5941721528687,657.9463943013674,647.2055433479961,653.6939697265625,8977200,0.0001526904277084,1
2026-03-11,UNH,280.7763694963311,284.59455850401093,279.00647932593364,283.63006591796875,6878800,0.0101635918533911,1
2026-03-11,AMZN,215.7100067138672,217.0,211.3500061035156,212.6499938964844,34199300,-0.0141857712769061,-1
2026-03-11,MSFT,404.6934855668013,408.1260534422115,400.7220762180728,404.0049743652344,25512100,-0.0017013152574043,-1
2026-03-10,META,652.3962938458964,659.1242831137364,647.8444156429986,652.9053955078125,9859300,0.0007803564592848,1
2026-03-10,MSFT,409.1438479339772,409.3134939311744,402.05918625996463,404.8830871582031,31706400,-0.0104138453927373,-1
2026-03-10,UNH,285.7479583300972,285.9468043127463,277.3161057836816,280.736572265625,6075600,-0.0175377843248944,-1
2026-03-10,AAPL,257.4128391437035,262.2384104290217,256.71350175461305,260.58990478515625,30590800,0.0123422967246755,1
2026-03-10,BRK-B,495.1300048828125,498.6700134277344,492.30999755859375,494.1400146484375,3598700,-0.0019994551423101,-1
2026-03-10,TSLA,402.2200012207031,406.5899963378906,398.1900024414063,399.239990234375,59258700,-0.007408908003789,-1
2026-03-10,GOOGL,305.98724420005084,309.3252467158022,305.3875962722132,306.8567199707031,23239700,0.0028415425385635,1
2026-03-10,JPM,286.5262662545288,289.9532025593205,284.43640849634494,285.9716186523437,8344900,-0.0019357652945238,-1
2026-03-10,AMZN,214.19000244140625,215.6499938964844,212.42999267578125,214.3300018310547,35678800,0.0006536224289307,1
2026-03-09,MSFT,404.044890641513,409.3234358422322,402.62794618065146,408.5251770019531,30131900,0.0110885856106895,1
2026-03-09,UNH,280.39852614134315,283.5803655260448,277.0774975936055,283.550537109375,10348800,0.0112411823678523,1
2026-03-09,GOOGL,294.1842573074437,306.6168332730834,293.9044256827884,306.1770935058594,29312100,0.0407664105080996,1
2026-03-09,AAPL,255.45463216869052,260.9095975388004,253.44647267699952,259.6407775878906,38218500,0.0163870405623951,1
2026-03-09,META,633.6497121926325,646.5965879982328,625.6639573427893,646.2372436523438,13489700,0.0198651261375221,1
2026-03-09,AMZN,210.4499969482422,213.82000732421875,207.1100006103516,213.4900054931641,54642900,0.0144452772107643,1
2026-03-09,TSLA,390.0499877929688,401.5899963378906,381.3999938964844,398.6799926757813,67018900,0.0221253817533591,1
2026-03-09,BRK-B,494.8999938964844,498.8200073242188,490.2099914550781,497.2000122070313,5833600,0.004647440571656,1
2026-03-09,JPM,282.7724816341387,288.31898819476027,277.7707387954701,287.1502685546875,12241100,0.0154816582407509,1
2026-03-06,BRK-B,499.25,500.7000122070313,491.8800048828125,498.9800109863281,5564400,-0.0005407892111604,-1
2026-03-06,MSFT,408.3156433731429,412.1572983375802,407.6271321747383,408.0761413574219,31123900,-0.0005865609599044,-1
2026-03-06,GOOGL,295.7050936872067,300.1393243405422,294.7962729857715,298.1319274902344,25576900,0.008206939463798,1
2026-03-06,UNH,283.5041446062434,287.4408703764128,279.27140562669894,282.6556396484375,6816900,-0.0029929190593823,-1
2026-03-06,AMZN,214.9900054931641,217.32000732421875,212.52999877929688,213.2100067138672,51152700,-0.008279448968866,-1
2026-03-06,JPM,283.6044306839189,287.21955415339994,280.99955170429564,286.7144470214844,13496500,0.0109660357917032,1
2026-03-06,AAPL,258.39192833924307,258.53178361058343,254.13584003818684,257.2229919433594,41120000,-0.0045238889751578,-1
2026-03-06,META,646.7463568472266,648.3135076492586,634.9773114336934,643.7117309570312,13159400,-0.0046921422255683,-1
2026-03-06,TSLA,398.0899963378906,402.3500061035156,394.2099914550781,396.7300109863281,64054600,-0.0034162761286977,-1
2026-03-05,TSLA,401.5700073242188,408.6199951171875,399.4200134277344,405.5499877929688,51925900,0.0099110501186824,1
2026-03-05,AMZN,215.97999572753903,220.47000122070312,215.58999633789065,218.94000244140625,60943400,0.0137050040393614,1
2026-03-05,GOOGL,302.6460567428228,302.9056980180265,297.6026034525966,300.4888610839844,35752300,-0.0071277837948885,-1
2026-03-05,BRK-B,493.75,500.8599853515625,492.510009765625,500.3999938964844,8963400,0.0134683420688291,1
2026-03-05,META,660.751362594833,669.5057662619517,649.1520579976961,659.393798828125,13341400,-0.0020545758110535,-1
2026-03-05,UNH,286.1779504316799,287.5000885291143,282.91213985723385,284.9150390625,5397900,-0.0044130282129524,-1
2026-03-05,JPM,295.1332451958745,298.3620800816865,289.63624924146006,290.7455444335937,12732500,-0.014866846869009,-1
2026-03-05,MSFT,403.54596943015656,410.7204021828405,403.525993165685,409.79241943359375,39001300,0.0154789056925974,1
2026-03-05,AAPL,260.549954795684,261.3192350446657,257.0132047817476,260.0504150390625,49658600,-0.0019172513655325,-1
2026-03-04,MSFT,400.4027502952161,410.14166638677375,399.4448336072076,404.32427978515625,35808000,0.0097939624217086,1
2026-03-04,META,656.788453587829,671.5720803574089,656.4989309709863,666.541015625,10810100,0.0148488634108833,1
2026-03-04,JPM,297.12402886142485,298.12438947518206,292.99388398032096,296.52978515625,8055700,-0.0019999853510736,-1
2026-03-04,GOOGL,302.49628364637806,305.07291645770977,300.3590508331652,302.7359619140625,29536200,0.0007923345860494,1
2026-03-04,AAPL,264.4063951364299,265.9050144519466,261.179387723623,262.2783508300781,39803100,-0.0080483844017984,-1
2026-03-04,BRK-B,481.0,489.1799926757813,479.8800048828125,487.4800109863281,4369100,0.0134719563125324,1
2026-03-04,UNH,285.15186859441445,290.4107024732037,283.83960657712646,288.0624694824219,7796000,0.0102071955633835,1
2026-03-04,AMZN,210.47000122070312,217.5399932861328,210.1499938964844,216.82000732421875,54731100,0.0301705994521132,1
2026-03-04,TSLA,397.8500061035156,408.3299865722656,394.5799865722656,405.9400024414063,68305500,0.0203342873288424,1
2026-03-03,JPM,289.4975898716125,299.5011046657454,286.73423592223537,297.3914489746094,10278200,0.0272674432505558,1
2026-03-03,GOOGL,298.2018299939976,303.5448811012492,296.3242691134317,303.1853332519531,35497000,0.0167118466645756,1
2026-03-03,UNH,285.13211781491367,289.8187076809586,280.56392119101315,285.34918212890625,7051100,0.0007612762660903,1
2026-03-03,TSLA,395.0899963378906,396.3399963378906,385.3900146484375,392.4299926757813,62617300,-0.0067326525266776,-1
2026-03-03,MSFT,392.2903484387299,405.82103971635513,391.8213629990231,403.0570068359375,38199200,0.0274456367332453,1
2026-03-03,AMZN,203.1000061035156,209.17999267578125,202.47999572753903,208.72999572753903,43184900,0.0277202828893759,1
2026-03-03,AAPL,263.23749216234586,265.3155642216452,259.8905695547566,263.5072326660156,38568900,0.0010247039715125,1
2026-03-03,META,647.1356255764312,657.866484005116,637.7025010942567,653.91357421875,12263800,0.0104737683639058,1
2026-03-03,BRK-B,477.0799865722656,483.4800109863281,472.5199890136719,481.3599853515625,6348700,0.0089712394142707,1
2026-03-02,JPM,291.9935267958635,297.11414843979566,290.4088063693875,294.7172546386719,8508900,0.0093280418668752,1
2026-03-02,GOOGL,302.83581985466094,308.0889612664211,300.908305641281,306.1215209960937,34790200,0.0108497770937721,1
2026-03-02,BRK-B,495.2300109863281,495.75,477.9100036621094,480.1700134277344,11725300,-0.0304101068685223,-1
2026-03-02,UNH,284.31321524046825,291.36776038144785,283.6620222891216,290.9928283691406,8141400,0.0234938538577,1
2026-03-02,AMZN,204.5500030517578,209.72999572753903,203.4600067138672,208.38999938964844,46001000,0.0187728979740908,1
2026-03-02,META,636.0254184162494,658.764884603327,633.3701817354564,652.396240234375,9816100,0.0257392571807745,1
2026-03-02,AAPL,262.16844722421786,266.2846497598317,259.960490133898,264.476318359375,41827900,0.0088030087510239,1
2026-03-02,MSFT,392.0109241194205,400.3229381169724,389.78576315389057,397.6886291503906,35474900,0.0144835377833515,1
2026-03-02,TSLA,390.6000061035156,404.5400085449219,388.25,403.3200073242188,55088300,0.0325652867945222,1
2026-02-27,GOOGL,303.7446468483449,311.9639287272481,303.4050620118916,311.354736328125,44640600,0.025054234070435,1
2026-02-27,MSFT,390.03523926255787,395.9624042352165,389.0374004516944,391.8912048339844,51367200,0.0047584561203638,1
2026-02-27,META,642.3042597917192,648.2835840137412,636.9837335400734,647.0258178710938,15703000,0.0073509680301755,1
2026-02-27,BRK-B,502.9400024414063,506.5199890136719,501.1600036621094,504.9500122070313,6364900,0.0039965199742869,1
2026-02-27,AAPL,272.5588900215503,272.5588900215503,262.6480379442022,263.93682861328125,72366500,-0.0316337559475215,-1
2026-02-27,UNH,280.899378965855,290.2034849465505,280.06072010966534,289.3549499511719,9723300,0.0301017788520802,1
2026-02-27,JPM,297.13393894248406,300.0557680991628,291.636973162459,297.4310607910156,18620800,0.0009999593098958,1
2026-02-27,TSLA,402.9400024414063,407.1199951171875,398.1099853515625,402.510009765625,56890100,-0.0010671382170445,-1
2026-02-27,AMZN,206.8300018310547,210.3300018310547,205.1999969482422,210.0,57422800,0.0153265877333147,1
2026-02-26,UNH,283.1489568057956,291.31842132234294,281.422318519362,282.8332214355469,10210000,-0.0011150857619626,-1
2026-02-26,AMZN,210.72999572753903,211.0500030517578,205.3500061035156,207.9199981689453,47756800,-0.0133345874605668,-1
2026-02-26,MSFT,403.8353349281015,406.6093255926281,397.8782360341113,400.851806640625,34405900,-0.0073879822527359,-1
2026-02-26,BRK-B,494.6499938964844,503.7200012207031,494.4500122070313,502.6700134277344,4577000,0.0162135239668644,1
2026-02-26,AAPL,274.6969199809464,275.8558253670768,270.55071567552415,272.6987609863281,32345100,-0.0072740495042932,-1
2026-02-26,GOOGL,312.23361045347764,312.73296049797625,301.95697800388234,306.9804382324219,36431200,-0.0168244930884482,-1
2026-02-26,META,649.3916295582877,659.823034651462,646.3470725216666,655.8401489257812,10637700,0.0099300931425306,1
2026-02-26,JPM,301.67017313360896,306.05787397622345,300.73918125790124,303.20538330078125,7007800,0.0050890353236624,1
2026-02-26,TSLA,414.4200134277344,416.80999755859375,403.6600036621094,408.5799865722656,53602500,-0.0140920483235472,-1
2026-02-25,BRK-B,495.6199951171875,497.2300109863281,490.8999938964844,493.989990234375,3475500,-0.0032888198597134,-1
2026-02-25,MSFT,389.68597856263057,400.6023372807383,389.31678308531696,399.7342224121094,43625500,0.0257854898617139,1
2026-02-25,JPM,295.7869507950724,300.75898123488724,294.1725181992404,300.40240478515625,8095500,0.0156039811008482,1
2026-02-25,UNH,273.5883087457124,280.93883645242494,273.17390231272435,280.40606689453125,11380600,0.0249197715358356,1
2026-02-25,TSLA,412.1499938964844,420.3399963378906,412.1499938964844,417.3999938964844,54809700,0.0127380809844645,1
2026-02-25,AAPL,271.5298429675081,274.6869380517792,270.8005039088116,273.97760009765625,33714300,0.0090146891531221,1
2026-02-25,META,641.3858999809694,652.7156650876909,640.9965798171046,652.5260009765625,11330700,0.0173687962206896,1
2026-02-25,AMZN,210.4600067138672,211.58999633789065,208.92999267578125,210.63999938964844,41346400,0.0008552345815799,1
2026-02-25,GOOGL,311.6543207518016,313.2322838254539,309.0377316182752,312.49322509765625,29963600,0.0026917783261626,1
2026-02-24,META,631.9527863953055,639.9684568961466,627.8600500948714,638.1616821289062,10135600,0.0098249360826727,1
2026-02-24,AAPL,267.61343657617186,274.6369951599546,267.46358073991865,271.8895263671875,47014600,0.0159786064770276,1
2026-02-24,GOOGL,310.11633870149166,311.8640638461802,305.5323089793432,310.495849609375,25615600,0.0012237694713939,1
2026-02-24,MSFT,383.3098196996745,388.5185091169527,380.8850482189813,388.1593017578125,33884700,0.0126515988083416,1
2026-02-24,JPM,293.98432184665864,296.886322684036,288.5962907533433,294.459716796875,13554100,0.001617075860475,1
2026-02-24,AMZN,205.47000122070312,210.3600006103516,203.25,208.55999755859372,41137200,0.0150386738673911,1
2026-02-24,UNH,278.4327740747045,278.63008610216724,268.1715851207944,270.2929077148437,9684500,-0.0292345841358345,-1
2026-02-24,TSLA,399.5,410.8200073242188,397.6400146484375,409.3800048828125,58579500,0.0247309258643617,1
2026-02-24,BRK-B,493.489990234375,495.2200012207031,488.260009765625,494.510009765625,3224300,0.0020669508023162,1
2026-02-23,JPM,305.8498457788993,308.02884001734253,292.2807478108573,294.8262023925781,12955400,-0.0360426645246382,-1
2026-02-23,BRK-B,496.5,503.5499877929688,493.7300109863281,494.0899963378906,3556500,-0.004853985220764,-1
2026-02-23,META,651.3781101885919,656.5289567660449,634.8675821094057,636.1153564453125,8605900,-0.0234314808934251,-1
2026-02-23,TSLA,407.2900085449219,407.7000122070313,394.0400085449219,399.8299865722656,69680000,-0.0183162410472768,-1
2026-02-23,AMZN,208.1000061035156,208.42999267578125,203.1100006103516,205.2700042724609,53581500,-0.0135992395389308,-1
2026-02-23,AAPL,263.24744081710827,269.1819753311392,263.13755670993424,265.9349670410156,37308200,0.0102091257395148,1
2026-02-23,MSFT,394.14630950985264,394.50551684604494,382.27203437696886,383.6390686035156,43238300,-0.0266582247577136,-1
2026-02-23,UNH,284.6979833712643,287.8749991147026,277.90985337545374,278.5708923339844,7247500,-0.0215213714011096,-1
2026-02-23,GOOGL,318.6352220336332,319.1046122516075,309.4671633706354,311.0850524902344,31423000,-0.0236953388116079,-1
2026-02-20,UNH,285.0433100706192,286.9179399107358,281.73802502847053,286.1286315917969,6974100,0.0038075670708034,1
2026-02-20,TSLA,408.2999877929688,414.7000122070313,405.5,411.8200073242188,57912200,0.0086211600207905,1
2026-02-20,AAPL,258.73163460792017,264.5063132392292,257.9223826043077,264.3364562988281,42070500,0.0216626841916778,1
2026-02-20,JPM,305.4536802835111,308.0288471084009,302.75966472033866,307.82086181640625,7792700,0.0077497233973347,1
2026-02-20,GOOGL,303.9243808328656,316.08853909864735,303.504913437054,314.5705261230469,53210800,0.0350289281202346,1
2026-02-20,BRK-B,496.6499938964844,498.3399963378906,491.80999755859375,498.2000122070313,4326700,0.0031209470041188,1
2026-02-20,META,638.5510179511008,662.1688639053526,637.642665037141,654.4925537109375,14183500,0.0249651716334081,1
2026-02-20,MSFT,395.2539159508346,399.2552593187824,394.3059873534157,396.37152099609375,34015200,0.0028275622331801,1
2026-02-20,AMZN,204.75999450683597,211.1699981689453,203.75,210.1100006103516,65881600,0.0261281805383962,1
2026-02-19,BRK-B,497.8699951171875,500.5,495.6799926757813,496.9400024414063,2610400,-0.0018679428061583,-1
2026-02-19,META,637.432932921519,646.0375787806976,635.5861905818066,643.6318969726562,10035700,0.009724888268207,1
2026-02-19,UNH,287.00677646545466,287.00677646545466,283.0601744920274,286.0595703125,4931800,-0.0033002919464818,-1
2026-02-19,GOOGL,301.42763905495286,305.0728879320441,299.64995428739604,302.456298828125,25834400,0.0034126259171097,1
2026-02-19,MSFT,399.82403795970674,403.5559453902056,395.8127368785549,397.5988464355469,28234000,-0.0055654270701555,-1
2026-02-19,TSLA,407.25,415.25,404.1099853515625,411.7099914550781,51019600,0.0109514830081721,1
2026-02-19,AMZN,203.8000030517578,205.63999938964844,202.80999755859372,204.8600006103516,35669600,0.0052011655678167,1
2026-02-19,JPM,304.2354272061944,306.2262038721237,302.2049939958365,305.10699462890625,6737700,0.0028647795252363,1
2026-02-19,AAPL,262.35827847824623,264.2365527856389,259.81060750150084,260.3401184082031,30845300,-0.0076923818899446,-1
2026-02-18,META,632.67143641335,643.8515057528024,627.0315334227189,642.0746459960938,14649200,0.0148627060454176,1
2026-02-18,GOOGL,301.6972906518214,304.983022308801,300.8583862777236,302.9356689453125,28482100,0.0041047047217944,1
2026-02-18,UNH,286.1286505407075,286.25691992582074,282.46818554567625,284.3526916503906,6632000,-0.0062068544585129,-1
2026-02-18,MSFT,396.3648548030424,400.77520665339193,394.5628820536712,397.8283386230469,23223400,0.0036922643424873,1
2026-02-18,AMZN,202.07000732421875,206.8600006103516,201.50999450683597,204.7899932861328,51003300,0.0134606119826079,1
2026-02-18,JPM,305.51309749540866,309.2966101142475,304.2849535938903,305.8300476074219,7209600,0.0010374354311208,1
2026-02-18,TSLA,411.1099853515625,416.8999938964844,409.5799865722656,411.3200073242188,45921400,0.0005108656567333,1
2026-02-18,AAPL,263.35737977838915,266.57441720150126,262.20844437502524,264.106689453125,34203300,0.0028452199644695,1
2026-02-18,BRK-B,504.739990234375,505.2699890136719,497.6799926757813,499.0700073242188,3732500,-0.0112334727183463,-1
2026-02-17,BRK-B,500.0199890136719,506.0899963378906,499.2099914550781,503.4100036621094,4263300,0.006779758255514,1
2026-02-17,UNH,290.07523123064414,290.3021716729731,284.4907860910092,285.23077392578125,6091700,-0.0167006927282632,-1
2026-02-17,AAPL,257.8124646511843,266.0449008431299,255.30478047881587,263.6371154785156,58469100,0.0225925881249068,1
2026-02-17,MSFT,397.4500470508712,398.7442713079252,392.7808378797226,395.1004943847656,32078800,-0.0059115672108721,-1
2026-02-17,AMZN,198.1300048828125,201.7400054931641,196.0,201.1499938964844,69879200,0.0152424617132478,1
2026-02-17,META,638.3613203754355,641.4557762130754,627.6803603746322,638.1516723632812,12674700,-0.0003284159072027,-1
2026-02-17,JPM,299.8675850307636,305.29521237973853,299.6100592744303,304.1958312988281,8896800,0.0144338584232786,1
2026-02-17,GOOGL,299.6499434457439,304.0442171582303,295.86486207725466,301.6273498535156,39247600,0.0065990548338941,1
2026-02-17,TSLA,412.3599853515625,413.7200012207031,400.510009765625,410.6300048828125,59678800,-0.0041953160592803,-1
2026-02-13,MSFT,402.65686886295305,403.7420326637702,396.2852191820681,399.5407409667969,34091600,-0.0077389165245229,-1
2026-02-13,GOOGL,307.32996759040856,308.2287915112591,303.31517401115394,305.32257080078125,38499700,-0.0065317313679694,-1
2026-02-13,AMZN,198.8800048828125,201.16000366210935,197.27999877929688,198.7899932861328,66321600,-0.0004525924902944,-1
2026-02-13,META,643.9512634857649,650.2700088851722,633.4400456540794,638.6307983398438,12336400,-0.0082622171080479,-1
2026-02-13,BRK-B,500.1499938964844,502.3800048828125,495.5,497.5499877929688,4685900,-0.0051984527346685,-1
2026-02-13,TSLA,414.30999755859375,424.05999755859375,410.8800048828125,417.4400024414063,51434100,0.0075547413802628,1
2026-02-13,JPM,295.66807823097014,301.3829738793206,293.6871852314235,299.6595764160156,9114500,0.0134999294104634,1
2026-02-13,UNH,281.81695692254965,289.5424162609187,280.71191329863694,289.2760314941406,10281900,0.0264677990034535,1
2026-02-13,AAPL,261.7688319830923,261.9886306947134,255.21485759663088,255.5445556640625,56290700,-0.0237777594524004,-1
2026-02-12,META,668.7770306530766,674.7963229561075,644.1310518439949,648.6529541015625,14960100,-0.0300908608237673,-1
2026-02-12,TSLA,430.2999877929688,436.2300109863281,414.0,417.0700073242188,61933400,-0.0307459466513286,-1
2026-02-12,GOOGL,311.68427643298344,315.8288752987113,306.8006493270844,308.5982971191406,47761300,-0.0099009784810442,-1
2026-02-12,UNH,274.4467004687212,282.4878958393087,272.1280658242715,280.57379150390625,12336900,0.0223252494007788,1
2026-02-12,AMZN,203.9600067138672,203.9600067138672,197.55999755859372,199.6000061035156,83975400,-0.021376742826196,-1
2026-02-12,JPM,309.2966374972976,310.6238322045743,297.1537535117247,299.7487487792969,13443400,-0.0308696815951778,-1
2026-02-12,AAPL,275.3363333447182,275.46621856633783,259.94051360693726,261.4891052246094,81077200,-0.0502920480994864,-1
2026-02-12,MSFT,403.20440420967,404.3990960787573,396.24540458526855,400.0584106445313,40802400,-0.0078024781780478,-1
2026-02-12,BRK-B,501.2099914550781,507.7099914550781,499.8800048828125,500.010009765625,4689900,-0.0023941695295606,-1
2026-02-11,AAPL,274.44714753122867,279.92208361183503,274.1973776592452,275.24639892578125,51931300,0.002912223361555,1
2026-02-11,GOOGL,318.55535268111106,320.64263210541753,309.25745775560665,310.5557556152344,45406400,-0.025112110025929,-1
2026-02-11,BRK-B,499.3500061035156,503.30999755859375,497.2799987792969,500.0199890136719,3614400,0.0013417100269692,1
2026-02-11,TSLA,427.9599914550781,436.3500061035156,420.0299987792969,428.2699890136719,57362000,0.0007243610729585,1
2026-02-11,AMZN,208.05999755859372,208.57000732421875,202.4900054931641,204.0800018310547,65545500,-0.0191290770654662,-1
2026-02-11,MSFT,414.33481566901673,414.61357304478975,399.2320904458023,402.5771789550781,42491000,-0.0283771391379549,-1
2026-02-11,META,672.7998711552045,678.0605068549233,655.9299390360635,667.4993286132812,14323800,-0.0078783346566672,-1
2026-02-11,UNH,268.8030763257778,275.95629276204994,266.198304439543,275.18670654296875,6333100,0.0237483525279832,1
2026-02-11,JPM,320.1518827061323,322.1724018130651,305.78052608370194,307.8505554199219,8703500,-0.0384234107331545,-1
2026-02-10,AAPL,274.6369782150198,275.11651686144285,272.68876099546605,273.4280700683594,34376900,-0.0044018404022561,-1
2026-02-10,MSFT,417.75959730190846,421.801594739736,410.8702943432265,411.437744140625,44857900,-0.0151327538663695,-1
2026-02-10,META,676.39338857878,679.4380062536881,668.5972981068446,669.525634765625,10455800,-0.0101534904526274,-1
2026-02-10,GOOGL,320.5527401483992,321.25184233940706,314.2009923012897,318.16583251953125,39170000,-0.0074462243803092,-1
2026-02-10,JPM,319.4684837021083,323.01429884581904,312.1094739861534,315.2392883300781,9902200,-0.013238224074628,-1
2026-02-10,BRK-B,497.8999938964844,501.3299865722656,497.2999877929688,500.2999877929688,3789100,0.0048202328296941,1
2026-02-10,UNH,273.8152476410468,275.7589504136547,269.01026431799795,269.5726623535156,7284700,-0.0154943354107616,-1
2026-02-10,AMZN,208.8000030517578,212.6499938964844,206.41000366210935,206.9600067138672,67175000,-0.0088122428687633,-1
2026-02-10,TSLA,418.0799865722656,427.25,417.0,425.2099914550781,64450200,0.0170541645422198,1
2026-02-09,META,661.9991209626965,682.0932819515241,657.6069922476072,676.0140991210938,14837500,0.0211706899822107,1
2026-02-09,UNH,270.4902050418196,276.43970583527863,269.6712984464802,272.01953125,10371600,0.0056539060552819,1
2026-02-09,MSFT,403.0550898097971,413.0505856348112,399.0927243377603,411.7662963867188,45480500,0.0216129427394962,1
2026-02-09,AMZN,208.97000122070312,212.80999755859372,203.3500061035156,208.72000122070312,91178400,-0.0011963439658305,-1
2026-02-09,JPM,318.27007812796035,323.2817350541263,317.0518180384032,319.0228271484375,11477500,0.0023651265771032,1
2026-02-09,AAPL,277.6541982366954,277.9439398399519,271.4499228389202,274.3672180175781,44623400,-0.0118383955293741,-1
2026-02-09,BRK-B,507.3200073242188,507.6099853515625,497.2900085449219,498.0799865722656,4573000,-0.018213397103513,-1
2026-02-09,TSLA,409.9100036621094,421.25,407.2900085449219,417.3200073242188,54484300,0.0180771476565804,1
2026-02-09,GOOGL,320.5127991892576,327.2740180221729,316.84758707958963,323.8984069824219,39640100,0.0105630970174303,1
2026-02-06,UNH,263.49487369356603,274.10136630983425,262.85355690624687,272.95684814453125,9572800,0.0359095200537719,1
2026-02-06,TSLA,400.8699951171875,414.5499877929688,397.75,411.1099853515625,62677100,0.025544416791238,1
2026-02-06,AMZN,202.6999969482422,211.44000244140625,200.30999755859372,210.32000732421875,179210900,0.0375925529881594,1
2026-02-06,META,664.3050190645899,670.7934451675868,645.3488423980709,660.2822265625,18159300,-0.0060556406870964,-1
2026-02-06,JPM,311.7034102684662,321.1522783634816,311.7034102684662,319.3199462890625,17797400,0.0244352027269649,1
2026-02-06,GOOGL,326.75466854448496,329.95052083207565,319.50412705068965,322.4402770996094,56380500,-0.0132037637414451,-1
2026-02-06,BRK-B,504.1799926757813,509.6600036621094,502.8900146484375,508.0899963378906,4421600,0.0077551741816612,1
2026-02-06,MSFT,397.4002746193236,400.0086538663787,391.1779842848308,399.3615417480469,53515300,0.0049352435163815,1
2026-02-06,AAPL,276.6060720438839,280.3890519626743,276.4164219647768,277.6042175292969,50453400,0.003608545098224,1
2026-02-05,AMZN,224.91000366210935,226.30999755859372,220.3800048828125,222.69000244140625,103509200,-0.009870620179431,-1
2026-02-05,MSFT,405.6335909812077,406.4897635323938,390.5806313349955,391.9246520996094,66289200,-0.0337963600313205,-1
2026-02-05,AAPL,277.6142303156022,278.98168486317746,272.72332314901723,275.3983459472656,52977400,-0.0079818832262937,-1
2026-02-05,TSLA,397.0199890136719,402.1000061035156,387.5299987792969,397.2099914550781,72819800,0.0004785714741423,1
2026-02-05,UNH,270.62839103777486,273.1936885205944,262.73518654305985,264.9649963378906,13035300,-0.0209268313578146,-1
2026-02-05,JPM,311.99062599899656,312.9909865673853,302.6210112179966,307.1968688964844,9388000,-0.0153650677393352,-1
2026-02-05,BRK-B,505.9100036621094,506.6300048828125,497.6099853515625,503.8900146484375,5033900,-0.0039927832994996,-1
2026-02-05,GOOGL,311.814107165092,332.25749685616427,306.06158556074746,330.8193664550781,88205800,0.0609506076000712,1
2026-02-05,META,662.3984629374214,680.2865379695924,652.3363940764909,669.0166625976562,17131800,0.009991266632604,1
2026-02-04,UNH,278.2453003524489,280.7020503139632,270.39154116696983,272.2366027832031,12944100,-0.0215949651679099,-1
2026-02-04,TSLA,420.4599914550781,423.8999938964844,399.1799926757813,406.010009765625,74606900,-0.0343670788734175,-1
2026-02-04,JPM,311.40629013300924,316.25947197584406,311.40629013300924,314.23895263671875,9848800,0.0090963560899801,1
2026-02-04,MSFT,409.17783910585314,417.938812315792,407.4256323109538,412.3536987304688,45012400,0.0077615631177768,1
2026-02-04,META,686.5054510943589,687.6035290584308,666.2715840299333,667.798828125,16882800,-0.0272490523411557,-1
2026-02-04,GOOGL,342.514142570529,342.863693665196,328.09291217000737,332.6070556640625,70618400,-0.0289246068267865,-1
2026-02-04,AMZN,238.8600006103516,238.8600006103516,231.82000732421875,232.9900054931641,51299900,-0.0245750443866201,-1
2026-02-04,BRK-B,495.7999877929688,512.1300048828125,495.6700134277344,503.8299865722656,10591700,0.0161960447297347,1
2026-02-04,AAPL,271.7850411492978,278.432693698261,271.7850411492978,275.97723388671875,90545700,0.0154246632548039,1
2026-02-03,AAPL,268.70080609664296,271.3758289780004,267.11372779647115,268.98028564453125,64394700,0.001040114289005,1
2026-02-03,MSFT,420.1390072256922,420.178808008447,406.7486263222299,409.3868713378906,61424100,-0.0255918534172802,-1
2026-02-03,UNH,280.899399533992,284.2441289542904,274.88082567321817,280.3863220214844,10809100,-0.0018265525428633,-1
2026-02-03,AMZN,244.97999572753903,246.3500061035156,235.4499969482422,238.6199951171875,53831300,-0.0259613059077076,-1
2026-02-03,BRK-B,483.9500122070313,496.0400085449219,482.2000122070313,493.739990234375,6641200,0.0202293166244526,1
2026-02-03,GOOGL,346.8884575284791,348.5463032010534,337.0312933144156,339.26837158203125,36506700,-0.0219669631002992,-1
2026-02-03,META,706.1104025957663,715.7232596178901,685.1877035052055,690.4683227539062,13760700,-0.022152456307622,-1
2026-02-03,TSLA,424.2699890136719,428.55999755859375,413.6900024414063,421.9599914550781,56886500,-0.0054446404846214,-1
2026-02-03,JPM,306.77099053389486,313.22869052113475,306.14700443281885,311.8420715332031,12688000,0.0165305102365862,1
2026-02-02,JPM,301.5513012828864,306.3450582127215,298.49082554616626,305.1961669921875,9839400,0.0120870501761883,1
2026-02-02,GOOGL,335.78293445124825,344.3817273143538,335.1937050748485,343.24322509765625,32006100,0.0222175991719172,1
2026-02-02,BRK-B,481.2999877929688,488.0700073242188,478.5499877929688,487.2900085449219,5064600,0.0124455036440385,1
2026-02-02,AAPL,259.5478036352127,269.9883982625768,258.7293169184304,269.5093078613281,73913400,0.0383802293319193,1
2026-02-02,AMZN,238.30999755859372,245.6300048828125,238.1699981689453,242.9600067138672,37546100,0.0195124384327608,1
2026-02-02,META,713.3275184694113,720.0156002559207,702.2672920108814,705.152099609375,14365200,-0.0114609609868666,-1
2026-02-02,MSFT,428.332517897532,428.8303011436502,420.3779513468908,421.4929809570313,42219900,-0.0159678209211678,-1
2026-02-02,TSLA,421.2900085449219,427.1499938964844,414.5,421.80999755859375,58739500,0.0012342780581667,1
2026-02-02,UNH,282.201779365365,286.52331359037186,278.5117159450099,281.77752685546875,8664200,-0.0015033658216129,-1
2026-01-30,GOOGL,339.5580079569619,339.5580079569619,331.8580393103398,337.56060791015625,31024000,-0.0058823529411764,-1
2026-01-30,BRK-B,476.2999877929688,481.5,476.1300048828125,480.5299987792969,5082200,0.008880980673396,1
2026-01-30,MSFT,437.2229285851671,437.65101486434605,424.5593222020372,428.3822937011719,58566800,-0.0202199708798509,-1
2026-01-30,META,726.2045952530067,730.8662626744616,712.3193905555435,715.2241821289062,23744600,-0.0151202749140893,-1
2026-01-30,TSLA,425.3500061035156,439.8800048828125,422.7000122070313,430.4100036621094,82626100,0.0118960796661239,1
2026-01-30,UNH,288.200605503728,289.03926441710115,280.8993981188336,283.099609375,12022200,-0.0176994636073449,-1
2026-01-30,AMZN,239.88999938964844,243.32000732421875,237.63999938964844,239.3000030517578,46585000,-0.0024594453265736,-1
2026-01-30,JPM,302.333781642444,304.9881708986045,299.6694782493637,302.9676818847656,11953200,0.0020966900849713,1
2026-01-30,AAPL,254.69678984095316,261.41430490835,251.7123292610244,258.9988098144531,92443400,0.0168907506693995,1
2026-01-29,META,736.1169233837337,742.6752321400184,711.2812198864386,736.995361328125,59852900,0.001193340237789,1
2026-01-29,TSLA,437.7999877929688,440.2300109863281,414.6199951171875,416.55999755859375,81686100,-0.0485152828382882,-1
2026-01-29,JPM,299.51100066931883,303.898671192008,299.3327275624257,303.4926147460937,11580000,0.0132937156494325,1
2026-01-29,GOOGL,339.85759500876696,341.84502871736817,326.115503846963,337.8102722167969,39785600,-0.0060240607302516,-1
2026-01-29,UNH,290.40083744425385,291.65390288872567,285.3590676854078,288.3880920410156,13456400,-0.0069309214840835,-1
2026-01-29,AAPL,257.52154586161765,259.16847988830324,253.93820707645816,257.801025390625,67253000,0.0010852665864219,1
2026-01-29,BRK-B,473.7300109863281,477.3200073242188,473.0799865722656,476.7900085449219,5380500,0.0064593702903109,1
2026-01-29,AMZN,242.82000732421875,243.0,236.7400054931641,241.72999572753903,47229600,-0.0044889694580409,-1
2026-01-29,MSFT,438.0392806211351,440.5381621786467,419.1533835040837,431.57806396484375,128855300,-0.0147503133671697,-1
2026-01-28,BRK-B,473.010009765625,476.8800048828125,471.9100036621094,473.489990234375,4563900,0.0010147363878997,1
2026-01-28,MSFT,481.0676409982362,481.5952899852128,475.8807484603396,479.4946594238281,36875400,-0.0032697721491806,-1
2026-01-28,GOOGL,335.62313448097893,337.1012215187292,331.5084951745387,335.5732116699219,27434400,-0.0001487466325414,-1
2026-01-28,AMZN,246.3699951171875,247.77999877929688,241.52999877929688,243.00999450683597,40882700,-0.0136380268577484,-1
2026-01-28,JPM,297.4013222225187,299.03558292254246,295.2025300603667,297.89654541015625,9556700,0.0016651680763781,1
2026-01-28,TSLA,431.9100036621094,438.260009765625,430.1000061035156,431.4599914550781,54857400,-0.0010419119798468,-1
2026-01-28,UNH,279.9324825435024,291.0027024164021,279.9324825435024,290.094970703125,23396900,0.0363033545349398,1
2026-01-28,META,673.2989295276801,676.4732596455591,664.9138628916613,667.5391845703125,25709600,-0.0085545137601927,-1
2026-01-28,AAPL,257.17220993748055,258.3799575946877,254.0380333360145,255.96446228027344,41288000,-0.0046962603677151,-1
2026-01-27,TSLA,437.4100036621094,437.5199890136719,430.6900024414063,430.8999938964844,37733100,-0.0148830838598146,-1
2026-01-27,UNH,290.04562584533727,295.50180147620006,276.6567723884028,278.92608642578125,65836900,-0.0383372077656684,-1
2026-01-27,META,673.3888389297905,675.6148486525956,663.4764668627315,671.7716674804688,13297400,-0.002401541807393,-1
2026-01-27,AAPL,258.68937090303496,261.46421404872183,257.73112933459527,257.791015625,49648300,-0.0034727181673486,-1
2026-01-27,BRK-B,482.6000061035156,483.5,474.6700134277344,474.6700134277344,6314500,-0.0164318122160991,-1
2026-01-27,AMZN,239.69000244140625,244.8800048828125,238.0800018310547,244.67999267578125,38029200,0.0208185163484022,1
2026-01-27,MSFT,471.59986874099184,480.7291966391232,471.06225431764057,478.4493408203125,29213900,0.0145239058221249,1
2026-01-27,JPM,298.45122352878457,299.08512378237486,295.3016109870806,297.44097900390625,11527400,-0.0033849568882095,-1
2026-01-27,GOOGL,334.93402312381306,337.4707297257924,333.04649592160257,334.1150817871094,21636200,-0.0024450825540675,-1
2026-01-26,META,663.9456136216552,674.0775639748149,660.1124246688775,671.1627197265625,16327400,0.0108700260335177,1
2026-01-26,JPM,294.96487880777863,298.8969527426069,294.60833256531976,298.1640319824219,11752700,0.0108458782875233,1
2026-01-26,GOOGL,327.3838548641184,335.4034148973675,326.5749102768944,332.8267822265625,26042100,0.0166255216363775,1
2026-01-26,TSLA,445.0,445.0400085449219,434.2799987792969,435.2000122070313,49397400,-0.0220224444785814,-1
2026-01-26,UNH,349.2249303389971,350.0537130836444,342.6340826093485,346.9457702636719,10399500,-0.0065263384063469,-1
2026-01-26,AMZN,239.97999572753903,240.9499969482422,237.5399932861328,238.4199981689453,32825500,-0.006500531654167,-1
2026-01-26,MSFT,463.2470104625561,472.1473767264207,459.9516880286902,468.1949768066406,29291200,0.0106810540215768,1
2026-01-26,BRK-B,478.4700012207031,484.8900146484375,477.0799865722656,483.4700012207031,5077200,0.0104499759383946,1
2026-01-26,AAPL,251.01363570547156,256.0842168676608,249.336758511775,254.9363555908203,55969200,0.0156275171040968,1
2026-01-23,UNH,349.5505410261084,353.0926127392032,348.2777534390037,351.5041198730469,9082200,0.005588830848906,1
2026-01-23,MSFT,449.8665935761158,469.0113467802032,448.5325382185013,463.8841857910156,38000200,0.0311594424104044,1
2026-01-23,JPM,299.11484222180513,299.4813025896872,293.67730062328087,294.875732421875,11107900,-0.0141721813884002,-1
2026-01-23,META,643.6219561683764,665.3032527677875,643.3025186421843,657.5870361328125,22797700,0.0216976438274003,1
2026-01-23,AMZN,234.9600067138672,240.4499969482422,234.57000732421875,239.16000366210935,33778500,0.0178753695447281,1
2026-01-23,TSLA,447.4299926757813,452.4299926757813,444.0400085449219,449.05999755859375,56771400,0.0036430389323355,1
2026-01-23,BRK-B,482.260009765625,483.4200134277344,478.4400024414063,478.9700012207031,5436600,-0.0068220637794968,-1
2026-01-23,AAPL,246.8613663013417,248.94748685874612,244.22624741136653,247.58001708984372,41689000,0.0029111513043512,1
2026-01-23,GOOGL,332.05776231305794,333.2562145369407,327.0243361197249,327.5036926269531,27280000,-0.0137146912464323,-1
2026-01-22,UNH,342.54531596139657,350.2116096750548,342.14078564010657,349.7380065917969,7491400,0.0209977783821481,1
2026-01-22,AAPL,248.737864640942,250.5345296526772,247.68980878155543,247.8894500732422,39708300,-0.0034108782308818,-1
2026-01-22,BRK-B,483.260009765625,485.8800048828125,481.7200012207031,484.489990234375,4054200,0.0025451732895228,1
2026-01-22,META,628.2293275614567,659.3937675491238,625.4343255489129,646.476806640625,21394700,0.0290458886247765,1
2026-01-22,MSFT,445.6354487179439,450.8323067932568,442.7284117030413,449.1398620605469,25349400,0.0078638567750497,1
2026-01-22,JPM,301.9474777854751,305.2555953909441,300.0062112868251,300.729248046875,10535800,-0.0040345749781874,-1
2026-01-22,AMZN,234.0500030517578,235.72000122070312,230.8999938964844,234.33999633789065,31913300,0.0012390227829592,1
2026-01-22,TSLA,435.1600036621094,449.5,432.6300048828125,449.3599853515625,71546700,0.0326316333531402,1
2026-01-22,GOOGL,334.0152418739244,334.71431361791133,328.32263943252485,330.1103210449219,26253600,-0.0116908462233483,-1
2026-01-21,JPM,300.53118494697816,302.4823658305288,298.2729680555718,299.15447998046875,10270100,-0.0045809055281643,-1
2026-01-21,MSFT,450.5933708341933,450.6829681667298,436.7350728053031,442.1409912109375,37980500,-0.0187583310593489,-1
2026-01-21,UNH,334.8987575018528,343.4332779356386,334.168645798694,343.1076965332031,8933300,0.0245117034550506,1
2026-01-21,AAPL,248.2388060412761,251.09350304772093,244.72532928784557,247.1907501220703,54641700,-0.0042219664842872,-1
2026-01-21,TSLA,421.6600036621094,438.2000122070313,419.6199951171875,431.4400024414063,68124000,0.023194039497125,1
2026-01-21,AMZN,231.08999633789065,232.3000030517578,226.8800048828125,231.30999755859372,47276100,0.0009520153368363,1
2026-01-21,META,605.659634898437,617.169133937088,599.0115204374271,611.8685913085938,14494700,0.0102515605339918,1
2026-01-21,GOOGL,320.50283121296127,332.0478012719212,318.9348648307384,327.953125,35386600,0.0232456411035205,1
2026-01-21,BRK-B,484.0,488.0,481.5700073242188,483.8299865722656,5730200,-0.0003512674126743,-1
2026-01-20,JPM,303.2845981841295,308.1774060521912,298.9761500928895,299.8477478027344,12900600,-0.0113320966576368,-1
2026-01-20,MSFT,449.2194951600843,454.77474258752966,447.28809381488645,452.5048522949219,26130000,0.0073134785338441,1
2026-01-20,META,606.7976262932837,610.3113781504126,598.9316523845154,603.0443115234375,15169600,-0.0061854473505011,-1
2026-01-20,GOOGL,320.4528849486331,327.30398324237245,320.01345448184367,321.5814208984375,35361000,0.003521690715892,1
2026-01-20,AAPL,252.26132447540704,254.31750190322293,242.9685916985444,246.2425079345703,80267500,-0.0238594503273668,-1
2026-01-20,BRK-B,490.7999877929688,490.9700012207031,482.7200012207031,485.3900146484375,5521500,-0.0110227654423115,-1
2026-01-20,UNH,323.0293559592084,335.3526407320732,322.14137656345895,333.912109375,7596500,0.0336896731365984,1
2026-01-20,AMZN,233.75999450683597,235.08999633789065,229.33999633789065,231.0,47737900,-0.011806958297799,-1
2026-01-20,TSLA,429.3599853515625,430.7300109863281,417.4400024414063,419.25,63187300,-0.0235466408060462,-1
2026-01-16,MSFT,455.8001987238622,461.13645097900303,454.4562082505655,457.8211975097656,34246700,0.0044339576673326,1
2026-01-16,BRK-B,491.6700134277344,495.1600036621094,490.8999938964844,493.2900085449219,4807400,0.0032948828949187,1
2026-01-16,AAPL,257.4217372195352,258.41988279267105,254.45724364888235,255.0561370849609,72142800,-0.0091895896598538,-1
2026-01-16,META,623.0685636897582,627.9598630097294,618.9758886129073,619.1455688476562,17012500,-0.0062962490337665,-1
2026-01-16,JPM,307.38506061636195,314.17950872864606,307.0383983149945,309.4848022460937,14652500,0.0068309813935701,1
2026-01-16,UNH,330.38977807791053,331.7119162692861,326.01892350864483,326.6010437011719,8039100,-0.0114674685118291,-1
2026-01-16,AMZN,239.08999633789065,239.57000732421875,236.41000366210935,239.1199951171875,45888300,0.0001254706585652,1
2026-01-16,TSLA,439.5,447.25,435.260009765625,437.5,60220600,-0.0045506257110352,-1
2026-01-16,GOOGL,333.97528525413946,334.2149635116852,327.27401649506595,329.5710144042969,40341600,-0.013187415489416,-1
2026-01-15,JPM,305.5230197927318,309.95031666446005,304.8098971346673,306.30548095703125,14751400,0.0025610546950938,1
2026-01-15,MSFT,462.06232415810086,462.191752665677,453.8787662235596,454.6354064941406,23225800,-0.0160734110436128,-1
2026-01-15,AMZN,239.30999755859372,240.6499938964844,236.6300048828125,238.17999267578125,43003600,-0.0047219292730794,-1
2026-01-15,UNH,330.7252428593728,334.91850727155963,323.6805441940115,334.4350280761719,6943500,0.0112171214532193,1
2026-01-15,GOOGL,337.21104566866205,337.2510022020921,330.3100250775331,332.3473815917969,28442400,-0.0144232051094913,-1
2026-01-15,BRK-B,492.9500122070313,495.6300048828125,490.75,492.6199951171875,4165200,-0.0006694737431209,-1
2026-01-15,META,617.378703801015,623.0585745209008,613.1362714280776,619.694580078125,13076100,0.0037511437677584,1
2026-01-15,TSLA,441.1300048828125,445.3599853515625,437.6499938964844,438.5700073242188,49465800,-0.005803272346604,-1
2026-01-15,AAPL,260.1666175851947,260.5559089501236,256.5732877053955,257.73114013671875,39388600,-0.0093612219395457,-1
2026-01-14,UNH,330.8929641448377,335.56967774923123,329.639928884428,330.4884338378906,5740900,-0.0012225412770336,-1
2026-01-14,AAPL,259.0087756526009,261.334471811998,256.2339322781376,259.4779052734375,40019400,0.0018112499070913,1
2026-01-14,AMZN,241.1499938964844,241.27999877929688,236.22000122070312,236.6499938964844,41410600,-0.0186605851706206,-1
2026-01-14,META,625.3844405077801,627.3309804807691,613.7252454803604,614.4240112304688,15527900,-0.0175259065742219,-1
2026-01-14,TSLA,442.80999755859375,443.9100036621094,434.2200012207031,439.2000122070313,57259500,-0.0081524477122601,-1
2026-01-14,JPM,305.2556057077196,308.78159262538577,303.1954601804828,304.9287414550781,25951500,-0.0010707886981589,-1
2026-01-14,GOOGL,334.62442706687915,336.08252056576845,330.0503943745689,335.4034118652344,28525600,0.0023279376379762,1
2026-01-14,MSFT,464.3919508718589,466.12425727832346,455.1431597671445,457.3433532714844,28184300,-0.0151781218152927,-1
2026-01-14,BRK-B,494.1700134277344,497.6199951171875,492.0,493.1499938964844,5033700,-0.0020641064887259,-1
2026-01-13,AAPL,258.24022168851656,261.3244878277737,257.9108470550362,260.5658874511719,45730800,0.0090058231341687,1
2026-01-13,TSLA,450.2000122070313,451.80999755859375,443.9500122070313,447.2000122070313,53719200,-0.0066637048393068,-1
2026-01-13,AMZN,246.52999877929688,247.66000366210935,240.25,242.6000061035156,38371800,-0.015941235124491,-1
2026-01-13,META,641.1263941859123,641.1263941859123,622.9887038024194,629.96630859375,18030400,-0.0174069975801466,-1
2026-01-13,BRK-B,497.6199951171875,498.0,493.3399963378906,495.239990234375,4257600,-0.00478277582526,-1
2026-01-13,UNH,336.9411188846722,337.2765764147032,328.4065987621919,329.47216796875,5605900,-0.0221669321353404,-1
2026-01-13,JPM,321.20178657189985,323.73732718365267,307.6029755260753,307.9298095703125,19371200,-0.0413197483838293,-1
2026-01-13,MSFT,472.57548334410274,473.6706125344443,463.88420753037366,468.5832824707031,28545800,-0.008447752822786,-1
2026-01-13,GOOGL,334.5146010595183,340.04737751020235,333.18631289711504,335.53326416015625,33517600,0.0030451977205523,1
2026-01-12,AMZN,246.72999572753903,248.94000244140625,245.9600067138672,246.47000122070312,35867800,-0.0010537612424029,-1
2026-01-12,JPM,318.8049332018166,322.9053661093397,318.16114900395775,321.3899841308594,12805100,0.0081085662730517,1
2026-01-12,AAPL,258.6794199598783,260.8154357257053,256.32378048041085,259.76739501953125,45263800,0.0042058817814794,1
2026-01-12,META,651.3680980277007,652.8054753941815,640.0881706951194,640.8268432617188,14797200,-0.0161832530605969,-1
2026-01-12,TSLA,441.2300109863281,454.2999877929688,438.0,448.9599914550781,61649600,0.0175191629677916,1
2026-01-12,GOOGL,325.3764389525716,333.6057474535575,324.57749116547984,331.4285583496094,33923900,0.0186003615274675,1
2026-01-12,UNH,336.86224159355777,338.0758024907637,329.48208469325857,335.9643859863281,7146400,-0.0026653495000872,-1
2026-01-12,MSFT,474.5566738594685,478.8574978399144,473.57104241242143,475.06439208984375,23519900,0.001069879022554,1
2026-01-12,BRK-B,497.3999938964844,500.0199890136719,495.1000061035156,498.6700134277344,4209300,0.0025533163386292,1
2026-01-09,GOOGL,326.6647962522232,330.3999246926398,325.37646465172014,328.14288330078125,26214200,0.0045247821789061,1
2026-01-09,JPM,326.1936353875406,328.7291759216584,325.0348299492433,326.0450744628906,6738100,-0.0004554378397772,-1
2026-01-09,META,644.2907288447692,653.7838050409127,641.7053138036724,651.8971557617188,11634900,0.0118058922415166,1
2026-01-09,AMZN,244.57000732421875,247.8600006103516,242.2400054931641,247.3800048828125,34560000,0.0114895427666591,1
2026-01-09,MSFT,471.9582322108041,477.6927047258898,470.106493184136,477.1550903320313,18491000,0.0110112670286168,1
2026-01-09,TSLA,435.9500122070313,449.0499877929688,430.3900146484375,445.010009765625,67331500,0.0207821936114344,1
2026-01-09,AAPL,258.5995368285105,259.7274461787287,255.74485516422808,258.8890075683594,39997000,0.0011193784157503,1
2026-01-09,UNH,342.6143671222478,344.40020201938364,337.9080553379447,339.3880310058594,4129100,-0.0094168150141738,-1
2026-01-09,BRK-B,498.9400024414063,500.2799987792969,496.4100036621094,499.1000061035156,3432100,0.0003206871794733,1
2026-01-08,AMZN,243.05999755859372,246.41000366210935,241.8800048828125,246.2899932861328,39509800,0.0132888824157929,1
2026-01-08,TSLA,427.8900146484375,436.8900146484375,424.3699951171875,435.7999877929688,57041100,0.018485996105869,1
2026-01-08,GOOGL,328.54234711069296,329.8905982345552,321.08205673508803,325.0169372558594,31896100,-0.0107304579937325,-1
2026-01-08,BRK-B,494.9700012207031,504.0799865722656,494.1099853515625,499.7699890136719,4807700,0.0096975327416428,1
2026-01-08,JPM,323.27183137637843,328.2339475379842,322.53888044956136,326.63934326171875,11737100,0.0104169666469318,1
2026-01-08,MSFT,479.1063927688648,480.5201105081445,473.7502403609407,475.9902648925781,18162600,-0.0065040415308963,-1
2026-01-08,AAPL,256.5433578451618,258.80916773471864,255.22581364132836,258.55963134765625,50419300,0.0078593868866073,1
2026-01-08,UNH,336.4576913463828,343.2556975271264,336.2504730653109,342.2197265625,5059300,0.0171255862603694,1
2026-01-08,META,644.7299347572825,645.9477331499952,634.5879917891143,644.9096069335938,11921700,0.0002786781978393,1
2026-01-07,META,654.4725487720359,657.9763084361789,643.6618161601232,647.534912109375,12846300,-0.0106003478307497,-1
2026-01-07,MSFT,477.63296458601815,487.5288974221053,475.8309917616744,481.3265075683594,25564200,0.0077330152150251,1
2026-01-07,AAPL,262.71190159101934,263.1909919246956,259.32817380451803,259.8471984863281,48309800,-0.0109043522099386,-1
2026-01-07,AMZN,239.6100006103516,245.2899932861328,239.5200042724609,241.55999755859372,42236500,0.008138211857915,1
2026-01-07,GOOGL,313.95131240372154,325.725993751253,313.7815504740342,321.5614318847656,35104400,0.0242398078312791,1
2026-01-07,TSLA,435.8999938964844,438.3699951171875,431.2900085449219,431.4100036621094,59828800,-0.0103005053848228,-1
2026-01-07,BRK-B,497.8800048828125,499.1499938964844,493.0899963378906,496.1199951171875,4445100,-0.0035350079303531,-1
2026-01-07,UNH,344.3213032237757,345.4361929991165,333.52734431693204,337.13848876953125,7461400,-0.0208607901602194,-1
2026-01-07,JPM,327.9764350864437,328.9767653957764,321.49890717343806,323.8660583496094,9815200,-0.0125325367834764,-1
2026-01-06,TSLA,446.3800048828125,448.25,428.7799987792969,432.9599914550781,89093800,-0.0300641007234576,-1
2026-01-06,META,658.3955464147172,664.3349637543794,650.7392210314413,659.4436645507812,11074400,0.0015919277427856,1
2026-01-06,BRK-B,496.7999877929688,500.6700134277344,496.05999755859375,499.0499877929688,4040000,0.0045289856185295,1
2026-01-06,UNH,343.6996829189171,347.90279327098006,340.5127911940015,344.3114013671875,9441900,0.0017798050992519,1
2026-01-06,AMZN,232.1000061035156,243.17999267578125,232.07000732421875,240.92999267578125,53764700,0.0380438877210864,1
2026-01-06,MSFT,471.69937935780575,476.617480129593,467.6673473241013,476.3885192871094,23037700,0.0099409499662425,1
2026-01-06,AAPL,266.504853430471,267.0538212812338,261.6338984265986,261.8734436035156,52352100,-0.0173783320166199,-1
2026-01-06,GOOGL,315.9886856047422,320.5227923064431,311.3746963103618,313.9313659667969,31212100,-0.0065107383006705,-1
2026-01-06,JPM,329.44229029813283,332.6612412306879,327.49110960074296,331.41326904296875,7660800,0.0059827739269668,1
2026-01-05,AMZN,228.83999633789065,234.0,227.17999267578125,233.05999755859372,49733300,0.0184408376517894,1
2026-01-05,GOOGL,317.24707928114736,318.60529679570504,314.2210191795431,316.1285400390625,30195600,-0.0035257668711068,-1
2026-01-05,BRK-B,494.9400024414063,503.4299926757813,494.5,498.5199890136719,5145300,0.0072331728181325,1
2026-01-05,META,649.8508280292294,663.3567049684374,646.5966230035071,657.616943359375,12213700,0.0119506123485254,1
2026-01-05,MSFT,471.9582279694173,473.95932625248497,467.41844739653146,470.7536010742188,25250300,-0.0025524015131198,-1
2026-01-05,UNH,330.97192221503246,342.3085268229226,329.3932753932535,337.4541931152344,7956600,0.0195855613878641,1
2026-01-05,JPM,320.942628937084,332.5281155423397,320.63697169770103,329.3630676269531,10752600,0.0262365853914651,1
2026-01-05,AAPL,270.1381104139889,271.0064921177503,265.6464557026853,266.7643737792969,45647200,-0.012488932529815,-1
2026-01-05,TSLA,447.989990234375,457.5499877929688,444.5700073242188,451.6700134277344,67940800,0.0082145210240838,1
2026-01-02,AAPL,271.75509761912826,277.32473598417806,268.5011336129586,270.5074157714844,37838100,-0.004591199423948,-1
2026-01-02,JPM,317.9846252281575,321.1694123071354,316.2492576445291,320.92291259765625,8054000,0.0092403441436532,1
2026-01-02,MSFT,482.24244872265706,482.5112407273309,468.07552715971417,470.84320068359375,25571600,-0.0236380021486228,-1
2026-01-02,AMZN,231.33999633789065,235.4600067138672,224.6999969482422,226.5,51456200,-0.0209215717753423,-1
2026-01-02,META,661.5499009554064,663.2069792218492,642.3541620430398,649.2518310546875,13726500,-0.0185897842066911,-1
2026-01-02,TSLA,457.7999877929688,458.3399963378906,435.2999877929688,438.0700073242188,85535400,-0.043097380941112,-1
2026-01-02,BRK-B,500.9599914550781,501.8800048828125,492.9100036621094,496.8500061035156,5876600,-0.0082042187433465,-1
2026-01-02,GOOGL,316.4880510777925,322.0807776535599,309.92658419973367,314.7403259277344,32009400,-0.0055222468719001,-1
2026-01-02,UNH,326.4826326508298,335.71769665499096,323.1280270938765,331.9092102050781,6863600,0.0166213360575659,1
2025-12-31,TSLA,456.1000061035156,456.5499877929688,449.2999877929688,449.7200012207031,49078000,-0.0139881710095055,-1
2025-12-31,AMZN,232.91000366210935,232.9900054931641,230.1199951171875,230.82000732421875,24383700,-0.0089734073463098,-1
2025-12-31,AAPL,272.553621806917,273.17246717497864,271.24605357156486,271.3558349609375,27293600,-0.0043946832848475,-1
2025-12-31,META,663.5662869980947,663.8158418258488,658.2657448936569,658.9146118164062,7940400,-0.0070101137939544,-1
2025-12-31,UNH,327.88370534581946,328.8802018879278,325.47627568793376,325.70318603515625,4285200,-0.0066502826310426,-1
2025-12-31,GOOGL,312.4433102220648,314.17104176667254,311.03513952358344,312.5931091308594,16377700,0.0004794434826853,1
2025-12-31,MSFT,485.6771523949816,485.9758405710775,481.1572720274455,481.4758605957031,15601600,-0.0086503797400412,-1
2025-12-31,JPM,319.79886991908165,320.3313177342217,317.5310845539587,317.70855712890625,5048500,-0.006536335762238,-1
2025-12-31,BRK-B,503.9200134277344,505.8900146484375,502.4800109863281,502.6499938964844,3105200,-0.0025202799996196,-1
2025-12-30,GOOGL,312.09376543928346,316.5379928503015,312.0538089034933,313.4420166015625,17380900,0.0043200195312499,1
2025-12-30,META,657.5171386037911,671.0230153954109,656.6686764849229,664.7642211914062,9187500,0.0110218915403544,1
2025-12-30,AAPL,272.304089543875,273.5717234473003,271.77507361210075,272.5735778808594,22139600,0.0009896595289323,1
2025-12-30,BRK-B,500.9800109863281,505.1099853515625,500.3299865722656,503.7099914550781,2897100,0.0054492802285169,1
2025-12-30,TSLA,461.0899963378906,463.1199951171875,453.8299865722656,454.4299926757813,59238500,-0.0144440428441411,-1
2025-12-30,MSFT,483.7756098381124,487.5089841188462,483.3475235456682,485.3187561035156,13944500,0.0031897975714808,1
2025-12-30,JPM,320.2623075229155,320.39049219725354,317.9747828016657,318.89178466796875,7904300,-0.0042793760700317,-1
2025-12-30,UNH,325.3282463216964,331.66252501027776,325.1111820298963,327.7257995605469,4432500,0.0073696436321108,1
2025-12-30,AMZN,231.2100067138672,232.7700042724609,230.1999969482422,232.52999877929688,21910500,0.0057090611439808,1
2025-12-29,META,656.8383689858442,659.0743707339258,653.2248195668056,657.5171508789062,8506500,0.0010334077988014,1
2025-12-29,MSFT,482.7103401528056,486.1848877649252,482.0333622504328,484.9404296875,10893400,0.0046199332170686,1
2025-12-29,UNH,326.4728087048146,329.787940036587,323.89763516121945,324.548828125,4346800,-0.0058932337656157,-1
2025-12-29,AAPL,272.1843267483383,273.8512128461511,271.8449608988494,273.2523498535156,23715200,0.0039238964195201,1
2025-12-29,BRK-B,499.2000122070313,501.5,497.2099914550781,501.0499877929688,3056200,0.0037058804901836,1
2025-12-29,AMZN,231.94000244140625,232.6000061035156,230.7700042724609,232.07000732421875,19797900,0.0005605108279902,1
2025-12-29,GOOGL,310.96521879647884,313.61176774066803,310.2161937852231,313.1523742675781,19621800,0.0070334408444911,1
2025-12-29,JPM,322.4216288798564,323.1808371734579,319.0002116144308,319.2171325683594,8635300,-0.0099388379204893,-1
2025-12-29,TSLA,469.0,469.3999938964844,459.0,459.6400146484375,66263000,-0.0199573248434168,-1
2025-12-26,TSLA,485.2300109863281,489.0899963378906,473.8200073242188,475.1900024414063,58780700,-0.0206912357389303,-1
2025-12-26,AMZN,232.0399932861328,232.9900054931641,231.17999267578125,232.5200042724609,15994700,0.0020686562670953,1
2025-12-26,GOOGL,314.0711877312235,314.6803801033015,311.8740355347504,313.1024475097656,10899000,-0.0030844606551012,-1
2025-12-26,META,666.8704739599774,667.7589038803495,660.1424847097468,662.1089477539062,7133800,-0.007140106500437,-1
2025-12-26,AAPL,273.65157518449314,274.859322715931,272.35396775197984,272.8929748535156,21521800,-0.0027721394640833,-1
2025-12-26,BRK-B,500.4500122070313,501.55999755859375,496.8299865722656,498.2999877929688,2247600,-0.0042961821592943,-1
2025-12-26,UNH,322.8320412014528,327.4594342482506,321.90458736412984,327.40020751953125,4359300,0.0141502878743929,1
2025-12-26,MSFT,484.5521629916047,485.9559154032999,483.8054881161676,485.5477294921875,8842200,0.0020546116117534,1
2025-12-26,JPM,324.502058709128,326.2275566521161,321.96806459862194,323.3188781738281,4158300,-0.0036461418457761,-1
2025-12-24,TSLA,488.4800109863281,490.8999938964844,476.7999877929688,485.3999938964844,41285400,-0.0063053083454216,-1
2025-12-24,MSFT,483.5267014178325,486.9912835675863,482.680463867149,485.8563232421875,5855900,0.0048179796845218,1
2025-12-24,BRK-B,500.2900085449219,501.510009765625,499.25,501.3399963378906,2000200,0.0020987582702732,1
2025-12-24,AMZN,232.1300048828125,232.9499969482422,231.3300018310547,232.3800048828125,11420500,0.0010769827025429,1
2025-12-24,UNH,320.85876722532225,324.59815108761563,319.80304392248206,323.2069702148437,2842700,0.007318494083325,1
2025-12-24,META,661.3503083186049,666.9902112020924,661.0208788671576,666.361328125,5627500,0.007576952400816,1
2025-12-24,JPM,321.67227957875514,325.3697755465356,320.94265000334224,324.561279296875,4289300,0.0089811895569712,1
2025-12-24,AAPL,271.8349404799371,274.9192064044749,271.69521595033444,273.3022155761719,17910600,0.0053976692387088,1
2025-12-24,GOOGL,314.3608103937755,314.67040497756983,311.5145395735961,313.68170166015625,10097400,-0.0021602843330522,-1
2025-12-23,TSLA,489.3999938964844,491.9700012207031,482.8399963378906,485.55999755859375,58223600,-0.0078463350751549,-1
2025-12-23,BRK-B,500.4800109863281,502.3299865722656,498.1600036621094,500.510009765625,3680800,5.994001486244072e-05,1
2025-12-23,AMZN,229.05999755859372,232.4499969482422,228.72999572753903,232.13999938964844,29230200,0.0134462667592879,1
2025-12-23,META,658.8746741689592,664.8140915262984,657.0778915122911,663.7559814453125,8486800,0.0074085519867796,1
2025-12-23,JPM,319.07908304324746,323.1907116116738,318.56637445826755,321.3666076660156,6668300,0.0071691462848353,1
2025-12-23,MSFT,482.829854335465,485.66719456773416,482.5908977144131,484.6915588378906,14683600,0.0038558189509386,1
2025-12-23,UNH,319.6747419864576,323.42400160765817,319.4379555165406,320.46405029296875,4463300,0.0024690981264468,1
2025-12-23,GOOGL,309.2274800840275,314.5305745464577,308.91788552805923,313.9413452148437,25478700,0.0152440046063672,1
2025-12-23,AAPL,270.3377490962612,271.99467443806464,269.06012395403746,271.8549194335937,29642000,0.0056121290585738,1
2025-12-22,META,660.4719008376494,672.3806511570199,655.4808037586267,660.3221435546875,15659400,-0.0002267428527572,-1
2025-12-22,JPM,313.0644852104395,318.7043994886834,313.0644852104395,318.5663452148437,8354600,0.0175742067986598,1
2025-12-22,MSFT,483.9647726311972,486.5632169440421,480.5499868948874,482.7701110839844,16963000,-0.0024684886478777,-1
2025-12-22,TSLA,489.8800048828125,498.8299865722656,485.3299865722656,488.7300109863281,86916100,-0.0023475011942148,-1
2025-12-22,BRK-B,496.3399963378906,500.30999755859375,495.5499877929688,499.9500122070313,4070000,0.0072732721436437,1
2025-12-22,GOOGL,309.47716491524386,309.7268399185022,304.90310178792384,309.3772888183594,26429900,-0.0003227252547432,-1
2025-12-22,AMZN,228.6100006103516,229.47999572753903,226.7100067138672,228.42999267578125,32261300,-0.0007874018375824,-1
2025-12-22,UNH,318.58943517385893,325.3973174895482,317.3561220691985,320.8192749023437,7872400,0.0069991012955842,1
2025-12-22,AAPL,272.3539780142796,273.37210596231955,270.00836035897595,270.4674987792969,36571800,-0.0069265712538402,-1
2025-12-19,TSLA,488.1199951171875,490.489990234375,474.7200012207031,481.2000122070313,103305400,-0.0141768068904755,-1
2025-12-19,GOOGL,301.337777701548,306.85059101726483,300.5787559089981,306.7607116699219,59943200,0.0179961968583471,1
2025-12-19,AMZN,226.75999450683597,229.1300048828125,225.5800018310547,227.3500061035156,85544400,0.0026019210221047,1
2025-12-19,AAPL,271.6453053723066,274.09077415448866,269.399477884542,273.1625061035156,144632000,0.0055852271370182,1
2025-12-19,META,665.2333263832898,669.8051880946751,657.0080086354003,657.5969848632812,49977100,-0.0114791926639114,-1
2025-12-19,JPM,309.39657764946713,314.099781180705,308.8049723403709,312.7686767578125,24494400,0.0108989541318256,1
2025-12-19,BRK-B,503.0499877929688,503.8200073242188,494.5299987792969,494.5299987792969,14652800,-0.0169366647856441,-1
2025-12-19,MSFT,485.1992432324443,485.6870914455969,480.3508395546156,483.7656555175781,70836100,-0.0029546371616647,-1
2025-12-19,UNH,323.6805434123363,330.1332457701224,321.71711865698285,323.0491027832031,10553000,-0.0019508142889169,-1
2025-12-18,GOOGL,301.32777470817274,303.56485302569047,298.8410213827925,302.0668029785156,33518000,0.0024525726878599,1
2025-12-18,META,655.8600753372949,669.3659511843067,655.2910830082761,663.266845703125,20260300,0.011293217325389,1
2025-12-18,MSFT,476.0699208090834,487.4293375934554,475.7712630284666,481.8342590332031,28573500,0.0121081756526922,1
2025-12-18,TSLA,478.1600036621094,490.8599853515625,473.1199951171875,483.3699951171875,95168400,0.0108959164613854,1
2025-12-18,AMZN,225.7100067138672,229.22999572753903,224.41000366210935,226.75999450683597,50272400,0.0046519328418603,1
2025-12-18,JPM,311.5756418636432,313.2518519730792,307.84856735129125,308.6176452636719,11444900,-0.0094936708860759,-1
2025-12-18,UNH,324.53892313779187,325.77223619210525,320.23714165723425,323.7594909667969,6354900,-0.0024016600642507,-1
2025-12-18,BRK-B,502.2300109863281,505.4299926757813,501.010009765625,503.3900146484375,3646700,0.0023097059847762,1
2025-12-18,AAPL,273.1025913325419,273.12257373871984,266.4549687260805,271.68524169921875,51630700,-0.0051898066085991,-1
2025-12-17,GOOGL,307.60959033164653,307.6894729197007,295.7350329501308,296.3342590332031,43930400,-0.0366546806498685,-1
2025-12-17,BRK-B,499.8999938964844,505.1900024414063,499.5,504.2699890136719,4128600,0.0087417386888234,1
2025-12-17,AMZN,224.66000366210935,225.19000244140625,220.9900054931641,221.2700042724609,44034400,-0.015089465567476,-1
2025-12-17,UNH,329.1564601038648,331.04096617925336,326.0682693196749,327.2029113769531,4685600,-0.0059350156041147,-1
2025-12-17,MSFT,474.7956002423544,477.8718969329872,472.8940646732686,474.0090942382813,24527200,-0.001656514937526,-1
2025-12-17,TSLA,488.2200012207031,495.2799987792969,466.2000122070313,467.260009765625,106490400,-0.0429314477134725,-1
2025-12-17,AAPL,274.50001118897205,275.6478724530811,271.13626563598973,271.3358764648437,50138700,-0.0115269019859895,-1
2025-12-17,JPM,313.97159360923496,314.8984348971578,310.254388930852,310.5699157714844,8718700,-0.0108343490525587,-1
2025-12-17,META,654.4426118233187,660.0526000253047,648.0440522221027,648.343505859375,15598500,-0.0093195428502908,-1
2025-12-16,UNH,335.875584402924,336.43795231748607,326.61092153589937,329.7386169433594,6334000,-0.0182715497777968,-1
2025-12-16,GOOGL,304.55358908476643,310.3660001485481,302.1966411442108,306.1714782714844,30585000,0.0053123300617798,1
2025-12-16,BRK-B,507.0499877929688,508.1000061035156,499.4599914550781,499.8399963378906,4376700,-0.0142194884698863,-1
2025-12-16,TSLA,472.2099914550781,491.5,465.8299865722656,489.8800048828125,107608100,0.0374198211547485,1
2025-12-16,JPM,314.6223718715413,315.0463441586525,309.9980348220149,311.1319274902344,8331300,-0.0110940756073508,-1
2025-12-16,AAPL,272.3140798989353,274.9891026980292,271.2859911871425,274.1007385253906,37648600,0.006561021843301,1
2025-12-16,MSFT,469.8177748762136,475.7712732838117,468.79234263095657,474.2779235839844,20705600,0.009493358800539,1
2025-12-16,META,642.3541999133257,661.3602758295988,642.054746271156,655.9799194335938,14309100,0.0212121591516122,1
2025-12-16,AMZN,223.0399932861328,223.66000366210935,221.1300048828125,222.55999755859372,39298900,-0.0021520612535317,-1
2025-12-15,BRK-B,500.4200134277344,506.6199951171875,500.2799987792969,506.3800048828125,5173900,0.0119099782086129,1
2025-12-15,JPM,315.1153648797306,318.3593094805321,313.9321843288561,315.5393371582031,10864100,0.0013454509862899,1
2025-12-15,MSFT,477.97146396596463,478.588710310573,470.4250531780871,472.7148742675781,23727700,-0.0109977061282487,-1
2025-12-15,TSLA,469.4400024414063,481.7699890136719,467.6600036621094,475.30999755859375,114542200,0.0125042499289782,1
2025-12-15,UNH,336.4379310634787,340.35493459808333,332.50120535931967,336.5464782714844,6447200,0.0003226366529557,1
2025-12-15,GOOGL,310.9152814169449,311.01515750934647,304.4836511834585,307.8193054199219,29151900,-0.0099576192682251,-1
2025-12-15,AAPL,279.6304615267261,279.6304615267261,272.33402020742307,273.6016540527344,50409100,-0.0215599096074,-1
2025-12-15,META,644.5502809809109,651.8372704406642,637.5627451568915,646.3570556640625,15549100,0.0028031555279162,1
2025-12-15,AMZN,227.92999267578125,227.92999267578125,221.5,222.5399932861328,47286100,-0.0236476091907546,-1
2025-12-12,JPM,315.2041261224818,315.7858618718594,312.1672627021157,314.06036376953125,8982900,-0.003628640167312,-1
2025-12-12,MSFT,477.6927059881058,480.31105063829824,474.2281237707076,476.4084167480469,21248100,-0.0026885259581312,-1
2025-12-12,AMZN,229.8699951171875,230.0800018310547,225.1199951171875,226.19000244140625,35639100,-0.0160090170703018,-1
2025-12-12,AAPL,277.38464634485007,278.70220580092337,276.30666253778065,277.7639465332031,39532900,0.0013674159451547,1
2025-12-12,META,648.1143965293088,709.1556549538686,636.9534211280841,642.558837890625,14016900,-0.0085718796996859,-1
2025-12-12,UNH,332.9945215393808,340.3746776267931,332.86625216530695,337.2765808105469,7979000,0.0128592484085647,1
2025-12-12,TSLA,448.0899963378906,463.010009765625,441.6700134277344,458.9599914550781,95656700,0.0242585087951635,1
2025-12-12,GOOGL,313.2922102233909,314.46067218572114,305.1627773855729,308.887939453125,35940200,-0.0140580283407797,-1
2025-12-12,BRK-B,496.7099914550781,500.0,494.5,499.5199890136719,4113700,0.0056572197196236,1
2025-12-11,TSLA,448.9500122070313,449.2699890136719,440.3299865722656,446.8900146484375,55979500,-0.0045884786782092,-1
2025-12-11,JPM,304.9102649889192,313.5476242674454,304.9102649889192,312.9363098144531,9721900,0.0263226455358122,1
2025-12-11,META,641.6211778682233,653.5801249698833,639.1376470786419,651.0167846679688,13056700,0.0146435422081331,1
2025-12-11,AAPL,278.5824273392719,279.07150890817053,273.3022288840155,277.514404296875,33248000,-0.0038337775020395,-1
2025-12-11,BRK-B,491.8299865722656,498.1499938964844,491.8299865722656,495.8500061035156,4493400,0.0081735958379986,1
2025-12-11,UNH,325.95971994414947,334.7211811769636,324.3712270965368,332.2348327636719,7513200,0.019251190977209,1
2025-12-11,MSFT,474.5168367702029,483.8751552220924,473.750231167373,481.3265075683594,24669200,0.0143507464234703,1
2025-12-11,AMZN,230.7100067138672,232.1100006103516,228.69000244140625,230.27999877929688,28249600,-0.0018638460493983,-1
2025-12-11,GOOGL,319.6638831462354,320.7025396818571,308.19882663213485,312.0238342285156,42353700,-0.023900256865192,-1
2025-12-10,MSFT,481.88401246545567,482.10303829287767,472.973680864489,476.4382629394531,35756200,-0.0113009549707626,-1
2025-12-10,UNH,318.44144868860934,324.341629514822,315.33350563746524,323.9864196777344,5910500,0.0174128431206429,1
2025-12-10,AAPL,277.23491184461454,279.2312028389952,275.92734368017386,278.26300048828125,33038300,0.0037083664421129,1
2025-12-10,JPM,296.2926621709551,306.8329925602339,294.2812160390869,305.7680969238281,18874100,0.03197998453099,1
2025-12-10,TSLA,446.0700073242188,456.8800048828125,443.6099853515625,451.4500122070313,63257500,0.012060898052942,1
2025-12-10,AMZN,228.80999755859372,232.4199981689453,228.4600067138672,231.77999877929688,38790700,0.0129802073877587,1
2025-12-10,META,648.2639556943986,652.8121240146866,641.730959438269,648.4434814453125,16910900,0.0002769331062399,1
2025-12-10,BRK-B,490.8599853515625,495.8800048828125,488.9200134277344,490.4299926757813,4558800,-0.0008759986322235,-1
2025-12-10,GOOGL,315.4194206321133,320.8923078304596,314.27092168020465,319.7937316894531,33428900,0.0138682362949418,1
2025-12-09,AMZN,226.83999633789065,228.57000732421875,225.1100006103516,227.9199981689453,25841700,0.0047610732167618,1
2025-12-09,META,662.0481917138827,662.7563110037405,651.645254570885,655.255859375,12997100,-0.0102595738858511,-1
2025-12-09,JPM,310.5403783790639,314.336450228146,295.8193913272319,296.30255126953125,18049200,-0.0458485533631736,-1
2025-12-09,AAPL,277.64414811825674,279.5106752769474,276.40645748061854,276.6659545898437,32193300,-0.0035231915927014,-1
2025-12-09,BRK-B,497.6300048828125,499.2200012207031,490.8299865722656,491.4299926757813,4574000,-0.012459080333171,-1
2025-12-09,TSLA,437.5400085449219,452.3900146484375,435.7000122070313,445.1700134277344,62367400,0.0174384164506161,1
2025-12-09,GOOGL,311.96391713296777,317.57660631064704,311.4945269093235,316.66778564453125,30194000,0.0150782454419514,1
2025-12-09,UNH,318.8459617269979,322.0032250879344,318.1750466501944,319.28009033203125,4628400,0.0013615621872138,1
2025-12-09,MSFT,486.931555516862,489.93815525049575,486.3342095719457,489.8385925292969,14696100,0.0059701142378195,1
2025-12-08,META,667.603701448277,674.9545781663558,663.344758713728,665.0702514648438,13161000,-0.0037948411279584,-1
2025-12-08,AAPL,277.6142094762677,279.15136205700173,275.6378704438954,277.3746643066406,38211800,-0.0008628707085239,-1
2025-12-08,TSLA,447.4500122070313,449.75,435.25,439.5799865722656,69165800,-0.0175886141916658,-1
2025-12-08,MSFT,482.74025101921535,490.1173719905148,482.2325023858298,488.8430480957031,21965900,0.0126419892760192,1
2025-12-08,AMZN,229.58999633789065,230.8300018310547,226.2700042724609,226.88999938964844,35019200,-0.0117600809761265,-1
2025-12-08,UNH,324.3120366886073,324.70669087301354,318.52037286650165,319.2998352050781,4782800,-0.0154548734444344,-1
2025-12-08,GOOGL,319.63395301128804,320.0234606774875,310.81544458829893,313.31219482421875,33909400,-0.0197781184617956,-1
2025-12-08,BRK-B,502.1000061035156,502.9700012207031,490.6199951171875,497.2300109863281,7032200,-0.0096992532523161,-1
2025-12-08,JPM,310.64879808375287,312.0390600856641,308.96274846028484,310.79669189453125,7417200,0.0004760804216551,1
2025-12-05,JPM,311.2206641139725,314.0208969911127,310.2740836361238,310.6290588378906,6518900,-0.0019009190079524,-1
2025-12-05,TSLA,453.0299987792969,458.8699951171875,451.6600036621094,455.0,56427500,0.0043485005982194,1
2025-12-05,META,662.2775487290173,672.9398207362489,660.6717397649775,671.673095703125,21207900,0.0141867212502352,1
2025-12-05,UNH,328.3204578992349,329.0162928832224,321.9598711365138,324.31201171875,5906000,-0.0122089442922107,-1
2025-12-05,BRK-B,503.8599853515625,505.760009765625,500.5400085449219,504.3399963378906,3463700,0.0009526674081753,1
2025-12-05,MSFT,480.3807061976695,481.2568095233099,476.7568601661199,481.0178833007813,22608700,0.0013264002798013,1
2025-12-05,AMZN,230.32000732421875,231.2400054931641,228.5500030517578,229.52999877929688,33117400,-0.0034300474114252,-1
2025-12-05,GOOGL,318.8660555204289,322.528901747787,318.5467035992101,320.642578125,28851700,0.0055713757354058,1
2025-12-05,AAPL,280.01974631085085,280.6186397013617,277.5343433093784,278.26300048828125,47265800,-0.0062736497897524,-1
2025-12-04,TSLA,449.9400024414063,454.6300048828125,445.3900146484375,454.5299987792969,71906500,0.0102013519868982,1
2025-12-04,BRK-B,504.3800048828125,506.5,500.7000122070313,503.2300109863281,3574800,-0.0022800148406984,-1
2025-12-04,AAPL,283.5731318378766,284.20196835267484,278.0733405949076,280.179443359375,43989100,-0.0119675952954591,-1
2025-12-04,AMZN,232.7700042724609,233.5,226.8000030517578,229.1100006103516,45683200,-0.0157236911755403,-1
2025-12-04,JPM,308.87399188892334,314.03074632461573,308.6176225735461,311.6742248535156,9627800,0.0090659396327525,1
2025-12-04,GOOGL,321.6007694211511,321.73048997615604,314.0854750084747,316.999755859375,31240900,-0.0143065999812669,-1
2025-12-04,MSFT,477.6329620200481,479.186043226252,474.3774403367437,478.7081604003906,22318200,0.0022510975285189,1
2025-12-04,UNH,332.63270997198805,334.4556390535126,322.16566527513515,326.8405456542969,8061600,-0.0174130930123467,-1
2025-12-04,META,674.246461597851,674.3461778479464,658.3378235904052,659.8140258789062,29874600,-0.0214052821052145,-1
2025-12-03,META,642.7383158920676,647.1668005690203,635.8961259576193,637.9407958984375,11134300,-0.007464188574119,-1
2025-12-03,TSLA,432.1000061035156,447.9200134277344,431.1099853515625,446.739990234375,87483000,0.0338810088499562,1
2025-12-03,BRK-B,507.5199890136719,509.6000061035156,503.6000061035156,503.6000061035156,3803200,-0.0077238000374614,-1
2025-12-03,UNH,319.4998951185618,334.6026391486864,318.529644271779,332.9365234375,9770000,0.0420551885125096,1
2025-12-03,AMZN,233.3500061035156,233.3800048828125,230.6100006103516,232.3800048828125,35495100,-0.00415685106206,-1
2025-12-03,GOOGL,315.2731119453438,320.95197190330543,313.48659911430565,319.0057983398437,41838300,0.0118395329416706,1
2025-12-03,JPM,302.89885953876745,307.98658713845214,302.50443592551073,307.75982666015625,8535300,0.0160481526037791,1
2025-12-03,MSFT,474.2082166599713,482.0930858950488,473.0931871020635,475.6119689941406,34615100,0.0029602024698274,1
2025-12-03,AAPL,285.6692634925469,288.0847586222564,282.77461708045536,283.623046875,43538700,-0.007162886873198,-1
2025-12-02,META,640.6737247939117,646.1893476978298,636.4147821721649,645.4213256835938,11640900,0.0074103255775149,1
2025-12-02,BRK-B,507.5899963378906,508.1099853515625,503.1099853515625,506.6499938964844,3378000,-0.0018518931582341,-1
2025-12-02,AMZN,235.00999450683597,238.97000122070312,233.5500030517578,234.4199981689453,45785400,-0.0025105159426462,-1
2025-12-02,AAPL,282.47518456741903,286.86701880065203,282.10587559562896,285.6592712402344,53669500,0.0112720934325308,1
2025-12-02,UNH,316.9223157324214,322.146057528238,316.36367379314567,318.0690002441406,7978100,0.0036181879747697,1
2025-12-02,JPM,304.41724991681934,306.13290823405146,302.79035796814105,303.5693054199219,7249000,-0.0027854679625716,-1
2025-12-02,GOOGL,316.1214443613123,317.75825630619534,313.29698432996054,315.1932678222656,35854700,-0.0029361391186919,-1
2025-12-02,TSLA,430.80999755859375,436.7999877929688,422.1199951171875,429.239990234375,69336600,-0.0036443149720665,-1
2025-12-02,MSFT,484.56211884124775,491.312058367048,484.1638983253085,487.82757568359375,19562700,0.0067389849832975,1
2025-12-01,GOOGL,317.0796263275952,319.2254218425781,313.27706870792247,314.2751159667969,41183000,-0.0088448141347964,-1
2025-12-01,TSLA,425.3200073242188,433.6600036621094,425.2900085449219,430.1400146484375,57463600,0.0113326606818768,1
2025-12-01,META,637.8909364271796,643.6459879981971,636.1056017671217,639.20751953125,13029900,0.0020639627072374,1
2025-12-01,AAPL,277.4944549964911,282.89442609469603,275.6279276857388,282.57501220703125,46587700,0.0183086801161645,1
2025-12-01,MSFT,486.2744758383938,487.68816317334665,482.5012705124726,484.5820007324219,23964000,-0.0034804934045817,-1
2025-12-01,UNH,320.6367557882569,323.4789266660114,316.58909913037786,316.7655029296875,6154600,-0.0120736403069331,-1
2025-12-01,JPM,308.5683618849884,309.6430970545817,304.2201032083801,304.59478759765625,7727300,-0.0128774520597585,-1
2025-12-01,BRK-B,513.6500244140625,514.489990234375,508.1799926757813,508.5499877929688,3995200,-0.0099290107635282,-1
2025-12-01,AMZN,233.22000122070312,235.8000030517578,232.25,233.8800048828125,42904000,0.0028299616613276,1
2025-11-28,TSLA,426.5899963378906,432.9299926757813,426.2000122070313,430.1700134277344,36252900,0.0083921730949548,1
2025-11-28,GOOGL,322.73855239479167,326.2117679837596,316.1714145243143,319.5547790527344,26018600,-0.0098648683847435,-1
2025-11-28,AAPL,276.7458380127342,278.4826014787427,275.4781737009374,278.3328857421875,20135600,0.0057346760509556,1
2025-11-28,AMZN,231.2400054931641,233.2899932861328,230.22000122070312,233.22000122070312,20292300,0.0085625137541245,1
2025-11-28,MSFT,485.4382224868377,490.4459206738112,484.4924221764412,489.8286743164063,14386700,0.0090443060026811,1
2025-11-28,UNH,325.05687265152045,325.43908092127253,322.3323040363653,323.1947326660156,2464500,-0.0057286590199283,-1
2025-11-28,JPM,304.7722465716023,309.3275563846455,303.9242719247256,308.6965026855469,4322400,0.0128760284379195,1
2025-11-28,BRK-B,511.8900146484375,516.8499755859375,511.55999755859375,513.8099975585938,2312200,0.0037507723440842,1
2025-11-28,META,634.4299618769652,646.3688812783262,633.8514494094911,646.2691650390625,11033200,0.0186611665172164,1
2025-11-26,GOOGL,320.053780820363,323.86632857763385,316.1713929045335,319.3252258300781,51373400,-0.0022763517694352,-1
2025-11-26,BRK-B,509.25,512.7000122070312,507.6499938964844,511.2300109863281,3686700,0.00388809226574,1
2025-11-26,TSLA,423.9500122070313,426.9400024414063,416.8900146484375,426.5799865722656,63463000,0.006203501095667,1
2025-11-26,META,636.0358029520913,636.7040478933542,629.9915253276793,631.9663696289062,15209500,-0.0063981198924608,-1
2025-11-26,MSFT,484.1539100429923,486.1450429108074,479.0665801492176,483.3475036621094,25709100,-0.0016655992323006,-1
2025-11-26,AAPL,276.4463761157936,279.01161742605893,276.1170014953278,277.0352783203125,33431400,0.0021302583625559,1
2025-11-26,AMZN,230.7400054931641,231.75,228.7700042724609,229.16000366210935,38497900,-0.0068475417935339,-1
2025-11-26,UNH,320.07813955632,328.50667069521734,319.3921147564304,323.13592529296875,5504200,0.0095532476566108,1
2025-11-26,JPM,300.7296512123902,304.2102259719905,298.95486530692773,303.33270263671875,7910900,0.0086557857325819,1
2025-11-25,JPM,295.848951187077,300.236658228506,291.4218258555585,298.7576599121094,8877200,0.0098317358008584,1
2025-11-25,TSLA,414.4200134277344,420.4800109863281,405.9500122070313,419.3999938964844,71915600,0.0120167470377692,1
2025-11-25,UNH,314.71720383448,321.4600287348608,314.5015892042089,319.7743225097656,6149100,0.016068770990814,1
2025-11-25,MSFT,471.9681767111092,477.0256407210385,462.8288843313517,474.8752136230469,28019800,0.0061593917882244,1
2025-11-25,AMZN,226.3800048828125,230.5200042724609,223.8000030517578,229.6699981689453,39379300,0.0145330559906821,1
2025-11-25,GOOGL,325.5729598317621,328.187838552192,317.0296784660599,322.8083801269531,88632100,-0.0084914290985269,-1
2025-11-25,AAPL,274.75953066216096,279.8600705608694,274.73957871594786,276.4563903808594,46914200,0.0061757993057021,1
2025-11-25,META,622.3812488080194,635.3973829418613,616.6960233021972,634.5695190429688,25213000,0.0195832863832131,1
2025-11-25,BRK-B,508.9299926757813,512.3599853515625,506.8599853515625,508.5700073242188,4064000,-0.0007073376628282,-1
2025-11-24,AAPL,270.397615191446,276.4863089537433,270.397615191446,275.4083251953125,65585800,0.0185308956971341,1
2025-11-24,AMZN,222.55999755859372,227.3300018310547,222.2700042724609,226.27999877929688,54318400,0.016714599485578,1
2025-11-24,UNH,318.05919102277767,319.3528787042381,311.2869660112169,312.6884460449219,10773800,-0.0168859920714291,-1
2025-11-24,GOOGL,310.52242205466104,318.8561220474068,308.9954110970811,317.9578552246094,85165100,0.023944915541846,1
2025-11-24,JPM,294.0642973394352,295.6221924256846,290.386540762355,293.8276672363281,10940200,-0.0008046883122092,-1
2025-11-24,MSFT,472.8940955697233,474.7856658755464,465.9450303435204,471.8985290527344,34421000,-0.0021052631578947,-1
2025-11-24,TSLA,402.1700134277344,421.7200012207031,401.0899963378906,417.7799987792969,96806400,0.0388143939885449,1
2025-11-24,BRK-B,501.8999938964844,509.2000122070313,497.1700134277344,507.80999755859375,13404500,0.0117752614743571,1
2025-11-24,META,597.1668722231478,615.1002729325323,596.0797338085368,611.459716796875,23554900,0.0239344230876662,1
2025-11-21,TSLA,402.3200073242188,402.7999877929688,383.760009765625,391.0899963378906,100460600,-0.0279131307960982,-1
2025-11-21,AMZN,216.3500061035156,222.2100067138672,215.17999267578125,220.69000244140625,68490500,0.0200600703279578,1
2025-11-21,AAPL,265.4568071090486,272.8230952896135,265.17732758833057,270.98651123046875,59030800,0.0208308996918981,1
2025-11-21,BRK-B,503.2799987792969,507.8399963378906,502.489990234375,504.0400085449219,6059000,0.0015101131923946,1
2025-11-21,META,586.9734117815261,596.5684523172222,580.3506215479276,592.70849609375,21052600,0.009770603228547,1
2025-11-21,JPM,297.0715864028587,297.456110287291,288.71030575970536,293.84735107421875,11766800,-0.0108533951956872,-1
2025-11-21,GOOGL,295.8411960915725,303.3265508927851,293.2762072031069,299.0748596191406,74137700,0.0109304031023698,1
2025-11-21,MSFT,476.3785437287191,476.796695003642,466.19388806310616,470.0268249511719,31769200,-0.0133333435377481,-1
2025-11-21,UNH,305.6908291650661,317.3829496811602,305.23019930011,313.5901184082031,8406300,0.0258407792759514,1
2025-11-20,META,601.9344542639864,605.1460720070379,581.8367012414765,587.6217041015625,20603000,-0.0237779214348591,-1
2025-11-20,TSLA,414.6300048828125,428.9400024414063,394.739990234375,395.2300109863281,113548800,-0.0467886879097604,-1
2025-11-20,GOOGL,303.94529376978943,305.8216273232207,288.1062900504894,288.884765625,62025200,-0.0495501277812065,-1
2025-11-20,BRK-B,501.1099853515625,506.4500122070313,500.80999755859375,501.1199951171875,5486900,1.9975186920247605e-05,1
2025-11-20,MSFT,490.5255566668064,491.3817596467919,473.39186588492817,476.3088684082031,26802500,-0.0289825638346098,-1
2025-11-20,AMZN,227.0500030517578,227.41000366210935,216.7400054931641,217.13999938964844,50309000,-0.0436467893807969,-1
2025-11-20,UNH,304.6127916915999,308.4742348638782,303.81894458396266,305.3282470703125,7337600,0.00234873714508,1
2025-11-20,JPM,302.05090502503106,305.58079800315744,293.9854410949061,294.2023620605469,7501600,-0.0259841729785043,-1
2025-11-20,AAPL,270.327749378444,274.91922505965954,265.4268814706152,265.7562561035156,45823600,-0.0169109286243809,-1
2025-11-19,GOOGL,286.59925920155763,303.2167402420501,286.0702953640207,292.2382202148437,68198900,0.01967542075648,1
2025-11-19,MSFT,487.0156390818261,492.0736023312663,479.79137227085766,484.0543823242188,23245300,-0.0060804140975641,-1
2025-11-19,AAPL,265.0375710636542,271.7051756343288,265.00762791735707,268.0619506835937,40424500,0.0114111354394098,1
2025-11-19,META,592.1797786556917,593.7856483585136,579.7421567881397,588.7886352539062,24744700,-0.005726543735559,-1
2025-11-19,TSLA,406.1799926757813,411.7799987792969,398.5,403.989990234375,72047700,-0.0053917043697283,-1
2025-11-19,UNH,307.6705548284652,308.7192273184903,298.4579870426836,302.92706298828125,8181100,-0.0154174384442752,-1
2025-11-19,AMZN,223.7400054931641,223.7400054931641,218.5200042724609,222.69000244140625,58335600,-0.0046929606953544,-1
2025-11-19,BRK-B,503.6900024414063,504.25,495.5499877929688,501.260009765625,4695000,-0.0048243813933232,-1
2025-11-19,JPM,295.5432899586994,300.1873662746028,295.0798692888629,299.0238647460937,5546600,0.011776869601339,1
2025-11-18,AAPL,269.48932037088264,270.2079864201871,264.8279974843966,266.9440612792969,45677300,-0.0094447493803571,-1
2025-11-18,UNH,310.6891774544803,311.1693978203648,302.6134536894013,307.3275451660156,9182100,-0.0108199207838746,-1
2025-11-18,META,590.065358149623,602.0940719298206,582.2656968950795,596.1395874023438,25500600,0.0102941634665164,1
2025-11-18,TSLA,405.3800048828125,408.8999938964844,393.7099914550781,401.25,80688600,-0.0101879837018759,-1
2025-11-18,BRK-B,503.3900146484375,506.6400146484375,500.6000061035156,504.3699951171875,5457400,0.0019467618352231,1
2025-11-18,AMZN,228.1000061035156,230.1999969482422,222.4199981689453,222.5500030517578,60608400,-0.0243314463097345,-1
2025-11-18,MSFT,492.2524466910109,499.8145698875434,483.7165104088928,490.6824035644531,33815100,-0.0031895080199434,-1
2025-11-18,JPM,295.3066623130797,298.70837045931603,292.8613742767781,295.2179260253906,8077300,-0.0003004886073142,-1
2025-11-18,GOOGL,287.3577599014325,288.236015842567,277.65674001133203,283.724853515625,49158700,-0.012642450954008,-1
2025-11-17,TSLA,398.739990234375,423.9599914550781,398.739990234375,408.9200134277344,102214300,0.0255304796174962,1
2025-11-17,BRK-B,510.7300109863281,511.260009765625,502.8399963378906,503.260009765625,5371000,-0.0146261254674988,-1
2025-11-17,UNH,314.2075720220705,321.3424151200708,313.06088745762,314.129150390625,6485400,-0.0002495854283231,-1
2025-11-17,MSFT,505.2501533046029,508.8970396915909,501.73242330739504,504.2961730957031,19092800,-0.0018881344273925,-1
2025-11-17,GOOGL,285.2219350622342,293.3759943011471,283.0162592207448,284.4634094238281,52670200,-0.0026594225238692,-1
2025-11-17,AAPL,268.3214829895084,269.98836893107386,265.237217022597,266.9639892578125,45018300,-0.0050592062796141,-1
2025-11-17,AMZN,233.25,234.6000061035156,229.19000244140625,232.8699951171875,59919000,-0.0016291742028403,-1
2025-11-17,JPM,299.7436397411884,301.31137424610444,293.5022804823602,296.1644592285156,8344000,-0.0119408055355675,-1
2025-11-17,META,607.4600346656293,610.1031845088386,593.8554651895852,600.4483032226562,16501300,-0.0115427041168768,-1
2025-11-14,BRK-B,514.7000122070312,516.5499877929688,506.3500061035156,508.9400024414063,5462500,-0.0111910037478454,-1
2025-11-14,TSLA,386.2999877929688,412.1900024414063,382.7799987792969,404.3500061035156,105506700,0.0467253918739973,1
2025-11-14,META,600.2288811530552,612.088052043071,593.6560102918138,607.8790283203125,20724100,0.0127453833153798,1
2025-11-14,JPM,303.20451997960254,303.3327046462357,297.0124483237873,299.3591003417969,10327000,-0.0126825933797568,-1
2025-11-14,GOOGL,270.88000309409097,278.0160347166159,270.17139808707816,275.8702392578125,31647200,0.0184223128570629,1
2025-11-14,AMZN,235.05999755859372,238.72999572753903,232.88999938964844,234.69000244140625,38956700,-0.0015740454395915,-1
2025-11-14,MSFT,495.0944921195485,508.3803456334317,494.3094553479901,506.9692687988281,28505700,0.0239848692891786,1
2025-11-14,UNH,320.4309810489659,321.6658376676509,314.0997649577876,315.44244384765625,8676500,-0.015568211241557,-1
2025-11-14,AAPL,270.54732197227213,275.44821996704485,269.1000292932184,271.9048156738281,47431300,0.0050175832148696,1
2025-11-13,TSLA,423.1300048828125,424.5,396.3399963378906,401.989990234375,118948000,-0.0499610389348122,-1
2025-11-13,GOOGL,281.7886586854728,282.2876823136169,276.69861158680555,278.0260314941406,29494000,-0.0133526565933654,-1
2025-11-13,BRK-B,504.8200073242188,514.260009765625,504.8200073242188,513.1099853515625,7340700,0.0164216510975555,1
2025-11-13,UNH,331.60363424866546,332.2700685282101,324.6844062126532,325.8898620605469,7788700,-0.0172307284902489,-1
2025-11-13,META,611.4796659420805,616.0478021853295,601.4357808374693,608.3079223632812,20973800,-0.0051869976312502,-1
2025-11-13,MSFT,507.098398329558,510.2683247202687,498.1351759673349,500.1225891113281,25273100,-0.0137563227200263,-1
2025-11-13,JPM,314.7604311532612,316.14082355780937,304.7722577523736,305.1469421386719,8973300,-0.0305422412193494,-1
2025-11-13,AAPL,273.6016697208788,276.1868935731559,271.5854266195937,272.44384765625,49602800,-0.0042317799661456,-1
2025-11-13,AMZN,243.0500030517578,243.75,236.5,237.5800018310547,41401700,-0.0225056620120193,-1
2025-11-12,UNH,321.9010364932658,336.3275351202159,320.55832784518265,332.2994689941406,10403300,0.032303196703414,1
2025-11-12,MSFT,506.1543908722183,508.4498810705414,495.9788447581273,507.9232177734375,26574900,0.0034946390530587,1
2025-11-12,AAPL,274.49002155435767,275.2186787593472,271.19615348009904,272.9628601074219,48398000,-0.0055636319247159,-1
2025-11-12,JPM,311.83200002815875,317.7381233989844,311.782682032414,315.92388916015625,10578300,0.0131220950115062,1
2025-11-12,TSLA,442.1499938964844,442.3299865722656,426.55999755859375,430.6000061035156,58513500,-0.0261223294185384,-1
2025-11-12,AMZN,250.2400054931641,250.3699951171875,243.75,244.1999969482422,31190100,-0.0241368622615654,-1
2025-11-12,GOOGL,291.1104119733703,291.43978461940384,283.13602426355726,286.1501159667969,24829900,-0.0170392256771192,-1
2025-11-12,BRK-B,497.1600036621094,504.4500122070313,496.989990234375,502.3999938964844,5456000,0.0105398467209287,1
2025-11-12,META,626.5005716840028,627.3583261459861,606.1934022078184,607.43017578125,24493300,-0.030439550679886,-1
2025-11-11,META,626.3709656116134,627.9269165306073,617.7833145947981,625.453369140625,13302200,-0.0014649409397392,-1
2025-11-11,AMZN,248.41000366210935,249.75,247.22999572753903,249.1000061035156,23564100,0.0027776757426597,1
2025-11-11,GOOGL,287.18807388729897,291.34994399814246,286.7589209130392,290.7411193847656,19842100,0.0123718420802563,1
2025-11-11,MSFT,501.6230817360039,506.3928916321033,499.1885187507047,505.4786682128906,17980000,0.0076862222199652,1
2025-11-11,UNH,316.8537429984404,321.3228192405015,313.5019507714403,320.9210205078125,7157800,0.0128364508838771,1
2025-11-11,JPM,313.05464094031504,314.58292715130625,310.86572224729366,311.2009582519531,5030200,-0.0059212752214567,-1
2025-11-11,BRK-B,498.5899963378906,499.6900024414063,494.2000122070313,497.0700073242188,2960200,-0.0030485750312603,-1
2025-11-11,TSLA,439.3999938964844,442.489990234375,432.3599853515625,439.6199951171875,60533200,0.0005006855342718,1
2025-11-11,AAPL,269.3096487524697,275.3983427074405,269.2996575494418,274.73956298828125,46208300,0.0201623456900437,1
2025-11-10,META,629.4529708548182,633.3528014765299,616.5065997528014,630.1212158203125,19245000,0.0010616281063647,1
2025-11-10,AMZN,248.33999633789065,251.75,245.58999633789065,248.3999938964844,36476500,0.0002415944248952,1
2025-11-10,JPM,310.5896034535161,315.0857553058101,309.81065602274725,312.4531555175781,5794100,0.0060000465029762,1
2025-11-10,GOOGL,283.8645774088431,290.2320924976737,282.30759586857965,289.5334777832031,29557300,0.0199704395176973,1
2025-11-10,BRK-B,497.0799865722656,501.2799987792969,495.1300048828125,496.9800109863281,5084000,-0.000201125751666,-1
2025-11-10,UNH,313.60970588621075,317.78477526476075,310.8459566317771,315.1679992675781,9283800,0.0049688939854839,1
2025-11-10,AAPL,268.46122924118225,273.22240319845355,266.96401085683,268.93035888671875,41312400,0.0017474763371326,1
2025-11-10,TSLA,439.6000061035156,449.6700134277344,433.3599853515625,445.2300109863281,76515900,0.0128071082908191,1
2025-11-10,MSFT,496.8930687697553,503.6602084533397,495.66085193460816,502.8155517578125,26101500,0.0119190291841271,1
2025-11-07,META,614.8907386759073,620.5161224262619,599.640424749484,620.0972290039062,29946800,0.0084673422455678,1
2025-11-07,GOOGL,282.6569436244069,283.225837847663,274.65261591386644,278.2854919433594,34479600,-0.0154655733023713,-1
2025-11-07,MSFT,493.8225155697467,496.2372153715257,490.1457889557352,493.6933288574219,24019800,-0.0002616055531121,-1
2025-11-07,JPM,307.5231746391179,310.02758988101914,303.3326798145578,309.8106689453125,7302300,0.0074384452777551,1
2025-11-07,UNH,313.2863393626572,318.07882265849594,307.8960032344128,317.74560546875,9402900,0.0142338351399701,1
2025-11-07,BRK-B,494.9299926757813,500.1600036621094,493.3500061035156,499.05999755859375,6377800,0.0083446243790644,1
2025-11-07,AAPL,269.03885049148494,271.5218466038475,266.0173996929098,267.7126159667969,48227400,-0.0049295279186083,-1
2025-11-07,AMZN,242.8999938964844,244.8999938964844,238.4900054931641,244.41000366210935,46374300,0.0062165903810953,1
2025-11-07,TSLA,437.9200134277344,439.3599853515625,421.8800048828125,429.5199890136719,103471500,-0.0191816408396431,-1
2025-11-06,BRK-B,490.0,494.0299987792969,486.75,493.1499938964844,4964700,0.006428558972417,1
2025-11-06,TSLA,461.9599914550781,467.4500122070313,435.0899963378906,445.9100036621094,109622900,-0.0347432420336112,-1
2025-11-06,AAPL,267.1342708755924,272.6287059365568,267.1342708755924,269.0089416503906,51204000,0.0070177097406992,1
2025-11-06,GOOGL,284.77279318145315,287.78691520805194,280.59100344938025,284.1939392089844,37173600,-0.0020326870625591,-1
2025-11-06,JPM,306.6357687557767,310.4318702971036,305.9160088624015,309.0317687988281,7206100,0.007813830893811,1
2025-11-06,UNH,322.36167136274133,325.7428638052234,315.04061463076283,315.1484069824219,7922100,-0.0223763090376915,-1
2025-11-06,AMZN,249.16000366210935,250.3800048828125,242.1699981689453,243.0399932861328,46004200,-0.024562571383953,-1
2025-11-06,MSFT,502.4776836990636,502.5174404542645,492.6896676102462,493.9715576171875,27406500,-0.0169283658913107,-1
2025-11-06,META,634.2005186436334,634.3501538797125,616.3968476378337,617.3344116210938,23628800,-0.0265942813459238,-1
2025-11-05,AMZN,249.02999877929688,251.0,246.16000366210935,250.1999969482422,40610700,0.004698221799303,1
2025-11-05,BRK-B,487.3399963378906,493.8900146484375,487.3399963378906,488.7699890136719,6551200,0.0029342813775329,1
2025-11-05,GOOGL,278.32541216487215,285.86068664735006,276.79840119805726,283.7547912597656,31010300,0.019507306403187,1
2025-11-05,MSFT,510.0695738143288,511.58997398954807,503.3918644042552,503.9682312011719,23024300,-0.0119617850708693,-1
2025-11-05,AAPL,267.8522167164328,270.9335263776032,266.17696342424256,269.3779296875,43683100,0.0056960998485311,1
2025-11-05,META,630.6697208898194,640.5639703518489,624.9146693781357,634.30029296875,20219900,0.0057566931765936,1
2025-11-05,TSLA,452.0499877929688,466.3299865722656,440.7099914550781,462.0700073242188,85573000,0.0221657334406101,1
2025-11-05,UNH,319.7938795016485,323.62592144694264,317.7553658634617,321.2051696777344,9697100,0.0044131244109022,1
2025-11-05,JPM,305.27510663609064,308.7162632770978,301.35085025066564,307.3161315917969,6865200,0.0066858545336265,1
2025-11-04,AMZN,250.3800048828125,257.010009765625,248.66000366210935,249.32000732421875,51546300,-0.0042335551478636,-1
2025-11-04,TSLA,454.4599914550781,460.2200012207031,443.6000061035156,444.260009765625,87756600,-0.0224441796444943,-1
2025-11-04,MSFT,508.5393367379826,512.3054631947169,504.6439932361389,511.0931701660156,20958700,0.0050218994747083,1
2025-11-04,UNH,321.09740415229965,329.79054081416064,320.6759850821896,324.23358154296875,9646600,0.0097670593100826,1
2025-11-04,META,626.410791028598,640.0752642850032,624.3860886703497,625.6926879882812,27356600,-0.0011463771866663,-1
2025-11-04,BRK-B,475.5,488.7900085449219,475.5,487.6600036621094,7803200,0.0255730886689997,1
2025-11-04,AAPL,267.5730004152706,270.7240893859628,266.8650119182292,269.2781982421875,49274800,0.0063728321776504,1
2025-11-04,GOOGL,276.2095505755116,280.7207127582489,275.72051721535576,276.9980163574219,30078400,0.0028545927549118,1
2025-11-04,JPM,302.415720333495,307.84858401169095,300.82827651560933,304.920166015625,7085200,0.0082814665830471,1
2025-11-03,GOOGL,281.62895336390585,284.97241759660864,279.25359613963377,283.1659545898437,29786000,0.0054575398146364,1
2025-11-03,BRK-B,479.510009765625,479.989990234375,473.1499938964844,475.6799926757813,5868100,-0.0079873558671189,-1
2025-11-03,META,654.298319497033,657.6196984387726,634.5297257704245,636.0557861328125,33003600,-0.0278810640660728,-1
2025-11-03,JPM,306.64562981088375,307.94715546133403,301.9226870872276,305.01873779296875,7770000,-0.0053054466124899,-1
2025-11-03,UNH,332.36810487769543,333.9068078868114,320.08794125774733,327.13458251953125,11181400,-0.0157461630083007,-1
2025-11-03,TSLA,455.989990234375,474.0700073242188,453.7999877929688,468.3699951171875,84595200,0.0271497294851785,1
2025-11-03,MSFT,516.5385956979154,521.6562086548496,511.3514766558802,513.776123046875,22374700,-0.0053480469301774,-1
2025-11-03,AMZN,255.3600006103516,258.6000061035156,252.8999938964844,254.0,95997800,-0.0053258169137724,-1
2025-11-03,AAPL,269.65711516237894,270.08589475979994,265.49886601188945,268.2909545898437,50194600,-0.0050662878734445,-1
2025-10-31,MSFT,525.5515477587454,525.9887810857076,511.8582417946861,514.5512084960938,34006400,-0.0209310377061269,-1
2025-10-31,GOOGL,282.6569440736325,285.44150434001006,276.48901957648127,280.6408996582031,39267900,-0.0071324779302226,-1
2025-10-31,BRK-B,476.7999877929688,478.7099914550781,475.30999755859375,477.5400085449219,7146400,0.0015520569859461,1
2025-10-31,TSLA,446.75,458.0,443.6900024414063,456.55999755859375,83135800,0.0219585843505176,1
2025-10-31,JPM,304.22008283002725,308.4894444595929,302.9481359332913,306.7639465332031,7721300,0.0083619190406873,1
2025-10-31,UNH,337.52322317661793,339.3755229195461,330.398160543053,334.7496337890625,8390800,-0.0082174771900186,-1
2025-10-31,AMZN,250.1000061035156,250.5,243.97999572753903,244.22000122070312,166340800,-0.0235106147113758,-1
2025-10-31,AAPL,276.2085891024436,276.53767519933945,268.40069127196034,269.6072692871094,86167100,-0.0238997629899404,-1
2025-10-31,META,672.7602632515434,673.1392823636344,643.8953340746643,646.6680908203125,56953200,-0.0387837597677422,-1
2025-10-30,META,667.4142515632169,679.1936140289573,648.4834442213796,664.7411499023438,88440100,-0.004005161194284,-1
2025-10-30,MSFT,527.1414377363435,531.6031704966998,518.8340654321457,522.451171875,41023100,-0.008897547272103,-1
2025-10-30,UNH,340.5908266262187,347.47087476925253,336.7490038190758,337.8760681152344,11441900,-0.0079707329110294,-1
2025-10-30,TSLA,451.0499877929688,455.05999755859375,439.6099853515625,440.1000061035156,72447900,-0.0242766477902647,-1
2025-10-30,BRK-B,474.8399963378906,480.9100036621094,474.8399963378906,478.5199890136719,4786600,0.0077499635754411,1
2025-10-30,AMZN,227.05999755859372,228.44000244140625,222.75,222.8600006103516,102252900,-0.0184973002439954,-1
2025-10-30,JPM,301.50859316866377,308.2330823767899,300.82825156305904,305.10748291015625,7514600,0.0119362758575815,1
2025-10-30,AAPL,271.2226702585742,273.36662916750566,267.72259312931254,270.63433837890625,69886500,-0.0021691840107137,-1
2025-10-30,GOOGL,291.02060225143094,291.02060225143094,279.51311834988803,280.93035888671875,74876000,-0.0346719211170987,-1
2025-10-29,UNH,357.0166539685856,358.8493634281032,346.8240245772966,348.176513671875,11874900,-0.0247611426482317,-1
2025-10-29,JPM,299.2605157595805,303.93414060421026,298.7675163425421,301.2325134277344,7520300,0.0065895685007042,1
2025-10-29,META,752.7921200604676,757.1906533932021,740.5838813084906,749.7200927734375,26818600,-0.0040808441071133,-1
2025-10-29,TSLA,462.5,465.7000122070313,452.6499938964844,461.510009765625,67983500,-0.0021405194256756,-1
2025-10-29,BRK-B,477.3200073242188,478.7999877929688,473.7200012207031,475.760009765625,6204500,-0.0032682425514464,-1
2025-10-29,GOOGL,267.22712459889897,274.80229881772505,267.1472942283553,274.0338134765625,43580300,0.0254715492968021,1
2025-10-29,AMZN,231.6699981689453,232.82000732421875,227.75999450683597,230.3000030517578,52036200,-0.0059135629473628,-1
2025-10-29,AAPL,268.5203194424725,270.6443152614699,266.35642794866993,268.93914794921875,51086700,0.0015597646674034,1
2025-10-29,MSFT,541.5104645203966,542.8321112501552,533.3521116884923,538.1417846679688,36023000,-0.006220895205435,-1
2025-10-28,MSFT,546.5385938392855,550.2351530342114,537.3667019364588,538.6585083007812,29986700,-0.0144181685014204,-1
2025-10-28,AAPL,268.23113785786586,269.12862319727753,267.39351124836816,268.2411193847656,41534800,3.721240934023721e-05,1
2025-10-28,JPM,300.59159530101573,303.6580673748709,298.915415308335,301.0845947265625,6336000,0.0016400971725542,1
2025-10-28,GOOGL,269.1633589320839,270.20133657580493,265.9795858431389,266.9476928710937,29738600,-0.0082316778545968,-1
2025-10-28,BRK-B,484.9599914550781,485.6700134277344,481.1099853515625,481.4400024414063,5029100,-0.0072583080577646,-1
2025-10-28,AMZN,228.22000122070312,231.4900054931641,226.2100067138672,229.25,47100000,0.0045131836551906,1
2025-10-28,UNH,373.0896573732,373.40328410758775,351.4793217920273,360.5056762695313,18858700,-0.0337291073471945,-1
2025-10-28,TSLA,454.7799987792969,467.0,451.6000061035156,460.5499877929688,80185700,0.012687429150709,1
2025-10-28,META,750.6776381609803,756.4326899204912,743.5860965317024,749.49072265625,12193800,-0.0015811254317339,-1
2025-10-27,BRK-B,491.9200134277344,492.2999877929688,484.5499877929688,488.0700073242188,6451500,-0.0078264880436323,-1
2025-10-27,UNH,356.2521771853968,358.91794432933744,354.194043082288,358.6827392578125,7766400,0.0068225886831585,1
2025-10-27,AMZN,227.66000366210935,228.3999938964844,225.5399932861328,226.97000122070312,38267000,-0.0030308461315424,-1
2025-10-27,JPM,297.9294427867379,300.26625545589764,296.7955500258321,299.8915710449219,5642200,0.0065858823479506,1
2025-10-27,MSFT,528.4333612309177,531.2157277722118,525.6807743511338,528.1749877929688,18734700,-0.0004889423282192,-1
2025-10-27,AAPL,264.13276036080543,268.36078929414754,263.9033982511248,268.0516662597656,44888200,0.0148368793541814,1
2025-10-27,META,747.7850542762595,753.7894568601143,746.0695454676272,748.8722534179688,11321100,0.0014538925798155,1
2025-10-27,TSLA,439.9800109863281,460.1600036621094,438.6900024414063,452.4200134277344,105867500,0.0282740172980104,1
2025-10-27,GOOGL,264.30287916974333,269.61249783187736,263.76392512831256,268.7441711425781,35235200,0.0168037971693167,1
2025-10-24,MSFT,519.499850577073,522.0437370421222,517.4329845218087,520.314697265625,15532400,0.0015685215070743,1
2025-10-24,UNH,354.1646514889598,358.1339166267961,352.8513732909411,355.2721252441406,5462100,0.0031270025128844,1
2025-10-24,META,734.8787064697904,739.2872845910176,729.253383189777,736.4446411132812,9151300,0.0021308749725697,1
2025-10-24,TSLA,446.8299865722656,451.6799926757813,430.1700134277344,433.7200012207031,94727800,-0.0293399855549807,-1
2025-10-24,AMZN,221.97000122070312,225.3999938964844,221.8999938964844,224.2100067138672,38685100,0.0100914784918924,1
2025-10-24,GOOGL,256.07894057309267,261.16898745224296,254.82142179583195,259.4124450683594,28655100,0.0130174878410793,1
2025-10-24,AAPL,260.4531761824355,263.3848847726989,258.4488367256365,262.0785827636719,38253700,0.0062406863493107,1
2025-10-24,JPM,291.93451945757295,298.36325106738366,291.31336547241364,296.2334899902344,7228300,0.0147258040626682,1
2025-10-24,BRK-B,490.9100036621094,492.9800109863281,489.3999938964844,492.1000061035156,3166800,0.0024240745401988,1
2025-10-23,AAPL,259.2066564378435,259.8847307097371,257.2821086816683,258.84765625,32754900,-0.0013849960212328,-1
2025-10-23,MSFT,519.1720024577996,520.6526156742948,515.3461954332505,517.283935546875,14023500,-0.0036366886156926,-1
2025-10-23,TSLA,420.0,449.3999938964844,413.8999938964844,448.9800109863281,126709800,0.0690000261579241,1
2025-10-23,GOOGL,252.4859741014181,254.5419488781284,251.35819113136333,252.58578491210935,19901400,0.0003953122982235,1
2025-10-23,BRK-B,492.1900024414063,492.4500122070313,488.1099853515625,490.1600036621094,3063000,-0.0041244209943873,-1
2025-10-23,META,732.7941435868839,740.4841042897723,731.1982575844598,732.095947265625,9856000,-0.000952786437186,-1
2025-10-23,AMZN,219.0,221.3000030517578,218.17999267578125,221.08999633789065,31540000,0.0095433622734731,1
2025-10-23,UNH,348.4901083853841,355.0565296362527,346.5888173917132,353.2630310058594,5756700,0.0136960060146013,1
2025-10-23,JPM,290.25834375227123,292.2204718178062,288.4145307332595,290.4161071777344,5438800,0.0005435276155154,1
2025-10-22,UNH,356.7029783280342,356.74218914094564,350.8618233858751,354.2822265625,7833000,-0.0067864635638337,-1
2025-10-22,MSFT,517.870184130928,521.9244631183706,514.4518312300626,517.2639770507812,18962700,-0.0011705772966328,-1
2025-10-22,BRK-B,491.7300109863281,492.9800109863281,488.1900024414063,491.80999755859375,3376000,0.0001626635968489,1
2025-10-22,META,731.9264006052239,738.6787972623451,722.1518348008319,731.5074462890625,8734500,-0.0005723995142338,-1
2025-10-22,GOOGL,253.873276187685,255.8593804848901,248.8031942886971,251.19851684570312,35029400,-0.0105358050368581,-1
2025-10-22,JPM,293.6008552074487,293.8868032880077,286.4721030595595,289.9920959472656,8054100,-0.0122913785712008,-1
2025-10-22,TSLA,443.4500122070313,445.5400085449219,429.0,438.9700012207031,84023500,-0.010102629074315,-1
2025-10-22,AMZN,219.3000030517578,220.00999450683597,216.5200042724609,217.9499969482422,44308500,-0.0061559784985365,-1
2025-10-22,AAPL,261.9090191460537,262.1084670888602,254.70938662410157,257.72088623046875,45015300,-0.0159907930213332,-1
2025-10-21,AMZN,218.42999267578125,223.32000732421875,217.9900054931641,222.02999877929688,50494600,0.0164812810704945,1
2025-10-21,JPM,297.436411288458,299.7929328501146,292.8416531202475,292.9303894042969,7372700,-0.0151495301622338,-1
2025-10-21,AAPL,261.1411827196178,264.5415659974475,261.0913055219307,262.0286560058594,46695900,0.003398442470847,1
2025-10-21,MSFT,514.2431942660954,515.4257076122852,509.81124074780416,514.4021606445312,15586200,0.0003091268493357,1
2025-10-21,GOOGL,254.24254216862596,254.38226816359625,243.6732110393333,249.9709014892578,47312100,-0.0168014394559308,-1
2025-10-21,BRK-B,493.7000122070313,495.7000122070313,491.25,491.2900085449219,2714500,-0.0048815142850325,-1
2025-10-21,TSLA,445.760009765625,449.2999877929688,442.0499877929688,442.6000061035156,54412200,-0.0070890245712504,-1
2025-10-21,UNH,357.85947450501646,363.6516084782733,354.29203824215006,358.0848693847656,6885300,0.000629841867568,1
2025-10-21,META,734.110725168398,736.5842723709278,726.8595646449745,731.3678588867188,7647300,-0.0037363114141262,-1
2025-10-20,UNH,351.3911117321571,358.2809400014152,350.3816500053927,357.2126770019531,5996500,0.0165671955704827,1
2025-10-20,BRK-B,492.3599853515625,494.4200134277344,490.3200073242188,494.0799865722656,4605300,0.0034933814117225,1
2025-10-20,AMZN,213.8800048828125,216.69000244140625,213.58999633789065,216.47999572753903,38882800,0.012156306271599,1
2025-10-20,TSLA,443.8699951171875,449.7999877929688,440.6099853515625,447.4299926757813,63719000,0.0080203609114282,1
2025-10-20,JPM,294.3206760639065,299.43801283887467,293.9854400437148,298.1266174316406,6894900,0.0129312742095894,1
2025-10-20,MSFT,511.37132460679527,515.4356111738924,510.1987581296245,513.53759765625,14665600,0.0042362036062941,1
2025-10-20,META,719.3191931642514,731.8665769499745,718.3118034233538,730.2706909179688,8900200,0.0152248095946699,1
2025-10-20,GOOGL,254.19262765863596,256.8274562611235,253.7335192750416,256.0489807128906,22350200,0.0073029382140368,1
2025-10-20,AAPL,255.168106265739,263.63416054313814,254.90884523128253,261.50018310546875,90483000,0.0248153146268811,1
2025-10-17,MSFT,505.8364332653001,512.235876086287,504.1173098719632,510.3478698730469,19867800,0.008918765654392,1
2025-10-17,META,705.2458014471516,716.6760344343375,704.2882698394852,715.0602416992188,12232400,0.0139163398519042,1
2025-10-17,AMZN,214.55999755859372,214.8000030517578,211.02999877929688,213.0399932861328,45986900,-0.0070842854667997,-1
2025-10-17,GOOGL,250.27031046967195,253.72356048353365,247.32607427452788,252.80535888671875,29671600,0.0101292415080693,1
2025-10-17,AAPL,247.3203043073955,252.66518358811555,246.5724201648456,251.5782470703125,49147000,0.0172163089271666,1
2025-10-17,TSLA,425.5,441.4599914550781,423.6000061035156,439.30999755859375,89331600,0.0324559284573296,1
2025-10-17,JPM,294.97143359875633,295.3559575215809,290.08088749555986,293.3938293457031,10153500,-0.0053483289341136,-1
2025-10-17,BRK-B,490.0,493.4500122070313,489.25,492.4200134277344,3794300,0.0049388029137436,1
2025-10-17,UNH,344.0014287463771,351.2440942663747,343.8348052077825,349.4897766113281,8608400,0.0159544333433494,1
2025-10-16,MSFT,509.3541552294708,513.597241245564,504.93214864922606,508.3902282714844,15559600,-0.0018924493853439,-1
2025-10-16,META,715.6886043056783,723.6080097298942,702.0540824517458,710.2228393554688,9017000,-0.0076370713706027,-1
2025-10-16,TSLA,434.7300109863281,439.3500061035156,421.30999755859375,428.75,77189900,-0.0137556893593807,-1
2025-10-16,AAPL,247.54966879270205,248.33743345063007,244.4384754074267,246.75192260742188,39777000,-0.0032225701984202,-1
2025-10-16,AMZN,215.6699981689453,218.58999633789065,212.80999755859372,214.47000122070312,42414600,-0.00556404209408,-1
2025-10-16,BRK-B,495.6000061035156,496.0,485.7999877929688,488.80999755859375,4254300,-0.0137005820445927,-1
2025-10-16,JPM,301.0747572360179,304.3581201926382,292.9106878973514,294.360107421875,10549400,-0.022302267635407,-1
2025-10-16,UNH,354.62527889422057,354.7820922478407,347.3336224508748,349.5583801269531,5872100,-0.0142880360448833,-1
2025-10-16,GOOGL,251.27834055068328,256.4581925767255,249.61160360230107,250.9689483642578,27997200,-0.0012312728018954,-1
2025-10-15,TSLA,434.8999938964844,440.510009765625,426.3299865722656,435.1499938964844,71558200,0.0005748447999737,1
2025-10-15,GOOGL,246.76716258187247,251.61767243328853,245.5096286311317,250.53977966308597,27007700,0.0152881649314332,1
2025-10-15,BRK-B,493.8999938964844,496.7300109863281,490.3500061035156,496.3900146484375,3566200,0.0050415484566193,1
2025-10-15,META,715.1998794771447,722.0221626881838,707.6694770310874,715.6885986328125,10246800,0.0006833322679319,1
2025-10-15,AAPL,248.78616738422892,251.1095960297993,246.7718617608356,248.63658142089844,33893600,-0.0006012631847794,-1
2025-10-15,UNH,352.2241485667839,356.95783019026874,348.7547241397475,353.94903564453125,6579600,0.0048971289582669,1
2025-10-15,JPM,302.1001843350741,307.7499381556482,301.1634734465224,301.40997314453125,11354800,-0.0022847095974536,-1
2025-10-15,MSFT,511.7191917714538,513.93513816427,506.7903850161382,510.1987915039063,14694700,-0.0029711613165891,-1
2025-10-15,AMZN,216.6199951171875,217.7100067138672,212.66000366210935,215.57000732421875,45909500,-0.0048471416149775,-1
2025-10-14,AAPL,245.90431694508948,248.1479694164288,244.00966795095763,247.07101440429688,35478000,0.0047445180048137,1
2025-10-14,META,705.9439682909708,713.6937706407739,697.5158763660478,706.8117065429688,8829800,0.001229188563079,1
2025-10-14,MSFT,507.0188839999062,512.0371200755203,502.8154945413961,510.3378601074219,14684300,0.0065460601414527,1
2025-10-14,JPM,301.5578902761218,302.70165257420854,290.0907186231138,297.8505249023437,16178800,-0.0122940420175488,-1
2025-10-14,BRK-B,490.0,497.05999755859375,489.9500122070313,495.9700012207031,3056000,0.0121836759606186,1
2025-10-14,UNH,347.872702274778,355.10552812873306,346.35358961180725,352.7533874511719,5974800,0.0140300895829954,1
2025-10-14,GOOGL,240.7589123699273,246.63740953871613,240.0403171957297,244.97067260742188,22111600,0.0174936836025543,1
2025-10-14,AMZN,215.55999755859372,219.32000732421875,212.6000061035156,216.38999938964844,45665600,0.0038504446115011,1
2025-10-14,TSLA,426.7900085449219,434.2000122070313,417.8599853515625,429.239990234375,72669400,0.0057404851107128,1
2025-10-13,TSLA,423.5299987792969,436.8900146484375,419.7000122070313,435.8999938964844,79552800,0.0292068924346337,1
2025-10-13,GOOGL,239.74090958548277,244.02252510434917,239.24188601676215,243.67320251464844,24995000,0.0164022608238398,1
2025-10-13,BRK-B,488.1499938964844,493.7999877929688,487.8200073242188,491.9299926757813,3183500,0.0077435190547158,1
2025-10-13,JPM,301.321238204041,305.1271791148808,301.17334440263704,303.6580505371094,10788700,0.0077552194694156,1
2025-10-13,META,711.1603595995662,718.072374881022,705.8042950194317,713.8433837890625,9251800,0.0037727414826763,1
2025-10-13,UNH,347.6668450586018,351.9987280315978,346.27517512568846,351.5086975097656,5659400,0.0110503848893508,1
2025-10-13,MSFT,513.1600441163425,513.1600441163425,508.45983088995337,510.8149108886719,14284200,-0.0045699840713611,-1
2025-10-13,AMZN,217.6999969482422,220.67999267578125,217.0399932861328,220.07000732421875,37809700,0.010886588926044,1
2025-10-13,AAPL,248.67648318296307,248.98560621270488,244.867252416582,246.9613342285156,38142900,-0.0068971095798613,-1
2025-10-10,AAPL,254.2207817432353,255.6567217403356,243.3116425485481,244.57806396484372,61999100,-0.0379304859039052,-1
2025-10-10,BRK-B,497.25,497.989990234375,489.05999755859375,489.1300048828125,4763800,-0.0163298041572398,-1
2025-10-10,META,729.0239332852144,733.3626856542741,702.6824691715568,703.4703979492188,16980100,-0.0350517097852237,-1
2025-10-10,TSLA,436.5400085449219,443.1300048828125,411.4500122070313,413.489990234375,112107900,-0.0528016169408557,-1
2025-10-10,GOOGL,240.95854254659665,243.6133519117745,235.37946202105573,236.1080474853516,33180300,-0.020129998339059,-1
2025-10-10,MSFT,516.3697201998212,520.2849266906686,506.4227072751714,507.7443237304688,24133800,-0.0167039160739609,-1
2025-10-10,JPM,301.3804193716138,306.1230715472904,296.5983188157025,296.6772155761719,8597400,-0.0156055386917578,-1
2025-10-10,AMZN,226.2100067138672,228.25,216.0,216.3699951171875,72367500,-0.0434994531834584,-1
2025-10-10,UNH,362.0345124206696,362.0345124206696,345.481298369123,347.4316101074219,13141900,-0.0403356636239137,-1
2025-10-09,JPM,300.7789679717848,303.72712529673134,299.1422361925597,301.25225830078125,7060300,0.0015735486167398,1
2025-10-09,MSFT,519.0527457511332,521.0302122328587,514.1438325922749,519.1123657226562,18343600,0.0001148630308019,1
2025-10-09,AMZN,225.0,228.2100067138672,221.75,227.7400054931641,46412100,0.0121778021918402,1
2025-10-09,AAPL,257.08267167133846,257.2721380835156,252.42584836214985,253.32330322265625,38322000,-0.0146231888140959,-1
2025-10-09,GOOGL,243.99259549865823,244.2820224803224,238.68297718710045,241.05833435058597,27892100,-0.0120260253884977,-1
2025-10-09,TSLA,431.80999755859375,436.3500061035156,426.1799926757813,435.5400085449219,69339900,0.008638083896661,1
2025-10-09,BRK-B,499.9800109863281,501.2200012207031,494.510009765625,496.739990234375,3172200,-0.0064803005735397,-1
2025-10-09,META,716.4167658258609,731.6072387695312,710.5918883665408,731.6072387695312,12717200,0.0212034023605788,1
2025-10-09,UNH,365.0923241938757,368.7185619691624,358.7807287668154,360.358642578125,8759800,-0.0129657111422505,-1
2025-10-08,TSLA,437.5700073242188,441.3299865722656,425.2300109863281,438.6900024414063,71192100,0.0025595792637534,1
2025-10-08,GOOGL,244.4816510919942,245.52958847857047,243.3438778825467,244.14230346679688,21307100,-0.0013880290143722,-1
2025-10-08,UNH,359.613786634634,367.1602685308417,358.50631288504906,362.544189453125,9438300,0.0081487499295133,1
2025-10-08,AMZN,222.9199981689453,226.72999572753903,221.19000244140625,225.22000122070312,46686000,0.010317616502108,1
2025-10-08,AAPL,255.79633660873375,257.7906945345413,255.3874895821648,257.3320007324219,36496900,0.006003464099789,1
2025-10-08,META,711.599278595462,717.7832075860277,705.9738944950672,715.9779052734375,10790600,0.0061532196696684,1
2025-10-08,MSFT,519.9868090400763,523.6336952116123,519.7980023635643,521.546875,13363400,0.0030002029528473,1
2025-10-08,BRK-B,502.7099914550781,503.5,498.55999755859375,499.8399963378906,2944600,-0.0057090472955995,-1
2025-10-08,JPM,303.8946917756213,304.4567183318842,299.2999336047902,299.7732238769531,6489900,-0.0135621582416821,-1
2025-10-07,BRK-B,500.1600036621094,504.4599914550781,498.6099853515625,502.2999877929688,3057400,0.0042785990786761,1
2025-10-07,MSFT,524.9652461341774,526.4657528279373,518.1583800775612,520.682373046875,14615200,-0.0081583935676528,-1
2025-10-07,AMZN,220.8800048828125,222.88999938964844,220.1699981689453,221.77999877929688,31194700,0.0040745829255204,1
2025-10-07,GOOGL,247.78516788414848,249.95092835197497,245.04053824724076,245.28005981445312,23181300,-0.0101100000903468,-1
2025-10-07,UNH,352.24373721828493,357.4478588776738,350.9206488503359,356.40899658203125,7236200,0.0118249351901609,1
2025-10-07,META,715.8581417735932,716.636147605649,703.9192222306009,711.230224609375,12062900,-0.0064648523138287,-1
2025-10-07,TSLA,447.8200073242188,452.6799926757813,432.4500122070313,433.0899963378906,102296100,-0.0328927040896225,-1
2025-10-07,AAPL,256.0855101139428,256.6738420114173,254.70939836699205,255.75645446777344,31955800,-0.0012849444157264,-1
2025-10-07,JPM,305.01875022701944,305.66951307877287,300.43386159315816,303.3819885253906,8454200,-0.00536610192131,-1
2025-10-06,UNH,353.8314330983794,355.2917144647868,349.98958069389806,351.6164855957031,7181700,-0.006259894671541,-1
2025-10-06,JPM,305.8371035459471,307.38512889871987,300.8578215934895,304.8511047363281,7214500,-0.0032239345657773,-1
2025-10-06,AAPL,257.2621558739689,258.33912604890287,254.3304629034206,255.96583557128903,44664100,-0.0050389078730836,-1
2025-10-06,GOOGL,244.30200291397747,250.82924041118625,244.1023965111835,249.9409637451172,28894700,0.0230819263202081,1
2025-10-06,META,703.3607165744016,715.0203947681905,688.718804278428,713.8035278320312,21654700,0.0148470208977401,1
2025-10-06,MSFT,515.3461902238155,527.6880704621805,514.9387971845453,525.2435302734375,21388600,0.0192052259963803,1
2025-10-06,TSLA,440.75,453.5499877929688,436.6900024414063,453.25,85324900,0.0283607487237663,1
2025-10-06,BRK-B,499.5,504.9700012207031,498.0199890136719,500.0199890136719,3519500,0.0010410190463901,1
2025-10-06,AMZN,221.0,221.72999572753903,216.02999877929688,220.8999938964844,43690900,-0.0004525163055005,-1
2025-10-03,UNH,350.1267830161296,360.66243848827344,349.4995296363098,353.0179748535156,13494800,0.0082575569126136,1
2025-10-03,AAPL,253.9515436206674,258.5086431914624,253.23357360959045,257.2920837402344,49155600,0.0131542422303871,1
2025-10-03,JPM,302.718779227698,305.80964265751953,302.4243927447969,304.2102355957031,6029900,0.0049268709784379,1
2025-10-03,GOOGL,244.01255894852343,245.8190218960462,241.18808361984188,244.87088012695312,30249600,0.0035175286965895,1
2025-10-03,TSLA,443.2900085449219,446.7699890136719,416.5799865722656,429.8299865722656,133188200,-0.0303639191346498,-1
2025-10-03,META,727.7372737109582,729.1037149276121,708.3377167266436,708.7167358398438,16154300,-0.0261365448194275,-1
2025-10-03,BRK-B,495.8999938964844,502.5499877929688,495.0499877929688,498.75,4678800,0.0057471388154736,1
2025-10-03,AMZN,223.44000244140625,224.1999969482422,219.33999633789065,219.50999450683597,43639000,-0.0175886497119104,-1
2025-10-03,MSFT,513.8456285403139,517.2143082734997,511.7588690628015,514.0940551757812,15112300,0.0004834655033907,1
2025-10-02,BRK-B,496.9599914550781,499.6099853515625,493.2200012207031,495.9200134277344,3461400,-0.0020926795823115,-1
2025-10-02,UNH,340.36539029247416,348.00004388575104,337.77801491718446,346.66717529296875,8564200,0.0185147643686083,1
2025-10-02,GOOGL,244.6712510924991,246.32801300536264,241.8268258714409,245.210205078125,25483300,0.0022027679313339,1
2025-10-02,AMZN,221.00999450683597,222.80999755859372,218.9499969482422,222.41000366210935,41258600,0.0063345965796589,1
2025-10-02,AAPL,255.85613542550084,257.4516276685696,253.43299812845933,256.40460205078125,42630200,0.0021436524254862,1
2025-10-02,MSFT,514.3822683481345,518.3173074331339,507.46604898963056,512.4942016601562,21222900,-0.0036705516580918,-1
2025-10-02,META,720.7055653205383,725.8821043267139,716.2770807321521,725.1639404296875,11415300,0.0061861255465209,1
2025-10-02,JPM,304.1808160870063,304.73030161726365,300.39328868596704,301.7767944335937,7600000,-0.0079032651839717,-1
2025-10-02,TSLA,470.5400085449219,470.75,435.5700073242188,436.0,137009000,-0.0734050408417595,-1
2025-10-01,BRK-B,502.5,502.8699951171875,495.8999938964844,498.2000122070313,4481100,-0.0085571896377487,-1
2025-10-01,TSLA,443.7999877929688,462.2900085449219,440.75,459.4599914550781,98122300,0.0352861741614439,1
2025-10-01,MSFT,511.56013673304216,517.2342231556227,508.4697238165545,516.4392700195312,22632300,0.0095377511579548,1
2025-10-01,META,719.6183236513255,719.9773751402398,708.357633728991,715.4791259765625,20419600,-0.0057519347947683,-1
2025-10-01,AAPL,254.32049261064776,258.0599285933123,254.21080232618837,254.72933959960935,48713900,0.0016076053674036,1
2025-10-01,GOOGL,240.2798631456683,245.81902814560357,238.1440427490887,244.4217529296875,31658200,0.0172377731941199,1
2025-10-01,UNH,337.042992446128,341.74730347810174,334.8182646079004,341.3552551269531,8825500,0.0127943994608177,1
2025-10-01,JPM,308.07628613361976,308.68464295873514,301.6394301376976,304.8774719238281,9235200,-0.0103831886898436,-1
2025-10-01,AMZN,217.3600006103516,222.1499938964844,216.6100006103516,220.6300048828125,43933800,0.0150441859738622,1
2025-09-30,AAPL,254.1410137555297,255.1980209495745,252.39595068950493,253.9116668701172,37704300,-0.0009024394843767,-1
2025-09-30,META,740.3245554260684,741.0426584785586,724.4159185837501,732.4749755859375,16226800,-0.0106028900197878,-1
2025-09-30,UNH,336.89595653123035,342.3549032814228,335.5042568017067,338.4150390625,7429700,0.0045090553977273,1
2025-09-30,GOOGL,242.33583244883133,242.8148908293537,238.7827869377237,242.62527465820312,34724300,0.0011943846951848,1
2025-09-30,MSFT,510.0099885223437,514.8990082310244,506.45253207823936,514.6903686523438,19728200,0.0091770362058213,1
2025-09-30,TSLA,441.5199890136719,445.0,433.1199951171875,444.7200012207031,74358000,0.0072477176269637,1
2025-09-30,JPM,310.31346452838187,311.45169300349573,304.28870810842403,309.50885009765625,11823300,-0.0025929085350791,-1
2025-09-30,AMZN,222.02999877929688,222.2400054931641,217.88999938964844,219.57000732421875,48396400,-0.0110795454154977,-1
2025-09-30,BRK-B,497.6400146484375,503.7799987792969,497.0,502.739990234375,3873500,0.0102483229559834,1
2025-09-29,MSFT,508.28092297827857,513.5972289973041,505.67741655332713,511.36138916015625,17617800,0.0060605583302785,1
2025-09-29,META,746.777703342028,748.8324179023273,737.2325826153279,741.4715576171875,9246800,-0.0071053885260554,-1
2025-09-29,UNH,337.1214299699541,338.6601031752857,334.641876568426,338.2974853515625,6878900,0.0034885215742981,1
2025-09-29,AMZN,220.0800018310547,222.6000061035156,219.3000030517578,222.1699981689453,44259200,0.0094965299913756,1
2025-09-29,TSLA,444.3500061035156,450.9800109863281,439.5,443.2099914550781,79491500,-0.0025655781090997,-1
2025-09-29,BRK-B,500.0,500.25,495.0199890136719,499.25,5161900,-0.0015,-1
2025-09-29,GOOGL,247.36600774683612,250.6595513653868,242.2959260790964,243.57342529296875,32505800,-0.0153318658792798,-1
2025-09-29,AAPL,253.84185736381545,254.28061851263053,252.29622703166865,253.71221923828125,40127700,-0.0005107042899879,-1
2025-09-29,JPM,311.10825508542985,312.0404339863167,307.7720847183659,309.76397705078125,6462400,-0.0043209333493238,-1
2025-09-26,JPM,308.988785738579,311.8441636854759,307.8113297451866,310.12701416015625,7258100,0.0036837208148397,1
2025-09-26,MSFT,506.8499667801191,510.7055530942258,503.4316137794998,508.24114990234375,16213100,0.002744763171363,1
2025-09-26,GOOGL,246.58752699597628,248.93292875938772,245.4896689933639,246.0585479736328,18503200,-0.0021451978078035,-1
2025-09-26,AAPL,253.38315498635407,256.87328100426123,253.06405044687503,254.73931884765625,46076300,0.0053522258074938,1
2025-09-26,META,748.0544043789391,749.9793904076555,735.4371957410184,741.8206176757812,9696300,-0.0083333333333334,-1
2025-09-26,AMZN,219.0800018310547,221.0500030517578,218.0200042724609,219.77999877929688,41650100,0.0031951658863961,1
2025-09-26,TSLA,428.2999877929688,440.4700012207031,421.0199890136719,440.3999938964844,101628200,0.0282512408320789,1
2025-09-26,UNH,340.99263187046614,342.99196477482826,334.4948223631065,337.2193908691406,6774700,-0.0110654619738495,-1
2025-09-26,BRK-B,496.9400024414063,502.1000061035156,496.6499938964844,500.0299987792969,3707600,0.0062180470936327,1
2025-09-25,BRK-B,496.1499938964844,499.0,494.7300109863281,494.9599914550781,4056100,-0.0023984731553872,-1
2025-09-25,JPM,308.2234768510796,309.7247551863121,305.947019653492,307.5660705566406,7083200,-0.0021328884520907,-1
2025-09-25,AAPL,252.49566170312627,256.4444966190252,250.99989343760635,256.14532470703125,55202100,0.014454359252303,1
2025-09-25,META,751.4954858581857,754.8068807440363,742.6185490172081,746.9672241210938,10591100,-0.006025667249246,-1
2025-09-25,AMZN,220.05999755859372,220.6699981689453,216.47000122070312,218.1499938964844,52226300,-0.0086794677965076,-1
2025-09-25,TSLA,435.239990234375,435.3500061035156,419.0799865722656,423.3900146484375,96746400,-0.0272263023890712,-1
2025-09-25,GOOGL,243.92272782855147,246.0086580355356,240.26988667693965,245.3100128173828,31020400,0.0056873953533613,1
2025-09-25,MSFT,505.10107733704126,506.8003375404676,501.8616142840625,503.8390808105469,15786500,-0.0024985029395458,-1
2025-09-25,UNH,341.9432916493518,343.2075787683629,336.7489800892123,338.6698913574219,8104900,-0.0095729332081375,-1
2025-09-24,AMZN,224.1499938964844,224.55999755859372,219.4499969482422,220.2100067138672,49509000,-0.0175774583533414,-1
2025-09-24,JPM,308.154769837798,310.63727651453155,305.81947137817144,307.53662109375,7310500,-0.0020059684436276,-1
2025-09-24,TSLA,429.8299865722656,444.2099914550781,429.0299987792969,442.7900085449219,93133600,0.0301515072878176,1
2025-09-24,BRK-B,493.2999877929688,497.1600036621094,493.1099853515625,497.0899963378906,2811500,0.0076829690628585,1
2025-09-24,MSFT,507.1679860456216,509.2547456727144,503.72976965544393,506.9394226074219,13533700,-0.0004506661392052,-1
2025-09-24,META,755.5349916265823,759.1356124217834,750.5779133776451,758.686767578125,8828200,0.0041715817089521,1
2025-09-24,AAPL,254.49999981420797,255.018537102084,250.33178410429736,251.59820556640625,42303700,-0.0114019420429079,-1
2025-09-24,GOOGL,251.1685411246573,251.8571960720408,245.9587339554844,246.6573638916016,28201000,-0.0179607573976265,-1
2025-09-24,UNH,343.2174040946968,347.4316547985749,340.904444380264,344.7952880859375,9016300,0.0045973309407274,1
2025-09-23,AAPL,255.15814081026076,256.6140134777918,252.86462630601795,253.71221923828125,60275200,-0.0056667663723678,-1
2025-09-23,UNH,334.2008052062361,345.66753101419107,333.1815333788629,340.7574157714844,12504100,0.0196187754879949,1
2025-09-23,AMZN,227.8300018310547,227.8600006103516,220.07000732421875,220.7100067138672,70956200,-0.0312513499537574,-1
2025-09-23,META,767.254476840496,768.6009504341728,749.1216451610411,753.4404296875,10872600,-0.018004518148765,-1
2025-09-23,GOOGL,252.54585863312587,253.8632882566711,249.9908602190898,251.16856384277344,26628000,-0.0054536423515589,-1
2025-09-23,TSLA,439.8800048828125,440.9700012207031,423.7200012207031,425.8500061035156,83422700,-0.0318950591605876,-1
2025-09-23,BRK-B,493.7699890136719,499.2799987792969,493.5199890136719,494.1000061035156,3933200,0.0006683619847025,1
2025-09-23,JPM,305.9666409066948,310.37234675445063,304.74989735202223,306.8693542480469,8584400,0.0029503652381089,1
2025-09-23,MSFT,510.5664850795932,511.35155218118825,504.1173383670773,506.0252685546875,19799600,-0.0088944665535532,-1
2025-09-22,BRK-B,490.5700073242188,494.7099914550781,489.2300109863281,493.7099914550781,3582900,0.0064006850887322,1
2025-09-22,UNH,327.7912281730855,335.6513373618812,325.96832887765663,334.4948425292969,8903700,0.020450865612156,1
2025-09-22,META,779.8218176027002,783.6917575585782,762.4868973227559,763.1751098632812,11706900,-0.021346809442436,-1
2025-09-22,AMZN,230.55999755859372,230.57000732421875,227.50999450683597,227.6300048828125,45914500,-0.0127081571252907,-1
2025-09-22,MSFT,512.3452424901319,514.48167541423,509.3143886623668,511.21240234375,20009300,-0.0022110874707765,-1
2025-09-22,GOOGL,253.93314887572123,255.28051872493555,249.81122418035432,252.036865234375,32290500,-0.0074676490633142,-1
2025-09-22,AAPL,247.5995237986898,255.9160073848096,247.42002368458668,255.3575592041016,105517400,0.0313329980865367,1
2025-09-22,JPM,303.9845547856156,307.811369607681,303.7490695453833,306.57501220703125,7520200,0.0085216744753448,1
2025-09-22,TSLA,431.1099853515625,444.9800109863281,429.1300048828125,434.2099914550781,97108800,0.0071907545843263,1
2025-09-19,AAPL,240.5494606794321,245.60516498271892,239.53234916144805,244.8074188232422,163741300,0.0177009673261519,1
2025-09-19,TSLA,421.8200073242188,429.4700012207031,421.7200012207031,426.0700073242188,93131000,0.0100753874311451,1
2025-09-19,GOOGL,252.7554493770865,255.5000791334024,251.3182589953225,254.2225799560547,55571400,0.005804545787574,1
2025-09-19,AMZN,232.3699951171875,234.16000366210935,229.6999969482422,231.47999572753903,97943200,-0.0038300960035722,-1
2025-09-19,BRK-B,491.8699951171875,494.5,488.8800048828125,492.8500061035156,7356300,0.0019924187205089,1
2025-09-19,UNH,329.7905316198508,334.16159537316497,327.18356573028825,329.97674560546875,13656800,0.0005646432136887,1
2025-09-19,MSFT,507.34685812925306,516.0318444319288,507.09843147001845,514.6704711914062,52474100,0.01443512055866,1
2025-09-19,META,783.8508708699721,788.2165669565625,766.6771780735046,775.837158203125,23696800,-0.0102235169528522,-1
2025-09-19,JPM,307.7132209495945,309.8719053836384,303.31730709863126,308.8710632324219,23568600,0.0037627316735183,1
2025-09-18,AMZN,232.5,233.47999572753903,228.7899932861328,231.22999572753903,37931700,-0.0054623839675739,-1
2025-09-18,JPM,305.9372178866198,307.556238792954,303.7981171700278,307.3501892089844,8050700,0.0046185009203039,1
2025-09-18,AAPL,239.2930082114909,240.51953392817583,235.98236714862816,237.2089080810547,44249600,-0.0087094067060841,-1
2025-09-18,META,778.1994163857863,786.2032128794,770.8335437165625,777.7010498046875,10955000,-0.0006404098623118,-1
2025-09-18,UNH,336.6803662104043,338.05244567780335,327.45798828050584,328.14404296875,11255600,-0.0253543838559319,-1
2025-09-18,MSFT,508.270998935228,509.8410724066984,504.4651158521554,505.2501525878906,18913700,-0.0059433773590579,-1
2025-09-18,BRK-B,489.6400146484375,494.8800048828125,488.0,490.5,4058900,0.0017563624823023,1
2025-09-18,GOOGL,251.188503937682,253.4940056881638,249.312185617516,251.53782653808597,31239500,0.0013906790913113,1
2025-09-18,TSLA,428.8699951171875,432.2200012207031,416.55999755859375,416.8500061035156,90454500,-0.0280271157938839,-1
2025-09-17,UNH,330.9568224057415,336.1609442520178,330.9568224057415,334.79864501953125,8467700,0.0116082290912251,1
2025-09-17,AMZN,233.7700042724609,234.3000030517578,228.7100067138672,231.6199951171875,42815200,-0.009197113042645,-1
2025-09-17,AAPL,238.2958480596019,239.42266510979977,237.05934071942244,238.3157958984375,46508000,8.37103919268299e-05,1
2025-09-17,META,777.4419223006557,780.7311297077449,763.8066193659058,773.1858520507812,9400900,-0.0054744542682746,-1
2025-09-17,GOOGL,250.7294115061419,251.1086743043828,245.7990560449756,249.04270935058597,34108000,-0.0067271810890628,-1
2025-09-17,JPM,304.56346260331446,307.03614710830897,302.9738476236277,305.8979187011719,8657800,0.0043815370578298,1
2025-09-17,TSLA,415.75,428.30999755859375,409.6700134277344,425.8599853515625,106133500,0.0243174632629284,1
2025-09-17,BRK-B,490.9400024414063,495.989990234375,490.2999877929688,492.3299865722656,5060700,0.0028312708761703,1
2025-09-17,MSFT,507.4064717390096,508.07226852063866,502.74598524416496,506.8102416992188,15816600,-0.0011750540700582,-1
2025-09-16,AMZN,232.94000244140625,235.8999938964844,232.22999572753903,234.0500030517578,38203900,0.0047651781519611,1
2025-09-16,GOOGL,251.58772669443232,252.5458434275124,248.98282303107263,250.6695251464844,34109700,-0.0036496277462022,-1
2025-09-16,META,764.4944012192615,778.8074760600178,762.6005837137456,776.4552001953125,11782500,0.0156453715775749,1
2025-09-16,JPM,304.18080946841434,305.06390905534744,301.3646887009418,303.3860168457031,10525600,-0.0026128953503023,-1
2025-09-16,BRK-B,491.2699890136719,491.9200134277344,487.2000122070313,490.989990234375,4070000,-0.0005699488785362,-1
2025-09-16,TSLA,414.5,423.25,411.4299926757813,421.6199951171875,104285700,0.0171773102947828,1
2025-09-16,MSFT,513.6270820344445,513.9748550906477,505.3991924428879,505.83642578125,19711900,-0.0151679234325732,-1
2025-09-16,UNH,340.57119910514825,342.0805014268064,331.5742462609258,333.005126953125,12695800,-0.0222158308509443,-1
2025-09-16,AAPL,236.51088466190768,240.53949594661788,235.65332541334,237.4781494140625,63421100,0.0040897261601195,1
2025-09-15,UNH,344.2562617205344,344.6972712574788,335.7003177947291,340.9534606933594,11035900,-0.0095940187425151,-1
2025-09-15,GOOGL,244.18222746714693,251.91709313601172,244.18222746714693,251.11865234375,58383800,0.0284067556781392,1
2025-09-15,AMZN,230.6300048828125,233.72999572753903,230.32000732421875,231.42999267578125,33243300,0.0034687064823817,1
2025-09-15,TSLA,423.1300048828125,425.7000122070313,402.4299926757813,410.0400085449219,163823700,-0.0309361099114584,-1
2025-09-15,AAPL,236.33138325533855,237.5180285002954,234.3669397384463,236.0322265625,42699500,-0.0012658356614253,-1
2025-09-15,JPM,301.40393449781925,304.13174819496044,301.40393449781925,303.1014404296875,7122000,0.005631996591871,1
2025-09-15,BRK-B,493.6000061035156,495.2699890136719,489.5,491.5400085449219,3629800,-0.0041734147753671,-1
2025-09-15,META,754.9954213012545,771.5412279036273,749.5333431691193,762.2018432617188,10533800,0.0095449876345525,1
2025-09-15,MSFT,505.5880086221314,512.2259313574772,503.80926524972944,512.1166381835938,17143800,0.0129129438398957,1
2025-09-12,AAPL,228.5733443098202,233.84841389514688,228.3739115767776,233.40966796875,55824200,0.021158738668908,1
2025-09-12,MSFT,503.4614629424367,509.3243260516039,500.67909648146514,506.6910095214844,23624900,0.0064146847708519,1
2025-09-12,AMZN,230.3500061035156,230.7899932861328,226.2899932861328,228.1499938964844,38496200,-0.0095507364824752,-1
2025-09-12,GOOGL,239.90060472674395,241.60727216892425,237.53523769524105,240.32977294921875,26771600,0.0017889418118126,1
2025-09-12,UNH,346.6169306487971,352.8597399573416,343.2666549867767,343.3153686523437,14016200,-0.0095251030879348,-1
2025-09-12,TSLA,370.9400024414063,396.6900024414063,370.239990234375,395.9400024414063,168156400,0.0673963439786977,1
2025-09-12,JPM,299.27465392414524,301.7767742987404,297.9990690164523,301.1488037109375,6846700,0.0062623070888832,1
2025-09-12,BRK-B,495.75,497.6300048828125,493.3399963378906,493.739990234375,2951700,-0.0040544826336359,-1
2025-09-12,META,746.2840677626042,755.0952164716484,741.3303327049176,753.1217041015625,8248600,0.009162243486529,1
2025-09-11,TSLA,350.1700134277344,368.989990234375,347.6000061035156,368.80999755859375,103756000,0.0532312403006665,1
2025-09-11,AMZN,231.4900054931641,231.52999877929688,229.33999633789065,229.9499969482422,37485600,-0.0066525919408099,-1
2025-09-11,META,752.1846484905694,754.6265958852796,745.9251355026145,748.4468994140625,7923300,-0.0049691908549417,-1
2025-09-11,GOOGL,239.41157085914617,241.77693788592924,235.78865459463688,239.90060424804688,30599300,0.002042647258634,1
2025-09-11,UNH,339.89694627435426,351.5644796571226,336.81936577301684,344.3866882324219,18943500,0.0132091270818409,1
2025-09-11,MSFT,499.0891506177463,500.0033740526988,494.7466575341409,497.8569641113281,18881600,-0.0024688705512692,-1
2025-09-11,AAPL,226.23995033725743,229.7998710451417,226.010588238333,229.3810577392578,50208600,0.0138839643366165,1
2025-09-11,BRK-B,489.3299865722656,497.239990234375,489.0299987792969,496.9100036621094,3669000,0.0154906040869095,1
2025-09-11,JPM,295.5852436958139,299.9909797241969,295.1437088676121,299.8241577148437,7942500,0.0143407497817857,1
2025-09-10,MSFT,499.8145678368591,500.06299449245154,493.5939546766565,497.2209777832031,21611800,-0.0051891045610789,-1
2025-09-10,AMZN,237.5200042724609,237.67999267578125,229.1000061035156,230.3300018310547,60907700,-0.0302711447965391,-1
2025-09-10,BRK-B,490.0,491.7000122070313,486.2699890136719,490.0799865722656,5561600,0.0001632379025829,1
2025-09-10,JPM,291.1304933247864,295.8796354332035,289.8548783719408,294.8984069824219,7787300,0.0129423531510042,1
2025-09-10,UNH,336.54665319825267,339.4781519824642,332.49515615094765,337.7348327636719,17804300,0.0035305047728977,1
2025-09-10,META,762.6305038555339,763.1986490989516,748.5466583985636,749.5234375,12478300,-0.017186653679954,-1
2025-09-10,TSLA,350.54998779296875,356.3299865722656,346.07000732421875,347.7900085449219,72121700,-0.0078732829672123,-1
2025-09-10,GOOGL,238.4334648921733,241.1880848518513,237.38552753776509,238.70294189453125,35141100,0.0011301979043915,1
2025-09-10,AAPL,231.53496736029476,231.76431424305807,225.31256565050364,226.1501922607422,83440800,-0.0232568547245532,-1
2025-09-09,META,755.0154070864886,763.7966239723705,750.9686728075005,763.1986083984375,10999000,0.0108384560568463,1
2025-09-09,UNH,323.8273141699113,342.5362463146478,318.6266023750954,338.8451232910156,46408900,0.0463759802337876,1
2025-09-09,BRK-B,492.4500122070313,496.8500061035156,491.7200012207031,492.7200012207031,3748700,0.0005482566899772,1
2025-09-09,TSLA,348.44000244140625,350.7699890136719,343.82000732421875,346.9700012207031,53816000,-0.0042188072850513,-1
2025-09-09,JPM,287.1074315912692,293.3872872696363,286.8228669749493,292.2588806152344,7848200,0.0179425833577825,1
2025-09-09,GOOGL,233.71271899928072,240.00041962038168,232.77455216251747,239.1620635986328,38061000,0.0233164229259121,1
2025-09-09,AMZN,236.3600006103516,238.8500061035156,235.0800018310547,238.2400054931641,27033800,0.0079539891604238,1
2025-09-09,AAPL,236.3313911991396,238.1063683630383,232.70166073618756,233.6888732910156,66313900,-0.0111814088459255,-1
2025-09-09,MSFT,498.2742984765216,499.0891451753406,494.5677922273047,495.2733154296875,14410500,-0.0060227530418678,-1
2025-09-08,AMZN,234.94000244140625,237.6000061035156,233.75,235.83999633789065,33947100,0.0038307392829317,1
2025-09-08,JPM,289.3544641521949,290.8949700189617,285.9692141135519,287.41162109375,8188500,-0.0067144049915988,-1
2025-09-08,MSFT,494.97517595073856,498.0457560062632,491.91457299081776,495.0646362304688,16771000,0.000180736901721,1
2025-09-08,TSLA,354.6400146484375,358.44000244140625,344.8399963378906,346.3999938964844,75208300,-0.0232348872422691,-1
2025-09-08,META,753.5303323961845,764.0060085234048,749.5633535528676,749.8424072265625,13087800,-0.0048941960410466,-1
2025-09-08,AAPL,238.62490021245955,239.47249309970456,235.67324414176576,237.2089080810547,48999500,-0.0059339663637119,-1
2025-09-08,UNH,311.3709271996748,313.26032814145043,305.61507543023447,311.8968505859375,18438600,0.0016890574563034,1
2025-09-08,BRK-B,499.0,499.6499938964844,493.4599914550781,493.7799987792969,5146300,-0.0104609242899862,-1
2025-09-08,GOOGL,235.01017746372744,237.66498669397225,233.21368944217105,233.5829620361328,32474700,-0.006072994127307,-1
2025-09-05,BRK-B,506.0,507.6600036621094,497.75,499.7699890136719,4222900,-0.0123122746765377,-1
2025-09-05,MSFT,505.8662561110588,508.7479993566889,489.27134277765646,491.8847961425781,31994800,-0.0276386491480292,-1
2025-09-05,GOOGL,231.53945928914175,235.0893297483184,231.2403096539048,234.3314971923828,46588900,0.012058583499387,1
2025-09-05,TSLA,348.0,355.8699951171875,344.67999267578125,350.8399963378906,108989800,0.008160909016927,1
2025-09-05,META,750.1613709772337,755.4739762141257,742.5961997057085,749.991943359375,9663400,-0.0002258548952446,-1
2025-09-05,AMZN,235.19000244140625,236.0,231.92999267578125,232.3300018310547,36721800,-0.0121603834374893,-1
2025-09-05,UNH,302.34270514413464,309.6470804525616,300.1611412295898,307.1636047363281,14126700,0.0159451493625263,1
2025-09-05,AAPL,239.32291694518145,240.6392002919357,237.81718240373485,239.0137939453125,54870400,-0.0012916564941406,-1
2025-09-05,JPM,297.9499798501053,299.4218223620716,288.78531073562726,288.85400390625,9837700,-0.0305285335089848,-1
2025-09-04,MSFT,501.1262461318779,504.95202275876863,499.983489561643,504.7731628417969,15509500,0.0072774410401949,1
2025-09-04,AMZN,231.19000244140625,235.7700042724609,230.77999877929688,235.67999267578125,59391800,0.0194212127988231,1
2025-09-04,UNH,298.11590893739424,303.7743626079848,296.1680755300563,302.2842712402344,7725700,0.0139823544395797,1
2025-09-04,BRK-B,502.8999938964844,507.3800048828125,501.260009765625,506.9100036621094,2976700,0.007973771752422,1
2025-09-04,JPM,294.36852159403367,298.7153562428407,292.680807539106,298.1168212890625,6605800,0.0127333577473957,1
2025-09-04,TSLA,336.1499938964844,338.8900146484375,331.4800109863281,338.5299987792969,60711000,0.0070801871962711,1
2025-09-04,GOOGL,228.99673495380736,231.70899889966293,225.46681147970435,231.6392059326172,51684200,0.0115393391060482,1
2025-09-04,META,746.1245289832817,758.673365064992,743.3835128663812,746.2042846679688,11439100,0.0001068932619005,1
2025-09-04,AAPL,237.77729643117493,239.2232027368954,236.0721290991865,239.10354614257807,47549400,0.005577696993401,1
2025-09-03,JPM,294.9278255320024,294.9278255320024,290.8164761661132,293.8877258300781,6316900,-0.0035266245226203,-1
2025-09-03,AMZN,225.2100067138672,227.1699981689453,224.3600006103516,225.9900054931641,29223100,0.0034634286046084,1
2025-09-03,UNH,300.07346913056483,301.5148765893724,295.7785225103111,299.8494873046875,9654600,-0.0007464232893574,-1
2025-09-03,META,733.5955932459119,737.8317091036498,731.5921498947655,734.6421508789062,7699300,0.0014266138491422,1
2025-09-03,GOOGL,225.5665071716633,230.6519900738744,224.1505332557257,230.00384521484372,103336100,0.0196719721328286,1
2025-09-03,TSLA,335.20001220703125,343.3299865722656,328.510009765625,334.0899963378906,88733300,-0.0033115030689648,-1
2025-09-03,BRK-B,499.5499877929688,502.1099853515625,496.5899963378906,501.489990234375,3206200,0.0038835001277394,1
2025-09-03,MSFT,500.6194673133705,504.5942937991858,499.1587173668126,502.1696472167969,16345100,0.0030965234167692,1
2025-09-03,AAPL,236.5408165177042,238.17618932549604,233.6988505309185,237.79725646972656,66427800,0.0053117257753624,1
2025-09-02,AAPL,228.6032698757151,230.19876225122124,226.32970313085187,229.0719451904297,44075600,0.0020501689016494,1
2025-09-02,TSLA,328.2300109863281,333.3299865722656,325.6000061035156,329.3599853515625,58392000,0.0034426296420574,1
2025-09-02,UNH,300.268243228108,304.72879817738675,299.28457789007496,300.7454528808594,10957100,0.0015892777991471,1
2025-09-02,JPM,294.6236432125356,294.8198709218748,288.9717581566039,294.0741577148437,7221900,-0.0018650420981164,-1
2025-09-02,AMZN,223.5200042724609,226.1699981689453,221.8300018310547,225.33999633789065,38843900,0.0081424124491837,1
2025-09-02,BRK-B,504.239990234375,505.8999938964844,497.6199951171875,501.1400146484375,4977800,-0.0061478177970307,-1
2025-09-02,MSFT,497.32034095368414,502.81553721257154,493.6833711758906,501.9410705566406,18128000,0.009291253991533,1
2025-09-02,GOOGL,207.84706876322787,211.0778424398192,205.6134352460792,210.7487945556641,47523000,0.0139608694493629,1
2025-09-02,META,723.6681190637612,733.5956032036421,719.3722015925617,732.70849609375,9350900,0.0124924351257655,1
2025-08-29,TSLA,347.2300109863281,348.75,331.70001220703125,333.8699951171875,81145700,-0.03847598262371,-1
2025-08-29,GOOGL,209.91116980825524,214.03939239893296,209.60205408045064,212.30435180664065,39728400,0.0114009273568979,1
2025-08-29,META,742.8453254860702,744.6992345800578,732.9477115811937,736.2868041992188,9070500,-0.0088289191058179,-1
2025-08-29,AAPL,231.85405874294375,232.7216147258446,230.71727541448905,231.485107421875,39418400,-0.0015913084423414,-1
2025-08-29,JPM,296.37019756170366,297.26311888832026,294.1035626344117,295.7618408203125,6796400,-0.0020526920263786,-1
2025-08-29,UNH,294.41501048718345,301.91418106683005,293.0612817111696,301.7875671386719,12065400,0.0250413748921587,1
2025-08-29,AMZN,231.32000732421875,231.80999755859372,228.16000366210935,229.0,26199200,-0.0100294278521573,-1
2025-08-29,BRK-B,500.8500061035156,506.7200012207031,500.8500061035156,502.9800109863281,4663600,0.004252779987732,1
2025-08-29,MSFT,505.4588240002719,506.39291066950057,501.3150539612025,503.501220703125,20961600,-0.0038729233800967,-1
2025-08-28,GOOGL,206.66045236066023,211.6163158130296,206.31144189175055,211.0379638671875,32339300,0.0211821442202578,1
2025-08-28,AMZN,229.00999450683597,232.7100067138672,228.0200042724609,231.6000061035156,33679600,0.0113096007109086,1
2025-08-28,AAPL,230.16884905542523,232.75153884501827,228.69301327644948,231.9039306640625,38074700,0.0075382990172552,1
2025-08-28,META,741.5694916361576,750.5899148175357,738.3799332684189,748.65625,7468000,0.0095564319241431,1
2025-08-28,MSFT,503.8987080370186,507.8735346885091,502.3187180821136,506.43267822265625,18015600,0.0050287292767805,1
2025-08-28,TSLA,350.9100036621094,353.54998779296875,340.260009765625,345.9800109863281,67903200,-0.014049165382382,-1
2025-08-28,UNH,296.3141724713059,296.5284353460974,291.5906702690248,294.4053039550781,11235000,-0.0064420425803716,-1
2025-08-28,BRK-B,498.0299987792969,500.1400146484375,496.0700073242188,499.8599853515625,4530400,0.0036744504884264,1
2025-08-28,JPM,294.38811877937053,295.5852185641284,293.0929201153854,295.4184265136719,6410500,0.0034998278414677,1
2025-08-27,GOOGL,205.11485047791405,208.31572581537765,205.0649896678173,206.8897857666016,23022900,0.0086533729008501,1
2025-08-27,META,749.8423869559551,751.6863799088018,740.4133296583533,744.9384765625,8315400,-0.0065399215605334,-1
2025-08-27,AAPL,227.965066276898,230.24859923631865,227.6160475796746,229.8397674560547,31259500,0.0082236336021748,1
2025-08-27,UNH,292.7009183419864,297.9892786188307,292.6619533539408,295.95379638671875,9982800,0.0111133168394496,1
2025-08-27,AMZN,228.57000732421875,229.8699951171875,227.80999755859372,229.1199951171875,21254500,0.0024062115559571,1
2025-08-27,TSLA,351.94000244140625,355.3900146484375,349.1600036621094,349.6000061035156,65519000,-0.0066488501496223,-1
2025-08-27,BRK-B,491.0799865722656,497.2099914550781,490.6000061035156,495.7200012207031,4385900,0.0094485924397464,1
2025-08-27,JPM,291.6701254801894,295.41842494390727,291.4640759123092,293.6620178222656,6056500,0.0068292641860281,1
2025-08-27,MSFT,498.8407434548062,504.09746017877256,496.75395340313815,503.5509033203125,17277900,0.0094422116222609,1
2025-08-26,UNH,296.37258198469374,300.90128859430416,286.52629863380554,292.5937805175781,16303200,-0.012750172238641,-1
2025-08-26,META,748.3472672479323,752.4039786334924,745.4966249237331,751.636474609375,7601800,0.0043952954803173,1
2025-08-26,BRK-B,485.0199890136719,492.7900085449219,484.5299987792969,492.2099914550781,8217500,0.0148241363330771,1
2025-08-26,AAPL,226.22996704217397,228.84258604761436,224.05612439304167,228.6630859375,54575100,0.0107550689554424,1
2025-08-26,MSFT,501.1858695359189,501.801993130018,495.3727099158942,498.8804931640625,30835700,-0.0045998431160701,-1
2025-08-26,AMZN,227.1100006103516,229.0,226.0200042724609,228.7100067138672,26105400,0.0070450711074618,1
2025-08-26,TSLA,344.92999267578125,351.8999938964844,343.7200012207031,351.6700134277344,76651600,0.0195402571393333,1
2025-08-26,GOOGL,206.91970861500772,207.25875300984708,205.11485980130036,206.5507659912109,28464100,-0.0017830231168712,-1
2025-08-26,JPM,288.63814183000835,293.13215460321874,287.99052751038425,292.9653625488281,6714700,0.0149918534376106,1
2025-08-25,GOOGL,205.84277405344864,209.92115104730732,204.69605147341804,207.8969268798828,29928900,0.0099792321390925,1
2025-08-25,AMZN,227.3500061035156,229.6000061035156,227.30999755859372,227.94000244140625,22633700,0.002595101482522,1
2025-08-25,AAPL,225.84106025439087,228.6531118971015,225.59176554347297,226.51914978027344,30983100,0.0030025077154645,1
2025-08-25,MSFT,503.44159720621536,504.9917771303553,500.9473838488724,501.0865173339844,21638600,-0.0046779604333455,-1
2025-08-25,META,752.354165267511,756.40089964729,747.6794841015795,750.839111328125,6861200,-0.0020137509823545,-1
2025-08-25,TSLA,338.8999938964844,349.5299987792969,335.0299987792969,346.6000061035156,86670000,0.0227206029675621,1
2025-08-25,BRK-B,489.010009765625,489.0199890136719,481.8299865722656,486.1799926757813,3935100,-0.0057872375479596,-1
2025-08-25,UNH,300.4435560517388,300.8136491566155,294.8338160185123,296.9082336425781,8917100,-0.0117670102684841,-1
2025-08-25,JPM,290.67910031440016,291.7682794421784,288.61854456863614,289.3642578125,5856300,-0.0045233472254386,-1
2025-08-22,AMZN,222.7899932861328,229.13999938964844,220.82000732421875,228.83999633789065,37315300,0.0271556319138072,1
2025-08-22,GOOGL,202.1532808743346,207.94675047969133,200.72735616103287,205.50372314453125,42827000,0.0165737714258488,1
2025-08-22,TSLA,321.6600036621094,340.25,319.69000244140625,340.010009765625,94016300,0.0570478327880377,1
2025-08-22,BRK-B,491.5,493.1400146484375,486.5700073242188,489.0,4205100,-0.005086469989827,-1
2025-08-22,UNH,298.11591206231475,302.5764375343802,296.63553963540966,299.4014892578125,14930000,0.0043123400780734,1
2025-08-22,META,736.81505282597,754.4273720053774,731.9908982789533,752.32421875,10612700,0.0210489265447907,1
2025-08-22,AAPL,225.53195134940427,228.44371192910324,224.77410085849388,227.11746215820312,42477800,0.0070300939592479,1
2025-08-22,JPM,287.6961645212777,291.5818204071259,284.6837862966605,290.6790771484375,8552800,0.0103682738771416,1
2025-08-22,MSFT,501.0765850227361,507.5158151187978,499.2481684011306,504.037841796875,24324200,0.0059097887681272,1
2025-08-21,BRK-B,487.239990234375,489.0499877929688,483.6799926757813,488.5899963378906,3082200,0.0027707210626661,1
2025-08-21,TSLA,322.0799865722656,324.8999938964844,318.67999267578125,320.1099853515625,55744400,-0.0061164968418834,-1
2025-08-21,AMZN,222.6499938964844,222.77999877929688,220.5,221.9499969482422,32140500,-0.0031439342799516,-1
2025-08-21,MSFT,500.5200628741361,504.435269171935,499.5561662916726,501.0665893554688,18443300,0.0010919172314378,1
2025-08-21,AAPL,225.6316789169631,225.88097364743612,223.14869792378403,224.2655334472656,30621200,-0.0060547591377903,-1
2025-08-21,META,742.2772053426181,743.0646026719377,730.7150636889187,736.6854858398438,8876300,-0.0075331957690838,-1
2025-08-21,GOOGL,199.1817779541016,201.9040077554449,198.86268094385764,199.1817779541016,19774600,0.0,-1
2025-08-21,JPM,286.45983579537915,287.27424223237057,284.0362003285711,285.9986572265625,6624000,-0.0016099240144299,-1
2025-08-21,UNH,294.4053336197017,298.5736965589074,290.03242674196184,295.43768310546875,13359000,0.0035065583665701,1
2025-08-20,BRK-B,487.0,492.2200012207031,485.8299865722656,488.6799926757813,4779800,0.0034496769523228,1
2025-08-20,GOOGL,200.15899878777563,200.70743729977303,196.04075734034143,198.7530212402344,28955500,-0.0070243034590315,-1
2025-08-20,TSLA,329.2200012207031,331.3699951171875,314.6000061035156,323.8999938964844,77481800,-0.0161594292706788,-1
2025-08-20,UNH,298.4081182617392,299.1872695782562,287.98722575198445,292.01922607421875,16679000,-0.0214099141294696,-1
2025-08-20,MSFT,505.829663283555,506.9507137373093,500.4426991689255,501.7125549316406,27723000,-0.0081393177402616,-1
2025-08-20,AMZN,227.1199951171875,227.2700042724609,220.9199981689453,223.80999755859372,36604300,-0.0145737831532,-1
2025-08-20,JPM,285.35103146886894,287.82371628155875,281.87747451352897,286.7541809082031,7374200,0.004917274810998,1
2025-08-20,AAPL,229.33119207499823,229.81981519856652,225.1330775565405,225.3723907470703,42263900,-0.017262376269484,-1
2025-08-20,META,745.1278702665168,747.7492835360712,728.611993296026,745.27734375,11898200,0.0002006011175367,1
2025-08-19,UNH,300.8428683153138,302.4011410087893,291.4056129379895,296.3044128417969,22348600,-0.0150858004343987,-1
2025-08-19,MSFT,510.9189744125155,511.0776798784135,504.5200741760794,505.73040771484375,21481000,-0.0101553611385012,-1
2025-08-19,META,764.613945820292,764.6637703117248,746.9119549568848,749.0250244140625,12286700,-0.0203879637449005,-1
2025-08-19,AMZN,230.08999633789065,230.52999877929688,227.1199951171875,228.00999450683597,29891000,-0.0090399489945672,-1
2025-08-19,BRK-B,479.7699890136719,485.8999938964844,479.7699890136719,485.30999755859375,4726400,0.0115472177747324,1
2025-08-19,TSLA,335.7900085449219,340.54998779296875,327.8500061035156,329.3099975585937,75956000,-0.0192978076221146,-1
2025-08-19,JPM,285.3706494849781,286.9897003409671,284.0950645111781,285.203857421875,6031500,-0.0005844751848311,-1
2025-08-19,GOOGL,202.4524508489624,202.86128819689205,199.39119181596237,200.99661254882807,24240200,-0.007191013465282,-1
2025-08-19,AAPL,230.62753117126795,232.2130419457167,228.70298322789472,229.90956115722656,39402600,-0.0031131149451025,-1
2025-08-18,BRK-B,477.9700012207031,479.0,474.6600036621094,478.5199890136719,3911300,0.0011506742924537,1
2025-08-18,JPM,284.5562169634104,286.4205448097455,282.9960675051489,286.0574951171875,5386900,0.0052758578596444,1
2025-08-18,MSFT,517.4568516493948,518.6770855269226,509.94683045407294,513.0023803710938,23760600,-0.0086083917221357,-1
2025-08-18,TSLA,329.6199951171875,336.2699890136719,329.5899963378906,335.1600036621094,56956600,0.0168072587433668,1
2025-08-18,GOOGL,203.61911775674488,204.68608127587703,201.91399064284568,202.92111206054688,18526600,-0.0034279968594691,-1
2025-08-18,UNH,305.01121401712896,308.14722686734973,299.4014742372988,300.44354248046875,39600500,-0.0149754216459847,-1
2025-08-18,AAPL,231.0463446646661,232.46233685580373,229.46083388892836,230.23863220214844,37476200,-0.003495889379639,-1
2025-08-18,META,772.5579712024165,773.2755899130946,754.0884756033142,764.8631591796875,16513700,-0.009960174264661,-1
2025-08-18,AMZN,230.22999572753903,231.91000366210935,228.3300018310547,231.4900054931641,25248900,0.0054728305998673,1
2025-08-15,MSFT,518.6274679925785,521.9310366989816,514.9667059909838,516.0480346679688,25213300,-0.004973576379581,-1
2025-08-15,AAPL,233.33985018068216,233.6190590405621,228.69299310222905,230.9366455078125,56038700,-0.0102991609491854,-1
2025-08-15,UNH,293.84041795031777,302.206359369574,287.02300061610106,296.0804443359375,68198500,0.007623275250032,1
2025-08-15,META,781.5883059112525,793.6487524142633,778.2691675641597,782.6647338867188,13375400,0.0013772314239159,1
2025-08-15,AMZN,232.5800018310547,234.0800018310547,229.80999755859372,231.02999877929688,39649200,-0.0066643866177442,-1
2025-08-15,BRK-B,482.3500061035156,482.4800109863281,476.2900085449219,477.2000122070313,5229800,-0.0106768815824978,-1
2025-08-15,TSLA,337.6600036621094,339.29998779296875,327.0199890136719,330.5599975585937,74319800,-0.0210270864968078,-1
2025-08-15,GOOGL,203.2701312097242,205.8527600038013,200.7074345682602,203.31997680664065,34931400,0.0002452185012119,1
2025-08-15,JPM,289.3053981683732,289.9530125511936,284.37964203474183,285.0370483398437,7340500,-0.0147537856381277,-1
2025-08-14,AMZN,227.3999938964844,233.1100006103516,227.0200042724609,230.97999572753903,61545800,0.015743192291748,1
2025-08-14,META,775.3387743217048,785.2363270315518,769.986322264654,779.5748901367188,8116200,0.0054635676110998,1
2025-08-14,MSFT,518.4191046945965,521.7822560401938,516.0182983192124,518.3397216796875,20269100,-0.0001531251726453,-1
2025-08-14,TSLA,335.760009765625,340.4700012207031,330.3999938964844,335.5799865722656,75000700,-0.0005361662738961,-1
2025-08-14,UNH,265.002735002078,266.707089194842,260.0357539817072,264.4086303710937,25011100,-0.0022418811299422,-1
2025-08-14,GOOGL,200.92679533252792,203.8584343837516,200.65755913802832,202.3627014160156,25230400,0.0071464141012716,1
2025-08-14,JPM,285.1253385944976,288.67741059714604,284.20301143696577,288.6381530761719,6322400,0.0123202465939731,1
2025-08-14,BRK-B,478.3500061035156,479.2200012207031,474.4200134277344,479.2200012207031,4187100,0.001818741729041,1
2025-08-14,AAPL,233.39967872378065,234.4566858681212,230.1987431425788,232.123291015625,51916300,-0.0054686780853121,-1
2025-08-13,GOOGL,203.5493232968563,203.94817934449617,196.94814463612107,201.385498046875,28342900,-0.0106304713517793,-1
2025-08-13,AMZN,222.0,224.9199981689453,222.0,224.55999755859372,36508300,0.011531520534206,1
2025-08-13,MSFT,527.8934364066101,528.4787877679453,515.2544004746543,516.454833984375,19619200,-0.02166839296222,-1
2025-08-13,JPM,288.43210834423235,289.0208214451698,281.7695589346143,285.0762939453125,8420400,-0.0116346769372666,-1
2025-08-13,TSLA,341.5,348.9800109863281,338.20001220703125,339.3800048828125,67838900,-0.0062078919976207,-1
2025-08-13,META,788.5655214330485,792.861439232817,775.687684264025,777.5316772460938,8811800,-0.0139922985307588,-1
2025-08-13,UNH,257.49386083864647,265.0903995126825,256.032985730441,264.7203063964844,19480300,0.0280645353419366,1
2025-08-13,BRK-B,471.7000122070313,479.6000061035156,471.5,477.30999755859375,4629400,0.0118931210650472,1
2025-08-13,AAPL,230.4181341091737,234.3370398551092,229.77992501054072,232.6717529296875,69878500,0.0097805618868782,1
2025-08-12,TSLA,345.0,345.260009765625,332.94000244140625,340.8399963378906,80522100,-0.0120579816293025,-1
2025-08-12,BRK-B,465.5299987792969,472.4700012207031,465.05999755859375,470.3900146484375,3767300,0.0104397479902142,1
2025-08-12,AMZN,222.22999572753903,223.5,219.0500030517578,221.47000122070312,37185800,-0.0034198556515643,-1
2025-08-12,GOOGL,200.7971688962253,203.9182700251912,200.01938893683172,202.76156616210935,30397900,0.0097829928413946,1
2025-08-12,META,770.4747856043563,791.077244402737,769.9066403638383,787.4192504882812,14563100,0.0219922380336351,1
2025-08-12,MSFT,519.5996565820958,526.7723446368122,518.5579891899393,525.046142578125,18667000,0.0104820815930786,1
2025-08-12,JPM,286.0280883116272,289.2170807199043,284.88985973561466,287.3527526855469,8570900,0.004631238777069,1
2025-08-12,AAPL,227.36674823663387,230.14888579943397,226.429412881848,229.0021209716797,55626200,0.0071926644847108,1
2025-08-12,UNH,247.39431690942763,256.023219208256,247.0534401302882,254.7473907470703,12171800,0.0297220806423563,1
2025-08-11,TSLA,335.0,346.6400146484375,334.1499938964844,339.0299987792969,105320200,0.0120298471023787,1
2025-08-11,AAPL,227.27701087414155,228.91238364576836,224.12592192869852,226.53909301757807,61806100,-0.0032467773741184,-1
2025-08-11,AMZN,221.77999877929688,223.0500030517578,220.3999938964844,221.3000030517578,31646200,-0.0021642877183741,-1
2025-08-11,BRK-B,466.4599914550781,468.489990234375,463.5,464.7300109863281,3712100,-0.0037087435159304,-1
2025-08-11,MSFT,518.161083532538,523.4092023083725,515.6015114818953,517.6353149414062,20194400,-0.0010146817424946,-1
2025-08-11,GOOGL,200.36839577051535,200.90685295750995,198.5037201599992,200.42822265625,25832400,0.0002985844424444,1
2025-08-11,UNH,247.24822856973847,251.660070044298,245.56335683501533,245.787353515625,11779500,-0.0059085359784546,-1
2025-08-11,JPM,283.9674810703858,285.8514526951056,283.3591242790355,284.1244812011719,5510100,0.000552880668569,1
2025-08-11,META,767.5642492447836,770.9332120184496,762.1718890596524,763.3679809570312,7612000,-0.0054669928828512,-1
2025-08-08,JPM,283.55541003235584,285.7631740586469,279.36554536006525,283.33953857421875,6634100,-0.0007613025549837,-1
2025-08-08,AMZN,223.13999938964844,223.8000030517578,221.8800048828125,222.69000244140625,32970500,-0.0020166574772477,-1
2025-08-08,MSFT,518.4587582353118,520.502431840537,515.2940341981842,517.9031982421875,15531000,-0.0010715606290755,-1
2025-08-08,GOOGL,196.65898117376332,202.03364795164893,196.60912036272285,200.84703063964844,39161800,0.0212959989972927,1
2025-08-08,TSLA,321.42999267578125,335.1499938964844,320.9800109863281,329.6499938964844,91200300,0.025573224055026,1
2025-08-08,META,760.2583352301862,767.3850027593771,756.1019743449502,766.7869262695312,7320800,0.0085873324063831,1
2025-08-08,AAPL,219.9573735658332,230.08718413442585,218.3836152444713,228.44371032714844,113854000,0.0385817334683497,1
2025-08-08,BRK-B,462.9400024414063,465.8299865722656,462.5499877929688,465.3999938964844,3330600,0.0053138450816625,1
2025-08-08,UNH,238.4050795430458,244.5310243471935,237.9960362830205,244.34597778320312,10185700,0.0249193442167605,1
2025-08-07,UNH,239.99256231007448,242.26179010723808,233.25306022385337,238.2882080078125,11369900,-0.0071016963436555,-1
2025-08-07,TSLA,319.7900085449219,322.3999938964844,316.1600036621094,322.2699890136719,66658700,0.0077550279948838,1
2025-08-07,GOOGL,196.49942519635405,196.9780554903085,193.77719542929836,195.96096801757807,26321800,-0.0027402481113513,-1
2025-08-07,META,770.9631295472946,772.4682063669705,757.0686667309535,759.3412475585938,9019700,-0.0150744977850304,-1
2025-08-07,BRK-B,469.2000122070313,472.7000122070313,461.3699951171875,461.4700012207031,5755700,-0.016474873796289,-1
2025-08-07,AAPL,218.0150880895572,219.9773047383464,215.7241736307253,219.16053771972656,90224800,0.0052539924654153,1
2025-08-07,MSFT,522.6255013664995,523.9053178574718,513.4488005319126,516.7127685546875,16079100,-0.0113135176074495,-1
2025-08-07,JPM,287.44105083933385,287.95127882891904,281.03363056399576,281.5536804199219,8057100,-0.0204820097972114,-1
2025-08-07,AMZN,221.0,226.22000122070312,220.82000732421875,223.1300048828125,40603500,0.0096380311439479,1
2025-08-06,UNH,244.1024987949809,246.55677321797688,238.9115206242556,239.3692626953125,12946400,-0.0193903631590588,-1
2025-08-06,AMZN,214.6999969482422,222.6499938964844,213.7400054931641,222.30999755859372,54823000,0.0354448100536587,1
2025-08-06,TSLA,307.8900146484375,320.4700012207031,306.92999267578125,319.9100036621094,78523600,0.0390398793133867,1
2025-08-06,BRK-B,465.0,469.5499877929688,463.0,468.9100036621094,4557100,0.0084086100260416,1
2025-08-06,MSFT,526.6930670104376,527.486715540996,519.8775111011839,520.7802734375,21355700,-0.0112262604983567,-1
2025-08-06,AAPL,204.8174489981037,214.52892145014,204.77759854868276,212.40733337402344,108483100,0.037056825055906,1
2025-08-06,META,767.4845892138412,771.1127127816184,757.9757760743282,769.4680786132812,9733900,0.0025844029017856,1
2025-08-06,JPM,286.8130388717205,287.784475314663,284.71322574362773,285.8808898925781,6330200,-0.0032500230213009,-1
2025-08-06,GOOGL,193.9467226324209,196.0706684741306,193.11908183595835,195.53219604492188,21562900,0.0081747883696175,1
2025-08-05,UNH,234.8697576119316,245.49519249646224,233.7887094681953,244.45309448242188,23795900,0.040802770726764,1
2025-08-05,JPM,289.1581672885365,290.2375243969,281.8480045472989,285.9004821777344,7182300,-0.0112661009763263,-1
2025-08-05,META,773.913496774336,780.571667176634,760.507423214992,760.9659423828125,11640300,-0.0167299762124433,-1
2025-08-05,GOOGL,194.1561209300893,197.2971541323202,193.33844625639605,194.11622619628903,31602300,-0.0002054776002379,-1
2025-08-05,AMZN,213.0500030517578,216.3000030517578,212.8699951171875,213.75,51505100,0.0032855993345005,1
2025-08-05,BRK-B,460.6000061035156,467.5799865722656,460.3800048828125,464.1900024414063,6780700,0.007794173448369,1
2025-08-05,TSLA,308.95001220703125,312.45001220703125,305.5,308.7200012207031,57961300,-0.0007444925626803,-1
2025-08-05,MSFT,532.9232605080902,533.0423047576313,523.0620248277625,523.5679931640625,19171600,-0.0175546237841229,-1
2025-08-05,AAPL,202.59624780213056,204.52858421879685,201.3611574563388,202.1181488037109,44155100,-0.002359861071497,-1
2025-08-04,META,757.5172228150747,774.3121526971289,755.9323902785536,773.833740234375,15801700,0.0215394672594573,1
2025-08-04,MSFT,524.0838536533402,533.9847498429226,523.9449485218581,531.3954467773438,25349000,0.013951189438551,1
2025-08-04,AAPL,203.70186769022783,207.0585613783641,200.88304868853191,202.5464630126953,75109300,-0.0056720377217629,-1
2025-08-04,JPM,284.81135364584816,288.79513839592664,284.81135364584816,288.7362670898437,6649500,0.0137807478309873,1
2025-08-04,TSLA,309.0799865722656,312.1199951171875,303.0,309.260009765625,78683900,0.0005824485608267,1
2025-08-04,BRK-B,468.0499877929688,468.8699951171875,455.1900024414063,459.1099853515625,10874300,-0.0191005291626258,-1
2025-08-04,UNH,232.02593558103644,235.9313364611171,230.7695746313989,234.6944580078125,17427900,0.0115009661316248,1
2025-08-04,AMZN,217.3999938964844,217.44000244140625,211.4199981689453,211.6499938964844,77890100,-0.0264489427848736,-1
2025-08-04,GOOGL,189.7486806495505,194.71452513752172,189.579166069655,194.48516845703125,31547400,0.0249619011382147,1
2025-08-01,MSFT,530.7605061500977,531.5541546097426,516.7325410439772,519.956787109375,28977600,-0.0203551675671728,-1
2025-08-01,BRK-B,473.4700012207031,475.9599914550781,470.6199951171875,472.8399963378906,5287500,-0.0013306120370629,-1
2025-08-01,UNH,244.0732791246028,244.9303306264208,228.48087719118644,231.5681915283203,39989200,-0.0512349718950531,-1
2025-08-01,JPM,284.9487133421405,286.32242707449086,278.9043429750852,283.93804931640625,12007100,-0.0035468278269455,-1
2025-08-01,TSLA,306.2099914550781,309.3099975585937,297.82000732421875,302.6300048828125,89121400,-0.0116912794231628,-1
2025-08-01,META,758.2448261685668,763.497629588928,742.8752172910131,747.5598754882812,19028700,-0.0140916895328872,-1
2025-08-01,AMZN,217.2100067138672,220.44000244140625,212.8000030517578,214.75,122258800,-0.0113254759809835,-1
2025-08-01,AAPL,210.03673342752197,212.7360314354296,200.7037642416869,201.58029174804688,104434500,-0.0402617272773057,-1
2025-08-01,GOOGL,188.49227361862015,190.2871562824159,187.28572417197356,188.5919952392578,34832200,0.000529048850243,1
2025-07-31,GOOGL,195.15328548422437,195.43248777249184,190.5464172970437,191.35411071777344,51329200,-0.0194676444059048,-1
2025-07-31,UNH,254.58181382832615,254.58181382832615,241.28785711045148,243.05064392089844,29606900,-0.0452945547603161,-1
2025-07-31,AMZN,235.7700042724609,236.52999877929688,231.3999938964844,234.1100006103516,104357300,-0.0070407754677352,-1
2025-07-31,AAPL,207.6661338109758,209.0107900151974,206.34138763159265,206.7497711181641,80698400,-0.0044126727646686,-1
2025-07-31,META,772.667590247117,782.1863801577031,763.0092430876867,770.913330078125,38831100,-0.002270394398749,-1
2025-07-31,TSLA,319.6099853515625,321.3699951171875,306.1000061035156,308.2699890136719,85270900,-0.0354807323226054,-1
2025-07-31,JPM,293.5246633224064,295.3301198950704,289.9529777509294,290.6790771484375,14749700,-0.0096945385841166,-1
2025-07-31,BRK-B,472.6099853515625,477.7000122070313,471.8800048828125,471.8800048828125,6315300,-0.0015445726738231,-1
2025-07-31,MSFT,550.8301860551579,551.0484742016899,527.6851029610986,529.2723999023438,51617300,-0.0391369004433164,-1
2025-07-30,AAPL,211.06266703997412,211.5507362671114,206.89919168476044,208.22393798828125,45512500,-0.0134496976253751,-1
2025-07-30,MSFT,511.0876726596135,511.8615208479224,505.40309770511885,509.1729736328125,26380400,-0.0037463220680655,-1
2025-07-30,META,705.7768321791035,706.1854660197899,688.9419939778502,692.9389038085938,27077300,-0.0181897843414218,-1
2025-07-30,BRK-B,475.1300048828125,479.4100036621094,473.8800048828125,476.0,3803000,0.0018310675146733,1
2025-07-30,TSLA,322.17999267578125,324.45001220703125,311.6199951171875,319.0400085449219,83931900,-0.009746055628039,-1
2025-07-30,UNH,257.89312267743446,259.67540683003745,251.38736644618223,259.1007995605469,22371800,0.0046828580404718,1
2025-07-30,AMZN,231.63999938964844,231.8000030517578,229.2899932861328,230.19000244140625,32993300,-0.006259700190221,-1
2025-07-30,JPM,291.83695632333047,294.9670472888904,291.79769880383014,294.0054626464844,8061700,0.0074305404993032,1
2025-07-30,GOOGL,195.04360005779435,197.0379108346005,194.13618500265545,195.970947265625,32445400,0.0047545636337509,1
2025-07-29,MSFT,511.4448055642593,513.5182098314434,507.5062336187249,508.50823974609375,16469200,-0.0057417062138811,-1
2025-07-29,JPM,294.36853919701497,295.6343323000827,290.6398830117393,291.464111328125,7635700,-0.0098666381835937,-1
2025-07-29,UNH,258.7696915645359,265.7916229883092,253.75399654026023,254.2604522705078,41706000,-0.0174256856232465,-1
2025-07-29,BRK-B,482.5700073242188,485.0,476.2799987792969,476.55999755859375,4193200,-0.0124541717769606,-1
2025-07-29,GOOGL,191.88258292419437,195.3626603234397,191.5335877059744,195.19314575195312,41389200,0.0172530657931922,1
2025-07-29,AAPL,213.33365491441555,213.96117031669576,209.9869466315705,210.43516540527344,51411700,-0.0135866490934349,-1
2025-07-29,AMZN,234.1499938964844,234.72000122070312,230.30999755859372,231.00999450683597,33716200,-0.0134102048750708,-1
2025-07-29,TSLA,325.54998779296875,326.25,318.25,321.20001220703125,87358900,-0.0133619282722991,-1
2025-07-29,META,717.6479213169642,722.1032896273051,697.6235240780348,697.7132568359375,13267000,-0.0277777777777777,-1
2025-07-28,AAPL,213.1842678888476,214.00103498726415,212.21809958876685,213.2041931152344,37858000,9.346480668615507e-05,1
2025-07-28,MSFT,510.0063088656235,510.91900158393673,506.07766717141,508.4388122558594,14308000,-0.0030734847442389,-1
2025-07-28,GOOGL,193.0991291078416,193.49800038051387,190.2971249846209,192.0321807861328,38139500,-0.0055253916816627,-1
2025-07-28,UNH,276.10536223236545,277.5662371648118,272.39474228167774,274.7613525390625,15779400,-0.0048677420910494,-1
2025-07-28,TSLA,318.45001220703125,330.489990234375,315.69000244140625,325.5899963378906,112673800,0.0224210515219497,1
2025-07-28,BRK-B,484.3500061035156,486.8999938964844,481.1000061035156,481.7000122070313,3626100,-0.0054712374586365,-1
2025-07-28,AMZN,233.3500061035156,234.2899932861328,232.25,232.7899932861328,26300100,-0.0023998834486183,-1
2025-07-28,META,712.8635901780652,722.3724029167645,710.3518030699777,715.28564453125,8715700,0.0033976407079224,1
2025-07-28,JPM,292.0724293571669,293.8091927274499,291.2482011503524,292.6807861328125,5840400,0.0020828969614986,1
2025-07-25,UNH,273.6706323086755,278.6765791375501,272.6382828349887,273.72906494140625,16486600,0.0002135144433942,1
2025-07-25,MSFT,508.4089964805577,514.1828842249572,506.3157313206406,509.6392211914063,19125700,0.0024197540156935,1
2025-07-25,META,714.5779456568456,718.2958018452817,709.5743863825453,710.351806640625,8271700,-0.0059141749922549,-1
2025-07-25,AMZN,232.22000122070312,232.47999572753903,231.17999267578125,231.44000244140625,28712100,-0.0033588785427468,-1
2025-07-25,AAPL,213.85158759699283,214.38946224202752,212.55672164240056,213.0348358154297,40268800,-0.003819245817816,-1
2025-07-25,JPM,291.1304626389869,293.2891470363467,290.4043332995373,293.014404296875,5918500,0.0064711251471621,1
2025-07-25,TSLA,308.739990234375,323.6300048828125,308.010009765625,316.0599975585937,148227000,0.0237092944087414,1
2025-07-25,GOOGL,191.43387927305903,193.77720042486192,190.71592620592727,192.6304626464844,39785900,0.0062506353523689,1
2025-07-25,BRK-B,481.6700134277344,484.9299926757813,479.6600036621094,484.0700073242188,4220500,0.0049826516693558,1
2025-07-24,TSLA,310.0,310.1499938964844,300.4100036621094,305.29998779296875,156966000,-0.0151613297001008,-1
2025-07-24,JPM,291.8369396401929,293.966188322126,290.6398398939318,290.9832458496094,7001200,-0.0029252424029529,-1
2025-07-24,META,714.7074933384354,721.2560374369583,711.6674693968201,712.46484375,10920800,-0.0031378565487817,-1
2025-07-24,UNH,275.7158125125076,281.66642904138746,270.9630944541488,271.3136901855469,22585200,-0.0159661583673623,-1
2025-07-24,AMZN,229.1699981689453,236.0,228.63999938964844,232.22999572753903,42902300,0.0133525225074963,1
2025-07-24,AAPL,213.05475989741396,214.83769515517372,212.68622683006964,212.91531372070312,46022600,-0.0006545086191829,-1
2025-07-24,MSFT,504.7383694588984,509.5995345886751,503.28001689239056,506.8316650390625,16107000,0.0041472883910295,1
2025-07-24,GOOGL,196.46952792005337,197.3869090653604,190.45668205461732,191.62335205078125,74881700,-0.0246662977235029,-1
2025-07-24,BRK-B,482.6700134277344,486.1700134277344,480.6000061035156,480.6000061035156,5044800,-0.0042886594705114,-1
2025-07-23,META,704.062433018762,712.2954590710364,702.6271347622425,711.2489013671875,8771600,0.0102071464282116,1
2025-07-23,BRK-B,480.25,484.4500122070313,479.2000122070313,482.6300048828125,4385600,0.0049557623796199,1
2025-07-23,MSFT,502.7343595827018,502.7740510878013,496.7323137246232,501.861328125,16396600,-0.0017365661229649,-1
2025-07-23,JPM,287.3429329100002,291.4150249489527,287.0583682777473,291.1893615722656,7083500,0.0133861954540229,1
2025-07-23,TSLA,330.8999938964844,336.20001220703125,328.6700134277344,332.5599975585937,92553800,0.0050166324954018,1
2025-07-23,UNH,280.0010691219835,285.0070155458623,277.5175932670992,284.8804016113281,13111100,0.017426120923913,1
2025-07-23,AAPL,214.15041924441525,214.29982043425815,211.57065737650467,213.30377197265625,46989300,-0.0039535167605378,-1
2025-07-23,AMZN,228.47000122070312,228.7899932861328,227.08999633789065,228.2899932861328,28294900,-0.0007878843332102,-1
2025-07-23,GOOGL,190.95523422678892,191.9823029377756,188.64182669674165,189.6888427734375,58681900,-0.0066318760964017,-1
2025-07-22,TSLA,329.739990234375,335.4100036621094,321.54998779296875,332.1099853515625,77370400,0.0071874664504688,1
2025-07-22,GOOGL,190.9552638516936,191.1048310792618,186.92676263021804,190.79571533203125,44660200,-0.0008355282616677,-1
2025-07-22,BRK-B,475.5,483.1400146484375,475.0,478.1300048828125,4521500,0.0055310302477655,1
2025-07-22,MSFT,506.9208955554117,507.149083853939,501.26605224609375,501.26605224609375,13868600,-0.0111552775963637,-1
2025-07-22,JPM,286.0280742772089,288.11809552877634,283.75161723688194,285.9593811035156,6717500,-0.000240162347234,-1
2025-07-22,META,713.8503977542969,714.2590316242121,699.1186509323247,702.507568359375,8921100,-0.0158896449880889,-1
2025-07-22,AAPL,212.29776458434165,214.1006098348481,211.39135685335447,213.5527801513672,46404100,0.0059115816385666,1
2025-07-22,AMZN,229.67999267578125,230.0,226.3500061035156,227.47000122070312,37483700,-0.0096220460011846,-1
2025-07-22,UNH,275.25804911420084,279.62117639224465,274.64447691033206,277.6928405761719,14600300,0.0088454868796983,1
2025-07-21,GOOGL,185.720180506412,189.74868135121883,185.62045888710105,189.55923461914065,45803100,0.0206711737101509,1
2025-07-21,TSLA,334.3999938964844,338.0,326.8800048828125,328.489990234375,75768800,-0.0176734562499389,-1
2025-07-21,AMZN,225.83999633789065,229.69000244140625,225.6499938964844,229.3000030517578,40297600,0.015320610919115,1
2025-07-21,AAPL,211.2618775331451,214.92732845073888,210.7937335563828,211.64036560058597,51377400,0.0017915587604367,1
2025-07-21,MSFT,502.69469811942383,508.03210080948105,501.54388660874696,506.0181579589844,14066800,0.006611288823999,1
2025-07-21,UNH,277.215675643485,279.0271465168168,273.8653996740732,274.7808837890625,10319200,-0.0087830237188814,-1
2025-07-21,JPM,285.5374617769879,288.6577608735927,285.1253326770995,285.5080261230469,7898100,-0.0001030885886491,-1
2025-07-21,META,704.4910420819451,714.657733300232,703.4544614129026,710.640869140625,9404400,0.0087294609744158,1
2025-07-21,BRK-B,473.0400085449219,478.3500061035156,472.0,474.4100036621094,3791300,0.0028961506266703,1
2025-07-18,GOOGL,184.8725832213821,185.88968586946515,183.1874035754976,184.53355407714844,34014500,-0.0018338530155532,-1
2025-07-18,AAPL,210.0367321724359,210.95309492429405,208.871357307622,210.3455047607422,48974600,0.0014700885179111,1
2025-07-18,JPM,284.08521856694546,287.009289803847,282.819455566978,285.8023681640625,12217000,0.0060444876568345,1
2025-07-18,MSFT,510.4030974050004,510.5618634291492,503.4089756844231,506.0082092285156,21209700,-0.0086106220726898,-1
2025-07-18,UNH,280.3809012411879,280.5561991191431,273.48555415915195,275.2775573730469,14979700,-0.018201467523464,-1
2025-07-18,BRK-B,474.0,478.6400146484375,473.5,473.7999877929688,4015800,-0.0004219666815005,-1
2025-07-18,AMZN,225.13999938964844,226.3999938964844,222.97999572753903,226.1300048828125,37833800,0.004397288335471,1
2025-07-18,TSLA,321.6600036621094,330.8999938964844,321.4200134277344,329.6499938964844,94255000,0.0248398624118905,1
2025-07-18,META,699.8960490076172,702.407835998619,689.3905035678976,701.979248046875,12779800,0.0029764406331648,1
2025-07-17,AMZN,223.32000732421875,224.5,222.50999450683597,223.8800048828125,31855800,0.0025076013802056,1
2025-07-17,BRK-B,470.0700073242188,474.1499938964844,467.6499938964844,473.3999938964844,4040000,0.0070840226357365,1
2025-07-17,MSFT,501.67285674255714,509.3019216630888,501.6133346197656,507.6451721191406,17503100,0.0119048007009242,1
2025-07-17,GOOGL,181.62189400300736,183.53643065116097,179.96661229566942,183.05780029296875,31992600,0.0079060197992296,1
2025-07-17,META,702.0888975460598,703.5939743779064,694.8326508122145,699.1185913085938,11803300,-0.0042306697169658,-1
2025-07-17,AAPL,209.7379236663323,210.96305897069357,208.761785269157,209.19009399414065,48068100,-0.0026119724207016,-1
2025-07-17,JPM,278.1194022972347,284.8506152852065,278.1194022972347,284.4581298828125,8509500,0.0227913893573069,1
2025-07-17,TSLA,323.1499938964844,324.3399963378906,317.0599975585937,319.4100036621094,73922900,-0.0115735426427798,-1
2025-07-17,UNH,284.7050786426184,285.3576159613911,276.426786029404,280.55621337890625,14792700,-0.0145725017744417,-1
2025-07-16,BRK-B,471.2000122070313,472.9200134277344,468.8800048828125,471.30999755859375,3796900,0.0002334154259617,1
2025-07-16,META,711.0394977501286,711.6375132851348,696.985585155631,700.6136474609375,13067600,-0.0146628286082286,-1
2025-07-16,MSFT,501.1768265275145,502.70463167926073,497.9129190668174,501.61334228515625,15154400,0.0008709815269517,1
2025-07-16,AMZN,225.8800048828125,226.1000061035156,222.17999267578125,223.19000244140625,39535900,-0.0119089887695098,-1
2025-07-16,GOOGL,182.71874486155863,183.80564050002505,181.51218023918355,182.4495086669922,33104200,-0.0014735006787096,-1
2025-07-16,TSLA,312.79998779296875,323.5,312.6199951171875,321.6700134277344,97284800,0.0283568605528091,1
2025-07-16,UNH,284.91933350621724,288.2696095060878,283.16629524372746,284.86090087890625,9714000,-0.0002050848097667,-1
2025-07-16,JPM,282.98623724838524,285.2725159686822,277.6974322542774,280.4546813964844,9979800,-0.0089458620903844,-1
2025-07-16,AAPL,209.4689902412225,211.5606828488181,207.8155461810567,209.3295440673828,47490500,-0.0006657127323672,-1
2025-07-15,UNH,291.8925916122791,292.8372920835697,283.4390010429132,284.10125732421875,16019000,-0.0266924701480932,-1
2025-07-15,TSLA,319.67999267578125,321.20001220703125,310.5,310.7799987792969,77556300,-0.0278403218856136,-1
2025-07-15,GOOGL,182.28996266650836,183.6959553275124,181.08341324296117,181.48226928710935,33448300,-0.0044308165276033,-1
2025-07-15,META,721.5352116480268,722.1032960553172,707.501190694441,708.0693359375,11529500,-0.0186628115899846,-1
2025-07-15,AAPL,208.393257343384,211.052704873644,208.0944397695192,208.28369140625,42296300,-0.0005257652696194,-1
2025-07-15,JPM,282.5937831680985,286.46964738040805,280.121098345475,281.1709899902344,12526100,-0.0050347646077472,-1
2025-07-15,AMZN,226.1999969482422,227.2700042724609,225.4600067138672,226.3500061035156,34907300,0.0006631704566634,1
2025-07-15,MSFT,499.03393728805895,504.2720960834484,498.8057792400165,501.811767578125,14927200,0.0055664155932196,1
2025-07-15,BRK-B,475.2999877929688,475.7200012207031,470.0,470.1300048828125,4482300,-0.0108773049504225,-1
2025-07-14,UNH,293.7722472083478,296.10964134048334,291.20109285789346,292.7398681640625,10681400,-0.0035142157031365,-1
2025-07-14,BRK-B,474.3200073242188,478.1300048828125,473.4599914550781,476.30999755859375,4294700,0.0041954591913614,1
2025-07-14,GOOGL,180.4950948080724,183.147531843333,179.1688762904421,181.0435333251953,32536600,0.0030385231117005,1
2025-07-14,META,715.2557188520466,725.6217684499236,714.2091611608587,718.5648803710938,8939400,0.0046265432513538,1
2025-07-14,JPM,281.6812326297011,283.8693527089549,279.9052116928096,283.2806396484375,9079900,0.0056780744808758,1
2025-07-14,AMZN,225.07000732421875,226.66000366210935,224.2400054931641,225.69000244140625,35702600,0.0027546767539505,1
2025-07-14,MSFT,497.5458219138798,499.9764196247383,497.0597144820079,499.033935546875,12058800,0.0029909077062911,1
2025-07-14,AAPL,209.10042946873696,210.07656782568804,206.719874444485,207.7956085205078,38840100,-0.006240163884619,-1
2025-07-14,TSLA,317.7300109863281,322.6000061035156,312.6700134277344,316.8999938964844,78043400,-0.0026123345643904,-1
2025-07-11,AMZN,223.5800018310547,226.67999267578125,222.3699951171875,225.0200042724609,50518300,0.006440658509764,1
2025-07-11,UNH,292.1944637119809,296.18752793603835,290.2271627714857,296.1680603027344,9808200,0.0135991508541047,1
2025-07-11,TSLA,307.8900146484375,314.0899963378906,305.6499938964844,313.510009765625,79236400,0.0182532555451811,1
2025-07-11,JPM,280.16028588065166,281.9853860406829,278.3253938002881,281.4751281738281,7384700,0.0046931787246126,1
2025-07-11,BRK-B,476.25,476.8500061035156,471.3999938964844,475.8599853515625,4416600,-0.0008189283956692,-1
2025-07-11,GOOGL,176.2870917998284,180.91389212460825,175.97797606848104,179.67742919921875,34282900,0.0192319095219973,1
2025-07-11,MSFT,494.5200302697885,501.0280451619609,493.85532615569343,499.3316040039063,16459500,0.0097297853263755,1
2025-07-11,META,720.1397657932962,722.791049443565,707.3815924903404,715.1660766601562,10873900,-0.0069065608780276,-1
2025-07-11,AAPL,209.73794232575935,211.29177557167307,209.03074119537857,210.3256072998047,39765800,0.0028019011130211,1
2025-07-10,AMZN,221.5500030517578,222.7899932861328,219.6999969482422,222.25999450683597,30370600,0.0032046555869929,1
2025-07-10,GOOGL,175.13037122333398,177.9223935883656,173.88392723345177,177.1147003173828,29252400,0.0113305823552348,1
2025-07-10,TSLA,300.04998779296875,310.4800109863281,300.0,309.8699951171875,104365300,0.0327279044283596,1
2025-07-10,UNH,295.15517663169106,296.97639600594107,288.8636834147608,291.6977844238281,11355600,-0.0117138118576088,-1
2025-07-10,JPM,277.687634657396,282.89795501811136,277.687634657396,282.7802124023437,8410900,0.0183392312417181,1
2025-07-10,AAPL,209.678147079363,212.6364120977978,209.2000480941239,211.57064819335935,44443600,0.0090257432181527,1
2025-07-10,MSFT,499.06366987607214,500.4426696344743,493.8056807647675,497.5061340332031,16492100,-0.0031209161012577,-1
2025-07-10,META,729.1601755610233,733.3962917497249,717.2492014044612,724.8642578125,9913600,-0.0058915967883434,-1
2025-07-10,BRK-B,477.8699951171875,478.5499877929688,475.5,478.2699890136719,4573300,0.0008370349688648,1
2025-07-09,GOOGL,174.75147104078383,178.92955429499338,172.27853009035698,176.11756896972656,43025600,0.0078173758470043,1
2025-07-09,META,720.3589752323313,735.1206520424314,720.3589752323313,730.3861694335938,11418000,0.0139197185653561,1
2025-07-09,BRK-B,477.0,479.489990234375,475.8299865722656,478.9100036621094,3367400,0.0040042005494955,1
2025-07-09,MSFT,496.3354955466416,502.76415743455226,495.7799355375845,499.5200805664063,18659500,0.0064161943853267,1
2025-07-09,AAPL,208.7020406311003,210.49493096772343,206.4011710318064,210.30567932128903,48749400,0.0076838668435607,1
2025-07-09,UNH,295.2818202555604,295.6811296875477,290.9576275306009,295.0091247558594,12816700,-0.0009235092748513,-1
2025-07-09,AMZN,221.07000732421875,224.2899932861328,220.47000122070312,222.5399932861328,38155100,0.0066494138201126,1
2025-07-09,TSLA,297.54998779296875,300.1499938964844,293.54998779296875,295.8800048828125,75586800,-0.0056124448955387,-1
2025-07-09,JPM,281.7891623646238,281.8088060970764,277.1774068900867,277.8446350097656,11273800,-0.0139981513900598,-1
2025-07-08,AAPL,209.26978591644843,210.59451698338924,207.6262968509882,209.1801300048828,42848900,-0.0004284226276286,-1
2025-07-08,BRK-B,477.3500061035156,480.0,473.5799865722656,477.4700012207031,4116200,0.0002513776383224,1
2025-07-08,UNH,296.2946718683778,300.2584900286108,295.8758651222612,299.6741638183594,9613800,0.0114058478631125,1
2025-07-08,TSLA,297.0,304.04998779296875,294.3500061035156,297.8099975585937,103246700,0.0027272645070496,1
2025-07-08,JPM,283.83990288185674,284.26185381377417,275.04810559551106,277.47174072265625,15440900,-0.0224357537278721,-1
2025-07-08,META,719.2128191233631,720.5484076114845,712.4748926138262,718.3157348632812,7770700,-0.0012473140581328,-1
2025-07-08,GOOGL,177.3440914457585,177.44379785510552,172.3184197808512,173.864013671875,40442500,-0.0196233082563559,-1
2025-07-08,AMZN,223.9199981689453,224.0,218.42999267578125,219.3600006103516,45692000,-0.0203644051263044,-1
2025-07-08,MSFT,493.2997439957828,494.2521585292929,490.1945420053533,492.6846618652344,11846600,-0.0012468729976751,-1
2025-07-07,UNH,299.9663495736371,300.5604245061098,293.34372777038345,295.7882385253906,9031200,-0.0139285991718241,-1
2025-07-07,BRK-B,484.4200134277344,486.0799865722656,476.7999877929688,478.0299987792969,4674400,-0.0131910624485186,-1
2025-07-07,GOOGL,178.5506411042797,178.78996387462078,175.18025102838192,176.28709411621094,34175600,-0.0126773388998741,-1
2025-07-07,AMZN,223.0,224.2899932861328,222.3699951171875,223.47000122070312,36604100,0.0021076287923906,1
2025-07-07,AAPL,211.83958469799765,215.37555986284275,207.9749269074613,209.1203765869141,50229000,-0.0128361661724372,-1
2025-07-07,META,715.2556849998467,724.6250009558648,711.1790804792781,716.0032348632812,9457100,0.0010451505372301,1
2025-07-07,MSFT,493.4386683186591,494.7978073262421,491.30571139485903,493.7759704589844,13981600,0.0006835746000097,1
2025-07-07,TSLA,291.3699951171875,296.1499938964844,288.7699890136719,293.94000244140625,131177900,0.0088204254634562,1
2025-07-07,JPM,289.70765491378785,290.4828336535378,284.63469143869315,286.4892272949219,8825700,-0.0111092253320807,-1
2025-07-03,UNH,301.75834449819746,304.10548729418315,300.1903528893154,300.5019836425781,6161100,-0.0041634668221307,-1
2025-07-03,AAPL,211.31166931275297,213.8017903991559,210.97301649264048,212.7061462402344,34955800,0.0065991477518333,1
2025-07-03,BRK-B,480.8900146484375,486.5499877929688,480.3599853515625,485.0,3443300,0.0085466223593084,1
2025-07-03,MSFT,489.8969147231798,496.1668406146565,489.5298515465148,494.8870544433594,13984800,0.0101861015454634,1
2025-07-03,META,724.23628063908,726.6484187341657,712.0861007528597,716.6611328125,8601700,-0.0104594978587588,-1
2025-07-03,AMZN,221.82000732421875,224.00999450683597,221.3600006103516,223.41000366210935,29632400,0.0071679572869485,1
2025-07-03,TSLA,317.989990234375,318.45001220703125,312.760009765625,315.3500061035156,58042300,-0.0083020982167192,-1
2025-07-03,JPM,286.66583810355576,290.83605832396694,285.74348111805267,290.4435729980469,6541600,0.0131781830701656,1
2025-07-03,GOOGL,177.9922335542414,179.15890351135596,176.54636131074304,179.01930236816406,21689700,0.0057703012845763,1
2025-07-02,META,712.9932128907722,717.9469479430355,710.4714485666279,711.2389526367188,9336700,-0.0024604164841077,-1
2025-07-02,AMZN,219.72999572753903,221.6000061035156,219.05999755859372,219.9199981689453,30894200,0.0008647087111486,1
2025-07-02,GOOGL,175.0406481826668,178.35121133766924,174.57199915363273,178.1318359375,29128900,0.0176598280852305,1
2025-07-02,AAPL,208.08449026524104,212.49697770796604,207.31752868499885,211.6005401611328,67941800,0.016897222332188,1
2025-07-02,BRK-B,489.4299926757813,489.9299926757813,478.6199951171875,480.4800109863281,6707200,-0.018286541126183,-1
2025-07-02,UNH,312.37402596950074,314.01022857787615,298.4372806770748,299.5378112792969,18177200,-0.0410924520704456,-1
2025-07-02,TSLA,312.6300048828125,316.8299865722656,303.82000732421875,315.6499938964844,119483700,0.0096599461552127,1
2025-07-02,JPM,285.1840583153917,285.945745792629,282.8989958836799,285.1449890136719,8158700,-0.0001369967941077,-1
2025-07-02,MSFT,486.10716647659297,489.589361899926,484.8274106118064,487.1984558105469,16319600,0.0022449562755139,1
2025-07-01,UNH,303.83279640669696,318.0324889235734,302.9659962707237,317.6332092285156,17865500,0.0454210769378104,1
2025-07-01,AMZN,219.5,221.8800048828125,217.92999267578125,220.4600067138672,39256800,0.0043736068968892,1
2025-07-01,GOOGL,175.24010681519917,175.58910209855603,173.03638654380393,175.33981323242188,35904500,0.0005689703061403,1
2025-07-01,AAPL,205.85332972802505,209.35942450018743,205.3254252695324,206.9987945556641,78788900,0.0055644707285155,1
2025-07-01,TSLA,298.4599914550781,305.8900146484375,293.2099914550781,300.7099914550781,145085700,0.007538698868919,1
2025-07-01,JPM,284.0610273166312,284.2953834962509,279.8619570245468,283.59228515625,9338300,-0.0016501459732409,-1
2025-07-01,MSFT,492.53583641461546,494.10330273882704,487.0893503724631,488.1508483886719,19945400,-0.0089028811748274,-1
2025-07-01,META,734.4727647300622,735.3399177465482,713.0330238804761,716.8704223632812,13431200,-0.0239659565501387,-1
2025-07-01,BRK-B,485.7799987792969,491.0899963378906,483.7999877929688,489.6099853515625,4776000,0.0078841998062701,1
2025-06-30,JPM,283.58249100733053,285.7796694445792,282.13725493022537,283.10400390625,12689200,-0.0016872942309691,-1
2025-06-30,MSFT,493.1013206195562,496.7918434810962,491.404849352638,493.4683837890625,28369000,0.0007443970522024,1
2025-06-30,META,742.1176905331245,745.4567832484664,731.851350759088,735.6788330078125,15402100,-0.0086763293847454,-1
2025-06-30,BRK-B,485.8999938964844,487.6499938964844,483.4400024414063,485.7699890136719,6384300,-0.0002675548146645,-1
2025-06-30,GOOGL,180.265759020371,180.71447592478236,174.08339834249907,175.72869873046875,63378900,-0.0251687304042557,-1
2025-06-30,TSLA,319.8999938964844,325.5799865722656,316.6000061035156,317.6600036621094,76695100,-0.0070021577902869,-1
2025-06-30,AAPL,201.211736268348,206.57048164253425,198.4726031076903,204.3592529296875,91912800,0.0156428085146175,1
2025-06-30,UNH,300.940290627669,304.2321341608617,298.3496683780061,303.83282470703125,10074100,0.0096116544359324,1
2025-06-30,AMZN,223.5200042724609,223.82000732421875,219.1199951171875,219.38999938964844,58887800,-0.0184771152642705,-1
2025-06-27,MSFT,493.6072370605504,495.3433694815111,489.1230659353951,492.010009765625,34539200,-0.0032358263311471,-1
2025-06-27,AMZN,219.9199981689453,223.3000030517578,216.7400054931641,223.3000030517578,119217100,0.0153692475034304,1
2025-06-27,BRK-B,485.7699890136719,489.6799926757813,484.3999938964844,485.6799926757813,6129300,-0.0001852653311773,-1
2025-06-27,GOOGL,173.046329910377,178.17170771682706,171.241481190895,178.0221405029297,108140200,0.0287542104772156,1
2025-06-27,TSLA,324.510009765625,329.3399963378906,317.5,323.6300048828125,89067000,-0.0027117958039201,-1
2025-06-27,JPM,279.10028187976,281.9224501380631,278.34836923641,280.3697509765625,17868600,0.0045484335890043,1
2025-06-27,AAPL,201.09224306842364,202.41698947637084,199.20971189891864,200.2854461669922,73188600,-0.0040120737086657,-1
2025-06-27,META,724.1466398304902,733.0275060697373,723.4887618360168,731.2333984375,18775700,0.0097863584766044,1
2025-06-27,UNH,295.0480927444711,302.35246840520324,294.3176551783979,301.0473937988281,15304400,0.0203332988820665,1
2025-06-26,META,712.026356119824,725.8410644855094,708.7271714667934,723.7180786132812,13964800,0.0164203507257387,1
2025-06-26,MSFT,489.0735074056833,494.0934082095605,488.9048412091741,493.5080871582031,21578900,0.0090673072357635,1
2025-06-26,AAPL,200.63405836503767,201.8392838353224,198.6718566431861,200.2057647705078,50799100,-0.0021347003495818,-1
2025-06-26,BRK-B,486.5400085449219,487.9800109863281,484.25,485.0499877929688,4212900,-0.0030624835075932,-1
2025-06-26,JPM,278.0163428990485,282.61576173740934,277.79173169250225,281.97125244140625,8942100,0.0142254570401059,1
2025-06-26,AMZN,213.1199951171875,218.0399932861328,212.00999450683597,217.1199951171875,50480800,0.0187687691987818,1
2025-06-26,GOOGL,171.9394978428303,173.19592338119924,169.4565906415466,173.0463409423828,31796700,0.006437398698025,1
2025-06-26,TSLA,324.6099853515625,331.04998779296875,323.6099853515625,325.7799987792969,80440900,0.0036043667186245,1
2025-06-26,UNH,294.6779701085044,298.7099696141785,293.4313579761248,294.7266540527344,6532700,0.0001652106678082,1
2025-06-25,GOOGL,167.15314653822034,171.86968681108624,167.0733722889804,170.1944580078125,35479000,0.0181947605090206,1
2025-06-25,META,710.989786190386,714.2391463968028,703.0757215627262,706.3649291992188,9320400,-0.0065048149509264,-1
2025-06-25,UNH,296.44076227488523,296.44076227488523,291.9802072595582,294.1423034667969,8722100,-0.0077535180737291,-1
2025-06-25,AMZN,214.6199951171875,216.02999877929688,211.1100006103516,211.9900054931641,31755700,-0.0122541686881849,-1
2025-06-25,MSFT,488.1409520653471,490.6409720128423,485.5119574284625,488.3691101074219,17495100,0.0004674019688563,1
2025-06-25,BRK-B,494.5,496.0,486.1400146484375,486.2099914550781,4260600,-0.0167644257733506,-1
2025-06-25,AAPL,200.65395335177797,202.8651820841085,199.82723133036671,200.76351928710935,39525700,0.0005460442393544,1
2025-06-25,TSLA,342.70001220703125,343.0,320.3999938964844,327.54998779296875,119845100,-0.0442078315565104,-1
2025-06-25,JPM,274.8914587952529,277.60619385702887,274.3153133103271,277.391357421875,6826900,0.0090941298706704,1
2025-06-24,BRK-B,489.4299926757813,497.739990234375,488.8900146484375,493.4800109863281,5111700,0.0082749695996456,1
2025-06-24,MSFT,485.0754151445847,487.9524285572733,482.9424282150726,486.2261962890625,22305600,0.002372375734884,1
2025-06-24,JPM,273.631706176909,276.0730155031396,272.948157446248,274.6570739746094,9267900,0.0037472550678664,1
2025-06-24,GOOGL,166.44516047022438,167.7414654003419,165.65741447979076,166.29559326171875,40524300,-0.0008985975205472,-1
2025-06-24,AAPL,201.78944331230144,202.636090538428,199.40888822531903,199.5084991455078,54064000,-0.01130358520918,-1
2025-06-24,AMZN,212.13999938964844,214.33999633789065,211.0500030517578,212.7700042724609,38378800,0.0029697599916333,1
2025-06-24,TSLA,356.1700134277344,356.260009765625,340.44000244140625,340.4700012207031,114736200,-0.0440801067331198,-1
2025-06-24,UNH,293.58722122671986,297.84323274198323,291.5224927150727,297.6484375,8781400,0.0138330825718872,1
2025-06-24,META,702.5872352556954,710.8601081222891,699.8162879347926,709.8733520507812,13823200,0.0103704087257351,1
2025-06-23,TSLA,327.5400085449219,357.5400085449219,327.4800109863281,348.67999267578125,190716800,0.0645416852273179,1
2025-06-23,GOOGL,165.79702236468145,166.86397066469698,161.53916480969883,164.7200927734375,57671000,-0.0064954700385099,-1
2025-06-23,BRK-B,485.4200134277344,488.5,481.7200012207031,487.7699890136719,4141000,0.0048411180440283,1
2025-06-23,UNH,294.02545989331065,294.5805995721258,287.81186629372377,292.8372802734375,12274700,-0.004041077328148,-1
2025-06-23,META,681.4565596787132,696.7663678330139,676.5326949790629,696.2481079101562,11080100,0.0217057830339424,1
2025-06-23,AMZN,209.7899932861328,210.38999938964844,207.30999755859372,208.47000122070312,37311700,-0.0062919686718772,-1
2025-06-23,AAPL,200.83325703321927,201.5006076815208,198.1738094532141,200.70376586914065,55814300,-0.0006447695266786,-1
2025-06-23,MSFT,474.4204952857464,483.8849056071214,468.7656821606551,482.1487731933594,24864000,0.0162899326323542,1
2025-06-23,JPM,268.60264103465835,272.0106996489925,265.7218838292262,271.7372741699219,8094600,0.0116701500893249,1
2025-06-20,UNH,301.427194343239,301.51484327258163,293.7235103008663,294.132568359375,16177900,-0.0242002915488691,-1
2025-06-20,META,698.4607641474819,699.5272759324512,676.4528788689065,680.120849609375,22538600,-0.0262576160029432,-1
2025-06-20,JPM,269.1006931474805,270.7900603895567,267.3820015798645,268.5440673828125,13969700,-0.0020684664842648,-1
2025-06-20,AAPL,197.45667615855012,200.90299573747225,196.0821242533237,200.2057647705078,96813500,0.0139224900643533,1
2025-06-20,BRK-B,484.9500122070313,486.6799926757813,483.4299926757813,484.8500061035156,7620400,-0.0002062194061208,-1
2025-06-20,AMZN,214.67999267578125,214.88999938964844,208.2700042724609,209.69000244140625,75350700,-0.0232438531983327,-1
2025-06-20,TSLA,327.95001220703125,332.3599853515625,317.7799987792969,322.1600036621094,108688000,-0.0176551557536357,-1
2025-06-20,GOOGL,173.45517315134433,173.8440631360939,164.98933381824614,166.1659698486328,75659900,-0.0420235566935296,-1
2025-06-20,MSFT,478.4087168746746,479.6289507141904,473.09117492174096,473.6169738769531,37576200,-0.0100160026954039,-1
2025-06-18,META,695.8991092834594,699.2980032265184,692.6298563461756,693.4970092773438,10068300,-0.0034517934770588,-1
2025-06-18,AAPL,195.16572178414583,196.78928550519316,194.29916455806156,195.80319213867188,45394700,0.0032663028563543,1
2025-06-18,GOOGL,175.50930033034524,176.057738792968,172.70729634857923,172.82696533203125,28707500,-0.0152831501992502,-1
2025-06-18,AMZN,215.08999633789065,217.9600067138672,212.33999633789065,212.5200042724609,44360500,-0.0119484499938919,-1
2025-06-18,BRK-B,484.1000061035156,486.7000122070313,482.75,485.1400146484375,4893600,0.0021483340876048,1
2025-06-18,JPM,263.66144669321045,271.2002122129288,263.3880211997966,267.5284729003906,9586400,0.0146666350188078,1
2025-06-18,UNH,299.52807241319425,303.65749947621657,298.24252494378794,299.1872253417969,12205600,-0.0011379469999298,-1
2025-06-18,MSFT,474.2122082515913,477.1884355000323,470.7002516212213,476.4344482421875,17526500,0.0046861720384414,1
2025-06-18,TSLA,317.3099975585937,329.32000732421875,315.45001220703125,322.04998779296875,95137700,0.0149380425162926,1
2025-06-17,GOOGL,175.20018931566514,176.85547082344988,174.08338020939252,175.44947814941406,24973000,0.0014228799336498,1
2025-06-17,MSFT,471.63279762120845,474.9463269378011,470.3232503868908,474.25189208984375,15414100,0.0055532492266129,1
2025-06-17,JPM,261.8744046784544,264.2375756229939,261.51306583381086,263.19268798828125,6739300,0.0050340288561058,1
2025-06-17,AAPL,196.4207613301707,197.6060614779548,194.43863454049264,194.86692810058597,38856200,-0.0079107382491653,-1
2025-06-17,TSLA,326.0899963378906,327.260009765625,314.739990234375,316.3500061035156,88282700,-0.0298690249432936,-1
2025-06-17,META,699.7067073456836,703.6637089538638,693.7861096962511,694.9522705078125,10066100,-0.0067948996171652,-1
2025-06-17,BRK-B,489.1099853515625,489.3999938964844,483.25,483.4800109863281,3956300,-0.0115106510475096,-1
2025-06-17,UNH,299.4306841596557,301.8654757702511,297.5510024478773,300.8136291503906,11593900,0.004618581407634,1
2025-06-17,AMZN,215.1999969482422,217.41000366210935,214.55999755859372,214.82000732421875,32086300,-0.0017657510660412,-1
2025-06-16,AMZN,212.30999755859372,217.05999755859372,211.6000061035156,216.1000061035156,33284200,0.0178512956926387,1
2025-06-16,TSLA,331.2900085449219,332.04998779296875,326.4100036621094,329.1300048828125,83925900,-0.0065199782860837,-1
2025-06-16,UNH,304.8359351372026,305.09888195336697,296.8400871414289,299.6352233886719,14240100,-0.0170606911753693,-1
2025-06-16,JPM,260.73183404829985,265.3508019866292,260.58536145007355,264.012939453125,8566000,0.0125842147998596,1
2025-06-16,AAPL,196.52037110088895,197.9048779009829,195.78328974313985,197.6359405517578,43020700,0.0056766097306834,1
2025-06-16,META,697.0454302800655,704.839891030923,691.2444358848513,699.8262939453125,13720300,0.0039895013214987,1
2025-06-16,MSFT,471.4442896166044,476.8808754060361,471.2359621947383,475.3431701660156,15626100,0.0082700769428811,1
2025-06-16,BRK-B,489.7300109863281,491.8500061035156,488.5400085449219,490.2300109863281,3937600,0.0010209707160747,1
2025-06-16,GOOGL,174.23296058008373,176.43668073159893,174.15318632141427,176.2671661376953,27389200,0.0116752051439577,1
2025-06-13,AAPL,198.94075911963023,199.57822954037988,194.9266849517312,195.67372131347656,51447300,-0.0164221641689276,-1
2025-06-13,META,685.1754345871889,691.768730540237,678.2634219344503,680.1159057617188,9274400,-0.007384282287526,-1
2025-06-13,JPM,258.8569645888739,260.7514235020915,256.54260751477483,258.73004150390625,7098300,-0.0004903213060897,-1
2025-06-13,BRK-B,486.2699890136719,491.0799865722656,485.8500061035156,487.5400085449219,4001000,0.0026117579944138,1
2025-06-13,UNH,305.4916762495067,306.96161396240745,301.63314877730363,303.19976806640625,13762400,-0.0075023588571643,-1
2025-06-13,GOOGL,171.9494740114175,176.6261351195968,171.8996131999643,174.17312622070312,27663100,0.0129320093711829,1
2025-06-13,TSLA,313.9700012207031,332.989990234375,313.29998779296875,325.3099975585937,128964300,0.0361180886511487,1
2025-06-13,AMZN,209.9600067138672,214.0500030517578,209.6199951171875,212.1000061035156,29337800,0.0101924143704416,1
2025-06-13,MSFT,472.6348110082228,475.3828499324856,469.0137405811006,471.1962890625,16814500,-0.0030436225013857,-1
2025-06-12,META,690.5038430500748,692.5754712333077,684.229263706634,690.5635986328125,7322700,8.65391023368428e-05,1
2025-06-12,UNH,301.13993797590155,308.29611571092784,298.3451734962091,308.0060119628906,15957200,0.0228002769514368,1
2025-06-12,TSLA,323.0799865722656,332.5599975585937,316.8599853515625,319.1099853515625,105127500,-0.0122879824987708,-1
2025-06-12,AAPL,198.29333609984755,198.890956077424,196.58013147350607,198.4128570556641,43904600,0.0006027482222414,1
2025-06-12,MSFT,471.2557893550323,476.6130223697302,469.7676758011157,475.0752868652344,18950600,0.0081049349344429,1
2025-06-12,BRK-B,486.239990234375,490.4400024414063,483.7799987792969,490.3399963378906,3535200,0.0084320627382773,1
2025-06-12,JPM,260.5951109763504,261.9915625735477,258.91551875248643,261.9427185058594,6618000,0.0051712694242805,1
2025-06-12,AMZN,211.77999877929688,213.5800018310547,211.3300018310547,213.2400054931641,27640000,0.006893978290125,1
2025-06-12,GOOGL,175.6788256293735,176.2172980493167,174.25290075490625,175.2001953125,20941900,-0.0027244621835261,-1
2025-06-11,GOOGL,179.2586188457646,179.8569029175766,176.24720547354727,176.8455047607422,31646800,-0.013461634930361,-1
2025-06-11,META,700.871864292101,706.0110265671628,689.1991010267074,691.3404541015625,9582500,-0.0135993619891782,-1
2025-06-11,JPM,262.37241483499554,263.2903496169879,259.5502764699578,261.8548583984375,7434100,-0.0019726023289587,-1
2025-06-11,MSFT,466.29544434484353,471.7022694228479,465.9383115986028,468.8748474121094,16399200,0.0055316926179494,1
2025-06-11,AMZN,217.41000366210935,218.3999938964844,212.88999938964844,213.1999969482422,39326000,-0.0193643652221736,-1
2025-06-11,AAPL,202.69585666840095,203.69190510411792,197.62597377824,197.9945068359375,60989900,-0.0231941091926443,-1
2025-06-11,UNH,292.7072332558053,301.3139884179278,292.2720776508007,300.3276062011719,14711400,0.0260341121761992,1
2025-06-11,TSLA,334.3999938964844,335.5,322.5,326.42999267578125,122611400,-0.0238337361428609,-1
2025-06-11,BRK-B,491.0499877929688,492.25,486.6700134277344,488.1400146484375,4595900,-0.0059260222316879,-1
2025-06-10,TSLA,314.94000244140625,327.8299865722656,310.6700134277344,326.0899963378906,151256500,0.0354035492793863,1
2025-06-10,MSFT,467.45614299188406,469.0533703074369,463.2596519580402,467.1882934570313,15375900,-0.0005729939350855,-1
2025-06-10,AAPL,199.8073282051838,203.5425099498084,199.77744796710627,201.869140625,54672600,0.0103190030032276,1
2025-06-10,GOOGL,175.6987675223273,180.5948038838724,174.41244383100403,178.09194946289062,61766100,0.013620937553015,1
2025-06-10,META,698.5213248498013,700.3937473880201,688.7708312874433,699.567138671875,10850100,0.0014971823835135,1
2025-06-10,UNH,293.79029009707625,295.06680540416954,290.68606245161885,293.7806396484375,11384100,-3.2848085740215825e-05,-1
2025-06-10,JPM,259.63816546492893,262.58725675736963,259.6088709415357,262.2943115234375,7538100,0.0102301834314391,1
2025-06-10,BRK-B,492.6600036621094,492.8999938964844,489.5,491.1300048828125,3951500,-0.0031055875612468,-1
2025-06-10,AMZN,216.77999877929688,217.69000244140625,214.1499938964844,217.6100006103516,31303300,0.0038287749595372,1
2025-06-09,AAPL,203.5823461143216,205.1859847584805,199.22961916524451,200.65396118164065,72862600,-0.0143842773628147,-1
2025-06-09,UNH,294.98949119683004,297.2717192934336,291.21799505544686,293.200439453125,12170300,-0.0060647982287318,-1
2025-06-09,JPM,259.75534818459647,261.61073756854347,257.1675659016327,260.4779663085937,8285000,0.002781918174342,1
2025-06-09,BRK-B,493.7000122070313,494.5299987792969,488.8800048828125,493.3299865722656,3987500,-0.0007494948868068,-1
2025-06-09,GOOGL,174.04348698482235,175.96800471005412,173.87397240224888,175.58908081054688,28935900,0.0088805036746896,1
2025-06-09,META,695.6430205968694,702.3458579741853,691.1412310298801,691.2607421875,12773200,-0.0062996081030315,-1
2025-06-09,AMZN,214.75,217.8500061035156,212.8800048828125,216.97999572753903,38102500,0.0103841477417418,1
2025-06-09,TSLA,285.9599914550781,309.8299865722656,281.8500061035156,308.5799865722656,140908900,0.079101957592347,1
2025-06-09,MSFT,465.9779957450024,469.6784189466736,464.906536971708,469.0038146972656,16469900,0.0064934803357518,1
2025-06-06,UNH,287.43683056127867,294.36092531407445,287.35944988690096,293.2294616699219,12589000,0.0201527100661801,1
2025-06-06,GOOGL,170.13806952300837,173.79320267833577,170.13806952300837,172.9765167236328,35731800,0.0166831985844331,1
2025-06-06,META,693.3622292653906,699.9754637799698,689.0795839414949,694.8960571289062,11728000,0.0022121595304386,1
2025-06-06,BRK-B,491.6300048828125,496.1000061035156,491.6300048828125,493.5299987792969,3948300,0.0038646825409634,1
2025-06-06,AAPL,202.19783403313104,204.8871617909174,201.2515910514923,203.11419677734372,46607700,0.0045320106844595,1
2025-06-06,JPM,258.12454195712064,260.39008449229345,258.056207934954,259.49169921875,7738100,0.0052965024219063,1
2025-06-06,TSLA,298.8299865722656,305.5,291.1400146484375,295.1400146484375,164747700,-0.0123480644166738,-1
2025-06-06,AMZN,212.3999938964844,213.8699951171875,210.5,213.57000732421875,39832500,0.0055085379536526,1
2025-06-06,MSFT,466.3648774509946,469.58912358157227,465.0652606634985,466.652587890625,15285600,0.0006169213282161,1
2025-06-05,BRK-B,490.75,491.0,485.6000061035156,488.739990234375,5154900,-0.0040957916772796,-1
2025-06-05,JPM,258.5248949172323,258.5248949172323,254.1989017419037,255.8004150390625,8173800,-0.0105385590778097,-1
2025-06-05,GOOGL,169.6500488073603,170.23765541573877,166.9111874462575,167.5286865234375,36379100,-0.0125043423142873,-1
2025-06-05,UNH,290.4829826182471,292.4557762698312,284.4195498167771,286.0925598144531,13529000,-0.0151142168956722,-1
2025-06-05,TSLA,322.489990234375,324.54998779296875,273.2099914550781,284.70001220703125,287499800,-0.117181863535917,-1
2025-06-05,AMZN,209.5500030517578,212.80999755859372,207.55999755859372,207.91000366210935,51864200,-0.0078262914138128,-1
2025-06-05,MSFT,461.2755213187348,465.9283588981049,460.3528981592645,463.9739685058594,20131700,0.0058499683213408,1
2025-06-05,AAPL,202.69585814733983,203.9409187010704,199.35908978394465,199.8372039794922,55126100,-0.0141031701090294,-1
2025-06-05,META,688.8703488193835,691.5794100418087,679.4983282686153,681.8587646484375,13083100,-0.0101783799853814,-1
2025-06-04,UNH,293.53891953828514,297.5038379274478,290.3089699807752,290.4830322265625,11255600,-0.0104105013281691,-1
2025-06-04,JPM,259.67722274650265,260.8490334291481,257.9780510648975,258.0171203613281,5915700,-0.0063929457024235,-1
2025-06-04,META,666.6205475323237,686.2211680866209,665.8735723856402,685.1754150390625,14031900,0.0278342267957755,1
2025-06-04,BRK-B,496.9400024414063,496.989990234375,490.8800048828125,491.0,5297600,-0.0119531581523397,-1
2025-06-04,MSFT,460.3231580440434,461.9997685201863,459.3509128885598,460.1941833496094,14162700,-0.0002801829370958,-1
2025-06-04,TSLA,345.1000061035156,345.6000061035156,327.3299865722656,332.04998779296875,98912100,-0.037815178440282,-1
2025-06-04,AAPL,202.10819540070028,205.42503857555045,201.30139858491117,202.0185546875,43604000,-0.0004435283439276,-1
2025-06-04,GOOGL,166.0646474005772,167.5386486033552,165.68618167672102,167.3693389892578,26900800,0.0078565282202024,1
2025-06-04,AMZN,206.5500030517578,208.17999267578125,205.17999267578125,207.22999572753903,29915600,0.0032921455615319,1
2025-06-03,TSLA,346.6000061035156,355.3999938964844,343.0400085449219,344.2699890136719,99324500,-0.0067224958130781,-1
2025-06-03,AAPL,200.55437033168948,202.96480586317463,200.16591202699755,202.4667816162109,46381600,0.0095356250844027,1
2025-06-03,GOOGL,166.81161909114326,167.79759955842107,164.61056358901342,165.5069122314453,45084900,-0.0078214387391388,-1
2025-06-03,JPM,257.53863293425644,260.32170192801004,256.70858174263634,260.0189819335937,6998400,0.0096309783548881,1
2025-06-03,AMZN,207.1100006103516,208.9499969482422,205.02999877929688,205.7100067138672,33139100,-0.0067596634269644,-1
2025-06-03,UNH,293.1133805485914,295.6470513184869,290.1251942924269,291.2953186035156,12805700,-0.0062025893927909,-1
2025-06-03,META,668.7419453527419,672.8552932556931,662.3478552754221,664.1604614257812,11585000,-0.0068508996015557,-1
2025-06-03,MSFT,457.8132168786229,460.4620725642075,457.2080349022007,459.3013305664063,15743800,0.0032504821462546,1
2025-06-03,BRK-B,501.0,502.7900085449219,493.510009765625,497.8299865722656,5923100,-0.0063273721112462,-1
2025-06-02,UNH,293.13273442398184,303.21907753009026,291.05357897391764,294.6800231933594,19074400,0.0052784578031451,1
2025-06-02,AAPL,199.4885975362889,201.3312933884623,199.3292261245183,200.90298461914065,35423300,0.0070900647972846,1
2025-06-02,GOOGL,167.1601697701311,169.1819461523069,166.71199550949316,168.34535217285156,38612300,0.0070901004967287,1
2025-06-02,AMZN,204.97999572753903,207.0,202.67999267578125,206.6499938964844,29113300,0.0081471275429485,1
2025-06-02,TSLA,343.5,348.0199890136719,333.3299865722656,342.69000244140625,81873800,-0.0023580714951783,-1
2025-06-02,JPM,256.84526410102234,258.8080863604011,255.7515622772765,258.44677734375,6011200,0.0062353232337496,1
2025-06-02,BRK-B,501.7000122070313,503.2300109863281,499.4700012207031,502.80999755859375,4914000,0.0022124483248058,1
2025-06-02,META,641.7910631431,670.5446198991036,641.6615825955165,668.1941528320312,15766300,0.0411396967100555,1
2025-06-02,MSFT,453.5174918780263,458.4480789536773,453.2694729574846,458.3092041015625,16626500,0.0105656613236539,1
2025-05-30,UNH,288.1523993490038,295.56969895361647,286.0925744837722,291.96258544921875,16309300,0.0132228158044942,1
2025-05-30,META,639.9086148189429,646.79071807708,630.2278475213282,644.8784790039062,16241000,0.0077665217655642,1
2025-05-30,GOOGL,170.65599853398413,171.51251594088006,166.7618313004814,171.04441833496094,52639900,0.0022760395433709,1
2025-05-30,AMZN,204.83999633789065,205.9900054931641,201.6999969482422,205.00999450683597,51679400,0.0008299071079111,1
2025-05-30,JPM,257.265230909512,259.10107079095377,256.5621325162056,257.80230712890625,10977700,0.002087636240216,1
2025-05-30,BRK-B,505.1900024414063,505.7200012207031,500.1900024414063,503.9599914550781,9153100,-0.0024347492634135,-1
2025-05-30,MSFT,456.0770318895628,458.021491741184,451.93016282180776,456.7119445800781,34770500,0.0013921172217001,1
2025-05-30,TSLA,355.5199890136719,363.6799926757813,345.2900085449219,346.4599914550781,123474900,-0.0254837923001998,-1
2025-05-30,AAPL,198.58218796001185,201.16196516975768,196.00242594876025,200.0563507080078,70819900,0.0074234389455554,1
2025-05-29,UNH,287.02093954482785,293.3841564081161,285.2802582484813,288.3458251953125,16221100,0.0046159895253137,1
2025-05-29,BRK-B,504.0,506.5499877929688,501.2000122070313,506.1799926757813,3656000,0.0043253822932167,1
2025-05-29,AAPL,202.77554227533128,203.0046291598645,197.72556941325453,199.15988159179688,51396800,-0.0178308520000159,-1
2025-05-29,MSFT,457.8925712924165,458.0612374989779,451.702028016876,455.0453186035156,13974800,-0.0062181674641813,-1
2025-05-29,JPM,258.5834722711684,259.1791672441841,256.3667741282984,258.16357421875,5081200,-0.0016238394849073,-1
2025-05-29,GOOGL,173.29524158580244,173.71353862116436,169.93889608019336,171.16390991210938,29317300,-0.0122988470669449,-1
2025-05-29,META,649.0218431897822,650.6850908623647,636.9208212538034,642.4484252929688,8858800,-0.0101281920875062,-1
2025-05-29,TSLA,365.2900085449219,367.7099914550781,356.0,358.42999267578125,88087800,-0.0187796427733309,-1
2025-05-29,AMZN,208.02999877929688,208.80999755859372,204.22999572753903,205.6999969482422,34650000,-0.0112003165155359,-1
2025-05-28,AAPL,199.7973629184677,201.9289060786693,199.11008702875665,199.62803649902344,45339700,-0.0008474907624952,-1
2025-05-28,JPM,259.98973168327075,260.4584739162862,256.72814520654777,257.3042907714844,5535400,-0.0103290268211741,-1
2025-05-28,TSLA,364.8399963378906,365.0,355.9100036621094,356.8999938964844,91404300,-0.0217629714973814,-1
2025-05-28,META,640.0082861312126,648.2549209907568,639.958499945528,640.984375,9042900,0.0015251191116411,1
2025-05-28,GOOGL,172.4586279146467,174.5600820753336,171.2136909757797,171.661865234375,34784000,-0.0046200221462161,-1
2025-05-28,UNH,284.3132122662428,293.7709771264531,283.6169338312301,288.28778076171875,16114200,0.0139795420121173,1
2025-05-28,AMZN,205.9199981689453,207.66000366210935,204.41000366210935,204.72000122070312,28549800,-0.0058274910592105,-1
2025-05-28,BRK-B,508.3900146484375,509.1000061035156,502.8299865722656,503.1099853515625,3613900,-0.010385784820196,-1
2025-05-28,MSFT,457.56517641086623,458.8548627693229,453.3091629867606,453.7357482910156,17086300,-0.008369142402594,-1
2025-05-27,GOOGL,169.47079940418584,172.46860243837372,169.3114438097941,172.19969177246094,37995700,0.0161024340350618,1
2025-05-27,BRK-B,506.4299926757813,509.75,505.010009765625,509.1600036621094,4928300,0.0053906976794636,1
2025-05-27,META,632.8472662118028,640.4863756807556,630.1980211513535,639.7294311523438,9508400,0.0108749224465127,1
2025-05-27,AMZN,203.08999633789065,206.69000244140625,202.19000244140625,206.0200042724609,34892000,0.0144271406145259,1
2025-05-27,UNH,289.63197543903937,290.067160495781,279.6036543335829,285.2802429199219,20144600,-0.0150250417362271,-1
2025-05-27,JPM,255.8883093139594,259.0717566921421,255.83946524243132,259.06201171875,7506600,0.0124026862082888,1
2025-05-27,TSLA,347.3500061035156,363.7900085449219,347.32000732421875,362.8900146484375,120146400,0.0447387599592864,1
2025-05-27,AAPL,197.51641281084125,199.94677348688447,196.64984031499387,199.4188690185547,56288500,0.0096318892219625,1
2025-05-27,MSFT,452.8627373552784,457.2973170522405,452.5055743512772,457.0393676757813,20974300,0.0092227290434502,1
2025-05-23,JPM,250.78110131024332,255.83948797883488,249.9901193323848,254.58953857421875,6671800,0.0151863008977855,1
2025-05-23,META,621.4833495575277,629.8992820739184,620.1388185495641,624.531005859375,8454100,0.0049038422413361,1
2025-05-23,GOOGL,168.3752347830085,169.2715985296926,167.2099755896054,167.78762817382812,35211400,-0.0034898636366425,-1
2025-05-23,AMZN,198.8999938964844,202.3699951171875,197.8500061035156,200.9900054931641,33393500,0.0105078514872525,1
2025-05-23,UNH,286.3440181610712,289.8254102307649,282.0309757838797,285.8314819335937,16873600,-0.0017899316729889,-1
2025-05-23,MSFT,446.4142434023006,450.0948358464348,445.3527151156796,446.6126403808594,16883500,0.0004444234956454,1
2025-05-23,AAPL,192.90468385583864,196.91875752656549,192.69552221161257,194.4983673095703,78432900,0.0082615072992352,1
2025-05-23,TSLA,337.9200134277344,343.17999267578125,333.2099914550781,339.3399963378906,84654800,0.0042021272896875,1
2025-05-23,BRK-B,501.010009765625,505.5,500.25,503.4599914550781,3166800,0.0048900853110684,1
2025-05-22,BRK-B,505.1000061035156,507.3999938964844,502.6400146484375,503.5700073242188,3244800,-0.0030291006945331,-1
2025-05-22,TSLA,331.8999938964844,347.2699890136719,331.3900146484375,341.0400085449219,97113400,0.027538459826812,1
2025-05-22,JPM,253.34938661322357,256.142230922978,252.79276078606924,254.55052185058597,6514100,0.0047410228752442,1
2025-05-22,AMZN,201.3800048828125,205.75999450683597,200.16000366210935,203.1000061035156,38938900,0.0085410724947793,1
2025-05-22,META,631.4928293927045,640.655737445567,628.1663338378576,634.002685546875,8228400,0.003974480844991,1
2025-05-22,GOOGL,171.15395911169207,176.05402972868134,170.01857708088951,170.17791748046875,74864400,-0.005702711385054,-1
2025-05-22,AAPL,199.91690559460176,201.94883789272,198.9108868600604,200.5643310546875,46742400,0.0032384727952853,1
2025-05-22,UNH,284.20686091226094,295.59872966499546,282.8626447764148,286.895263671875,27159600,0.0094593168897636,1
2025-05-22,MSFT,451.3448676580097,456.6028569421555,450.3031699710194,451.2555541992188,18025600,-0.0001978829608817,-1
2025-05-21,BRK-B,507.4100036621094,510.0,505.3999938964844,507.0299987792969,3815800,-0.000748910900593,-1
2025-05-21,META,629.2418310050065,644.0020660016361,627.6283696820823,632.9368896484375,11464600,0.0058722393543502,1
2025-05-21,UNH,291.0825415950304,299.74731596517626,290.1831906590465,292.997314453125,45506900,0.0065781095891299,1
2025-05-21,JPM,258.144080433802,259.4135494924094,254.60906893720573,254.9117889404297,7464000,-0.0125212690832986,-1
2025-05-21,GOOGL,163.02698872286769,172.4387091879809,162.89751041479707,167.87725830078125,73416000,0.0297513290033137,1
2025-05-21,AMZN,201.6100006103516,203.4600067138672,200.05999755859372,201.1199951171875,42460900,-0.0024304622373921,-1
2025-05-21,AAPL,204.35927415345972,206.2218800326306,199.91690624087693,201.29144287109372,59211800,-0.0150119503755052,-1
2025-05-21,TSLA,344.42999267578125,347.3500061035156,332.20001220703125,334.6199951171875,102354800,-0.0284818330784221,-1
2025-05-21,MSFT,450.967885651573,454.1524403651085,448.22974686474834,448.9837341308594,19216900,-0.0043997623419389,-1
2025-05-20,AMZN,204.6300048828125,205.58999633789065,202.6499938964844,204.07000732421875,29470400,-0.0027366346343706,-1
2025-05-20,MSFT,451.9797952414424,454.7080036018212,450.719869916101,454.5393676757813,15441800,0.0056630240140968,1
2025-05-20,GOOGL,165.75588463789506,167.8175076045031,162.24018376555952,163.31581115722656,46607700,-0.0147208859944792,-1
2025-05-20,UNH,310.34626886892585,313.943702655314,302.28103108828424,310.9844970703125,41487000,0.0020565035426806,1
2025-05-20,JPM,256.3569915833818,260.3998140151978,256.1421551768437,259.4428100585937,8436300,0.0120371925733427,1
2025-05-20,META,633.4449476478025,636.7714432087338,629.7100715967877,634.530517578125,6743500,0.0017137557641806,1
2025-05-20,TSLA,347.8699951171875,354.989990234375,341.6300048828125,343.82000732421875,131715500,-0.0116422452347591,-1
2025-05-20,AAPL,206.84938410987283,207.64622592622175,204.2198167548668,206.04258728027344,42496600,-0.0039004072120942,-1
2025-05-20,BRK-B,511.1099853515625,512.0800170898438,506.5499877929688,508.739990234375,3737000,-0.0046369571816471,-1
2025-05-19,META,625.7161170201866,640.4066267313649,625.2679198203533,637.8469848632812,9592400,0.0193871749713988,1
2025-05-19,GOOGL,163.84367142462605,165.96504904182535,163.55485271284547,165.86544799804688,30426100,0.0123396683914698,1
2025-05-19,TSLA,336.29998779296875,343.0,333.3699951171875,342.0899963378906,88869900,0.0172167967739751,1
2025-05-19,AMZN,201.6499938964844,206.6199951171875,201.25999450683597,206.16000366210935,34314800,0.022365533856352,1
2025-05-19,JPM,259.3159059261038,262.0208961622138,255.78089422806747,258.6616516113281,12145000,-0.0025230010956679,-1
2025-05-19,MSFT,447.3070896149787,455.9480603525366,447.2277066057748,455.2337646484375,21336500,0.017720879497532,1
2025-05-19,BRK-B,513.6199951171875,513.7899780273438,510.1000061035156,512.3900146484375,3441500,-0.0023947285550465,-1
2025-05-19,UNH,294.72832482438486,305.86877887426573,287.45610694010406,305.4819641113281,62524700,0.0364866162536324,1
2025-05-19,AAPL,207.0884445111699,208.65223273202483,203.45285841572863,207.9550018310547,46140500,0.0041844793509858,1
2025-05-16,BRK-B,509.6300048828125,514.3300170898438,506.7999877929688,514.3099975585938,4997300,0.0091831184014712,1
2025-05-16,UNH,270.0878952104499,284.7870643040033,260.27232571627866,282.2920837402344,71094300,0.0451859885104257,1
2025-05-16,GOOGL,167.0506320085185,168.66408078965867,164.94917762065725,165.51687622070312,42846900,-0.0091813827303399,-1
2025-05-16,JPM,261.22009748379395,262.1575519192299,258.49558793581224,261.2786865234375,8932900,0.0002242899386682,1
2025-05-16,TSLA,346.239990234375,351.6199951171875,342.3299865722656,349.9800109863281,95895700,0.0108018162472262,1
2025-05-16,MSFT,448.4678177382938,450.7595102326154,445.17414935289,450.6702270507813,23849800,0.0049109640098472,1
2025-05-16,AMZN,206.8500061035156,206.8500061035156,204.3699951171875,205.58999633789065,43318500,-0.0060914175897797,-1
2025-05-16,META,635.3870402976211,637.8570186595293,623.6246741050281,637.7574462890625,18519000,0.0037306489448244,1
2025-05-16,AAPL,211.5208761877012,211.7300530759797,208.9411140237391,210.4252166748047,54737900,-0.0051799119436525,-1
2025-05-15,JPM,260.70254552918584,263.1926691597646,258.54443639594166,261.2103271484375,9214600,0.0019477432344242,1
2025-05-15,META,651.6412216753015,654.6589696292252,636.0045299274248,641.2831420898438,14341800,-0.0158953719330833,-1
2025-05-15,BRK-B,502.3800048828125,509.7799987792969,501.6199951171875,507.3299865722656,5040900,0.0098530627042128,1
2025-05-15,MSFT,447.1979616790238,452.5750254060464,446.860659567107,449.5392761230469,21992300,0.0052355212783897,1
2025-05-15,GOOGL,165.1682887318073,165.53680044166376,161.71234217984835,163.29591369628906,33146700,-0.0113361653734787,-1
2025-05-15,TSLA,340.3399963378906,346.1400146484375,334.7200012207031,342.82000732421875,97882600,0.0072868631750996,1
2025-05-15,AMZN,206.4499969482422,206.8800048828125,202.6699981689453,205.1699981689453,64347300,-0.0062000426167009,-1
2025-05-15,UNH,265.8425356339148,267.53487629484084,240.6798582598081,265.3106689453125,121849200,-0.0020006831763548,-1
2025-05-15,AAPL,210.116431917556,212.1184991665837,208.71199985896817,210.6144561767578,45029500,0.0023702299465909,1
2025-05-14,TSLA,342.5,350.0,337.0,347.67999267578125,136997300,0.0151240662066605,1
2025-05-14,GOOGL,159.3121190412647,166.32359816964652,158.9635305710967,164.7001953125,48755900,0.0338208813219017,1
2025-05-14,AMZN,211.4499969482422,211.92999267578125,208.8500061035156,210.25,38492100,-0.0056750861459502,-1
2025-05-14,MSFT,443.7741186799948,449.4779827199474,443.7741186799948,448.52734375,19902800,0.0107109109565552,1
2025-05-14,UNH,310.858779958236,312.2996775436098,296.9912326458149,297.8616027832031,40029600,-0.0418105519708306,-1
2025-05-14,BRK-B,511.8500061035156,511.8500061035156,502.7999877929688,503.3999938964844,6384100,-0.0165087664477283,-1
2025-05-14,META,658.5432587283299,659.9973314154452,651.671063189936,656.70068359375,12348200,-0.0027979561101847,-1
2025-05-14,AAPL,211.5905625216416,213.09460539099956,209.7478820292828,211.490966796875,49325800,-0.0004707002220688,-1
2025-05-14,JPM,256.82577133737385,260.38033243913924,256.13244775146745,259.40380859375,8643100,0.0100380785111692,1
2025-05-13,META,642.9364120582926,658.254386921773,640.2373808266427,653.3841552734375,18570800,0.0162500412469991,1
2025-05-13,MSFT,443.4176379697952,446.2794975271711,441.021200788799,444.764404296875,23618800,0.0030372412185631,1
2025-05-13,AMZN,211.0800018310547,214.83999633789065,210.1000061035156,211.3699951171875,56193700,0.0013738548589028,1
2025-05-13,GOOGL,158.1468266808066,159.919630909492,155.52748962665564,158.8838348388672,42382100,0.0046602778792906,1
2025-05-13,JPM,254.90201286940857,257.4800500721763,254.2770531179493,256.8355407714844,8589000,0.0075853771428097,1
2025-05-13,AAPL,209.598471364776,212.55673652410627,208.17412935394688,212.08859252929688,51909300,0.0118804357126593,1
2025-05-13,BRK-B,515.6400146484375,515.75,511.7999877929688,511.8800048828125,4504100,-0.0072919278155489,-1
2025-05-13,TSLA,320.0,337.5899963378906,316.79998779296875,334.07000732421875,136992600,0.0439687728881835,1
2025-05-13,UNH,324.6779740320687,330.73172797036256,298.9157284627641,301.12060546875,59478300,-0.0725561031158581,-1
2025-05-12,BRK-B,520.2999877929688,520.2999877929688,510.25,514.2999877929688,6368000,-0.0115318088425315,-1
2025-05-12,AMZN,210.7100067138672,211.66000366210935,205.75,208.63999938964844,75205000,-0.0098239630689666,-1
2025-05-12,UNH,368.4467099029239,374.4520928954405,364.4237711562354,366.2708435058594,11004800,-0.0059055118110236,-1
2025-05-12,JPM,256.7281061698435,257.4116847639064,252.62672400889196,253.94500732421875,9603900,-0.0108406472791239,-1
2025-05-12,AAPL,210.13634313336476,210.435160708662,205.9330174500644,209.95704650878903,63775800,-0.0008532394820532,-1
2025-05-12,META,628.3753866174048,637.8072242767122,618.5253206919152,636.85107421875,21965100,0.0134882552401844,1
2025-05-12,MSFT,441.5955462250109,444.9921230759706,435.4955548202822,444.8832092285156,22821900,0.0074449641342839,1
2025-05-12,TSLA,321.989990234375,322.2099914550781,311.5,318.3800048828125,112826700,-0.0112114831549105,-1
2025-05-12,GOOGL,156.85211913184455,158.45559870977985,155.61713606908535,157.8181915283203,44138800,0.0061591287502065,1
2025-05-09,UNH,372.9628715492052,373.8138523221996,366.0677876622856,368.0986022949219,8381100,-0.0130422345636662,-1
2025-05-09,JPM,248.52531868880288,249.5116024085881,246.41602360630893,247.1386566162109,5087600,-0.0055795605852468,-1
2025-05-09,META,601.2850913628599,604.5219836999701,589.3235802814015,590.1004028320312,10427300,-0.0186013069199465,-1
2025-05-09,TSLA,290.2099914550781,307.0400085449219,290.0,298.260009765625,132387800,0.0277385980757762,1
2025-05-09,MSFT,435.7133964534002,436.4461774951318,431.6335394854884,434.4557800292969,15324200,-0.002886338667436,-1
2025-05-09,AMZN,193.3800048828125,194.69000244140625,191.16000366210935,193.05999755859372,29663100,-0.0016548108187952,-1
2025-05-09,BRK-B,514.25,515.9099731445312,510.25,513.739990234375,3621400,-0.0009917545272241,-1
2025-05-09,AAPL,197.95407268173315,199.4859718922483,196.5017396407649,197.48654174804688,36453900,-0.0023618151794126,-1
2025-05-09,GOOGL,153.5455484927057,154.42198900650553,151.58352655875794,152.1313018798828,32435300,-0.0092105998949886,-1
2025-05-08,AMZN,191.42999267578125,194.3300018310547,188.82000732421875,192.0800018310547,41043600,0.0033955450041432,1
2025-05-08,META,603.8447803031055,608.8345844494372,594.2137969163823,595.5982055664062,14622800,-0.0136567790360956,-1
2025-05-08,BRK-B,520.97998046875,521.260009765625,513.0399780273438,513.25,5018600,-0.0148373848488285,-1
2025-05-08,MSFT,433.6635627109641,439.3476626606329,431.4156885314204,433.9012451171875,23491300,0.0005480801862567,1
2025-05-08,AAPL,196.68078271707188,198.99853803284543,193.65675249053749,196.45199584960935,50478900,-0.0011632395615977,-1
2025-05-08,JPM,245.66409623863075,249.87291137635128,245.6445615907317,247.5194854736328,8320100,0.007552545379687,1
2025-05-08,UNH,377.1502248509582,378.0399255461785,372.6727700237434,372.8468322753906,7218300,-0.0114102877103365,-1
2025-05-08,GOOGL,154.37217520033343,155.2984009569833,152.2806751349548,153.65509033203125,57498700,-0.0046451691658266,-1
2025-05-08,TSLA,279.6300048828125,289.79998779296875,279.4100036621094,284.82000732421875,97539400,0.0185602487243143,1
2025-05-07,MSFT,429.61342097536215,433.8517229596541,426.9100064238295,429.1282043457031,23295300,-0.0011294261444566,-1
2025-05-07,AAPL,198.12317194216024,198.3917570874617,192.2342889482049,195.2185211181641,68536700,-0.014660833437717,-1
2025-05-07,UNH,382.32392280385983,382.48830507783794,372.9918791347592,378.1752624511719,8517200,-0.0108511660014963,-1
2025-05-07,META,587.9790163444538,600.6477471780503,584.3038959778277,594.4030151367188,13139100,0.0109255579088583,1
2025-05-07,TSLA,276.8800048828125,277.9200134277344,271.0,276.2200012207031,71592600,-0.0023837173160579,-1
2025-05-07,JPM,243.98448584012093,246.5234388677099,242.9884273574648,243.5352783203125,8724100,-0.0018411314894128,-1
2025-05-07,AMZN,185.55999755859372,190.9900054931641,185.00999450683597,188.7100067138672,43948600,0.0169756908639685,1
2025-05-07,GOOGL,163.41541831659652,164.33169015930102,147.24119073545722,150.76686096191406,127490100,-0.0774012482113376,-1
2025-05-07,BRK-B,515.02001953125,520.25,513.0,518.219970703125,5573800,0.0062132558939892,1
2025-05-06,UNH,389.5284656255743,391.3852181259499,380.457544243186,381.5116271972656,7858600,-0.0205808795396603,-1
2025-05-06,JPM,244.13095242759528,246.71873456309945,243.1544286178849,243.3985595703125,6369900,-0.0029999999999999,-1
2025-05-06,META,590.140262710858,593.6261466616496,584.2142478367141,584.9412841796875,10600700,-0.0088097336509265,-1
2025-05-06,AMZN,184.57000732421875,187.92999267578125,183.8500061035156,185.00999450683597,29314100,0.0023838498410215,1
2025-05-06,GOOGL,161.51314352018753,164.13249581033162,160.53711717512775,162.56884765625,21277200,0.0065363357622379,1
2025-05-06,MSFT,427.9894209087166,433.46554517602334,426.9694566129341,429.0885925292969,15104200,0.0025682214720318,1
2025-05-06,AAPL,197.1682027308483,199.5953651908013,195.9844550154461,197.46661376953125,51216500,0.0015134846012179,1
2025-05-06,BRK-B,509.5700073242188,515.75,507.989990234375,512.3300170898438,6088600,0.0054163505032762,1
2025-05-06,TSLA,273.1099853515625,277.7300109863281,271.3500061035156,275.3500061035156,76715800,0.0082018998648828,1
2025-05-05,JPM,245.2832668790496,249.1698427426024,244.7071213522389,246.63087463378903,5450700,0.0054940875987435,1
2025-05-05,MSFT,428.652877068793,435.2182909345157,427.9002714913439,431.9207458496094,20136100,0.0076235783209077,1
2025-05-05,AMZN,186.50999450683597,188.17999267578125,185.52999877929688,186.3500061035156,35217500,-0.000857800697187,-1
2025-05-05,AAPL,202.03251395918383,203.02725796650907,197.1682163705072,197.8446350097656,69018500,-0.0207287375054111,-1
2025-05-05,TSLA,284.57000732421875,284.8500061035156,274.3999938964844,280.260009765625,94618900,-0.0151456493926404,-1
2025-05-05,META,588.8355666226496,600.7772617327329,585.6783683283057,596.8531494140625,13887700,0.0136159961216318,1
2025-05-05,GOOGL,162.33980079480253,164.72011996544808,162.06093609508568,163.54490661621094,21341800,0.0074233540728047,1
2025-05-05,BRK-B,520.0800170898438,521.1799926757812,502.7999877929688,512.1500244140625,16380200,-0.0152476396231377,-1
2025-05-05,UNH,385.96970201048,396.2011263775648,384.49011396641765,391.4722290039063,8157200,0.0142563702921864,1
2025-05-02,TSLA,284.8999938964844,294.7799987792969,279.8099975585937,287.2099914550781,114454700,0.0081080997124663,1
2025-05-02,GOOGL,162.7481319399907,164.3018109241553,161.21436100650547,163.36561584472656,25715000,0.0037941074799158,1
2025-05-02,JPM,245.3613764412092,247.66597331622904,243.60364543700763,246.58203125,7165000,0.0049749264798539,1
2025-05-02,META,581.1068737819331,601.9026676753685,575.9975586829169,594.6121826171875,24739300,0.0232406626811342,1
2025-05-02,AMZN,191.44000244140625,192.8800048828125,186.3999938964844,189.97999572753903,77903500,-0.0076264453366482,-1
2025-05-02,AAPL,205.0067917796952,205.9020705063368,201.09745506032,204.27069091796875,101010600,-0.0035906169514494,-1
2025-05-02,BRK-B,536.75,542.0700073242188,535.260009765625,539.7999877929688,4945600,0.0056823247190847,1
2025-05-02,MSFT,427.533877248033,435.1588741169636,425.8009261614823,431.0393981933594,30757400,0.0081993992333212,1
2025-05-02,UNH,386.7820385097342,388.7548324902311,380.15772762583055,386.7433776855469,11392900,-9.99550660012328e-05,-1
2025-05-01,TSLA,280.010009765625,290.8699951171875,279.8099975585937,280.5199890136719,99659000,0.0018212893477406,1
2025-05-01,META,589.6921415778174,590.558627980007,568.1991573093333,569.9022827148438,31159000,-0.0335596448852492,-1
2025-05-01,GOOGL,159.80010427349828,161.29402861733962,158.2663486338276,160.64666748046875,30203200,0.0052976386393439,1
2025-05-01,BRK-B,531.0,533.27001953125,528.2999877929688,530.22998046875,4693100,-0.0014501309439736,-1
2025-05-01,JPM,237.13906921679697,242.6173690978156,236.4847999672637,241.093994140625,8689600,0.0166776606524181,1
2025-05-01,AMZN,190.6300048828125,191.80999755859372,187.5,190.1999969482422,74266000,-0.0022557201046847,-1
2025-05-01,AAPL,207.98108655162656,213.4322796630213,207.8020247308308,212.1988067626953,57365700,0.0202793450164123,1
2025-05-01,UNH,397.76774715672656,398.41565532569706,386.6853124556182,387.4783020019531,9316800,-0.02586797252498,-1
2025-05-01,MSFT,426.9100091091665,432.7327295827746,420.76051687113977,421.2556457519531,58938100,-0.0132448601264053,-1
2025-04-30,BRK-B,531.510009765625,535.719970703125,524.0,533.25,5251600,0.0032736735007912,1
2025-04-30,AMZN,182.1699981689453,185.0500030517578,178.85000610351562,184.4199981689453,55176500,0.0123511007444449,1
2025-04-30,TSLA,279.8999938964844,284.45001220703125,270.7799987792969,282.1600036621094,128961100,0.0080743473201389,1
2025-04-30,GOOGL,157.34011335090173,158.62489684356424,154.7705615625615,158.15679931640625,34981100,0.0051905769489509,1
2025-04-30,UNH,395.5532210563757,399.64386104791527,387.78779580221607,397.8838195800781,9192800,0.0058919973334517,1
2025-04-30,MSFT,386.4976013857663,392.7956566127169,380.6947052715702,391.4093017578125,36461100,0.0127082298944044,1
2025-04-30,JPM,235.5473383583833,239.46319386448343,232.8325881861533,238.8772735595703,12991700,0.0141370105236362,1
2025-04-30,META,536.2286028212618,546.8854000110363,527.3644731031741,546.7858276367188,29244000,0.0196879181004373,1
2025-04-30,AAPL,208.1999396453228,212.45744310704663,205.58375784941015,211.38311767578125,52286500,0.0152890439636107,1
2025-04-29,AAPL,207.59312493762445,211.12446912484504,207.27479957627347,210.09988403320312,36827600,0.0120753473716043,1
2025-04-29,UNH,407.31251222308106,407.8540588198841,395.62086058697855,395.74658203125,9909100,-0.0283957154390005,-1
2025-04-29,MSFT,387.48784509297593,391.2508426713115,386.5768248872523,390.201171875,14974000,0.0070023532773602,1
2025-04-29,JPM,236.504327615874,239.49248838967188,236.0160656619705,238.8772735595703,7216800,0.0100334144732879,1
2025-04-29,GOOGL,159.6706470871033,160.088944095257,156.88198516909392,159.51129150390625,26809000,-0.0009980267889195,-1
2025-04-29,BRK-B,531.0,535.3400268554688,528.2899780273438,534.5700073242188,3177700,0.0067231776350635,1
2025-04-29,TSLA,285.5,293.32000732421875,279.4700012207031,292.0299987792969,108906600,0.022872149839919,1
2025-04-29,AMZN,183.9900054931641,188.0200042724609,183.67999267578125,187.38999938964844,41667300,0.01847923145266,1
2025-04-29,META,543.7979549633997,554.3253329246786,541.9255322333729,552.2039184570312,11835000,0.0154578799293155,1
2025-04-28,MSFT,388.1414373128656,388.9138371850431,382.8732888048125,387.3492431640625,16579400,-0.0020409934952772,-1
2025-04-28,BRK-B,533.6300048828125,536.8200073242188,526.5800170898438,530.9400024414062,4238700,-0.0050409505027682,-1
2025-04-28,GOOGL,161.7720931027873,162.48917806099573,157.9576193461597,159.95947265625,29745800,-0.011204778350649,-1
2025-04-28,UNH,405.92001072111583,410.1460225491562,401.85838117946736,406.1617736816406,6614300,0.0005955926146516,1
2025-04-28,AAPL,208.8962283982374,210.38834431536768,206.36958545714225,209.03549194335935,38743100,0.0006666637602306,1
2025-04-28,TSLA,288.9800109863281,294.8599853515625,272.4200134277344,285.8800048828125,151731800,-0.0107274066913309,-1
2025-04-28,AMZN,190.1100006103516,190.22000122070312,184.88999938964844,187.6999969482422,33224700,-0.0126768905074536,-1
2025-04-28,JPM,238.81865487510095,241.04512791658067,235.18598519677712,237.51011657714844,7394300,-0.0054792130817288,-1
2025-04-28,META,553.3990561017924,556.2375374162976,538.409766598872,547.5228271484375,15179000,-0.0106184296640254,-1
2025-04-25,AAPL,205.28532955589748,208.6475693809006,205.11622488486225,208.18003845214844,38222300,0.0141009048357873,1
2025-04-25,TSLA,261.69000244140625,286.8500061035156,259.6300048828125,284.95001220703125,167560700,0.0888838302901274,1
2025-04-25,AMZN,187.6199951171875,189.94000244140625,185.4900054931641,188.9900054931641,36414300,0.00730204888408,1
2025-04-25,META,544.5946691393716,547.6423253119987,534.0872308807745,545.0628051757812,17098900,0.0008596045149495,1
2025-04-25,BRK-B,531.75,532.4400024414062,526.7899780273438,530.9600219726562,2742800,-0.0014856192333685,-1
2025-04-25,GOOGL,164.40140465983956,165.4272315126956,160.3877138664607,161.3040008544922,56034000,-0.0188404947740936,-1
2025-04-25,UNH,409.6044356866904,409.6044356866904,398.44465026052194,404.8465576171875,9263800,-0.0116157874646215,-1
2025-04-25,JPM,238.9065801321381,239.8538095625228,236.0746666169213,237.83241271972656,8588600,-0.0044961817787414,-1
2025-04-25,MSFT,383.2297451406492,388.33947870229,380.8531326101871,388.0325012207031,18973200,0.0125323155129601,1
2025-04-24,BRK-B,526.8099975585938,533.1300048828125,523.1599731445312,531.6400146484375,3173400,0.0091684233636939,1
2025-04-24,GOOGL,155.51752994672043,158.94359913409957,155.1589874690415,158.63485717773438,45894000,0.0200448607438783,1
2025-04-24,MSFT,372.0398589139721,384.6656455709585,371.53481777720657,383.5268249511719,22232300,0.0308756327097089,1
2025-04-24,UNH,413.4823475930364,415.7355653147137,409.6914915298636,410.271728515625,7629100,-0.0077648274372558,-1
2025-04-24,TSLA,250.5,259.5400085449219,249.1999969482422,259.510009765625,94464200,0.0359681028567864,1
2025-04-24,AAPL,203.81309077731203,207.7323844355936,201.87334307751465,207.27479553222656,47311000,0.0169847027083104,1
2025-04-24,AMZN,180.9199981689453,186.7400054931641,180.17999267578125,186.5399932861328,43763200,0.0310634267856861,1
2025-04-24,META,516.6379293508005,531.746792125581,515.4129094243589,530.9998168945312,13910000,0.0277987478808953,1
2025-04-24,JPM,234.1118287364866,239.7073061190241,232.0025336842332,238.89678955078125,9055200,0.0204387827822256,1
2025-04-23,AAPL,204.9172632087338,206.9067512010516,201.7340854567431,203.52462768554688,52929200,-0.0067960868761376,-1
2025-04-23,AMZN,183.4499969482422,187.3800048828125,180.19000244140625,180.6000061035156,63470100,-0.0155355186270766,-1
2025-04-23,JPM,234.58055782870665,240.99631170351697,234.36572139205157,235.22506713867188,14126800,0.0027474967061671,1
2025-04-23,GOOGL,154.97972084901838,156.89194229421238,153.1870084950911,154.7207794189453,31128800,-0.0016708084687113,-1
2025-04-23,MSFT,372.396358924379,376.6841922722663,369.38596664501534,370.7426452636719,20545500,-0.0044407353108491,-1
2025-04-23,UNH,412.9988058251146,424.39067447670425,409.7881868710376,413.8594665527344,8345700,0.0020839303055616,1
2025-04-23,TSLA,254.8600006103516,259.45001220703125,244.42999267578125,250.7400054931641,150381900,-0.0161657188547466,-1
2025-04-23,BRK-B,527.5,532.27001953125,523.8900146484375,526.8099975585938,4294500,-0.0013080615002962,-1
2025-04-23,META,526.3984497963002,533.1809824042,514.4368768066369,518.1717529296875,18173900,-0.0156282695547377,-1
2025-04-22,AAPL,195.08918671811185,200.5304375648519,194.9399811908512,198.69017028808597,52976400,0.0184581402513982,1
2025-04-22,AMZN,169.85000610351562,176.77999877929688,169.35000610351562,173.17999267578125,56607200,0.0196054545340207,1
2025-04-22,MSFT,359.8398792058524,364.18709517298703,356.3541524572501,363.2463684082031,19485000,0.0094666805965717,1
2025-04-22,UNH,410.64884301746,417.2828034323024,403.3765954349208,413.1051330566406,10156900,0.0059814853516492,1
2025-04-22,GOOGL,148.2869392297591,151.5735760354548,147.93835078181212,150.8564910888672,26971800,0.0173282412628853,1
2025-04-22,BRK-B,514.22998046875,522.219970703125,511.6499938964844,520.7899780273438,4768500,0.0127569332939591,1
2025-04-22,JPM,226.53399818903708,230.44986835764868,225.9383180454656,230.0592498779297,10701400,0.0155616892699296,1
2025-04-22,META,489.886213659528,504.8356859267328,484.3984265448332,498.2622985839844,17399400,0.0170980213178193,1
2025-04-22,TSLA,230.9600067138672,242.7899932861328,229.8500061035156,237.97000122070312,120858500,0.0303515513641308,1
2025-04-21,AMZN,169.60000610351562,169.60000610351562,165.2899932861328,167.32000732421875,48126100,-0.0134433885450763,-1
2025-04-21,AAPL,192.254167314604,192.78138039340035,188.81234657174457,192.14474487304688,46742500,-0.0005691551090178,-1
2025-04-21,BRK-B,517.530029296875,518.6699829101562,498.0799865722656,506.9200134277344,4908400,-0.0205012564846827,-1
2025-04-21,GOOGL,148.2769899279801,148.346698501599,145.50825109483685,147.07188415527344,26049100,-0.0081273957158963,-1
2025-04-21,JPM,225.21571062759392,226.36800167119196,221.02641477455012,223.6142120361328,8716200,-0.0071109541470189,-1
2025-04-21,UNH,434.9412296376013,438.5579939475705,410.8132752771096,411.3161315917969,13029900,-0.0543179088022747,-1
2025-04-21,TSLA,230.25999450683597,232.2100067138672,222.7899932861328,227.5,97768000,-0.0119864265294855,-1
2025-04-21,MSFT,359.2853342749941,360.9291658129438,352.20499720618693,355.6213684082031,20807300,-0.010197927711646,-1
2025-04-21,META,489.3483735420339,491.50963495584347,477.8648771062618,482.7052917480469,16166000,-0.01357536297894,-1
2025-04-17,GOOGL,153.66505665607545,154.0534763910807,147.8985151753075,150.54774475097656,33046600,-0.0202864071568065,-1
2025-04-17,BRK-B,518.9000244140625,523.8800048828125,514.5700073242188,518.2100219726562,5322200,-0.0013297406223586,-1
2025-04-17,JPM,225.3817093397388,228.83859723978307,225.13757837531108,226.5144805908203,9557900,0.0050260123343639,1
2025-04-17,TSLA,243.47000122070312,244.33999633789065,237.67999267578125,241.3699951171875,83404800,-0.0086253176694733,-1
2025-04-17,META,503.21224251554713,505.2539623659762,496.0014523688267,499.45745849609375,14593500,-0.0074616309028637,-1
2025-04-17,MSFT,370.10883089247193,370.6732850580017,363.3156772913849,364.1969909667969,21120200,-0.0159732474132524,-1
2025-04-17,AAPL,196.16351652823,197.7849541282245,193.39812938355277,195.94467163085935,52164700,-0.0011156248687004,-1
2025-04-17,AMZN,176.0,176.2100067138672,172.0,172.61000061035156,44726500,-0.019261360168457,-1
2025-04-17,UNH,466.0706044571447,473.65228666399736,432.36884494142254,439.1478576660156,29120200,-0.0577653826129783,-1
2025-04-16,MSFT,376.9614172312142,377.8922316795949,364.4148386997168,367.9896545410156,21967800,-0.0238002147702443,-1
2025-04-16,META,506.459094542153,511.29947867102186,493.6310371089192,500.2840881347656,18735100,-0.0121925076949594,-1
2025-04-16,AAPL,197.31741584829123,199.64511311117852,191.35889396287376,193.24891662597656,59732400,-0.0206190579013195,-1
2025-04-16,UNH,566.0347188283376,575.2120301909794,563.7524909389863,565.763916015625,4192100,-0.0004784208524756,-1
2025-04-16,AMZN,176.2899932861328,179.10000610351562,171.41000366210938,174.3300018310547,51875300,-0.0111179960844226,-1
2025-04-16,TSLA,247.6100006103516,251.97000122070312,233.88999938964844,241.5500030517578,112378700,-0.0244739612441178,-1
2025-04-16,GOOGL,152.47988970477897,155.25858239966342,150.89631829246227,152.70895385742188,28187400,0.0015022581212932,1
2025-04-16,BRK-B,529.2999877929688,530.1300048828125,512.8900146484375,516.4500122070312,5889300,-0.0242773018747237,-1
2025-04-16,JPM,226.5535417622376,228.09645129161805,222.57908239025485,224.2196502685547,9322300,-0.0103017215071053,-1
2025-04-15,JPM,230.5572900044825,233.04741393456663,227.3542929260278,227.65701293945312,10912900,-0.0125794203469904,-1
2025-04-15,META,529.9639426413264,535.7704467995947,515.41288054515,519.4166870117188,15558700,-0.0199018362967118,-1
2025-04-15,UNH,572.726779513435,573.3263469398769,562.8338579529812,564.36181640625,3871300,-0.0146055037173073,-1
2025-04-15,TSLA,249.91000366210935,258.75,247.5399932861328,254.1100006103516,79594300,0.0168060377203658,1
2025-04-15,AMZN,181.41000366210935,182.3500061035156,177.92999267578125,179.58999633789062,43642000,-0.0100325631854826,-1
2025-04-15,AAPL,200.7990333068026,202.4403549077855,198.7498630049633,201.0775604248047,51343900,0.0013870939188064,1
2025-04-15,BRK-B,532.6199951171875,535.9199829101562,527.3599853515625,528.1699829101562,4329200,-0.0083549477072338,-1
2025-04-15,MSFT,384.7250528209778,388.0721288920929,380.4174255118224,381.9721374511719,17199900,-0.0071555396499923,-1
2025-04-15,GOOGL,158.4854650554691,159.0033479067655,154.5813444386225,155.6768798828125,27551500,-0.0177214053772918,-1
2025-04-14,TSLA,258.3599853515625,261.79998779296875,245.92999267578125,252.3500061035156,100135200,-0.02326203587552,-1
2025-04-14,META,553.9268489865372,555.520432371149,526.149380590007,529.33642578125,14130900,-0.0443929072047648,-1
2025-04-14,AAPL,210.32866545443892,211.82078139531484,200.10269875392328,201.4555511474609,101352900,-0.0421868996687001,-1
2025-04-14,UNH,575.3957387467406,576.0049860155808,560.2033358918093,567.7173461914062,4839300,-0.0133445419183299,-1
2025-04-14,MSFT,389.38915847164185,390.8052198187617,380.4669263634922,384.0318603515625,19251200,-0.0137582107861113,-1
2025-04-14,JPM,231.5338024681032,234.1508791397056,228.14526363842643,229.2096710205078,13017800,-0.0100379790027226,-1
2025-04-14,GOOGL,159.35194610703772,161.06498074344722,156.92182649738766,158.42572021484375,30333000,-0.0058124542236328,-1
2025-04-14,AMZN,186.83999633789065,187.44000244140625,179.22999572753906,182.1199951171875,48002500,-0.02526226350469,-1
2025-04-14,BRK-B,531.0,536.52001953125,526.97998046875,529.52001953125,5512100,-0.0027871571916195,-1
2025-04-11,META,533.3501954996136,545.1922554454453,526.4581222037267,541.377685546875,17642300,0.0150510679755946,1
2025-04-11,UNH,569.5161812822527,586.3815685678087,567.2049721285886,579.7185668945312,6121500,0.0179141277238306,1
2025-04-11,JPM,220.9971025358475,232.97905393688652,219.7178587202785,230.6549224853516,20284500,0.0437011157100464,1
2025-04-11,BRK-B,515.0,526.5800170898438,510.7699890136719,524.1099853515625,6231000,0.0176892919447815,1
2025-04-11,TSLA,251.83999633789065,257.739990234375,241.3600006103516,252.30999755859372,128948100,0.0018662691690661,1
2025-04-11,GOOGL,152.28070771093053,157.03139218045564,152.2010451058409,156.5035400390625,33636200,0.0277305798719299,1
2025-04-11,AMZN,179.92999267578125,185.8600006103516,178.0,184.8699951171875,50594300,0.0274551361223457,1
2025-04-11,AAPL,185.1218672695082,198.491214081568,185.0820690088969,197.1085205078125,87435900,0.0647500666188376,1
2025-04-11,MSFT,376.93176841990726,386.2500683401823,375.1988171553271,384.6656799316406,23839200,0.0205180676177914,1
2025-04-10,UNH,561.1220666878378,582.0490795567398,560.8899837246436,574.8155517578125,8646000,0.024403754339593,1
2025-04-10,MSFT,378.3379012524662,380.15997201946135,364.21681503291546,377.63482666015625,38024400,-0.0018583245029971,-1
2025-04-10,TSLA,260.0,262.489990234375,239.3300018310547,252.3999938964844,181722600,-0.0292307927058293,-1
2025-04-10,BRK-B,518.2999877929688,521.4099731445312,498.6099853515625,515.8099975585938,7475900,-0.0048041487420787,-1
2025-04-10,AMZN,185.44000244140625,186.8699951171875,175.85000610351562,181.22000122070312,68302000,-0.0227566930821009,-1
2025-04-10,GOOGL,155.90595330498695,157.0811818078422,149.322725435418,152.20103454589844,48022000,-0.0237638055542424,-1
2025-04-10,META,573.1689763297147,578.9555415344041,533.141064552052,544.0867309570312,28173500,-0.0507393920007874,-1
2025-04-10,JPM,224.60047349209523,224.9422627815506,214.9328938541855,221.7783203125,18896400,-0.0125652147376018,-1
2025-04-10,AAPL,188.0762635840202,193.7562435722064,182.0381599544528,189.41915893554688,121880000,0.0071401639204021,1
2025-04-09,JPM,207.5113154920403,231.9048767833682,206.04652973562588,228.83859252929688,24022400,0.1027764533547793,1
2025-04-09,BRK-B,490.0,523.9299926757812,485.55999755859375,521.4099731445312,10153700,0.0641019860092474,1
2025-04-09,AMZN,172.1199951171875,192.6499938964844,169.92999267578125,191.1000061035156,116804300,0.1102719702809986,1
2025-04-09,GOOGL,143.8350268763634,158.9037478744973,143.32709809553256,158.06715393066406,70406200,0.0989475746163985,1
2025-04-09,AAPL,171.04623198001363,199.55559936553783,170.98654976711688,197.8048553466797,184395900,0.1564408818417744,1
2025-04-09,META,507.21603593950647,585.5189766353849,500.0849095170737,583.4075317382812,39216600,0.1502150768116917,1
2025-04-09,UNH,541.6843966609358,569.9803411064214,536.1915496491932,559.439453125,12691900,0.0327774928971746,1
2025-04-09,TSLA,224.69000244140625,274.69000244140625,223.8800048828125,272.20001220703125,219433400,0.2114469235364153,1
2025-04-09,MSFT,350.0957251156184,389.39905670107095,349.66000929830324,386.6857299804688,50199700,0.1045142863505876,1
2025-04-08,JPM,218.27259368729497,222.49116855668552,208.243690560588,211.77870178222656,19485700,-0.0297512930751708,-1
2025-04-08,UNH,562.9884325382723,565.7348851460388,529.4221081393664,534.85693359375,11762300,-0.0499681650965535,-1
2025-04-08,MSFT,364.6723484414274,370.00982228854286,346.8377957272636,351.1058044433594,35868900,-0.0372020090254993,-1
2025-04-08,META,541.0589972717423,545.2221314563009,500.8318811641039,508.3912963867188,28034200,-0.0603773360201909,-1
2025-04-08,GOOGL,150.60750263275938,151.62337549950988,142.45067281990836,144.11390686035156,52200200,-0.0431160178536508,-1
2025-04-08,BRK-B,509.0299987792969,516.0,484.1900024414063,492.6400146484375,9470100,-0.0321984640790604,-1
2025-04-08,AAPL,185.71872345097177,189.3395914266431,168.32065857366717,171.51377868652344,120859500,-0.0764863364366076,-1
2025-04-08,AMZN,185.22999572753903,185.8999938964844,168.57000732421875,170.66000366210938,87710400,-0.0786589235085939,-1
2025-04-08,TSLA,245.0,250.44000244140625,217.8000030517578,221.8600006103516,171603500,-0.0944489771006058,-1
2025-04-07,AAPL,176.26863687444822,193.12954493623215,173.70219548773406,180.5062561035156,160466300,0.024040687578958,1
2025-04-07,MSFT,347.4616469003483,367.3856281525139,341.43098078163547,354.3736267089844,50425000,0.0198927849168298,1
2025-04-07,AMZN,162.0,183.41000366210935,161.3800048828125,175.25999450683594,109327100,0.0818518179434317,1
2025-04-07,BRK-B,467.4200134277344,505.8500061035156,462.1000061035156,490.3800048828125,12749700,0.049120685455262,1
2025-04-07,META,483.1434877724898,537.1945936136326,479.9563819403582,514.1678466796875,36606100,0.0642135508236569,1
2025-04-07,JPM,200.9393316199066,216.8371398794296,197.4140796651513,209.40579223632807,22914400,0.0421344121539955,1
2025-04-07,UNH,496.4843757291118,511.7637810717049,486.99757122254414,507.41204833984375,7356700,0.0220101037312284,1
2025-04-07,TSLA,223.77999877929688,252.0,214.25,233.2899932861328,183453800,0.0424970710461714,1
2025-04-07,GOOGL,140.9766740613606,152.23090799124293,139.96080117715204,146.15560913085938,76794100,0.0367361132895263,1
2025-04-04,MSFT,360.5825957415241,370.9406843904396,355.9779027832599,356.3343811035156,49209900,-0.0117815299134783,-1
2025-04-04,META,504.5767280238223,515.9108358048159,492.2068365877987,502.6943664550781,38589800,-0.0037305754788106,-1
2025-04-04,AAPL,192.8709112290044,198.82943318150367,186.3553350717911,187.38987731933597,125910900,-0.0284181470121254,-1
2025-04-04,AMZN,167.14999389648438,178.13999938964844,166.0,171.0,123159400,0.0230332410655062,1
2025-04-04,TSLA,255.3800048828125,261.0,236.0,239.42999267578125,181229400,-0.0624559946043947,-1
2025-04-04,UNH,522.826850403371,533.5611007694373,507.54744519770713,507.75048828125,9919000,-0.0288362430324482,-1
2025-04-04,JPM,210.2553432331429,212.58923458837728,204.02511643608108,205.3434295654297,27170700,-0.0233616591720411,-1
2025-04-04,BRK-B,519.0,521.0,492.9800109863281,493.5400085449219,12605000,-0.0490558602217304,-1
2025-04-04,GOOGL,147.41051168463707,150.4581305746649,144.7911742710094,145.01028442382812,62259500,-0.0162826058561134,-1
2025-04-03,AAPL,204.45969456936825,206.39945769712665,200.19224908119847,202.1220550537109,103419000,-0.0114332534858806,-1
2025-04-03,TSLA,265.2900085449219,276.29998779296875,261.510009765625,267.2799987792969,136174300,0.0075011880217043,1
2025-04-03,BRK-B,527.6199951171875,538.7999877929688,525.1400146484375,530.1599731445312,6410900,0.0048140291324243,1
2025-04-03,AMZN,183.0,184.1300048828125,176.9199981689453,178.41000366210938,95553600,-0.0250819472015881,-1
2025-04-03,JPM,227.36974842028587,228.21411845193424,220.6050436132751,221.9541015625,17188500,-0.0238186781461147,-1
2025-04-03,MSFT,371.13872318254886,373.80251903809335,365.7517184220645,369.4750671386719,30198000,-0.0044825719871291,-1
2025-04-03,META,544.0169200737723,550.3313759122457,528.1611466950332,529.475830078125,34777500,-0.0267291134872706,-1
2025-04-03,UNH,512.5277207867093,530.4278571887576,511.85077279221247,522.6334228515625,6457900,0.0197173765534893,1
2025-04-03,GOOGL,150.49794733089453,152.16118136873095,149.78086239042807,150.10952758789062,46883400,-0.0025808972806114,-1
2025-04-02,BRK-B,532.1300048828125,539.0,530.8200073242188,537.719970703125,4079000,0.0105048874692633,1
2025-04-02,AAPL,220.15675729790527,224.00641185945875,219.8583310514353,222.71324157714844,35905900,0.0116121090745529,1
2025-04-02,MSFT,374.2877261088344,381.3284442645314,372.95087209109226,378.4171142578125,16092600,0.0110326571269327,1
2025-04-02,UNH,505.71969337619146,507.70213753698187,499.77230186966926,505.9614562988281,2378900,0.0004780571644791,1
2025-04-02,JPM,234.48387014274496,239.9674479641913,234.34799432373396,238.5795745849609,7758800,0.0174668920285334,1
2025-04-02,GOOGL,154.52158638151343,157.7683920561543,154.07341206604673,156.4039306640625,25041700,0.0121817561327746,1
2025-04-02,AMZN,187.66000366210935,198.33999633789065,187.66000366210935,196.00999450683597,53679200,0.0444953143012887,1
2025-04-02,TSLA,254.6000061035156,284.989990234375,251.2700042724609,282.760009765625,212787800,0.1106048821171671,1
2025-04-02,META,572.5913101802249,590.2697228543149,571.0475736256388,581.574951171875,13470800,0.015689446961433,1
2025-04-01,JPM,235.47379373127083,238.45337614807625,233.78505368597595,236.4831695556641,8054700,0.0042865739256962,1
2025-04-01,GOOGL,152.99776917438965,157.45963422172338,152.99776917438965,156.43380737304688,30672900,0.0224580934558645,1
2025-04-01,AMZN,187.8600006103516,193.92999267578125,187.1999969482422,192.1699981689453,41267300,0.0229426037719083,1
2025-04-01,META,568.5377653967017,587.5308004666896,567.7011264631773,583.6365966796875,12836600,0.0265573057797672,1
2025-04-01,MSFT,371.0000917512926,379.12021808448793,369.59394254927554,378.4666442871094,19689500,0.0201254735560069,1
2025-04-01,UNH,508.4177957091673,510.76772446246486,503.7856389103821,505.8841247558594,2962500,-0.0049834427014377,-1
2025-04-01,BRK-B,531.8800048828125,536.4099731445312,527.5,532.989990234375,4130600,0.0020869093430332,1
2025-04-01,AAPL,218.6546823259,222.50433685640357,217.749461617725,222.0169219970703,36412700,0.0153769388124009,1
2025-04-01,TSLA,263.79998779296875,277.45001220703125,259.25,268.4599914550781,146486900,0.0176649123493006,1
2025-03-31,META,561.2273418254761,576.3660506926756,551.0684674021583,574.0354614257812,21124700,0.0228216244038375,1
2025-03-31,UNH,502.07397415031966,510.719420080424,501.50344661036087,506.493408203125,5238700,0.0088023563863961,1
2025-03-31,TSLA,249.30999755859372,260.5599975585937,243.3600006103516,259.1600036621094,134008900,0.0395090698326313,1
2025-03-31,GOOGL,152.489854834344,154.91000524190235,150.04978117819655,154.01365661621094,54603500,0.0099928076102001,1
2025-03-31,AMZN,188.19000244140625,191.3300018310547,184.3999938964844,190.25999450683597,63547600,0.010999479454676,1
2025-03-31,AAPL,215.86937928840504,224.4341253115235,215.09348022110552,220.9624786376953,65299300,0.0235934312039958,1
2025-03-31,BRK-B,521.4000244140625,536.52001953125,519.0,532.5800170898438,7139300,0.0214422557581294,1
2025-03-31,MSFT,368.9106086577597,373.396474789069,363.6622247634287,371.73284912109375,35184700,0.0076502014230559,1
2025-03-31,JPM,232.3583610162248,238.61837812715723,230.36873927152533,238.0748748779297,13603000,0.0246021440188492,1
2025-03-28,JPM,239.6665652294854,242.16086005777964,234.00828183952703,235.6970367431641,11978400,-0.016562712794421,-1
2025-03-28,AMZN,198.4199981689453,199.25999450683597,191.8800048828125,192.72000122070312,52548200,-0.0287269277333069,-1
2025-03-28,UNH,499.840053544976,503.8146222326559,498.0800122057926,499.0373840332031,2379100,-0.0016058527244467,-1
2025-03-28,MSFT,384.2992097422753,385.3389984995421,373.2578420054409,375.109619140625,21632000,-0.0239125930230592,-1
2025-03-28,AAPL,220.504904155295,222.6336557419088,216.5358700680628,216.7547149658203,39818600,-0.0170072824631308,-1
2025-03-28,TSLA,275.5799865722656,276.1000061035156,260.57000732421875,263.54998779296875,123809400,-0.0436533832842111,-1
2025-03-28,BRK-B,535.3499755859375,536.0,524.6799926757812,526.3099975585938,5321400,-0.0168861089746936,-1
2025-03-28,GOOGL,159.8399478606563,161.16456257842086,153.00773337780885,153.70489501953125,48669300,-0.0383824752400033,-1
2025-03-28,META,597.8888875675808,599.3230823357646,571.605306475786,574.4139404296875,17602800,-0.0392630597859035,-1
2025-03-27,AAPL,220.22636977863215,223.80745418869532,219.40073045135125,222.67344665527344,37094800,0.0111116433472568,1
2025-03-27,AMZN,200.88999938964844,203.7899932861328,199.27999877929688,201.3600006103516,27317700,0.0023395949132913,1
2025-03-27,MSFT,386.3292739557081,388.41870337339975,383.62585932715103,386.7748718261719,13766800,0.0011534147177126,1
2025-03-27,JPM,242.1802864537628,243.25759285817855,239.8994979549784,240.8118133544922,8022500,-0.0056506378752339,-1
2025-03-27,BRK-B,533.25,537.3800048828125,529.3499755859375,534.52001953125,5154600,0.0023816587552742,1
2025-03-27,META,599.5720414465346,611.7726353131792,597.67968012305,600.1497192382812,10436500,0.0009634835379463,1
2025-03-27,UNH,499.2791318594674,503.91134756474935,496.04921203499697,498.7279052734375,2822200,-0.0011040449136678,-1
2025-03-27,TSLA,272.4800109863281,291.8500061035156,271.82000732421875,273.1300048828125,162572100,0.0023854736871578,1
2025-03-27,GOOGL,163.96318944763345,164.74998295425303,161.3438371056606,161.58287048339844,24508300,-0.0145173985225215,-1
2025-03-26,MSFT,391.1518329523951,391.45881045430576,384.7844825194778,386.17083740234375,16108400,-0.0127341741248021,-1
2025-03-26,META,622.3697410659778,624.2222248223229,604.163437823038,608.5158081054688,12609800,-0.0222599719208398,-1
2025-03-26,GOOGL,168.31547745607713,168.9230073021116,164.17232359449744,164.3914337158203,28901600,-0.0233136239136464,-1
2025-03-26,UNH,498.2250654991596,505.7197164427369,495.9524585082278,501.126220703125,3253800,0.0058229812284911,1
2025-03-26,TSLA,282.6600036621094,284.8999938964844,266.510009765625,272.0599975585937,153629800,-0.0375009055621,-1
2025-03-26,AAPL,222.3352199198642,223.8372930332484,219.31120492080973,220.3656311035156,34466100,-0.0088586451442936,-1
2025-03-26,BRK-B,531.0,537.6300048828125,530.97998046875,533.2100219726562,5004400,0.0041619999485051,1
2025-03-26,JPM,245.1598723967236,247.16889448049588,242.4229261613384,243.6361083984375,12779300,-0.0062153890985076,-1
2025-03-26,AMZN,205.83999633789065,206.00999450683597,199.92999267578125,201.1300048828125,32855300,-0.0228818088752128,-1
2025-03-25,BRK-B,527.1799926757812,533.2899780273438,525.8800048828125,528.8699951171875,3964800,0.0032057408567961,1
2025-03-25,TSLA,283.6000061035156,288.20001220703125,271.2799987792969,288.1400146484375,150361500,0.0160084924090754,1
2025-03-25,GOOGL,168.29556886017417,169.93889491315255,167.63825363596857,169.86917114257812,24174400,0.0093502300331588,1
2025-03-25,AAPL,219.60962662242412,222.9221258053629,218.9232508666907,222.57395935058597,34493600,0.0134981911938604,1
2025-03-25,UNH,501.2036030424517,501.89985196213473,494.6759742996533,496.5133666992188,3015100,-0.0093579461814756,-1
2025-03-25,META,624.2321938231848,631.3234729455945,618.674681768664,623.7839965820312,15312500,-0.0007179976386808,-1
2025-03-25,JPM,241.96673880880573,244.4028179204097,240.32651425571743,243.73313903808597,9287700,0.0073001778590567,1
2025-03-25,MSFT,390.0823622267607,392.4985634335279,388.8148334634192,391.3102722167969,15775000,0.00314782238045,1
2025-03-25,AMZN,203.6000061035156,206.2100067138672,203.22000122070312,205.7100067138672,31171200,0.0103634604474362,1
2025-03-24,GOOGL,166.3933245024789,167.63826163368083,164.47113366947016,167.00083923339844,30879100,0.0036510763441744,1
2025-03-24,META,612.4896480218807,620.0291236750295,609.7308614385815,616.35400390625,15741300,0.0063092590982553,1
2025-03-24,AMZN,200.0,203.63999938964844,199.9499969482422,203.25999450683597,41625400,0.0162999725341796,1
2025-03-24,MSFT,391.5479241245079,391.5479241245079,386.012386704804,389.2505187988281,21004500,-0.0058674945878379,-1
2025-03-24,UNH,498.10907221777006,501.1746099865333,494.2795257292335,499.4822692871094,3840900,0.0027568200338639,1
2025-03-24,BRK-B,523.0999755859375,527.2999877929688,521.47998046875,525.8499755859375,4858900,0.0052571212547269,1
2025-03-24,TSLA,258.0799865722656,278.6400146484375,256.3299865722656,278.3900146484375,169079900,0.0786966410914812,1
2025-03-24,AAPL,219.8384246082871,220.3158974796034,217.4311459430569,219.56983947753903,44299500,-0.001221738789416,-1
2025-03-24,JPM,238.2495608050386,241.3650191033552,237.21108457850144,240.75357055664065,9422700,0.0105100288249893,1
2025-03-21,MSFT,379.4865617188815,387.92354654843615,379.0706401827953,387.4482421875,39675900,0.0209801380912044,1
2025-03-21,UNH,494.8210074245397,501.8998329607573,488.44814025459885,499.8206481933594,10244900,0.0101039379771726,1
2025-03-21,META,581.0669435562578,595.1299901540924,578.6069346961235,593.84521484375,25015900,0.021991048413951,1
2025-03-21,BRK-B,528.3099975585938,528.9600219726562,520.72998046875,521.9099731445312,8546300,-0.0121141459439307,-1
2025-03-21,AAPL,210.4480334492585,217.68976839110027,210.16950634984832,217.12277221679688,94127800,0.0317168027571411,1
2025-03-21,JPM,230.8054781658387,235.1632338340445,229.53406562636877,234.51296997070312,19326900,0.016063274729556,1
2025-03-21,TSLA,234.9900054931641,249.5200042724609,234.5500030517578,248.7100067138672,132728700,0.0583854670410748,1
2025-03-21,GOOGL,160.55706656311347,163.5747931026154,160.23835534721192,163.3258056640625,36625800,0.0172445795144162,1
2025-03-21,AMZN,192.8999938964844,196.9900054931641,192.5200042724609,196.2100067138672,60056900,0.0171592168072284,1
2025-03-20,TSLA,233.3500061035156,238.0,230.0500030517578,236.25999450683597,99028300,0.0124704877960424,1
2025-03-20,META,580.4096736870833,607.7390075399582,577.1727812993547,583.6365966796875,24336500,0.0055597333037283,1
2025-03-20,BRK-B,524.0,530.6099853515625,522.6699829101562,528.72998046875,4065400,0.009026680283874,1
2025-03-20,MSFT,381.9819995370129,387.9730768170586,379.5459740311176,383.0712890625,18470500,0.0028516776361383,1
2025-03-20,AMZN,193.07000732421875,199.32000732421875,192.3000030517578,194.9499969482422,38921100,0.0097373468312269,1
2025-03-20,UNH,488.6029310693066,497.4417988520735,486.9202703497666,494.4535827636719,4965400,0.011974246002907,1
2025-03-20,AAPL,212.8652784783013,216.3468825511506,211.10457731145533,212.9747009277344,48862900,0.0005140455513239,1
2025-03-20,GOOGL,160.91558075554488,164.22212545502225,160.3080509045436,162.14059448242188,28138500,0.0076127726173264,1
2025-03-20,JPM,229.59228927901532,234.63912397597247,229.2428922333378,231.9701232910156,8328500,0.010356767727119,1
2025-03-19,UNH,488.3998551903192,489.66669070253965,483.58392654423744,486.6204833984375,3317600,-0.0036432684673673,-1
2025-03-19,AAPL,213.0940604852241,217.6101915579757,212.6265295918345,214.10870361328125,54385400,0.0047614800982568,1
2025-03-19,JPM,228.79645015668717,235.19234280757905,227.97148038251137,232.0671844482422,10120600,0.0142953891518646,1
2025-03-19,BRK-B,525.6900024414062,526.7100219726562,520.6599731445312,525.27001953125,3798000,-0.0007989174384252,-1
2025-03-19,AMZN,193.3800048828125,195.97000122070312,191.9600067138672,195.5399932861328,39442900,0.0111696574039764,1
2025-03-19,TSLA,231.6100006103516,241.41000366210935,229.1999969482422,235.8600006103516,111993800,0.0183498121359188,1
2025-03-19,META,581.9235510596104,589.9311027976759,572.4518964146898,581.7044067382812,20537500,-0.0003765861012673,-1
2025-03-19,GOOGL,161.10480349722013,165.19815700358515,160.3478872642785,163.22618103027344,34275600,0.0131676864190452,1
2025-03-19,MSFT,381.7740797920575,385.8836435250732,380.2589866011294,384.0417785644531,19185500,0.0059398971602021,1
2025-03-18,UNH,485.6920851511796,489.2991989788561,481.4177327345897,487.20068359375,3617600,0.0031060799397232,1
2025-03-18,TSLA,228.16000366210935,230.1000061035156,222.27999877929688,225.30999755859372,111477600,-0.0124912607721391,-1
2025-03-18,META,597.6299490711036,597.8291546165306,572.3423339224544,580.0112915039062,20297700,-0.0294808812620285,-1
2025-03-18,AMZN,192.5200042724609,194.0,189.3800048828125,192.82000732421875,40414900,0.0015582954763144,1
2025-03-18,JPM,227.4182692780825,229.21376988809175,226.64182977756556,228.0491180419922,10344900,0.0027739581604954,1
2025-03-18,AAPL,213.03437263106773,214.01915944879545,210.37840804794797,211.5720977783203,42432400,-0.0068640324783633,-1
2025-03-18,GOOGL,163.01702900544848,163.5847275921019,156.08522805432327,160.01922607421875,42074800,-0.0183895078294521,-1
2025-03-18,BRK-B,525.4500122070312,528.3800048828125,521.4199829101562,523.1400146484375,4857800,-0.0043962270528668,-1
2025-03-18,MSFT,383.2990942137215,383.5961594658576,377.38725393405446,379.7836608886719,19486900,-0.0091715148251548,-1
2025-03-17,META,605.01006095703,610.6272679434014,595.5881924170304,602.4603881835938,15473900,-0.0042142650808203,-1
2025-03-17,AAPL,212.18883784213668,214.0888025037831,208.8663965620962,212.87521362304688,48073400,0.0032347402808287,1
2025-03-17,JPM,224.3707484628314,228.72850399973169,223.6719691814256,227.0397491455078,9586000,0.0118954930665506,1
2025-03-17,UNH,471.4474099004604,484.1157642645455,469.9388115256217,482.5781555175781,5152300,0.0236097290670614,1
2025-03-17,GOOGL,164.36156568984055,165.6264259709924,163.00707358955603,163.6245574951172,31184300,-0.0044840665251031,-1
2025-03-17,BRK-B,514.6199951171875,524.7100219726562,513.2100219726562,523.010009765625,5343400,0.0163033203685118,1
2025-03-17,MSFT,382.9326924641042,388.88412112316473,381.813696346666,384.9132080078125,22474300,0.0051719677705343,1
2025-03-17,AMZN,198.7700042724609,199.0,194.32000732421875,195.7400054931641,47341800,-0.0152437425877576,-1
2025-03-17,TSLA,245.05999755859372,245.3999938964844,232.8000030517578,238.00999450683597,111900600,-0.0287684776054572,-1
2025-03-14,UNH,465.1519252054839,473.3235248855472,462.4828527396493,472.54986572265625,3915900,0.0159043532151443,1
2025-03-14,MSFT,376.08007458561946,386.4282798172616,375.8127158813028,384.7745361328125,19952800,0.0231186444981775,1
2025-03-14,AAPL,210.13967261110687,212.8254784087618,208.4784519318959,212.36790466308597,60107600,0.0106035762990014,1
2025-03-14,AMZN,197.41000366210935,198.6499938964844,195.32000732421875,197.9499969482422,38096700,0.0027353896768933,1
2025-03-14,META,600.3688460487675,606.4044031406513,592.381232702444,605.1494750976562,12364500,0.0079628199903304,1
2025-03-14,GOOGL,162.60870791000892,165.81566708355933,161.79202188086273,164.81971740722656,31995900,0.0135971162038952,1
2025-03-14,TSLA,247.30999755859372,251.5800018310547,240.72999572753903,249.97999572753903,100242300,0.0107961594569694,1
2025-03-14,JPM,221.40089366257604,226.2730375162608,220.87680546916636,225.5936584472656,11962100,0.018937433879917,1
2025-03-14,BRK-B,506.9500122070313,515.8400268554688,502.9200134277344,514.5999755859375,5775600,0.0150901729849098,1
2025-03-13,JPM,222.5461333861297,222.7402395654928,217.62545954737027,218.55718994140625,16467900,-0.0179241193007043,-1
2025-03-13,GOOGL,165.36749843654172,165.4571454684321,161.45342300925637,162.1007843017578,31756200,-0.0197542695249603,-1
2025-03-13,MSFT,379.4272025345451,381.5661631231906,373.7728386562969,375.0799560546875,20473000,-0.0114573927510159,-1
2025-03-13,AMZN,198.1699981689453,198.8800048828125,191.82000732421875,193.88999938964844,41270800,-0.0215976122462697,-1
2025-03-13,TSLA,248.1300048828125,248.2899932861328,232.6000061035156,240.67999267578125,114813500,-0.0300246324927521,-1
2025-03-13,META,617.1993997703431,617.4481701854057,583.6253542710872,587.7350463867188,16480300,-0.0477387913769649,-1
2025-03-13,AAPL,214.81496040955517,215.70028194858563,207.3245394208188,208.57791137695312,61368300,-0.029034518921358,-1
2025-03-13,BRK-B,496.4599914550781,507.3999938964844,494.75,504.25,5104200,0.0156911104197743,1
2025-03-13,UNH,463.6530103033533,468.11110506044207,459.3496178679689,465.65478515625,2876600,0.0043173985899217,1
2025-03-12,JPM,227.10769746005096,227.4182791975453,220.5662140052621,221.18736267089844,16054000,-0.0260684021517762,-1
2025-03-12,MSFT,379.2192427611773,381.4671171244127,375.2582114968026,379.5361022949219,24253600,0.0008355576353072,1
2025-03-12,GOOGL,165.9052839213103,166.96098805134596,162.86763464348198,166.43313598632812,28372400,0.0031816470973171,1
2025-03-12,TSLA,247.22000122070312,251.83999633789065,241.1000061035156,248.08999633789065,142215700,0.0035191129879933,1
2025-03-12,META,626.8018648059933,630.2149870827395,606.352891273559,616.5126953125,15747000,-0.0164153460147697,-1
2025-03-12,AAPL,218.98296406915983,220.58450266635003,213.78045671174684,215.83956909179688,62547500,-0.0143545183559129,-1
2025-03-12,UNH,467.2214137194421,471.5344564185333,463.0437429240133,465.2582702636719,3680800,-0.0042017411833548,-1
2025-03-12,AMZN,200.72000122070312,201.5200042724609,195.2899932861328,198.88999938964844,43679300,-0.0091171872256143,-1
2025-03-12,BRK-B,497.6000061035156,498.3200073242188,488.75,495.9400024414063,3871100,-0.0033360201803615,-1
2025-03-11,JPM,224.9239788967364,226.44774284176464,220.0130197421013,222.39085388183597,18143000,-0.0112621385559937,-1
2025-03-11,MSFT,375.3076750122287,382.23947903620126,373.2380400086461,376.7435607910156,30380200,0.0038258897283146,1
2025-03-11,AMZN,193.8999938964844,200.17999267578125,193.3999938964844,196.58999633789065,54002900,0.0138731435073811,1
2025-03-11,UNH,466.6024768752623,470.7317772897896,461.4190935777406,470.0258483886719,4101000,0.0073368052744494,1
2025-03-11,GOOGL,164.24205105519363,166.0745946593306,160.71638098509786,163.3755645751953,39587400,-0.0052756676772572,-1
2025-03-11,TSLA,225.30999755859372,237.05999755859372,217.0200042724609,230.5800018310547,174896400,0.0233900152215412,1
2025-03-11,BRK-B,496.0,499.1499938964844,491.30999755859375,496.25,5358300,0.0005040322580645,1
2025-03-11,META,592.1233521212574,611.9055811320635,590.4118407538476,602.73095703125,17401500,0.0179145187771961,1
2025-03-11,AAPL,222.6336665978936,224.65299583409444,216.3070937419303,219.6792755126953,76137400,-0.0132701901304724,-1
2025-03-10,AMZN,195.6000061035156,196.72999572753903,190.8500061035156,194.5399932861328,62350900,-0.0054192882633236,-1
2025-03-10,GOOGL,167.57846950382446,167.77767157580016,163.0269878624875,165.19815063476562,43604000,-0.0142042046099753,-1
2025-03-10,META,605.0793295855486,607.1092743654041,583.983585643361,595.0488891601562,21999900,-0.016577066733155,-1
2025-03-10,TSLA,252.5399932861328,253.3699951171875,220.0,222.1499938964844,189076900,-0.1203373730798193,-1
2025-03-10,BRK-B,490.0,500.4500122070313,490.0,497.1000061035156,6262000,0.0144898083745216,1
2025-03-10,MSFT,382.08104715568106,382.6355890788174,373.5450301742595,376.4563903808594,32840100,-0.0147211090858686,-1
2025-03-10,JPM,229.25260968443945,230.5143072655119,221.9638018922669,225.380126953125,18887200,-0.0168917716428388,-1
2025-03-10,AAPL,234.3019970725287,234.91874867921032,223.0415027897028,226.28436279296875,72071200,-0.0342192315035115,-1
2025-03-10,UNH,476.0602245118199,481.44670973136033,461.9702737214037,464.3975830078125,5108900,-0.0244982481280954,-1
2025-03-07,BRK-B,496.2900085449219,498.2699890136719,490.1099853515625,495.6199951171875,3842200,-0.0013500441600643,-1
2025-03-07,MSFT,388.497925986767,390.9537458547577,381.7839796807534,389.478271484375,22034100,0.0025234253055997,1
2025-03-07,GOOGL,170.3701228624436,174.06085227932917,169.38527664457013,172.9566192626953,27385800,0.0151816313611515,1
2025-03-07,UNH,465.89761006864927,481.3912860828448,465.4546674534319,475.1899719238281,5434100,0.0199450730254006,1
2025-03-07,META,622.29408984179,631.667740220239,597.6558630930216,622.5826416015625,21375700,0.0004636903426897,1
2025-03-07,AMZN,199.4900054931641,202.2700042724609,192.52999877929688,199.25,59802800,-0.0012030953258572,-1
2025-03-07,TSLA,259.32000732421875,266.25,250.72999572753903,262.6700134277344,102369600,0.0129184251461447,1
2025-03-07,JPM,238.00692097749285,239.4530394207747,232.36805275623323,235.1438140869141,20498700,-0.0120295110697623,-1
2025-03-07,AAPL,233.8742682867737,240.10136041796665,233.5261018066448,237.8134613037109,46273600,0.0168432083007396,1
2025-03-06,AMZN,204.3999938964844,205.7700042724609,198.3000030517578,200.6999969482422,49863800,-0.018101746862654,-1
2025-03-06,JPM,240.802114817912,242.0152970466892,236.66759511360632,239.27835083007807,9983200,-0.006327867963228,-1
2025-03-06,AAPL,233.20778757123543,236.60981025581012,231.93451645578955,234.09310913085935,45170400,0.0037962778552302,1
2025-03-06,MSFT,390.43881857931865,398.2321421191711,388.8544001591339,393.0234069824219,23304600,0.0066197014234079,1
2025-03-06,UNH,458.3577550921187,470.02854028884457,454.5060092510085,469.6433715820313,4964000,0.0246218513039982,1
2025-03-06,META,644.812846805576,647.3602531536812,621.040333910999,624.841552734375,13446500,-0.0309722335250289,-1
2025-03-06,BRK-B,496.8399963378906,499.1000061035156,491.6300048828125,497.8399963378906,3989700,0.0020127204077183,1
2025-03-06,TSLA,272.0599975585937,272.6499938964844,260.0199890136719,263.45001220703125,98451600,-0.0316473771551371,-1
2025-03-06,GOOGL,169.6439021909127,173.9016615264532,169.6140592892689,171.45445251464844,28302000,0.0106726519512512,1
2025-03-05,TSLA,272.9200134277344,279.54998779296875,267.7099914550781,279.1000061035156,94042900,0.0226439702906493,1
2025-03-05,GOOGL,169.6339770163835,172.87703249017144,168.18155654289944,172.12098693847656,30954900,0.0146610364611852,1
2025-03-05,MSFT,385.5469260754551,397.7568203379533,385.02209070764377,397.1131286621094,23433100,0.0299994677804555,1
2025-03-05,BRK-B,496.0,500.9299926757813,492.3200073242188,498.5,4715800,0.0050403225806451,1
2025-03-05,AMZN,204.8000030517578,209.97999572753903,203.25999450683597,208.3600006103516,38610100,0.0173828003200471,1
2025-03-05,JPM,243.8496015443814,245.5965867262712,240.53033710346665,244.1213531494141,7861400,0.0011144230021765,1
2025-03-05,META,637.847267619745,656.256276123591,634.523668550264,653.2411499023438,13770000,0.0241341196616614,1
2025-03-05,AAPL,234.1826206927458,235.3066862220588,228.02515316620745,234.50094604492188,47227600,0.0013593039109153,1
2025-03-05,UNH,453.6105096945304,461.3236111717137,453.5527358547381,458.3385314941406,3637100,0.0104230869844574,1
2025-03-04,JPM,247.76090247214185,249.6534784144641,238.70570941047404,242.87905883789065,13465600,-0.019703849903437,-1
2025-03-04,BRK-B,507.2699890136719,508.7300109863281,493.6099853515625,495.8599853515625,6126600,-0.0224929601774684,-1
2025-03-04,UNH,452.33939952816417,461.4487701600569,449.1713303644548,457.0192565917969,5864100,0.0103458975019957,1
2025-03-04,MSFT,379.6648315258733,388.755390806373,377.2882188683939,384.8240661621094,29342900,0.0135889189828332,1
2025-03-04,AAPL,236.4605996661973,238.80819608105105,233.44651142335263,234.68994140625,53798100,-0.0074881746153351,-1
2025-03-04,GOOGL,165.3762007856933,172.3895559244155,164.9384846542463,170.03187561035156,45388000,0.0281520243090566,1
2025-03-04,META,642.3351433054311,646.5542796373367,620.5826737681288,636.8522338867188,21495200,-0.0085359013528319,-1
2025-03-04,TSLA,270.92999267578125,284.3500061035156,261.8399963378906,272.0400085449219,126706600,0.0040970579084943,1
2025-03-04,AMZN,200.1100006103516,206.8000030517578,197.42999267578125,203.8000030517578,60853100,0.018439870222135,1
2025-03-03,GOOGL,171.0366301036563,172.46915017235435,165.06780660374991,166.14219665527344,40770500,-0.0286162878993617,-1
2025-03-03,META,670.3665609910959,677.8993359462462,647.6389313945824,651.8281860351562,10843800,-0.0276540866366182,-1
2025-03-03,UNH,456.78820452101087,459.5807146264819,447.96770223526414,449.739501953125,5700200,-0.0154310082837562,-1
2025-03-03,JPM,256.2240834773225,258.47575677394605,250.22611772259287,252.94363403320312,9058300,-0.0128030487985322,-1
2025-03-03,MSFT,394.93461038215554,394.93461038215554,382.3979434098108,384.7052307128906,23007700,-0.02590145153236,-1
2025-03-03,TSLA,300.3399963378906,303.94000244140625,277.29998779296875,284.6499938964844,115551400,-0.0522408025328553,-1
2025-03-03,AAPL,240.5191319174845,242.7473638198223,234.8689935924468,236.7789001464844,47184000,-0.0155506621913272,-1
2025-03-03,BRK-B,516.219970703125,518.77001953125,506.4800109863281,510.0799865722656,5112300,-0.0118941235893999,-1
2025-03-03,AMZN,213.3500061035156,214.00999450683597,202.5500030517578,205.0200042724609,42948400,-0.0390438321666278,-1
2025-02-28,JPM,253.0504268549369,257.0102408394051,250.2940802308907,256.8549499511719,10467100,0.0150346440569965,1
2025-02-28,AAPL,235.70458076540925,240.8175641664438,228.9900589647863,240.56887817382807,56833400,0.0206372629357602,1
2025-02-28,GOOGL,167.80351036476668,169.7234897370402,165.90344649975822,169.39520263671875,48130600,0.0094854527684915,1
2025-02-28,MSFT,388.8346033379453,393.7561854578909,382.80393739721217,393.1224060058594,32845700,0.0110273176078092,1
2025-02-28,TSLA,279.5,293.8800048828125,273.6000061035156,292.9800109863281,115697000,0.0482290196290809,1
2025-02-28,META,654.8034504822056,666.3364725318584,639.4393887052988,664.9135131835938,17534200,0.0154398433513797,1
2025-02-28,BRK-B,507.4599914550781,515.3699951171875,504.3299865722656,513.8300170898438,6850300,0.0125527642415717,1
2025-02-28,AMZN,208.6499938964844,212.6199951171875,206.9900054931641,212.27999877929688,51771700,0.0173975796261629,1
2025-02-28,UNH,449.691326732714,458.70439789105,447.2647374331209,457.3562927246094,6146300,0.0170449495826083,1
2025-02-27,AMZN,218.3500061035156,219.97000122070312,208.3699951171875,208.7400054931641,40548600,-0.0440119090530075,-1
2025-02-27,BRK-B,496.4500122070313,504.9500122070313,495.6099853515625,502.4100036621094,4507700,0.012005219676765,1
2025-02-27,MSFT,397.36074580317216,401.7871994813194,388.3494237890168,388.7059020996094,21127400,-0.0217808220740804,-1
2025-02-27,JPM,252.51656693419216,255.87467629942992,250.2648938568394,251.4198455810547,8204400,-0.004343165941359,-1
2025-02-27,AAPL,238.1516754344793,241.18564780716903,235.81402085750776,236.05276489257807,41153600,-0.0088133351909952,-1
2025-02-27,UNH,448.8921090707174,457.7799939194948,447.78470861628784,451.1935119628906,4216800,0.0051268508527305,1
2025-02-27,GOOGL,173.0859293485287,173.65295965631302,167.06736294980485,167.62445068359375,39991000,-0.0315535681351523,-1
2025-02-27,META,679.0934498337167,685.2629678985895,654.3358147754243,655.0025024414062,12500000,-0.0354751579450654,-1
2025-02-27,TSLA,291.1600036621094,297.2300109863281,280.8800048828125,281.95001220703125,101748200,-0.0316320625746601,-1
2025-02-26,MSFT,394.13247941305536,399.6680163656564,390.409100766333,395.8357238769531,19619000,0.0043215024207957,1
2025-02-26,BRK-B,499.1199951171875,499.8999938964844,493.0499877929688,494.1000061035156,3543500,-0.0100576796417327,-1
2025-02-26,JPM,249.58553203875115,253.2250783593955,249.3622958683516,251.1675262451172,5943600,0.006338485221653,1
2025-02-26,UNH,447.4283945642296,455.5170544863701,441.2174723858391,446.4076843261719,5108400,-0.0022812817658831,-1
2025-02-26,AMZN,214.94000244140625,218.16000366210935,213.08999633789065,214.3500061035156,39120600,-0.00274493501065,-1
2025-02-26,AAPL,243.04579925662603,243.6923767743236,237.87313357927937,239.0966644287109,44433600,-0.0162485212251921,-1
2025-02-26,GOOGL,174.16032642215686,175.16507289862997,170.68845533929954,171.8324737548828,35431300,-0.0133661478196327,-1
2025-02-26,META,656.4055307530449,679.650619839028,654.7636219966097,670.3864135742188,14488700,0.0212991545106797,1
2025-02-26,TSLA,303.7099914550781,309.0,288.0400085449219,290.79998779296875,100118300,-0.0425076685829708,-1
2025-02-25,BRK-B,503.1499938964844,507.0,491.8999938964844,499.8200073242188,6757500,-0.0066182780734579,-1
2025-02-25,AMZN,211.6300048828125,213.33999633789065,204.16000366210935,212.8000030517578,58958000,0.0055285079712264,1
2025-02-25,TSLA,327.0199890136719,328.8900146484375,297.25,302.79998779296875,134228800,-0.0740627546767196,-1
2025-02-25,JPM,254.5062186715709,255.2535282245515,245.8877678084944,249.81846618652344,9608400,-0.0184190096002991,-1
2025-02-25,UNH,443.6922702902772,453.3120265534168,433.3888666809832,452.9461059570313,9101000,0.0208564274980493,1
2025-02-25,GOOGL,177.11488051844918,177.81125539535978,173.7822965453186,174.5084991455078,41913400,-0.0147157673331116,-1
2025-02-25,MSFT,397.1923965138258,398.00441513588805,392.8352683816966,394.0235595703125,29387400,-0.007978090646564,-1
2025-02-25,META,662.6943629602742,664.7144074530656,638.7029638185587,654.2660522460938,20579700,-0.0127182471818999,-1
2025-02-25,AAPL,246.69650753214344,248.68599549611235,243.62275227067275,245.74154663085935,48013300,-0.0038709948139806,-1
2025-02-24,UNH,449.383215277445,450.6542985569018,440.0619966677439,444.4144592285156,6919300,-0.0110568349684838,-1
2025-02-24,TSLA,338.1400146484375,342.3999938964844,324.70001220703125,330.5299987792969,76052300,-0.0225055170623705,-1
2025-02-24,MSFT,404.5302202614153,405.381827456766,395.429748735741,400.0641479492188,26443700,-0.0110401450584099,-1
2025-02-24,BRK-B,483.5,503.9599914550781,483.239990234375,498.4200134277344,9862400,0.0308583524875581,1
2025-02-24,AMZN,217.4499969482422,217.72000122070312,212.4199981689453,212.7100067138672,42387600,-0.0217980699052537,-1
2025-02-24,JPM,257.6701845201146,259.13571809669986,250.9928249477685,253.64242553710935,10372800,-0.0156314514638414,-1
2025-02-24,GOOGL,181.0443717341252,182.1684898470569,177.96047349552646,178.318603515625,29854200,-0.0150558020246171,-1
2025-02-24,META,682.9045646514273,683.8896856241412,659.1917553729045,664.8438110351562,15677000,-0.02644696572718,-1
2025-02-24,AAPL,243.64264638435856,247.55199828948733,243.1353323966777,245.8012542724609,51326400,0.0088597292803045,1
2025-02-21,JPM,260.4168439978953,261.27092900098586,255.0982425996441,256.4570007324219,12835600,-0.0152057877850075,-1
2025-02-21,META,693.1539301625503,700.4080528713276,679.0038387952945,680.18798828125,15660400,-0.0187057179034672,-1
2025-02-21,AMZN,223.27999877929688,223.30999755859372,214.7400054931641,216.5800018310547,55323900,-0.030007152386564,-1
2025-02-21,MSFT,413.27418223243296,413.97725680128366,403.9162642540701,404.2331237792969,27524800,-0.0218766592297101,-1
2025-02-21,TSLA,353.44000244140625,354.9800109863281,334.4200134277344,337.79998779296875,74058600,-0.0442508333533364,-1
2025-02-21,GOOGL,184.1879188764634,184.376934028598,178.14946765861885,178.72645568847656,35199200,-0.0296515820434993,-1
2025-02-21,UNH,423.2587440426931,452.2913042082124,422.2476724311488,449.13287353515625,19864900,0.0611307618723484,1
2025-02-21,BRK-B,480.9500122070313,483.6400146484375,477.739990234375,478.739990234375,4085100,-0.0045951178221509,-1
2025-02-21,AAPL,244.65729095432025,247.38289505871285,243.93113206298463,244.2593994140625,53197400,-0.0016263220225553,-1
2025-02-20,GOOGL,183.8397410371311,184.3470854988128,181.77054735930005,183.6009826660156,20441500,-0.001298731002168,-1
2025-02-20,JPM,270.47167738640707,270.5299077608093,257.9128132494212,258.94158935546875,13846700,-0.0426295578980935,-1
2025-02-20,AAPL,243.65259654249155,245.4829218502696,243.00600383864503,244.5379180908203,32316900,0.0036335403804094,1
2025-02-20,META,693.8504867433877,702.1593933249234,690.228375354197,691.4224853515625,12587400,-0.0034993149651319,-1
2025-02-20,MSFT,411.24414537664296,415.2249706128277,408.520936591177,412.0759582519531,23508700,0.0020226740846324,1
2025-02-20,BRK-B,484.1300048828125,484.2000122070313,478.1400146484375,481.7999877929688,2651000,-0.0048127921557098,-1
2025-02-20,AMZN,224.77999877929688,225.1300048828125,221.80999755859372,222.8800048828125,30001700,-0.008452682208393,-1
2025-02-20,UNH,486.46590759141816,489.5858125426951,481.6993600167533,483.798583984375,4144300,-0.0054830637983441,-1
2025-02-20,TSLA,361.510009765625,362.2999877929688,348.0,354.3999938964844,45965400,-0.0196675491053489,-1
2025-02-19,BRK-B,482.8200073242188,484.7200012207031,480.6799926757813,483.7699890136719,2436500,0.0019675690216689,1
2025-02-19,GOOGL,183.1135807574316,184.49635771924724,182.63606390508187,184.30734252929688,19549400,0.0065192421388267,1
2025-02-19,TSLA,354.0,367.3399963378906,353.6700134277344,360.55999755859375,67094400,0.0185310665496998,1
2025-02-19,AMZN,225.5200042724609,226.8300018310547,223.7100067138672,226.6300048828125,28566700,0.0049219607543573,1
2025-02-19,UNH,482.7489557485212,492.8886761939209,479.686824647971,492.0990905761719,4380300,0.0193685241911149,1
2025-02-19,META,700.6369269472729,703.5226878675882,691.9698051227019,700.30859375,17535500,-0.0004686210284453,-1
2025-02-19,MSFT,403.098050601273,410.6188170610077,402.8707362463259,409.9072570800781,24114200,0.0168921840942875,1
2025-02-19,JPM,270.1805322750829,271.9954480996811,269.0546956439582,271.02490234375,7007200,0.0031252069183406,1
2025-02-19,AAPL,243.37407429304395,244.716969605811,241.88195827091008,243.5829620361328,32204200,0.0008582990760032,1
2025-02-18,AAPL,242.86674847770811,243.8913336127375,240.56889220053384,243.18507385253903,48822500,0.001310699701899,1
2025-02-18,GOOGL,184.63561754552703,184.993747571514,180.7956737255852,182.81512451171875,29916700,-0.0098599233344531,-1
2025-02-18,META,732.3800130970368,733.3750946365709,702.9654052178096,712.8465576171875,21938700,-0.0266712022864299,-1
2025-02-18,MSFT,403.2166455935164,405.78616946504144,401.7342314553049,404.8374328613281,21423100,0.0040196437461703,1
2025-02-18,BRK-B,480.3999938964844,484.05999755859375,477.6300048828125,482.8200073242188,3351000,0.0050374967911757,1
2025-02-18,AMZN,228.82000732421875,229.3000030517578,223.72000122070312,226.6499938964844,42975100,-0.0094834951414875,-1
2025-02-18,JPM,268.6082414686908,271.72368491952835,267.89001749911944,271.70428466796875,7919800,0.0115262405291419,1
2025-02-18,UNH,492.0027770376086,496.8752333705166,478.5794398936952,482.1712036132813,8759300,-0.0199827600232749,-1
2025-02-18,TSLA,355.010009765625,359.1000061035156,350.0199890136719,354.1099853515625,51631700,-0.0025352085555466,-1
2025-02-14,AMZN,229.1999969482422,229.88999938964844,227.22999572753903,228.67999267578125,27031100,-0.0022687795784672,-1
2025-02-14,AAPL,239.981993568851,244.25939586817944,239.7233655892969,243.31439208984372,40896200,0.0138860356622409,1
2025-02-14,MSFT,403.00912053959007,404.1159849495273,401.1215095634391,403.6416015625,22758500,0.001569396300667,1
2025-02-14,UNH,509.3933842886504,513.4377291510195,503.5290754222685,504.10687255859375,3705300,-0.0103780533731096,-1
2025-02-14,GOOGL,184.0984174978102,185.43145115453237,183.3622722859357,184.2675323486328,20448400,0.0009186111055225,1
2025-02-14,JPM,269.20026178200214,271.0054922240324,268.30737630553097,268.4432373046875,5688600,-0.0028121238527163,-1
2025-02-14,BRK-B,481.4700012207031,484.5499877929688,479.4500122070313,479.5899963378906,2825800,-0.0039047186284628,-1
2025-02-14,META,722.5685751543255,737.2658892402018,722.0511132817282,733.0467529296875,16901200,0.0145012918298088,1
2025-02-14,TSLA,360.6199951171875,362.0,347.5,355.8399963378906,68277300,-0.0132549466031232,-1
2025-02-13,META,717.9713316181679,725.4145229257568,714.5084061760308,724.9766845703125,12569100,0.0097571485707595,1
2025-02-13,AMZN,228.8500061035156,230.4199981689453,227.5200042724609,230.3699951171875,31346500,0.006641856994246,1
2025-02-13,GOOGL,183.36227049888035,185.3120777313061,182.18839394998832,185.1728057861328,21402500,0.0098740885042843,1
2025-02-13,MSFT,402.2283619307085,406.1814662248677,401.59585076694265,405.7268676757813,23891700,0.0086978096926827,1
2025-02-13,AAPL,235.6648009555,241.06625350434595,234.33184765944375,240.2605133056641,53614100,0.019501055446256,1
2025-02-13,JPM,267.3853283146615,268.812031614192,265.74510378599365,268.1811828613281,8398700,0.0029764331187613,1
2025-02-13,TSLA,345.0,358.69000244140625,342.8500061035156,355.94000244140625,89441500,0.031710152004076,1
2025-02-13,UNH,511.22305358335456,514.5259189983952,507.5638475627408,511.4926452636719,2835100,0.0005273464849201,1
2025-02-13,BRK-B,471.5499877929688,481.1900024414063,471.2000122070313,480.489990234375,3274700,0.0189587587166502,1
2025-02-12,META,711.7818770685368,723.5238281436095,709.0951445232752,721.8123168945312,12016500,0.014092013507431,1
2025-02-12,AAPL,229.98481838871237,235.71455375787428,229.4675472393098,235.62501525878903,45243300,0.0245242138572114,1
2025-02-12,GOOGL,182.26797191010567,184.14815067534644,180.8851950952408,182.65594482421875,22072600,0.0021285852366011,1
2025-02-12,TSLA,329.94000244140625,346.3999938964844,329.1199951171875,336.510009765625,105382700,0.0199127334533663,1
2025-02-12,BRK-B,470.4400024414063,472.1499938964844,468.0899963378906,471.7300109863281,3297600,0.0027421319152861,1
2025-02-12,AMZN,230.4600067138672,231.17999267578125,228.16000366210935,228.92999267578125,32285200,-0.0066389568407223,-1
2025-02-12,UNH,519.8412030665157,522.2485441176211,506.032727710241,507.8526916503906,3859200,-0.0230618722513827,-1
2025-02-12,MSFT,402.4358837314584,405.93438940933225,399.6291833556912,404.2444458007813,19121700,0.0044940377894574,1
2025-02-12,JPM,266.0071500330046,268.3073682010428,265.2016101414744,267.3368225097656,6683900,0.0049986343472197,1
2025-02-11,GOOGL,184.0685692836796,185.96864842614565,183.3224663388948,184.3570709228516,21239500,0.0015673596002548,1
2025-02-11,UNH,515.171030362682,527.2462329815083,508.6904864890248,514.1310424804688,2631900,-0.0020187235324181,-1
2025-02-11,BRK-B,470.0499877929688,473.0499877929688,466.7200012207031,472.6099853515625,2322600,0.0054462240720688,1
2025-02-11,MSFT,404.83741765511496,407.65398028408873,404.5013772557914,406.6163024902344,18140600,0.0043940721819218,1
2025-02-11,META,709.8115954275665,720.1007048878689,706.5476987131067,716.2597045898438,12998000,0.0090842544751513,1
2025-02-11,AAPL,227.000572314181,233.9936212519964,226.9309481287188,231.3973388671875,53718400,0.0193689668188199,1
2025-02-11,JPM,262.299718167667,268.08416285966723,261.71738476219014,266.890380859375,7196400,0.0175015921624955,1
2025-02-11,AMZN,231.9199981689453,233.44000244140625,230.1300048828125,232.75999450683597,23713700,0.0036219228377137,1
2025-02-11,TSLA,345.79998779296875,349.3699951171875,325.1000061035156,328.5,118543400,-0.0500288849151906,-1
2025-02-10,TSLA,356.2099914550781,362.7000122070313,350.510009765625,350.7300109863281,77514900,-0.0153841290255921,-1
2025-02-10,AMZN,230.5500030517578,233.9199981689453,229.1999969482422,233.13999938964844,35419900,0.0112339896057567,1
2025-02-10,JPM,268.01620681498275,268.0453220031556,261.6494289723988,263.0567321777344,8627400,-0.0185043833586974,-1
2025-02-10,AAPL,228.3633824897372,229.378010419489,226.0058289386349,226.45346069335935,33115600,-0.0083635203488178,-1
2025-02-10,UNH,508.11269058099225,514.3621391125266,503.9817141210747,513.6014404296875,3143100,0.0108022294078489,1
2025-02-10,MSFT,408.85969825647294,410.58918143726896,406.10242964328353,407.3871765136719,20817900,-0.003601533115346,-1
2025-02-10,GOOGL,186.37651565839897,187.22208986080463,184.8942523913545,185.50108337402344,23105600,-0.0046971169156315,-1
2025-02-10,BRK-B,473.9599914550781,474.2000122070313,469.3699951171875,470.1700134277344,2907300,-0.0079964091815183,-1
2025-02-10,META,715.0258499928055,717.6528800590577,707.8314292796238,713.87158203125,12904300,-0.0016143024221672,-1
2025-02-07,UNH,509.5860463863106,512.6578164063063,505.9172603926593,507.4964904785156,3349100,-0.0041004967122096,-1
2025-02-07,GOOGL,190.05730586169955,190.1866200587016,182.2878891065967,184.37696838378903,49315000,-0.0298874986791822,-1
2025-02-07,JPM,269.10318646976515,270.3454837389774,266.61859193134063,267.6764831542969,6857900,-0.0053016961046968,-1
2025-02-07,AMZN,232.5,234.80999755859372,228.05999755859372,229.1499938964844,77539300,-0.0144086284022177,-1
2025-02-07,TSLA,370.1900024414063,380.5499877929688,360.3399963378906,361.6199951171875,70298300,-0.0231502938158769,-1
2025-02-07,META,713.2744305821955,721.4440718312758,708.249280988419,711.0056762695312,16427100,-0.0031807593478605,-1
2025-02-07,BRK-B,477.4100036621094,478.25,472.3399963378906,472.739990234375,3205100,-0.0097819764812461,-1
2025-02-07,AAPL,231.12335539671392,232.5144614947352,225.81724462416,226.18490600585935,39707200,-0.0213671585996919,-1
2025-02-07,MSFT,411.5972455590395,413.7417878303848,403.3154869234488,404.9461364746094,22886800,-0.0161592652919638,-1
2025-02-06,META,702.4082250040422,715.364207246352,700.0399258686745,708.4881591796875,13080700,0.0086558413743095,1
2025-02-06,UNH,517.9539541119068,519.1190697207337,505.8016995732303,510.3948669433594,3926800,-0.014594129668357,-1
2025-02-06,AAPL,229.82163993606684,232.3157148088948,228.9670990724139,231.7393951416016,29925300,0.0083445371204739,1
2025-02-06,MSFT,409.1463374430024,413.2971094519946,409.1463374430024,410.9450073242188,16309800,0.0043961529570501,1
2025-02-06,JPM,264.42522935273706,268.8218008796745,263.20233210063896,268.744140625,7264400,0.0163332042212266,1
2025-02-06,BRK-B,475.4599914550781,478.0,473.2799987792969,477.2200012207031,3832700,0.003701698980473,1
2025-02-06,TSLA,373.0299987792969,375.3999938964844,363.1799926757813,374.3200073242188,77918200,0.0034581898215781,1
2025-02-06,AMZN,238.00999450683597,239.66000366210935,236.00999450683597,238.8300018310547,60897100,0.0034452642458054,1
2025-02-06,GOOGL,188.5153520057582,191.1018483953169,187.73940612479137,190.6044464111328,29297400,0.0110818264037764,1
2025-02-05,META,700.0896222542642,714.6078889974233,695.5719738179728,701.4031372070312,17778200,0.0018762097180323,1
2025-02-05,MSFT,407.5156591589932,408.9782884965412,405.5885086845079,408.4446411132813,16316700,0.0022796227173337,1
2025-02-05,UNH,511.059314765079,520.659823076013,502.5662070356889,519.8027954101562,4621600,0.0171085437491661,1
2025-02-05,AAPL,227.0791967098242,231.19291368703577,226.82085275464703,230.9941864013672,39620300,0.0172406356384367,1
2025-02-05,AMZN,237.0200042724609,238.32000732421875,235.1999969482422,236.1699981689453,38727300,-0.0035862209441972,-1
2025-02-05,TSLA,387.510009765625,388.3900146484375,375.5299987792969,378.1700134277344,57223300,-0.0241025937460032,-1
2025-02-05,BRK-B,469.80999755859375,474.239990234375,468.8900146484375,473.7300109863281,3782800,0.0083438271814245,1
2025-02-05,GOOGL,190.0772023789456,191.74846576717465,187.05298980095407,190.3358459472656,70373900,0.0013607290357966,1
2025-02-05,JPM,260.9894418764152,262.6684965624178,260.4265087965908,262.46466064453125,5704400,0.005652407842669,1
2025-02-04,MSFT,407.8516865143663,409.0672770356713,404.9362598096777,407.5354309082031,20532100,-0.000775418164544,-1
2025-02-04,JPM,261.8920349639185,261.8920349639185,258.97068307584,260.0480041503906,5626000,-0.0070411870822338,-1
2025-02-04,META,699.0447502736523,704.2291467274541,688.2082982161528,700.7264404296875,13826300,0.0024056974254893,1
2025-02-04,AMZN,239.00999450683597,242.5200042724609,238.02999877929688,242.05999755859372,29713800,0.0127609854058658,1
2025-02-04,TSLA,382.6300048828125,394.0,381.3999938964844,392.2099914550781,57072200,0.0250372068317007,1
2025-02-04,AAPL,225.8073134168997,231.64998934854387,225.21111642561868,231.32208251953125,45067300,0.0244224556733017,1
2025-02-04,UNH,524.992969498395,528.4691560118371,521.4397316117559,525.2337036132812,2869900,0.0004585473118168,1
2025-02-04,GOOGL,202.33319341484665,205.9741798502019,201.7562052491752,205.3076629638672,43856400,0.0147008481347988,1
2025-02-04,BRK-B,464.9400024414063,467.9100036621094,462.7000122070313,467.489990234375,3238400,0.005484552371443,1
2025-02-03,META,672.5856051378313,700.5374751524545,671.9288779782597,694.0296630859375,21415700,0.0318830165027271,1
2025-02-03,TSLA,386.6799926757813,389.1700134277344,374.3599853515625,383.6799926757813,93732100,-0.007758353307189,-1
2025-02-03,GOOGL,199.6472149907164,202.69131276848185,199.0602842802592,200.1844024658203,27838300,0.0026906835396071,1
2025-02-03,AAPL,228.52991033796465,230.35822543026035,224.2671369795404,226.56246948242188,73063300,-0.0086091175226611,-1
2025-02-03,BRK-B,461.2999877929688,466.739990234375,454.6000061035156,464.6099853515625,4232000,0.0071753688406323,1
2025-02-03,MSFT,406.774468051233,410.5397977577241,403.8689337668832,406.1024475097656,25679100,-0.001652071588187,-1
2025-02-03,UNH,521.9115476784696,533.3800947571989,521.0160238468336,527.8624877929688,4083600,0.0114022005088213,1
2025-02-03,AMZN,234.05999755859372,239.25,232.8999938964844,237.4199981689453,37285900,0.0143552962718904,1
2025-02-03,JPM,254.11799568005063,260.2712821624786,253.99184960482245,258.9513244628906,8381400,0.0190200177280062,1
2025-01-31,BRK-B,471.8399963378906,472.5499877929688,467.010009765625,468.6700134277344,5439800,-0.0067183429441326,-1
2025-01-31,TSLA,401.5299987792969,419.989990234375,401.3399963378906,404.6000061035156,83283600,0.0076457732511941,1
2025-01-31,UNH,523.1055641213613,528.8061311920404,521.3433740408383,522.3833618164062,4120500,-0.0013806052821635,-1
2025-01-31,JPM,261.3000557826277,262.8432200467561,259.0968978658329,259.4268798828125,7193800,-0.0071686777647435,-1
2025-01-31,AAPL,245.62071750771997,245.62071750771997,231.95800933839703,234.5017547607422,100959800,-0.0452688309838044,-1
2025-01-31,MSFT,414.0679337799429,415.7578774765854,410.04564278987584,410.1938781738281,34161900,-0.0093560869849284,-1
2025-01-31,GOOGL,200.95039173473552,204.4123051242612,200.7514339867404,202.95989990234372,32001100,0.0100000211507966,1
2025-01-31,META,687.6014000766061,701.8310551092019,682.2080746968453,685.7903442382812,19303900,-0.0026338745647159,-1
2025-01-31,AMZN,236.5,240.2899932861328,236.41000366210935,237.67999267578125,36110200,0.0049893982062632,1
2025-01-30,JPM,260.7177106689235,261.75620173432395,258.76690422515134,260.3294982910156,8753500,-0.0014890142173763,-1
2025-01-30,MSFT,413.8604081236296,417.90245411076046,408.3161931892364,410.1247253417969,54586300,-0.009026431880183,-1
2025-01-30,TSLA,410.7799987792969,412.5,384.4100036621094,400.2799987792969,98092900,-0.0255611276868458,-1
2025-01-30,AAPL,237.15477986216183,239.26131599650063,235.7040572963344,236.0816345214844,55658300,-0.0045250841720382,-1
2025-01-30,META,693.3927409364592,707.294001197109,672.774619401076,683.6210327148438,29322900,-0.0140926024238706,-1
2025-01-30,BRK-B,472.2000122070313,474.05999755859375,469.1499938964844,472.3500061035156,2552200,0.000317649073712,1
2025-01-30,AMZN,237.13999938964844,237.9499969482422,232.22000122070312,234.63999938964844,32020700,-0.0105422957174433,-1
2025-01-30,UNH,519.4753559405915,526.8322053380022,515.1710577439311,525.3493041992188,2924700,0.0113074627919385,1
2025-01-30,GOOGL,196.97119600589963,200.35352360288596,196.64290885768256,199.82627868652344,24354700,0.0144949248342803,1
2025-01-29,UNH,521.6515308198695,523.3366695639812,514.217689828302,518.1560668945312,2737600,-0.0067007642436025,-1
2025-01-29,MSFT,441.45306462654537,441.6408395030523,435.236799356433,437.1441650390625,23581400,-0.0097607196160888,-1
2025-01-29,BRK-B,469.8800048828125,473.9200134277344,468.0,469.260009765625,2524200,-0.0013194754208409,-1
2025-01-29,AMZN,239.0200042724609,240.38999938964844,236.1499938964844,237.07000732421875,26091700,-0.0081583001982518,-1
2025-01-29,META,671.6800579089199,677.7002892439266,662.3959298804792,673.1627197265625,21377800,0.0022073929398148,1
2025-01-29,GOOGL,194.5438525780378,195.7674571519655,192.4249153665142,194.39463806152344,18218300,-0.0007669968212155,-1
2025-01-29,AAPL,232.633669342314,238.33723404319065,232.52436707787837,237.8404083251953,45486100,0.0223817085360061,1
2025-01-29,TSLA,395.2099914550781,398.5899963378906,384.4800109863281,389.1000061035156,68033600,-0.0154600983873581,-1
2025-01-29,JPM,259.3395063870375,262.7073011271936,257.78662735417487,258.7280578613281,7684900,-0.0023577145427154,-1
2025-01-28,UNH,522.8841638583613,526.2448028756102,517.9057985565764,522.373779296875,3162700,-0.0009760948920696,-1
2025-01-28,META,662.7243805632816,679.2228513674787,656.2264682196907,671.013427734375,20950100,0.0125075331679335,1
2025-01-28,AAPL,229.3844597561093,238.66516132615985,229.3447052045828,236.74740600585935,75707600,0.0320987143487342,1
2025-01-28,TSLA,396.9100036621094,400.5899963378906,386.5,398.0899963378906,48910700,0.0029729476830868,1
2025-01-28,MSFT,429.5048368170429,443.1232814648123,426.3225862891417,441.9571228027344,23491700,0.0289921903510385,1
2025-01-28,GOOGL,191.7484490804529,194.4642594397363,189.6891977496922,194.2852020263672,24157900,0.013229587817161,1
2025-01-28,AMZN,234.2899932861328,241.7700042724609,233.97999572753903,238.1499938964844,41587200,0.0164753114557369,1
2025-01-28,BRK-B,473.9299926757813,473.9299926757813,469.2999877929688,469.9700012207031,3261300,-0.0083556464378214,-1
2025-01-28,JPM,258.0195637615963,259.45595234973075,257.02958825496063,259.2715759277344,7375400,0.0048523923840708,1
2025-01-27,UNH,519.9664720912741,531.4542983590476,519.9664720912741,523.3753051757812,4263000,0.0065558709406724,1
2025-01-27,META,623.5280757089856,660.6048263723562,622.025492753922,656.6344604492188,28399200,0.0530952591069605,1
2025-01-27,BRK-B,464.2999877929688,474.9299926757813,464.2999877929688,474.7000122070313,4535600,0.0223993639618613,1
2025-01-27,JPM,256.389052216982,258.1360225042347,254.5353065086594,258.0195617675781,7522300,0.0063595131558745,1
2025-01-27,AMZN,226.2100067138672,235.6100006103516,225.8600006103516,235.4199981689453,49428300,0.0407143414602689,1
2025-01-27,AAPL,222.59782027357136,230.67619691244207,222.55806572164707,228.40074157714844,94863400,0.0260690841287004,1
2025-01-27,MSFT,419.0389997051121,430.09781275609777,418.53496919379126,429.4653015136719,35647800,0.0248814592815871,1
2025-01-27,TSLA,394.7999877929688,406.6900024414063,389.0,397.1499938964844,58125500,0.0059523965961922,1
2025-01-27,GOOGL,191.41022766272687,195.857002440664,189.7389491683093,190.81333923339844,41728900,-0.0031183727046193,-1
2025-01-24,TSLA,414.4500122070313,418.8800048828125,405.7799987792969,406.5799865722656,56427100,-0.0189890828880813,-1
2025-01-24,AAPL,223.35297985225768,224.19758968028435,220.00437919561992,221.3656768798828,54697900,-0.0088975888017675,-1
2025-01-24,BRK-B,459.2000122070313,463.80999755859375,457.0799865722656,463.1900024414063,3070300,0.0086890028926569,1
2025-01-24,META,633.2699382382675,648.7931865048288,631.0807466276091,644.3053588867188,19065300,0.0174260927009283,1
2025-01-24,MSFT,439.9410527624692,441.4135747027248,436.225124464603,438.85394287109375,15549500,-0.0024710353456428,-1
2025-01-24,JPM,255.92324583591295,259.2328108457328,255.2632817450512,257.03936767578125,7666300,0.0043611585036862,1
2025-01-24,UNH,508.5364319305624,514.8147973478195,505.06988369195807,512.7733764648438,3671200,0.0083316440440591,1
2025-01-24,GOOGL,197.0706712813597,199.85611023612492,196.97118481318788,199.16970825195312,23877500,0.0106511890224222,1
2025-01-24,AMZN,234.5,236.3999938964844,232.92999267578125,234.8500061035156,25890700,0.001492563341218,1
2025-01-23,UNH,508.3052544305657,511.78144087721006,500.0721596142589,510.1348571777344,4580800,0.0035994173407046,1
2025-01-23,META,624.2743234364817,633.468866899262,618.0949061109532,633.3196411132812,9910200,0.0144893315922513,1
2025-01-23,JPM,256.89377150881944,258.999839319307,256.03968646138014,258.1166687011719,10749700,0.0047603224678043,1
2025-01-23,TSLA,416.05999755859375,420.7300109863281,408.9500122070313,412.3800048828125,50690600,-0.0088448605907204,-1
2025-01-23,GOOGL,197.1104509591117,199.25923110054316,194.1857249631917,196.95127868652344,26951400,-0.0008075283264472,-1
2025-01-23,MSFT,436.8180368447621,441.51234832669104,436.3238987940327,441.4728088378906,18389300,0.0106560892648826,1
2025-01-23,BRK-B,461.6799926757813,464.760009765625,458.0,459.8299865722656,4424500,-0.0040071177717566,-1
2025-01-23,AAPL,223.3132578125695,225.58871322146769,220.8887455720124,222.2401123046875,60234800,-0.0048055611135399,-1
2025-01-23,AMZN,234.1000061035156,235.5200042724609,231.50999450683597,235.4199981689453,26404400,0.0056385819351324,1
2025-01-22,MSFT,432.4301508467356,442.0263047297872,430.8884423191116,440.9688720703125,27803800,0.0197458970121702,1
2025-01-22,AMZN,232.0200042724609,235.44000244140625,231.19000244140625,235.00999450683597,41448200,0.0128867777748329,1
2025-01-22,BRK-B,468.5899963378906,468.8900146484375,455.2799987792969,460.510009765625,5838500,-0.0172431904979023,-1
2025-01-22,META,620.2343211513619,630.5831936184607,616.3833603918935,620.433349609375,12274000,0.0003208923647495,1
2025-01-22,TSLA,416.80999755859375,428.0,414.5899963378906,415.1099853515625,60963300,-0.0040786262733351,-1
2025-01-22,UNH,502.3254662437891,505.0024581247384,496.87527110687705,500.4573669433594,3756100,-0.0037189022376243,-1
2025-01-22,AAPL,218.39463640105285,222.69714881925012,218.39463640105285,222.40899658203125,64126500,0.0183812214765501,1
2025-01-22,GOOGL,198.02566579041408,199.43828553458843,196.5036170079127,197.33924865722656,26200600,-0.0034663038775691,-1
2025-01-22,JPM,255.15646645828,255.62233907135,252.5845261978736,255.0982360839844,9021900,-0.0002282143780397,-1
2025-01-21,AMZN,228.8999938964844,231.77999877929688,226.94000244140625,230.7100067138672,39951500,0.0079074393431454,1
2025-01-21,META,614.7911741747237,618.443106000833,606.0145487128733,613.4279174804688,11674000,-0.002217430489442,-1
2025-01-21,TSLA,432.6400146484375,433.2000122070313,406.30999755859375,424.0700073242188,87320900,-0.0198086331223493,-1
2025-01-21,AAPL,222.57794445660952,222.99527628303537,217.9872792040061,221.22657775878903,98070400,-0.0060714312962122,-1
2025-01-21,GOOGL,198.03563938794176,201.23889429991505,196.8418624454126,197.02093505859372,29971300,-0.005123847063509,-1
2025-01-21,BRK-B,471.0,473.1700134277344,467.7200012207031,468.5700073242188,4910200,-0.0051592201184315,-1
2025-01-21,JPM,252.409816435987,256.4666901787651,251.85659830232555,255.2826232910156,13712100,0.0113815179440819,1
2025-01-21,UNH,494.9975153850579,505.5416822260841,493.8131222511968,505.5320434570313,5682100,0.0212819817161679,1
2025-01-21,MSFT,425.1563998310193,425.8481750206776,420.61032363697626,423.476318359375,26085700,-0.0039516786582821,-1
2025-01-17,JPM,246.65448303751725,252.9436150124132,244.7133916419881,251.5266265869141,17678100,0.0197529089655983,1
2025-01-17,AAPL,230.6463874145182,230.8153063545454,227.02949646555183,228.5199737548828,68488300,-0.009219366856216,-1
2025-01-17,TSLA,421.5,439.739990234375,419.75,426.5,94991400,0.0118623962040332,1
2025-01-17,META,620.9806532892833,621.8961113451103,600.7008856525179,609.7561645507812,17280600,-0.0180754242165948,-1
2025-01-17,GOOGL,195.508827543568,196.2051873028157,192.74327365719543,194.9815826416016,27735100,-0.0026967830997244,-1
2025-01-17,AMZN,225.83999633789065,226.50999450683597,223.0800018310547,225.94000244140625,42370100,0.0004428183897328,1
2025-01-17,BRK-B,464.7099914550781,470.1799926757813,462.4500122070313,467.9500122070313,6467000,0.0069721349046275,1
2025-01-17,UNH,486.8799146567085,502.4794966292706,484.1644268623053,490.8664855957031,7495700,0.0081879962984413,1
2025-01-17,MSFT,429.0007970548674,429.386239236107,423.1502190446997,424.0001220703125,26197500,-0.0116565633884249,-1
2025-01-16,META,608.4923634164871,613.2190007447427,606.7111893194766,608.2933349609375,8355300,-0.0003270845576962,-1
2025-01-16,MSFT,423.6739873785901,424.45470380326,419.4145196873236,419.6022644042969,15300000,-0.0096105097211333,-1
2025-01-16,AMZN,224.4199981689453,224.6499938964844,220.30999755859372,220.66000366210935,24757300,-0.0167542756328042,-1
2025-01-16,UNH,510.69337780488144,519.8316950698609,491.097642444005,491.665771484375,9059900,-0.0372583768410959,-1
2025-01-16,BRK-B,458.9299926757813,462.9599914550781,458.2999877929688,462.80999755859375,3475700,0.008454459165308,1
2025-01-16,TSLA,423.489990234375,424.0,409.1300048828125,413.8200073242188,68335200,-0.0228340294532216,-1
2025-01-16,JPM,246.51861866884337,249.46908602016472,244.8978090555052,246.7806701660156,15292300,0.0010630089466965,1
2025-01-16,AAPL,235.84318609247865,236.4989845496957,226.58234697208556,226.81088256835935,71759100,-0.038297920214568,-1
2025-01-16,GOOGL,193.1312278332848,194.4642614113344,191.8081368295779,191.9076232910156,17815400,-0.0063356120913052,-1
2025-01-15,MSFT,414.2161960548363,423.13043625280113,413.3662628653434,421.31201171875,19637800,0.017130705490266,1
2025-01-15,JPM,243.0246450469622,246.19833373301464,236.50257655181812,244.91722106933597,18448500,0.00778758887605,1
2025-01-15,TSLA,409.8999938964844,429.7999877929688,405.6600036621094,428.2200012207031,81375500,0.044693846296678,1
2025-01-15,GOOGL,192.0866958313472,195.33970907887064,190.86309119272985,194.53392028808597,21776000,0.0127402079886229,1
2025-01-15,META,607.2087300599234,619.3984789584875,603.5169556717734,614.084716796875,15524300,0.0113239260184435,1
2025-01-15,AAPL,233.1503884256181,237.4429702030776,232.94171493841435,236.35987854003903,39832000,0.0137657506645968,1
2025-01-15,UNH,517.1931649977068,526.0425536870702,514.5258708874359,523.2789306640625,4103900,0.0117669104663876,1
2025-01-15,AMZN,222.8300018310547,223.57000732421875,220.75,223.3500061035156,31291300,0.0023336367104425,1
2025-01-15,BRK-B,455.5499877929688,459.0899963378906,453.2699890136719,458.510009765625,4719400,0.0064976886224865,1
2025-01-14,UNH,519.6486591140119,524.3670122769179,516.6635209680352,523.5870361328125,3978300,0.0075789227004172,1
2025-01-14,META,602.0940612489228,602.5119785361296,585.6552929558646,591.3272705078125,13598000,-0.0178822403907734,-1
2025-01-14,AAPL,233.2596800887061,234.62097773623856,230.9941559742804,231.79901123046875,39435300,-0.0062619860306841,-1
2025-01-14,GOOGL,190.24630678281764,190.98245196740996,187.33152340912503,188.6745147705078,17174900,-0.0082618792390233,-1
2025-01-14,MSFT,412.9116481684101,414.8190138642203,405.9047740139068,410.7967529296875,16935900,-0.0051219074300854,-1
2025-01-14,BRK-B,445.5,450.2999877929688,443.9200134277344,450.0299987792969,4055600,0.0101683474282758,1
2025-01-14,JPM,235.51263136841436,240.423590412994,235.0564736886828,240.1809539794922,12407400,0.0198219627709698,1
2025-01-14,TSLA,414.3399963378906,422.6400146484375,394.5400085449219,396.3599853515625,84565000,-0.043394340747316,-1
2025-01-14,AMZN,220.44000244140625,221.82000732421875,216.1999969482422,217.75999450683597,24711700,-0.0121575390350608,-1
2025-01-13,GOOGL,189.08238366148743,190.1866014129224,186.3864584263052,190.0174865722656,21823700,0.0049454787520146,1
2025-01-13,AAPL,232.04743903723332,233.18020116738663,228.26162915914,232.9119110107422,49630700,0.0037254105328442,1
2025-01-13,UNH,515.2095479051569,527.1114882694388,513.3800037333518,521.08349609375,6472500,0.0114010856601485,1
2025-01-13,MSFT,410.3717691669062,413.5935589908242,407.456372689251,412.2989196777344,17604800,0.004696108883758,1
2025-01-13,BRK-B,442.0400085449219,445.0,441.1499938964844,443.9100036621094,3639200,0.0042303752625085,1
2025-01-13,META,604.1140210154849,605.9748187670136,595.5066015316934,605.3380126953125,10785000,0.0020260938121749,1
2025-01-13,JPM,232.61068207915935,237.33723481661397,231.96041824863897,237.0169677734375,10005300,0.0189427486944844,1
2025-01-13,TSLA,383.2099914550781,403.7900085449219,380.0700073242188,403.30999755859375,67580500,0.0524516754565671,1
2025-01-13,AMZN,218.05999755859372,219.3999938964844,216.47000122070312,218.4600067138672,27262700,0.0018343995219295,1
2025-01-10,AAPL,238.4862864086752,238.63534322792128,231.52079498772144,235.3463592529297,61710900,-0.0131660700622627,-1
2025-01-10,JPM,235.9299526770056,236.6287467717316,231.70808773150117,232.80479431152344,10256800,-0.0132461280563243,-1
2025-01-10,AMZN,221.4600067138672,221.7100067138672,216.5,218.94000244140625,36811500,-0.0113790490204258,-1
2025-01-10,UNH,507.1209024999974,515.6043708819419,499.2536688227818,501.3914184570313,5467500,-0.0112980632719357,-1
2025-01-10,BRK-B,452.6600036621094,453.0,440.1000061035156,442.6600036621094,5471900,-0.0220916359278443,-1
2025-01-10,MSFT,419.6516698476812,419.7307186624862,410.1543211903234,414.0382690429688,20201100,-0.0133763337740318,-1
2025-01-10,META,607.0295297697073,626.8116919357244,594.4019444954839,612.830810546875,19256600,0.0095568345404358,1
2025-01-10,GOOGL,193.29041142782185,195.49887742154428,189.32113818407663,191.04214477539065,26665200,-0.0116315477618545,-1
2025-01-10,TSLA,391.3999938964844,399.2799987792969,377.2900085449219,394.739990234375,62287300,0.0085334603729553,1
2025-01-08,META,610.3830585744919,613.4080846789525,599.8251969713253,607.7161865234375,10085800,-0.0043691777050344,-1
2025-01-08,MSFT,418.4953792965591,421.96423797941225,416.59790611740993,419.5824890136719,15054600,0.0025976624137166,1
2025-01-08,UNH,495.4308851819511,505.22393403610863,490.6258409081597,505.07952880859375,4141700,0.0194752566205053,1
2025-01-08,GOOGL,191.5694110447413,195.2700679108895,191.3803958585084,192.94223022460935,24864800,0.0071661711145911,1
2025-01-08,JPM,235.59998364793563,237.05580229045637,233.41625568415452,235.9687957763672,8675300,0.0015654166130278,1
2025-01-08,BRK-B,453.6300048828125,454.0,449.6300048828125,451.8399963378906,3933300,-0.0039459659318265,-1
2025-01-08,AMZN,223.19000244140625,223.5200042724609,220.1999969482422,222.1300048828125,25033300,-0.0047493057350184,-1
2025-01-08,TSLA,392.9500122070313,402.5,387.3999938964844,394.9400024414063,73038800,0.0050642325297258,1
2025-01-08,AAPL,240.38417847646195,242.1628232218062,238.5260549504929,241.1592254638672,37628900,0.003224201327714,1
2025-01-07,AAPL,241.43743349025635,243.99112508347835,239.81779188041267,240.67233276367188,40856000,-0.0031689399424275,-1
2025-01-07,JPM,235.00795317306168,238.036051249581,233.8044710816832,236.0076141357422,8753400,0.0042537324766381,1
2025-01-07,TSLA,405.8299865722656,414.3299865722656,390.0,394.3599853515625,75699500,-0.0282630697587958,-1
2025-01-07,UNH,499.6195783748332,500.2455106075956,492.2723975812633,495.1900939941406,3914500,-0.0088657141801784,-1
2025-01-07,AMZN,227.8999938964844,228.3800048828125,221.4600067138672,222.1100006103516,28084200,-0.025405850992531,-1
2025-01-07,GOOGL,196.085805432373,199.95559215597265,193.5888530048973,194.47422790527344,26487200,-0.0082187363003967,-1
2025-01-07,BRK-B,452.7999877929688,456.5199890136719,451.1000061035156,452.9200134277344,3507200,0.0002650742888723,1
2025-01-07,MSFT,423.9704579117962,425.6011074871905,415.8665816173968,417.4181823730469,18139100,-0.0154545568363927,-1
2025-01-07,META,628.5930882935072,628.9910845111622,605.2384904660217,614.8510131835938,12071500,-0.0218616388977807,-1
2025-01-06,AMZN,226.77999877929688,228.83999633789065,224.83999633789065,227.6100006103516,31849800,0.003659942832359,1
2025-01-06,GOOGL,192.9720631324044,197.19003728298551,192.8427489428689,195.8470458984375,29563600,0.0148984403201435,1
2025-01-06,JPM,236.5220128821813,238.4534043913479,233.4939146690472,233.75596618652344,9917800,-0.0116946691851287,-1
2025-01-06,AAPL,242.75900387005612,245.7598357483754,241.6560500607284,243.4446258544922,45045600,0.0028242906483626,1
2025-01-06,MSFT,422.9822197752049,429.2281326887413,420.491774572373,422.833984375,20573600,-0.0003504530291691,-1
2025-01-06,BRK-B,453.8500061035156,456.239990234375,450.5700073242188,451.4100036621094,4072900,-0.0053762309322294,-1
2025-01-06,META,608.8208189352832,627.8865565009487,602.6413400646944,627.1004638671875,14560800,0.0300246712388581,1
2025-01-06,TSLA,423.2000122070313,426.4299926757813,401.7000122070313,411.0499877929688,85516500,-0.0287098867287334,-1
2025-01-06,UNH,493.98644077705137,501.0158657040778,490.9243096589105,494.631591796875,4444800,0.0013060095714546,1
2025-01-03,UNH,487.5828978925432,497.15445957353546,486.6488483212017,493.9864196777344,3019500,0.0131331960429064,1
2025-01-03,MSFT,416.1433125624827,419.0587393010629,414.62138898974536,418.38671875,16662900,0.0053909461471411,1
2025-01-03,GOOGL,190.375625937452,192.20607673113864,188.9928490622425,190.7934417724609,18596200,0.0021946918517091,1
2025-01-03,META,601.7855544308446,606.5022314682295,593.4765866809927,601.6561889648438,11436800,-0.0002149693774607,-1
2025-01-03,JPM,235.4901603436033,236.4460689618726,231.9851768098756,234.9011688232422,9491100,-0.0025011300663337,-1
2025-01-03,TSLA,381.4800109863281,411.8800048828125,379.4500122070313,410.4400024414063,95423300,0.0759148333360932,1
2025-01-03,AMZN,222.50999450683597,225.3600006103516,221.6199951171875,224.19000244140625,27515600,0.0075502583076945,1
2025-01-03,BRK-B,452.5299987792969,454.5299987792969,450.1199951171875,453.55999755859375,2884600,0.0022760895014149,1
2025-01-03,AAPL,241.8150177001953,242.6298040057451,240.3543488544026,241.8150177001953,40244100,0.0,-1
2025-01-02,META,586.8194676993116,601.9347590067932,584.9288491785778,596.2926635742188,12682300,0.0161432883473477,1
2025-01-02,BRK-B,455.9599914550781,456.8900146484375,450.0299987792969,451.1000061035156,3746400,-0.0106587977950721,-1
2025-01-02,UNH,489.1717351255013,493.12938997936783,484.6363125024563,485.8110961914063,4234900,-0.0068700595164861,-1
2025-01-02,TSLA,390.1000061035156,392.7300109863281,373.0400085449219,379.2799987792969,109710700,-0.0277364961674663,-1
2025-01-02,AAPL,247.34966196417784,247.5185960625861,240.28481431614932,242.3019256591797,55740700,-0.0204072900885111,-1
2025-01-02,JPM,232.6224738942401,234.9011937371106,231.20310097714537,231.73416137695312,9220900,-0.0038186874312532,-1
2025-01-02,GOOGL,189.6593866464132,191.00237818986272,186.52575995103783,188.4457244873047,20370800,-0.0063991673735145,-1
2025-01-02,AMZN,222.02999877929688,225.1499938964844,218.19000244140625,220.22000122070312,33956600,-0.0081520405735484,-1
2025-01-02,MSFT,420.5411695836378,421.0748471756245,409.98638702094667,413.6726379394531,16896500,-0.016332602230086,-1
2024-12-31,MSFT,421.1044562623139,421.727075036825,415.72823181420273,416.5583801269531,13246500,-0.0107956020596678,-1
2024-12-31,JPM,231.78243385290807,233.12456023279117,230.7975595775248,231.4541473388672,4871000,-0.0014163563156352,-1
2024-12-31,META,589.3569487521584,591.048538740922,580.9783186606066,582.6301879882812,6019500,-0.0114137294522778,-1
2024-12-31,BRK-B,452.2099914550781,454.3299865722656,451.1099853515625,453.2799987792969,3380700,0.0023661735575009,1
2024-12-31,TSLA,423.7900085449219,427.9299926757813,402.5400085449219,403.8399963378906,76825100,-0.0470752301960336,-1
2024-12-31,UNH,490.4717219014101,492.06056128069343,484.6844640176999,487.1110534667969,4214000,-0.0068519106903551,-1
2024-12-31,GOOGL,190.08714080992223,190.9625731443876,187.53048736926948,188.3163909912109,17466900,-0.009315463482519,-1
2024-12-31,AMZN,222.97000122070312,223.22999572753903,218.94000244140625,219.38999938964844,24819700,-0.0160559797795896,-1
2024-12-31,AAPL,250.83739579916156,251.6720594492945,247.8464949766397,248.8302154541016,39480700,-0.0080019182891974,-1
2024-12-30,AMZN,220.05999755859372,223.0,218.42999267578125,221.3000030517578,28321200,0.0056348518900346,1
2024-12-30,AAPL,250.6287005424076,251.8906421270002,249.15810064436016,250.5988922119141,35557500,-0.0001189342259248,-1
2024-12-30,GOOGL,188.8138024415549,191.54951344453465,188.13732782747584,190.24632263183597,14264700,0.0075869463553884,1
2024-12-30,UNH,488.073993808141,490.8376463243684,482.1038049746117,488.9791564941406,5408600,0.0018545603688841,1
2024-12-30,META,585.8542270232425,594.0039468527602,582.6998357068834,588.3319702148438,7025900,0.0042292827760086,1
2024-12-30,MSFT,421.0649558192297,422.5374777077036,416.9537232035626,419.849365234375,13158700,-0.0028869431380001,-1
2024-12-30,TSLA,419.3999938964844,427.0,415.75,417.4100036621094,64941000,-0.0047448504132934,-1
2024-12-30,BRK-B,454.25,454.6900024414063,449.1799926757813,452.1600036621094,2831400,-0.0046009825820376,-1
2024-12-30,JPM,230.5465153128384,232.54521468407717,228.9436839150169,231.07757568359372,5723800,0.0023034847004074,1
2024-12-27,AAPL,256.19314630806485,257.05764856283577,251.45343969164696,253.9673767089844,42355300,-0.0086878577009396,-1
2024-12-27,MSFT,429.5048352492743,430.117561657289,421.351556737901,425.4825439453125,18117700,-0.0093649499932343,-1
2024-12-27,JPM,234.3604651162079,235.0073878325532,231.77275951756664,232.8638458251953,5730200,-0.0063859716709065,-1
2024-12-27,AMZN,225.6000061035156,226.02999877929688,220.8999938964844,223.75,27367100,-0.0082003814426616,-1
2024-12-27,META,596.4618673609139,598.8898690255031,586.8991472446073,596.8599243164062,8084200,0.0006673636275418,1
2024-12-27,TSLA,449.5199890136719,450.0,426.5,431.6600036621094,82666800,-0.0397312372932526,-1
2024-12-27,UNH,490.5391002163498,494.159721292382,488.9791184797507,491.08795166015625,3471800,0.0011188739971275,1
2024-12-27,BRK-B,457.2999877929688,461.1300048828125,454.4800109863281,456.510009765625,3237700,-0.0017274831586074,-1
2024-12-27,GOOGL,193.9370152813754,194.3051030426647,189.659355519318,191.7583923339844,18891400,-0.0112336623528528,-1
2024-12-26,MSFT,433.9322924323696,435.7705018127553,431.5110338839644,432.9736633300781,8194200,-0.0022091674646243,-1
2024-12-26,AAPL,256.5508929178466,258.44877099351584,255.99445048269988,257.3756103515625,27237100,0.0032146348209357,1
2024-12-26,AMZN,228.5,228.5,226.6699981689453,227.0500030517578,16146700,-0.0063457196859614,-1
2024-12-26,BRK-B,457.2699890136719,459.4800109863281,455.7999877929688,459.0799865722656,2159600,0.0039582688610243,1
2024-12-26,JPM,233.11489415476905,234.8818688310357,232.4969370056862,234.76600646972656,4451800,0.0070828263502603,1
2024-12-26,TSLA,465.1600036621094,465.3299865722656,451.0199890136719,454.1300048828125,76366400,-0.0237122682355747,-1
2024-12-26,GOOGL,194.1359900072514,195.7276824419866,193.37000187433253,194.5836639404297,12046600,0.0023059811483773,1
2024-12-26,UNH,486.90886600636674,493.2353368759865,486.0229808270205,492.20501708984375,3387000,0.0108770890267743,1
2024-12-26,META,602.5019749107529,603.3179490935831,595.994163249834,600.3824462890625,6081400,-0.0035178782974186,-1
2024-12-24,AAPL,253.86804957710976,256.5707679464462,253.6693071300515,256.56085205078125,23234700,0.0106070948201521,1
2024-12-24,TSLA,435.8999938964844,462.7799987792969,435.1400146484375,462.2799987792969,59551800,0.0605184795874925,1
2024-12-24,JPM,231.1837698892596,234.1383926210489,230.836182814854,233.96458435058597,3729100,0.0120285886100844,1
2024-12-24,MSFT,429.55422661934296,434.44620567192754,429.0996280307953,434.1793518066406,7164500,0.0107672673219819,1
2024-12-24,UNH,485.7051897146876,487.3421936035156,482.0364038118292,487.3421936035156,1824400,0.0033703652410831,1
2024-12-24,GOOGL,193.82759815006608,195.09100341796875,192.7731083908338,195.09100341796875,10403300,0.0065181908044101,1
2024-12-24,AMZN,226.94000244140625,229.13999938964844,226.1300048828125,229.0500030517578,15007500,0.0092976142929951,1
2024-12-24,BRK-B,455.4100036621094,458.989990234375,454.0700073242188,458.6600036621094,1761200,0.0071364264593786,1
2024-12-24,META,599.7555139461255,604.9996130735921,596.3324917694366,604.7608032226562,4726100,0.008345549411623,1
2024-12-23,META,586.7000720639313,598.1336103729398,583.3665730831542,596.899658203125,10205800,0.0173846682910962,1
2024-12-23,TSLA,431.0,434.510009765625,415.4100036621094,430.6000061035156,72698100,-0.0009280600846505,-1
2024-12-23,BRK-B,453.1900024414063,454.5499877929688,449.8200073242188,454.3500061035156,3836000,0.0025596408920325,1
2024-12-23,JPM,227.93952196997523,230.4016856524641,226.79050439374112,230.1796112060547,8611500,0.009827559594402,1
2024-12-23,UNH,482.2000998679191,489.92284015850703,480.5534572648544,487.5732727050781,4286000,0.0111430355129142,1
2024-12-23,AAPL,253.15260355822255,254.02700659111463,251.840976266006,253.64942932128903,40858800,0.0019625544279745,1
2024-12-23,MSFT,431.6197693083459,432.5191043348879,427.7556054663108,430.1472473144531,19152500,-0.0034116185091624,-1
2024-12-23,GOOGL,191.6191324608379,194.08625719212253,189.16196548396,193.6186981201172,25675000,0.0104351044365987,1
2024-12-23,AMZN,225.00999450683597,226.8800048828125,223.8999938964844,225.05999755859372,28070000,0.0002222259143084,1
2024-12-20,UNH,471.1552463651525,484.01045555567634,470.6160042325208,481.5934753417969,10956900,0.022154542599648,1
2024-12-20,GOOGL,184.8146696474835,191.88772607244653,184.25758188521124,190.41542053222656,63462900,0.0303046879093849,1
2024-12-20,META,587.6752614717944,600.143601343373,577.1472819775203,582.3714599609375,48989400,-0.0090250549216142,-1
2024-12-20,JPM,223.93244155838863,230.97137492047275,223.61380532033127,229.4168243408203,32348400,0.0244912382692959,1
2024-12-20,AAPL,246.46531011815412,253.38113119374523,244.1302382023433,252.87437438964844,147495300,0.0260039202613212,1
2024-12-20,MSFT,428.0323101896431,438.5376915043319,423.6048519123028,431.4814147949219,64263700,0.0080580473089767,1
2024-12-20,TSLA,425.510009765625,447.0799865722656,417.6400146484375,421.05999755859375,132216200,-0.0104580670369713,-1
2024-12-20,AMZN,219.83999633789065,226.2100067138672,218.72999572753903,224.9199981689453,88279200,0.0231077234155644,1
2024-12-20,BRK-B,449.1099853515625,458.6499938964844,447.1900024414063,453.2000122070313,12943900,0.009106960408077,1
2024-12-19,JPM,224.2703921842892,228.2195249429689,224.2703921842892,224.93663024902344,11790800,0.0029706911297802,1
2024-12-19,META,607.3878634532757,608.512310503509,592.0735432784724,592.6407470703125,14958100,-0.0242795703870656,-1
2024-12-19,GOOGL,190.63427019379503,192.0269895380088,187.40115762090377,187.5304718017578,32265200,-0.0162814292985304,-1
2024-12-19,UNH,481.6030921786186,484.9829794298524,468.21825084798365,471.11669921875,7418100,-0.0217739319580186,-1
2024-12-19,AMZN,224.91000366210935,226.08999633789065,222.9199981689453,223.2899932861328,39918700,-0.0072029271690838,-1
2024-12-19,BRK-B,451.7300109863281,453.7999877929688,448.8900146484375,449.3399963378906,4645200,-0.0052908033345383,-1
2024-12-19,TSLA,451.8800048828125,456.3599853515625,420.0199890136719,436.1700134277344,118566100,-0.0347658477589692,-1
2024-12-19,MSFT,436.44249480171817,437.9842031344139,431.2046434354816,431.90631103515625,22963700,-0.0103935428391838,-1
2024-12-19,AAPL,245.92873792847348,250.400169527173,245.5213371883983,248.2041931152344,60882300,0.0092524981257891,1
2024-12-18,GOOGL,194.20562099415744,195.97637074387896,186.76449197962532,187.42105102539065,34166100,-0.0349349824893633,-1
2024-12-18,TSLA,466.5,488.5400085449219,427.010009765625,440.1300048828125,149340800,-0.0565273207228027,-1
2024-12-18,MSFT,446.0288263639181,447.3432204529913,431.8964584641415,432.26214599609375,24444500,-0.0308650014395976,-1
2024-12-18,JPM,230.7686162264445,230.8362124328699,221.62477071445957,222.4358367919922,11322400,-0.0361088070410563,-1
2024-12-18,BRK-B,457.05999755859375,458.7300109863281,446.0899963378906,446.5899963378906,4361900,-0.0229072797370785,-1
2024-12-18,AMZN,230.7700042724609,231.3999938964844,220.1100006103516,220.5200042724609,43281400,-0.04441651778928,-1
2024-12-18,UNH,470.3270773777629,487.7658730347115,467.9871486870852,481.1986389160156,10147600,0.0231148961247679,1
2024-12-18,AAPL,250.55917390522964,252.6657103008961,246.1672359539693,246.4752655029297,56774100,-0.0162991773106844,-1
2024-12-18,META,617.945699059959,624.2744037203172,593.387091448316,594.2528076171875,17075500,-0.0383413809317128,-1
2024-12-17,META,623.0902515630854,629.2597698587709,613.5076105410767,616.3933715820312,12897800,-0.0107478490704265,-1
2024-12-17,JPM,230.43065565931624,230.78792251755053,228.4802370347638,230.1506500244141,8083600,-0.0012151405554134,-1
2024-12-17,MSFT,445.7224537683285,449.9522746519603,444.2993336430134,449.1319885253906,22733500,0.0076494570292263,1
2024-12-17,TSLA,475.8999938964844,483.989990234375,457.510009765625,479.8599853515625,131223000,0.0083210580077029,1
2024-12-17,BRK-B,454.7000122070313,456.6199951171875,452.05999755859375,455.6600036621094,5057500,0.0021112633149458,1
2024-12-17,GOOGL,196.22506444695088,200.37339478634232,193.96685539925247,194.40457153320312,43504000,-0.0092775758228374,-1
2024-12-17,AMZN,232.38999938964844,232.72999572753903,227.8500061035156,231.1499938964844,35948100,-0.0053358814769173,-1
2024-12-17,UNH,468.9500895030202,477.2313495275996,458.1844661643123,467.5249328613281,14132700,-0.003039036932912,-1
2024-12-17,AAPL,248.4923793968116,252.2185726786221,248.19428090188288,251.87078857421875,51356400,0.0135956248863965,1
2024-12-16,AMZN,230.22999572753903,233.0,228.00999450683597,232.92999267578125,37552100,0.0117273899941232,1
2024-12-16,META,626.8814359361309,628.0457250425881,615.5375430599308,621.169677734375,10885600,-0.009111385142912,-1
2024-12-16,MSFT,442.02626356510217,446.8787030896928,440.0596036741231,446.2956237792969,23598800,0.0096586120918715,1
2024-12-16,AAPL,246.41563368868003,249.78411156803347,246.07778066556844,249.44625854492188,51694800,0.0122988335231632,1
2024-12-16,GOOGL,191.8678225512729,197.9659752907868,191.6191215772895,195.6381378173828,44934900,0.0196505866172655,1
2024-12-16,BRK-B,459.1700134277344,460.4200134277344,454.5799865722656,455.2000122070313,4514000,-0.0086460376431527,-1
2024-12-16,UNH,498.8011272587293,502.36400420803096,477.6935453913927,480.02386474609375,8880000,-0.0376447876447876,-1
2024-12-16,JPM,232.32313781366128,232.38106899290696,229.33956421642745,231.32861328125,9032000,-0.0042807812505052,-1
2024-12-16,TSLA,441.0899963378906,463.1900024414063,436.1499938964844,463.0199890136719,114083800,0.0497177284859167,1
2024-12-13,META,623.6319649076017,627.469929936179,613.3611012669363,616.80126953125,8453300,-0.0109530873347131,-1
2024-12-13,MSFT,443.1825414368637,446.13747735633456,440.3560560775405,442.0262451171875,20177800,-0.0026090746172611,-1
2024-12-13,BRK-B,460.510009765625,460.510009765625,457.010009765625,457.8999938964844,3474300,-0.0056676637071775,-1
2024-12-13,TSLA,420.0,436.2999877929688,415.7099914550781,436.2300109863281,89000200,0.0386428833007812,1
2024-12-13,UNH,496.5285684137655,507.97789698426544,491.790908118889,501.1891479492188,8202900,0.0093863270553438,1
2024-12-13,AAPL,246.24671899982584,247.7073727380188,244.67674782957272,246.55474853515625,33155300,0.0012508980285363,1
2024-12-13,JPM,233.7328690945859,234.3604765375674,230.9037736251097,231.6762237548828,10392700,-0.0087991276009657,-1
2024-12-13,AMZN,228.3999938964844,230.1999969482422,225.8600006103516,227.4600067138672,28768100,-0.0041155306818581,-1
2024-12-13,GOOGL,190.01748306194705,191.7285469445743,188.65460660803555,188.83367919921875,25143500,-0.0062299733879873,-1
2024-12-12,AAPL,245.32260415969785,247.1608653940442,244.1202792424049,246.3858184814453,32777500,0.0043339435654096,1
2024-12-12,JPM,234.63081380840495,235.69293449672637,232.7383118728305,233.21144104003903,6113800,-0.0060493877395189,-1
2024-12-12,META,627.887478818055,633.017934128409,623.6220417827839,627.1815185546875,7474700,-0.0011243419994557,-1
2024-12-12,MSFT,443.8446618873549,450.8120264425983,443.8446618873549,444.2893981933594,20834800,0.0010020089103095,1
2024-12-12,AMZN,229.8300018310547,231.08999633789065,227.6300048828125,228.97000122070312,28204100,-0.0037418988099897,-1
2024-12-12,GOOGL,193.98676747620544,194.16582489848335,190.71386920648584,190.9625701904297,34817500,-0.0155897091596554,-1
2024-12-12,BRK-B,462.1600036621094,463.5700073242188,458.0799865722656,458.6300048828125,2571300,-0.0076380447276387,-1
2024-12-12,TSLA,424.8399963378906,429.2999877929688,415.0,418.1000061035156,87752200,-0.0158647733087127,-1
2024-12-12,UNH,511.82966180779664,514.2080867320252,495.132317176275,496.6441345214844,9403800,-0.0296691036480311,-1
2024-12-11,GOOGL,184.34712093414169,194.59360484337623,183.88951960925283,194.3846893310547,67894100,0.0544492821262935,1
2024-12-11,META,619.8041107841092,634.7481632992731,617.9746701821156,629.0608520507812,10837200,0.0149349465510343,1
2024-12-11,TSLA,409.7000122070313,424.8800048828125,402.3800048828125,424.7699890136719,104287600,0.0367829542534292,1
2024-12-11,AMZN,226.41000366210935,231.1999969482422,226.25999450683597,230.25999450683597,35385800,0.0170045085572818,1
2024-12-11,JPM,235.59637673776825,235.85708177176627,233.8390524294808,235.1425628662109,7884400,-0.0019262345110783,-1
2024-12-11,BRK-B,463.3299865722656,465.4800109863281,458.7699890136719,461.3900146484375,3876900,-0.0041870200074467,-1
2024-12-11,UNH,535.0652855011919,537.4148529813656,512.9273841173434,513.7555541992188,10363000,-0.0398264134852486,-1
2024-12-11,MSFT,438.8440482605507,445.07020661100427,438.8440482605507,443.7261352539063,19200200,0.0111248791289449,1
2024-12-11,AAPL,246.3858091597837,249.2077755123232,244.69658964103184,244.92514038085935,45205800,-0.0059283803069074,-1
2024-12-10,JPM,235.49016047866672,239.4199922894347,233.87767887717348,234.49563598632807,9108300,-0.0042232103894153,-1
2024-12-10,UNH,541.1702957417291,546.7071804401542,536.3845297003805,544.2420654296875,5360600,0.005676160927769,1
2024-12-10,AMZN,226.08999633789065,229.05999755859372,224.1999969482422,225.0399932861328,31199900,-0.0046441818247835,-1
2024-12-10,META,614.0272799520044,622.0113739130567,609.234845211511,615.7772216796875,10938900,0.0028499413378179,1
2024-12-10,MSFT,439.1800467406791,444.34871163189086,436.4227478753231,438.1324462890625,18469500,-0.0023853552987919,-1
2024-12-10,BRK-B,464.4200134277344,464.989990234375,459.5,462.489990234375,3648500,-0.0041557709348365,-1
2024-12-10,GOOGL,181.89990276575224,185.3916590588329,180.10925267461994,184.2078399658203,54813000,0.01268795180743,1
2024-12-10,AAPL,245.3226337747269,246.63426111556623,243.7824708197424,246.19705200195312,36914800,0.0035643601805986,1
2024-12-10,TSLA,392.6799926757813,409.7300109863281,390.8500061035156,400.989990234375,97563600,0.0211622637098675,1
2024-12-09,BRK-B,470.6000061035156,471.7000122070313,463.4200134277344,463.8699951171875,3748200,-0.0143009156375738,-1
2024-12-09,JPM,238.61858077940383,239.33308495141208,235.3646371981349,235.4129180908203,7076500,-0.0134342542735474,-1
2024-12-09,AMZN,227.2100067138672,230.0800018310547,225.6699981689453,226.08999633789065,46819400,-0.00492940602474,-1
2024-12-09,AAPL,240.29475369946152,245.67041216886827,240.21525975684384,245.1835174560547,44649200,0.0203448626377735,1
2024-12-09,UNH,531.5409832210477,542.1140078842855,524.4537842169498,539.8414916992188,7684700,0.0156159331833105,1
2024-12-09,TSLA,397.6099853515625,404.7999877929688,378.010009765625,389.7900085449219,96359200,-0.0196674557851616,-1
2024-12-09,GOOGL,173.05609352730906,175.3441303590525,172.7476915668061,174.45875549316406,25389600,0.0081052445901516,1
2024-12-09,MSFT,437.4110061952819,443.0738089240489,435.3356203613735,440.7908935546875,19144400,0.0077270286104703,1
2024-12-09,META,620.3508267816162,622.8166811211822,602.7023662786942,610.06005859375,11426000,-0.0165886265377524,-1
2024-12-06,MSFT,437.1145294101148,440.8699968788184,436.5907442566123,438.3696594238281,18821000,0.0028713985220466,1
2024-12-06,BRK-B,470.5799865722656,472.0799865722656,467.8200073242188,470.5,3270900,-0.0001699744454672,-1
2024-12-06,TSLA,377.4200134277344,389.489990234375,370.7999877929688,389.2200012207031,81455800,0.0312648703649843,1
2024-12-06,META,606.609996608488,626.1873655515558,605.0490309451652,620.2018432617188,16935500,0.0224062358504174,1
2024-12-06,AAPL,241.36787220390693,243.07695387436263,240.5431396985891,241.29830932617188,36870600,-0.0002882027218447,-1
2024-12-06,UNH,558.3932498900633,558.3932498900633,521.9702785054657,527.2269897460938,13003600,-0.0558141778220019,-1
2024-12-06,GOOGL,170.94019551806315,173.9708769207123,170.77127428081718,173.6032257080078,21462400,0.0155787243712568,1
2024-12-06,JPM,237.2378514526948,239.20760013056864,236.40747009501496,238.84068298339844,5519700,0.0067562217449235,1
2024-12-06,AMZN,220.75,227.1499938964844,220.6000061035156,227.02999877929688,44178100,0.0284484655913788,1
2024-12-05,BRK-B,468.7799987792969,472.739990234375,468.7200012207031,470.5700073242188,3320200,0.0038184405255835,1
2024-12-05,AAPL,242.4410361127995,242.98753231090083,240.59284370740727,241.4970550537109,40033900,-0.0038936521400171,-1
2024-12-05,GOOGL,174.24911120663256,174.9446737388749,171.2383071896845,171.5463409423828,21356200,-0.015510955812249,-1
2024-12-05,META,613.5499962447583,616.3538716503245,603.5773439679037,605.4465942382812,8081200,-0.0132074029110488,-1
2024-12-05,AMZN,218.02999877929688,222.1499938964844,217.3000030517578,220.5500030517578,41140200,0.0115580621316786,1
2024-12-05,UNH,580.9645986051931,584.178087104217,550.5081796771568,555.3811645507812,5943700,-0.0440361325213856,-1
2024-12-05,MSFT,432.7859365018672,439.4469085884485,431.0564531129943,437.4308166503906,21697800,0.0107325117494972,1
2024-12-05,JPM,236.93852436784667,238.66686850941545,236.19503980642355,237.02542114257807,6572500,0.0003667481890642,1
2024-12-05,TSLA,359.8699951171875,375.4299926757813,359.5,369.489990234375,81403600,0.0267318621938871,1
2024-12-04,AAPL,241.32814402991647,242.56027739454964,239.7184333911867,241.46725463867188,44383900,0.0005764375693294,1
2024-12-04,UNH,586.1254541632277,597.4542813070711,582.2404149944798,585.90478515625,4147600,-0.000376487670703,-1
2024-12-04,BRK-B,471.0899963378906,471.3399963378906,466.5,468.3200073242188,3941100,-0.0058799571954508,-1
2024-12-04,AMZN,215.9600067138672,220.0,215.75,218.16000366210935,48745700,0.0101870572321153,1
2024-12-04,TSLA,353.0,358.1000061035156,348.6000061035156,357.92999267578125,50810900,0.0139659849172273,1
2024-12-04,MSFT,427.953201459916,434.5153692878957,427.5578970490266,432.291748046875,26009400,0.0101378995931295,1
2024-12-04,META,609.4536043990507,614.2460390304662,601.6385211482492,610.2689208984375,14697000,0.0013377827179982,1
2024-12-04,GOOGL,170.0657630063179,173.8019532050098,169.9763367929556,173.26536560058594,31615100,0.0188139137337665,1
2024-12-04,JPM,236.2722736572103,236.89989581875423,233.8873418565162,235.0170440673828,7346300,-0.0053126402450784,-1
2024-12-03,UNH,585.9623105171601,590.6626948046447,580.1780193225952,580.5712890625,2329900,-0.0092002870455986,-1
2024-12-03,META,591.5963112149323,610.6864900333547,587.8677630350062,610.1396484375,14907200,0.0313445788471638,1
2024-12-03,TSLA,351.79998779296875,355.69000244140625,348.20001220703125,351.4200134277344,58267200,-0.00108008635139,-1
2024-12-03,JPM,239.68069795223076,240.4627983571973,236.20469451535047,236.38815307617188,6657700,-0.0137372133183418,-1
2024-12-03,MSFT,424.8006430250728,427.3998142862311,422.72525694948587,426.1447143554688,18302000,0.0031640049337604,1
2024-12-03,AMZN,210.30999755859372,214.0200042724609,209.6499938964844,213.44000244140625,32214800,0.0148828154588345,1
2024-12-03,GOOGL,170.40365177380562,171.58610063371935,169.76770664793386,170.2545928955078,22248700,-0.0008747399292573,-1
2024-12-03,AAPL,238.2875760799829,241.21884512379424,237.3833495294824,241.1095428466797,38861000,0.0118426936608292,1
2024-12-03,BRK-B,478.1600036621094,478.2999877929688,468.80999755859375,470.1900024414063,4931600,-0.0166680633253782,-1
2024-12-02,JPM,240.9552533116239,241.63114167034325,236.59092247162565,237.76890563964844,8899700,-0.0132238149124501,-1
2024-12-02,UNH,588.9840064064243,588.9840064064243,576.2930505413378,583.727294921875,3364900,-0.0089250496233712,-1
2024-12-02,AMZN,209.9600067138672,212.9900054931641,209.50999450683597,210.7100067138672,39523200,0.0035721088589128,1
2024-12-02,MSFT,416.62759418862754,427.9235836266096,416.3706327320821,425.9272766113281,20207200,0.0223213309737956,1
2024-12-02,AAPL,235.76367580720532,239.26131787624368,235.6543735449281,238.0689392089844,48137100,0.0097778565501504,1
2024-12-02,META,574.196458750282,591.0992116485587,572.2775064388576,589.4387817382812,12522400,0.0265454841382575,1
2024-12-02,GOOGL,167.70084031293914,170.98986891966845,167.50211035245346,170.4036102294922,23789100,0.0161166152269096,1
2024-12-02,BRK-B,484.7999877929688,485.0899963378906,474.75,477.3299865722656,5031500,-0.0154084187475127,-1
2024-12-02,TSLA,352.3800048828125,360.0,351.1499938964844,357.0899963378906,77986500,0.013366227906843,1
2024-11-29,AAPL,233.31931239062584,236.3002669685808,232.48464874765904,235.8233184814453,28481400,0.0107320995641682,1
2024-11-29,BRK-B,485.3699951171875,486.010009765625,482.0499877929688,483.0199890136719,2969700,-0.0048416798054198,-1
2024-11-29,JPM,241.25457769809185,243.09879896511487,240.85869496329937,241.1194000244141,5494800,-0.0005603113315715,-1
2024-11-29,MSFT,415.1649667399431,419.89881842784905,412.90180567999255,418.4954528808594,16271900,0.0080220789510943,1
2024-11-29,TSLA,336.0799865722656,345.45001220703125,334.6499938964844,345.1600036621094,37167600,0.0270174287450208,1
2024-11-29,GOOGL,167.43255348682078,168.35665466444746,166.101046017883,167.87969970703125,14257200,0.0026706050340781,1
2024-11-29,META,565.7450932068846,575.1510000832634,563.6571303183109,571.03466796875,7130500,0.0093497492517024,1
2024-11-29,AMZN,205.8300018310547,208.1999969482422,204.58999633789065,207.88999938964844,24892400,0.0100082472927566,1
2024-11-29,UNH,583.9958225359595,590.6914781882969,581.9046486835576,585.3388061523438,2010800,0.0022996459299185,1
2024-11-27,AMZN,206.97999572753903,207.63999938964844,205.0500030517578,205.7400054931641,28061600,-0.0059908699389832,-1
2024-11-27,TSLA,341.79998779296875,342.54998779296875,326.5899963378906,332.8900146484375,57896400,-0.0260677983111225,-1
2024-11-27,MSFT,420.1260855658935,422.22125646736464,417.0723156931925,418.0309448242188,18332400,-0.0049869332413687,-1
2024-11-27,AAPL,232.9814664022851,234.1937224347506,232.32565277909848,233.43853759765625,33498400,0.001961835000995,1
2024-11-27,UNH,586.1350117885413,592.2934272154505,581.9814113166943,583.5929565429688,2269800,-0.0043369790141279,-1
2024-11-27,JPM,240.76210191243868,242.5387266366339,240.20207601895697,241.1869354248047,5472300,0.001764536482243,1
2024-11-27,META,571.601423170664,571.6908743519631,560.8731072719025,565.9439697265625,7200200,-0.0098975496119651,-1
2024-11-27,BRK-B,481.0,491.6700134277344,480.8699951171875,483.0799865722656,5359300,0.0043242964080366,1
2024-11-27,GOOGL,167.92937451766832,168.4063294425014,166.9555871238481,168.1579132080078,19266500,0.0013609214647282,1
2024-11-26,JPM,241.8628736022572,242.35530337685785,239.78691296046716,241.36077880859372,6212100,-0.0020759481857855,-1
2024-11-26,BRK-B,478.2000122070313,479.3999938964844,472.8500061035156,478.55999755859375,3332000,0.0007527924349082,1
2024-11-26,AAPL,231.8487208075284,234.0745057649552,231.8487208075284,233.56773376464844,45986200,0.0074143732651736,1
2024-11-26,MSFT,414.6707766023476,424.0099980685231,413.93946191933657,422.9722900390625,23458900,0.020019528515451,1
2024-11-26,GOOGL,166.5680936524055,168.74422275300518,166.5184073625678,168.04864501953125,20486700,0.0088885652387627,1
2024-11-26,META,562.7621877433986,574.1964018053228,561.9667762936829,570.259033203125,10356600,0.0133215159493706,1
2024-11-26,AMZN,201.8999938964844,208.0,201.7899932861328,207.8600006103516,41673700,0.029519598286481,1
2024-11-26,UNH,583.4585615350434,583.6791719448034,574.4799286320879,582.067626953125,2693600,-0.0023839475047875,-1
2024-11-26,TSLA,341.0,346.9599914550781,335.6600036621094,338.2300109863281,62295900,-0.0081231349374541,-1
2024-11-25,AMZN,199.27999877929688,201.9499969482422,199.0,201.4499969482422,40685700,0.0108891920023975,1
2024-11-25,BRK-B,479.1300048828125,482.5,476.7900085449219,477.4299926757813,5246600,-0.0035481230348891,-1
2024-11-25,AAPL,229.99059491471,231.7692245216812,228.2815130321861,231.39163208007807,90152800,0.0060917150368156,1
2024-11-25,MSFT,413.4749606494442,416.143288030705,409.9863472135053,413.8801574707031,27691100,0.0009799791035048,1
2024-11-25,TSLA,360.1400146484375,361.9299926757813,338.20001220703125,338.5899963378906,95890900,-0.059837889248668,-1
2024-11-25,JPM,240.99386567944467,245.55130530795057,240.4821205914916,241.6697540283203,10295400,0.0028045873573175,1
2024-11-25,GOOGL,165.03785161237923,167.5617697445597,164.56089655546532,166.5879669189453,33135300,0.0093924835510268,1
2024-11-25,META,558.8844673779386,569.3145100236936,553.2071704273792,561.8772583007812,13599800,0.0053549366595991,1
2024-11-25,UNH,573.2329178730051,584.9934201825129,570.7676199124219,581.1467895507812,5146200,0.0138056825262944,1
2024-11-22,AAPL,226.61218332282024,229.25530023929056,226.61218332282024,228.4106903076172,38168300,0.0079364973163639,1
2024-11-22,MSFT,406.5471154925831,412.5064188915794,406.2407523286384,412.1111145019531,24814600,0.0136859881606306,1
2024-11-22,TSLA,341.0899963378906,361.5299987792969,337.70001220703125,352.5599975585937,89140700,0.0336274922860555,1
2024-11-22,UNH,574.1730162657962,576.7630225461838,564.6859480274106,566.7963256835938,3197900,-0.0128475047994724,-1
2024-11-22,GOOGL,164.79936934193785,165.40550568311707,162.8617101914929,163.7162628173828,38604600,-0.0065722734794435,-1
2024-11-22,META,560.3263363146489,560.6047637716225,551.4176286678019,555.9415893554688,9164000,-0.0078253451158824,-1
2024-11-22,BRK-B,472.2699890136719,477.4400024414063,471.6099853515625,476.5700073242188,3885200,0.0091050001282685,1
2024-11-22,JPM,235.219821387118,240.5690116009233,234.65979541625032,239.98968505859372,7997300,0.0202783236690994,1
2024-11-22,AMZN,198.25,199.25999450683597,196.75,197.1199951171875,31530800,-0.0056998985261664,-1
2024-11-21,UNH,575.5543515169048,579.3913805270175,572.4175615656445,573.1466064453125,2722900,-0.004183349609375,-1
2024-11-21,AMZN,203.4900054931641,203.4900054931641,195.75,198.3800048828125,58800000,-0.025111801427138,-1
2024-11-21,TSLA,343.8099975585937,347.989990234375,335.2799987792969,339.6400146484375,58011700,-0.0121287424442786,-1
2024-11-21,BRK-B,469.4500122070313,474.6600036621094,467.0,472.05999755859375,4116800,0.0055596661704025,1
2024-11-21,AAPL,227.42695953023323,228.69883223369172,224.2770861035494,227.0692443847656,42108300,-0.0015728792497006,-1
2024-11-21,JPM,234.85292652668068,237.0350994361045,233.77150509187652,236.33023071289065,8783500,0.006290337565975,1
2024-11-21,MSFT,414.5818162626976,414.8585323591749,405.479801995212,408.029541015625,20780200,-0.0158045408410309,-1
2024-11-21,META,566.2621066854078,566.7393414481576,545.9091728138703,559.868896484375,11154700,-0.0112901960515338,-1
2024-11-21,GOOGL,172.79836977486937,173.02692368437366,162.662987910428,166.56809997558594,59734400,-0.0360551422296434,-1
2024-11-20,AMZN,202.97999572753903,203.1300048828125,199.4499969482422,202.8800048828125,32769000,-0.0004926142813638,-1
2024-11-20,AAPL,226.61216873586116,228.4702922716314,224.45594670445817,227.54620361328125,35169600,0.0041217331029951,1
2024-11-20,UNH,558.968889876952,578.0868824653136,557.8561185272434,576.0340576171875,3928600,0.0305297272340007,1
2024-11-20,TSLA,345.0,346.6000061035156,334.29998779296875,342.0299987792969,66340700,-0.0086086991904438,-1
2024-11-20,MSFT,411.1596548604422,411.5739148887647,404.9558076834049,409.7985534667969,19191700,-0.003310396284157,-1
2024-11-20,BRK-B,470.0,470.6099853515625,466.1099853515625,468.8299865722656,3019500,-0.0024893902717752,-1
2024-11-20,JPM,235.9826082126915,236.1853820806055,230.42099380614764,232.4872894287109,9015300,-0.0148117643518467,-1
2024-11-20,META,559.7097017322158,563.1101203268514,551.0296618909093,562.284912109375,9797300,0.0046009750575867,1
2024-11-20,GOOGL,176.2165738071629,176.55441631876369,172.67912830422068,174.8651885986328,18997100,-0.0076688882284643,-1
2024-11-19,GOOGL,172.6194876637269,177.7368564274597,172.46049762237553,176.99160766601562,23434900,0.0253280788945793,1
2024-11-19,AMZN,199.3300018310547,205.3000030517578,198.77999877929688,204.6100006103516,31197900,0.0264887309024961,1
2024-11-19,MSFT,407.4511618868994,412.2150169012381,405.912533336808,412.0670776367188,18133500,0.0113287583435598,1
2024-11-19,UNH,558.9783786612738,562.9305725516799,553.2708446374179,553.491455078125,3198300,-0.0098159853629576,-1
2024-11-19,JPM,233.90666165823853,236.70677679200912,233.2307733224933,234.7177276611328,6792700,0.0034674771429953,1
2024-11-19,BRK-B,470.7699890136719,470.7699890136719,465.010009765625,468.8599853515625,3656200,-0.0040571907867599,-1
2024-11-19,TSLA,335.760009765625,347.3800048828125,332.75,346.0,88852500,0.0304979447716926,1
2024-11-19,META,548.7030690284671,558.2183311036446,547.4502671516217,557.8803100585938,9522400,0.0167253320568734,1
2024-11-19,AAPL,225.53899960732684,228.69881907074452,225.221039030722,226.83074951171875,36211800,0.005727390414256,1
2024-11-18,AAPL,223.8199993254601,228.28149999782983,223.74050538640265,226.57241821289065,44633700,0.0122974662484392,1
2024-11-18,UNH,565.4245725060198,569.9330931051081,561.4724374825843,565.6260375976562,2577100,0.0003563076340024,1
2024-11-18,MSFT,409.1870876999845,412.6687324009395,406.4550421174999,410.0649108886719,24727000,0.0021452856531263,1
2024-11-18,GOOGL,172.32140362031606,174.32861141194803,171.80469351153303,174.1894989013672,20135300,0.0108407617498705,1
2024-11-18,BRK-B,470.9800109863281,472.6700134277344,468.3599853515625,472.2000122070313,3357100,0.0025903460704164,1
2024-11-18,AMZN,204.1499938964844,204.6699981689453,200.9499969482422,201.6999969482422,36409900,-0.0120009650819998,-1
2024-11-18,JPM,239.2268837126996,239.3910269686542,234.3218424056193,236.5909118652344,9051400,-0.0110187108010438,-1
2024-11-18,META,553.8534284072965,556.6971138862053,546.9432344613651,551.2285766601562,14327300,-0.0047392534062459,-1
2024-11-18,TSLA,340.7300109863281,348.54998779296875,330.010009765625,338.739990234375,126085600,-0.0058404622069905,-1
2024-11-15,AAPL,224.9627156691729,225.47941874534823,222.84624807603967,223.5716094970703,47923700,-0.0061837187907544,-1
2024-11-15,GOOGL,172.62942807176185,173.03683438867833,170.1353342086739,171.3972930908203,32504600,-0.0071374561956455,-1
2024-11-15,TSLA,310.57000732421875,324.67999267578125,309.2200012207031,320.7200012207031,114440300,0.0326818226393906,1
2024-11-15,JPM,233.1438739185833,237.93303812916133,233.1438739185833,236.86126708984372,11518800,0.0159446315649649,1
2024-11-15,META,567.9523048385856,569.2946185704093,548.3451422976771,550.910400390625,17712900,-0.0300058725050935,-1
2024-11-15,UNH,567.8035237136426,574.5279262699136,565.9138150720325,568.1008911132812,3423900,0.0005237153121097,1
2024-11-15,BRK-B,466.739990234375,472.260009765625,465.1900024414063,470.2799987792969,5817700,0.0075845408985509,1
2024-11-15,MSFT,414.0692593490907,417.0084196655192,407.97392100075103,409.3152770996094,28247600,-0.0114811281981051,-1
2024-11-15,AMZN,206.75999450683597,207.33999633789065,199.6100006103516,202.6100006103516,86591100,-0.0200715515899627,-1
2024-11-14,META,573.6992793820006,577.4377800631241,569.7321138322568,573.8583374023438,11053700,0.0002772498172117,1
2024-11-14,TSLA,327.69000244140625,329.9800109863281,310.3699951171875,311.17999267578125,120726100,-0.0503830133437687,-1
2024-11-14,BRK-B,468.80999755859375,469.4500122070313,466.0,467.7000122070313,3777300,-0.0023676657011218,-1
2024-11-14,AMZN,214.16000366210935,215.8999938964844,210.8800048828125,211.47999572753903,42620300,-0.0125140450538966,-1
2024-11-14,AAPL,223.59146688403663,227.4170160979644,223.571589608512,226.77114868164065,44923900,0.0142209443048784,1
2024-11-14,UNH,578.892606777333,581.3099540345559,564.9929771451452,568.9835205078125,3079200,-0.0171173135630179,-1
2024-11-14,MSFT,419.17829445283394,422.304884622317,414.2467851063301,421.04241943359375,30246900,0.0044470932904412,1
2024-11-14,JPM,234.07080953881768,235.87640014281013,232.7479984317867,233.5397491455078,10172200,-0.0022688023096778,-1
2024-11-14,GOOGL,177.15058952846138,177.6871771027172,173.215684740498,174.4676971435547,31007500,-0.015144699162718,-1
2024-11-13,GOOGL,179.3167881349091,179.8136206226171,177.40893803944098,177.74679565429688,23184000,-0.0087554126802173,-1
2024-11-13,BRK-B,466.4100036621094,468.3999938964844,464.0,468.1000061035156,2861700,0.0036234266592415,1
2024-11-13,MSFT,415.8643474786666,423.4489813965326,412.4813090867046,419.3755798339844,21502200,0.0084432156221275,1
2024-11-13,TSLA,335.8500061035156,344.6000061035156,322.5,330.239990234375,125405600,-0.0167039326103555,-1
2024-11-13,UNH,588.0247512384434,588.0343531796206,578.4897309074198,581.1852416992188,3409400,-0.0116313293357463,-1
2024-11-13,AAPL,222.5878726169869,225.2111120360391,221.34580821096,223.6908264160156,48566200,0.0049551387776034,1
2024-11-13,META,579.2772452314994,582.2899416634106,571.8798022986036,576.6821899414062,10757600,-0.0044798156866252,-1
2024-11-13,AMZN,209.3999938964844,215.08999633789065,209.13999938964844,214.1000061035156,46212900,0.0224451401338372,1
2024-11-13,JPM,232.29417630585863,235.68328295062503,232.03347126141185,232.8542022705078,11472600,0.0024108480615192,1
2024-11-12,UNH,594.336572394879,599.0368973878609,588.7728925315478,589.6265869140625,2809400,-0.0079247781468968,-1
2024-11-12,BRK-B,467.6900024414063,468.4200134277344,465.1499938964844,466.2900085449219,4400500,-0.0029934227569035,-1
2024-11-12,AAPL,223.1244638182889,224.1578547832826,221.9420160201473,222.80648803710935,40398300,-0.0014251049649062,-1
2024-11-12,AMZN,208.3699951171875,209.5399932861328,206.00999450683597,208.91000366210935,38942900,0.0025915849574127,1
2024-11-12,JPM,232.26521962387952,233.1438818469388,230.5368607690037,231.30931091308597,6861000,-0.0041155912725182,-1
2024-11-12,GOOGL,178.68086684117154,181.3339508577421,178.25358296080182,180.46945190429688,25134900,0.0100099417175718,1
2024-11-12,MSFT,412.520798833662,418.626010434167,411.48519380527927,417.2353210449219,19401200,0.0114285685099745,1
2024-11-12,META,585.1733003985561,596.2296848177605,577.0600054748132,581.474609375,16287700,-0.0063206763210777,-1
2024-11-12,TSLA,342.739990234375,345.8399963378906,323.3099975585937,328.489990234375,155726000,-0.0415767065589733,-1
2024-11-11,GOOGL,177.4487128253608,179.40623425717754,177.3394090594478,179.20750427246094,17450400,0.0099115480698418,1
2024-11-11,AAPL,223.5716039938927,224.26715706282303,220.093823487321,222.80648803710935,42005600,-0.0034222412109375,-1
2024-11-11,AMZN,208.5,209.6499938964844,205.58999633789065,206.83999633789065,35456000,-0.0079616482595173,-1
2024-11-11,JPM,231.734152593889,233.76183232238975,230.7685936247478,231.0485992431641,9017100,-0.0029583613077799,-1
2024-11-11,META,583.0057999151439,583.6421534545929,573.2121696554306,579.8340454101562,10209100,-0.0054403481156608,-1
2024-11-11,UNH,591.7658596239486,605.0323461037261,588.9072330191773,599.775634765625,3003200,0.013535378919572,1
2024-11-11,TSLA,346.29998779296875,358.6400146484375,336.0,350.0,210521600,0.0106844133336881,1
2024-11-11,BRK-B,466.010009765625,470.510009765625,464.0,467.3599853515625,4119100,0.0028968810919243,1
2024-11-11,MSFT,416.7322277720358,418.9908673331369,410.3015508398996,412.2840270996094,24503300,-0.0106740020953208,-1
2024-11-08,AAPL,225.72780810336752,227.20835428792037,224.9726384261151,225.51914978027344,38328800,-0.0009243802296548,-1
2024-11-08,MSFT,419.493901525776,420.65773046119216,416.0023846199846,416.7519836425781,16891400,-0.0065362520723783,-1
2024-11-08,TSLA,299.1400146484375,328.7099914550781,297.6600036621094,321.2200012207031,204782800,0.0738115447317036,1
2024-11-08,BRK-B,461.9800109863281,466.3500061035156,459.5,463.4100036621094,3541300,0.0030953561664458,1
2024-11-08,GOOGL,179.50558656989898,179.75400283427035,176.9518752564666,177.2201690673828,22006200,-0.0127317346840691,-1
2024-11-08,JPM,231.09689618425557,231.09689618425557,227.65950837276296,228.81817626953125,9502100,-0.0098604522706676,-1
2024-11-08,UNH,584.1877355620946,594.547703399324,580.5425692830503,590.7202758789062,3875800,0.0111822620009749,1
2024-11-08,AMZN,209.72000122070312,209.9600067138672,207.44000244140625,208.17999267578125,36075800,-0.0073431648672422,-1
2024-11-08,META,588.156055247851,589.7071287920577,581.1762546419226,585.9686889648438,9415700,-0.0037190236562054,-1
2024-11-07,META,573.5899087480227,591.39742768716,571.9195264894807,588.315185546875,14653700,0.0256721336520602,1
2024-11-07,UNH,574.2976995115969,582.8830632225965,571.861207283624,580.7822875976562,5254300,0.0112913356462582,1
2024-11-07,AAPL,222.95864433437472,226.18446269494837,222.899093187882,225.7874298095703,42137700,0.0126874895729685,1
2024-11-07,JPM,236.07918035167896,236.1467765550335,227.1187938261944,228.2388458251953,16451100,-0.0332106139762269,-1
2024-11-07,AMZN,207.44000244140625,212.25,207.19000244140625,210.0500030517578,52878400,0.0125819542018603,1
2024-11-07,TSLA,288.8900146484375,299.75,285.5199890136719,296.9100036621094,117309200,0.0277613922496827,1
2024-11-07,BRK-B,468.2699890136719,468.4599914550781,460.1000061035156,460.1300048828125,4238000,-0.0173831001811685,-1
2024-11-07,GOOGL,176.28614242154367,179.93289179611503,176.067534869967,179.60498046875,25352900,0.0188264261819863,1
2024-11-07,MSFT,415.5092700597973,421.0029789570154,414.1284533970031,419.6024169921875,19901800,0.0098509160380492,1
2024-11-06,MSFT,406.770664244806,414.6906677145501,404.8966664565658,414.4243469238281,26681800,0.0188157194010823,1
2024-11-06,JPM,226.90638517270116,239.4586532886378,226.68431070827117,238.551025390625,23987800,0.0513191385472074,1
2024-11-06,AMZN,200.00999450683597,207.5500030517578,199.13999938964844,207.08999633789065,72292200,0.0353982402155043,1
2024-11-06,BRK-B,461.0,469.260009765625,459.4800109863281,468.8999938964844,6906800,0.0171366461962784,1
2024-11-06,UNH,579.2954772827356,580.8302654649281,566.7771233187883,572.3792114257812,6591300,-0.0119390986606629,-1
2024-11-06,AAPL,220.95365355112236,224.3879158153704,219.54422098922427,221.06283569335935,54561100,0.0004941404701044,1
2024-11-06,GOOGL,172.69900637438644,175.81911434381482,172.4009037964916,175.39183044433594,33695500,0.0155925857738396,1
2024-11-06,META,559.5308004818795,569.7221655728422,551.9941447200907,568.777587890625,18305400,0.0165259667578298,1
2024-11-06,TSLA,284.6700134277344,289.5899963378906,275.6199951171875,288.5299987792969,165228700,0.0135595080952999,1
2024-11-05,MSFT,402.7760918050739,409.2166418436789,402.4900558335031,405.8237609863281,17626000,0.0075666586057673,1
2024-11-05,AMZN,196.0399932861328,199.82000732421875,195.9900054931641,199.5,30564800,0.0176494941459066,1
2024-11-05,META,564.0547369200507,570.1993768247104,563.4283359927113,569.1553955078125,9775400,0.0090428432808016,1
2024-11-05,GOOGL,168.35668494331605,169.4497227111904,167.77042612333224,168.66473388671875,18242100,0.0018297398972095,1
2024-11-05,JPM,212.45192606649232,214.3154624265246,212.4229604778152,213.8616485595703,5600700,0.0066354893513028,1
2024-11-05,UNH,535.5341722978878,545.5679657867706,531.8122494376958,543.9276733398438,2608100,0.0156731381042236,1
2024-11-05,AAPL,220.14969745378525,222.2836942947505,219.49460455688447,221.78741455078125,28111300,0.0074391067348152,1
2024-11-05,BRK-B,442.2900085449219,445.2300109863281,441.1000061035156,445.05999755859375,3154400,0.0062628342493758,1
2024-11-05,TSLA,247.33999633789065,255.27999877929688,246.2100067138672,251.44000244140625,69282500,0.0165763975265634,1
2024-11-04,AAPL,219.34570882983752,221.13230364643437,218.07523400035527,220.3581085205078,44944500,0.0046155436368973,1
2024-11-04,UNH,543.6494931088067,545.4241543090415,532.7906930420345,535.0449829101562,2656600,-0.0158273120967085,-1
2024-11-04,JPM,214.9817211061429,216.0534922634922,211.6215796668568,212.2105712890625,8229600,-0.0128901648141155,-1
2024-11-04,AMZN,196.4499969482422,197.3300018310547,194.30999755859372,195.77999877929688,38492100,-0.0034105277645885,-1
2024-11-04,META,560.8731367595427,565.4369071400736,554.698698856843,557.4727172851562,12064600,-0.0060627247973266,-1
2024-11-04,BRK-B,450.3699951171875,450.7000122070313,437.8999938964844,442.2900085449219,5733200,-0.0179407746072497,-1
2024-11-04,MSFT,404.1865397240717,404.7980722358363,400.0145016086674,402.8648986816406,19672300,-0.0032698789111912,-1
2024-11-04,GOOGL,168.8535086611848,169.64844379948434,166.9456734265419,168.1678924560547,21492700,-0.0040604202457282,-1
2024-11-04,TSLA,244.55999755859372,248.8999938964844,238.8800048828125,242.83999633789065,68802400,-0.0070330439886884,-1
2024-11-01,UNH,542.095505928507,547.0932577716002,540.9252400712684,544.4360961914062,2548300,0.0043176714016292,1
2024-11-01,META,564.3629652502584,570.3882965161611,559.3418659763402,563.91552734375,15303200,-0.0007928193982572,-1
2024-11-01,MSFT,403.40736208449033,409.8084519793405,401.9180365381017,404.7487182617188,24230400,0.0033250661819788,1
2024-11-01,TSLA,252.0399932861328,254.0,246.6300048828125,248.97999572753903,57544800,-0.0121409206479379,-1
2024-11-01,AMZN,199.0,200.5,197.0200042724609,197.92999267578125,99687800,-0.0053769212272299,-1
2024-11-01,JPM,215.86036059570225,218.36115478761525,215.0299792936343,215.26171875,6923500,-0.0027732828947852,-1
2024-11-01,BRK-B,451.489990234375,455.1199951171875,450.7000122070313,452.1400146484375,2971300,0.0014397316178041,1
2024-11-01,GOOGL,168.99262234877236,171.22836871150324,167.81015851321018,170.2048797607422,31796500,0.007173433935287,1
2024-11-01,AAPL,219.3258665378009,223.67328184782377,218.6310779402587,221.25143432617188,65276700,0.0087794833266466,1
2024-10-31,UNH,538.0281651221064,545.2897489103559,538.0281651221064,541.5006713867188,2490000,0.0064541347269881,1
2024-10-31,MSFT,409.6703738017444,410.4594334413064,400.7344803180944,400.7838134765625,53971000,-0.0216919769977861,-1
2024-10-31,GOOGL,172.03325462883092,175.69988150851668,169.91674297844676,170.0260467529297,44769000,-0.0116675574163371,-1
2024-10-31,META,581.6535861943853,586.52558067794,559.7893867410456,564.333251953125,26838400,-0.0297777485643696,-1
2024-10-31,AMZN,190.50999450683597,190.6000061035156,185.22999572753903,186.3999938964844,75146800,-0.0215736744992876,-1
2024-10-31,JPM,216.96109290971893,217.91700157327347,214.18029315501,214.2768402099609,7829900,-0.0123720463598279,-1
2024-10-31,AAPL,227.63358238786927,228.11994197442104,223.693120129287,224.22911071777344,64370100,-0.014955928885286,-1
2024-10-31,BRK-B,455.1900024414063,456.8399963378906,450.5700073242188,450.9200134277344,3660300,-0.0093806739839843,-1
2024-10-31,TSLA,257.989990234375,259.75,249.25,249.8500061035156,66575300,-0.0315515502111709,-1
2024-10-30,META,597.5421525719394,597.7609256472491,586.0085331392311,588.4146728515625,26864900,-0.0152750390597389,-1
2024-10-30,AAPL,230.87925826342104,231.7328600109945,227.8420287171323,228.387939453125,47070900,-0.0107905700539525,-1
2024-10-30,TSLA,258.0400085449219,263.3500061035156,255.82000732421875,257.54998779296875,53993600,-0.001899010756961,-1
2024-10-30,BRK-B,454.6700134277344,457.6700134277344,453.8200073242188,454.9599914550781,2692100,0.0006377768904476,1
2024-10-30,GOOGL,179.53541113405987,180.8669339516748,172.95735272555387,173.35482788085938,68890800,-0.0344254273525206,-1
2024-10-30,JPM,214.8755011534228,218.5156628404685,213.94857273050476,216.6811065673828,7110900,0.008403030611995,1
2024-10-30,AMZN,194.6999969482422,195.6100006103516,192.4199981689453,192.72999572753903,37707600,-0.0101181368853684,-1
2024-10-30,MSFT,431.4479404242528,432.4934181148105,426.1810914644013,426.6051940917969,29749100,-0.0112244047977002,-1
2024-10-30,UNH,538.3832083613911,547.0740779441832,538.0954428550253,540.0235595703125,2323600,0.0030468097508351,1
2024-10-29,JPM,217.4535216237481,218.9404758147845,215.1361714741763,215.2230682373047,6580000,-0.0102571499867576,-1
2024-10-29,AMZN,188.5800018310547,191.4600067138672,187.82000732421875,190.8300018310547,35690200,0.0119312757352486,1
2024-10-29,AAPL,231.365630174708,232.5864741436605,230.59143496071303,231.93138122558597,35417200,0.0024452683419346,1
2024-10-29,BRK-B,458.6000061035156,458.9200134277344,454.3900146484375,454.6199951171875,3985200,-0.0086786108446534,-1
2024-10-29,MSFT,422.1372373224,427.2364316805858,419.9673609785876,426.03314208984375,17644100,0.0092290004837178,1
2024-10-29,UNH,539.8891847814041,544.551161071087,537.8171562870446,539.227294921875,2600300,-0.0012259735482515,-1
2024-10-29,GOOGL,166.66744336321565,169.30066498158368,166.03149830422933,168.60508728027344,42169000,0.0116258093239909,1
2024-10-29,TSLA,264.510009765625,264.9800109863281,255.50999450683597,259.5199890136719,80521800,-0.0188651490216746,-1
2024-10-29,META,576.8313344603039,590.2739533915471,572.1085063582906,589.88623046875,13019100,0.0226320853749399,1
2024-10-28,BRK-B,455.5899963378906,459.239990234375,455.0,458.489990234375,4103400,0.0063653590285015,1
2024-10-28,META,578.67066002025,580.410649118249,570.8357328269512,574.8526000976562,10925100,-0.0065979842877469,-1
2024-10-28,AMZN,189.57000732421875,190.2100067138672,188.2100067138672,188.38999938964844,27930800,-0.0062246552143249,-1
2024-10-28,MSFT,425.74710969864265,426.0232730447796,420.46051551603273,420.7465515136719,14882400,-0.0117453720085388,-1
2024-10-28,GOOGL,167.68097239909127,167.68097239909127,162.9113772628699,165.66383361816406,32138600,-0.0120296223958332,-1
2024-10-28,AAPL,231.58399967772365,232.98349712196287,230.81972458948547,231.66339111328125,36087100,0.0003428191743302,1
2024-10-28,JPM,215.6576051018232,217.868728693903,215.27137266803004,217.73355102539065,6843000,0.0096261197122507,1
2024-10-28,UNH,543.179430501943,545.1747020221119,539.8795831429172,542.2105712890625,1826500,-0.0017836817052979,-1
2024-10-28,TSLA,270.0,273.5400085449219,262.239990234375,262.510009765625,107653600,-0.0277407045717592,-1
2024-10-25,TSLA,256.010009765625,269.489990234375,255.32000732421875,269.19000244140625,161611900,0.051482333397227,1
2024-10-25,META,570.6468058786587,577.9646881740268,568.4494264147659,569.970703125,11337900,-0.0011848007325961,-1
2024-10-25,UNH,543.093076805457,548.2155364506569,540.6469824469881,541.5582885742188,2513700,-0.0028260132503734,-1
2024-10-25,GOOGL,162.63316747166715,164.54100267206263,162.38475119304076,164.22303771972656,19828900,0.0097758057152541,1
2024-10-25,MSFT,420.914242666979,426.5953216047658,420.7268428827928,422.2851867675781,16899100,0.0032570627496769,1
2024-10-25,BRK-B,458.6000061035156,459.4500122070313,453.0299987792969,454.010009765625,2838900,-0.0100087140793769,-1
2024-10-25,AMZN,187.8500061035156,190.4499969482422,187.52999877929688,187.8300018310547,29362100,-0.0001064906670799,-1
2024-10-25,JPM,217.25076784703845,217.84940969268465,213.2726696126605,214.6534118652344,6369700,-0.01195556640625,-1
2024-10-25,AAPL,228.03059902781465,231.48470145399645,227.8618657494506,229.68817138671875,38802300,0.0072690786498435,1
2024-10-24,MSFT,419.5037748840412,420.144895200207,416.6139175340375,418.9120178222656,13581600,-0.0014106120068625,-1
2024-10-24,BRK-B,460.8999938964844,461.0499877929688,453.9599914550781,457.7699890136719,3793500,-0.0067910716516856,-1
2024-10-24,TSLA,244.67999267578125,262.1199951171875,242.6499938964844,260.4800109863281,204491900,0.0645742144167996,1
2024-10-24,GOOGL,161.79849749810091,162.29533007096418,159.9900196550578,161.68919372558594,22412500,-0.0006755549291566,-1
2024-10-24,AAPL,228.26884002769643,229.10260155629064,226.710529416834,228.85446166992188,31109500,0.0025654909454763,1
2024-10-24,META,563.885798473118,565.6257877856776,558.3079044414983,564.5321044921875,7184700,0.0011461647390651,1
2024-10-24,JPM,214.18995560232,217.3087070595921,214.02581233964895,217.23146057128903,6002200,0.0142000354797968,1
2024-10-24,AMZN,185.25,187.1100006103516,183.8600006103516,186.3800048828125,21647400,0.0060998914051956,1
2024-10-24,UNH,541.9708093659673,548.4074473635279,537.4814919228959,537.9611206054688,2590200,-0.0073983481973675,-1
2024-10-23,AMZN,188.8500061035156,189.16000366210935,183.69000244140625,184.7100067138672,31937100,-0.0219221565043484,-1
2024-10-23,TSLA,217.1300048828125,218.72000122070312,212.1100006103516,213.6499938964844,80938900,-0.0160273150097625,-1
2024-10-23,GOOGL,163.71624709624942,164.7695447784646,160.90417320390316,161.74879455566406,18280500,-0.0120174544401123,-1
2024-10-23,BRK-B,460.1499938964844,463.260009765625,458.75,460.6099853515625,3655200,0.0009996554627394,1
2024-10-23,META,576.6522939692993,581.6535493433651,559.2822589840049,560.4654541015625,14248400,-0.0280703641293388,-1
2024-10-23,MSFT,424.95801224079617,425.1749998576998,416.7421308498749,418.7837829589844,19654400,-0.0145290337020713,-1
2024-10-23,JPM,215.95692013506684,217.0576567581256,214.86583379761672,215.7155303955078,6180500,-0.0011177680224743,-1
2024-10-23,UNH,548.8197751177969,550.7478912769569,537.1839816877241,541.6349487304688,2911900,-0.0130914130887248,-1
2024-10-23,AAPL,232.33831918874512,233.3904297884605,226.06533615951,229.0430145263672,52287000,-0.0141832164142537,-1
2024-10-22,BRK-B,464.1099853515625,465.1499938964844,457.6000061035156,461.4500122070313,3315200,-0.0057313422000957,-1
2024-10-22,AAPL,232.1497589598997,234.46242459274853,230.86936376892484,234.1051025390625,38846600,0.0084227680783443,1
2024-10-22,META,571.0047339757137,580.1919272386083,568.8471645216868,578.6806030273438,8544500,0.0134427415306796,1
2024-10-22,AMZN,188.3500061035156,191.5200042724609,186.97999572753903,189.6999969482422,29650600,0.0071674584602063,1
2024-10-22,JPM,215.3389560319398,217.521113903058,213.48508466003,216.40106201171875,9586800,0.0049322519220415,1
2024-10-22,TSLA,217.30999755859372,218.22000122070312,215.25999450683597,217.97000122070312,43268700,0.0030371527749496,1
2024-10-22,GOOGL,161.94752146073054,164.71985537010008,161.94752146073054,164.09384155273438,16568100,0.0132531827140329,1
2024-10-22,UNH,544.7141566835127,549.6927037022721,542.4503238300634,546.6422729492188,2593800,0.0035396845153527,1
2024-10-22,MSFT,412.75746835174544,424.68185459098345,412.31365056093216,421.6539306640625,25482200,0.0215537282652766,1
2024-10-21,UNH,546.4313079495777,555.6785617897942,545.5296038025289,548.1867065429688,3018000,0.0032124780697101,1
2024-10-21,GOOGL,161.91770927556843,163.45789306330104,161.58979800498344,163.03062438964844,20946500,0.006873337814988,1
2024-10-21,AAPL,232.7055796017645,235.08773156933623,232.7055796017645,234.7204742431641,36254500,0.0086585574993419,1
2024-10-21,BRK-B,464.5299987792969,465.7900085449219,461.6799926757813,464.1600036621094,3131500,-0.0007964934840802,-1
2024-10-21,AMZN,188.0500030517578,189.4600067138672,186.3999938964844,189.07000732421875,24639400,0.0054241119697307,1
2024-10-21,META,572.7348299431258,573.9378692579733,565.8543723443174,571.8697509765625,8171900,-0.0015104354080389,-1
2024-10-21,MSFT,410.41998166329415,413.2210757193312,408.0824507492504,413.0435485839844,14206100,0.0063923956871149,1
2024-10-21,JPM,217.46319852448005,217.92666271781536,215.22309457904748,215.3196563720703,5870000,-0.0098570340496874,-1
2024-10-21,TSLA,218.8999938964844,220.47999572753903,215.72999572753903,218.8500061035156,47329000,-0.000228359042314,-1
2024-10-18,TSLA,220.7100067138672,222.27999877929688,219.22999572753903,220.6999969482422,49611900,-4.535256816867782e-05,-1
2024-10-18,UNH,543.7549673869448,547.6879573758456,540.1001994810699,546.4025268554688,3687000,0.0048690304039831,1
2024-10-18,MSFT,411.4259897320176,413.9015870376485,410.5580392425752,412.4320068359375,17145300,0.0024451958044147,1
2024-10-18,JPM,217.25078010281487,218.1390926356883,215.416223853029,217.6080322265625,7000500,0.0016444227430555,1
2024-10-18,GOOGL,162.15619639911972,163.66657146894778,162.04689264086656,162.38473510742188,19757700,0.0014093738838054,1
2024-10-18,AMZN,187.1499938964844,190.7400054931641,186.27999877929688,188.9900054931641,37417700,0.0098317480987866,1
2024-10-18,META,577.7758214109436,580.6293988605148,571.9593103260983,573.1723022460938,7694300,-0.0079676563024184,-1
2024-10-18,AAPL,234.42267769537077,234.42267769537077,232.2688255608399,233.25146484375,46431500,-0.0049961584908722,-1
2024-10-18,BRK-B,467.0,467.0,463.25,464.7999877929688,5635500,-0.0047109469101311,-1
2024-10-17,GOOGL,164.68012315374543,165.3160682513299,161.7289364078274,161.89785766601562,21453400,-0.0168949684664267,-1
2024-10-17,META,579.9931748825336,581.6237474143095,571.9096763385753,573.6297607421875,8701200,-0.0109715327971486,-1
2024-10-17,TSLA,221.58999633789065,222.0800018310547,217.8999938964844,220.88999938964844,50791800,-0.0031589735990373,-1
2024-10-17,JPM,216.54592216463283,218.0715071604394,215.6189790372494,216.6907501220703,6470200,0.0006688094423102,1
2024-10-17,AAPL,231.69314333147315,232.1100316250369,228.80480686495972,230.42266845703125,32993800,-0.0054834375164235,-1
2024-10-17,MSFT,416.57447660649984,416.7125733271007,409.8972232496161,411.0117492675781,14820000,-0.0133535001573711,-1
2024-10-17,BRK-B,466.1000061035156,467.8399963378906,464.2699890136719,465.8500061035156,2520900,-0.0005363655797603,-1
2024-10-17,UNH,537.7404807601907,546.268233773505,535.9562176617255,542.9684448242188,5588700,0.009722095045992,1
2024-10-17,AMZN,188.22000122070312,188.94000244140625,186.0,187.52999877929688,25039400,-0.0036659358034811,-1
2024-10-16,TSLA,221.3999938964844,222.82000732421875,218.92999267578125,221.3300018310547,49632800,-0.0003161339989124,-1
2024-10-16,AAPL,229.8767969908349,230.39291705034768,228.1298824963092,230.05545043945312,34082200,0.0007771704276242,1
2024-10-16,BRK-B,463.25,466.0,462.2000122070313,465.6900024414063,3166300,0.0052671396468564,1
2024-10-16,AMZN,187.0500030517578,187.77999877929688,185.6100006103516,186.88999938964844,23456800,-0.0008554058246398,-1
2024-10-16,MSFT,409.4829531752425,410.6566246876472,404.8571950809856,410.419921875,15508900,0.002288175105928,1
2024-10-16,META,578.0742148752304,578.7503177573541,570.7463786831075,573.4905395507812,11268400,-0.007929216018463,-1
2024-10-16,GOOGL,163.4877403209242,164.749699418007,162.70275145459712,164.11375427246094,16406000,0.0038291186257017,1
2024-10-16,JPM,214.6727420913612,215.97623794909032,213.427162685168,215.9376220703125,6382500,0.0058921312814505,1
2024-10-16,UNH,534.3158402183055,552.7047835874213,532.5028301337476,548.06201171875,5103900,0.0257266778668365,1
2024-10-15,JPM,215.95691583331495,217.68525985149523,214.18029092153253,214.73065185546875,9235800,-0.0056782806566505,-1
2024-10-15,BRK-B,460.989990234375,466.6600036621094,460.510009765625,462.6799926757813,3929900,0.003666028497814,1
2024-10-15,AMZN,187.6300048828125,188.41000366210935,184.5800018310547,187.69000244140625,32178900,0.000319765266921,1
2024-10-15,META,586.7840223253323,587.2314602827565,576.821381994876,582.9163208007812,9564200,-0.0065913545314747,-1
2024-10-15,UNH,529.5293156818739,546.4889803527618,520.8767947572237,533.6253051757812,11939400,0.0077351515253371,1
2024-10-15,TSLA,220.00999450683597,224.25999450683597,217.1199951171875,219.57000732421875,62988800,-0.0019998508867901,-1
2024-10-15,AAPL,231.87181141001133,235.72294688412148,230.64103225198247,232.1100311279297,64751400,0.0010273767926758,1
2024-10-15,GOOGL,164.7397308583214,166.61775729768382,163.58709086133464,164.41183471679688,20247200,-0.001990388959701,-1
2024-10-15,MSFT,416.3969091028174,416.692817718463,409.5717171353566,413.0040283203125,18900200,-0.0081481891635922,-1
2024-10-14,AAPL,226.9983493120185,230.0058033150611,226.89910245149323,229.5790100097656,39882100,0.011368631999169,1
2024-10-14,TSLA,220.1300048828125,221.91000366210935,213.7400054931641,219.16000366210935,86291900,-0.0044064925234499,-1
2024-10-14,BRK-B,461.9200134277344,462.0,458.1000061035156,459.9800109863281,2969800,-0.0041998666111265,-1
2024-10-14,UNH,574.7006092973608,583.8327572483278,573.0411129548323,580.734375,2447100,0.0104989721692069,1
2024-10-14,JPM,215.51278305488955,215.99556259342347,211.34157550325287,213.85202026367188,9048900,-0.0077060987644277,-1
2024-10-14,AMZN,189.77999877929688,189.8300018310547,187.3600006103516,187.5399932861328,22614400,-0.011803169499274,-1
2024-10-14,GOOGL,162.6033481425783,165.1769369826469,162.36486307226147,163.9149932861328,19016100,0.0080665321995976,1
2024-10-14,MSFT,412.0473312101826,418.2314633461143,411.80075573680847,413.3985900878906,16653100,0.0032793778174448,1
2024-10-14,META,590.8208532557909,596.6672227372823,586.5852727168478,587.0426025390625,8252000,-0.0063949176741272,-1
2024-10-11,META,581.4844891955055,587.8279971754954,579.3766215385939,586.5751953125,8587100,0.0087546722424833,1
2024-10-11,BRK-B,455.8999938964844,463.4500122070313,455.8999938964844,460.2099914550781,3242000,0.0094538223652013,1
2024-10-11,AMZN,186.6300048828125,189.92999267578125,186.3000030517578,188.82000732421875,25751600,0.0117344606124903,1
2024-10-11,MSFT,410.4396908978323,411.41612015598,407.589263932771,410.6172180175781,14144900,0.0004325291234809,1
2024-10-11,TSLA,220.1300048828125,223.33999633789065,214.3800048828125,217.8000030517578,142628900,-0.0105846626056047,-1
2024-10-11,AAPL,227.59388209213523,227.7030642360917,225.648458930344,225.85690307617188,31759200,-0.0076319231430842,-1
2024-10-11,GOOGL,161.1029483482804,162.86172488598982,160.2185869014022,162.20591735839844,15344300,0.0068463614193676,1
2024-10-11,UNH,572.1874596648569,577.0125526798928,571.9092960853486,573.6838989257812,1909700,0.00261529545195,1
2024-10-11,JPM,208.2421134569088,216.89352881613823,207.74968365741609,214.6341094970703,18320700,0.0306950209736715,1
2024-10-10,META,584.2088301034865,586.8535869486327,579.1877306195246,580.490234375,7740400,-0.0063651823404104,-1
2024-10-10,JPM,207.41171960680364,207.41171960680364,204.1867561889192,205.5095672607422,7927100,-0.0091709009966621,-1
2024-10-10,AMZN,187.1300048828125,188.1300048828125,185.8300018310547,186.6499938964844,27785000,-0.0025651203644692,-1
2024-10-10,TSLA,241.80999755859372,242.7899932861328,232.33999633789065,238.7700042724609,83087100,-0.0125718262967856,-1
2024-10-10,UNH,570.9306756560245,574.5470939239441,568.6092896971988,573.3480224609375,2143200,0.0042340461074987,1
2024-10-10,MSFT,409.54216908706456,411.6331244028535,407.49064417755886,410.143798828125,13848400,0.0014690300205264,1
2024-10-10,GOOGL,159.85089649743236,162.03697180217182,159.38387269706766,161.05323791503906,14144100,0.0075216432560077,1
2024-10-10,AAPL,226.08521111865923,227.7924147414137,225.47974919262128,227.33583068847656,28183500,0.0055316292632734,1
2024-10-10,BRK-B,457.5,457.510009765625,452.7200012207031,454.9299926757813,2375800,-0.0056175023480191,-1
2024-10-09,GOOGL,162.4145490312399,163.7957428412033,158.72806019467495,160.83462524414062,31181800,-0.0097277232644679,-1
2024-10-09,TSLA,243.82000732421875,247.42999267578125,239.50999450683597,241.0500030517578,66289500,-0.0113608571456465,-1
2024-10-09,AMZN,182.82000732421875,185.8500061035156,182.0500030517578,185.1699981689453,26343100,0.0128541229109515,1
2024-10-09,MSFT,410.1634881099829,414.6215919010832,408.62485957486433,411.7415771484375,14974300,0.0038474634729835,1
2024-10-09,META,590.5920310170018,590.9897670648169,578.2828467749312,587.1319580078125,9529700,-0.0058586517045125,-1
2024-10-09,AAPL,223.554178398676,228.04055170887608,223.1571606453159,227.8321075439453,33591100,0.0191359838403032,1
2024-10-09,BRK-B,452.75,457.8800048828125,452.3599853515625,455.8999938964844,2206100,0.0069574685731294,1
2024-10-09,UNH,558.4412111705723,568.6477230251255,556.9543740461825,567.132080078125,2207700,0.0155627284192286,1
2024-10-09,JPM,202.47769976692015,206.8613454534999,202.1687285781039,206.069580078125,7024000,0.0177396341194095,1
2024-10-08,GOOGL,162.90145376713176,163.68644249996592,161.83822486594266,163.3386688232422,23072700,0.0026839235992051,1
2024-10-08,TSLA,243.55999755859372,246.2100067138672,240.55999755859372,244.5,56303200,0.0038594286862731,1
2024-10-08,AMZN,181.9199981689453,183.08999633789065,180.9199981689453,182.72000122070312,26372100,0.0043975541986036,1
2024-10-08,UNH,564.1007946685813,565.2039638835496,555.9471083532574,557.8848266601562,2231400,-0.0110192505792817,-1
2024-10-08,META,586.3167064096679,590.1645633879729,582.6179549512773,589.4984130859375,7857400,0.0054266007457862,1
2024-10-08,JPM,203.32740337902976,204.05157258412177,201.20317665741183,203.49154663085935,6021800,0.0008072854376821,1
2024-10-08,AAPL,222.63108533790577,224.29857792676052,221.588894897244,224.09014892578125,31855700,0.0065537280459327,1
2024-10-08,BRK-B,455.9599914550781,457.55999755859375,452.8500061035156,453.7999877929688,2234100,-0.004737265774605,-1
2024-10-08,MSFT,405.2714886364785,409.9662958214234,402.5789034212119,409.029296875,19229300,0.0092723232299525,1
2024-10-07,AAPL,222.8296017820206,224.0107499786272,219.68319006872076,220.0405120849609,39505400,-0.0125166929113307,-1
2024-10-07,MSFT,410.3016170053712,411.39639773757887,403.3975032576847,403.93011474609375,20919800,-0.0155288256131685,-1
2024-10-07,UNH,564.8010765596796,568.3023890742685,559.5635692471305,559.7841796875,2591100,-0.0088825908455035,-1
2024-10-07,JPM,203.7619212935509,205.9827100132501,202.4680757269759,203.6653594970703,6718900,-0.0004738952001805,-1
2024-10-07,BRK-B,462.3399963378906,462.3399963378906,452.4100036621094,453.5,3222100,-0.0191201202749288,-1
2024-10-07,AMZN,182.9499969482422,183.6000061035156,180.25,180.8000030517578,42364200,-0.0117518116006999,-1
2024-10-07,GOOGL,166.65751850550026,167.4126985535878,161.71900154638254,161.94754028320312,22463100,-0.028261420573964,-1
2024-10-07,TSLA,249.0,249.8300018310547,240.6999969482422,240.8300018310547,68113300,-0.0328112376262864,-1
2024-10-07,META,594.7978731184487,599.5008565761534,580.698996622439,581.434814453125,12014200,-0.0224665542182639,-1
2024-10-04,JPM,202.09150201972523,204.37987213930612,199.78381659479555,203.94537353515625,10211700,0.0091734263781664,1
2024-10-04,TSLA,246.69000244140625,250.9600067138672,244.5800018310547,250.0800018310547,86573200,0.0137419407195215,1
2024-10-04,AMZN,185.75,187.6000061035156,183.6000061035156,186.50999450683597,40890300,0.0040914912884841,1
2024-10-04,MSFT,412.5109097932594,414.00023534021534,409.28571331626097,410.36077880859375,19169700,-0.0052123008958556,-1
2024-10-04,META,580.3907101459058,593.4356513652355,578.1038796024136,592.5308837890625,14169500,0.020917243213808,1
2024-10-04,UNH,568.0050172826981,571.8420463985938,564.4653555813477,567.1129150390625,2462600,-0.0015705886682187,-1
2024-10-04,GOOGL,166.99535885279488,167.16428010496523,164.4317010051406,166.00169372558594,19047400,-0.0059502559474413,-1
2024-10-04,BRK-B,455.010009765625,462.1799926757813,453.80999755859375,461.9700012207031,3090200,0.0152963480048784,1
2024-10-04,AAPL,226.20430944090452,226.30357145139808,222.46237094034984,225.1125030517578,37245100,-0.0048266383246424,-1
2024-10-03,MSFT,411.90926344701154,413.8029462214933,408.61501874387466,410.8341979980469,13686400,-0.0026099569598608,-1
2024-10-03,UNH,566.5469677061005,569.0602172715711,560.5612112280816,568.5997924804688,2645800,0.0036233973375233,1
2024-10-03,GOOGL,163.36846915267606,165.5843378961242,162.88156783577605,164.8092803955078,15073100,0.0088193961191204,1
2024-10-03,AAPL,223.4648047572347,225.12237700463635,221.6583546698956,223.9908599853516,34044200,0.0023540853723625,1
2024-10-03,TSLA,244.47999572753903,249.7899932861328,237.80999755859372,240.66000366210935,80729200,-0.0156249678181722,-1
2024-10-03,META,566.8885366691163,580.0229313102662,565.4766159470373,579.4363403320312,11581000,0.0221345164900359,1
2024-10-03,AMZN,183.0500030517578,183.44000244140625,180.8800048828125,181.9600067138672,30204300,-0.0059546370921524,-1
2024-10-03,BRK-B,455.4700012207031,455.9700012207031,450.9200134277344,452.9599914550781,2564700,-0.0055108124769972,-1
2024-10-03,JPM,197.8568269060444,198.16393091884424,196.1006142720993,196.9547271728516,7251300,-0.0045593561126966,-1
2024-10-02,TSLA,247.5500030517578,251.16000366210935,241.5,249.0200042724609,93983900,0.0059381991621134,1
2024-10-02,META,571.5714638381036,572.7049569634005,566.0830826003516,569.533203125,6524700,-0.0035660645117176,-1
2024-10-02,UNH,579.6408717347116,579.890288020368,560.4461222617724,568.177734375,3667000,-0.019776275136371,-1
2024-10-02,GOOGL,165.36573037932214,166.4587679633324,163.686434073945,164.8092803955078,17760200,-0.0033649655375265,-1
2024-10-02,AAPL,224.20925878310885,225.6782425626932,221.360617941662,225.09263610839844,32880600,0.003939968090899,1
2024-10-02,BRK-B,458.7000122070313,458.7000122070313,454.1900024414063,456.6700134277344,2803400,-0.0044255476897189,-1
2024-10-02,JPM,198.73013169432917,200.5247249559692,197.39617979497947,198.93165588378903,5810900,0.0010140595577619,1
2024-10-02,MSFT,416.7914652693021,417.0281982052677,411.0018776320328,411.4161376953125,16582300,-0.0128969233343499,-1
2024-10-02,AMZN,184.44000244140625,186.6000061035156,184.0399932861328,184.75999450683597,23704100,0.0017349385230643,1
2024-10-01,MSFT,422.5810498180969,422.6106376703255,413.07308530803846,414.9273376464844,19092900,-0.0181118206197536,-1
2024-10-01,JPM,200.47672835038065,200.6590695133516,197.87600917065316,198.6917266845703,8540100,-0.0089037848956245,-1
2024-10-01,UNH,561.1654167870436,564.714679850763,557.1077778934587,559.53466796875,2648400,-0.0029060037727029,-1
2024-10-01,META,574.6736740742251,579.7047261626475,566.8387463764593,573.1723022460938,15259300,-0.0026125641313742,-1
2024-10-01,AAPL,227.8122709144617,227.9412933564836,222.0752779583648,224.5269012451172,63285000,-0.0144213902796224,-1
2024-10-01,BRK-B,459.1099853515625,459.7900085449219,454.8200073242188,457.4100036621094,3043700,-0.0037027765539696,-1
2024-10-01,TSLA,262.6700134277344,263.9800109863281,248.52999877929688,258.0199890136719,87397600,-0.017702913070973,-1
2024-10-01,AMZN,184.8999938964844,186.19000244140625,183.4499969482422,185.1300048828125,36044900,0.0012439750888087,1
2024-10-01,GOOGL,166.62769139519463,168.08838020304094,163.53739254376728,165.93212890625,28338100,-0.0041743511124747,-1
2024-09-30,AMZN,187.13999938964844,188.4900054931641,184.6499938964844,186.3300018310547,41583900,-0.0043282973241184,-1
2024-09-30,TSLA,259.0400085449219,264.8599853515625,255.7700042724609,261.6300048828125,80705700,0.0099984413698838,1
2024-09-30,UNH,559.7266648934166,562.5276799677054,555.1605905301374,560.8585815429688,3009700,0.0020222667965402,1
2024-09-30,MSFT,422.3443029301565,424.5240516705587,419.54320931350645,424.4056701660156,16807300,0.0048807743387508,1
2024-09-30,BRK-B,458.3999938964844,460.6300048828125,454.5499877929688,460.260009765625,3631100,0.0040576262956073,1
2024-09-30,AAPL,228.3283747151782,231.266357421875,227.9412771261621,231.266357421875,54541900,0.0128673569825112,1
2024-09-30,GOOGL,162.2853907035285,165.09744958161895,162.22575806160205,164.7993621826172,20413900,0.0154910523257225,1
2024-09-30,JPM,197.9911588584064,202.45367018723,196.9834940652189,202.35769653320312,8663800,0.022054205349237,1
2024-09-30,META,564.4524692436476,571.3925205491627,561.5690344960939,569.1653442382812,12792300,0.0083494629777221,1
2024-09-27,UNH,554.1437731490131,562.8058950325122,553.0982154355224,558.1438598632812,2986200,0.007218499797511,1
2024-09-27,TSLA,257.3800048828125,260.70001220703125,254.1199951171875,260.4599914550781,70988100,0.0119666893847017,1
2024-09-27,JPM,202.1561681349737,203.87399998332447,200.8894007689753,202.01222229003903,7032500,-0.0007120526979843,-1
2024-09-27,BRK-B,456.0400085449219,458.2699890136719,455.0400085449219,457.4700012207031,2728000,0.0031356737325391,1
2024-09-27,MSFT,425.6090087464783,425.9345052473445,421.61449786891575,422.1569519042969,14896100,-0.0081108641293766,-1
2024-09-27,GOOGL,161.77859943711212,164.6502907376612,161.5997470113798,162.911376953125,21101300,0.0070020232586648,1
2024-09-27,AAPL,226.7601514881057,227.81226214161185,225.6087788258606,226.0951232910156,34026000,-0.0029327383701494,-1
2024-09-27,META,566.8388185533927,567.5746364892888,561.2808291532298,564.114501953125,9398400,-0.0048061574315257,-1
2024-09-27,AMZN,190.67999267578125,190.8999938964844,187.33999633789065,187.97000122070312,36002300,-0.0142122485796714,-1
2024-09-26,MSFT,429.1300753187062,429.3371902827192,423.2517246244965,425.40185546875,14492000,-0.0086878549521082,-1
2024-09-26,BRK-B,452.739990234375,457.0,451.3399963378906,454.1799926757813,3262000,0.0031806389372866,1
2024-09-26,AAPL,225.608784129346,226.799852535932,223.73284722402752,225.8271484375,36636700,0.0009678892113917,1
2024-09-26,TSLA,260.6000061035156,261.75,251.52999877929688,254.22000122070312,67142200,-0.0244819828602698,-1
2024-09-26,AMZN,194.30999755859372,194.52999877929688,189.5399932861328,191.16000366210935,36334900,-0.0162111776854636,-1
2024-09-26,GOOGL,162.60335078741144,163.0405658423745,161.25196569121914,161.69911193847656,20319300,-0.005561009933412,-1
2024-09-26,UNH,551.572947264015,553.1077355239908,547.6495591473891,551.3906860351562,2751900,-0.0003304390285326,-1
2024-09-26,META,572.436617382725,574.0971081324976,559.1331504876267,564.591796875,14400800,-0.0137042604709545,-1
2024-09-26,JPM,202.61682975945425,203.1638386289397,200.582302352154,201.32125854492188,7807500,-0.0063941934935536,-1
2024-09-25,UNH,554.3260901378862,557.4340748643501,549.7312680945555,552.8296508789062,2658800,-0.0026995649052126,-1
2024-09-25,META,560.8233803106601,573.580004208347,560.4952510598988,565.0590209960938,16543400,0.0075525394163976,1
2024-09-25,GOOGL,160.44708717648132,161.77859462440557,160.27816594760657,160.4669647216797,18869200,0.0001238884765574,1
2024-09-25,TSLA,252.5399932861328,257.04998779296875,252.27999877929688,257.0199890136719,65034300,0.0177397475514428,1
2024-09-25,JPM,203.14463253149495,203.682064513432,200.1984286785804,201.7147216796875,8976500,-0.0070388807914272,-1
2024-09-25,AMZN,193.75,193.9499969482422,192.16000366210935,192.52999877929688,26391100,-0.0062967804939516,-1
2024-09-25,MSFT,423.9421203870516,427.18706197372046,422.6994004960537,426.1908874511719,13396400,0.0053044200044743,1
2024-09-25,AAPL,223.2563961324406,225.5988371064948,222.35317851779172,224.6856842041016,42308700,0.0064020027932953,1
2024-09-25,BRK-B,454.8999938964844,455.80999755859375,451.2099914550781,452.3599853515625,2843300,-0.0055836636161834,-1
2024-09-24,AMZN,194.2700042724609,195.3699951171875,190.1300048828125,193.9600067138672,43478900,-0.0015957046984926,-1
2024-09-24,UNH,547.5632990001743,553.7888699640787,542.9396714507021,551.7552490234375,3188500,0.0076556446184715,1
2024-09-24,MSFT,427.0687217553129,427.4139334394583,420.2632446802758,423.2911987304688,17015800,-0.0088452345779807,-1
2024-09-24,GOOGL,161.9972194853163,162.18601827960998,159.67204679818846,161.26190185546875,23332100,-0.0045390756223084,-1
2024-09-24,AAPL,226.9487434922604,227.64354731931363,224.05047131587077,225.6782684326172,43556100,-0.0055980704721835,-1
2024-09-24,META,563.4382949321094,564.5021812702805,551.0197537936696,560.1074829101562,12993000,-0.0059115826025892,-1
2024-09-24,BRK-B,454.3299865722656,455.6000061035156,451.7699890136719,454.55999755859375,3009900,0.0005062641540864,1
2024-09-24,TSLA,254.0800018310547,257.19000244140625,249.0500030517578,254.2700042724609,88491000,0.0007478055731933,1
2024-09-24,JPM,202.6360126341457,204.3634360377964,201.88746493315116,203.0582733154297,7323200,0.0020838382861708,1
2024-09-23,AAPL,225.6484798300337,227.74278104335215,224.12986496132828,224.7849578857422,54146000,-0.0038268458309221,-1
2024-09-23,JPM,202.49207645675105,203.25982185543435,201.52280686007276,202.91433715820312,7223500,0.0020853196275176,1
2024-09-23,UNH,553.0021971510226,555.8224157797382,548.6951415093687,550.0476684570312,2386100,-0.0053427069715321,-1
2024-09-23,BRK-B,457.30999755859375,459.6499938964844,453.4200134277344,454.9800109863281,3485100,-0.0050949828009545,-1
2024-09-23,AMZN,191.63999938964844,194.4499969482422,190.57000732421875,193.8800048828125,36993100,0.0116886114605417,1
2024-09-23,MSFT,428.3311884542686,430.4813193750194,424.4944897103184,427.5717468261719,15128900,-0.0017730243525748,-1
2024-09-23,TSLA,242.6100006103516,250.0,241.9199981689453,250.0,86927200,0.0304604071186549,1
2024-09-23,META,566.2423070189298,570.6966607959706,559.1928370216219,561.181396484375,12830700,-0.0089377117743085,-1
2024-09-23,GOOGL,163.3088543567614,164.44163188871738,160.64582418208624,160.82469177246094,24150900,-0.0152114384372179,-1
2024-09-20,MSFT,431.2309485866615,433.2232677304983,428.2720426762547,429.3076477050781,55167100,-0.0044600251625883,-1
2024-09-20,UNH,548.407399691596,555.2565107349792,546.4409339736726,551.5729370117188,5398700,0.0057722367019536,1
2024-09-20,META,556.7965408444652,561.2707987619654,553.1176944195414,558.1387939453125,22066800,0.0024106706891741,1
2024-09-20,GOOGL,162.46425419413836,162.69279293629415,161.03337393309369,162.55368041992188,40896400,0.0005504363173738,1
2024-09-20,AMZN,190.22999572753903,191.83999633789065,187.41000366210935,191.6000061035156,100378600,0.0072018630434013,1
2024-09-20,BRK-B,457.760009765625,457.9500122070313,454.0499877929688,455.30999755859375,8468800,-0.0053521761507425,-1
2024-09-20,AAPL,228.25889437635817,231.35567496568984,225.9263736470506,226.50205993652344,318679900,-0.0076966746230621,-1
2024-09-20,TSLA,241.5200042724609,243.9900054931641,235.9199981689453,238.25,99879100,-0.0135392688581274,-1
2024-09-20,JPM,201.46518498073377,202.8951103976617,201.0525304911944,202.5784149169922,20885000,0.0055256690448271,1
2024-09-19,BRK-B,462.0,462.1900024414063,457.25,459.7099914550781,3891300,-0.0049567284522118,-1
2024-09-19,AAPL,223.31596324984213,228.11002736409569,222.9586412306041,227.1670837402344,66781300,0.0172451643597178,1
2024-09-19,GOOGL,162.67291544318158,162.7523953061902,160.31791891468873,161.11285400390625,26587700,-0.0095901732321274,-1
2024-09-19,AMZN,190.0399932861328,190.9900054931641,188.47000122070312,189.8699951171875,39543200,-0.0008945389126032,-1
2024-09-19,UNH,559.9376193964466,561.0024394512586,551.1700525416585,553.55859375,2945700,-0.011392386268532,-1
2024-09-19,JPM,201.32125504416567,203.3653739246752,198.9796383186764,201.99302673339844,11635200,0.0033368145310108,1
2024-09-19,META,546.8536926871561,558.8546528253562,543.3936196511286,555.901611328125,15647000,0.0165454101562499,1
2024-09-19,TSLA,234.0,244.2400054931641,232.1300048828125,243.9199981689453,102694600,0.0423931545681423,1
2024-09-19,MSFT,435.1860320995677,435.4523227974912,430.9153276838819,432.6808166503906,21706600,-0.0057566540844397,-1
2024-09-18,META,533.9977098303668,541.0869276726933,530.845860739671,534.8726806640625,10323500,0.0016385291876506,1
2024-09-18,BRK-B,458.0799865722656,459.8399963378906,454.8800048828125,456.6000061035156,3065200,-0.0032308341602619,-1
2024-09-18,GOOGL,158.84730896980255,159.48325404924594,157.5952963589965,158.79762268066406,23677300,-0.0003127927659633,-1
2024-09-18,TSLA,230.08999633789065,235.67999267578125,226.8800048828125,227.1999969482422,78010200,-0.0125603000375749,-1
2024-09-18,UNH,553.3571144254605,560.7050576312785,548.9925057167219,556.9927368164062,2988300,0.0065701195415559,1
2024-09-18,MSFT,429.0413601343423,430.05724996700025,424.5142376703877,424.9087524414063,18898000,-0.0096321895204741,-1
2024-09-18,JPM,200.58230673818105,202.81835838288768,198.36545275492745,199.1619873046875,8259900,-0.0070809806537297,-1
2024-09-18,AAPL,215.9313221513165,221.0529328037412,215.92138686335736,219.04795837402344,59894900,0.0144334605635532,1
2024-09-18,AMZN,186.4499969482422,188.8000030517578,185.05999755859372,186.42999267578125,34448100,-0.0001072902804417,-1
2024-09-17,UNH,562.1343009534886,562.8153360700483,552.9062517047412,554.4122924804688,3416000,-0.0137369458862799,-1
2024-09-17,MSFT,434.1997314507894,435.79753584231287,426.3487460190464,429.1893005371094,18874200,-0.0115394611068474,-1
2024-09-17,META,534.5246604241431,538.9989183875797,527.5349067624319,533.2520141601562,11690800,-0.0023808934520944,-1
2024-09-17,AAPL,214.14471619981745,215.28615358843467,212.904016801209,215.17697143554688,45519300,0.004820362855772,1
2024-09-17,AMZN,186.8500061035156,189.4499969482422,186.13999938964844,186.8800048828125,26091700,0.0001605500578911,1
2024-09-17,BRK-B,453.5,461.1000061035156,453.2900085449219,456.6799926757813,3824300,0.0070121117437293,1
2024-09-17,GOOGL,158.01264265003823,159.53294917671778,157.37669753536267,158.3107452392578,20715600,0.0018865742906395,1
2024-09-17,JPM,199.3539074059829,201.4651960832742,199.28673756042477,200.8126220703125,7573300,0.0073172113018025,1
2024-09-17,TSLA,229.4499969482422,234.57000732421875,226.5500030517578,227.8699951171875,66761600,-0.0068860398869872,-1
2024-09-16,AMZN,185.2899932861328,185.80999755859372,183.3600006103516,184.88999938964844,26065500,-0.0021587452694581,-1
2024-09-16,AAPL,214.92882889414332,215.60377723416104,212.32832783334672,214.71047973632807,59357400,-0.0010159137745209,-1
2024-09-16,BRK-B,448.7999877929688,452.989990234375,448.3399963378906,451.7799987792969,3264400,0.0066399533586948,1
2024-09-16,JPM,197.53052305856136,199.8145613678539,197.3001950685702,199.47866821289065,8634900,0.0098625018764907,1
2024-09-16,TSLA,229.3000030517578,229.9600067138672,223.52999877929688,226.77999877929688,54323000,-0.0109899879586661,-1
2024-09-16,UNH,570.7580743581694,574.3936383258106,563.8130611068353,565.1368408203125,2548600,-0.0098487148765755,-1
2024-09-16,GOOGL,156.313451749423,157.2474993531957,155.60795803142506,157.05870056152344,18379800,0.0047676562941947,1
2024-09-16,META,521.5393768501115,531.0446869851908,514.4402669362904,530.2294311523438,9527600,0.0166623167644919,1
2024-09-16,MSFT,424.7015732808735,427.59143041386807,422.35417011362034,425.4314270019531,13834700,0.0017185095770693,1
2024-09-13,GOOGL,154.44535510677574,157.37667920350046,154.2267627397466,156.46250915527344,29591200,0.0130606326561465,1
2024-09-13,AAPL,221.91643313573508,222.3730019797634,220.25886075018877,220.84446716308597,36766600,-0.0048304938823231,-1
2024-09-13,TSLA,228.0,232.6699981689453,226.32000732421875,230.2899932861328,59515100,0.0100438302023368,1
2024-09-13,AMZN,187.0,188.5,185.91000366210935,186.4900054931641,26495400,-0.0027272433520638,-1
2024-09-13,BRK-B,451.5799865722656,452.4299926757813,447.2099914550781,447.6099853515625,3882600,-0.0087913577633002,-1
2024-09-13,MSFT,419.9969351521576,425.914746697553,419.6320082561189,424.6917419433594,15874600,0.0111781929777675,1
2024-09-13,UNH,564.994367227595,571.3030715012628,561.3142411166707,568.0913696289062,2241900,0.0054814748269227,1
2024-09-13,JPM,198.51899663631963,199.46908315177689,194.8338365384953,196.0814208984375,10226700,-0.0122788034353593,-1
2024-09-13,META,516.8703362242966,524.0620493225885,513.6618330302761,521.1217651367188,10321400,0.0082253296706454,1
2024-09-12,UNH,562.556972036792,564.449571839257,557.4717477278444,562.4517822265625,3395800,-0.0001869851685397,-1
2024-09-12,BRK-B,454.8399963378906,455.0,449.2699890136719,450.8699951171875,3848700,-0.0087283467871499,-1
2024-09-12,AAPL,220.8444772424724,221.88666769221828,218.18442519080247,221.1124725341797,37455600,0.001213502348139,1
2024-09-12,META,513.6021793048274,523.1977981501627,511.7843651907205,522.0951538085938,11970500,0.0165360951451994,1
2024-09-12,TSLA,224.66000366210935,231.4499969482422,223.8300018310547,229.80999755859372,71894900,0.0229235013466393,1
2024-09-12,AMZN,184.8000030517578,187.41000366210935,183.5399932861328,187.0,33544200,0.0119047451943278,1
2024-09-12,JPM,199.27715101962823,200.3615919553569,196.62844474311245,198.26950073242188,9054400,-0.0050565269628284,-1
2024-09-12,MSFT,417.5114530210778,421.5158363092752,414.0002206806835,421.1509094238281,17395700,0.0087170217162079,1
2024-09-12,GOOGL,152.82570635319718,153.83924907315188,151.682982309114,153.71006774902344,29621500,0.0057867319375079,1
2024-09-11,AMZN,180.10000610351562,184.9900054931641,175.72999572753906,184.5200042724609,42564700,0.0245419101563208,1
2024-09-11,JPM,196.9739410869209,199.325149635258,193.6918435578237,198.8740997314453,13658700,0.0096467514131013,1
2024-09-11,AAPL,219.81224273641337,221.4301044903715,216.26879790334317,221.00331115722656,44587100,0.0054185718046717,1
2024-09-11,TSLA,224.5500030517578,228.47000122070312,216.8000030517578,228.1300048828125,83548600,0.015943005042977,1
2024-09-11,UNH,563.1399571179282,565.3002276323316,553.4187398031133,563.7230224609375,3563600,0.0010353826533519,1
2024-09-11,MSFT,409.80842324527,418.1821164133012,403.9695029843538,417.2451477050781,19266900,0.0181468316363943,1
2024-09-11,GOOGL,148.97027288921362,150.54026559740743,146.5854826673726,150.20242309570312,29607700,0.0082711146498726,1
2024-09-11,META,503.6292467318183,509.6984904565573,492.29532543071457,508.4170837402344,10782500,0.0095066699153903,1
2024-09-11,BRK-B,457.6199951171875,457.6199951171875,445.25,453.1000061035156,5772700,-0.00987716678008,-1
2024-09-10,AAPL,217.29112653781652,219.83207646515768,215.1174187834135,218.47227478027344,51591000,0.005435786823312,1
2024-09-10,UNH,568.9422052204457,578.1089465392737,565.0613835291032,572.5936279296875,2863500,0.0064179149933639,1
2024-09-10,GOOGL,149.4969310708747,150.31174383865772,147.40029682558622,147.71827697753906,31118800,-0.0118975960281913,-1
2024-09-10,META,504.77159627872174,510.7514440473629,496.6958022121352,501.424072265625,9899000,-0.0066317598648088,-1
2024-09-10,AMZN,177.49000549316406,180.5,176.7899932861328,179.5500030517578,36233800,0.0116062735637984,1
2024-09-10,BRK-B,461.8200073242188,464.3200073242188,456.2099914550781,458.9200134277344,3544100,-0.0062794895207916,-1
2024-09-10,JPM,209.78561744862617,209.82399812562028,192.52100489184315,197.2714080810547,28406900,-0.0596523704521166,-1
2024-09-10,MSFT,402.6084639940855,410.627073483588,402.11531302402886,408.5262756347656,19594300,0.0146986766795022,1
2024-09-10,TSLA,220.07000732421875,226.3999938964844,218.63999938964844,226.1699981689453,78891100,0.0277184106952826,1
2024-09-09,MSFT,401.6615826272171,403.0522719406784,396.6413094868822,400.1624145507813,15295100,-0.0037324158975573,-1
2024-09-09,JPM,206.51312105129105,209.35375986693387,205.543836853024,208.0677947998047,8935100,0.0075282080896328,1
2024-09-09,UNH,571.9148964442353,573.0236775525248,549.8821527280232,567.881103515625,3411400,-0.0070531349221529,-1
2024-09-09,TSLA,216.1999969482422,219.8699951171875,213.6699981689453,216.2700042724609,67443500,0.0003238081646944,1
2024-09-09,META,502.78493226486376,507.9204417647978,498.7321207007048,501.424072265625,11047800,-0.0027066443560839,-1
2024-09-09,BRK-B,463.9700012207031,466.0,459.260009765625,459.6099853515625,4571000,-0.0093971934773141,-1
2024-09-09,AAPL,219.17700018247805,219.6236489368284,215.09757995493325,219.26632690429688,67180000,0.0004075551802627,1
2024-09-09,AMZN,174.52999877929688,175.85000610351562,173.50999450683594,175.39999389648438,29037400,0.0049847884218899,1
2024-09-09,GOOGL,151.54387525137955,152.4282366790671,146.28739297802653,147.76795959472656,39260500,-0.0249163197812483,-1
2024-09-06,UNH,569.5730162088508,574.1038208419362,566.1223469991102,570.5384521484375,2926400,0.0016950169901178,1
2024-09-06,JPM,208.82596392525963,209.9199963918961,202.57845001745773,203.89321899414065,7777000,-0.0236213200619271,-1
2024-09-06,META,518.4000295415103,521.0820376560034,494.9275931294912,496.9341125488281,14744500,-0.0414080165305301,-1
2024-09-06,GOOGL,156.09640040925774,156.62234382988387,149.39804896411633,149.7652130126953,37912100,-0.0405594708139531,-1
2024-09-06,AAPL,222.2836874978132,223.56409767944487,218.1347962348173,219.17698669433597,48423000,-0.0139762878619142,-1
2024-09-06,TSLA,232.6000061035156,233.6000061035156,210.50999450683597,210.72999572753903,112177000,-0.0940241178078198,-1
2024-09-06,AMZN,177.24000549316406,178.3800048828125,171.16000366210938,171.38999938964844,41466500,-0.033006126846127,-1
2024-09-06,MSFT,403.4566466739337,405.02486305915306,395.3097834719027,396.1974792480469,19609500,-0.0179924348396062,-1
2024-09-06,BRK-B,463.8200073242188,468.1700134277344,458.5499877929688,459.4200134277344,4400300,-0.0094864253956356,-1
2024-09-05,BRK-B,479.4299926757813,479.4299926757813,462.8800048828125,464.9200134277344,6213200,-0.0302650636583334,-1
2024-09-05,MSFT,402.0363656944642,407.4413108082968,400.56678553175374,402.79583740234375,14195500,0.0018890622159705,1
2024-09-05,TSLA,223.4900054931641,235.0,222.25,230.1699981689453,119355000,0.0298894470069963,1
2024-09-05,JPM,211.2731298787107,211.89692943579365,207.31926075481468,208.8547515869141,8067900,-0.0114466912720278,-1
2024-09-05,AMZN,175.0,179.8800048828125,175.0,177.88999938964844,40170500,0.0165142822265625,1
2024-09-05,AAPL,219.98098315180297,223.80232842315377,219.87180099289256,220.72540283203125,36615400,0.0033840183345056,1
2024-09-05,GOOGL,155.1040401638185,158.2299312085826,154.78648144405375,156.03684997558594,18688700,0.0060140909984177,1
2024-09-05,META,508.307802962019,518.1517257651456,507.7415965015432,513.4135131835938,8640900,0.0100445245810169,1
2024-09-05,UNH,577.5257165430896,579.2558347720311,563.6464986644091,569.2096557617188,2144800,-0.0143994640293224,-1
2024-09-04,MSFT,400.3498254636215,405.6068015782242,398.830912042889,403.2988586425781,15135800,0.0073661407883505,1
2024-09-04,BRK-B,478.6799926757813,484.8200073242188,474.2200012207031,478.5700073242188,5309400,-0.0002297680146347,-1
2024-09-04,META,502.6954771522908,513.1453480424364,500.7088133710869,509.3209838867188,8335200,0.0131799609018976,1
2024-09-04,JPM,212.12721670145396,213.11569850429112,208.4516628819831,210.48617553710935,7389500,-0.0077361179289602,-1
2024-09-04,TSLA,210.58999633789065,222.22000122070312,210.57000732421875,219.41000366210935,80651800,0.0418823661028375,1
2024-09-04,GOOGL,155.4612837104589,157.78337502963737,154.76664294942685,155.2528839111328,19353800,-0.0013405253986852,-1
2024-09-04,AMZN,174.47999572753906,175.97999572753906,172.5399932861328,173.3300018310547,30309200,-0.0065909784768688,-1
2024-09-04,AAPL,220.01074262314265,220.12984491677884,215.8618360334932,219.20677185058597,43840200,-0.0036542341658916,-1
2024-09-04,UNH,573.5207147067574,581.1103078317052,571.4942795154503,577.5162353515625,2935000,0.0069666544596353,1
2024-09-03,JPM,213.33643989830543,215.0638633692745,210.39982731942075,211.4170837402344,8956100,-0.0089968509786045,-1
2024-09-03,AAPL,226.84946493362216,227.29611365629745,219.52437135882835,221.1124725341797,50190600,-0.0252898652466346,-1
2024-09-03,UNH,566.3708517306774,574.1515718903937,565.7017325501444,572.2589721679688,3175500,0.0103962278766621,1
2024-09-03,META,516.1749942685213,521.9859615332059,505.2284575160921,508.3475341796875,12459100,-0.0151643535152768,-1
2024-09-03,TSLA,215.25999450683597,219.8999938964844,209.63999938964844,210.6000061035156,76714200,-0.0216481860180124,-1
2024-09-03,GOOGL,160.48255309061489,160.61156320284906,155.28264303988357,156.15591430664062,38945300,-0.0269601816562032,-1
2024-09-03,BRK-B,475.0,482.8900146484375,473.7200012207031,476.8299865722656,7511900,0.0038526033100328,1
2024-09-03,AMZN,177.5500030517578,178.25999450683594,175.25999450683594,176.25,37817500,-0.0073218982225466,-1
2024-09-03,MSFT,412.1854296938012,414.1284456363182,401.45446023053216,403.8314514160156,20313600,-0.0202675244585705,-1
2024-08-30,UNH,563.9620130101468,567.0781514336293,560.7025294187903,564.1531982421875,2944700,0.000339003740731,1
2024-08-30,TSLA,208.6300048828125,214.57000732421875,207.02999877929688,214.1100006103516,63370600,0.0262665752733753,1
2024-08-30,MSFT,409.9070510926303,411.7711459201445,406.48458250077,411.4259643554688,24308300,0.0037055065503013,1
2024-08-30,JPM,213.52837890369267,216.38821556365377,212.98135535356383,215.7356414794922,8574100,0.0103370923674508,1
2024-08-30,GOOGL,161.37568835446018,162.40773914692485,160.45281163127092,162.1298828125,22123800,0.0046735320898104,1
2024-08-30,BRK-B,470.5199890136719,476.9500122070313,470.0,475.9200134277344,7465800,0.011476716271677,1
2024-08-30,AAPL,228.4772755570311,228.68570457235603,225.78743262658827,227.29612731933597,52990800,-0.0051696530204831,-1
2024-08-30,META,517.8735737554629,520.0489730917525,511.7646188064961,517.8338623046875,9157500,-7.668174780071484e-05,-1
2024-08-30,AMZN,172.77999877929688,178.89999389648438,172.60000610351562,178.5,43429400,0.0331056908271521,1
2024-08-29,AAPL,228.3879521456165,231.1869621230462,227.1770283167567,228.0802459716797,51906300,-0.0013472959980858,-1
2024-08-29,META,515.5889478445253,523.6846276660798,512.2414239497651,514.7644653320312,8317400,-0.0015991081964437,-1
2024-08-29,GOOGL,163.0527698600771,164.70007190564058,159.02383761377362,160.54212951660156,19699800,-0.0153977166142594,-1
2024-08-29,BRK-B,467.1099853515625,469.8500061035156,463.0,468.3699951171875,4459400,0.0026974584255069,1
2024-08-29,UNH,564.6120321398445,566.4568501465482,558.5805081530305,565.4627685546875,1953200,0.0015067628148461,1
2024-08-29,TSLA,209.8000030517578,214.88999938964844,205.97000122070312,206.27999877929688,62308800,-0.0167779038191555,-1
2024-08-29,AMZN,173.22000122070312,174.2899932861328,170.80999755859375,172.1199951171875,26407800,-0.0063503411601647,-1
2024-08-29,MSFT,409.2561057035253,416.268697643249,404.9755591436319,407.4610290527344,17045200,-0.0043861939401125,-1
2024-08-29,JPM,213.19246805291823,213.98900257334432,210.1119097835547,213.25006103515625,6416100,0.0002701454829243,1
2024-08-28,AAPL,226.2241624042973,228.149730282918,224.00082364270057,224.8048095703125,38052200,-0.0062740991894939,-1
2024-08-28,TSLA,209.72000122070312,211.83999633789065,202.58999633789065,205.75,64116400,-0.0189300076177532,-1
2024-08-28,BRK-B,461.1700134277344,466.6000061035156,460.7799987792969,464.5899963378906,4838100,0.0074158831029289,1
2024-08-28,AMZN,173.69000244140625,173.69000244140625,168.9199981689453,170.8000030517578,29045000,-0.0166388355635113,-1
2024-08-28,META,514.2180646497437,517.6153031156273,509.0329016673362,513.3340454101562,9106100,-0.0017191524381579,-1
2024-08-28,UNH,563.0156944474044,566.6766844065424,558.1025200211983,562.56640625,1657000,-0.0007980029719159,-1
2024-08-28,JPM,210.40940501408693,213.25005838467985,210.3518266760892,212.3671417236328,6506400,0.0093044163563639,1
2024-08-28,GOOGL,163.77714221811894,164.33286993605128,160.29400544572312,161.60391235351562,16407400,-0.013269433299239,-1
2024-08-28,MSFT,409.1969570716752,409.3153084895278,401.7306441001557,404.9755859375,14882700,-0.0103162329563358,-1
2024-08-27,MSFT,407.2045864016282,408.6840392458711,404.6303529004273,408.1711730957031,13492900,0.002373712689772,1
2024-08-27,AAPL,224.31843379232603,227.14723425887112,223.21669220638535,226.3333282470703,35934600,0.0089822954836144,1
2024-08-27,BRK-B,455.9400024414063,462.1000061035156,454.6199951171875,460.6300048828125,3764700,0.0102864464979884,1
2024-08-27,JPM,210.65894306314183,211.5322536842561,210.3518536732329,211.3019256591797,5185200,0.0030522444795763,1
2024-08-27,TSLA,213.25,215.66000366210935,206.94000244140625,209.2100067138672,62821400,-0.0189448688681491,-1
2024-08-27,UNH,563.4553289854946,566.1987230749285,558.016497549955,561.4288940429688,1581900,-0.0035964429445976,-1
2024-08-27,GOOGL,164.57104961527048,165.1664646925233,163.201619164844,163.419921875,11821900,-0.0069947159172986,-1
2024-08-27,META,515.519293809415,520.5157816288943,511.8737832515173,515.6384887695312,6282700,0.000231213383374,1
2024-08-27,AMZN,174.14999389648438,174.88999938964844,172.25,173.1199951171875,29842000,-0.0059144347711496,-1
2024-08-26,JPM,210.1790743477144,210.82205685305937,209.25779166440867,210.33262634277344,5105200,0.0007305769879116,1
2024-08-26,GOOGL,165.1069286953162,166.26797448558267,163.20162161831217,164.88861083984375,14190400,-0.0013222816098489,-1
2024-08-26,MSFT,410.6665125068156,411.5640508373135,405.7054152115458,407.8259582519531,13152800,-0.0069169366587087,-1
2024-08-26,BRK-B,455.30999755859375,459.2699890136719,453.3399963378906,454.489990234375,3575800,-0.0018009868630508,-1
2024-08-26,AMZN,176.6999969482422,177.47000122070312,174.3000030517578,175.5,22366200,-0.0067911543235265,-1
2024-08-26,META,524.081913244852,524.479270276633,511.5163004380435,517.6451416015625,9584000,-0.012281995391591,-1
2024-08-26,AAPL,225.07279660900764,225.58893181224727,222.22415556593285,225.4896697998047,30602200,0.0018521704847398,1
2024-08-26,TSLA,218.75,219.08999633789065,211.00999450683597,213.2100067138672,59301200,-0.02532568359375,-1
2024-08-26,UNH,562.0980710410689,565.9598144491163,559.8900186666979,561.2186889648438,1800000,-0.0015644637858238,-1
2024-08-23,META,533.3398137671492,536.2701553658752,521.5589105040611,524.4793090820312,11323900,-0.016613244420163,-1
2024-08-23,GOOGL,163.45962992213603,164.90845010892556,162.57644045039766,164.3527374267578,13955700,0.0054637802927072,1
2024-08-23,MSFT,411.2682103309817,413.51697764071497,406.4451792024677,411.080810546875,18493800,-0.0004556631886425,-1
2024-08-23,AMZN,177.33999633789062,178.97000122070312,175.24000549316406,177.0399932861328,29150100,-0.0016916829702996,-1
2024-08-23,AAPL,223.9809630537733,226.52191275369316,222.66085720360695,225.1521759033203,38677300,0.0052290731925542,1
2024-08-23,JPM,208.82596096633333,210.35184563489813,207.77030919614816,209.50732421875,7214000,0.0032628282865964,1
2024-08-23,TSLA,214.4600067138672,221.47999572753903,214.2100067138672,220.32000732421875,81525200,0.0273244447771093,1
2024-08-23,UNH,555.3591891370351,559.3834135586934,552.9217379270308,558.7142944335938,2376400,0.0060413248978055,1
2024-08-23,BRK-B,450.0,453.7200012207031,448.80999755859375,453.3800048828125,2805400,0.0075111219618055,1
2024-08-22,BRK-B,446.2999877929688,449.6000061035156,444.6499938964844,449.0299987792969,3502800,0.0061169864687393,1
2024-08-22,META,533.4193185170498,540.6010899407597,525.0654225328738,528.3831176757812,15708300,-0.0094413544212638,-1
2024-08-22,MSFT,418.54710638332296,420.9438431425212,408.9306617888671,409.8577880859375,19361900,-0.0207606698621574,-1
2024-08-22,TSLA,223.82000732421875,224.8000030517578,210.32000732421875,210.66000366210935,79514500,-0.0587972622261878,-1
2024-08-22,AMZN,181.3800048828125,181.47000122070312,175.67999267578125,176.1300048828125,32047500,-0.0289447560848394,-1
2024-08-22,UNH,553.6864475305608,557.223170214602,545.4373033860018,553.1798095703125,2282000,-0.0009150268396633,-1
2024-08-22,JPM,205.92772233240677,208.05820882254335,205.6973943235858,207.8950653076172,5247100,0.0095535606033401,1
2024-08-22,AAPL,226.09512887719345,226.64103964823343,222.2340729078472,222.85939025878903,43695300,-0.0143114034984889,-1
2024-08-22,GOOGL,165.9801781592332,166.3076549289941,162.06040523845343,162.54666137695312,22493300,-0.0206863061623305,-1
2024-08-21,GOOGL,163.88632244130392,165.5733267344455,163.40999947744584,164.5809783935547,22902000,0.0042386450675257,1
2024-08-21,MSFT,418.27090283610073,420.5591305026096,415.943244764668,418.3301086425781,16067300,0.0001415489484827,1
2024-08-21,UNH,555.8466590402397,557.6436950594681,551.9467023238785,552.5584716796875,2844300,-0.0059156375361323,-1
2024-08-21,JPM,205.7837565186157,206.3307800341097,204.25787193885597,205.9469146728516,5202300,0.0007928621626706,1
2024-08-21,AMZN,179.9199981689453,182.38999938964844,178.88999938964844,180.11000061035156,35599100,0.0010560384801017,1
2024-08-21,META,523.6350139485368,535.8033315503418,523.4164493710769,531.591552734375,13423300,0.01519481809637,1
2024-08-21,AAPL,224.8345715346964,226.2836998547364,223.37550792716291,224.7154541015625,34765500,-0.0005298003430735,-1
2024-08-21,BRK-B,449.8399963378906,451.2799987792969,443.8399963378906,446.6000061035156,3028500,-0.0072025392600735,-1
2024-08-21,TSLA,222.6699981689453,224.66000366210935,218.8600006103516,223.2700042724609,70146000,0.0026945978733083,1
2024-08-20,AMZN,177.9199981689453,179.00999450683594,177.42999267578125,178.8800048828125,26255200,0.0053957212440818,1
2024-08-20,JPM,206.33075850164272,207.290436448162,205.0639765833461,205.8701171875,5640000,-0.0022325382676235,-1
2024-08-20,TSLA,224.8800048828125,228.22000122070312,219.55999755859372,221.1000061035156,74001200,-0.0168089589880019,-1
2024-08-20,MSFT,415.9235063802004,420.0264956299884,415.864330676567,418.9810180664063,16387600,0.0073511394266111,1
2024-08-20,AAPL,224.09014645304697,225.4797235950926,223.772520166148,224.8246307373047,30299000,0.00327762865027,1
2024-08-20,GOOGL,165.622946264351,167.34963797695062,165.54357171525163,165.9008026123047,18341500,0.0016776440355685,1
2024-08-20,META,524.8268440690854,527.5486241898866,522.3733435694845,523.2176513671875,7944400,-0.0030661402328842,-1
2024-08-20,UNH,554.2599172943065,558.0451747634133,550.1019157249219,555.024658203125,1677500,0.0013797514215923,1
2024-08-20,BRK-B,449.2999877929688,450.5,446.3800048828125,448.3599853515625,2906500,-0.0020921488247166,-1
2024-08-19,UNH,552.5680635017852,557.5576653176072,551.60262770776,553.2371826171875,1847900,0.0012109261457527,1
2024-08-19,GOOGL,164.0153203524916,165.41453504299912,163.00312088041883,165.39468383789062,22416200,0.0084099673276531,1
2024-08-19,TSLA,217.07000732421875,222.97999572753903,214.08999633789065,222.72000122070312,76435200,0.0260284410828137,1
2024-08-19,BRK-B,446.010009765625,450.4500122070313,445.7300109863281,448.7699890136719,3385300,0.0061881553947572,1
2024-08-19,JPM,205.37110402457384,206.83941027906192,205.19836900335173,206.76263427734372,6090800,0.0067756866740289,1
2024-08-19,META,523.3568293697928,528.1148678543794,519.2742493741875,525.7507934570312,9879700,0.0045742483003827,1
2024-08-19,MSFT,413.22105614207504,415.9728470077707,410.75530126947416,415.755859375,15234000,0.0061342547656947,1
2024-08-19,AAPL,224.0405409873165,224.30853630427512,221.38047353975196,224.2092742919922,40687800,0.0007531373738524,1
2024-08-19,AMZN,177.63999938964844,178.3000030517578,176.16000366210938,178.22000122070312,31129800,0.0032650407174482,1
2024-08-16,TSLA,211.1499938964844,219.8000030517578,210.8000030517578,216.1199951171875,88765100,0.0235377758198735,1
2024-08-16,AAPL,222.2539159800548,225.1422676891868,221.98592068094567,224.3680725097656,44340200,0.0095123477144968,1
2024-08-16,AMZN,177.0399932861328,178.33999633789062,176.25999450683594,177.05999755859375,31489200,0.0001129929576341,1
2024-08-16,BRK-B,441.5499877929688,445.2000122070313,440.4500122070313,444.510009765625,3345000,0.0067037075178091,1
2024-08-16,JPM,203.15425086846597,205.4574723551024,203.058277205054,205.34231567382807,7931200,0.0107704603571345,1
2024-08-16,META,528.3532441619528,530.1014573197285,521.1614705192093,523.903076171875,14776700,-0.0084227134767317,-1
2024-08-16,UNH,555.2826710877231,555.9804942100457,548.7636461010827,552.1856689453125,2728900,-0.0055773434030346,-1
2024-08-16,MSFT,414.8385903403338,415.5684441235936,411.5837759699612,412.7377624511719,22775600,-0.0050642055442297,-1
2024-08-16,GOOGL,160.2344996596875,163.7970268327427,159.89710483293223,161.71310424804688,24208600,0.0092277542695219,1
2024-08-15,BRK-B,441.7999877929688,442.5899963378906,438.7200012207031,440.8399963378906,3226400,-0.0021729096460002,-1
2024-08-15,AMZN,174.86000061035156,177.91000366210938,173.99000549316406,177.58999633789062,51698500,0.0156124655038886,1
2024-08-15,UNH,554.0878062705774,557.5958826908291,548.1996869838003,554.0304565429688,2751800,-0.0001035029592054,-1
2024-08-15,META,528.2439121362164,536.1707413680679,523.1878870724586,533.7470092773438,13482100,0.0104177199484852,1
2024-08-15,TSLA,205.0200042724609,215.8800048828125,204.82000732421875,214.13999938964844,89848500,0.044483440284527,1
2024-08-15,MSFT,414.0495331175792,415.3415862221362,411.9388626649199,415.2626953125,20752100,0.0029299929063711,1
2024-08-15,GOOGL,159.27191417011724,160.4031907118124,158.388724722145,160.0657958984375,31524300,0.0049844426900798,1
2024-08-15,AAPL,222.9288713384501,223.6732909687273,221.10255033510867,223.0479736328125,46414000,0.0005342614155237,1
2024-08-15,JPM,204.41141236229493,205.26552518971096,202.5880300343132,203.01988220214844,7001000,-0.0068074974095877,-1
2024-08-14,MSFT,408.3819407203729,411.2567738583692,406.0683254390975,410.4100646972656,18267000,0.0049662430550067,1
2024-08-14,UNH,549.8534031242244,555.4739106516726,547.9703714964564,554.087890625,2344400,0.0077011208382371,1
2024-08-14,TSLA,207.38999938964844,208.44000244140625,198.75,201.3800048828125,70250000,-0.02897919149681,-1
2024-08-14,GOOGL,161.15734902797854,161.9710818575429,156.5032484754406,159.14288330078125,40591100,-0.0124999929531451,-1
2024-08-14,AAPL,218.92885985517657,221.3705477847693,218.06532277692483,220.0702972412109,41960600,0.0052137364931669,1
2024-08-14,META,524.5388780300436,530.4392723612109,519.6417586898049,523.24755859375,11444200,-0.0024618183520415,-1
2024-08-14,AMZN,172.11000061035156,172.27999877929688,168.86000061035156,170.10000610351562,28843800,-0.0116785456958219,-1
2024-08-14,JPM,199.3635155406144,202.26173259433187,198.76850521541047,201.76271057128903,6999800,0.0120342732930285,1
2024-08-14,BRK-B,433.0,438.9800109863281,431.7099914550781,438.4700012207031,2860200,0.0126327972764506,1
2024-08-13,MSFT,403.2525929980432,408.52967573216,403.23291326546496,407.6042175292969,19414300,0.0107913119638012,1
2024-08-13,GOOGL,162.15965411245918,163.46954611395418,161.72301839794923,162.90391540527344,18551700,0.0045896822911209,1
2024-08-13,JPM,199.35392685485715,199.69941155528463,197.11787513313567,199.5554656982422,6387800,0.0010109599874186,1
2024-08-13,BRK-B,431.8299865722656,432.80999755859375,425.8999938964844,432.4100036621094,3472000,0.0013431607527947,1
2024-08-13,AMZN,167.80999755859375,171.0399932861328,167.10000610351562,170.22999572753906,39237900,0.0144210607481853,1
2024-08-13,TSLA,198.47000122070312,208.4900054931641,197.05999755859372,207.8300018310547,76247400,0.0471607827519637,1
2024-08-13,UNH,544.8352049463282,550.3218780622011,543.8889049384653,548.8976440429688,2369400,0.0074562712904,1
2024-08-13,AAPL,217.38043273085665,220.2390087017958,217.38043273085665,219.6236267089844,44155300,0.0103192083571988,1
2024-08-13,META,516.5425353486345,527.9559092747828,514.6949525499102,525.015625,13743800,0.0164034693592981,1
2024-08-12,GOOGL,163.09245277727376,163.638232240746,160.60164879815585,161.04820251464844,15895300,-0.0125343032605993,-1
2024-08-12,AAPL,214.4623401059105,217.8767320905019,213.9958359256548,215.91146850585935,38028100,0.0067570296921745,1
2024-08-12,TSLA,199.0200042724609,199.25999450683597,194.6699981689453,197.4900054931641,64044900,-0.0076876632823416,-1
2024-08-12,AMZN,168.13999938964844,168.5500030517578,166.11000061035156,166.8000030517578,30072800,-0.0079695274340123,-1
2024-08-12,MSFT,400.7616957993417,402.4354042920839,397.98532149531104,400.51556396484375,16762900,-0.0006141600783652,-1
2024-08-12,META,513.4136101164537,514.5659092940476,505.7053737021788,512.5097045898438,9767400,-0.0017605795966431,-1
2024-08-12,JPM,198.0871526844076,198.7877135708688,195.44803800867777,197.8760223388672,6936000,-0.001065845728404,-1
2024-08-12,UNH,537.5036297160539,543.8888201111004,536.2896588472145,540.342529296875,2532400,0.0052816379720465,1
2024-08-12,BRK-B,434.1600036621094,434.1600036621094,429.010009765625,430.3900146484375,2376000,-0.0086834093004244,-1
2024-08-09,BRK-B,431.9200134277344,434.75,430.2099914550781,431.6700134277344,2602600,-0.0005788108729113,-1
2024-08-09,TSLA,197.0500030517578,200.8800048828125,195.1100006103516,200.0,58648300,0.0149708038698549,1
2024-08-09,AMZN,166.39999389648438,168.5500030517578,165.85000610351562,166.94000244140625,36401000,0.0032452437784211,1
2024-08-09,JPM,195.26568795748204,198.14472201831651,194.7186644570317,197.50173950195312,5540200,0.0114513285352927,1
2024-08-09,UNH,539.6255936239853,540.9542638847348,533.0205727128482,534.1007080078125,2976700,-0.0102383683825467,-1
2024-08-09,MSFT,397.7785931119872,401.73638233312255,396.0359904789914,399.73779296875,19276700,0.0049253526727901,1
2024-08-09,GOOGL,158.785664734338,162.53674053879345,157.8429367667061,162.41766357421875,28602300,0.0228735940738566,1
2024-08-09,META,504.3245575432351,514.8837113715979,502.3279809305961,514.3175048828125,13696600,0.0198145166443153,1
2024-08-09,AAPL,210.27850449568905,214.91830568661297,210.149616086692,214.3829498291016,42201600,0.0195190913272671,1
2024-08-08,GOOGL,159.28181801513983,162.4374934400702,158.9841256428161,160.79019165039062,25578800,0.0094698419069238,1
2024-08-08,UNH,539.4629596112012,547.1863856804611,539.4629596112012,541.2504272460938,2860800,0.0033134205102437,1
2024-08-08,AMZN,165.1699981689453,166.69000244140625,162.5500030517578,165.8000030517578,44616200,0.0038142815874351,1
2024-08-08,AAPL,211.27980900719396,212.36044444161047,207.0365669160157,211.47808837890625,47161100,0.0009384681510459,1
2024-08-08,META,494.1826294663164,506.5595366831975,491.4211679453795,506.2317504882813,16156800,0.0243819193624371,1
2024-08-08,MSFT,396.2131882314223,399.58025493530266,393.75186986205176,396.4593200683594,20203000,0.0006212106114784,1
2024-08-08,BRK-B,429.239990234375,432.260009765625,427.6000061035156,431.5400085449219,3150000,0.0053583504866147,1
2024-08-08,TSLA,195.6999969482422,200.6999969482422,192.0399932861328,198.83999633789065,65033900,0.0160449639172906,1
2024-08-08,JPM,194.30600938741944,196.64762609323657,193.65342072084405,195.83189392089844,7761200,0.0078529971270037,1
2024-08-07,META,499.7750576315179,506.7482362927621,483.6135290604077,485.6598205566406,20105300,-0.0282431803255062,-1
2024-08-07,UNH,541.6042358423642,546.4218468545798,532.4470643972068,541.09765625,4320700,-0.0009353316662605,-1
2024-08-07,MSFT,402.3172742353533,403.7349659899612,391.3200904199489,392.2652282714844,20650900,-0.0249853700241279,-1
2024-08-07,TSLA,200.7700042724609,203.4900054931641,191.47999572753903,191.75999450683597,71159800,-0.0448772703784859,-1
2024-08-07,JPM,195.30407255531497,197.4537566355557,192.12754058739836,192.3194732666016,9204400,-0.0152818077455507,-1
2024-08-07,AAPL,205.12313014700663,211.80525225793107,204.61751548926864,208.01806640625,63516400,0.0141131634310018,1
2024-08-07,BRK-B,426.0700073242188,433.1700134277344,425.6000061035156,427.0199890136719,4745600,0.00222963755515,1
2024-08-07,AMZN,166.5500030517578,167.5800018310547,161.42999267578125,162.77000427246094,48408200,-0.0226958793757703,-1
2024-08-07,GOOGL,160.01618414211123,161.73294268414506,157.25745672144262,157.72386169433594,25138600,-0.0143255662548449,-1
2024-08-06,AMZN,161.7100067138672,165.0800018310547,158.5399932861328,161.92999267578125,59950800,0.0013603732161319,1
2024-08-06,META,475.8059745622405,499.2088714287347,475.4583023384702,490.79534912109375,20955000,0.0315031238786861,1
2024-08-06,MSFT,393.8109820824443,399.3932659734361,392.33419089963513,393.427001953125,24946500,-0.0009750366210938,-1
2024-08-06,BRK-B,416.4100036621094,427.4599914550781,415.1000061035156,422.1400146484375,5138700,0.0137605027159185,1
2024-08-06,AAPL,203.53688424769564,208.18660889381388,199.3432157724579,205.45030212402344,69660500,0.0094008409502783,1
2024-08-06,GOOGL,158.11086239581772,159.34137978517677,155.2132070680051,157.0788116455078,49004600,-0.0065273867631323,-1
2024-08-06,TSLA,200.75,202.8999938964844,192.6699981689453,200.63999938964844,73783900,-0.0005479482458359,-1
2024-08-06,UNH,543.1336788985003,552.0328060328302,537.7043566429662,543.2674560546875,3216500,0.0002463061330656,1
2024-08-06,JPM,187.5210898263343,194.4307836748442,186.17754637997143,192.26190185546875,10605800,0.025281487183788,1
2024-08-05,META,448.3404213925936,480.2561846222554,447.7940705832669,472.557861328125,21396200,0.0540157406738153,1
2024-08-05,JPM,186.2255269573448,188.26003972022244,183.2025323392783,187.04124450683597,13927000,0.0043802671031129,1
2024-08-05,BRK-B,413.4299926757813,417.8200073242188,406.1099853515625,413.7200012207031,7695100,0.0007014695354947,1
2024-08-05,AAPL,197.3801970311264,211.66644653820467,194.3167378055649,207.4727783203125,119548600,0.0511326943684958,1
2024-08-05,TSLA,185.22000122070312,203.8800048828125,182.0,198.8800048828125,100308800,0.0737501542602436,1
2024-08-05,MSFT,383.1485258419234,394.8348607957488,379.61404618021845,389.0359802246094,40709200,0.0153659846915735,1
2024-08-05,AMZN,154.2100067138672,162.9600067138672,151.61000061035156,161.02000427246094,83149400,0.0441605425206259,1
2024-08-05,UNH,556.4298471728276,560.922438212485,541.747729442056,544.8065185546875,4587400,-0.0208891177876191,-1
2024-08-05,GOOGL,154.3101724717456,163.17183620146417,153.7445266292353,158.03147888183594,53630700,0.0241157556270096,1
2024-08-02,UNH,556.630551541595,565.4340572614902,549.8629907049781,563.799560546875,5094000,0.0128792948669909,1
2024-08-02,AMZN,166.75,168.77000427246094,160.5500030517578,167.89999389648438,141448400,0.0068965151213455,1
2024-08-02,AAPL,217.2679231335739,223.6625423233413,215.84030263063204,217.97183227539065,105568600,0.0032398208242823,1
2024-08-02,GOOGL,165.16647827243773,167.22063168798618,163.4100172779574,165.38479614257812,29130100,0.0013218049596013,1
2024-08-02,BRK-B,429.7699890136719,436.25,423.489990234375,428.3599853515625,4251500,-0.0032808332320861,-1
2024-08-02,TSLA,214.8800048828125,216.1300048828125,205.77999877929688,207.6699981689453,82880100,-0.0335536418002189,-1
2024-08-02,JPM,195.6591542348571,196.4172934074788,188.95099978059565,191.1102752685547,18041700,-0.0232489963686658,-1
2024-08-02,META,485.7393217238086,497.8082988081169,472.97500015148046,484.8850708007813,24044700,-0.001758661250639,-1
2024-08-02,MSFT,406.1076957637226,408.5788691410044,398.08380349930894,402.1695861816406,29437900,-0.0096972050103015,-1
2024-08-01,TSLA,227.69000244140625,231.8699951171875,214.3300018310547,216.8600006103516,83861900,-0.0475646787954235,-1
2024-08-01,GOOGL,168.94729223504007,172.71821867309802,167.58777995648467,169.45338439941406,24531400,0.0029955624483754,1
2024-08-01,MSFT,414.2793032379423,420.8460843318748,406.6984300535164,410.6562194824219,30296400,-0.0087455099185571,-1
2024-08-01,BRK-B,439.6700134277344,440.6099853515625,430.9500122070313,431.80999755859375,3892300,-0.0178770796940704,-1
2024-08-01,AMZN,189.2899932861328,190.6000061035156,181.8699951171875,184.07000732421875,70435600,-0.0275766609279946,-1
2024-08-01,JPM,204.6033494115887,205.207951245614,198.0583529785628,199.57464599609372,10918600,-0.02457781571004,-1
2024-08-01,META,517.5259626274621,523.6548039805784,488.8186744101764,494.4210510253906,43083100,-0.0446449323716411,-1
2024-08-01,UNH,551.7269190954652,561.5723460039061,542.0726190783878,547.492431640625,3680800,-0.0076749698234453,-1
2024-08-01,AAPL,222.44309097566543,222.55214689360596,215.1562223313537,216.48471069335935,62501000,-0.0267860883256557,-1
2024-07-31,AMZN,185.0500030517578,187.94000244140625,184.4600067138672,186.97999572753903,41667300,0.010429573866267,1
2024-07-31,META,467.8791956067384,473.3226655061121,463.6376791709923,471.6637878417969,24285800,0.0080888235052869,1
2024-07-31,GOOGL,171.91443658888358,172.91670298864665,168.7091404604878,170.22743225097656,25729100,-0.0098130463699294,-1
2024-07-31,JPM,206.11967157338827,207.6647539782896,204.0947500942136,204.21951293945312,9071600,-0.0092187156103564,-1
2024-07-31,TSLA,227.8999938964844,234.67999267578125,226.7899932861328,232.07000732421875,67497000,0.0182975583124783,1
2024-07-31,UNH,540.4859128625338,555.2636506467152,537.5036098741377,550.7327880859375,4713200,0.0189586351457967,1
2024-07-31,BRK-B,439.8500061035156,440.8500061035156,437.739990234375,438.5,3798800,-0.0030692419797259,-1
2024-07-31,AAPL,219.53825698895488,221.89782218872543,218.7352157578384,220.1727600097656,50036300,0.002890170622256,1
2024-07-31,MSFT,413.9937419087569,415.2539356882569,405.8320019373709,411.87701416015625,42891400,-0.0051129462460984,-1
2024-07-30,MSFT,421.1020622928212,422.4114705197089,410.90234276735913,416.3763427734375,32687600,-0.011222266387519,-1
2024-07-30,META,463.8860020648565,469.5778048233908,453.6546955153981,460.1014099121094,11390400,-0.0081584530162607,-1
2024-07-30,GOOGL,168.9373636975669,169.9197787286118,167.1511339019872,168.98696899414062,18959700,0.0002936312932083,1
2024-07-30,TSLA,232.25,232.41000366210935,220.0,222.6199951171875,100560300,-0.0414639607440796,-1
2024-07-30,AAPL,217.30756370891964,218.43777260182011,214.26392209769764,216.92091369628903,41643800,-0.0017792754473493,-1
2024-07-30,AMZN,184.72000122070312,185.8600006103516,179.3800048828125,181.7100067138672,39508600,-0.0162949030259024,-1
2024-07-30,BRK-B,439.510009765625,443.8900146484375,439.1400146484375,441.260009765625,3736400,0.0039817068123959,1
2024-07-30,JPM,204.63213201184072,207.08890530291896,204.37302950002504,206.5131072998047,8850700,0.0091919840226026,1
2024-07-30,UNH,541.881558076396,553.8585530171277,541.0116855804448,550.8953857421875,4139100,0.0166343134056625,1
2024-07-29,UNH,540.7440775173663,546.1351284010325,536.9683874568909,541.7381591796875,2965000,0.0018383588533879,1
2024-07-29,TSLA,224.8999938964844,234.2700042724609,224.6999969482422,232.1000061035156,129201800,0.0320142836924452,1
2024-07-29,AMZN,183.83999633789065,184.75,182.3800048828125,183.1999969482422,33270100,-0.0034812848259208,-1
2024-07-29,META,466.7467910394615,470.7995717926328,461.9191823143617,462.6045837402344,11339600,-0.0088746347671771,-1
2024-07-29,GOOGL,167.53816257445885,169.12591074335177,166.70459365013758,168.23280334472656,20293800,0.0041461644296056,1
2024-07-29,JPM,204.0755227146991,204.99682004630137,202.0602076823259,202.34811401367188,6533600,-0.0084645560528205,-1
2024-07-29,AAPL,215.0967318967012,217.41663210574904,213.8971168447476,216.36573791503903,36311800,0.0058996992057848,1
2024-07-29,BRK-B,438.010009765625,439.4400024414063,435.489990234375,438.30999755859375,2620000,0.0006848879849327,1
2024-07-29,MSFT,424.9023450000168,425.46353285919287,418.12882136064246,420.1274108886719,15125800,-0.0112377212494431,-1
2024-07-26,TSLA,221.19000244140625,222.27999877929688,215.3300018310547,219.8000030517578,94604100,-0.0062841872340801,-1
2024-07-26,MSFT,411.7293557750341,422.28349032231534,410.8137224917234,418.68994140625,23583800,0.0169057307514869,1
2024-07-26,UNH,535.2859584851213,553.5717138414094,535.2859584851213,544.5769653320312,3201900,0.0173570905412945,1
2024-07-26,META,461.1046677173748,466.6375032130232,456.3565425755035,462.59466552734375,14222400,0.0032313657056325,1
2024-07-26,GOOGL,165.8710294311091,166.8038393522412,162.80467650128674,165.72218322753906,41336900,-0.0008973610646809,-1
2024-07-26,AAPL,216.82180047841348,217.60502442671483,214.15489978899527,216.08816528320312,41601300,-0.0033835859382755,-1
2024-07-26,JPM,200.8030338162583,204.56496989068705,200.20802348732903,203.68206787109372,8027800,0.0143376023764155,1
2024-07-26,AMZN,180.38999938964844,183.19000244140625,180.2400054931641,182.5,29506000,0.0116968824075102,1
2024-07-26,BRK-B,435.6600036621094,439.0,434.1000061035156,437.6600036621094,2717600,0.0045907358563747,1
2024-07-25,BRK-B,431.6000061035156,439.6300048828125,431.6000061035156,433.2900085449219,3334300,0.0039156682518695,1
2024-07-25,JPM,200.23679904485417,201.71471129291237,199.66100105914288,200.2559967041016,6403800,9.5874780954204e-05,1
2024-07-25,GOOGL,171.19994131459546,172.09304877138803,165.9107228003057,166.00003051757812,44852000,-0.030373321141869,-1
2024-07-25,AAPL,217.0498128962932,218.9533371697593,212.77682977395943,215.6221923828125,51391200,-0.0065773865198528,-1
2024-07-25,META,460.17098380293606,460.4590282516497,439.6983958852032,450.38665771484375,18240500,-0.0212623707979866,-1
2024-07-25,AMZN,182.91000366210935,183.8999938964844,176.8000030517578,179.85000610351562,44464200,-0.0167295254350686,-1
2024-07-25,TSLA,216.8000030517578,226.0,216.22999572753903,220.25,100636500,0.0159132698324665,1
2024-07-25,UNH,537.1976616276238,544.7394719823361,533.928610342673,534.9800415039062,3102900,-0.0041281269114212,-1
2024-07-25,MSFT,422.1653174889069,423.1498448431678,411.0500252919827,411.9262390136719,29943800,-0.0242537177997907,-1
2024-07-24,META,469.1606069922724,473.12399173942754,457.5088124022394,458.1942138671875,17649700,-0.0233744968389162,-1
2024-07-24,GOOGL,172.2716763828317,174.84185492699467,170.5052975643539,171.30909729003906,49585200,-0.0055875644389362,-1
2024-07-24,JPM,201.10054238495405,203.4805398970385,199.6802229423339,200.1792449951172,7119000,-0.0045812774988606,-1
2024-07-24,AMZN,183.1999969482422,185.4499969482422,180.41000366210935,180.8300018310547,41532400,-0.0129366547853004,-1
2024-07-24,TSLA,225.4199981689453,225.9900054931641,214.7100067138672,215.9900054931641,167942900,-0.0418329906502517,-1
2024-07-24,MSFT,433.6351347306288,434.6491968195245,420.9740958851319,422.2638244628906,26805800,-0.0262232216833674,-1
2024-07-24,BRK-B,433.989990234375,435.4100036621094,430.7300109863281,432.7999877929688,3143700,-0.0027420043507537,-1
2024-07-24,AAPL,222.07627816799848,222.86941075843336,215.26528287042115,216.6631622314453,61777600,-0.0243750299726213,-1
2024-07-24,UNH,535.2860250809513,536.3661604774562,528.614085794773,535.0470581054688,3156200,-0.0004464285714284,-1
2024-07-23,BRK-B,437.3399963378906,437.9200134277344,433.4700012207031,434.010009765625,2393000,-0.0076141825585347,-1
2024-07-23,TSLA,253.6000061035156,255.75999450683597,245.6300048828125,246.3800048828125,111928200,-0.0284700356740371,-1
2024-07-23,UNH,534.1294380002223,534.177278071609,528.4133662512236,530.219970703125,2785600,-0.0073193256521009,-1
2024-07-23,GOOGL,180.6570223402312,182.205083362309,180.15091498468195,180.3990020751953,36352700,-0.001428232690285,-1
2024-07-23,AAPL,222.44308791792704,224.9910238167192,220.76759935066607,223.0775909423828,39960300,0.0028524285937349,1
2024-07-23,AMZN,184.1000061035156,189.38999938964844,183.55999755859372,186.41000366210935,47537700,0.0125475148398142,1
2024-07-23,JPM,202.5112707886033,202.95271450120745,200.9086101661009,201.84909057617188,5557300,-0.0032698437467347,-1
2024-07-23,META,486.5736915826986,491.9178220255653,484.4678328165319,485.4313659667969,9455500,-0.0023476929305117,-1
2024-07-23,MSFT,437.0316974699668,441.4522458319455,436.24408758502966,437.9670104980469,13107100,0.0021401491779537,1
2024-07-22,TSLA,244.2100067138672,253.2100067138672,243.75,251.50999450683597,101225400,0.0298922549947836,1
2024-07-22,AMZN,185.0,185.05999755859372,182.47999572753903,182.5500030517578,39931900,-0.013243226747255,-1
2024-07-22,UNH,538.201403599123,539.3484567350122,532.4949003018545,533.8809204101562,3377300,-0.0080276327041777,-1
2024-07-22,JPM,201.97385135034517,203.6148926358178,201.25409280392117,201.8011016845703,7663200,-0.0008553070836639,-1
2024-07-22,MSFT,434.9544082821354,437.7209281258002,432.118964303266,436.0866088867188,15808800,0.0026030328306246,1
2024-07-22,META,483.3354239432015,488.77889368380687,480.6733017189841,484.1499633789063,12023100,0.0016852467155407,1
2024-07-22,BRK-B,435.0499877929688,438.1099853515625,432.1199951171875,435.9800109863281,2995700,0.0021377386954483,1
2024-07-22,GOOGL,179.2081844529357,181.30204007198228,178.85093844213043,180.2799224853516,24100300,0.0059804078462572,1
2024-07-22,AAPL,225.06041535891617,225.82380677595344,221.174082433242,222.03662109375,48201800,-0.0134354780263955,-1
2024-07-19,TSLA,247.7899932861328,249.44000244140625,236.8300018310547,239.1999969482422,87403900,-0.034666437590849,-1
2024-07-19,GOOGL,177.511279614787,178.9104792954856,175.77466998349036,176.3006134033203,18881900,-0.0068202213070285,-1
2024-07-19,BRK-B,442.6700134277344,442.7999877929688,433.3500061035156,434.4700012207031,4158800,-0.0185239839119346,-1
2024-07-19,MSFT,426.39883667006126,434.3144456334854,425.31585048613374,430.3467712402344,20940400,0.0092587836331925,1
2024-07-19,AMZN,181.13999938964844,184.92999267578125,180.11000061035156,183.1300048828125,43081800,0.0109860080593429,1
2024-07-19,JPM,202.68399960778325,203.787638142558,200.49593484279177,201.32125854492188,8095900,-0.0067234762758699,-1
2024-07-19,META,472.885574584568,483.4645530933458,472.5379023621215,473.6107177734375,15149400,0.0015334432425994,1
2024-07-19,AAPL,222.8892510128404,224.85224251867805,221.36246807560823,222.3836212158203,49151500,-0.0022685248154515,-1
2024-07-19,UNH,542.0917808212022,544.749121499107,536.7580217802763,540.3807983398438,4290400,-0.0031562597735138,-1
2024-07-18,UNH,539.5874224690565,555.8371765558129,536.6433330400585,539.4345092773438,6834800,-0.000283389095715,-1
2024-07-18,BRK-B,445.6199951171875,449.25,439.5700073242188,441.8200073242188,4638300,-0.0085274176082907,-1
2024-07-18,AMZN,189.58999633789065,189.67999267578125,181.4499969482422,183.75,51043600,-0.0308032936900451,-1
2024-07-18,META,471.8326637551672,476.04438141112735,461.4424203212603,472.677001953125,19267200,0.0017894865337171,1
2024-07-18,AAPL,228.3023493485251,228.46097889584823,220.36114484151932,222.25473022460935,66034600,-0.0264895176995461,-1
2024-07-18,JPM,206.93538878296755,207.90465837072435,200.80304644620205,201.51319885253903,12415100,-0.0262023328262873,-1
2024-07-18,MSFT,437.4649105112389,437.7701116080265,427.6787055457858,433.5563354492188,20794800,-0.0089346024517771,-1
2024-07-18,TSLA,251.08999633789065,257.1400146484375,247.1999969482422,249.22999572753903,110869000,-0.007407704956308,-1
2024-07-18,GOOGL,180.5378994293416,181.10354516735464,175.11968677674923,176.33035278320312,25315700,-0.0233056142751081,-1
2024-07-17,UNH,529.5507012952722,548.2952527308497,526.9698468589199,547.9798583984375,10330800,0.0348014969257671,1
2024-07-17,GOOGL,181.5699792124749,182.14554307379208,178.52346250305996,179.63490295410156,20734100,-0.0106574680834705,-1
2024-07-17,JPM,205.17916232258048,208.7875463835636,204.6705341466408,208.1253662109375,11572500,0.0143591769018192,1
2024-07-17,META,475.97482668415233,475.97482668415233,456.0585052889365,458.9093627929688,28076600,-0.0358537110251586,-1
2024-07-17,BRK-B,437.8500061035156,446.1499938964844,437.8399963378906,445.6099853515625,4776600,0.0177229168433819,1
2024-07-17,TSLA,252.72999572753903,258.4700012207031,246.17999267578125,248.5,115584800,-0.0167372128320664,-1
2024-07-17,MSFT,435.74198947896895,437.9670310742686,432.3847473538584,436.6575927734375,21778000,0.002101251007651,1
2024-07-17,AAPL,227.479464610192,229.47221227385296,224.69359950369105,226.91436767578125,57345900,-0.0024841668032719,-1
2024-07-17,AMZN,191.3500061035156,191.5800018310547,185.9900054931641,187.92999267578125,48076100,-0.0178730771813209,-1
2024-07-16,BRK-B,437.3999938964844,439.0499877929688,434.0199890136719,438.8999938964844,4293700,0.0034293553290606,1
2024-07-16,JPM,201.5323940342005,205.121595275812,199.68981390311083,205.0064239501953,11557000,0.017238071986607,1
2024-07-16,AMZN,195.58999633789065,196.6199951171875,192.2400054931641,193.0200042724609,33994700,-0.0131396907487533,-1
2024-07-16,GOOGL,185.9263913901426,187.2362833659617,181.9669159388501,182.51271057128903,18290700,-0.0183603887179759,-1
2024-07-16,TSLA,255.30999755859372,258.6199951171875,245.8000030517578,256.5599975585937,126332500,0.0048960088204658,1
2024-07-16,AAPL,232.9817916034945,234.24088892580107,230.3347237014565,232.8033447265625,43234300,-0.0007659262799202,-1
2024-07-16,META,498.15592485818354,500.5896000264936,482.5506899173688,486.5240173339844,14075800,-0.0233499331108238,-1
2024-07-16,UNH,510.3378427712101,525.650805285406,503.86659908305177,524.6471557617188,11062000,0.0280389024509861,1
2024-07-16,MSFT,447.19201839056086,447.2707673593413,439.7489939570935,442.5647277832031,17175700,-0.0103474355915637,-1
2024-07-15,GOOGL,183.50505596969933,186.79965977611928,183.50505596969933,185.1027374267578,16474000,0.0087064710485268,1
2024-07-15,UNH,501.1041224909652,507.4033169174057,491.1248603979198,492.6255798339844,5128000,-0.016919722421828,-1
2024-07-15,JPM,198.83570341075963,203.07747876015205,198.38465354242032,201.58038330078125,10719700,0.01380375779068,1
2024-07-15,MSFT,446.28624348851673,450.1849934949163,444.4451821193013,446.93603515625,14429400,0.0014559975289715,1
2024-07-15,META,495.3051241917836,503.3014344107721,490.0801883381436,492.8515930175781,12539200,-0.0049535751890494,-1
2024-07-15,AAPL,234.44911702590872,235.19267606238645,231.0882307861392,232.3869781494141,62631300,-0.0087956777259552,-1
2024-07-15,TSLA,255.97000122070312,265.6000061035156,251.72999572753903,252.63999938964844,146912900,-0.0130093441230384,-1
2024-07-15,AMZN,194.55999755859372,196.19000244140625,190.8300018310547,192.72000122070312,40683200,-0.0094572181382583,-1
2024-07-15,BRK-B,425.5899963378906,434.7099914550781,425.2999877929688,434.4200134277344,4594900,0.0207477082775068,1
2024-07-12,BRK-B,420.2300109863281,427.4500122070313,419.7000122070313,424.4400024414063,4834600,0.0100183027033142,1
2024-07-12,JPM,195.7743224082172,199.08520875553356,193.95093996868792,196.67642211914065,15443400,0.0046078551049325,1
2024-07-12,GOOGL,183.66383343758727,185.67829936578423,183.0783515483552,183.65391540527344,22898400,-5.400100895315624e-05,-1
2024-07-12,AAPL,226.9540218514806,230.64207551688347,226.71607753741577,228.5601043701172,53046500,0.0070766867470963,1
2024-07-12,MSFT,447.3003093014831,449.29889867197954,443.6772557704516,446.5323791503906,16324300,-0.0017168111336468,-1
2024-07-12,TSLA,235.8000030517578,251.83999633789065,233.08999633789065,248.22999572753903,155955800,0.0527141328028434,1
2024-07-12,AMZN,194.8000030517578,196.47000122070312,193.8300018310547,194.4900054931641,30598500,-0.0015913632122037,-1
2024-07-12,META,494.4409036740209,504.70200901700827,490.93444322689584,495.5434875488281,19750500,0.0022299608843328,1
2024-07-12,UNH,484.5484808715648,491.86086314693273,481.2124826691379,488.95501708984375,3570600,0.0090941080041214,1
2024-07-11,AMZN,200.08999633789065,200.2700042724609,192.8600006103516,195.0500030517578,44565000,-0.0251886320074783,-1
2024-07-11,JPM,197.89522885627903,199.70901989248077,197.0986942703721,199.0852203369141,10658100,0.0060132398719893,1
2024-07-11,BRK-B,413.989990234375,419.2000122070313,412.0,418.7799987792969,4065200,0.0115703486990351,1
2024-07-11,AAPL,229.40281699319425,230.39422897123265,223.83108651749723,225.6156311035156,64710600,-0.016508890079545,-1
2024-07-11,UNH,475.73544716643227,486.27866853033134,475.73544716643227,482.10150146484375,3535100,0.0133815008663509,1
2024-07-11,MSFT,455.8164973230346,457.5886345893225,444.5633265323156,447.6646118164063,23111200,-0.0178841388025743,-1
2024-07-11,META,527.3500535200477,531.8895881515471,504.9801969068251,509.2813415527344,16458300,-0.0342632220224595,-1
2024-07-11,GOOGL,188.39731944685417,189.39958571826105,183.6638141016308,184.1500701904297,25625800,-0.0225441066194288,-1
2024-07-11,TSLA,263.29998779296875,271.0,239.6499938964844,241.02999877929688,221707300,-0.0845802888193927,-1
2024-07-10,AMZN,200.0,200.1100006103516,197.69000244140625,199.7899932861328,32883800,-0.0010500335693359,-1
2024-07-10,BRK-B,410.80999755859375,413.9599914550781,409.3999938964844,413.7900085449219,3791800,0.0072539884716488,1
2024-07-10,META,527.2506151441854,535.2866968575805,524.8368259127777,531.1246337890625,10983300,0.0073475848744484,1
2024-07-10,MSFT,454.0837171765978,459.24263100795065,451.76021694759896,459.035888671875,18196100,0.0109058557000651,1
2024-07-10,JPM,197.8280277635907,199.58424030901236,197.2906104118053,199.4210968017578,8328500,0.0080527974533055,1
2024-07-10,TSLA,262.79998779296875,267.5899963378906,257.8599853515625,263.260009765625,128519400,0.0017504642086157,1
2024-07-10,AAPL,227.3307677065015,231.0783037422216,227.28119408246096,230.97915649414065,62627700,0.0160488121535288,1
2024-07-10,GOOGL,187.70266681734012,190.28277834321372,187.5835898719109,189.71713256835935,15952500,0.0107322169960407,1
2024-07-10,UNH,469.2737654722186,479.3677276530457,468.48994683279767,478.8228759765625,3189800,0.0203486987914929,1
2024-07-09,AAPL,225.97252074204383,227.4298975332092,224.4259205051531,226.7160797119141,48076100,0.0032904840262371,1
2024-07-09,AMZN,199.3999938964844,200.57000732421875,199.0500030517578,199.33999633789065,32700100,-0.0003008904735719,-1
2024-07-09,JPM,197.338593809806,201.30205403205483,197.1658441534367,199.2579498291016,9058900,0.0097262070345219,1
2024-07-09,MSFT,459.77431483044427,460.09919566591896,450.9135678636905,452.42974853515625,17207200,-0.0159742857710451,-1
2024-07-09,UNH,466.7789107205302,473.536903078832,464.6377761795911,470.39208984375,3056800,0.0077406648848861,1
2024-07-09,META,530.1909372581625,533.8960460931625,524.6680139481037,526.4659423828125,8753200,-0.0070257611241216,-1
2024-07-09,TSLA,251.0,265.6099853515625,250.3000030517578,262.3299865722656,160210900,0.045139388734126,1
2024-07-09,GOOGL,188.8538217724112,189.8957906218728,187.2759914489027,187.53399658203125,15121400,-0.0069886072624491,-1
2024-07-09,BRK-B,409.4200134277344,413.7099914550781,408.6400146484375,410.5199890136719,2989700,0.0026866678468605,1
2024-07-08,TSLA,247.7100067138672,259.44000244140625,244.57000732421875,252.94000244140625,157219600,0.0211133809123032,1
2024-07-08,AMZN,200.0399932861328,201.1999969482422,197.9600067138672,199.2899932861328,34767300,-0.0037492502758046,-1
2024-07-08,GOOGL,188.4469257746695,188.7148640407393,186.3431523395368,187.5835876464844,21035900,-0.0045813330444956,-1
2024-07-08,MSFT,459.33123257528905,460.46346308739743,457.2735739768986,459.0260314941406,12962300,-0.0006644466117343,-1
2024-07-08,META,538.733549875278,539.190504390823,523.1382870220716,525.7904663085938,14917500,-0.0240250186194653,-1
2024-07-08,BRK-B,411.2699890136719,413.7900085449219,408.0,409.0799865722656,3559500,-0.0053249750769766,-1
2024-07-08,UNH,467.60097990959656,472.0840023066919,464.714269602637,467.7443542480469,3450600,0.0003066168477192,1
2024-07-08,JPM,196.77237767256636,198.5573794017683,195.74552979069207,196.8971405029297,8707000,0.000634046464443,1
2024-07-08,AAPL,225.13972278278516,225.8932055019905,221.3327047505454,225.86346435546875,59085900,0.0032146329565391,1
2024-07-05,BRK-B,406.239990234375,411.3999938964844,405.0299987792969,411.1700134277344,5149200,0.0121357407243808,1
2024-07-05,MSFT,452.4986478142288,461.1034381760004,451.8685658685224,460.3256530761719,16000300,0.0172973008864247,1
2024-07-05,AAPL,219.7464397478406,224.5052198536283,219.7464397478406,224.3961639404297,60412400,0.0211594972729689,1
2024-07-05,TSLA,249.80999755859372,252.3699951171875,242.4600067138672,251.5200042724609,154501200,0.006845229296582,1
2024-07-05,AMZN,198.6499938964844,200.5500030517578,198.1699981689453,200.0,39858900,0.0067959030706998,1
2024-07-05,GOOGL,184.43785005315465,189.3995914027585,184.37831157968463,189.1415863037109,20967500,0.0255030962961272,1
2024-07-05,JPM,198.64377422771068,199.0084419463454,196.27336816071957,196.532470703125,8093100,-0.010628591471311,-1
2024-07-05,META,508.1886203167893,537.2634349299381,508.1886203167893,536.309814453125,21354100,0.0553361350728512,1
2024-07-05,UNH,467.4193527629598,468.05979702212977,463.11794767618414,466.4730529785156,3499000,-0.0020245199066973,-1
2024-07-03,BRK-B,407.1600036621094,407.1600036621094,404.2200012207031,405.7699890136719,1970300,-0.0034139272913236,-1
2024-07-03,TSLA,234.55999755859372,248.3500061035156,234.25,246.38999938964844,166561500,0.0504348650843565,1
2024-07-03,GOOGL,183.43559898745036,184.666101253454,182.59209683114491,184.39817810058597,10242100,0.0052475044018116,1
2024-07-03,AAPL,218.11061688690268,219.64730834960935,217.1489461385908,219.64730834960935,37369800,0.0070454684170808,1
2024-07-03,AMZN,199.94000244140625,200.02999877929688,196.75999450683597,197.58999633789065,31597900,-0.0117535564410344,-1
2024-07-03,UNH,475.18101691182864,476.0986418722633,465.0488119532396,468.2701110839844,2239200,-0.014543732981502,-1
2024-07-03,MSFT,451.1005578319114,453.8867568205485,450.79535677806246,453.640625,9932800,0.0056308224939839,1
2024-07-03,META,502.9934818232005,507.87074521081,502.6458095867641,506.5595397949219,6005600,0.0070896703448233,1
2024-07-03,JPM,199.99237611377828,200.78452135813035,198.1790268412077,199.17160034179688,5560900,-0.004104035303398,-1
2024-07-02,AAPL,214.293668724795,218.48735180877676,213.2526983679821,218.3782958984375,58046200,0.0190608859232708,1
2024-07-02,MSFT,446.1878232862581,452.4789376582484,446.0991893815869,452.1737365722656,13979800,0.0134156805130184,1
2024-07-02,BRK-B,404.0199890136719,407.3900146484375,403.9200134277344,407.1000061035156,3220900,0.0076234274877412,1
2024-07-02,JPM,195.92665854630712,199.33383682530447,195.43038637882972,199.30520629882807,7802900,0.017243941062377,1
2024-07-02,AMZN,197.27999877929688,200.42999267578125,195.92999267578125,200.0,45600000,0.0137875164108555,1
2024-07-02,UNH,472.4472515510228,476.4714470204239,471.6156511911779,476.2515869140625,3312000,0.0080524023593114,1
2024-07-02,GOOGL,180.65702287018632,184.15009335463083,180.17076672022137,183.82261657714844,17372500,0.0175226717271699,1
2024-07-02,TSLA,218.88999938964844,231.3000030517578,218.05999755859372,231.25999450683597,205047900,0.0565123813407644,1
2024-07-02,META,497.4208890428077,507.0959319918616,496.11962668652535,506.10260009765625,7739500,0.0174534508825208,1
2024-07-01,JPM,193.5883881973363,197.64454410688452,193.416605054855,196.079345703125,10205800,0.0128672878005964,1
2024-07-01,GOOGL,181.6295157623823,182.4730179096056,179.91275737108273,181.5898284912109,16006100,-0.0002185067278563,-1
2024-07-01,AAPL,210.2685364182596,215.6419868499251,210.09999821846176,214.88851928710935,60402900,0.0219718220688037,1
2024-07-01,TSLA,201.0200042724609,213.22999572753903,200.8500061035156,209.8600006103516,135691400,0.0439757046562836,1
2024-07-01,META,501.5829467928117,503.2020522993896,489.8814984155555,501.3147277832031,10328200,-0.0005347450732197,-1
2024-07-01,MSFT,441.71806471797646,450.2932899171113,438.7644825324962,449.6632080078125,17662800,0.0179869104853313,1
2024-07-01,AMZN,193.4900054931641,198.3000030517578,192.82000732421875,197.1999969482422,41192000,0.019174072819018,1
2024-07-01,UNH,484.3860136824128,486.4506916566181,471.13769981139154,472.8200073242188,4523100,-0.0238776637464541,-1
2024-07-01,BRK-B,408.0899963378906,409.6700134277344,403.8200073242188,405.1900024414063,2974100,-0.007106260683938,-1
2024-06-28,AAPL,213.9169685509796,214.2143951724623,208.4939437749064,208.81118774414065,82542700,-0.0238680495587808,-1
2024-06-28,TSLA,199.5500030517578,203.1999969482422,195.25999450683597,197.8800048828125,95438100,-0.0083688205632959,-1
2024-06-28,META,513.7016858832206,518.4001270053003,500.48040861531496,500.8578796386719,15855100,-0.0250024607617669,-1
2024-06-28,BRK-B,408.25,410.0499877929688,405.7900085449219,406.7999877929688,6819800,-0.0035517751550061,-1
2024-06-28,MSFT,446.059848949654,448.3341049043701,439.50289267468526,440.0345458984375,28362300,-0.0135078354741059,-1
2024-06-28,JPM,190.8874592091773,193.35933934812505,190.20985074638887,193.0348358154297,15307600,0.0112494378370831,1
2024-06-28,AMZN,197.72999572753903,198.8500061035156,192.5,193.25,76930200,-0.0226571376338481,-1
2024-06-28,GOOGL,182.9096500290429,183.71344974735644,180.56770738280355,180.75624084472656,29156600,-0.0117730758545236,-1
2024-06-28,UNH,474.4640977919407,486.9190541266596,467.8112660356746,486.7852478027344,22734200,0.0259685613055525,1
2024-06-27,BRK-B,410.260009765625,410.260009765625,406.3399963378906,407.9500122070313,3218600,-0.0056305696475593,-1
2024-06-27,JPM,188.4347100208521,190.74433141255324,187.91933141310847,190.08580017089844,7913500,0.0087621338439381,1
2024-06-27,GOOGL,182.77070317530075,184.6264047984624,182.61193895476885,183.9913024902344,18848900,0.0066783094540207,1
2024-06-27,AAPL,212.8462361886446,213.88722177256452,210.5263358320774,212.2613067626953,49772700,-0.0027481314042634,-1
2024-06-27,TSLA,195.1699981689453,198.72000122070312,194.0500030517578,197.4199981689453,72746500,0.0115284112369173,1
2024-06-27,MSFT,445.1835846348848,449.1118693221635,444.7799248025884,445.8432312011719,14806300,0.0014817405426754,1
2024-06-27,UNH,463.6436807842184,467.4002635381473,460.7760772848728,464.9723510742188,2991900,0.0028657142220788,1
2024-06-27,META,510.8209300507455,519.3933892059828,510.4732881366888,516.0955200195312,10121200,0.0103257123161765,1
2024-06-27,AMZN,195.00999450683597,199.83999633789065,194.1999969482422,197.8500061035156,74397500,0.0145634156026814,1
2024-06-26,AAPL,209.68362348048936,213.01476817493463,208.8310086144187,211.4185943603516,66213200,0.0082742316784869,1
2024-06-26,TSLA,186.5399932861328,197.75999450683597,186.3600006103516,196.3699951171875,95737100,0.0526964843189229,1
2024-06-26,AMZN,186.9199981689453,194.8000030517578,186.25999450683597,193.6100006103516,65103900,0.0357907260161621,1
2024-06-26,BRK-B,410.0199890136719,410.6799926757813,407.25,410.260009765625,3334300,0.0005853879283556,1
2024-06-26,JPM,188.44424751166252,188.9119037176036,187.3276132855566,188.42515563964844,7758600,-0.0001013131059515,-1
2024-06-26,MSFT,442.0527694384708,446.5816011478092,441.2553047079256,445.1638793945313,16507000,0.007037870071513,1
2024-06-26,META,503.2715972537456,510.38385724147327,501.3147322130294,509.6984558105469,8882300,0.0127701594762578,1
2024-06-26,UNH,463.1179441893502,465.92819782521343,460.2216659528916,462.6782531738281,3153100,-0.0009494147679631,-1
2024-06-26,GOOGL,181.2325870029249,183.09819163519248,181.08372566274275,182.4730224609375,19839000,0.0068444393942938,1
2024-06-25,UNH,468.9870236547216,468.9870236547216,459.3901021147514,463.1179809570313,2916100,-0.0125142965618837,-1
2024-06-25,BRK-B,414.0,414.25,409.6199951171875,410.9700012207031,3879800,-0.0073188376311518,-1
2024-06-25,AMZN,186.80999755859372,188.83999633789065,185.4199981689453,186.33999633789065,45366400,-0.0025159318390104,-1
2024-06-25,MSFT,441.3143898379412,444.4353547941903,439.83759879553867,443.9726257324219,16413400,0.0060234516609731,1
2024-06-25,AAPL,207.3538052595708,209.5646648210329,206.81844945769743,207.2745056152344,55549700,-0.0003824364073624,-1
2024-06-25,JPM,189.0550270132535,190.94472885295815,188.7209994004138,189.03594970703125,6862500,-0.0001009087487576,-1
2024-06-25,TSLA,184.3999938964844,187.97000122070312,182.00999450683597,187.3500061035156,62905700,0.0159978975307736,1
2024-06-25,GOOGL,178.24558215319573,182.87984651633045,178.04711553791142,182.6218414306641,23130200,0.0245518527000971,1
2024-06-25,META,493.7355866348011,507.3045034181857,492.1959343844585,507.19525146484375,12063200,0.0272608764577431,1
2024-06-24,TSLA,184.97000122070312,188.8000030517578,182.5500030517578,182.5800018310547,61992100,-0.0129210108335174,-1
2024-06-24,MSFT,442.8404263927747,445.74479433203504,439.5028940256874,440.743408203125,15913700,-0.0047353811094693,-1
2024-06-24,GOOGL,178.7814884925371,179.50589857307529,177.3028839492694,177.8486785888672,18298000,-0.0052175978147136,-1
2024-06-24,META,495.8712961742398,504.4139262555408,490.9940329117928,495.5832214355469,13525300,-0.0005809465902048,-1
2024-06-24,AMZN,189.3300018310547,191.0,185.3300018310547,185.57000732421875,50610400,-0.0198594753629755,-1
2024-06-24,JPM,188.7878322423663,190.14306392636604,188.11022368178232,189.8090362548828,9785900,0.0054092681736261,1
2024-06-24,UNH,467.2855131923261,469.2259528073694,463.11794363547074,468.3561096191406,5139800,0.0022910969773076,1
2024-06-24,AAPL,205.93605637703945,210.87328281107088,204.8157562235364,206.3524475097656,80727000,0.0020219438016422,1
2024-06-24,BRK-B,410.7000122070313,417.0,410.0,413.9800109863281,4933300,0.0079863615334967,1
2024-06-21,TSLA,182.3000030517578,183.9499969482422,180.69000244140625,183.00999450683597,61937300,0.0038946321623294,1
2024-06-21,AMZN,187.8000030517578,189.27999877929688,185.8600006103516,189.0800018310547,70792500,0.0068157548375763,1
2024-06-21,GOOGL,175.6456729700876,179.46622050110986,175.25865768617388,178.25555419921875,57759000,0.0148587846486581,1
2024-06-21,JPM,187.7379982056773,188.17700929825324,185.36156268713376,187.34669494628903,20972100,-0.0020843050587952,-1
2024-06-21,META,500.09297514636967,500.09297514636967,489.1067263628177,491.4807739257813,22359200,-0.0172212001539668,-1
2024-06-21,UNH,463.0606282200479,466.750264155988,459.3805311265784,461.2922668457031,6368600,-0.0038188549545706,-1
2024-06-21,MSFT,440.4578799579492,443.6083496603445,439.60134591371855,442.82073974609375,34187100,0.005364553333386,1
2024-06-21,BRK-B,409.8200073242188,410.4700012207031,407.6799926757813,409.6199951171875,9009400,-0.0004880489079514,-1
2024-06-21,AAPL,208.5831574221536,210.0702753319445,205.33132746963065,205.70806884765625,241805100,-0.013783896121001,-1
2024-06-20,META,498.652632230771,500.31150990328194,493.45749528868265,498.3546447753906,11801200,-0.0005975852449576,-1
2024-06-20,JPM,187.4325744032568,190.35300427166865,187.1653464782276,189.60858154296875,8731100,0.0116095462415743,1
2024-06-20,BRK-B,407.25,411.0,404.0499877929688,409.1499938964844,4844700,0.0046654239324355,1
2024-06-20,TSLA,184.67999267578125,185.2100067138672,179.66000366210938,181.57000732421875,55893100,-0.0168398607044689,-1
2024-06-20,UNH,458.8547853826249,464.4752926956091,457.0099383648591,463.1370544433594,5258100,0.0093325147675284,1
2024-06-20,GOOGL,174.02811225809378,175.9334191303285,173.65103020992316,174.9510040283203,20160100,0.0053031188941349,1
2024-06-20,AMZN,182.91000366210935,186.50999450683597,182.72000122070312,186.1000061035156,44726800,0.0174402841700181,1
2024-06-20,MSFT,439.3945559147101,439.6210080275433,434.4423844149745,438.8038635253906,19877400,-0.001344332517024,-1
2024-06-20,AAPL,212.0927269910851,212.4000773678065,207.0563681724187,207.8792266845703,86172500,-0.0198663120904277,-1
2024-06-18,META,501.1955321949033,502.6259325307895,491.71913754817786,496.1593322753906,13060400,-0.0100483735309,-1
2024-06-18,GOOGL,175.7845609958528,176.0326480479042,172.76782910540194,173.750244140625,21869900,-0.0115727845705164,-1
2024-06-18,MSFT,442.7518125207464,443.1751821409538,438.00641324566425,439.4339599609375,17112500,-0.0074937074586303,-1
2024-06-18,AAPL,215.7213082393038,216.7523850703462,211.1707313217612,212.44964599609372,79943300,-0.0151661524302491,-1
2024-06-18,UNH,469.05390794649327,469.96199407896336,457.8989463907967,459.8202209472656,3692700,-0.0196857692533732,-1
2024-06-18,TSLA,186.55999755859372,187.1999969482422,182.3699951171875,184.8600006103516,68982300,-0.0091123336754346,-1
2024-06-18,AMZN,183.7400054931641,184.2899932861328,181.42999267578125,182.80999755859372,36659200,-0.0050615429779385,-1
2024-06-18,BRK-B,406.75,408.5,405.2799987792969,407.9500122070313,4005300,0.0029502451309926,1
2024-06-18,JPM,185.7242259848272,188.93097569239987,185.2756616981407,188.01475524902344,9023000,0.0123329589990234,1
2024-06-17,TSLA,177.9199981689453,188.80999755859372,177.0,187.44000244140625,109786100,0.0535072188086532,1
2024-06-17,JPM,184.6552991186537,186.65952314056108,183.85361533502265,186.08688354492188,8725400,0.0077527394724171,1
2024-06-17,UNH,469.64652026439023,471.3575318194369,467.1326124167665,467.6392211914063,2407200,-0.0042740635485896,-1
2024-06-17,MSFT,435.7420189694067,443.9628295346212,433.9009573670922,441.4325866699219,20790000,0.0130594880750179,1
2024-06-17,AMZN,182.5200042724609,185.0,181.22000122070312,184.05999755859372,35601900,0.0084373945325683,1
2024-06-17,AAPL,211.5375569916551,217.0696373326701,210.8931452933454,214.8092193603516,93728300,0.0154661064220644,1
2024-06-17,BRK-B,405.1799926757813,407.8200073242188,403.5499877929688,407.3200073242188,3406500,0.0052816394864538,1
2024-06-17,META,498.3248218231231,507.3442620321648,492.70255969673593,503.2517395019531,11266600,0.0098869601975773,1
2024-06-17,GOOGL,174.1174408030097,176.99524483970762,173.47240531751984,175.88381958007812,19618500,0.0101447549936529,1
2024-06-14,JPM,182.7179204558384,185.97239310049383,182.68928992746697,184.941650390625,6874000,0.0121702892044683,1
2024-06-14,BRK-B,404.8999938964844,406.3399963378906,403.3299865722656,405.5400085449219,2768600,0.0015806733961105,1
2024-06-14,META,499.2982464674773,503.7682397757163,497.4109220223706,500.7981872558594,10243300,0.0030040978493197,1
2024-06-14,MSFT,431.4986893853765,436.2835084137765,429.9628289677156,435.7223205566406,13582000,0.0097882827344857,1
2024-06-14,GOOGL,172.886928506799,175.7051941501706,172.81745685502335,175.437255859375,18063600,0.0147514180198748,1
2024-06-14,AAPL,212.01345147179217,213.3221073788285,209.4853479747781,210.6651306152344,70122700,-0.0063596005215602,-1
2024-06-14,AMZN,183.0800018310547,183.72000122070312,182.22999572753903,183.66000366210935,25456400,0.0031680239526647,1
2024-06-14,TSLA,185.8000030517578,186.0,176.9199981689453,178.00999450683594,82038200,-0.0419268483152383,-1
2024-06-14,UNH,472.897667232399,473.86855238405326,468.0433576643085,473.1737060546875,3188400,0.000583717876859,1
2024-06-13,AAPL,212.8958066808934,214.888539245905,209.7827737762817,212.4001007080078,97862700,-0.002328397071853,-1
2024-06-13,AMZN,186.08999633789065,187.6699981689453,182.6699981689453,183.8300018310547,39721500,-0.0121446319055881,-1
2024-06-13,TSLA,188.38999938964844,191.0800018310547,181.22999572753903,182.47000122070312,118984100,-0.031424163639923,-1
2024-06-13,BRK-B,407.6300048828125,408.0,403.5700073242188,405.9200134277344,4563300,-0.0041949597296443,-1
2024-06-13,UNH,466.6631356426421,477.8185825974565,461.0473453618616,473.344970703125,4951700,0.0143183263260796,1
2024-06-13,JPM,183.54823918155475,185.70515472071864,182.1739156454097,184.82711791992188,8587800,0.0069675347694408,1
2024-06-13,MSFT,434.0289338170149,436.52964196122593,432.57182236972,434.7476196289063,15960600,0.0016558477002235,1
2024-06-13,META,501.8396069009231,505.4616660517263,497.52289299395886,500.241943359375,9954600,-0.0031836138869435,-1
2024-06-13,GOOGL,174.76246052696914,175.38764480431132,173.5418763520932,173.81973266601562,20913300,-0.0053943384529541,-1
2024-06-12,AAPL,205.58908283581823,218.30889945026047,205.1231180281253,211.2401428222656,198134300,0.0274871598651969,1
2024-06-12,GOOGL,176.88609812176736,179.0295742492246,174.76247320161096,176.4296112060547,27864700,-0.0025806828267444,-1
2024-06-12,META,510.056288859241,510.0761551757221,500.6091588400746,504.9457092285156,11983200,-0.0100196385033412,-1
2024-06-12,MSFT,428.5844790234761,436.5394472705752,426.5465000753495,434.2356567382813,22366200,0.0131856798166869,1
2024-06-12,UNH,475.91486816978335,475.91486816978335,463.9408628675485,469.3186950683594,4048200,-0.0138599853515624,-1
2024-06-12,TSLA,171.1199951171875,180.5500030517578,169.8000030517578,177.2899932861328,90389400,0.036056558818389,1
2024-06-12,JPM,187.0603890501278,187.7475508279916,182.5842988392324,182.7942657470703,12751300,-0.0228061286770566,-1
2024-06-12,AMZN,188.0200042724609,188.3500061035156,185.42999267578125,186.88999938964844,33984200,-0.0060100247693591,-1
2024-06-12,BRK-B,411.0899963378906,411.8900146484375,407.1600036621094,408.7699890136719,3551900,-0.005643550913148,-1
2024-06-11,BRK-B,408.8800048828125,408.9100036621094,406.1099853515625,408.5,3605900,-0.0009293799605618,-1
2024-06-11,UNH,467.2151934222837,473.8018688666226,466.6726724755618,472.3170166015625,4599700,0.0109196431346949,1
2024-06-11,GOOGL,174.87163664223397,175.48688780612986,172.44038608531787,175.26856994628906,21540600,0.0022698552588443,1
2024-06-11,AAPL,191.9869108572612,205.38089548057215,191.96709351098235,205.3709716796875,172373300,0.0697134026620027,1
2024-06-11,TSLA,173.9199981689453,174.75,167.41000366210938,170.66000366210938,64761900,-0.0187442188429026,-1
2024-06-11,META,496.33206952203005,503.71513050642415,494.4565199478589,503.5861206054688,9673700,0.014615318108347,1
2024-06-11,JPM,188.88328002640117,188.91191055404263,184.7698625098068,185.4951934814453,9235300,-0.0179374614019952,-1
2024-06-11,AMZN,187.05999755859372,187.7700042724609,184.5399932861328,187.22999572753903,27265100,0.000908789538993,1
2024-06-11,MSFT,418.89671156901073,426.1231387794062,418.6702594600756,425.98529052734375,14551100,0.0169220210198886,1
2024-06-10,UNH,467.3484727031053,471.5270198336379,462.7701732882082,471.1557922363281,3332800,0.0081466395112015,1
2024-06-10,AMZN,184.07000732421875,187.22999572753903,183.7899932861328,187.05999755859372,34445600,0.0162437665855495,1
2024-06-10,MSFT,418.12876008062784,421.4564371463653,417.3312953641021,421.2496948242188,13982900,0.0074640518461085,1
2024-06-10,META,490.0803178915368,498.8129868645335,489.63378005499686,498.7534484863281,11220900,0.0176973656728463,1
2024-06-10,AAPL,195.20899197297103,195.60556579928584,190.49978557066368,191.46145629882807,97010200,-0.0191975566097991,-1
2024-06-10,TSLA,176.05999755859375,178.57000732421875,173.1699981689453,173.7899932861328,50774600,-0.0128933562645624,-1
2024-06-10,GOOGL,173.63118065101344,175.70518493273318,171.43808427850212,173.67086791992188,23726700,0.0002285722458353,1
2024-06-10,BRK-B,413.3399963378906,413.9400024414063,409.2699890136719,410.80999755859375,2667300,-0.0061208661192049,-1
2024-06-10,JPM,190.15258729864655,191.67960190610876,189.3890727135008,190.50570678710935,6070800,0.0018570322575111,1
2024-06-07,AAPL,192.97832848334124,195.24867030234284,192.4727138388465,195.1990966796875,53103900,0.0115078631564474,1
2024-06-07,META,492.1146295476639,495.0916694898727,486.4185694824564,489.1871948242188,9380700,-0.0059486846106078,-1
2024-06-07,TSLA,176.1300048828125,179.35000610351562,175.5800018310547,177.47999572753906,56244900,0.0076647408578951,1
2024-06-07,UNH,477.85668070045415,478.6371591252879,466.7964221514428,467.0534057617188,3416300,-0.0226077721104572,-1
2024-06-07,MSFT,419.60557647742206,419.6843254469309,416.4550768800314,417.29193115234375,13621700,-0.0055138574289248,-1
2024-06-07,AMZN,184.8999938964844,186.2899932861328,183.3600006103516,184.3000030517578,28021500,-0.0032449478882214,-1
2024-06-07,BRK-B,411.2799987792969,415.8800048828125,409.8500061035156,413.7200012207031,2942100,0.0059327038724185,1
2024-06-07,GOOGL,175.4938524938292,176.3066373799981,172.7680231459644,172.92662048339844,19661400,-0.0146286150423475,-1
2024-06-07,JPM,188.42513429310472,191.75595928489324,188.0242924032084,190.8302001953125,6964500,0.012764039740402,1
2024-06-06,AMZN,181.75,185.0,181.4900054931641,185.0,31371200,0.0178817056396148,1
2024-06-06,META,489.2070194762899,498.9717060210564,487.1330187939292,489.9810485839844,10667300,0.0015822117771799,1
2024-06-06,AAPL,194.0093990023229,194.81244022862765,192.5024486640224,192.80978393554688,41181800,-0.0061832832478475,-1
2024-06-06,GOOGL,174.35395954744376,175.59297294708358,174.2052839893571,175.17666625976562,23251000,0.0047186006813799,1
2024-06-06,MSFT,417.449480051286,418.7293536763162,414.0725281736093,417.9515686035156,14861300,0.001202752850879,1
2024-06-06,JPM,188.26290644052492,188.98825193066077,186.42094131495605,187.9288787841797,7640300,-0.0017742616570661,-1
2024-06-06,TSLA,174.60000610351562,179.72999572753906,172.72999572753906,177.94000244140625,69887000,0.0191294170740774,1
2024-06-06,BRK-B,410.4200134277344,411.239990234375,407.3800048828125,411.0799865722656,3438900,0.0016080432799056,1
2024-06-06,UNH,479.3891704919431,480.3886094138025,473.3260180800046,477.7425231933594,2419600,-0.0034348863093713,-1
2024-06-05,GOOGL,173.66010997413338,175.09736245061762,172.4012681621193,173.86827087402344,22068500,0.0011986684790252,1
2024-06-05,UNH,484.1958705403621,484.57659668204,474.7727315104638,478.8846435546875,2464400,-0.0109691703478332,-1
2024-06-05,BRK-B,410.1000061035156,410.2799987792969,405.7699890136719,409.8500061035156,2634400,-0.0006096074037533,-1
2024-06-05,JPM,190.6488832103386,190.70615882571187,187.9384199292547,188.26290893554688,8351600,-0.0125150183657741,-1
2024-06-05,AAPL,193.72188613227584,195.20900403542356,193.19643901671665,194.18785095214844,54156800,0.0024053287378919,1
2024-06-05,MSFT,411.3453811328119,417.5183569725432,409.8587351784671,417.449462890625,16988000,0.014839310316316,1
2024-06-05,AMZN,180.10000610351562,181.5,178.75,181.27999877929688,32116400,0.0065518747128916,1
2024-06-05,TSLA,175.35000610351562,176.14999389648438,172.1300048828125,175.0,57953800,-0.0019960427221713,-1
2024-06-05,META,480.7423648637953,492.84897628065335,480.2064891730306,491.2711486816406,15690500,0.0219010941979877,1
2024-06-04,TSLA,174.77999877929688,177.75999450683594,174.0,174.77000427246094,60056300,-5.718335567994851e-05,-1
2024-06-04,AAPL,192.9684109970025,193.64257895328527,191.37223723797064,192.680908203125,47471400,-0.0014898956383177,-1
2024-06-04,UNH,474.5443284737335,483.786588978186,470.7655624825911,481.1405029296875,3178400,0.0139000174697465,1
2024-06-04,META,473.3494106976784,475.22496063488575,469.6082742659,473.3394775390625,7088700,-2.0984833595296337e-05,-1
2024-06-04,GOOGL,171.7569697337049,172.321967029547,170.37918761932596,172.26248168945312,26879600,0.0029431816160473,1
2024-06-04,JPM,191.0306378288864,192.7676194373073,189.2363806080914,190.0762481689453,6848300,-0.0049960031060356,-1
2024-06-04,MSFT,406.0486602967713,409.9966250957063,403.3412097338974,409.6323547363281,14348900,0.0088257757997221,1
2024-06-04,BRK-B,414.8500061035156,415.8900146484375,406.4400024414063,409.5299987792969,4154800,-0.0128239297238705,-1
2024-06-04,AMZN,177.63999938964844,179.82000732421875,176.44000244140625,179.33999633789062,27198400,0.0095698995388605,1
2024-06-03,GOOGL,171.0234968625416,172.9960117081414,169.65563630662328,171.64796447753906,27459100,0.0036513556701472,1
2024-06-03,AMZN,177.6999969482422,178.6999969482422,175.9199981689453,178.33999633789062,30786600,0.003601572316486,1
2024-06-03,JPM,193.0825708149027,193.18755426057612,190.10487971991847,192.61492919921875,6444300,-0.0024219773628985,-1
2024-06-03,MSFT,409.1006748520027,409.9867435149057,402.5929630717942,407.1217651367188,17484700,-0.0048372193861568,-1
2024-06-03,META,467.2563686323912,475.9294996806374,464.6564250347683,473.8356323242188,11279400,0.0140806292508849,1
2024-06-03,TSLA,178.1300048828125,182.63999938964844,174.49000549316406,176.2899932861328,68568900,-0.0103295994287441,-1
2024-06-03,BRK-B,414.8900146484375,416.7200012207031,408.7799987792969,414.7900085449219,4903000,-0.0002410424449486,-1
2024-06-03,UNH,470.327716814528,474.65853127439567,469.31877943643735,473.478271484375,2795100,0.0066986370507469,1
2024-06-03,AAPL,191.24334718637152,193.3154095298356,190.8666209557148,192.3636474609375,50080500,0.0058579829889413,1
2024-05-31,UNH,459.1722579219878,474.4015360691666,459.1722579219878,471.5079650878906,6694800,0.0268650968195004,1
2024-05-31,TSLA,178.5,180.32000732421875,173.82000732421875,178.0800018310547,67314600,-0.0023529309184611,-1
2024-05-31,MSFT,410.3017776619535,410.3017776619535,398.2511723788605,408.7068481445313,47995300,-0.0038872108390822,-1
2024-05-31,BRK-B,408.0899963378906,415.3999938964844,406.8800048828125,414.3999938964844,5190000,0.0154622696346841,1
2024-05-31,GOOGL,170.34946671720675,171.53891649882755,167.9507387056137,170.9838409423828,37638900,0.0037239577992291,1
2024-05-31,META,462.2350557963907,465.5296539307229,450.9818484598858,463.2571716308594,16919800,0.0022112469005788,1
2024-05-31,JPM,190.20986585230213,194.0274245665969,189.3031985702233,193.3879852294922,14417900,0.0167084886104586,1
2024-05-31,AMZN,178.3000030517578,179.2100067138672,173.8699951171875,176.44000244140625,58903900,-0.0104318596663828,-1
2024-05-31,AAPL,189.7959119633218,190.9162123421418,188.2790528434088,190.5989532470703,75158300,0.0042310778743416,1
2024-05-30,UNH,459.0866218949469,462.6179028256715,454.9747095982964,458.4488830566406,5169700,-0.0013891470757172,-1
2024-05-30,BRK-B,403.7699890136719,409.0400085449219,402.7699890136719,408.6099853515625,2905300,0.0119870135710525,1
2024-05-30,AMZN,181.30999755859372,181.33999633789065,178.36000061035156,179.32000732421875,29184700,-0.0109756233035737,-1
2024-05-30,TSLA,178.5800018310547,182.6699981689453,175.3800048828125,178.7899932861328,77618400,0.0011758956933866,1
2024-05-30,GOOGL,173.6601277568323,173.67995620758435,170.28009532573515,170.5972900390625,22931500,-0.0176369657061323,-1
2024-05-30,MSFT,417.73500282997145,417.73500282997145,407.8306586642601,408.2540283203125,28394500,-0.0226961457513244,-1
2024-05-30,META,468.06019220156327,468.11973058222674,461.1534372044116,463.47552490234375,10719600,-0.0097950378511257,-1
2024-05-30,JPM,189.5036107487647,190.7347815795727,189.35090490632123,190.23849487304688,6829100,0.0038779425963364,1
2024-05-30,AAPL,189.12173915319045,190.52954231443272,188.9928658858645,189.64718627929688,49889100,0.002778353924087,1
2024-05-29,AAPL,187.9816393040112,190.59896650948676,187.88249204796583,188.65579223632807,53068000,0.0035862700996379,1
2024-05-29,META,471.0272753949379,476.17755705003367,470.07463106847433,470.72955322265625,9226200,-0.0006320699200104,-1
2024-05-29,UNH,468.6238795801936,470.1087317422798,450.47247834858433,461.3709411621094,7521600,-0.0154770995122604,-1
2024-05-29,GOOGL,173.8881183214677,175.28572929944744,173.184367062833,174.35398864746094,23388700,0.0026791383476356,1
2024-05-29,MSFT,419.1034664398289,424.27223522977,419.1034664398289,422.5296325683594,15517100,0.0081749887626434,1
2024-05-29,AMZN,181.6999969482422,184.0800018310547,181.5500030517578,182.0200042724609,32009300,0.001761185083068,1
2024-05-29,TSLA,174.19000244140625,178.14999389648438,173.92999267578125,176.19000244140625,54782600,0.0114817152073509,1
2024-05-29,JPM,188.9691590074262,189.91401004508248,187.90978586684105,189.0741424560547,6120000,0.0005555586381391,1
2024-05-29,BRK-B,403.0,405.8699951171875,401.5799865722656,404.0899963378906,3426800,0.0027047055530784,1
2024-05-28,AMZN,179.92999267578125,182.2400054931641,179.49000549316406,182.1499938964844,29927000,0.0123381387821394,1
2024-05-28,AAPL,189.86527247896476,191.34248153890573,187.47598148636732,188.35833740234372,52280100,-0.0079368652147165,-1
2024-05-28,BRK-B,408.239990234375,408.239990234375,401.8699951171875,403.8999938964844,3315400,-0.0106309926555675,-1
2024-05-28,TSLA,176.39999389648438,178.25,173.16000366210938,176.75,59736600,0.0019841616532085,1
2024-05-28,GOOGL,172.91672082470853,175.71194253715282,172.83742214584382,174.84957885742188,20572200,0.0111779706641137,1
2024-05-28,UNH,482.2446301571249,482.2446301571249,477.7234379715105,479.4176940917969,2912800,-0.0058620374153402,-1
2024-05-28,META,472.9325751794718,477.17981782811154,471.205901618862,476.2470397949219,10175800,0.0070083237852504,1
2024-05-28,MSFT,422.98250841239616,424.1540984130066,419.99939161518114,423.6618347167969,15718000,0.0016060387625731,1
2024-05-28,JPM,190.74430715889065,191.2692243545398,189.59904254472963,190.40072631835935,6910200,-0.0018012639310124,-1
2024-05-24,TSLA,174.83999633789062,180.0800018310547,173.72999572753906,179.24000549316406,65584500,0.0251659188254048,1
2024-05-24,MSFT,420.5802554471063,424.3903716147688,417.84327052223153,423.5043029785156,11855300,0.0069524127524743,1
2024-05-24,META,464.0411472655585,476.1775580016816,462.7312423865425,474.5600280761719,12024300,0.0226679915619502,1
2024-05-24,JPM,188.73055741751145,191.6032650842563,188.5492210499904,191.55555725097656,7356200,0.0149684283887087,1
2024-05-24,BRK-B,406.8999938964844,407.9599914550781,405.5,407.4100036621094,2067700,0.0012534032275133,1
2024-05-24,UNH,491.2489088257951,492.2293214946253,483.07269358568135,483.69140625,2527800,-0.0153842633337535,-1
2024-05-24,AAPL,187.1984081051696,188.94328765804343,186.42509288132968,188.3484344482422,36327000,0.006143355356027,1
2024-05-24,GOOGL,173.44205880318444,174.22512379260593,172.12374664509454,173.4519805908203,16579400,5.720519984794408e-05,1
2024-05-24,AMZN,181.6499938964844,182.44000244140625,180.3000030517578,180.75,27471600,-0.0049545495553236,-1
2024-05-23,UNH,493.35251300282914,495.17048266887946,490.4113328576488,491.9342956542969,3055400,-0.002874653135747,-1
2024-05-23,META,469.26090804074687,470.7295617615154,458.0077001999628,462.2152404785156,11747900,-0.0150143927216273,-1
2024-05-23,GOOGL,175.5136937401354,176.68331515847908,171.42989518914035,172.02462768554688,21024900,-0.0198791671478034,-1
2024-05-23,MSFT,426.2707871538096,426.8910441613392,418.837618041777,420.3931579589844,17211700,-0.0137884869710869,-1
2024-05-23,JPM,188.7878064390088,189.25546259056455,187.12717783768824,187.9384002685547,8069400,-0.0044992639433444,-1
2024-05-23,TSLA,181.8000030517578,181.8999938964844,173.25999450683594,173.74000549316406,71975500,-0.0443344192700541,-1
2024-05-23,AMZN,183.66000366210935,184.75999450683597,180.0800018310547,181.0500030517578,33670200,-0.0142110451829966,-1
2024-05-23,BRK-B,413.25,413.25,404.8699951171875,405.8800048828125,3392300,-0.0178342289587114,-1
2024-05-23,AAPL,189.3398501117122,189.35968258649527,185.02721720275105,185.2750701904297,51005900,-0.021468169109061,-1
2024-05-22,UNH,497.6357008346928,500.9290531072628,495.5702462783119,496.2364807128906,2299100,-0.0028117358128753,-1
2024-05-22,MSFT,423.43539455106486,425.7195053768376,420.5212017999642,423.8587341308594,18073700,0.000999773720483,1
2024-05-22,META,464.28919769640606,470.094431348203,462.0861870387401,464.1998901367188,10078600,-0.0001923533007668,-1
2024-05-22,AMZN,183.8800048828125,185.22000122070312,181.97000122070312,183.1300048828125,28148800,-0.0040787469006104,-1
2024-05-22,TSLA,182.8500061035156,183.8000030517578,178.1199951171875,180.11000061035156,88313500,-0.0149849898917306,-1
2024-05-22,AAPL,190.61877317517173,191.16405275409195,188.6359493447312,189.26052856445312,34648500,-0.007125450385049,-1
2024-05-22,BRK-B,414.9500122070313,417.260009765625,412.9599914550781,413.989990234375,2664400,-0.0023135846352916,-1
2024-05-22,GOOGL,175.08745176039344,175.5929637561036,173.6700277652412,174.82974243164062,17880000,-0.0014718891968653,-1
2024-05-22,JPM,189.92354585608183,191.77506416081212,188.6732977083887,189.2650146484375,9425300,-0.0034673489517901,-1
2024-05-21,TSLA,175.50999450683594,186.8800048828125,174.7100067138672,186.6000061035156,115266500,0.0631873508277486,1
2024-05-21,GOOGL,175.34518759904142,176.58420112115073,174.26477143768452,176.28684997558594,16989400,0.0053703348773836,1
2024-05-21,BRK-B,413.5899963378906,415.7000122070313,412.55999755859375,414.3699951171875,2731900,0.0018859227404031,1
2024-05-21,AMZN,182.3000030517578,183.25999450683597,180.75,183.1499938964844,50839100,0.0046625936944457,1
2024-05-21,META,463.5449691486391,467.0975871671568,458.7320817682544,461.0740356445313,11742200,-0.0053305152003829,-1
2024-05-21,JPM,188.0147793513531,190.7825037806312,187.6330292793257,190.4198455810547,14420800,0.0127918998602078,1
2024-05-21,MSFT,420.2257843102985,426.2707964989618,418.27643943862864,422.401611328125,21453300,0.0051777570512424,1
2024-05-21,UNH,493.3525142812322,499.44419119833833,491.0680991278858,498.33056640625,2521900,0.0100902538872641,1
2024-05-21,AAPL,189.44890089382773,191.07481584379752,189.28036268210627,190.69808959960935,42309400,0.0065938028665666,1
2024-05-20,GOOGL,174.64141067889267,177.1987360270171,174.53237690001112,175.364990234375,22554400,0.0041432301346486,1
2024-05-20,JPM,195.06768523154884,196.4897309451442,186.48771768417757,186.65951538085935,17373300,-0.0431038582362261,-1
2024-05-20,AMZN,184.33999633789065,186.6699981689453,183.27999877929688,183.5399932861328,30511800,-0.0043398235198585,-1
2024-05-20,BRK-B,417.0400085449219,417.2799987792969,412.6199951171875,413.0,3287900,-0.0096873404521012,-1
2024-05-20,AAPL,187.70400151197452,190.2717544925996,187.38674246856843,189.39930725097656,44361300,0.0090318039325009,1
2024-05-20,META,466.3533210681569,469.5784476860999,463.4655886777014,465.2518005371094,11745100,-0.002361987105666,-1
2024-05-20,MSFT,413.7082803966284,420.1667782061981,413.49168315107727,418.7589111328125,16272100,0.0122081934916602,1
2024-05-20,TSLA,177.55999755859375,177.75,173.52000427246094,174.9499969482422,61727400,-0.0146992602288715,-1
2024-05-20,UNH,499.3585365840652,499.3585365840652,491.6582069539004,492.3149719238281,2476200,-0.0141052252924714,-1
2024-05-17,AAPL,187.88248620977504,189.17132485957904,187.55531842828847,188.2393951416016,41282900,0.0018996391788643,1
2024-05-17,UNH,497.7498952484812,500.5196945009846,494.96104080888927,499.3584899902344,2657200,0.0032317329588791,1
2024-05-17,GOOGL,172.64906188294287,174.72070361370632,172.16337834950676,174.51254272460938,24479300,0.0107934605687574,1
2024-05-17,AMZN,183.75999450683597,185.3000030517578,183.3500061035156,184.6999969482422,33175700,0.0051153813098926,1
2024-05-17,META,467.22655798949256,469.18148209338233,464.8350292226781,468.2983093261719,10807300,0.0022938579118685,1
2024-05-17,MSFT,416.0021869426872,416.3763121358098,411.5619590644,413.7082214355469,15352200,-0.0055143111722544,-1
2024-05-17,JPM,194.51414986383685,195.6975982580205,193.55976022547813,195.44944763183597,9260500,0.0048083790750123,1
2024-05-17,TSLA,173.5500030517578,179.6300048828125,172.75,177.4600067138672,77445800,0.0225295510997098,1
2024-05-17,BRK-B,413.9800109863281,417.3299865722656,413.7000122070313,416.9400024414063,2988700,0.007150083039096,1
2024-05-16,AAPL,188.83423487080037,189.458829238671,188.0311936136785,188.2096405029297,52845200,-0.0033076331116441,-1
2024-05-16,BRK-B,413.7999877929688,416.3399963378906,412.9100036621094,413.1199951171875,3549700,-0.0016432882934773,-1
2024-05-16,GOOGL,171.7669014209654,173.58081887894542,171.17218405543662,172.64907836914062,27867900,0.0051358960362985,1
2024-05-16,JPM,192.9967083338916,195.1536240595323,192.77720275542288,193.2353057861328,8497900,0.001236277314266,1
2024-05-16,TSLA,174.10000610351562,175.7899932861328,171.42999267578125,174.83999633789062,59812200,0.0042503745458516,1
2024-05-16,AMZN,185.6000061035156,187.30999755859372,183.4600067138672,183.6300048828125,38834500,-0.0106142303659429,-1
2024-05-16,META,471.364719260923,474.03413451482754,469.1319390117923,469.6082763671875,16608200,-0.0037262926603618,-1
2024-05-16,MSFT,415.2736305334928,418.8376448328751,413.8460838814957,414.4761657714844,17530100,-0.0019203356615346,-1
2024-05-16,UNH,494.9516186897048,502.71852622114767,494.48523126730856,496.1604614257813,3655800,0.0024423452524038,1
2024-05-15,AAPL,186.2962448244031,189.0127042016136,185.7608738375932,188.0906982421875,70400000,0.009632257587778,1
2024-05-15,MSFT,411.4340595018655,417.25262096127256,410.8138023345352,416.5339050292969,22239500,0.0123952925375354,1
2024-05-15,TSLA,179.89999389648438,180.0,173.11000061035156,173.99000549316406,79663000,-0.0328515208662039,-1
2024-05-15,META,471.34482265738814,478.8072585621629,467.59375353224107,477.8546142578125,13100500,0.0138111023766483,1
2024-05-15,BRK-B,410.510009765625,413.3999938964844,410.1000061035156,412.760009765625,2854600,0.0054809869344832,1
2024-05-15,UNH,490.0306183512428,497.41682789154106,490.0306183512428,492.61956787109375,2981200,0.0052832403178432,1
2024-05-15,GOOGL,169.13030834306738,171.13254332493105,169.01135275898227,170.9937744140625,26948400,0.0110179310216547,1
2024-05-15,AMZN,185.97000122070312,186.72000122070312,182.72999572753903,185.9900054931641,75459900,0.000107567200783,1
2024-05-15,JPM,192.7962483249185,193.44524086083933,190.6584248250157,192.8916931152344,8370000,0.0004950552261524,1
2024-05-14,GOOGL,168.2778370057792,169.74482453915033,167.31636146118933,168.8428192138672,25127100,0.0033574368326863,1
2024-05-14,UNH,489.7926353076256,491.3060122816948,482.863285904206,489.1263427734375,2949700,-0.0013603563756518,-1
2024-05-14,BRK-B,410.4500122070313,411.55999755859375,408.1700134277344,410.239990234375,2672400,-0.0005116870907785,-1
2024-05-14,JPM,189.9235483988948,192.385875547787,189.121864553999,192.31906127929688,8596200,0.0126130377227935,1
2024-05-14,MSFT,404.9145973369448,410.2902669665076,404.4527014093116,409.3763122558594,15109300,0.0110189036114245,1
2024-05-14,TSLA,174.5,179.49000549316406,174.07000732421875,177.5500030517578,86407400,0.0174785275172367,1
2024-05-14,META,459.82368906593655,468.9235216998096,456.558859918331,468.2388000488281,10478600,0.0183007339182233,1
2024-05-14,AMZN,183.82000732421875,187.72000122070312,183.4499969482422,187.07000732421875,38698200,0.0176803387580531,1
2024-05-14,AAPL,185.89965779253163,186.6828817403559,184.6901339480471,185.82034301757807,52393600,-0.0004266536899278,-1
2024-05-13,GOOGL,162.81625335334653,167.79213497268913,162.55854403329832,167.6533660888672,31327600,0.0297090286497569,1
2024-05-13,MSFT,410.80135374265615,411.1354867839949,403.7353441559508,406.5853271484375,15440200,-0.0102629325726607,-1
2024-05-13,TSLA,170.0,175.39999389648438,169.0,171.88999938964844,67018900,0.0111176434685202,1
2024-05-13,AAPL,183.84743912898392,185.4931866387208,183.0344740478803,184.6802215576172,72044800,0.0045297472326987,1
2024-05-13,META,469.13187501336745,469.7272890553807,459.307649314206,464.42816162109375,14668800,-0.0100264203794288,-1
2024-05-13,UNH,487.38451198078974,489.878301790426,482.8728473342736,487.0894470214844,2454500,-0.0006054048744925,-1
2024-05-13,JPM,189.73267730698475,190.73478941529615,189.00733180699527,189.66586303710935,7049200,-0.0003521495127972,-1
2024-05-13,BRK-B,414.05999755859375,414.2999877929688,410.1900024414063,411.2200012207031,2710300,-0.0068589005328599,-1
2024-05-13,AMZN,188.0,188.30999755859372,185.3600006103516,186.57000732421875,24898600,-0.007606344020113,-1
2024-05-10,AAPL,183.3120385724197,183.50040923773955,180.5658387363955,181.4779357910156,50759500,-0.0100053591443722,-1
2024-05-10,MSFT,405.81879129865774,408.2167155386998,404.6984363706866,407.5877380371094,13402300,0.0043589571906979,1
2024-05-10,UNH,484.4814706924487,488.84086836530537,482.5778106897279,488.1079406738281,2784600,0.0074852604294572,1
2024-05-10,AMZN,189.16000366210935,189.88999938964844,186.92999267578125,187.47999572753903,34141800,-0.0088814120429562,-1
2024-05-10,META,473.43871486606776,473.8455806741321,466.0060472810395,472.5555419921875,10750000,-0.0018654428675738,-1
2024-05-10,JPM,189.48452041598773,190.24803507157247,189.22684568795717,189.70404052734372,7529800,0.0011585121089263,1
2024-05-10,GOOGL,166.55313303769844,168.35714377508077,164.72930897604326,167.1676788330078,29799900,0.0036897882621653,1
2024-05-10,TSLA,173.0500030517578,173.05999755859375,167.75,168.47000122070312,72627200,-0.026466349322657,-1
2024-05-10,BRK-B,409.8500061035156,412.3800048828125,409.2000122070313,412.0499877929688,3084500,0.0053677727380525,1
2024-05-09,TSLA,175.00999450683594,175.6199951171875,171.3699951171875,171.97000122070312,65950300,-0.017370398157541,-1
2024-05-09,META,466.40290121752565,472.4363552104369,464.0510446249137,471.7814331054688,9437700,0.0115319434632646,1
2024-05-09,JPM,186.26825911130967,188.57788072431907,186.2014593966942,188.4919891357422,7977300,0.0119383196849639,1
2024-05-09,UNH,477.9518598142138,483.5010151167585,477.9518598142138,482.6062927246094,2342900,0.009738288103335,1
2024-05-09,BRK-B,406.25,408.8699951171875,405.4599914550781,408.8200073242188,2356600,0.006326171875,1
2024-05-09,AMZN,188.8800048828125,191.6999969482422,187.44000244140625,189.5,43368400,0.0032824814758564,1
2024-05-09,GOOGL,167.90118913341487,169.18976613945827,166.70181746537216,168.4661865234375,15346700,0.0033650588952867,1
2024-05-09,MSFT,403.4896213413632,405.60253803694064,402.04497067197207,405.2094421386719,14689700,0.0042623668772231,1
2024-05-09,AAPL,180.74699689996783,182.82614787366472,180.3014688648197,182.73704528808597,48983000,0.0110101325181047,1
2024-05-08,AAPL,181.0341248704048,181.25194126160503,179.64801918938014,180.9252166748047,45057100,-0.0006015893173625,-1
2024-05-08,GOOGL,167.51460097970468,168.65448718502228,167.25689165384944,167.89126586914062,19569100,0.0022485496024407,1
2024-05-08,TSLA,171.58999633789062,176.05999755859375,170.14999389648438,174.72000122070312,79969500,0.0182411850901201,1
2024-05-08,UNH,479.884053420889,482.577719032202,475.9910438928958,478.9702758789063,3078900,-0.0019041631733099,-1
2024-05-08,AMZN,187.44000244140625,188.42999267578125,186.38999938964844,188.0,26136400,0.0029876096420176,1
2024-05-08,JPM,182.2884423618625,187.6807386275388,182.2884423618625,186.72634887695312,9227600,0.0243455177826406,1
2024-05-08,BRK-B,406.4700012207031,407.2300109863281,403.75,406.3699951171875,2398100,-0.0002460356316955,-1
2024-05-08,MSFT,401.1310200807253,405.1210019721616,399.6961765499289,403.4601440429688,11792300,0.0058063920406223,1
2024-05-08,META,459.9526716667021,471.9402058578811,459.4564983423583,468.9830322265625,11683900,0.0196332386267866,1
2024-05-07,AAPL,181.6281680754234,183.06376520709568,179.51933122687228,180.58859252929688,77305800,-0.0057236471475879,-1
2024-05-07,JPM,182.9564890317483,184.13038419824304,182.90876663771533,183.00421142578125,7688800,0.0002608401280845,1
2024-05-07,MSFT,407.50911609687097,407.5189532422579,402.03516456718575,402.2808532714844,20018200,-0.0128298058101447,-1
2024-05-07,META,462.72128393951647,467.9211702005298,457.7793871898574,464.6563415527344,13406800,0.0041819075118896,1
2024-05-07,AMZN,188.9199981689453,189.94000244140625,187.30999755859372,188.75999450683597,34048900,-0.0008469387235875,-1
2024-05-07,UNH,472.10766681670816,477.48550035702647,471.19391817553696,476.8287353515625,3752100,0.0099999827723349,1
2024-05-07,BRK-B,406.9299926757813,407.260009765625,403.6099853515625,406.1400146484375,3084200,-0.00194131187566,-1
2024-05-07,GOOGL,167.01898291372035,170.25032396319247,166.90994914481348,169.74481201171875,28039700,0.016320474777448,1
2024-05-07,TSLA,182.3999938964844,183.25999450683597,177.39999389648438,177.80999755859375,75045900,-0.0251644544489159,-1
2024-05-06,MSFT,401.7108199734264,406.79164496723695,399.3620218492585,406.4083862304688,16996600,0.01169390024733,1
2024-05-06,GOOGL,165.9881386196856,166.66215458769406,164.57069955510775,166.6225128173828,21871300,0.0038218043950158,1
2024-05-06,BRK-B,403.9599914550781,405.1499938964844,399.260009765625,404.9200134277344,3918900,0.0023765273615295,1
2024-05-06,JPM,182.98512382682264,183.4336881281088,181.1622506599864,183.2428131103516,7911100,0.0014082526390112,1
2024-05-06,TSLA,183.8000030517578,187.55999755859372,182.1999969482422,184.75999450683597,84390300,0.0052230219757275,1
2024-05-06,AMZN,186.27999877929688,188.75,184.8000030517578,188.6999969482422,34725300,0.0129911863045076,1
2024-05-06,AAPL,180.5390848280799,182.37070337959045,178.62824383792136,179.9054412841797,78569700,-0.0035097305633492,-1
2024-05-06,META,452.0932897323867,462.59233462582085,449.8704428473724,462.1159973144531,15094600,0.0221695561727962,1
2024-05-06,UNH,468.7572332155577,471.03209173492576,468.3003443736865,470.5657043457031,2029500,0.0038580122118644,1
2024-05-03,BRK-B,404.5,404.5,399.2099914550781,400.8699951171875,4119100,-0.0089740540984239,-1
2024-05-03,AAPL,184.7963833456082,185.14291355827163,180.84601747897057,181.55886840820312,163224100,-0.0175193630892128,-1
2024-05-03,MSFT,395.34253307709054,400.1285433474104,394.9297629345263,399.6470031738281,17446700,0.0108879509200145,1
2024-05-03,META,442.5170974558965,450.6940537629861,440.453029921028,448.5009460449219,16489100,0.0135222991912119,1
2024-05-03,AMZN,186.9900054931641,187.8699951171875,185.4199981689453,186.2100067138672,39172000,-0.0041713394105728,-1
2024-05-03,GOOGL,166.08727540907034,166.48376879475936,161.61692024874446,165.7700958251953,34662400,-0.0019097163409648,-1
2024-05-03,JPM,183.2428007323514,183.74862604851333,179.86426800149363,181.8207550048828,8922800,-0.0077604452768961,-1
2024-05-03,UNH,467.2152634569673,469.0523174472565,462.3799798006328,468.7286987304688,2487600,0.0032392676178929,1
2024-05-03,TSLA,182.1000061035156,184.77999877929688,178.4199981689453,181.19000244140625,75491500,-0.0049972741988381,-1
2024-05-02,AMZN,180.8500061035156,185.1000061035156,179.91000366210938,184.72000122070312,54303500,0.0213989216841517,1
2024-05-02,JPM,184.2640125734771,184.6743931235933,180.87592647957385,182.91831970214844,6501700,-0.0073030693977319,-1
2024-05-02,UNH,460.95219786988304,469.9089210072137,460.6285791790153,469.2236022949219,3561400,0.0179441696194573,1
2024-05-02,AAPL,170.79679016186972,171.69775653757537,169.19288328746214,171.31163024902344,94214900,0.0030143428729883,1
2024-05-02,TSLA,182.8600006103516,184.6000061035156,176.02000427246094,180.00999450683594,89148000,-0.015585727299589,-1
2024-05-02,BRK-B,401.0,401.55999755859375,397.8800048828125,400.6000061035156,2672200,-0.0009974910136767,-1
2024-05-02,MSFT,390.80226783236736,393.0331103770738,387.84416635932274,390.9791564941406,17709400,0.0004526295682837,1
2024-05-02,META,435.48142162693887,440.562231878881,428.9716297061358,438.2996826171875,15221300,0.0064715986728428,1
2024-05-02,GOOGL,163.34161532186556,165.26456662605938,162.44953168316837,165.15553283691406,24294500,0.0111050543456067,1
2024-05-01,AMZN,181.63999938964844,185.1499938964844,176.55999755859375,179.0,94645100,-0.0145342402472992,-1
2024-05-01,MSFT,385.83931510454033,394.792226173252,383.5789912516123,388.129150390625,23562500,0.005934686270797,1
2024-05-01,JPM,183.50049513128624,185.5906107156563,182.0879880175604,183.10919189453125,7445300,-0.0021324369532356,-1
2024-05-01,BRK-B,396.6099853515625,402.3200073242188,396.3500061035156,398.5799865722656,2605000,0.0049670994010826,1
2024-05-01,TSLA,182.0,185.8600006103516,179.00999450683594,179.99000549316406,92829700,-0.0110439258617359,-1
2024-05-01,META,425.31978777610783,446.5162980590152,423.8411706483012,435.8287353515625,20344900,0.0247083438802679,1
2024-05-01,UNH,456.17399260866455,465.6256562425679,454.0894828703962,460.7903442382813,2729200,0.0101197168282605,1
2024-05-01,AAPL,167.8959162536964,170.99483730573115,167.43058257791944,167.6186981201172,50383100,-0.0016511308896896,-1
2024-05-01,GOOGL,162.85591967019158,165.65112595593658,161.6565480783854,162.41978454589844,33493200,-0.0026780428072641,-1
2024-04-30,BRK-B,400.5799865722656,400.6000061035156,396.3699951171875,396.7300109863281,3070500,-0.0096110033326464,-1
2024-04-30,MSFT,394.5662074998568,395.2246663994194,382.4586913890698,382.6159057617188,28781400,-0.0302871901115413,-1
2024-04-30,AMZN,181.08999633789065,182.9900054931641,174.8000030517578,175.0,94639800,-0.0336296673535045,-1
2024-04-30,UNH,465.40675213909856,466.12062458307,459.3436001625743,460.400146484375,3367500,-0.0107574839250016,-1
2024-04-30,GOOGL,164.1544172520467,166.62253752967678,161.1708782605576,161.3492889404297,33562900,-0.0170883510695295,-1
2024-04-30,META,427.7510778839802,436.2554972650773,426.431269959218,426.8778381347656,18429500,-0.0020414670923434,-1
2024-04-30,AAPL,171.6086653165762,173.25218351807536,168.31173366197407,168.63845825195312,65934800,-0.0173080249714883,-1
2024-04-30,TSLA,186.97999572753903,190.9499969482422,182.83999633789065,183.27999877929688,127031800,-0.0197881967739142,-1
2024-04-30,JPM,184.0158640239999,186.09644101035263,182.8992298935548,182.9946746826172,8153700,-0.0055494636117326,-1
2024-04-29,AAPL,171.64827897757164,174.28186646983917,171.38097119165224,171.77699279785156,68169400,0.0007498695649418,1
2024-04-29,MSFT,398.2613746922827,399.3129295050505,392.3058831233316,395.3131103515625,19582100,-0.0074028377544725,-1
2024-04-29,UNH,471.8315746870321,473.392589609912,464.27404322806194,465.4733581542969,2192100,-0.0134756062837733,-1
2024-04-29,JPM,184.65529150697463,185.39971421292185,183.653179537329,184.46441650390625,5387800,-0.0010336828233334,-1
2024-04-29,TSLA,188.4199981689453,198.8699951171875,184.5399932861328,194.0500030517578,243869700,0.0298800814007247,1
2024-04-29,BRK-B,402.6600036621094,404.8699951171875,400.0799865722656,400.9599914550781,2363600,-0.0042219544816221,-1
2024-04-29,GOOGL,167.5740627254869,168.05976136758494,163.7579109650259,164.68963623046875,45610000,-0.0172128457596883,-1
2024-04-29,AMZN,182.75,183.52999877929688,179.38999938964844,180.9600067138672,54063900,-0.0097947649035995,-1
2024-04-29,META,436.1958474461991,436.3943288699641,425.2800353874173,429.3089599609375,21502600,-0.0157885214304132,-1
2024-04-26,BRK-B,403.9200134277344,404.75,401.4100036621094,402.1000061035156,3023100,-0.004505860724191,-1
2024-04-26,UNH,468.3003772449457,473.2784587853779,467.7292734144057,471.489013671875,2727000,0.0068089554949504,1
2024-04-26,GOOGL,172.83741845240817,173.17444161155032,168.15890237210272,170.43869018554688,64665300,-0.0138785240391784,-1
2024-04-26,MSFT,405.0620486762338,405.8777219430486,398.7625869715763,399.31292724609375,29694700,-0.0141931870658545,-1
2024-04-26,JPM,184.74122414056745,185.9819191199223,184.25447606565837,184.6648712158203,6413700,-0.000413296626686,-1
2024-04-26,META,438.0813579966591,443.023255377978,428.6540645124844,439.8973693847656,32691400,0.0041453747231133,1
2024-04-26,TSLA,168.85000610351562,172.1199951171875,166.3699951171875,168.2899932861328,109815700,-0.0033166289436761,-1
2024-04-26,AMZN,177.8000030517578,180.82000732421875,176.1300048828125,179.6199951171875,43919800,0.0102361756703675,1
2024-04-26,AAPL,168.19293999888993,169.63843239437367,167.49987955768665,167.6186981201172,44838400,-0.0034141853919464,-1
2024-04-25,UNH,465.4067484411355,473.1832116499287,464.0456386301887,470.0707092285156,4329700,0.0100212573259882,1
2024-04-25,BRK-B,404.8500061035156,406.1400146484375,400.3500061035156,404.9100036621094,2670200,0.000148197005531,1
2024-04-25,META,418.1748568844393,442.35833901070566,411.3276713078903,438.001953125,82890700,0.0474134107159862,1
2024-04-25,AAPL,167.84642483703811,168.91570135131437,166.48012455092012,168.20285034179688,50558300,0.0021235215769702,1
2024-04-25,AMZN,169.67999267578125,173.9199981689453,166.32000732421875,173.6699981689453,49249400,0.0235148848738344,1
2024-04-25,TSLA,158.9600067138672,170.8800048828125,158.36000061035156,170.17999267578125,126427500,0.0705837033720712,1
2024-04-25,MSFT,387.2348968478242,392.9938559312525,381.3383676792714,392.1585083007813,40586500,0.0127147927344263,1
2024-04-25,JPM,183.4814269000061,185.094347885253,182.46022289146975,184.5503387451172,9802300,0.0058257223260727,1
2024-04-25,GOOGL,149.99990858082532,155.11455913410575,149.5439450297003,154.6288604736328,57109700,0.0308596980931708,1
2024-04-24,AMZN,179.94000244140625,180.32000732421875,176.17999267578125,176.58999633789062,34185100,-0.0186173505505341,-1
2024-04-24,GOOGL,156.10576891745424,158.16748886069595,155.78857425325978,157.73135375976562,22779100,0.0104133553396797,1
2024-04-24,TSLA,162.83999633789062,167.97000122070312,157.50999450683594,162.1300048828125,181178000,-0.0043600557052636,-1
2024-04-24,BRK-B,407.1000061035156,407.6199951171875,403.8800048828125,405.9500122070313,2506900,-0.002824843722041,-1
2024-04-24,META,504.17164864318624,506.0968036129845,480.87133784126775,489.72308349609375,37772700,-0.0286580278482062,-1
2024-04-24,UNH,460.4763205348379,465.3116041990359,457.5541954361602,463.8267517089844,3724400,0.007276011870176,1
2024-04-24,AAPL,164.88609429896647,167.6186945681344,164.55938480415762,167.3414764404297,48251800,0.0148913839696584,1
2024-04-24,MSFT,402.4970536697523,405.3568737379943,399.7649965241752,402.0056762695313,15065300,-0.0012208223532096,-1
2024-04-24,JPM,181.8398780520335,184.4167274665865,181.49629715923768,184.2735748291016,6964900,0.0133837352023061,1
2024-04-23,UNH,467.3485085128214,470.4990633441653,461.6089750386085,462.76068115234375,3646700,-0.0098167155279405,-1
2024-04-23,AMZN,178.0800018310547,179.92999267578125,175.97999572753906,179.5399932861328,37046500,0.0081985143759332,1
2024-04-23,GOOGL,155.58042632459905,157.572754235579,154.90639523489975,156.86898803710938,21151600,0.0082822868078655,1
2024-04-23,JPM,182.41249080398305,183.4623106371964,181.83031255941904,183.3764190673828,9144400,0.0052843325539346,1
2024-04-23,MSFT,397.2688218184954,401.1605527245356,396.1091782617304,400.5414123535156,15734500,0.0082377230612761,1
2024-04-23,AAPL,163.70792820716713,165.39104261951863,163.28219064755024,165.24252319335938,49537800,0.0093739808633474,1
2024-04-23,META,487.4903349213424,494.9428686127563,485.22778557062543,492.30322265625,15079200,0.0098727859613549,1
2024-04-23,TSLA,143.3300018310547,147.25999450683594,141.11000061035156,144.67999267578125,124545100,0.0094187596977624,1
2024-04-23,BRK-B,410.25,410.7200012207031,405.6400146484375,408.739990234375,2287600,-0.0036807063147471,-1
2024-04-22,BRK-B,406.8399963378906,411.3500061035156,406.25,408.7799987792969,2980600,0.0047684653890199,1
2024-04-22,MSFT,393.18055056464544,395.9028007169284,388.9252352238132,394.0453796386719,20286900,0.0021995723663961,1
2024-04-22,UNH,473.8018257216842,475.3628405003928,467.0057762116176,467.5673522949219,4697700,-0.0131583989092193,-1
2024-04-22,META,485.9719917197624,488.2444739766785,469.7768874878293,478.0431518554688,17271100,-0.0163154255788178,-1
2024-04-22,GOOGL,152.95370128791464,156.25443431502745,152.70589864435968,154.90638732910156,26446200,0.0127665170881432,1
2024-04-22,AMZN,176.94000244140625,178.8699951171875,174.55999755859375,177.22999572753906,37924900,0.0016389356964592,1
2024-04-22,JPM,177.5069394038577,181.45811204263345,177.49738618697634,180.7709503173828,11529700,0.0183880749929384,1
2024-04-22,AAPL,163.8762247169617,165.59893510418706,163.13367296874276,164.1930389404297,48116400,0.0019332531245162,1
2024-04-22,TSLA,140.55999755859375,144.44000244140625,138.8000030517578,142.0500030517578,107097600,0.0106004945862562,1
2024-04-19,GOOGL,154.82709650190313,154.98569383172432,150.96138111672357,152.7356414794922,32615600,-0.0135083268346715,-1
2024-04-19,MSFT,397.0624207324797,398.4874271893145,390.91036608589934,392.2370910644531,30565800,-0.0121525720291663,-1
2024-04-19,META,498.9518557154104,498.9518557154104,472.0890564119866,477.38818359375,25215400,-0.0432179415201128,-1
2024-04-19,JPM,174.08067361637623,177.40196022253804,173.1358371435667,177.3256072998047,13402300,0.0186404016943279,1
2024-04-19,AAPL,164.55936395716853,164.74746436429578,162.45051229612085,163.3613739013672,68149400,-0.0072799871547458,-1
2024-04-19,BRK-B,401.0400085449219,405.5700073242188,400.1700134277344,405.0799865722656,3996100,0.0100737530951134,1
2024-04-19,UNH,473.0594470090423,482.8632830845789,471.6888096677479,476.9905090332031,6618600,0.008309868979502,1
2024-04-19,TSLA,148.97000122070312,150.94000244140625,146.22000122070312,147.0500030517578,87074500,-0.0128884886434335,-1
2024-04-19,AMZN,178.74000549316406,179.0,173.44000244140625,174.6300048828125,56000700,-0.0229942960951108,-1
2024-04-18,AAPL,166.36130787024413,166.96525061902096,164.89600984807865,165.38113403320312,43122900,-0.0058918377691855,-1
2024-04-18,JPM,172.83997115716338,174.99688652001322,171.7615061943233,172.98312377929688,9557700,0.0008282379427344,1
2024-04-18,UNH,462.71307275518416,477.8186085820743,462.5607764858672,469.4234619140625,8880400,0.014502268368866,1
2024-04-18,BRK-B,399.7000122070313,402.989990234375,399.1000061035156,399.8900146484375,2669500,0.0004753626109669,1
2024-04-18,META,495.9947371158282,508.2899273210229,495.220707897672,497.9595642089844,14808700,0.0039613869787842,1
2024-04-18,GOOGL,153.97466932035476,155.5606125191913,153.26099639334586,154.63877868652344,19883000,0.0043131079228814,1
2024-04-18,AMZN,181.47000122070312,182.38999938964844,178.64999389648438,179.22000122070312,30723800,-0.0123987435105792,-1
2024-04-18,MSFT,403.5485840383649,404.786864609064,396.983789567324,397.2982482910156,21029900,-0.0154884343411673,-1
2024-04-18,TSLA,151.25,152.1999969482422,148.6999969482422,149.92999267578125,96098800,-0.0087273211518595,-1
2024-04-17,JPM,173.09765717367875,174.0997692825039,171.02663324895016,171.8665008544922,9017100,-0.0071124955663107,-1
2024-04-17,BRK-B,398.9400024414063,399.2799987792969,395.6600036621094,397.739990234375,2465600,-0.0030080017037336,-1
2024-04-17,UNH,455.54579363311007,464.49298883810593,451.7289464583045,455.9169921875,8759800,0.0008148435559672,1
2024-04-17,AAPL,167.92563121825307,168.95529649982927,166.3316192626953,166.3316192626953,50901200,-0.0094923684013789,-1
2024-04-17,TSLA,157.63999938964844,158.3300018310547,153.77999877929688,155.4499969482422,82439700,-0.013892428634138,-1
2024-04-17,META,499.2496185150052,499.30915689281545,483.41177405310106,490.3879699707031,12193700,-0.0177499355345741,-1
2024-04-17,AMZN,184.30999755859372,184.57000732421875,179.82000732421875,181.27999877929688,31359700,-0.0164396875884804,-1
2024-04-17,MSFT,410.05437714655454,411.6562720224504,403.2537017817722,404.7376708984375,15855500,-0.0129658565898367,-1
2024-04-17,GOOGL,154.25222171449877,155.69939615479163,153.22136912493693,154.10354614257812,21763100,-0.0009638471995288,-1
2024-04-16,TSLA,156.74000549316406,158.19000244140625,153.75,157.11000061035156,97000000,0.0023605659322478,1
2024-04-16,AMZN,183.2700042724609,184.8300018310547,182.25999450683597,183.32000732421875,32891300,0.0002728381655051,1
2024-04-16,JPM,174.55787484556882,174.80602549423577,171.45610823988386,172.5536651611328,16451800,-0.0114816343072985,-1
2024-04-16,BRK-B,400.9700012207031,401.25,396.5,396.9200134277344,3435500,-0.010100475797788,-1
2024-04-16,UNH,453.8039229109645,456.6403864197335,443.1719993833031,446.3035278320313,11816500,-0.0165278321765517,-1
2024-04-16,AAPL,170.04436539186383,172.0343988146065,166.59892920522176,167.69790649414062,73711200,-0.0137990982077873,-1
2024-04-16,MSFT,407.4206432860486,411.1845807766568,406.59513289625886,407.4304504394531,16765600,2.4071321780487347e-05,1
2024-04-16,GOOGL,152.8347772006078,154.28193632388786,152.08144740386092,153.0429229736328,20779500,0.0013619005885801,1
2024-04-16,META,494.29775401725584,500.9067860558404,493.3054074099732,495.9351501464844,9847900,0.0033125704414416,1
2024-04-15,UNH,420.7088539667852,426.7529801896181,420.699326371707,424.16400146484375,5376800,0.0082126807303449,1
2024-04-15,GOOGL,157.46372881803066,157.8403937153416,153.23125499058935,153.49888610839844,27136500,-0.0251794031514019,-1
2024-04-15,BRK-B,406.989990234375,409.05999755859375,399.8599853515625,400.260009765625,3002300,-0.0165359852336279,-1
2024-04-15,AMZN,187.42999267578125,188.69000244140625,183.0,183.6199951171875,48052400,-0.0203275767351937,-1
2024-04-15,MSFT,419.2432078029309,419.4594150607099,406.30031376342345,406.5067138671875,20273500,-0.0303797263704992,-1
2024-04-15,META,512.7653372648631,514.5615428654139,493.4741460488993,496.4015808105469,13512900,-0.0319127586540891,-1
2024-04-15,JPM,176.08492330850328,178.90992360771173,173.88982379100682,174.54835510253906,14766600,-0.0087262905710111,-1
2024-04-15,AAPL,173.61853482041673,174.875926929409,170.78693631547566,170.9750518798828,73531800,-0.0152258106731992,-1
2024-04-15,TSLA,170.24000549316406,170.69000244140625,161.3800048828125,161.47999572753906,100245300,-0.0514568226207955,-1
2024-04-12,AMZN,187.72000122070312,188.3800048828125,185.0800018310547,186.1300048828125,38608800,-0.0084700422307224,-1
2024-04-12,JPM,179.73063767594317,180.31280129077652,174.2142529667361,174.45285034179688,31532300,-0.0293649841918561,-1
2024-04-12,BRK-B,405.0,407.2099914550781,401.4400024414063,403.260009765625,3467300,-0.0042962721836419,-1
2024-04-12,TSLA,172.33999633789062,173.80999755859375,170.36000061035156,171.0500030517578,64722700,-0.0074851648691209,-1
2024-04-12,GOOGL,156.57166307757163,158.8117940185791,155.75886296974886,156.3436737060547,25353700,-0.0014561343159776,-1
2024-04-12,UNH,419.12877214659306,420.9372431361519,415.35953389869087,418.043701171875,6045700,-0.0025888725537996,-1
2024-04-12,AAPL,172.52944039553972,176.58872985356905,172.47994902506244,174.7967071533203,101670900,0.0131413325898621,1
2024-04-12,META,513.787472668167,516.2088008915841,505.4319006375196,507.9822387695313,11984500,-0.0112989012139365,-1
2024-04-12,MSFT,416.7371538463039,417.8476715499989,412.5309645735886,414.6242370605469,19253800,-0.0050701425736959,-1
2024-04-11,UNH,428.6947312451879,429.05640224828807,420.2139223882172,420.4423522949219,5844100,-0.0192500125352511,-1
2024-04-11,GOOGL,155.5308692093835,158.27651186403895,155.0848274346832,158.00889587402344,27166400,0.0159326999021904,1
2024-04-11,META,517.1217682967572,519.8507216900733,513.3309966786047,519.1560668945312,10369500,0.0039338869923701,1
2024-04-11,AMZN,186.7400054931641,189.7700042724609,185.50999450683597,189.0500030517578,40020700,0.0123701268643173,1
2024-04-11,TSLA,172.5500030517578,175.8800048828125,168.50999450683594,174.60000610351562,94516000,0.011880631790791,1
2024-04-11,BRK-B,408.3999938964844,411.1499938964844,404.0499877929688,407.6099853515625,2889900,-0.0019343990125575,-1
2024-04-11,JPM,187.0603664982784,187.60437557468177,184.4262563759214,186.516357421875,10137700,-0.0029082006337692,-1
2024-04-11,MSFT,418.4766641791292,421.9654317896823,415.076310912024,420.5502624511719,17966400,0.0049551108808185,1
2024-04-11,AAPL,166.66822184170525,173.7175238179071,166.49001666248702,173.3016815185547,91070300,0.0398003866816892,1
2024-04-10,MSFT,414.90926057255786,416.71752584552905,412.46221066374153,415.9608154296875,16216600,0.0025344212748554,1
2024-04-10,AAPL,167.1236748074244,167.41078821247058,165.45045553411236,166.11380004882812,49709300,-0.0060426792299771,-1
2024-04-10,META,505.3922804013936,518.5607107573752,501.92896968081385,515.8516235351562,11418500,0.020695494449293,1
2024-04-10,JPM,186.63090309212447,188.0815794697576,185.32337934002092,186.55455017089844,7681400,-0.0004091118885511,-1
2024-04-10,TSLA,173.0399932861328,174.92999267578125,170.00999450683594,171.75999450683594,84532400,-0.0073971268432744,-1
2024-04-10,AMZN,182.7700042724609,186.2700042724609,182.6699981689453,185.9499969482422,35879200,0.0173988761910884,1
2024-04-10,BRK-B,412.739990234375,413.55999755859375,407.5299987792969,409.1099853515625,3121300,-0.0087948950155064,-1
2024-04-10,GOOGL,154.83704643510924,155.23352470706243,153.32047998943062,154.7676544189453,22838600,-0.0004481615851088,-1
2024-04-10,UNH,433.5489587820634,436.6424057210767,428.1140186009855,428.3710021972656,4493500,-0.0119431876836789,-1
2024-04-09,BRK-B,416.5799865722656,417.3200073242188,412.1199951171875,414.6900024414063,2233100,-0.0045369057366646,-1
2024-04-09,MSFT,419.0859553029516,420.3635245342137,414.34907001434647,418.9287109375,12496900,-0.0003752079101241,-1
2024-04-09,AAPL,167.02464767080627,168.39094781013864,166.67813256359855,167.98501586914062,42373800,0.0057498591478975,1
2024-04-09,TSLA,172.91000366210938,179.22000122070312,171.9199981689453,176.8800048828125,102951700,0.0229599279198505,1
2024-04-09,GOOGL,154.7180599469995,157.1663513551603,153.82597645097087,155.2235870361328,31079500,0.0032674084027843,1
2024-04-09,AMZN,187.2400054931641,187.33999633789065,184.1999969482422,185.6699981689453,36520100,-0.0083849993492767,-1
2024-04-09,UNH,432.3972992074199,437.6133376781482,430.66496176433503,437.57525634765625,3521200,0.0119749988025539,1
2024-04-09,META,518.2330717069119,521.8452273526385,502.861634753666,512.9439086914062,10863800,-0.0102061472033899,-1
2024-04-09,JPM,189.03597982912677,189.80903317635733,186.02010480291608,188.15792846679688,7351500,-0.0046448901586013,-1
2024-04-08,UNH,434.0059006092927,435.1766618972097,431.740540695583,434.0344543457031,4532300,6.579112489096472e-05,1
2024-04-08,AAPL,167.3513719945941,167.51968192191484,166.5692240844266,166.77713012695312,37425500,-0.0034313544059831,-1
2024-04-08,BRK-B,418.3200073242188,418.5700073242188,415.6300048828125,415.9700012207031,2485700,-0.0056177234231454,-1
2024-04-08,META,525.2292670059732,527.4223143515474,514.9187707168354,515.2760009765625,13260600,-0.0189503263710882,-1
2024-04-08,AMZN,186.8999938964844,187.2899932861328,184.80999755859372,185.19000244140625,39221300,-0.009149232268168,-1
2024-04-08,MSFT,417.837836797393,419.91143485729225,416.0000602813901,417.267822265625,14272400,-0.0013642003705002,-1
2024-04-08,GOOGL,151.4371847974656,153.9053051340792,151.2686807764452,153.48899841308594,20702000,0.0135489418821703,1
2024-04-08,JPM,188.60647044499663,189.9044408997036,188.60647044499663,189.42724609375,8001000,0.0043517894524871,1
2024-04-08,TSLA,169.33999633789062,174.5,167.7899932861328,172.97999572753906,104423300,0.0214952135843053,1
2024-04-05,AAPL,167.90581505219322,168.69787335368648,167.2721714324497,167.8959197998047,42104800,-5.893335132827708e-05,-1
2024-04-05,UNH,428.9802575079216,435.7001748663826,428.33302009067256,433.7869873046875,5747400,0.011205014013208,1
2024-04-05,MSFT,412.7668650207588,419.15477140454254,411.1060069616712,418.1818237304688,16554800,0.0131186855549504,1
2024-04-05,TSLA,169.0800018310547,170.86000061035156,160.50999450683594,164.89999389648438,143157600,-0.0247220717370643,-1
2024-04-05,META,512.9042437043852,526.6383471527769,510.4729824465434,523.3040771484375,19263300,0.0202763645879411,1
2024-04-05,BRK-B,416.55999755859375,419.2699890136719,415.4100036621094,418.6199951171875,2738300,0.0049452601562011,1
2024-04-05,JPM,187.21307291356743,189.08366842916283,186.21096089165496,188.44422912597656,6532300,0.006576229924806,1
2024-04-05,GOOGL,148.71134571985755,152.07154951460475,148.28513236262637,151.15963745117188,23459200,0.0164633822622143,1
2024-04-05,AMZN,182.3800048828125,186.2700042724609,181.97000122070312,185.07000732421875,42374000,0.0147494372704655,1
2024-04-04,META,512.4676419362434,525.9437264523161,506.672341112813,507.009765625,26476300,-0.010650187181813,-1
2024-04-04,TSLA,170.07000732421875,177.19000244140625,168.00999450683594,171.11000061035156,123162000,0.0061150893240698,1
2024-04-04,JPM,190.06671300400296,190.5725384067868,186.6309186395937,186.72634887695312,9243800,-0.0175746929815084,-1
2024-04-04,UNH,438.6222624106,439.4789035128904,430.1509820923174,433.4443054199219,5182000,-0.0118050482942221,-1
2024-04-04,BRK-B,423.8399963378906,424.5199890136719,414.5499877929688,415.3200073242188,3800600,-0.020101899507567,-1
2024-04-04,MSFT,417.66095627375125,421.27751676074166,410.3689323931849,410.673583984375,19370900,-0.016729771323888,-1
2024-04-04,AMZN,184.0,185.1000061035156,180.0,180.0,41624300,-0.0217391304347826,-1
2024-04-04,AAPL,168.59885072968464,170.2126681045212,167.14346313476562,167.14346313476562,53704400,-0.0086322509828518,-1
2024-04-04,GOOGL,152.15083657251893,153.40967834779974,149.12764102936788,149.20693969726562,34724700,-0.0193485421544177,-1
2024-04-03,BRK-B,419.0,421.9100036621094,418.5199890136719,420.239990234375,2740800,0.0029594039006563,1
2024-04-03,META,495.11150004572073,503.3578981717305,494.9328849193272,502.8617248535156,12099200,0.0156534938232685,1
2024-04-03,TSLA,164.02000427246094,168.82000732421875,163.27999877929688,168.3800048828125,82950100,0.0265821271599833,1
2024-04-03,MSFT,412.49166464341647,415.9607877333754,411.8626872035861,413.1992492675781,16502300,0.0017153913274183,1
2024-04-03,GOOGL,152.2499745660593,153.71696221529052,151.38761094398126,153.55836486816406,24705000,0.0085936980011583,1
2024-04-03,JPM,188.8600718225351,189.353480421599,187.5886097387711,188.15792846679688,9353400,-0.0037177967209395,-1
2024-04-03,UNH,439.7454443349911,440.55450561567926,433.6061294346727,437.5942993164063,4460400,-0.0048917960294913,-1
2024-04-03,AMZN,179.89999389648438,182.8699951171875,179.8000030517578,182.41000366210935,31046600,0.0139522504212494,1
2024-04-03,AAPL,167.11373478373662,168.98496453257434,166.90582876011774,167.96519470214844,47691700,0.0050950923903035,1
2024-04-02,TSLA,164.75,167.69000244140625,163.42999267578125,166.6300048828125,116650600,0.0114112587727617,1
2024-04-02,MSFT,412.8650995128624,415.0959720756304,410.6342569413904,414.1721801757813,17912000,0.0031658783085832,1
2024-04-02,JPM,188.2433223187396,189.5622300456081,187.9491796173942,188.6892852783203,7014700,0.002369077182061,1
2024-04-02,AMZN,179.07000732421875,180.7899932861328,178.3800048828125,180.69000244140625,32611500,0.0090467138600959,1
2024-04-02,GOOGL,152.1508570629753,153.34030699227824,150.8127164395867,153.2015380859375,24586000,0.0069055215543566,1
2024-04-02,META,481.3873933760893,493.7222556696209,480.94082524456064,493.5634765625,11081000,0.025293730899384,1
2024-04-02,AAPL,167.40090635433992,167.65831891419413,166.55934147029518,167.1632843017578,49329500,-0.0014194788890756,-1
2024-04-02,UNH,437.46104418782346,441.34449754394376,427.9427448323336,436.0713806152344,11867000,-0.0031766567356165,-1
2024-04-02,BRK-B,419.75,421.010009765625,418.0899963378906,418.9200134277344,3174900,-0.0019773354908055,-1
2024-04-01,MSFT,416.6388658317179,420.5109217375922,414.93868940887074,417.2481689453125,16316000,0.0014624250485567,1
2024-04-01,UNH,470.6513634909844,471.89825842010026,465.1593150554706,466.1111450195313,2928700,-0.0096466701759381,-1
2024-04-01,AAPL,169.48991432845702,169.54931605122675,167.79688969325008,168.3414306640625,46240500,-0.0067761180300608,-1
2024-04-01,META,483.4712757226848,493.6229620607857,478.0927438247273,487.5895080566406,9247000,0.0085180496562074,1
2024-04-01,AMZN,180.7899932861328,183.0,179.9499969482422,180.97000122070312,29174500,0.0009956742145867,1
2024-04-01,BRK-B,421.489990234375,421.6600036621094,417.80999755859375,420.2000122070313,2716100,-0.0030605187720506,-1
2024-04-01,JPM,189.7614829638672,190.66289215811688,188.4141108405425,188.7651824951172,7309000,-0.0052502776284673,-1
2024-04-01,TSLA,176.1699981689453,176.75,170.2100067138672,175.22000122070312,81562100,-0.0053925013232454,-1
2024-04-01,GOOGL,149.3655526121771,154.3711700008442,149.28625393600836,154.1233673095703,31730800,0.0318534937553286,1
2024-03-28,TSLA,177.4499969482422,179.57000732421875,175.3000030517578,175.7899932861328,77654800,-0.0093547686145836,-1
2024-03-28,META,489.06812442310434,489.1177599265289,481.4369761827551,481.8636779785156,15212800,-0.0147309670878406,-1
2024-03-28,AMZN,180.1699981689453,181.6999969482422,179.25999450683594,180.3800048828125,38051600,0.001165603130385,1
2024-03-28,BRK-B,417.7999877929688,421.4400024414063,415.8500061035156,420.5199890136719,4377400,0.0065102951176986,1
2024-03-28,GOOGL,149.52414052577765,150.09902942352818,148.85010938322958,149.60342407226562,24485400,0.0005302391052654,1
2024-03-28,JPM,189.28707861308453,190.4541661440958,188.38565483061905,190.0556488037109,8628300,0.0040603415524068,1
2024-03-28,UNH,471.1558071303916,471.983894507438,465.7303650050241,470.8702697753906,3820000,-0.0006060359453914,-1
2024-03-28,AAPL,170.04437673388762,170.51960569647457,168.81668554767697,169.7770538330078,65672700,-0.0015720772777929,-1
2024-03-28,MSFT,413.7004206285772,414.5947310272611,411.89215553357553,413.4645690917969,21871200,-0.0005701022407033,-1
2024-03-27,META,495.47865983348026,496.0641709946274,484.3346265696149,490.0802917480469,9989700,-0.010895258510725,-1
2024-03-27,BRK-B,413.6499938964844,417.2099914550781,413.3999938964844,416.9299926757813,2926000,0.0079294060865324,1
2024-03-27,TSLA,181.41000366210935,181.91000366210935,176.0,179.8300018310547,81804000,-0.0087095628640059,-1
2024-03-27,GOOGL,149.85123348293416,150.3071970814459,147.59127418957752,149.54396057128906,22879200,-0.0020505197354954,-1
2024-03-27,JPM,186.45000563256716,189.3914618944576,186.33614766678852,189.3155517578125,8725800,0.0153689784858062,1
2024-03-27,UNH,469.9184242952676,471.85063779354977,467.6435369347921,469.3473205566406,2653100,-0.0012153252758357,-1
2024-03-27,AMZN,179.8800048828125,180.0,177.30999755859375,179.8300018310547,33272600,-0.0002779800444768,-1
2024-03-27,MSFT,417.1204243635022,417.1302615081193,411.7840733216957,414.1623229980469,16705000,-0.0070917202627255,-1
2024-03-27,AAPL,168.71767294274684,171.87599567632833,168.42064920188324,171.5888671875,60273300,0.0170177444643127,1
2024-03-26,AMZN,180.1499938964844,180.4499969482422,177.9499969482422,178.3000030517578,29659000,-0.0102691696220072,-1
2024-03-26,TSLA,178.5800018310547,184.25,177.3800048828125,177.6699981689453,113186200,-0.0050957758583196,-1
2024-03-26,JPM,184.6376815447347,186.6018182440371,184.13478957869043,185.7193756103516,5961500,0.0058584686320098,1
2024-03-26,META,501.2640919046953,506.0968154736776,491.41999934541593,492.0948181152344,11205400,-0.0182923012789918,-1
2024-03-26,BRK-B,410.0,412.6600036621094,408.6000061035156,411.5700073242188,2935100,0.003829286156631,1
2024-03-26,UNH,464.61672549163785,469.5757510493455,461.85642464011823,468.5953674316406,3113300,0.0085632774751979,1
2024-03-26,GOOGL,148.89967658168865,150.92173980939236,148.66178056238658,149.34571838378906,22149100,0.0029955861042834,1
2024-03-26,MSFT,418.270209700842,418.6436612820826,414.0836951106592,414.3785095214844,16725600,-0.009304272905644,-1
2024-03-26,AAPL,168.3117563520967,169.71765273934344,167.89592911986227,168.02464294433594,57388400,-0.0017058428596047,-1
2024-03-25,TSLA,168.75999450683594,175.24000549316406,168.72999572753906,172.6300048828125,74228600,0.0229320366315833,1
2024-03-25,JPM,186.54488715000187,186.86749435505877,184.419446870424,184.85592651367188,8620000,-0.0090539100917405,-1
2024-03-25,BRK-B,410.6700134277344,411.0700073242188,408.9200134277344,409.9200134277344,2804200,-0.0018262838178516,-1
2024-03-25,UNH,466.96773576348966,467.8053506890408,460.75228793109966,462.47509765625,2786100,-0.0096208747696331,-1
2024-03-25,AAPL,168.87608692531137,170.2324767040703,167.76719930445816,169.15330505371094,54288300,0.0016415475597925,1
2024-03-25,GOOGL,148.622129594887,149.0582647076252,146.52076782406607,148.75099182128906,19229300,0.0008670460230471,1
2024-03-25,MSFT,417.9066185646381,420.03920955948905,414.3392140382831,415.5676574707031,18060500,-0.0055968510428681,-1
2024-03-25,META,501.91901611098194,503.33806453967446,496.4114740821437,499.1701965332031,8380600,-0.0054766197126331,-1
2024-03-25,AMZN,178.00999450683594,180.9900054931641,177.24000549316406,179.7100067138672,29815500,0.0095500941491572,1
2024-03-22,META,503.1198123694112,506.0670834875513,500.4801663272367,505.6800537109375,8120600,0.0050887309117664,1
2024-03-22,AAPL,170.05426688241553,171.33146450930536,168.37115239719608,170.56910705566406,71160100,0.0030275051763594,1
2024-03-22,GOOGL,147.8093327695821,150.24771771386577,147.67056387842288,149.44483947753906,29211800,0.0110649759207459,1
2024-03-22,TSLA,166.69000244140625,171.1999969482422,166.3000030517578,170.8300018310547,75580600,0.0248365188614338,1
2024-03-22,MSFT,422.2897491598315,422.446963535343,418.7223444405752,421.3462829589844,17648500,-0.0022341678970995,-1
2024-03-22,BRK-B,413.0,414.3500061035156,411.3999938964844,411.6000061035156,2999600,-0.0033898157299863,-1
2024-03-22,JPM,188.8316208127196,190.22643876540545,186.48794789784623,186.56385803222656,8108800,-0.0120094440260202,-1
2024-03-22,AMZN,177.75,179.25999450683594,176.75,178.8699951171875,27995400,0.0063009570587201,1
2024-03-22,UNH,471.3461794016168,471.9458078403375,466.1777209542005,466.4632873535156,2847300,-0.0103594603318946,-1
2024-03-21,BRK-B,416.7000122070313,417.8299865722656,413.510009765625,413.7799987792969,3401600,-0.0070074714235516,-1
2024-03-21,AMZN,179.99000549316406,181.4199981689453,178.14999389648438,178.14999389648438,32824300,-0.0102228542725922,-1
2024-03-21,UNH,468.5667946283372,472.297980399216,467.6149647839595,468.0052185058594,3693400,-0.0011984974797953,-1
2024-03-21,JPM,186.4689586375457,189.2301152395076,186.2886739000261,188.8790435791016,11203800,0.0129248586958674,1
2024-03-21,MSFT,422.4174518440492,423.3903994195494,419.79351351352574,421.9653930664063,21296200,-0.0010701706941072,-1
2024-03-21,TSLA,176.38999938964844,178.17999267578125,171.8000030517578,172.82000732421875,73178000,-0.0202391976743733,-1
2024-03-21,META,510.7708458464034,511.0982766830888,502.1374165286128,503.8740234375,9712500,-0.0135027722607671,-1
2024-03-21,GOOGL,148.15626300736417,149.04834657827195,145.60884427485487,146.30270385742188,24755600,-0.0125108389771557,-1
2024-03-21,AAPL,175.29170540355622,175.7273381457555,169.1433707597941,169.66810607910156,106181300,-0.0320813772192359,-1
2024-03-20,AMZN,176.13999938964844,178.52999877929688,174.63999938964844,178.14999389648438,29947200,0.0114113461666905,1
2024-03-20,UNH,468.7476826404682,470.77508502103234,465.8636391399945,470.42291259765625,3548200,0.0035738415766694,1
2024-03-20,TSLA,173.0,176.25,170.82000732421875,175.66000366210938,83846700,0.0153757437116148,1
2024-03-20,META,495.6771461475813,504.3105740199144,491.3802985259637,501.6510620117188,11711100,0.012052030057401,1
2024-03-20,GOOGL,146.6991920761811,147.55163393242162,145.4502719669023,147.4326934814453,21311500,0.0050000371159733,1
2024-03-20,JPM,184.2581472510197,186.5069288762153,183.70780963606143,186.2886962890625,9367000,0.011020131637797,1
2024-03-20,AAPL,173.97494430389506,176.89564514160156,173.35119593354975,176.89564514160156,53423100,0.0167880544488331,1
2024-03-20,BRK-B,412.0199890136719,416.30999755859375,411.5499877929688,416.1099853515625,2932900,0.0099266939637603,1
2024-03-20,MSFT,414.722481090592,418.6141812833587,413.40559339888034,417.8967895507813,17860100,0.0076540544699719,1
2024-03-19,GOOGL,146.8577742962254,147.4822267241883,144.7960543185626,145.73770141601562,24070400,-0.0076269226166433,-1
2024-03-19,AAPL,172.6086342803731,174.85609525037736,171.31164624406932,174.33135986328125,55215200,0.0099805295956972,1
2024-03-19,BRK-B,409.0799865722656,412.1900024414063,408.0899963378906,411.760009765625,2795800,0.0065513427234992,1
2024-03-19,MSFT,410.62439098905713,414.3981955018545,408.3837114296865,414.1426696777344,19837900,0.0085681191032098,1
2024-03-19,TSLA,172.36000061035156,172.82000732421875,167.4199981689453,171.32000732421875,77271400,-0.0060338435974126,-1
2024-03-19,META,484.4338934404012,492.8291378968957,477.59661025996246,492.4421081542969,10903100,0.0165310784863176,1
2024-03-19,JPM,182.85382008443565,184.0114096532876,182.5406962541158,183.87857055664065,8478700,0.0056042059812138,1
2024-03-19,AMZN,174.22000122070312,176.08999633789062,173.52000427246094,175.89999389648438,26880900,0.0096429380324307,1
2024-03-19,UNH,466.0825285683147,469.670916592868,464.2930838290538,469.55670166015625,2511700,0.0074539869634533,1
2024-03-18,META,488.1452478161507,493.6130875886428,483.0842738072249,493.1764526367188,11755300,0.0103067782449517,1
2024-03-18,TSLA,170.02000427246094,174.72000122070312,165.89999389648438,173.8000030517578,108214400,0.0222326707699603,1
2024-03-18,MSFT,407.1061656227225,413.4744273628243,406.6442696787311,410.1232299804688,20106000,0.0074110013861647,1
2024-03-18,UNH,468.39550358157817,468.39550358157817,462.9510353453903,463.5887451171875,2970500,-0.0102621789228032,-1
2024-03-18,JPM,180.88022211160907,182.84434431154483,180.17806424275935,182.806396484375,9013800,0.0106488943361503,1
2024-03-18,BRK-B,408.7000122070313,410.6000061035156,406.0,408.4100036621094,3775700,-0.000709587805872,-1
2024-03-18,AMZN,175.8000030517578,176.69000244140625,174.27999877929688,174.47999572753906,31250700,-0.0075085739550876,-1
2024-03-18,GOOGL,147.30383769364138,150.81271727318136,145.8764917207178,146.3820037841797,69273700,-0.0062580440801474,-1
2024-03-18,AAPL,173.82641511894556,175.94516209588443,171.79677072295308,171.99478149414062,75604200,-0.0105371420307528,-1
2024-03-15,META,485.26750687316405,488.0659017670733,477.6164914217597,480.3950805664063,29153600,-0.0100407017526341,-1
2024-03-15,GOOGL,141.24752279739727,141.9215388042357,138.7992311922684,139.93911743164062,49475400,-0.0092632092927632,-1
2024-03-15,TSLA,163.16000366210938,165.17999267578125,160.75999450683594,163.57000732421875,97146800,0.0025128931901623,1
2024-03-15,UNH,463.9695227607753,467.55791123073766,463.9695227607753,467.17718505859375,5713500,0.006913519402593,1
2024-03-15,BRK-B,404.2699890136719,408.4599914550781,402.5,408.1300048828125,7548800,0.0095481138200691,1
2024-03-15,MSFT,412.0592710260042,415.31218703472393,405.67136478668334,409.23876953125,45079900,-0.0068448926964593,-1
2024-03-15,JPM,176.94247512959424,181.17437477098684,176.94247512959424,180.56710815429688,17214200,0.0204848102302622,1
2024-03-15,AMZN,176.63999938964844,177.92999267578125,173.89999389648438,174.4199981689453,72147400,-0.0125679417367186,-1
2024-03-15,AAPL,169.47011882986197,170.9057159423828,168.59885322457814,170.9057159423828,121752700,0.0084710928536146,1
2024-03-14,BRK-B,409.0799865722656,409.0799865722656,403.3399963378906,406.7300109863281,3734700,-0.0057445381418637,-1
2024-03-14,TSLA,167.77000427246094,171.1699981689453,160.50999450683594,162.5,126325700,-0.0314120768805749,-1
2024-03-14,GOOGL,139.9490536613269,142.3279535040784,139.22547402056372,141.84226989746094,42753400,0.0135278959493043,1
2024-03-14,META,496.43139354764975,497.5130478682387,484.4239918472469,488.0658874511719,12620000,-0.0168512833902292,-1
2024-03-14,JPM,181.25977148114708,181.82909027874695,177.53077823984108,178.3562774658203,10310900,-0.0160184137473039,-1
2024-03-14,AMZN,177.69000244140625,179.52999877929688,176.47000122070312,178.75,43705800,0.005965431617028,1
2024-03-14,AAPL,171.1928493122845,172.57893998999515,170.34138929390355,171.28195190429688,72913500,0.0005204808049538,1
2024-03-14,UNH,465.178282506762,466.09203102366126,461.8183243194507,465.4447937011719,3378500,0.0005729226931525,1
2024-03-14,MSFT,412.99286375239626,420.4421618629372,410.7816654727546,417.8869934082031,34157300,0.0118503976348149,1
2024-03-13,GOOGL,137.7782905156126,139.84991729704038,137.7683838532644,138.56134033203125,23347200,0.0056834049362073,1
2024-03-13,BRK-B,405.2999877929688,409.0,404.1499938964844,408.1300048828125,3584600,0.00698252448823,1
2024-03-13,UNH,469.74710229482906,472.10765100698006,461.95161274976107,464.4930114746094,3669000,-0.0111849350311096,-1
2024-03-13,META,491.59866756926175,497.1458822287544,487.2720200219319,491.77728271484375,12090700,0.000363335292313,1
2024-03-13,TSLA,173.0500030517578,176.0500030517578,169.14999389648438,169.47999572753906,106524500,-0.0206299177189323,-1
2024-03-13,JPM,180.62403702226987,181.92396372942363,180.1306283720305,181.5918731689453,7795500,0.0053582909707422,1
2024-03-13,AMZN,175.89999389648438,177.6199951171875,175.5500030517578,176.55999755859375,30772600,0.0037521528425849,1
2024-03-13,AAPL,171.05423942259554,171.4700666239107,169.06419090034882,169.43052673339844,52488700,-0.0094923849574149,-1
2024-03-13,MSFT,410.88976201717287,410.968369200055,404.35444900675975,407.9414978027344,17115900,-0.0071753168050832,-1
2024-03-12,UNH,464.6167509362462,468.5668393579828,463.8743247486609,465.7779846191406,4153800,0.0024993366695333,1
2024-03-12,META,489.4849420704056,498.4656675759742,481.02022594568126,495.9252624511719,15448200,0.0131573411707524,1
2024-03-12,BRK-B,406.7799987792969,407.2000122070313,404.1000061035156,404.9800109863281,2616700,-0.0044249663168551,-1
2024-03-12,JPM,179.2861501186988,180.4342710440802,178.2993472849781,180.13063049316406,5708400,0.0047102376502934,1
2024-03-12,GOOGL,135.8256184588143,138.1549699529064,135.8256184588143,137.28269958496094,27563400,0.0107275869065044,1
2024-03-12,AAPL,171.43043622416553,172.30170175265368,169.3116892312768,171.5096435546875,59825400,0.0004620377353435,1
2024-03-12,AMZN,173.5,176.75999450683594,171.97999572753906,175.38999938964844,36610600,0.0108933682400486,1
2024-03-12,MSFT,400.5904729541975,408.4033849510457,399.77479973523793,408.1183776855469,22457000,0.0187920213774283,1
2024-03-12,TSLA,177.77000427246094,179.42999267578125,172.41000366210938,177.5399932861328,87391700,-0.001293868373742,-1
2024-03-11,META,493.206190107269,493.5138151285209,472.3569784877546,479.8888854980469,20428300,-0.0270014952698093,-1
2024-03-11,AMZN,174.30999755859375,174.47000122070312,171.47000122070312,171.9600067138672,28484800,-0.0134816756218278,-1
2024-03-11,TSLA,175.4499969482422,182.8699951171875,174.8000030517578,177.77000427246094,85391500,0.0132231824712037,1
2024-03-11,GOOGL,134.93350327450352,137.877399954622,134.93350327450352,136.4599609375,32437800,0.0113126660610827,1
2024-03-11,BRK-B,403.2999877929688,405.010009765625,402.739990234375,404.760009765625,2431700,0.0036201884871014,1
2024-03-11,JPM,177.70152818428755,178.80220324195415,176.69574439925185,178.6598663330078,5762600,0.0053929651506789,1
2024-03-11,UNH,454.0228878407399,466.691742198614,453.07105788719537,465.5876159667969,4410100,0.0254716853175772,1
2024-03-11,MSFT,396.7971025481086,398.68397503984977,394.34021545583295,397.5439758300781,16120800,0.0018822548783076,1
2024-03-11,AAPL,171.22253935977105,172.64824117092596,170.34137853305091,171.034423828125,60139500,-0.001098661031132,-1
2024-03-08,JPM,178.80222458380084,180.71891558839317,178.3088159683026,178.59347534179688,6172200,-0.0011674868279176,-1
2024-03-08,AAPL,167.32166963491963,171.9749911536114,167.26226790901475,169.03448486328125,76267000,0.0102366611096986,1
2024-03-08,UNH,455.2887566819859,460.9236021416415,451.9002447597918,453.6135559082031,4673600,-0.0036794248687166,-1
2024-03-08,BRK-B,401.0799865722656,403.3599853515625,400.010009765625,403.1499938964844,3410600,0.0051610835581938,1
2024-03-08,TSLA,181.5,182.72999572753903,174.6999969482422,175.33999633789062,85544600,-0.0339394141163051,-1
2024-03-08,MSFT,400.92464441897226,403.3422428484954,397.3572396553584,399.2146606445313,18002200,-0.0042651001834001,-1
2024-03-08,AMZN,176.44000244140625,178.7899932861328,174.3300018310547,175.35000610351562,37893200,-0.0061777166334635,-1
2024-03-08,META,510.254715842795,519.5629320729014,495.52829549517,502.0777893066406,18597100,-0.0160251856225344,-1
2024-03-08,GOOGL,133.03038365770627,136.87627056964266,132.82222277313073,134.21983337402344,39370400,0.0089411883482023,1
2024-03-07,MSFT,399.1164116200485,402.713298120837,395.3033178435415,402.0843505859375,18718500,0.0074362739278045,1
2024-03-07,BRK-B,406.1099853515625,406.3999938964844,399.5700073242188,402.3900146484375,4181300,-0.0091600079714973,-1
2024-03-07,AMZN,174.8300018310547,177.99000549316406,173.72000122070312,176.82000732421875,34063300,0.0113825171442089,1
2024-03-07,META,499.42823746816646,515.8713989915751,497.5427848270461,508.2700500488281,18586400,0.0177038699803697,1
2024-03-07,TSLA,174.35000610351562,180.0399932861328,173.6999969482422,178.64999389648438,102129000,0.0246629632488555,1
2024-03-07,AAPL,167.47019012011697,169.03450118476172,166.81675596481475,167.32168579101562,71765100,-0.0008867508241008,-1
2024-03-07,UNH,449.3958230857531,456.2126101430196,449.0165918909432,453.9277038574219,5102000,0.0100843856103309,1
2024-03-07,JPM,180.19703992745505,180.75686085108097,177.08479697238374,178.26136779785156,7618300,-0.010741975175523,-1
2024-03-07,GOOGL,131.6228467340528,133.75395856347797,130.45322550531313,133.19888305664062,37738200,0.011973881143691,1
2024-03-06,META,493.8214657207925,499.120593170195,490.50703156108455,492.2932434082031,11757900,-0.0030946858706491,-1
2024-03-06,AMZN,175.5399932861328,176.4600067138672,173.25999450683594,173.50999450683594,32090900,-0.0115643093137638,-1
2024-03-06,BRK-B,402.1799926757813,407.4400024414063,401.7000122070313,403.9599914550781,3839100,0.0044258760050548,1
2024-03-06,TSLA,179.99000549316406,181.5800018310547,173.6999969482422,176.5399932861328,107920900,-0.0191677987762619,-1
2024-03-06,AAPL,169.36121186741923,169.53943215491887,167.00484265804033,167.4404754638672,68587700,-0.0113410643580871,-1
2024-03-06,UNH,449.81299865457135,454.8947604607518,443.887420652876,448.0685119628906,5577500,-0.0038782487320255,-1
2024-03-06,MSFT,396.02071283324057,398.1729482982256,391.5197089331465,395.1558837890625,22344100,-0.0021837975039003,-1
2024-03-06,JPM,179.570778102442,180.3488460192698,178.0336378978686,179.83645629882812,7572900,0.0014795179883586,1
2024-03-06,GOOGL,131.94997037211849,132.4059339725702,129.6999328564518,130.24508666992188,35318600,-0.0129206827207962,-1
2024-03-05,BRK-B,402.5499877929688,403.3299865722656,398.7799987792969,400.739990234375,4711700,-0.0044963299303952,-1
2024-03-05,JPM,176.82859124567665,179.61822683416162,176.82859124567665,178.90658569335938,6617800,0.011751461870754,1
2024-03-05,AMZN,176.92999267578125,176.92999267578125,173.3000030517578,174.1199951171875,37228300,-0.0158819740853264,-1
2024-03-05,MSFT,406.8211614689715,407.1061687535314,393.7308905561475,395.7062072753906,26919200,-0.0273214750025451,-1
2024-03-05,AAPL,169.0641855800497,170.33147275577412,167.93550746706842,168.4305419921875,95132400,-0.0037479468859013,-1
2024-03-05,META,491.2115858850194,491.7871336101802,484.1560158240896,486.4681701660156,15325300,-0.0096565631904987,-1
2024-03-05,TSLA,183.0500030517578,184.58999633789065,177.57000732421875,180.7400054931641,119660800,-0.0126194893203066,-1
2024-03-05,UNH,457.3502669566147,457.8337743638038,446.1912018614865,448.5898742675781,5296200,-0.0191546683624601,-1
2024-03-05,GOOGL,130.72087171210643,132.06891886657937,129.5215001124862,131.50392150878906,40194800,0.0059902430761568,1
2024-03-04,AMZN,177.52999877929688,180.13999938964844,177.49000549316406,177.5800018310547,37381500,0.0002816597313222,1
2024-03-04,BRK-B,405.0,405.9500122070313,401.4299926757813,403.3900146484375,4179400,-0.0039752724729938,-1
2024-03-04,META,499.1503515840117,500.5594971142455,492.62072412682585,494.3771667480469,12324100,-0.0095626194007827,-1
2024-03-04,MSFT,406.3101300793095,410.1527047870807,405.2094495475142,407.7646179199219,17596000,0.0035797479140588,1
2024-03-04,UNH,458.15618181918535,461.75895045420407,455.1791866005785,456.8572998046875,5239800,-0.0028350201657007,-1
2024-03-04,GOOGL,134.46765773338635,134.46765773338635,130.7506173169925,132.17796325683594,55999400,-0.0170278453209194,-1
2024-03-04,JPM,175.26298666271404,177.99567880021087,174.84548820991387,177.13221740722656,7063600,0.0106652909442298,1
2024-03-04,AAPL,174.40064432483445,175.14319605787904,172.06408093389737,173.361083984375,81510100,-0.0059607597465247,-1
2024-03-04,TSLA,198.72999572753903,199.75,186.72000122070312,188.13999938964844,134334900,-0.0532883639388269,-1
2024-03-01,AMZN,176.75,178.72999572753906,176.07000732421875,178.22000122070312,31981200,0.0083168385895509,1
2024-03-01,UNH,464.015413661316,464.5842459772356,452.47711596199696,464.1196899414063,7315000,0.0002247258970719,1
2024-03-01,AAPL,177.76690051629518,178.73716395290236,175.61845249589473,177.8758087158203,73563100,0.0006126461068333,1
2024-03-01,MSFT,404.1775917906704,408.6982702714908,403.7943329800158,408.3346557617188,17823400,0.0102852410808596,1
2024-03-01,META,488.34367413066025,500.3907764734073,488.0856846060254,498.4556884765625,16273600,0.0207067581327913,1
2024-03-01,GOOGL,137.21328646339086,137.6494215802847,135.71656378920932,135.93463134765625,31151100,-0.0093187412727393,-1
2024-03-01,JPM,176.20235797152844,176.90451583340356,175.6330536993716,175.81332397460938,6311800,-0.0022078819000931,-1
2024-03-01,TSLA,200.5200042724609,204.5200042724609,198.5,202.63999938964844,82243100,0.0105724868941599,1
2024-03-01,BRK-B,409.4800109863281,410.3900146484375,405.4500122070313,407.1099853515625,3282100,-0.0057878909132996,-1
2024-02-29,META,484.70180744595217,487.9368672645416,478.9164094303033,486.3788757324219,17732000,0.003460000067478,1
2024-02-29,UNH,472.6241019618487,475.7054025262941,466.0822696271081,467.97845458984375,6833200,-0.0098294762216336,-1
2024-02-29,GOOGL,136.07342061463353,137.6395355304316,135.20115025022022,137.24305725097656,42133000,0.0085956289704474,1
2024-02-29,AMZN,173.00999450683594,177.22000122070312,172.85000610351562,176.75999450683594,53805400,0.0216750483732997,1
2024-02-29,MSFT,401.592939818844,407.0570541612983,398.9198455368932,406.5067138671875,31947300,0.0122357082536364,1
2024-02-29,BRK-B,413.1000061035156,413.7900085449219,408.3800048828125,409.3999938964844,4845200,-0.008956698504875,-1
2024-02-29,AAPL,179.46984202762675,180.75693496542868,177.74711623943745,178.9550018310547,136682600,-0.0028686724786486,-1
2024-02-29,TSLA,204.17999267578125,205.27999877929688,198.4499969482422,201.8800048828125,85907000,-0.0112645110954672,-1
2024-02-29,JPM,176.16439390725577,176.89500171310078,174.4469689552258,176.54393005371094,9643000,0.0021544430065418,1
2024-02-28,BRK-B,408.5,414.6700134277344,407.7099914550781,412.1400146484375,4067400,0.0089106845738984,1
2024-02-28,MSFT,401.1408710933735,402.241551736694,398.3302065928444,400.6888122558594,13183100,-0.0011269328809153,-1
2024-02-28,AAPL,180.6975189384851,181.30146173701144,178.34116458472795,179.61834716796875,48953900,-0.0059722556062528,-1
2024-02-28,TSLA,200.4199981689453,205.3000030517578,198.44000244140625,202.0399932861328,99806200,0.0080830013570897,1
2024-02-28,META,481.2881234084936,487.29180850441577,479.0553434545367,480.3156127929688,12715500,-0.0020206412089239,-1
2024-02-28,UNH,469.722887442161,472.67144083316725,459.2464782972862,472.41546630859375,9558600,0.005732270958937,1
2024-02-28,JPM,174.04845112073724,175.7279283839972,173.60250262820136,174.9498748779297,6131600,0.0051791541458023,1
2024-02-28,GOOGL,136.6879649944579,136.79699878882042,134.21985975111554,135.18133544921875,37328600,-0.011022400877065,-1
2024-02-28,AMZN,172.44000244140625,174.0500030517578,172.27000427246094,173.16000366210938,28180500,0.0041753723643548,1
2024-02-27,GOOGL,136.8069057229925,138.02609065509074,135.8850719026194,137.6593475341797,33099200,0.0062309852465578,1
2024-02-27,META,476.3065504938936,483.5407356847416,476.2470121182993,483.3224182128906,10809600,0.014729731748854,1
2024-02-27,MSFT,400.9541264549498,401.2784523382821,396.88553712565647,400.4529418945313,14835800,-0.0012499798040483,-1
2024-02-27,JPM,173.9346047290859,174.15283732137044,172.91933742537933,174.06744384765625,5717100,0.0007637302466479,1
2024-02-27,UNH,497.5209545582928,498.3078874174168,485.4706798677403,486.7695617675781,3780600,-0.0216099295762525,-1
2024-02-27,TSLA,204.0399932861328,205.6000061035156,198.25999450683597,199.72999572753903,108645400,-0.021123297884791,-1
2024-02-27,BRK-B,409.2099914550781,409.9599914550781,401.7099914550781,408.9100036621094,4609100,-0.0007330900985629,-1
2024-02-27,AAPL,179.3014951345761,182.0934817527884,177.77678047240937,180.81629943847656,54318900,0.0084483640404867,1
2024-02-27,AMZN,174.0800018310547,174.6199951171875,172.86000061035156,173.5399932861328,31141700,-0.0031020711123725,-1
2024-02-26,GOOGL,140.89069563143732,141.18806188186093,136.18244456120365,136.36087036132812,53641800,-0.0321513443439798,-1
2024-02-26,BRK-B,422.0,430.0,408.8500061035156,409.1400146484375,7432300,-0.0304738989373518,-1
2024-02-26,UNH,500.8962490063124,505.1531751785087,497.0943887280064,498.0519714355469,2308900,-0.0056783766626482,-1
2024-02-26,AMZN,175.6999969482422,176.3699951171875,174.25999450683594,174.72999572753906,44368600,-0.0055207810902174,-1
2024-02-26,MSFT,404.3642838981377,405.05222425854834,400.3349831970826,400.5119018554688,16193500,-0.0095270086802211,-1
2024-02-26,JPM,174.3520932485434,175.02578661879247,173.1470434344582,173.98204040527344,7145400,-0.0021224456579506,-1
2024-02-26,META,479.7698406915825,482.41941959747976,476.9218106241904,478.0530700683594,12101400,-0.003578321264939,-1
2024-02-26,TSLA,192.2899932861328,201.77999877929688,192.0,199.3999938964844,111747100,0.0369754062020881,1
2024-02-26,AAPL,180.43019254491847,180.9450175834942,178.85597124394113,179.3609161376953,40867400,-0.0059262609663122,-1
2024-02-23,GOOGL,142.40724256933106,143.40835995334845,142.16934655124388,142.6947021484375,19493800,0.0020185741533931,1
2024-02-23,TSLA,195.30999755859372,197.57000732421875,191.5,191.97000122070312,78841900,-0.017101000356567,-1
2024-02-23,AAPL,183.17267506039363,183.20237592421452,180.42028422645075,180.70741271972656,45119700,-0.0134586795757295,-1
2024-02-23,AMZN,174.27999877929688,175.75,173.6999969482422,174.99000549316406,59715200,0.004073942614415,1
2024-02-23,JPM,174.40901731437765,175.72792504973566,173.82073190790015,174.57981872558594,7105800,0.0009793152546717,1
2024-02-23,META,484.3148150393008,490.57652055497664,478.6584567835847,480.3255920410156,18374300,-0.0082368386727163,-1
2024-02-23,MSFT,408.5017108463529,408.6884066709004,401.9172415297094,403.26361083984375,16295900,-0.0128227125307667,-1
2024-02-23,UNH,499.407666887582,502.96301335332186,496.9520821337789,499.8722229003906,2502000,0.000930214018747,1
2024-02-23,BRK-B,417.6799926757813,420.55999755859375,416.5199890136719,417.2200012207031,4015600,-0.0011013011471564,-1
2024-02-22,META,476.5645485214587,486.2399284201976,472.41654676636847,482.4094848632813,21625800,0.0122647317345708,1
2024-02-22,AMZN,173.10000610351562,174.8000030517578,171.77000427246094,174.5800018310547,55392400,0.0085499461314519,1
2024-02-22,UNH,496.9900229411184,499.39815668526825,491.6712387296613,499.1706237792969,3186800,0.0043876149168427,1
2024-02-22,MSFT,403.1162117164581,405.7106689082216,401.5241536683513,404.551025390625,27009900,0.0035593053131192,1
2024-02-22,AAPL,181.6578711029192,183.1231842228548,180.64801151557128,182.53903198242188,52292200,0.0048506617090293,1
2024-02-22,TSLA,194.0,198.32000732421875,191.3600006103516,197.41000366210935,92739500,0.0175773384644813,1
2024-02-22,GOOGL,143.6561760762736,143.7255680931289,141.54490732630646,142.8235626220703,27191900,-0.0057958764944516,-1
2024-02-22,JPM,172.52081000181218,174.0389691999663,171.970472406029,173.70687866210938,9296500,0.0068749309737459,1
2024-02-22,BRK-B,411.2999877929688,416.260009765625,411.0,415.1600036621094,3687600,0.0093849160799965,1
2024-02-21,GOOGL,140.20675080076072,141.43585751636738,139.44351432516038,141.29708862304688,23223300,0.0077766428225383,1
2024-02-21,AAPL,180.13318356154335,181.07374623255757,178.8658962581704,180.5094146728516,41371400,0.0020886274470337,1
2024-02-21,META,462.9297697302896,465.4106366634636,458.2558249077151,464.4480590820313,12921800,0.0032797401485462,1
2024-02-21,JPM,170.7464331647667,171.73325035019496,169.38957763277347,171.64784240722656,7024000,0.0052792273651187,1
2024-02-21,BRK-B,408.260009765625,409.4800109863281,406.7000122070313,409.25,2717600,0.0024249013145895,1
2024-02-21,TSLA,193.3600006103516,199.44000244140625,191.9499969482422,194.7700042724609,103500300,0.0072921165580193,1
2024-02-21,UNH,496.4874703611435,496.5064507242586,490.6756600285066,494.8757019042969,2095900,-0.0032463426633389,-1
2024-02-21,AMZN,168.94000244140625,170.22999572753906,167.13999938964844,168.58999633789062,44420100,-0.0020717775450312,-1
2024-02-21,MSFT,393.2689765841808,395.3524118295115,390.3698381114288,395.2442932128906,18518900,0.0050228132558709,1
2024-02-20,UNH,496.9995759593103,498.0993377662036,492.4486857966522,494.0130615234375,2600200,-0.0060090884989352,-1
2024-02-20,TSLA,196.1300048828125,198.6000061035156,189.1300048828125,193.75999450683597,104545800,-0.012083874557555,-1
2024-02-20,BRK-B,406.4700012207031,411.1099853515625,406.05999755859375,407.1499938964844,3530700,0.0016729221682759,1
2024-02-20,META,465.63101374806274,472.034769947958,462.4985184214602,467.6433410644531,18015500,0.004321720969985,1
2024-02-20,JPM,170.02531392720303,171.2303637188881,169.28520825442058,170.53768920898438,9668000,0.0030135235156849,1
2024-02-20,AAPL,179.984623854957,180.6182673648721,178.21240712023044,179.7569122314453,53665600,-0.0012651726499436,-1
2024-02-20,AMZN,167.8300018310547,168.7100067138672,165.74000549316406,167.0800018310547,41980300,-0.0044688076733442,-1
2024-02-20,MSFT,396.28606324841394,397.5145068330212,391.1462744848481,395.8438415527344,24307900,-0.00111591533665,-1
2024-02-20,GOOGL,138.432479628036,140.83120752749184,138.26397563661223,139.879638671875,25144700,0.0104538981583475,1
2024-02-16,GOOGL,141.7332189292563,141.9314580380152,138.90826247425002,139.28492736816406,31468900,-0.017273943113606,-1
2024-02-16,AAPL,181.5984584212064,183.0142649801448,179.86583763061847,180.49948120117188,49752500,-0.0060516880461919,-1
2024-02-16,AMZN,168.74000549316406,170.4199981689453,167.1699981689453,169.50999450683594,48107700,0.0045631681202183,1
2024-02-16,BRK-B,404.4400024414063,406.739990234375,402.5899963378906,405.989990234375,3532200,0.003832429491673,1
2024-02-16,META,473.9479877976202,474.7905945088787,465.12546928119934,469.19970703125,23324600,-0.0100185693127106,-1
2024-02-16,UNH,495.1886388656023,496.60128725412886,491.9556693088846,494.4775695800781,2135500,-0.0014359563804878,-1
2024-02-16,MSFT,400.92465682975353,401.2489827226472,396.48261574205486,397.0919189453125,22296500,-0.0095597460000284,-1
2024-02-16,JPM,170.42382695213206,170.77489862748652,169.04799026069725,169.8734893798828,8152600,-0.0032292290467331,-1
2024-02-16,TSLA,202.05999755859372,203.1699981689453,197.3999938964844,199.9499969482422,111346700,-0.0104424459855776,-1
2024-02-15,MSFT,401.1015670196542,402.0744846951828,397.3179549607251,399.5487976074219,21825500,-0.0038712623931391,-1
2024-02-15,JPM,167.1407907162721,170.9931539074644,167.1407907162721,170.6705322265625,8723400,0.021118372691453,1
2024-02-15,META,471.142666911339,484.3665380343901,468.1093067569019,479.8164978027344,24212300,0.0184102003502638,1
2024-02-15,AAPL,181.727184392981,182.6578517542401,179.54903541760635,182.0341033935547,65434500,0.0016888997735747,1
2024-02-15,TSLA,189.16000366210935,200.8800048828125,188.8600006103516,200.4499969482422,120831800,0.0596848861681128,1
2024-02-15,AMZN,170.5800018310547,171.1699981689453,167.58999633789062,169.8000030517578,49855200,-0.0045726273357025,-1
2024-02-15,GOOGL,141.88191038487835,142.25857532101722,139.22547275543386,141.51516723632812,37590700,-0.0025848478326474,-1
2024-02-15,UNH,490.48615042628353,494.6672124722496,489.0260510872414,493.8423767089844,2292100,0.0068426524985138,1
2024-02-15,BRK-B,399.1400146484375,404.2699890136719,398.2999877929688,403.4500122070313,3076000,0.0107982096517934,1
2024-02-14,UNH,488.51411473781707,491.6143955013302,487.59443498989793,490.1069030761719,1918500,0.0032604755733816,1
2024-02-14,JPM,166.11602396443158,167.09334329239704,165.49925963075256,167.02691650390625,7056700,0.0054834718393555,1
2024-02-14,META,463.85654023732536,469.98273446755104,462.0325615467039,469.1599731445313,16858400,0.0114333472683008,1
2024-02-14,BRK-B,395.1499938964844,398.8599853515625,393.5499877929688,398.6799926757813,2669200,0.008933313510873,1
2024-02-14,GOOGL,144.796071759894,145.23220692064015,142.82355687367422,144.6573028564453,22704200,-0.0009583747802136,-1
2024-02-14,TSLA,185.3000030517578,188.88999938964844,183.3500061035156,188.7100067138672,81203000,0.0184026098540154,1
2024-02-14,AAPL,183.4796068721132,183.6875129162611,180.6282031229016,182.3212127685547,54630500,-0.0063134760494986,-1
2024-02-14,AMZN,169.2100067138672,171.2100067138672,168.27999877929688,170.97999572753906,42815500,0.0104603093401261,1
2024-02-14,MSFT,401.03278856568113,402.7722538955099,397.5931465072421,402.4282836914063,20401200,0.003479753191045,1
2024-02-13,MSFT,397.22210279914685,402.2543330422321,395.70165679054304,398.5758056640625,27824900,0.0034079243208682,1
2024-02-13,GOOGL,143.6462512860247,145.3808699923918,142.42706637302987,143.86431884765625,27837700,0.0015180873825753,1
2024-02-13,META,452.892885158852,463.8169740536251,451.1283814896447,456.1145935058594,20916600,0.0071136210185271,1
2024-02-13,AAPL,183.9251386304961,184.3607714461939,181.68757282391297,183.20237731933597,56529500,-0.0039296494026961,-1
2024-02-13,JPM,166.35324093999716,167.21668785869485,163.79132123629455,165.34744262695312,8397600,-0.0060461600108339,-1
2024-02-13,AMZN,167.72999572753906,170.9499969482422,165.75,168.63999938964844,56345100,0.0054254080086401,1
2024-02-13,BRK-B,397.1799926757813,399.7099914550781,392.1000061035156,394.7999877929688,3458500,-0.0059922577337758,-1
2024-02-13,TSLA,183.9900054931641,187.25999450683597,182.1100006103516,184.0200042724609,86759500,0.0001630457003165,1
2024-02-13,UNH,494.9041828893714,499.5782710059578,487.5185646703126,490.021484375,3436000,-0.0098659471533763,-1
2024-02-12,AAPL,186.54880424779185,186.796321504533,184.9349868995182,185.2914123535156,41781900,-0.0067402838594775,-1
2024-02-12,TSLA,192.1100006103516,194.72999572753903,187.27999877929688,188.1300048828125,95498600,-0.0207172750762284,-1
2024-02-12,MSFT,412.54443290280494,412.72099505038886,406.84516963028506,407.345458984375,21202900,-0.0126022156737109,-1
2024-02-12,META,464.1143958268208,474.9789802603111,462.51839518929904,464.8182067871094,19382000,0.0015164600939273,1
2024-02-12,BRK-B,398.6499938964844,399.4800109863281,396.1900024414063,397.7099914550781,2817900,-0.0023579642689028,-1
2024-02-12,GOOGL,147.11549911454978,148.02741119835667,146.07472479210762,146.2333221435547,21564100,-0.0059964923907044,-1
2024-02-12,AMZN,174.8000030517578,175.38999938964844,171.5399932861328,172.33999633789062,51050400,-0.0140732647077745,-1
2024-02-12,UNH,491.3203596775287,492.0504092596379,486.19120584038416,490.7705078125,3194000,-0.0011191310398567,-1
2024-02-12,JPM,165.84085611158963,167.76703037532326,164.81609109548293,166.7991943359375,8539300,0.0057786618256663,1
2024-02-09,UNH,492.0504537007805,493.3778061759612,489.4905927083413,491.3204040527344,2715400,-0.001483688598507,-1
2024-02-09,JPM,166.04959869496852,166.14448997128747,164.78762000748162,166.05908203125,6296700,5.711146763382181e-05,1
2024-02-09,AMZN,170.89999389648438,175.0,170.5800018310547,174.4499969482422,56986000,0.020772400108499,1
2024-02-09,TSLA,190.17999267578125,194.1199951171875,189.47999572753903,193.57000732421875,84476300,0.0178252959248809,1
2024-02-09,BRK-B,397.30999755859375,398.3599853515625,395.8200073242188,398.3599853515625,2509800,0.0026427419380855,1
2024-02-09,META,468.8329280456372,469.4673410411531,463.4006211841716,464.0350341796875,18413100,-0.0102336964384093,-1
2024-02-09,AAPL,186.7765224417052,188.10322646586076,186.1329835945197,186.97454833984372,45155200,0.001060229067068,1
2024-02-09,GOOGL,145.3907830102507,148.12653431225093,144.89517764390865,147.69039916992188,26829500,0.0158167946554703,1
2024-02-09,MSFT,407.3356331031592,412.799480086422,407.17867899598485,412.53460693359375,22032800,0.0127633661480283,1
2024-02-08,META,464.2432012847288,466.4934296544483,460.9818328288404,465.9085693359375,18815100,0.0035872750459242,1
2024-02-08,TSLA,189.0,191.6199951171875,185.5800018310547,189.55999755859372,83034000,0.0029629500454695,1
2024-02-08,MSFT,406.15849214322577,407.6397222062839,404.6674730294275,406.2173461914063,21225300,0.0001449041428874,1
2024-02-08,JPM,166.04961611663302,166.34375883435635,164.69276048884402,165.85984802246094,6060300,-0.001142839704241,-1
2024-02-08,AAPL,187.2702199788289,187.418535043408,185.2530596605407,186.2122039794922,40962000,-0.005649675636929,-1
2024-02-08,AMZN,169.64999389648438,171.42999267578125,168.8800048828125,169.83999633789062,42316500,0.0011199672752253,1
2024-02-08,UNH,493.60527173575247,495.0558227844626,490.4291858515418,493.0933227539063,3343000,-0.001037162711099,-1
2024-02-08,BRK-B,397.2200012207031,398.6499938964844,394.8500061035156,397.489990234375,3357700,0.0006796964222399,1
2024-02-08,GOOGL,144.54824955155473,145.0438548719161,143.8246700187359,144.62754821777344,22563800,0.0005485965168358,1
2024-02-07,JPM,166.7043226284831,166.87510956386498,165.062807676568,166.45761108398438,7225500,-0.0014799348967606,-1
2024-02-07,AAPL,188.50622203381667,188.91163664571195,186.49894443287428,187.2899932861328,53439000,-0.0064519289313732,-1
2024-02-07,TSLA,188.17999267578125,189.7899932861328,182.67999267578125,187.5800018310547,111535200,-0.0031883880756669,-1
2024-02-07,AMZN,169.47999572753906,170.8800048828125,168.94000244140625,170.52999877929688,47174100,0.0061954394514254,1
2024-02-07,MSFT,399.6744742384372,406.4037129539298,399.6352282290594,406.1584777832031,22340500,0.0162232115451478,1
2024-02-07,BRK-B,394.6000061035156,399.1499938964844,394.3599853515625,397.6600036621094,3426800,0.0077546819849542,1
2024-02-07,GOOGL,143.4876448849679,144.3400866289689,142.66493824979582,144.2607879638672,25208900,0.0053882205643497,1
2024-02-07,META,454.0130625295491,467.4153586375469,452.20889855772646,465.5021667480469,23066000,0.0253056688600232,1
2024-02-07,UNH,487.3290065554428,493.9561634824129,486.077517584925,492.42974853515625,4109100,0.0104667317379006,1
2024-02-06,TSLA,177.2100067138672,186.4900054931641,177.11000061035156,185.1000061035156,122676000,0.0445234416270185,1
2024-02-06,BRK-B,390.2900085449219,393.9299926757813,390.0,393.739990234375,2573400,0.0088395337157498,1
2024-02-06,GOOGL,143.37861935248668,144.08238559279584,141.93146022405054,142.83346557617188,29128200,-0.0038021971391325,-1
2024-02-06,JPM,165.6795566137463,166.8751085895703,164.87302414792433,166.14450073242188,6764800,0.0028062853871555,1
2024-02-06,AAPL,184.76853636353556,187.19111127921155,184.67954732588265,187.1812286376953,43490800,0.0130579173361679,1
2024-02-06,UNH,477.78171143048064,484.4183585785749,476.3690629391016,484.1623840332031,2745400,0.0133547861922523,1
2024-02-06,MSFT,398.14423897907153,400.1944015675409,395.23084373526007,397.76165771484375,18382600,-0.0009609112145106,-1
2024-02-06,AMZN,169.38999938964844,170.7100067138672,167.64999389648438,169.14999389648438,42505500,-0.001416881126565,-1
2024-02-06,META,459.960873984456,463.0537095036991,449.0566291270659,450.76165771484375,21655200,-0.0199999973691743,-1
2024-02-05,MSFT,402.087638647816,403.3236336682533,396.29027477301287,397.9186401367188,25352300,-0.0103683826867127,-1
2024-02-05,UNH,483.4892167165704,487.5091483711587,474.0936170841752,476.8525695800781,3646300,-0.0137265670195552,-1
2024-02-05,JPM,164.9679134968324,166.13500096991308,164.07598757427212,165.57518005371094,7820200,0.0036811192189212,1
2024-02-05,TSLA,184.25999450683597,184.67999267578125,175.00999450683594,181.05999755859372,134294400,-0.017366748310217,-1
2024-02-05,GOOGL,141.5647181011037,144.19142038150497,141.52506120365902,142.41714477539062,38505400,0.0060214627325303,1
2024-02-05,AMZN,170.1999969482422,170.5500030517578,167.6999969482422,170.30999755859375,55081300,0.0006463020700582,1
2024-02-05,AAPL,186.0440863383638,187.1317803970082,183.75994390321247,185.579345703125,69668800,-0.0024980134783406,-1
2024-02-05,BRK-B,389.9500122070313,393.3699951171875,389.2900085449219,390.760009765625,3651900,0.0020771830574112,1
2024-02-05,META,465.7896560115249,467.7920608341348,455.2224486665479,455.4107971191406,40832400,-0.0222822872050372,-1
2024-02-02,META,455.5991209834184,481.729638815924,449.0664915252919,470.8551330566406,84707600,0.0334856047138368,1
2024-02-02,JPM,164.4365557087008,166.82767409091414,164.39859340512308,165.7934112548828,8607600,0.0082515444350809,1
2024-02-02,GOOGL,138.03598318915266,141.36645142167342,135.30024736856095,141.12857055664062,62499600,0.0224042115399007,1
2024-02-02,AAPL,177.84690500460306,185.23329771545795,177.2437318686429,183.76986694335935,102551700,0.0333037110688151,1
2024-02-02,MSFT,396.11370188933375,404.7852149654356,395.8684666894352,403.3824768066406,28256700,0.0183502233894893,1
2024-02-02,BRK-B,386.6799926757813,392.0700073242188,386.4400024414063,390.75,3806800,0.0105255182613787,1
2024-02-02,AMZN,169.19000244140625,172.5,167.3300018310547,171.80999755859375,117218300,0.0154855197079085,1
2024-02-02,TSLA,185.0399932861328,188.69000244140625,182.0,187.91000366210935,110612700,0.0155102166024108,1
2024-02-02,UNH,481.8679449223011,486.286029885505,479.1564146441598,483.74517822265625,3804500,0.0038957422259284,1
2024-02-01,MSFT,394.1714429462631,400.2238610760148,394.1420159186215,396.0842895507813,30657700,0.0048528289878649,1
2024-02-01,UNH,482.4178623940412,483.7357247706532,476.890496212412,480.8156127929688,4242600,-0.003321289956224,-1
2024-02-01,JPM,164.75916524911648,165.8977882402984,162.66218953700178,164.8445587158203,9354800,0.0005182926641726,1
2024-02-01,GOOGL,140.8708500003378,141.8025904131777,139.55253804649774,139.91929626464844,40466500,-0.0067547951594463,-1
2024-02-01,TSLA,188.5,189.8800048828125,184.27999877929688,188.8600006103516,91843300,0.0019098175615467,1
2024-02-01,AAPL,181.93068222666932,184.85754373397813,181.7625867762094,184.7685546875,64885400,0.0155986468367931,1
2024-02-01,META,390.5107301891786,397.0136225605282,389.6284631736777,391.3434143066406,29727100,0.0021322951025151,1
2024-02-01,BRK-B,384.0,386.5499877929688,381.4800109863281,386.4400024414063,2947100,0.0063541730244954,1
2024-02-01,AMZN,155.8699951171875,159.75999450683594,155.6199951171875,159.27999877929688,76542400,0.021877229543413,1
2024-01-31,META,385.6137142301989,394.5353682869388,383.7302599797155,386.7438049316406,20180800,0.0029306289162917,1
2024-01-31,AMZN,157.0,159.00999450683594,154.80999755859375,155.1999969482422,50284400,-0.011464987590814,-1
2024-01-31,TSLA,187.0,193.97000122070312,185.8500061035156,187.2899932861328,103221400,0.0015507662360043,1
2024-01-31,AAPL,184.94651023142663,185.0058513431809,182.2866312758536,182.3360595703125,55467800,-0.0141146251305183,-1
2024-01-31,GOOGL,142.35768815981584,142.73435309816574,138.6406477145511,138.86863708496094,71910000,-0.0245090456297517,-1
2024-01-31,JPM,167.18822653609234,169.18082757038678,165.42335588463555,165.4423370361328,11521800,-0.0104426581711639,-1
2024-01-31,BRK-B,386.5299987792969,387.9200134277344,383.5499877929688,383.739990234375,3856400,-0.0072180905847748,-1
2024-01-31,MSFT,399.2036399293581,407.4043201802484,389.639467600293,390.0024108886719,47871100,-0.0230489607818066,-1
2024-01-31,UNH,478.3221289834691,488.2676094789959,478.3221289834691,485.17681884765625,5358100,0.0143306977637742,1
2024-01-30,META,400.0767235620257,402.8225996713156,396.0917287704335,396.5774536132813,18614700,-0.0087464972158069,-1
2024-01-30,AMZN,160.6999969482422,161.72999572753906,158.49000549316406,159.0,45207400,-0.0105786993187667,-1
2024-01-30,TSLA,195.3300018310547,196.3600006103516,190.6100006103516,191.58999633789065,109982300,-0.0191471123642279,-1
2024-01-30,JPM,163.99059082342822,167.71958355620103,163.99059082342822,167.25465393066406,10822100,0.019903965775392,1
2024-01-30,GOOGL,151.4569721435687,152.26975691406153,149.8611225838632,150.12875366210938,36331800,-0.0087696093660203,-1
2024-01-30,AAPL,188.80285272092348,189.65322753238257,185.37169046557116,185.935302734375,55859400,-0.0151880649324039,-1
2024-01-30,BRK-B,383.239990234375,387.6400146484375,380.0799865722656,387.1499938964844,3090900,0.0102024938987138,1
2024-01-30,UNH,478.3505589775812,479.7821588608707,473.30670034554913,477.46881103515625,4931200,-0.0018433091085115,-1
2024-01-30,MSFT,404.4026783420674,405.17760004808207,398.70341448382425,400.8026123046875,33477600,-0.008902181489349,-1
2024-01-29,JPM,163.43077653240536,164.00008079702863,162.5388505916141,163.8957061767578,6971200,0.002844810838063,1
2024-01-29,UNH,476.9947308452208,480.21826799906927,475.1364779307599,478.35052490234375,4554100,0.0028423669475772,1
2024-01-29,BRK-B,385.489990234375,385.7000122070313,379.1700134277344,383.1799926757813,3797400,-0.0059923671615682,-1
2024-01-29,GOOGL,150.7234988316385,152.42838247060587,150.0990312415879,152.16075134277344,27784300,0.0095356896719892,1
2024-01-29,TSLA,185.6300048828125,191.47999572753903,183.6699981689453,190.92999267578125,125013100,0.0285513529793559,1
2024-01-29,AMZN,159.33999633789062,161.2899932861328,158.89999389648438,161.25999450683594,45270400,0.0120496938187059,1
2024-01-29,META,391.5515760143711,399.42246020474215,389.6780443214767,397.5290832519531,18742400,0.0152662065580924,1
2024-01-29,MSFT,398.3207945584323,402.1660954317092,396.6237563010018,401.9110412597656,24510200,0.0090134553615595,1
2024-01-29,AAPL,189.86086444187637,190.04874022336423,187.45807019569023,189.58399963378903,47145600,-0.001458251066649,-1
2024-01-26,MSFT,396.66300059602537,398.4287118822507,394.759973173457,396.23138427734375,17803300,-0.0010881184230267,-1
2024-01-26,JPM,163.78184333389387,164.20882513921873,162.9942920368661,163.46871948242188,7443000,-0.0019118349451816,-1
2024-01-26,META,390.91714783238,393.3359097959545,388.18116424199445,390.708984375,13163700,-0.0005325001948218,-1
2024-01-26,AMZN,158.4199981689453,160.72000122070312,157.91000366210938,159.1199951171875,51047400,0.004418614798213,1
2024-01-26,UNH,467.675049192418,477.5446952085106,464.4704920367421,477.08013916015625,6212200,0.020110309463759,1
2024-01-26,AAPL,192.09559590318423,192.5801018175765,189.7916731135176,190.26629638671875,44594000,-0.0095228602606145,-1
2024-01-26,BRK-B,381.0499877929688,385.7300109863281,380.0,385.3999938964844,3621400,0.0114158410782552,1
2024-01-26,TSLA,185.5,186.77999877929688,182.1000061035156,183.25,107343200,-0.0121293800539083,-1
2024-01-26,GOOGL,149.77193994469403,151.19927062056652,149.68271948865382,150.85235595703125,26115500,0.007213741190347,1
2024-01-25,JPM,163.497202679032,164.14243160757394,162.16881147082557,164.09498596191406,8873500,0.0036562294221974,1
2024-01-25,GOOGL,148.75101933947735,151.704823433996,148.2256636749095,150.53518676757812,29149100,0.0119943206844786,1
2024-01-25,TSLA,189.6999969482422,193.0,180.05999755859375,182.6300048828125,198076800,-0.0372693314663503,-1
2024-01-25,META,386.7735471204069,392.047213033443,382.302797409854,389.75732421875,15091100,0.0077145324972657,1
2024-01-25,AMZN,156.9499969482422,158.50999450683594,154.5500030517578,157.75,43638600,0.005097184245385,1
2024-01-25,UNH,462.2804335880736,469.7893391622134,454.13632222109584,467.7888488769531,14671000,0.0119157439697912,1
2024-01-25,AAPL,193.0349547434494,194.07320538533628,190.9485708187439,191.9967041015625,54822100,-0.0053785628787634,-1
2024-01-25,MSFT,396.6139674673759,399.25270045475327,394.858075159448,397.1534729003906,21021200,0.0013602784502517,1
2024-01-25,BRK-B,379.239990234375,380.989990234375,377.8900146484375,380.8500061035156,4055800,0.0042453747247109,1
2024-01-24,BRK-B,372.5299987792969,377.7900085449219,372.0299987792969,376.5899963378906,4589300,0.0108984446135814,1
2024-01-24,GOOGL,147.2344537807019,148.53295270577948,146.7983337091306,147.39305114746094,25233500,0.0010771756384905,1
2024-01-24,AMZN,157.8000030517578,158.50999450683594,156.47999572753906,156.8699951171875,48547300,-0.0058935862901426,-1
2024-01-24,AAPL,193.23272951111284,194.18199120084623,192.16481576816375,192.32302856445312,53631300,-0.0047077994962928,-1
2024-01-24,TSLA,211.8800048828125,212.72999572753903,206.7700042724609,207.8300018310547,123369900,-0.0191146071286802,-1
2024-01-24,META,386.60497070172,392.70142765086376,384.434032676857,387.29888916015625,15698500,0.0017949030949519,1
2024-01-24,MSFT,393.8869938433054,397.89903829237466,392.8177719184772,394.8875427246094,24867000,0.0025401927378745,1
2024-01-24,UNH,491.01704942652265,494.6482014496057,486.323980737693,486.5894165039063,2918800,-0.0090172692125204,-1
2024-01-24,JPM,160.69806067066273,162.26366540807356,160.22363323770475,161.77975463867188,9967100,0.0067312198012519,1
2024-01-23,TSLA,211.3000030517578,215.6499938964844,207.75,209.13999938964844,106605900,-0.0102224497440271,-1
2024-01-23,UNH,485.8973321687181,491.18770371488574,485.4991495821788,488.7605895996094,2672900,0.0058927210365853,1
2024-01-23,AMZN,154.85000610351562,156.2100067138672,153.92999267578125,156.02000427246094,37986000,0.0075556869410982,1
2024-01-23,META,381.2718033118794,384.9990814617669,378.75390603497135,381.8467712402344,15506100,0.0015080263564222,1
2024-01-23,GOOGL,144.60771819556675,145.8863732533205,144.2211466548808,145.7476043701172,21636100,0.0078826095091886,1
2024-01-23,MSFT,388.2073142541726,391.7681340805433,386.4219948473302,391.2972717285156,20525900,0.0079595550132265,1
2024-01-23,AAPL,192.83722464512005,193.55904982724215,191.66054141727489,192.99542236328125,42355600,0.0008203691919562,1
2024-01-23,JPM,160.99219920582442,161.06810933054288,159.8251118048267,160.34698486328125,8360800,-0.0040077366836779,-1
2024-01-23,BRK-B,368.0199890136719,372.4200134277344,367.7099914550781,372.1400146484375,2896300,0.0111951137377284,1
2024-01-22,AMZN,156.88999938964844,157.0500030517578,153.89999389648438,154.77999877929688,43687500,-0.0134489171939583,-1
2024-01-22,MSFT,392.395932230134,392.9845027036078,386.0884900033909,388.9528503417969,27016900,-0.0087745096356344,-1
2024-01-22,JPM,161.74181876407434,163.18406784238965,161.030177562061,161.4097137451172,12837500,-0.0020533033540421,-1
2024-01-22,GOOGL,145.80712331991597,147.0857786723887,144.55818795854353,144.70687866210938,32200400,-0.00754589098773,-1
2024-01-22,TSLA,212.25999450683597,217.8000030517578,206.2700042724609,208.8000030517578,117952500,-0.0163007233799146,-1
2024-01-22,BRK-B,368.0499877929688,369.2699890136719,366.5299987792969,368.05999755859375,3552500,2.719675575870574e-05,1
2024-01-22,AAPL,190.14763349819023,193.14371820043877,190.1080727596782,191.71983337402344,60133900,0.0082683115582826,1
2024-01-22,META,384.5728764558162,386.9519782143048,377.8419754760099,378.4565734863281,17680500,-0.0159041454661476,-1
2024-01-22,UNH,477.7816533871336,486.9117871981944,470.72784410341296,486.3618774414063,5922900,0.0179584628112966,1
2024-01-19,UNH,488.2675656370954,490.68518958287626,475.7717152702634,477.42138671875,6143400,-0.0222135969736044,-1
2024-01-19,BRK-B,362.25,368.30999755859375,361.0199890136719,366.989990234375,4063700,0.0130848591701173,1
2024-01-19,TSLA,209.9900054931641,213.19000244140625,207.55999755859372,212.19000244140625,102260300,0.010476674559227,1
2024-01-19,JPM,158.98060777035218,161.8461530163083,158.53464490339175,161.5994415283203,13115700,0.0164726616327385,1
2024-01-19,AAPL,187.2109030979192,189.8015736058004,186.70661676571424,189.4159393310547,68903000,0.0117783536997426,1
2024-01-19,META,375.7007859201314,381.0141123293726,374.6797533320612,380.112060546875,21670800,0.0117414570106365,1
2024-01-19,MSFT,388.21711414753673,391.0716552734375,386.0001785110236,391.0716552734375,29331100,0.0073529502483909,1
2024-01-19,AMZN,153.8300018310547,155.75999450683594,152.74000549316406,155.33999633789062,51651600,0.009815994857065,1
2024-01-19,GOOGL,143.4678445948608,145.16280645077472,143.11100813182492,145.0934295654297,34271900,0.0113306572295651,1
2024-01-18,JPM,158.57262518214884,158.9616591633274,156.788787827513,158.85728454589844,9382300,0.0017951355943222,1
2024-01-18,GOOGL,140.80146348400635,142.94248192977855,140.74199327018036,142.21888732910156,25746400,0.0100668260827858,1
2024-01-18,META,368.25615084250944,373.5695074989813,367.72087335155015,372.8557739257813,16354300,0.0124902817583593,1
2024-01-18,BRK-B,359.25,362.6400146484375,358.29998779296875,362.3800048828125,3007800,0.0087126092771398,1
2024-01-18,MSFT,384.2541120354354,386.4808367624356,382.6846008472352,386.3631286621094,23392100,0.005488598717922,1
2024-01-18,TSLA,216.8800048828125,217.4499969482422,208.7400054931641,211.8800048828125,108595400,-0.0230542230147111,-1
2024-01-18,AAPL,184.0071435872404,187.02300881659585,183.75005912545996,186.5187225341797,78005800,0.013649355660741,1
2024-01-18,AMZN,152.77000427246094,153.77999877929688,151.82000732421875,153.5,37850200,0.0047783969832005,1
2024-01-18,UNH,479.0047039465094,490.0120710729299,471.6380079381725,489.53802490234375,7367000,0.0219900156909745,1
2024-01-17,JPM,158.7813573746924,160.4228865888299,157.97483948873983,158.5441436767578,11107500,-0.0014939644165832,-1
2024-01-17,META,363.1112814992652,365.3318024736922,355.48822189160364,365.1632690429688,12724800,0.0056511258345678,1
2024-01-17,GOOGL,140.10762206983958,140.59330557611017,137.67914403979375,140.2265625,20968600,0.000848921910195,1
2024-01-17,TSLA,214.8600006103516,215.6699981689453,212.00999450683597,215.5500030517578,103164400,0.0032114048191667,1
2024-01-17,BRK-B,359.010009765625,362.5299987792969,357.9800109863281,359.2900085449219,2550300,0.0007799191434235,1
2024-01-17,AAPL,179.24109293861534,180.88250149305736,178.2819487070673,180.6352996826172,47317400,0.0077783878749239,1
2024-01-17,UNH,494.2216575034085,503.1147113998535,493.0080713976684,497.691650390625,3791300,0.0070211267242828,1
2024-01-17,AMZN,151.49000549316406,152.14999389648438,149.91000366210938,151.7100067138672,34953400,0.0014522490773363,1
2024-01-17,MSFT,380.5854353256014,382.6748141545887,377.4758397118604,382.0470275878906,22234100,0.0038403788653625,1
2024-01-16,JPM,156.43768035554754,159.49299385483397,155.8968406686566,159.3981170654297,17206400,0.0189240642225948,1
2024-01-16,UNH,496.52544707885664,497.2744191755369,489.7370736985304,492.2021484375,3736700,-0.0087071038690793,-1
2024-01-16,META,370.39731754067816,372.3402469912931,364.0332214951215,364.2611999511719,15306900,-0.0165663121705313,-1
2024-01-16,GOOGL,140.75191120368166,143.08126226290798,140.20674232549314,141.23760986328125,22670500,0.0034507429096059,1
2024-01-16,MSFT,386.1571602847972,386.5201035923296,380.2322694497991,382.8317565917969,27202300,-0.0086115292813623,-1
2024-01-16,TSLA,215.1000061035156,223.4900054931641,212.17999267578125,219.91000366210935,115355000,0.0223616802515522,1
2024-01-16,AAPL,180.12115895148446,182.19764543114704,178.9049149905355,181.57470703125,65603000,0.008069835261037,1
2024-01-16,AMZN,153.52999877929688,154.99000549316406,152.14999389648438,153.16000366210938,41384600,-0.0024099206678127,-1
2024-01-16,BRK-B,362.9400024414063,363.6000061035156,359.8900146484375,361.1000061035156,3046500,-0.0050696983675357,-1
2024-01-12,BRK-B,366.510009765625,366.8500061035156,362.5700073242188,363.6199951171875,2623100,-0.0078852270645639,-1
2024-01-12,UNH,491.9271684297456,501.0478119403443,486.49461794073454,494.4396362304688,6327300,0.0051073979279149,1
2024-01-12,META,366.93774761928864,373.7776768226446,366.3231495817238,371.2300415039063,19310000,0.0116976078707253,1
2024-01-12,MSFT,378.1427956534332,381.2719986726898,377.3188091126789,381.0660095214844,21661200,0.0077304497180751,1
2024-01-12,TSLA,220.0800018310547,225.33999633789065,217.1499938964844,218.88999938964844,123043800,-0.0054071357302139,-1
2024-01-12,AAPL,183.97748271061096,184.64987951630312,183.1172251929773,183.83905029296875,40477800,-0.0007524421771765,-1
2024-01-12,AMZN,155.38999938964844,156.1999969482422,154.00999450683594,154.6199951171875,40484200,-0.0049553013416913,-1
2024-01-12,GOOGL,141.4160381670257,141.9413786630196,140.57351809075055,141.39620971679688,18785500,-0.0001402135888251,-1
2024-01-12,JPM,164.91099163359718,167.29261232317756,160.26159373589286,160.4039306640625,19436500,-0.0273302641921441,-1
2024-01-11,GOOGL,142.2288332953947,143.9436236258308,139.40387666099627,140.8312225341797,24008700,-0.0098264938889875,-1
2024-01-11,UNH,508.3008177474153,512.1216002894697,506.78389295062897,511.6665344238281,2814100,0.0066215055315636,1
2024-01-11,JPM,161.6184608273202,161.6469253167498,160.01489369036094,161.58999633789062,11919500,-0.0001761215227757,-1
2024-01-11,TSLA,230.57000732421875,230.92999267578125,225.3699951171875,227.22000122070312,105873600,-0.0145292362280449,-1
2024-01-11,AAPL,184.45213566932392,184.95643712674624,181.56481971672645,183.5127716064453,49128400,-0.0050927253266541,-1
2024-01-11,MSFT,378.6431394441378,383.2339350900792,373.1302570741052,377.29925537109375,27850800,-0.0035492101481541,-1
2024-01-11,BRK-B,367.80999755859375,367.8900146484375,362.1300048828125,363.3399963378906,3577800,-0.0121530171838002,-1
2024-01-11,AMZN,155.0399932861328,157.1699981689453,153.1199951171875,155.17999267578125,49072700,0.0009029888784248,1
2024-01-11,META,368.89051137083,369.5348468925989,359.7705877873007,366.4519348144531,17205400,-0.0066105700233787,-1
2024-01-10,MSFT,369.1967157740048,376.8480726318605,369.14768070417387,375.4747314453125,25514200,0.0170045274052508,1
2024-01-10,JPM,161.30534199467218,162.33010708122012,160.30904139844134,162.27317810058594,9670200,0.0060000251321232,1
2024-01-10,TSLA,235.1000061035156,235.5,231.2899932861328,233.94000244140625,91628500,-0.0049340860569719,-1
2024-01-10,BRK-B,366.260009765625,368.8299865722656,365.75,367.9200134277344,2448100,0.0045323093372154,1
2024-01-10,AMZN,152.05999755859375,154.4199981689453,151.8800048828125,153.72999572753906,44421800,0.0109824950398398,1
2024-01-10,GOOGL,139.7607161678604,141.74313767378752,139.67151083001588,141.0294647216797,21320200,0.0090780055269281,1
2024-01-10,META,357.03470018708344,369.6935252666552,355.95416211609205,367.2450256347656,22117200,0.0285975717271515,1
2024-01-10,UNH,510.16853789642585,513.1076592905249,508.31980386286335,509.7324523925781,2180000,-0.0008547871369054,-1
2024-01-10,AAPL,182.2866315170422,184.31367440860305,181.8614365329183,184.1060333251953,46792900,0.0099809941793949,1
2024-01-09,TSLA,238.1100006103516,238.9600067138672,232.0399932861328,234.9600067138672,96705700,-0.013229154123766,-1
2024-01-09,AAPL,181.8614334502317,183.07766218215255,180.68475037086023,183.0677795410156,42841800,0.006633325537457,1
2024-01-09,META,353.2974794746207,357.50059022164334,352.2665243572093,354.3185119628906,13463900,0.0028900078477443,1
2024-01-09,UNH,510.0736794573282,511.6000942382648,504.6980120866153,510.4244689941406,2677000,0.0006877232661477,1
2024-01-09,GOOGL,137.2826878289855,140.24641339378692,136.9357580192586,139.71115112304688,24759600,0.0176895086515681,1
2024-01-09,MSFT,364.9198218166927,368.8239473116093,364.115443120456,368.6277770996094,20830000,0.0101610136288494,1
2024-01-09,JPM,162.8424721796584,163.00377577413855,161.40022316605578,161.93157958984375,9923600,-0.0055937040111358,-1
2024-01-09,BRK-B,368.0,368.0,364.7699890136719,366.8999938964844,2998800,-0.0029891470204228,-1
2024-01-09,AMZN,148.3300018310547,151.7100067138672,148.2100067138672,151.3699951171875,43812600,0.0204947970646916,1
2024-01-08,AMZN,146.74000549316406,149.39999389648438,146.14999389648438,149.10000610351562,46757100,0.0160828712144317,1
2024-01-08,GOOGL,135.09211461031617,137.78820922289705,135.06237949599685,137.6197052001953,21404000,0.0187101267692061,1
2024-01-08,MSFT,362.2613907623612,368.0489648766836,361.9769395114855,367.5486755371094,23134000,0.0145952202182556,1
2024-01-08,JPM,163.22201538085938,163.54462255510825,160.8214137681895,163.22201538085938,11229900,0.0,-1
2024-01-08,META,351.61232236037006,355.85506343366256,348.9853666048785,355.537841796875,13890200,0.0111643397766977,1
2024-01-08,AAPL,180.0519155054874,183.52263874374276,179.46852282651062,183.4830780029297,59144500,0.0190565176038781,1
2024-01-08,UNH,511.4011655821731,512.2070211359191,500.5928869222866,508.670654296875,2648900,-0.0053392746615853,-1
2024-01-08,TSLA,236.13999938964844,241.25,235.3000030517578,240.4499969482422,85166600,0.0182518741836783,1
2024-01-08,BRK-B,366.010009765625,368.2999877929688,364.2000122070313,368.1799926757813,3445700,0.0059287529090961,1
2024-01-05,TSLA,236.8600006103516,240.1199951171875,234.8999938964844,237.4900054931641,92488900,0.002659819645314,1
2024-01-05,META,343.96941637649724,350.4227560194501,343.2457904424102,348.8862609863281,13920700,0.0142944237939139,1
2024-01-05,AMZN,144.69000244140625,146.58999633789062,144.52999877929688,145.24000549316406,45153100,0.0038012512438828,1
2024-01-05,AAPL,179.953076851374,180.7144477397177,178.15344001418788,179.15213012695312,62379700,-0.0044508642943759,-1
2024-01-05,JPM,162.70014174249383,164.51245797473024,162.70014174249383,163.459228515625,10066000,0.0046655569257744,1
2024-01-05,BRK-B,364.8299865722656,366.2999877929688,364.1900024414063,365.5899963378906,2965200,0.0020831888649439,1
2024-01-05,UNH,518.6064830516079,518.6064830516079,506.0252798356522,509.48583984375,2815400,-0.0175868283678017,-1
2024-01-05,GOOGL,135.54808767109367,135.9544877613099,133.9621442151988,134.53704833984375,22513900,-0.0074588977876485,-1
2024-01-05,MSFT,361.9377157291655,364.96881910463645,359.5147908390338,360.740966796875,21004600,-0.0033065051810902,-1
2024-01-04,AAPL,180.11123597031312,181.04071720671112,178.85546161628733,179.87393188476562,71983600,-0.0013175418194709,-1
2024-01-04,MSFT,363.6053166389914,365.9889954484458,360.1720240549271,360.9273376464844,20901500,-0.0073650710535838,-1
2024-01-04,UNH,516.7103379180388,520.5027073706483,514.8141531917341,517.1085205078125,2994400,0.0007706108443234,1
2024-01-04,META,341.5010789113967,345.11929909621364,340.41064851615806,344.0982666015625,12099900,0.0076052107900943,1
2024-01-04,BRK-B,367.4100036621094,369.3699951171875,363.4100036621094,363.6799926757813,4142800,-0.0101521759047106,-1
2024-01-04,AMZN,145.58999633789062,147.3800048828125,144.0500030517578,144.57000732421875,56039800,-0.0070059004006336,-1
2024-01-04,TSLA,239.25,242.6999969482422,237.72999572753903,237.92999267578125,102629300,-0.0055172719925548,-1
2024-01-04,GOOGL,137.20339508752366,137.93689651353586,135.15159662676552,135.1912384033203,27137700,-0.0146655021395044,-1
2024-01-04,JPM,161.91262706066377,164.48403064694912,161.81773576319404,162.64324951171875,11972500,0.0045124488702245,1
2024-01-03,GOOGL,136.04366979922918,138.4027561263541,135.87516579367383,137.69898986816406,24212100,0.0121675640724612,1
2024-01-03,TSLA,244.97999572753903,245.67999267578125,236.32000732421875,238.4499969482422,121082600,-0.0266552326442171,-1
2024-01-03,AMZN,149.1999969482422,151.0500030517578,148.3300018310547,148.47000122070312,49425500,-0.0048927328583813,-1
2024-01-03,JPM,162.07079374672327,162.2405339755657,160.6656594972967,161.57098388671875,9852300,-0.0030838983906353,-1
2024-01-03,MSFT,361.9769290087296,366.145926888392,361.4864586699457,363.53662109375,23083500,0.0043088162808929,1
2024-01-03,META,341.9769751823711,344.9211226732362,340.19262595195124,341.4714050292969,15451100,-0.0014783748315354,-1
2024-01-03,BRK-B,362.0799865722656,367.8500061035156,361.0700073242188,366.75,4321800,0.0128977397285732,1
2024-01-03,UNH,514.8519947794175,518.407340718102,511.4767886829714,513.8944702148438,2891400,-0.001859805486398,-1
2024-01-03,AAPL,182.1580811288092,183.79950485996184,181.37691491631995,182.187744140625,58414500,0.0001628421403652,1
2024-01-02,TSLA,250.0800018310547,251.25,244.41000366210935,248.4199981689453,104654200,-0.0066378904748681,-1
2024-01-02,UNH,499.4930819415621,511.6475769606086,499.3318645511208,511.34423828125,3415700,0.0237263673274947,1
2024-01-02,GOOGL,137.33226187460795,138.22434556103968,135.28044822126745,136.95559692382812,23711200,-0.0027427273507207,-1
2024-01-02,AMZN,151.5399932861328,152.3800048828125,148.38999938964844,149.92999267578125,47339400,-0.0106242621201098,-1
2024-01-02,AAPL,185.05528848269012,186.33085840634024,181.8317819713932,183.56219482421875,82488700,-0.0080683652475625,-1
2024-01-02,MSFT,366.7345478799601,368.735675683701,359.77968054105025,363.8015441894531,25258600,-0.0079976203699984,-1
2024-01-02,JPM,159.45859562508764,162.3631599230326,159.2888553688662,162.27828979492188,9977400,0.0176829236378312,1
2024-01-02,BRK-B,356.32000732421875,362.5700073242188,355.94000244140625,362.4599914550781,4737000,0.0172316569506369,1
2024-01-02,META,348.2617556958284,350.0857348081717,337.0502120189652,343.2755432128906,19042200,-0.0143174276284667,-1
2023-12-29,GOOGL,138.4027337665128,139.1263132322163,137.5601987501779,138.4622039794922,18733000,0.0004296895831531,1
2023-12-29,AMZN,153.10000610351562,153.88999938964844,151.02999877929688,151.94000244140625,39823200,-0.007576770841701,-1
2023-12-29,BRK-B,357.5599975585937,357.8599853515625,355.3099975585937,356.6600036621094,3269400,-0.0025170430211139,-1
2023-12-29,MSFT,368.8337703402161,369.9716653516636,366.3618101031722,368.8730163574219,18730800,0.0001064057045794,1
2023-12-29,TSLA,255.1000061035156,255.19000244140625,247.42999267578125,248.47999572753903,100891600,-0.0259506476581198,-1
2023-12-29,JPM,160.3167772936309,160.96747710381322,159.96785714773753,160.4110870361328,6435100,0.0005882711971507,1
2023-12-29,UNH,498.6776253760864,500.8203234731589,496.7245573336781,499.1421813964844,2080100,0.0009315758252591,1
2023-12-29,AAPL,191.72972215657148,192.2241257878035,189.58401220758475,190.37506103515625,42672100,-0.0070654727195034,-1
2023-12-29,META,355.8649970249576,356.8662146968059,348.75742852332354,350.8787841796875,14987100,-0.0140115293354361,-1
2023-12-28,MSFT,368.2157530058411,369.2849749136942,367.0288229886373,368.1274719238281,14327000,-0.0002397536805319,-1
2023-12-28,AAPL,191.9670750871828,192.48125917871985,191.0079306668944,191.4133453369141,34049900,-0.0028845037619981,-1
2023-12-28,BRK-B,357.4800109863281,358.67999267578125,356.7300109863281,357.57000732421875,2740600,0.0002517520843817,1
2023-12-28,TSLA,263.6600036621094,265.1300048828125,252.7100067138672,253.17999267578125,113619900,-0.0397482016262074,-1
2023-12-28,GOOGL,139.54262061197767,139.89945701648085,138.52167495111323,138.99745178222656,16045700,-0.0039068266552556,-1
2023-12-28,JPM,159.70378553614376,160.93916529174086,159.373715871676,160.59967041015625,6320100,0.0056096658636168,1
2023-12-28,UNH,496.2979244392244,500.469554344275,495.7954655341675,497.65374755859375,2001000,0.0027318734425523,1
2023-12-28,META,356.56882813936073,358.7496590159659,354.6952660445902,355.2008361816406,11798800,-0.0038365438865156,-1
2023-12-28,AMZN,153.72000122070312,154.0800018310547,152.9499969482422,153.3800048828125,27057000,-0.0022117898464135,-1
2023-12-27,MSFT,366.5677589576593,367.9116430236214,365.7045262897879,366.9405212402344,14905400,0.0010168987137194,1
2023-12-27,META,352.9703988386223,355.8748857712245,352.2170049987148,354.7150573730469,13207900,0.0049427899341276,1
2023-12-27,UNH,492.771018217382,496.0039877960729,492.4012482983243,495.6531982421875,1851800,0.005848923573533,1
2023-12-27,TSLA,258.3500061035156,263.3399963378906,257.5199890136719,261.44000244140625,106494400,0.0119605042186549,1
2023-12-27,AAPL,190.33551208827305,191.3342019743918,188.9511728919884,190.9881134033203,48087700,0.0034286892019635,1
2023-12-27,GOOGL,140.34552403156647,140.83122273553664,138.6604688106895,139.13624572753906,19628600,-0.0086164365580723,-1
2023-12-27,AMZN,153.55999755859375,154.77999877929688,153.1199951171875,153.33999633789062,31434700,-0.0014326727285807,-1
2023-12-27,JPM,158.27979105184372,159.8169504768574,158.03460589267718,159.7509307861328,6428600,0.0092945519103397,1
2023-12-27,BRK-B,355.92999267578125,357.0799865722656,355.5,356.95001220703125,2478500,0.002865786958783,1
2023-12-26,UNH,492.8942925310572,494.4112172580918,491.0834036011792,493.0365295410156,1390800,0.0002885750801211,1
2023-12-26,AMZN,153.55999755859375,153.97999572753906,153.02999877929688,153.41000366210938,25067200,-0.0009767771481446,-1
2023-12-26,JPM,157.92144185918576,159.15682162146308,157.65737749239696,158.7984619140625,4683600,0.0055535210706773,1
2023-12-26,META,351.8996996511203,353.8723966966044,350.3731275781055,351.7410888671875,9898600,-0.0004507272500943,-1
2023-12-26,GOOGL,140.34554572043052,141.42596195626027,139.94906741589708,140.2761688232422,16780300,-0.0004943291704215,-1
2023-12-26,MSFT,367.8527423015936,369.7557695499751,366.3813313323872,367.5192260742188,12673100,-0.0009066569010416,-1
2023-12-26,BRK-B,356.8999938964844,357.7699890136719,356.0799865722656,356.8299865722656,1964400,-0.0001961538958138,-1
2023-12-26,TSLA,254.4900054931641,257.9700012207031,252.91000366210935,256.6099853515625,86892400,0.0083303069379492,1
2023-12-26,AAPL,191.4429813812401,191.719846217368,190.6717128965979,190.8892517089844,28919300,-0.0028923999629583,-1
2023-12-22,UNH,492.89432912580406,495.8618632536498,491.13089097963245,493.302001953125,1759500,0.0008270998533174,1
2023-12-22,MSFT,366.5579247112644,368.0293358059012,365.606411005962,367.4407653808594,17107500,0.0024084615556745,1
2023-12-22,META,352.4846287114761,354.0905518678329,348.1625974502464,350.313720703125,11772800,-0.0061588728458513,-1
2023-12-22,BRK-B,356.5,358.260009765625,355.4100036621094,356.4700012207031,2332200,-8.414804851858345e-05,-1
2023-12-22,JPM,157.95916263882626,158.64757764689784,157.70453786994963,157.86485290527344,6576300,-0.0005970513642722,-1
2023-12-22,TSLA,256.760009765625,258.2200012207031,251.3699951171875,252.5399932861328,93370100,-0.0164356454236946,-1
2023-12-22,GOOGL,139.53274123600997,140.74201955858857,139.4732710110759,140.2464141845703,26532200,0.005114734665416,1
2023-12-22,AAPL,192.9953923922105,193.22282892375424,190.81013681243016,191.4330902099609,37149600,-0.0080950232173139,-1
2023-12-22,AMZN,153.77000427246094,154.35000610351562,152.7100067138672,153.4199981689453,29514100,-0.0022761663119645,-1
2023-12-21,MSFT,365.45929104730993,367.2740374598463,362.98733108269056,366.4206237792969,17708000,0.0026304782927587,1
2023-12-21,UNH,491.94616423978783,493.78546571736393,489.6896998126492,492.8942565917969,2491600,0.0019272278572882,1
2023-12-21,TSLA,251.8999938964844,254.8000030517578,248.5500030517578,254.5,109594200,0.0103215806530907,1
2023-12-21,JPM,157.3367273577614,158.5155268873352,156.24279794080266,157.95913696289062,7601700,0.0039559079153461,1
2023-12-21,AAPL,193.90511142023345,194.87413831888384,191.33420648650613,192.50099182128903,46482500,-0.0072412717161507,-1
2023-12-21,AMZN,153.3000030517578,153.97000122070312,152.10000610351562,153.83999633789062,36305700,0.0035224610266347,1
2023-12-21,BRK-B,356.0199890136719,357.20001220703125,353.6300048828125,356.1400146484375,2851200,0.0003371317298732,1
2023-12-21,GOOGL,138.2639724149609,139.45342211326152,137.9566844233994,139.185791015625,27488300,0.0066670918285026,1
2023-12-21,META,349.90724566402645,353.3073795313147,346.17004494664536,351.007568359375,15289600,0.0031446124908343,1
2023-12-20,MSFT,367.852799906723,368.8631677330293,363.46799333439736,363.5562744140625,26316700,-0.0116800130208333,-1
2023-12-20,BRK-B,361.5199890136719,361.6600036621094,355.1199951171875,355.3500061035156,3926700,-0.0170667821909092,-1
2023-12-20,AMZN,152.89999389648438,155.6300048828125,151.55999755859375,152.1199951171875,50322100,-0.0051013656666654,-1
2023-12-20,TSLA,256.4100036621094,259.8399963378906,247.0,247.13999938964844,125097000,-0.0361530522993038,-1
2023-12-20,AAPL,194.6961765577493,195.46744514462725,192.64935302734372,192.64935302734372,52242800,-0.0105129107648319,-1
2023-12-20,JPM,158.42128856488603,159.76040358559035,156.96899896366102,157.0633087158203,10734700,-0.0085719530586291,-1
2023-12-20,GOOGL,137.74855205293554,140.45455302635412,136.85646847368653,137.12408447265625,49107200,-0.0045333876180368,-1
2023-12-20,META,345.61488990125895,351.869957016327,344.7623909831456,346.2394104003906,16369900,0.0018069837769723,1
2023-12-20,UNH,496.6581983839898,497.5873683188117,489.09243927840674,489.1493225097656,3847800,-0.0151187998077074,-1
2023-12-19,UNH,497.35984553155686,500.232535574193,494.6957080524978,496.8383483886719,3645600,-0.0010485308526015,-1
2023-12-19,BRK-B,360.1499938964844,362.5499877929688,359.0899963378906,361.7999877929688,3084600,0.0045814075369903,1
2023-12-19,JPM,156.54458197937433,158.87389106722682,156.12021701458775,158.8550262451172,10345700,0.014759017760495,1
2023-12-19,GOOGL,135.63726127584442,136.26172882321336,134.88394662917216,135.4489288330078,25476800,-0.0013885007782161,-1
2023-12-19,META,342.57170039286814,350.52190536641285,342.11571317990683,347.3100891113281,17729400,0.013831815976118,1
2023-12-19,AAPL,193.96443406555755,194.74558515548247,193.69745188302565,194.73570251464844,40714100,0.003976339542899,1
2023-12-19,AMZN,154.39999389648438,155.1199951171875,152.69000244140625,153.7899932861328,43171300,-0.0039507813113032,-1
2023-12-19,MSFT,364.4096508615579,366.14593505859375,362.7911046946417,366.14593505859375,20603700,0.0047646493250955,1
2023-12-19,TSLA,253.47999572753903,258.3399963378906,253.00999450683597,257.2200012207031,106737400,0.0147546376684656,1
2023-12-18,GOOGL,131.46426381839478,135.9445247418158,131.26600960302858,134.6063995361328,32258000,0.0239010635017786,1
2023-12-18,JPM,156.46916508532496,157.61024959807705,156.19568986918287,156.76150512695312,8469600,0.0018683556052002,1
2023-12-18,TSLA,253.77999877929688,258.739990234375,251.3600006103516,252.0800018310547,116416500,-0.0066987034298184,-1
2023-12-18,META,334.5421662666255,344.5344041297469,334.08614889595844,341.6199951171875,18993900,0.0211567615812025,1
2023-12-18,AMZN,150.55999755859375,154.85000610351562,150.0500030517578,154.07000732421875,62512800,0.0233130301709722,1
2023-12-18,MSFT,362.408614614865,365.89094271187565,361.6532709896756,365.547607421875,21802900,0.008661474039037,1
2023-12-18,AAPL,193.89520715993984,194.42917151631292,192.214237877434,193.69744873046875,55751900,-0.0010199242795515,-1
2023-12-18,BRK-B,357.4200134277344,361.1400146484375,357.0,359.6499938964844,4526400,0.0062391035335822,1
2023-12-18,UNH,501.6451316904294,503.8826157584828,497.9665287264261,499.218017578125,3260300,-0.0048383089139639,-1
2023-12-15,MSFT,359.8580993724713,365.30230824664153,359.2989559925913,363.6641540527344,78502300,0.0105765430509974,1
2023-12-15,META,329.0999994185291,335.7119500187242,328.3367132008549,332.0045166015625,31776900,0.0088256371563818,1
2023-12-15,TSLA,251.2100067138672,254.1300048828125,248.3000030517578,253.5,135932800,0.0091158521751928,1
2023-12-15,UNH,502.4889834024181,505.8073068777171,495.8144335870685,503.55084228515625,9030100,0.002113198334316,1
2023-12-15,JPM,153.79093631953123,155.8656210556817,153.14023653822656,155.81846618652344,20309300,0.0131836759403012,1
2023-12-15,AMZN,148.3800048828125,150.57000732421875,147.8800048828125,149.97000122070312,110089300,0.0107157048494935,1
2023-12-15,AAPL,195.3191123528845,196.1793699091571,194.7950456705572,195.35867309570312,128538400,0.0002025441460493,1
2023-12-15,BRK-B,357.6300048828125,358.0,354.20001220703125,356.5,8578200,-0.0031597037927026,-1
2023-12-15,GOOGL,130.46314245666346,132.33653000234125,130.0270073455555,131.43453979492188,50847100,0.0074457606950644,1
2023-12-14,UNH,516.0465946826663,516.6344072421371,501.9200550261826,506.5087890625,5386800,-0.0184824504578533,-1
2023-12-14,AMZN,149.92999267578125,150.5399932861328,145.52000427246094,147.4199981689453,58400800,-0.0167411100476988,-1
2023-12-14,BRK-B,364.0499877929688,364.0499877929688,356.3800048828125,358.1199951171875,5512300,-0.0162889517226232,-1
2023-12-14,JPM,152.6121243164545,155.45066878084032,152.49896415125406,154.6490936279297,13643000,0.0133473622793648,1
2023-12-14,GOOGL,132.20769564183271,132.54470366937534,128.55012552763398,130.7803497314453,38722400,-0.0107962392314458,-1
2023-12-14,TSLA,241.22000122070312,253.8800048828125,240.7899932861328,251.0500030517578,160829200,0.0407511888786567,1
2023-12-14,MSFT,366.1950058164245,366.6364411485853,357.18997650221536,358.9556579589844,43277500,-0.0197691059202188,-1
2023-12-14,META,330.9437570047156,331.78636358920426,325.77911984855695,330.2696838378906,19607300,-0.0020368209176261,-1
2023-12-14,AAPL,195.80360435764132,197.38568681182423,193.96442237725344,195.89259338378903,66831600,0.0004544810420607,1
2023-12-13,AAPL,192.90642113434447,195.78385412672148,192.66911702808835,195.7443084716797,70404200,0.0147112124140173,1
2023-12-13,JPM,151.37673596516078,152.80072072522947,150.66945619346848,151.88597106933594,12379100,0.0033640248676808,1
2023-12-13,META,331.02307290083434,335.4244243340028,329.74432436086573,331.8260192871094,16353300,0.0024256508141218,1
2023-12-13,BRK-B,360.19000244140625,362.1499938964844,359.0400085449219,362.0299987792969,3132700,0.0051084048014074,1
2023-12-13,AMZN,148.1199951171875,149.4600067138672,146.82000732421875,148.83999633789062,52766200,0.0048609319770331,1
2023-12-13,TSLA,234.19000244140625,240.3000030517578,228.1999969482422,239.2899932861328,146286300,0.0217771501411661,1
2023-12-13,GOOGL,132.20767860500078,132.3266190406473,130.4135897855211,131.40480041503906,30104800,-0.0060728559674698,-1
2023-12-13,UNH,515.7623154248258,520.9009605264897,510.6331605067936,520.5122680664062,2876600,0.0092095767750459,1
2023-12-13,MSFT,368.8533792298406,370.44252860296217,363.7034396055238,367.2348327636719,30955500,-0.0043880483609726,-1
2023-12-12,UNH,517.4688689729736,519.0711475942179,514.4824123525179,517.3930053710938,2706100,-0.0001466051513986,-1
2023-12-12,AMZN,145.52000427246094,147.5,145.3000030517578,147.47999572753906,44944300,0.0134688798621004,1
2023-12-12,JPM,150.16021020801867,151.4993248802861,149.83015494063707,151.37673950195312,10223000,0.008101542294388,1
2023-12-12,MSFT,363.7818485501349,367.2838138794258,363.3992673247469,367.24456787109375,24838300,0.0095186698697574,1
2023-12-12,META,321.77432544730783,331.55840111361704,321.73466518140424,331.3105773925781,18485500,0.0296364600625412,1
2023-12-12,BRK-B,357.8999938964844,360.4100036621094,356.760009765625,360.0199890136719,3188800,0.0059234287603834,1
2023-12-12,TSLA,238.5500030517578,238.9900054931641,233.8699951171875,237.00999450683597,95328300,-0.0064557054085962,-1
2023-12-12,AAPL,190.91889435682484,192.54053754746204,189.5741159727842,192.53065490722656,52696900,0.0084421217492982,1
2023-12-12,GOOGL,130.6514736502255,131.8310167463247,130.10630476656524,131.35523986816406,29032800,0.0053865922693121,1
2023-12-11,MSFT,361.4570971757964,364.5176278549032,359.1224531501872,364.2233276367188,27708800,0.0076529980529805,1
2023-12-11,BRK-B,355.0,357.489990234375,354.2099914550781,357.0599975585937,3108400,0.0058028100242077,1
2023-12-11,UNH,521.2232185058632,521.4507513932122,511.0786195871851,515.4588012695312,3655300,-0.0110594022516038,-1
2023-12-11,TSLA,242.7400054931641,243.44000244140625,237.4499969482422,239.7400054931641,97913900,-0.0123589022497755,-1
2023-12-11,AMZN,145.66000366210938,146.19000244140625,143.63999938964844,145.88999938964844,50907300,0.0015789902633298,1
2023-12-11,META,326.5325557121071,327.0183108166974,317.2143890831733,322.44842529296875,25802500,-0.0125075749651719,-1
2023-12-11,GOOGL,131.21647898449544,132.16803279885028,130.20543982265264,132.11846923828125,31138000,0.0068740623187457,1
2023-12-11,JPM,149.4906938049841,150.22626379956796,149.14175924575517,150.03765869140625,8093900,0.00365885576219,1
2023-12-11,AAPL,190.9485830810774,191.3243346926335,189.2774962882125,191.01779174804688,60943700,0.0003624466118195,1
2023-12-08,UNH,521.6594444663288,523.0910734464038,516.2742858359824,521.2328491210938,2039900,-0.0008177659769419,-1
2023-12-08,BRK-B,353.0,353.6700134277344,351.0199890136719,353.0799865722656,3289000,0.0002265908562765,1
2023-12-08,JPM,148.30243749266455,149.73586205376884,148.038387493204,149.4906768798828,7369400,0.0080122714589706,1
2023-12-08,GOOGL,133.0204933067496,135.20115415610408,132.85198927687938,133.80355834960938,32260100,0.0058868000215123,1
2023-12-08,AAPL,192.02634649559,193.79631975243228,191.50227991044676,193.5194549560547,53406400,0.0077755395950261,1
2023-12-08,META,320.27742147491017,330.2696896309997,320.18820857643453,329.85333251953125,14087400,0.0298988014844225,1
2023-12-08,TSLA,240.2700042724609,245.2700042724609,239.2700042724609,243.83999633789065,103126800,0.0148582511422499,1
2023-12-08,MSFT,362.1633422956095,367.3230703614092,361.2118285564288,367.0974731445313,20154400,0.013624048247529,1
2023-12-08,AMZN,145.47999572753906,147.83999633789062,145.39999389648438,147.4199981689453,41906000,0.0133351835192486,1
2023-12-07,JPM,147.7649118050395,148.34959188917583,147.25566224366952,147.8592071533203,8130900,0.0006381443817001,1
2023-12-07,UNH,522.7306906651689,522.8824178456938,516.255261620513,519.8106079101562,2511700,-0.0055862087441181,-1
2023-12-07,BRK-B,352.0,353.0199890136719,350.8500061035156,352.70001220703125,2830000,0.0019886710427024,1
2023-12-07,AMZN,146.14999389648438,147.9199981689453,145.33999633789062,146.8800048828125,52352800,0.004994943666198,1
2023-12-07,TSLA,241.5500030517578,244.0800018310547,236.97999572753903,242.63999938964844,107142300,0.0045125080692177,1
2023-12-07,META,315.0038103812717,325.3826705419024,315.0038103812717,323.7470397949219,15905100,0.0277559481044613,1
2023-12-07,GOOGL,133.85308336988615,137.34214919311776,133.51607536911783,135.72647094726562,56767100,0.0139958492566256,1
2023-12-07,AAPL,191.46276025185608,192.817421410012,191.42319951100376,192.09559631347656,47477700,0.0033052697077386,1
2023-12-07,MSFT,361.211844686289,364.37047528705625,359.33824414976533,363.8800048828125,23118900,0.007386690762704,1
2023-12-06,JPM,149.79244482122945,150.15080456532945,147.11421512755064,147.40655517578125,9366000,-0.0159279705214482,-1
2023-12-06,TSLA,242.9199981689453,246.57000732421875,239.1699981689453,239.3699951171875,126436200,-0.0146138773197621,-1
2023-12-06,AAPL,192.27358406476236,192.58011192579397,189.95977851245675,190.1674346923828,41089700,-0.0109539195549094,-1
2023-12-06,MSFT,366.4206763695036,367.0484629860128,361.01568236902807,361.77099609375,21182100,-0.0126894593444416,-1
2023-12-06,BRK-B,356.1499938964844,357.45001220703125,351.8900146484375,352.3800048828125,3039100,-0.0105853968223501,-1
2023-12-06,AMZN,147.5800018310547,147.85000610351562,144.27999877929688,144.52000427246094,39679000,-0.0207345000720134,-1
2023-12-06,UNH,519.1374160715046,523.2331817404803,518.7012727825762,521.0051879882812,2239700,0.003597837217958,1
2023-12-06,GOOGL,130.28472982782802,130.68120803665548,128.73844363885704,128.87721252441406,23576200,-0.0108033942678777,-1
2023-12-06,META,319.12753540502547,319.4447570091409,314.2801194470397,314.6865539550781,11294300,-0.0139160083579469,-1
2023-12-05,META,316.2032218970757,319.0779707276208,312.64447724367363,315.51922607421875,16952100,-0.0021631526040541,-1
2023-12-05,JPM,148.30242033448647,149.4717947608368,148.02894514870184,148.97198486328125,9135600,0.0045148590783927,1
2023-12-05,TSLA,233.8699951171875,246.66000366210935,233.6999969482422,238.72000122070312,137971100,0.0207380433778406,1
2023-12-05,UNH,520.5975070846157,523.8495148982655,517.0421606297482,521.6973266601562,2645600,0.0021126101461753,1
2023-12-05,BRK-B,355.2300109863281,356.6000061035156,352.2900085449219,355.0299987792969,3061200,-0.0005630498574033,-1
2023-12-05,GOOGL,127.8166059548372,130.9785702409771,127.12276154831912,129.83868408203125,27384800,0.0158201519441732,1
2023-12-05,AMZN,143.5500030517578,148.57000732421875,143.1300048828125,146.8800048828125,46822400,0.0231975044253676,1
2023-12-05,AAPL,188.08104861869373,192.22413865175915,188.0513705178724,191.25511169433597,66628400,0.0168760388085518,1
2023-12-05,MSFT,359.46575623768496,365.9693683802573,358.65155863650625,365.4200439453125,23065000,0.0165642696259792,1
2023-12-04,UNH,519.8010879961539,523.2236872738115,514.8520161532285,519.820068359375,2709200,3.651466620483504e-05,1
2023-12-04,JPM,147.1330704680428,149.04744006979425,147.0010454744615,148.99085998535156,9607500,0.0126265938133349,1
2023-12-04,META,314.527976102946,318.0668760036283,310.92957067483053,317.23419189453125,19037100,0.008604054320114,1
2023-12-04,AAPL,187.8536004326293,187.92282418358675,185.3519192531924,187.30975341796875,43389500,-0.0028950577120056,-1
2023-12-04,AMZN,145.25,145.35000610351562,142.80999755859375,144.83999633789062,48294200,-0.0028227446616824,-1
2023-12-04,GOOGL,128.73845875055255,128.88713431514626,126.7758581121976,128.13381958007812,36669900,-0.0046966475779082,-1
2023-12-04,MSFT,362.06521566015255,362.47719398696046,355.98337139108264,362.1044616699219,32063300,0.0001083948638859,1
2023-12-04,BRK-B,355.9100036621094,357.8299865722656,353.7900085449219,356.6600036621094,3053400,0.0021072742892386,1
2023-12-04,TSLA,235.75,239.3699951171875,233.2899932861328,235.5800018310547,104099800,-0.0007210950962685,-1
2023-12-01,TSLA,233.13999938964844,240.19000244140625,231.8999938964844,238.8300018310547,121331700,0.0244059468829993,1
2023-12-01,JPM,146.94445142930454,148.86824606580794,146.94445142930454,147.90634155273438,8916000,0.0065459438180461,1
2023-12-01,AMZN,146.0,147.25,145.5500030517578,147.02999877929688,39951800,0.0070547861595676,1
2023-12-01,AAPL,188.1996691651381,189.4158977511225,187.111975250518,189.0994873046875,45704800,0.0047811887424723,1
2023-12-01,BRK-B,359.94000244140625,360.239990234375,355.29998779296875,357.07000732421875,4705700,-0.0079735375277014,-1
2023-12-01,UNH,521.8490303933913,525.9068938576146,516.8620548451231,518.7582397460938,3462200,-0.005922767826104,-1
2023-12-01,MSFT,369.579278745005,370.9525899274523,364.23313921740737,367.3721618652344,33040500,-0.0059719713920797,-1
2023-12-01,META,322.64665935567007,324.0146208399716,317.96774644363103,321.9924011230469,15276400,-0.0020277855469811,-1
2023-12-01,GOOGL,130.70103454589844,130.94883720390865,129.52149147382195,130.70103454589844,31442300,0.0,-1
2023-11-30,BRK-B,359.45001220703125,360.4299926757813,358.4200134277344,360.0,4606800,0.0015300814419001,1
2023-11-30,TSLA,245.13999938964844,245.22000122070312,236.91000366210935,240.0800018310547,132353200,-0.0206412563073842,-1
2023-11-30,UNH,506.2514082652126,523.4008059704422,504.5695712094316,522.4842529296875,7121200,0.032064789153082,1
2023-11-30,AAPL,187.7151899349547,188.1898283420745,186.08366378848976,187.82395935058597,48794400,0.0005794385402104,1
2023-11-30,GOOGL,133.8630133792204,134.35861874891418,130.1261446568203,131.3651580810547,38988300,-0.0186597868605388,-1
2023-11-30,AMZN,144.75999450683594,146.92999267578125,144.3300018310547,146.08999633789062,65814000,0.0091876338872883,1
2023-11-30,MSFT,371.2762546529022,372.8457658390955,368.313824366715,371.6882629394531,30554400,0.0011097081523193,1
2023-11-30,META,329.00085151227404,330.5968216475836,319.593443122573,324.3020935058594,23146400,-0.0142819022650443,-1
2023-11-30,JPM,146.08628152226098,147.23679109279772,145.5864716387902,147.18963623046875,9869800,0.0075527605789571,1
2023-11-29,TSLA,249.2100067138672,252.75,242.75999450683597,244.13999938964844,135401300,-0.0203443167915802,-1
2023-11-29,UNH,500.7805330952987,511.9866647686155,499.5049831073904,505.4859619140625,4550000,0.0093961895636792,1
2023-11-29,JPM,145.38842738039006,146.76527166017885,145.22811235973722,145.52989196777344,9126100,0.0009730113320041,1
2023-11-29,AMZN,147.85000610351562,148.5399932861328,145.97000122070312,146.32000732421875,40610900,-0.0103483173225279,-1
2023-11-29,GOOGL,136.36088416260156,137.0745420613024,133.6548676470105,133.80355834960938,23967200,-0.0187541011390241,-1
2023-11-29,META,336.7329553677821,336.9411188190531,327.90051448369286,329.30816650390625,16024500,-0.022049486827823,-1
2023-11-29,MSFT,376.4458788431164,376.9755653604363,370.2463253437472,371.6294555664063,28963400,-0.0127944640847493,-1
2023-11-29,BRK-B,360.9500122070313,361.5199890136719,358.29998779296875,358.69000244140625,3141100,-0.0062612818650598,-1
2023-11-29,AAPL,188.7633011569372,189.9399842182602,186.8549103746581,187.25042724609372,43014200,-0.0080146612268962,-1
2023-11-28,META,330.4976973935413,336.4256514953736,330.4976973935413,336.0390319824219,12637200,0.0167666359934793,1
2023-11-28,TSLA,236.67999267578125,247.0,234.00999450683597,246.72000122070312,148549900,0.0424201827599145,1
2023-11-28,AAPL,187.6558195178904,188.9412718291061,187.28006797313503,188.2688751220703,38415400,0.0032669149603511,1
2023-11-28,GOOGL,134.88397405597584,136.04368893356298,134.22977126615422,135.99412536621094,18730000,0.0082304166822249,1
2023-11-28,JPM,144.492561524212,145.10553164775902,144.02104161697716,144.79432678222656,6582700,0.0020884483936842,1
2023-11-28,AMZN,146.97999572753906,147.60000610351562,145.52999877929688,147.02999877929688,42711700,0.0003402031107042,1
2023-11-28,UNH,515.5488808889619,515.7284083070961,510.2954115169943,510.7300720214844,2859300,-0.0093469485554278,-1
2023-11-28,BRK-B,361.5499877929688,362.1199951171875,359.2099914550781,360.04998779296875,2953500,-0.0041488039016583,-1
2023-11-28,MSFT,371.1389381343408,375.70030662709087,370.9525569972749,375.4060363769531,20453100,0.0114973068146996,1
2023-11-27,GOOGL,134.83439465228903,137.2033876965765,134.80465954030564,135.2110595703125,23436500,0.0027935373536908,1
2023-11-27,JPM,144.69059953295755,144.7849092752855,144.0116240688526,144.4642791748047,6259100,-0.0015641676714547,-1
2023-11-27,AAPL,187.79429075090235,188.5358962659671,186.7857030257735,187.66574096679688,40552600,-0.000684524452748,-1
2023-11-27,META,333.25350452760324,336.9411226805428,331.2907600321463,331.7864074707031,15684500,-0.0044023454726448,-1
2023-11-27,MSFT,369.5988734413345,373.3853204961733,369.0299409491242,371.39398193359375,22179200,0.0048569100753609,1
2023-11-27,AMZN,147.52999877929688,149.25999450683594,146.8800048828125,147.72999572753906,53762400,0.0013556358021894,1
2023-11-27,TSLA,236.88999938964844,238.3300018310547,232.1000061035156,236.0800018310547,112031800,-0.0034192982425628,-1
2023-11-27,UNH,516.9379023205593,520.5189934010028,511.6750317682028,513.6214599609375,2675800,-0.0064155527090083,-1
2023-11-27,BRK-B,362.6400146484375,362.6400146484375,359.5799865722656,361.3399963378906,2580300,-0.0035848727609587,-1
2023-11-24,AAPL,188.733624664797,188.76328767363577,187.1317618355013,187.8437042236328,24048300,-0.0047152193613869,-1
2023-11-24,AMZN,146.6999969482422,147.1999969482422,145.32000732421875,146.74000549316406,22378400,0.0002727235566064,1
2023-11-24,TSLA,233.75,238.75,232.3300018310547,235.4499969482422,65125200,0.0072727142170788,1
2023-11-24,BRK-B,362.510009765625,363.1900024414063,361.239990234375,362.6799926757813,1282000,0.0004689054248906,1
2023-11-24,GOOGL,136.81680506938213,136.9159321844401,134.7947419943983,135.48858642578125,12514300,-0.0097080080398553,-1
2023-11-24,MSFT,370.1383501357465,370.7661665682208,367.9901174917075,370.2364501953125,10176600,0.0002650361939799,1
2023-11-24,META,337.16912925300625,338.88405001830046,333.83836275604654,335.2856750488281,5467500,-0.0055860814077222,-1
2023-11-24,UNH,514.8875163930838,517.4009005171155,512.8843984966102,516.9378662109375,1135000,0.003982131538587,1
2023-11-24,JPM,144.84148165087916,145.6430712490366,144.54914161073685,144.79432678222656,3496900,-0.0003255619047467,-1
2023-11-22,TSLA,242.0399932861328,244.00999450683597,231.3999938964844,234.2100067138672,117950600,-0.0323499702093002,-1
2023-11-22,AMZN,144.57000732421875,147.74000549316406,144.57000732421875,146.7100067138672,45669100,0.0148025128396734,1
2023-11-22,JPM,144.67172786384498,145.11495768637337,144.19076839406415,144.59628295898438,5174500,-0.0005214903144836,-1
2023-11-22,AAPL,189.34667903875183,190.77054860408367,188.694062724642,189.16868591308597,39617700,-0.000940038275662,-1
2023-11-22,GOOGL,136.26172703194487,138.19458474282766,136.26172703194487,137.27276611328125,17813900,0.0074198316971232,1
2023-11-22,UNH,513.0354989945687,514.3867124295028,510.4749408848343,513.781982421875,2234500,0.0014550327000163,1
2023-11-22,META,336.2570915587399,339.93481694882354,335.6325710112949,338.5172424316406,10702700,0.0067214965264336,1
2023-11-22,BRK-B,361.760009765625,362.4599914550781,360.04998779296875,361.7999877929688,2110200,0.00011050980281,1
2023-11-22,MSFT,370.79563367244174,372.5515261398846,367.8233841555208,370.64849853515625,23345300,-0.0003968092499586,-1
2023-11-21,MSFT,368.5100160863887,369.0495215118682,364.04671781694736,365.9595642089844,28423100,-0.0069209838703715,-1
2023-11-21,TSLA,235.0399932861328,243.6199951171875,233.33999633789065,241.1999969482422,122288000,0.026208321298794,1
2023-11-21,UNH,508.1221591002357,511.8071131522095,504.73951234188206,509.8418273925781,2115700,0.0033843599645164,1
2023-11-21,META,335.38482439166535,336.9411648037626,332.9759847995949,334.0466003417969,12027900,-0.0039901150932985,-1
2023-11-21,BRK-B,360.5799865722656,363.0299987792969,360.25,361.0,2918800,0.001164827343101,1
2023-11-21,GOOGL,135.0920822273387,135.97425903159055,134.7649960482321,135.76611328125,22635300,0.0049894193856381,1
2023-11-21,AAPL,189.2676114417462,189.37638084971888,187.61630503925363,188.5062255859375,38134500,-0.0040228005732668,-1
2023-11-21,AMZN,143.91000366210938,144.0500030517578,141.5,143.89999389648438,71226000,-6.955573184823363e-05,-1
2023-11-21,JPM,144.47368527220556,144.87919984297054,143.87958002103724,144.2567901611328,7083500,-0.0015012776248082,-1
2023-11-20,JPM,143.41750828184567,144.99238317230925,143.2666184458422,144.55857849121094,7019000,0.0079562824862556,1
2023-11-20,MSFT,364.1447942149405,371.6489843017366,363.9289860715847,370.2462463378906,52465100,0.0167555659723332,1
2023-11-20,GOOGL,132.5149776822315,135.45887504396703,132.44558566460094,135.05247497558594,27815500,0.0191487584100819,1
2023-11-20,META,331.97473371871814,338.8939521370626,331.2808152503726,337.010498046875,16960500,0.0151691192632257,1
2023-11-20,AAPL,187.76462241033667,189.7620174322178,187.75473976876387,189.30715942382807,46505100,0.0082152697014479,1
2023-11-20,UNH,504.19151968947375,506.7710512058545,502.48130915227705,505.599365234375,2518400,0.0027922832691996,1
2023-11-20,BRK-B,359.3500061035156,362.6099853515625,358.17999267578125,361.3299865722656,3215300,0.0055098940729658,1
2023-11-20,AMZN,145.1300048828125,146.6300048828125,144.72999572753906,146.1300048828125,41951200,0.0068903739154936,1
2023-11-20,TSLA,234.0399932861328,237.1000061035156,231.0200042724609,235.6000061035156,116320100,0.0066655822172904,1
2023-11-17,META,327.38505530805384,332.5794307757708,326.4829733409951,332.1234436035156,14494400,0.0144734410402551,1
2023-11-17,BRK-B,360.4700012207031,360.55999755859375,358.07000732421875,358.92999267578125,3260000,-0.0042722238735727,-1
2023-11-17,AMZN,142.66000366210938,145.22999572753906,142.5399932861328,145.17999267578125,49636700,0.0176642993760218,1
2023-11-17,UNH,510.4844647996097,510.72068208279455,499.21218296645645,506.7238464355469,2676900,-0.007366763581217,-1
2023-11-17,GOOGL,134.80465005712884,134.86412027691202,132.47529895112487,134.12071228027344,37240600,-0.0050735473632812,-1
2023-11-17,TSLA,232.0,237.38999938964844,226.5399932861328,234.3000030517578,142532800,0.0099138062575767,1
2023-11-17,JPM,143.53064675784515,144.15305644499725,142.90823707069305,144.11534118652344,7812400,0.0040736556400024,1
2023-11-17,MSFT,366.4892506146671,367.2347751466243,360.00524677898665,362.8009338378906,40157000,-0.0100639153006276,-1
2023-11-17,AAPL,188.12059370194677,188.24914348244,186.4594046371221,187.56686401367188,50922700,-0.0029434825681668,-1
2023-11-16,MSFT,363.8897655143074,369.17705042836303,363.1246329408824,369.00048828125,27182300,0.0140447004870259,1
2023-11-16,BRK-B,357.7900085449219,360.0,357.2300109863281,359.8599853515625,2822500,0.005785451681725,1
2023-11-16,META,326.50277439703774,331.66741200788823,323.53881252614497,331.28082275390625,18932600,0.0146340206930623,1
2023-11-16,GOOGL,134.00177404646607,136.01393051384863,133.1394255960663,135.72647094726562,28013200,0.012870701996837,1
2023-11-16,AAPL,187.4482069859036,188.8226485285232,186.5384909930313,187.58663940429688,54412900,0.0007385102296745,1
2023-11-16,UNH,508.7269064807086,514.8213232272665,507.8387272902155,510.0592041015625,2360300,0.0026188857005235,1
2023-11-16,TSLA,239.4900054931641,240.8800048828125,230.9600067138672,233.58999633789065,136816800,-0.0246357218253178,-1
2023-11-16,JPM,141.5408447709493,142.89882442983355,141.5408447709493,142.82337951660156,8126200,0.0090612342163688,1
2023-11-16,AMZN,140.91000366210938,143.32000732421875,139.52000427246094,142.8300018310547,49653500,0.0136257051951351,1
2023-11-15,BRK-B,355.0199890136719,357.3099975585937,354.4800109863281,356.7900085449219,3572900,0.0049856897809262,1
2023-11-15,UNH,510.27649721029167,510.66392579963855,502.3868640465241,508.7268981933594,2473700,-0.0030367830488059,-1
2023-11-15,TSLA,239.2899932861328,246.6999969482422,236.4499969482422,242.83999633789065,150354000,0.0148355683537207,1
2023-11-15,MSFT,364.20368992773217,366.0184363495822,360.1131537221127,362.6243896484375,26860100,-0.0043363104849597,-1
2023-11-15,GOOGL,133.68460080506208,133.84319816897428,132.39603881613726,133.43679809570312,23861500,-0.00185363690258,-1
2023-11-15,AAPL,185.7474724520267,187.3789985945617,185.6782486931539,185.9056701660156,53790500,0.0008516816509025,1
2023-11-15,AMZN,147.05999755859375,147.2899932861328,142.58999633789062,143.1999969482422,63875700,-0.0262477946037881,-1
2023-11-15,JPM,140.00371024695332,141.60687520316353,140.00371024695332,141.21080017089844,8365300,0.0086218423912903,1
2023-11-15,META,334.9882813381861,335.4541911554932,327.1471349777592,329.813720703125,14531200,-0.0154469900092926,-1
2023-11-14,GOOGL,133.01055394719708,134.50727652084166,132.14820555787506,132.445556640625,32395200,-0.0042477629767362,-1
2023-11-14,BRK-B,352.5199890136719,355.95001220703125,351.25,354.25,3387500,0.0049075542954843,1
2023-11-14,JPM,138.32504332033207,140.7486620291352,138.17416791860668,139.98480224609375,9927700,0.0119989763669766,1
2023-11-14,AAPL,185.5991254795717,186.0045400899508,184.214801307548,185.342041015625,60108400,-0.0013851598884555,-1
2023-11-14,META,331.62780417236013,335.1568115946723,330.4283155624995,333.38238525390625,17179400,0.0052908141581343,1
2023-11-14,MSFT,363.2016800561241,364.1218990717547,359.61870535436486,362.4772338867188,27683900,-0.0019946112839936,-1
2023-11-14,TSLA,235.02999877929688,238.13999938964844,230.72000122070312,237.41000366210935,149771600,0.0101263876746535,1
2023-11-14,AMZN,145.0,147.25999450683594,144.67999267578125,145.8000030517578,56674600,0.0055172624259159,1
2023-11-14,UNH,509.31281506421885,512.7520947345959,506.93172649453015,510.6639709472656,2454000,0.002652899834999,1
2023-11-13,META,323.3603790199681,329.4369907917262,322.8647316151257,326.3243408203125,16908900,0.0091661254521269,1
2023-11-13,UNH,511.3158949083266,514.1505019775693,508.2544708305525,512.6575927734375,1507900,0.0026240096943426,1
2023-11-13,AAPL,183.74020094629049,183.94784205398747,182.14822040593083,182.7316131591797,43627500,-0.0054892058565105,-1
2023-11-13,BRK-B,350.0899963378906,350.6499938964844,348.8099975585937,350.010009765625,2196200,-0.0002284743154683,-1
2023-11-13,GOOGL,130.62172799705198,131.42460614060172,130.09638760374972,130.9290008544922,18324800,0.0023523870197701,1
2023-11-13,AMZN,142.0800018310547,143.22999572753906,140.6699981689453,142.58999633789062,35680600,0.0035894883182952,1
2023-11-13,MSFT,360.4704270478989,360.7151655370174,358.1992466988061,358.9628295898437,19986500,-0.0041823055233732,-1
2023-11-13,TSLA,215.6000061035156,225.3999938964844,211.6100006103516,223.7100067138672,140447600,0.0376159572391557,1
2023-11-13,JPM,137.40090396181412,137.91957875986594,136.89166877168356,137.47634887695312,6676300,0.0005490860173668,1
2023-11-10,JPM,136.68415940608418,138.1364340318637,135.8731447894524,138.0892791748047,7983300,0.0102800483598537,1
2023-11-10,UNH,512.7615495058787,512.7615495058787,506.4687467577634,511.3726196289063,2480800,-0.0027087247051011,-1
2023-11-10,BRK-B,349.6000061035156,351.20001220703125,348.6000061035156,350.5599975585937,3701100,0.002745970933404,1
2023-11-10,META,317.1548694871678,326.23513373605715,316.6790370793425,325.9079895019531,19096200,0.0275988826182581,1
2023-11-10,MSFT,353.8820570074666,362.3108661279153,353.4709130749397,361.8899230957031,28042100,0.0226286298772915,1
2023-11-10,GOOGL,128.95651664701234,131.63278248151076,128.27257885187583,131.42462158203125,26913300,0.0191390477906189,1
2023-11-10,TSLA,210.02999877929688,215.3800048828125,205.69000244140625,214.6499938964844,130994000,0.0219968344714521,1
2023-11-10,AAPL,181.9108804268445,184.48178544542023,181.475802800193,184.3136749267578,66133400,0.0132086354278275,1
2023-11-10,AMZN,140.4600067138672,143.64999389648438,139.91000366210938,143.55999755859375,49287800,0.0220702740748232,1
2023-11-09,JPM,137.15570184261244,137.3537321294573,135.5148075176755,136.07119750976562,7992500,-0.0079071035201387,-1
2023-11-09,MSFT,354.67500901172906,357.11262469595323,352.7758359325908,353.0989074707031,24847300,-0.0044437907971514,-1
2023-11-09,UNH,507.9614927598339,511.0890064823972,505.0135064333788,509.2843322753906,1819600,0.0026042121979946,1
2023-11-09,META,316.6394446432929,321.35798801019484,316.0248163657783,317.75958251953125,16103100,0.0035375816095819,1
2023-11-09,AAPL,180.67414339377052,181.81963914926845,179.5385022077218,180.13101196289062,53763500,-0.0030061381262298,-1
2023-11-09,BRK-B,347.6400146484375,350.1099853515625,346.8800048828125,348.17999267578125,3052100,0.0015532677614509,1
2023-11-09,GOOGL,130.80017480614322,131.38498550790692,128.92678712827234,129.0952911376953,23747800,-0.0130342613912763,-1
2023-11-09,TSLA,219.75,220.8000030517578,206.67999267578125,209.97999572753903,142110500,-0.0444596326391851,-1
2023-11-09,AMZN,142.02000427246094,142.64999389648438,139.83999633789062,140.60000610351562,36235400,-0.0099985785539133,-1
2023-11-08,MSFT,354.067970995073,356.2118820120091,352.96174852168724,355.5559997558594,26767800,0.0042026641285977,1
2023-11-08,JPM,135.90146025925483,136.58987525429612,135.4393655970245,136.47671508789062,7618200,0.0042328818802858,1
2023-11-08,AAPL,180.07179468790036,181.15804266662397,179.3212801943679,180.60504150390625,49340300,0.002961301168404,1
2023-11-08,GOOGL,129.81886492088287,131.04797161797262,129.63053247035484,130.68121337890625,26425800,0.0066427052689832,1
2023-11-08,BRK-B,346.8500061035156,348.0,344.69000244140625,346.29998779296875,2602400,-0.0015857526333233,-1
2023-11-08,TSLA,223.1499938964844,224.1499938964844,217.63999938964844,222.1100006103516,106584800,-0.0046605122768466,-1
2023-11-08,META,315.3705386153294,318.5327411596939,312.138907923376,316.9962463378906,13609700,0.0051549131053873,1
2023-11-08,AMZN,142.97000122070312,143.1199951171875,141.22000122070312,142.0800018310547,44521700,-0.0062250778628346,-1
2023-11-08,UNH,510.2293586014849,511.5521985252136,504.6924390323333,507.1396179199219,1769200,-0.006055591724537,-1
2023-11-07,GOOGL,129.56115358521535,130.75060336661838,128.73844691253734,129.81886291503906,29757300,0.0019890941280806,1
2023-11-07,AMZN,140.5500030517578,143.3699951171875,140.5,142.7100067138672,53553500,0.0153682220932713,1
2023-11-07,AAPL,176.94138484513783,180.1606652677133,176.7340169447808,179.5484161376953,70530000,0.014733869607945,1
2023-11-07,MSFT,351.8359771725129,354.83157330344505,350.10323976353783,352.94219970703125,25833900,0.0031441427434691,1
2023-11-07,BRK-B,346.8099975585937,346.95001220703125,344.29998779296875,346.1700134277344,3062900,-0.001845345103557,-1
2023-11-07,META,314.29992816341377,318.20563211166666,312.37681382333324,316.04461669921875,14055600,0.0055510306540632,1
2023-11-07,TSLA,219.97999572753903,223.1199951171875,215.72000122070312,222.17999267578125,116900100,0.0100008954949114,1
2023-11-07,JPM,135.3356547192018,136.04293466432486,134.6849692569924,135.8071746826172,6297900,0.0034840778979766,1
2023-11-07,UNH,505.8450680770764,509.8985931088334,502.216803311427,508.1789245605469,2604800,0.0046137772823257,1
2023-11-06,UNH,502.3206783824031,506.4686668632223,500.82776931192825,504.0498046875,2684900,0.003442275780215,1
2023-11-06,AAPL,174.17635419198152,177.18823614800198,174.00847994055556,176.99073791503906,63841300,0.0161582422373789,1
2023-11-06,META,313.2294204557408,315.5589396192179,311.7127402409348,313.05096435546875,12887700,-0.0005697296889047,-1
2023-11-06,MSFT,346.0112633950899,350.0151812088652,345.91336203130555,349.02642822265625,23828300,0.0087140655422061,1
2023-11-06,JPM,135.01499931905428,135.9769038934277,134.6566396092663,135.8731689453125,7625100,0.0063561058444349,1
2023-11-06,AMZN,138.75999450683594,140.72999572753906,138.36000061035156,139.74000549316406,44970400,0.0070626335047876,1
2023-11-06,GOOGL,127.91575939110132,129.19441469449498,127.53909443947174,129.10520935058594,19052700,0.009298697558038,1
2023-11-06,TSLA,223.97999572753903,226.32000732421875,215.0,219.2700042724609,117335800,-0.0210286255242526,-1
2023-11-06,BRK-B,354.0299987792969,354.0299987792969,344.0599975585937,346.6300048828125,5486200,-0.0209021662627452,-1
2023-11-03,GOOGL,126.89478462655,128.39150718035043,126.7361873014037,127.96529388427734,26393100,0.0084361958679219,1
2023-11-03,MSFT,342.2716112105376,346.9314407134558,340.01999961550734,345.3748779296875,23637700,0.0090666786771312,1
2023-11-03,AMZN,138.99000549316406,139.49000549316406,137.4499969482422,138.60000610351562,44059800,-0.0028059527608812,-1
2023-11-03,UNH,505.0986652995806,506.4309053124009,499.6467523152083,501.6310119628906,2739500,-0.0068652989503214,-1
2023-11-03,AAPL,172.06306912689155,174.61083668548292,171.18418929633518,174.4429473876953,79829200,0.0138314297942033,1
2023-11-03,BRK-B,350.1700134277344,354.3500061035156,349.7900085449219,351.8099975585937,4409100,0.0046833939742753,1
2023-11-03,META,309.82921641467783,312.8031011868626,308.31253639094047,311.86138916015625,16764300,0.0065590094084559,1
2023-11-03,JPM,134.0908306209058,135.58083522229103,133.77020054443747,134.8546905517578,9538700,0.0056965858688098,1
2023-11-03,TSLA,221.1499938964844,226.3699951171875,218.3999938964844,219.9600067138672,119534800,-0.0053809053378233,-1
2023-11-02,AMZN,138.72999572753906,138.80999755859375,136.47000122070312,138.07000732421875,52236700,-0.0047573590690257,-1
2023-11-02,MSFT,339.93190993700205,341.4884429030558,337.5138928418696,340.9891967773437,24348100,0.0031102900593758,1
2023-11-02,META,314.537867992154,316.04465564125337,305.64595129379006,308.1638488769531,21631800,-0.020264711387183,-1
2023-11-02,JPM,132.1104404141124,133.42126514351625,131.29942562105097,133.36468505859375,10186200,0.0094939100993821,1
2023-11-02,AAPL,173.32712561259646,175.55888462715336,173.26787764016203,175.3515167236328,77334800,0.0116795977772173,1
2023-11-02,BRK-B,346.3900146484375,349.3900146484375,344.5,349.0199890136719,3433700,0.007592523612159,1
2023-11-02,UNH,502.670318173342,507.24350960079687,497.8987411608174,506.5726318359375,2350900,0.0077631670729558,1
2023-11-02,TSLA,212.97000122070312,219.1999969482422,211.4499969482422,218.50999450683597,125987600,0.026013021807666,1
2023-11-02,GOOGL,127.2912720234564,127.8463475769512,125.81437024728643,126.36944580078124,27124600,-0.0072418651178634,-1
2023-11-01,UNH,500.7617055924367,506.28922441223455,497.7570287842915,502.2923889160156,2747400,0.0030567100209231,1
2023-11-01,BRK-B,341.2099914550781,345.3299865722656,340.5799865722656,343.75,2789700,0.0074441212406767,1
2023-11-01,TSLA,204.0399932861328,205.9900054931641,197.8500061035156,205.66000366210935,121661700,0.0079396707963264,1
2023-11-01,JPM,131.3182952427371,132.52538506399418,130.58272533258497,131.0259552001953,9432000,-0.0022261943166517,-1
2023-11-01,META,299.222366123352,310.0175516552152,299.222366123352,309.13531494140625,20434600,0.0331290369315765,1
2023-11-01,GOOGL,122.9795212237426,125.37824949738864,122.63259896306457,125.3386001586914,30082400,0.0191826973424039,1
2023-11-01,MSFT,332.6387311841403,340.1081537078223,332.5016633074158,338.7865600585937,28158800,0.0184819995331517,1
2023-11-01,AAPL,168.86356825336904,172.0532092124064,167.99455793411695,171.7964630126953,56934900,0.0173684281912463,1
2023-11-01,AMZN,133.9600067138672,137.35000610351562,133.7100067138672,137.0,61529400,0.0226932900401095,1
2023-10-31,AMZN,132.75,133.57000732421875,131.7100067138672,133.08999633789062,51589400,0.0025611776865583,1
2023-10-31,TSLA,196.1199951171875,202.8000030517578,194.07000732421875,200.83999633789065,118068300,0.0240669046411243,1
2023-10-31,AAPL,167.23421730907862,168.76484019690602,165.80232095364974,168.636474609375,44846000,0.0083849903617796,1
2023-10-31,JPM,129.86604948465362,131.3088995862913,129.63971469609615,131.13914489746094,9672500,0.0098031426832442,1
2023-10-31,BRK-B,337.95001220703125,341.489990234375,337.5,341.3299865722656,3066900,0.0100014032938213,1
2023-10-31,UNH,505.5049027792103,507.0922757404076,502.3112410228002,506.0340270996094,2464200,0.0010467244085863,1
2023-10-31,META,300.66961921940054,301.03639345003336,294.2757557468523,298.6473693847656,19434200,-0.006725820320274,-1
2023-10-31,GOOGL,123.96080022210504,124.26808066290327,121.61163584513152,122.98941802978516,26292300,-0.0078362045951576,-1
2023-10-31,MSFT,331.71852577091533,331.865362876774,327.64607407506094,330.9940795898437,20265300,-0.0021839183668984,-1
2023-10-30,GOOGL,122.12706032585908,124.29781401681586,121.67110434536504,123.36607360839844,28940100,0.0101452804909363,1
2023-10-30,JPM,128.66833915982525,130.17719404826093,128.29111464548342,129.59251403808594,9855500,0.007182612943443,1
2023-10-30,MSFT,326.39299310170355,332.3058824741977,324.8462293530412,330.2109069824219,22828100,0.0116972911839705,1
2023-10-30,UNH,496.0562914845366,502.50030584863055,494.1098633904733,500.7711791992188,2555400,0.0095047433035715,1
2023-10-30,AMZN,129.72000122070312,133.0,128.55999755859375,132.7100067138672,72485500,0.0230496875194822,1
2023-10-30,BRK-B,332.9599914550781,338.3599853515625,332.17999267578125,337.4100036621094,2634700,0.0133650057701651,1
2023-10-30,AAPL,166.90830774256386,169.0314401165317,166.7601727667049,168.1624298095703,51131000,0.0075138384899377,1
2023-10-30,TSLA,209.27999877929688,210.8800048828125,194.6699981689453,197.3600006103516,136448200,-0.0569571781272606,-1
2023-10-30,META,296.48636924282346,306.70661659471585,296.4467089787965,300.0252990722656,28435100,0.0119362311275219,1
2023-10-27,JPM,131.0353638210495,131.17682841025032,127.4895397189308,127.9610595703125,17434700,-0.0234616378440819,-1
2023-10-27,BRK-B,336.1199951171875,336.19000244140625,330.5799865722656,331.7099914550781,3608200,-0.0131203252593522,-1
2023-10-27,AAPL,164.82467062426355,166.8490614359056,164.745668316651,166.11830139160156,58499100,0.0078485263306668,1
2023-10-27,UNH,496.9915855888128,498.64510617081646,492.5223741273538,495.7348937988281,2585600,-0.0025285977196089,-1
2023-10-27,GOOGL,121.79996533864067,122.22618623249376,119.15343464446192,121.09620666503906,44566500,-0.0057779874702342,-1
2023-10-27,MSFT,323.4757210351802,329.63334926048014,321.4884458683103,322.8687744140625,29856500,-0.0018763282115125,-1
2023-10-27,AMZN,126.1999969482422,130.02000427246094,125.5199966430664,127.73999786376952,125309300,0.0122028601645603,1
2023-10-27,TSLA,210.6000061035156,212.41000366210935,205.7700042724609,207.3000030517578,94881200,-0.0156695297061661,-1
2023-10-27,META,291.91649836108155,296.704438848398,290.4196335593048,294.1469116210937,29596300,0.0076405865120145,1
2023-10-26,TSLA,211.32000732421875,214.8000030517578,204.8800048828125,205.75999450683597,115112600,-0.0263108679948715,-1
2023-10-26,META,292.43197892863674,292.43197892863674,276.9677733145693,285.8398742675781,66684100,-0.0225423521914725,-1
2023-10-26,GOOGL,122.18653477861498,123.23722322101568,120.20411345783874,121.20523834228516,57061100,-0.0080311340206823,-1
2023-10-26,BRK-B,337.07000732421875,338.32000732421875,335.4599914550781,336.1600036621094,2685400,-0.0026997467657633,-1
2023-10-26,JPM,131.79920893785996,133.60041802221002,131.48800414399508,132.74224853515625,9109400,0.0071551233493435,1
2023-10-26,MSFT,333.3729254857893,334.4399815109655,320.0591482273516,320.9891662597656,37828500,-0.037146865504984,-1
2023-10-26,AMZN,120.62999725341795,121.63999938964844,118.3499984741211,119.56999969482422,100419500,-0.0087871804918217,-1
2023-10-26,UNH,496.7176613004104,501.2246473640642,493.7129847012316,499.2309875488281,2675800,0.0050598689038715,1
2023-10-26,AAPL,168.24146504420852,169.23885617849143,163.6001878537521,164.80494689941406,70625300,-0.0204261068690257,-1
2023-10-25,TSLA,215.8800048828125,220.1000061035156,212.1999969482422,212.4199981689453,107065100,-0.016027453379693,-1
2023-10-25,JPM,132.5631156887243,133.13835617043748,131.5634813825373,132.4027862548828,8242600,-0.001209457344213,-1
2023-10-25,MSFT,337.7586697804962,338.9138581081017,330.5144167677778,333.500244140625,55053800,-0.0126078943958378,-1
2023-10-25,META,307.3014363017255,308.17378070314754,296.2385809646329,296.9225769042969,42192500,-0.0337741974861389,-1
2023-10-25,AAPL,169.73261037900426,170.89786073622298,168.5179666183954,168.9623565673828,57157000,-0.0045380425712036,-1
2023-10-25,UNH,498.2010564429,503.0104069748956,491.4074465666546,500.9789733886719,2380100,0.0055758953335142,1
2023-10-25,AMZN,126.04000091552734,126.33999633789062,120.79000091552734,121.38999938964844,74577500,-0.0368930616637757,-1
2023-10-25,BRK-B,338.5899963378906,339.6199951171875,336.54998779296875,336.8999938964844,2623200,-0.0049912946622313,-1
2023-10-25,GOOGL,127.03356406868409,127.18223962045136,123.97071914254384,124.50597381591795,84366200,-0.0198970269888634,-1
2023-10-24,AAPL,170.8879597127696,171.5002087664513,169.3079436842464,171.27308654785156,43816600,0.0022536803396171,1
2023-10-24,AMZN,127.73999786376952,128.8000030517578,126.33999633789062,128.55999755859375,46477400,0.0064192868994621,1
2023-10-24,GOOGL,136.6185834917505,138.13513477372655,136.21218344241674,137.5899658203125,44814300,0.0071101771350208,1
2023-10-24,TSLA,216.5,222.0500030517578,214.1100006103516,216.5200042724609,118231100,9.239848711749424e-05,1
2023-10-24,BRK-B,338.17999267578125,339.8500061035156,337.7699890136719,338.6300048828125,2355700,0.0013306884404089,1
2023-10-24,META,314.02241214997355,315.5787524774694,307.9259542753489,309.8292236328125,19525500,-0.0133531504597144,-1
2023-10-24,MSFT,324.3273920928105,324.8560355263617,320.70528084515973,323.5736083984375,31153600,-0.002324144407011,-1
2023-10-24,JPM,133.14778633313443,133.6570214733008,132.36506160371712,133.12892150878906,8881400,-0.0001416833494938,-1
2023-10-24,UNH,494.0341799254219,501.4136043357353,493.2877541941901,496.0562133789063,1978200,0.0040929019400835,1
2023-10-23,BRK-B,334.07000732421875,338.8800048828125,333.489990234375,336.8399963378906,2794200,0.0082916423292785,1
2023-10-23,META,306.80580019592827,314.5973643164918,304.5853090932191,311.27655029296875,17796800,0.0145719216983037,1
2023-10-23,AAPL,168.77472302133776,171.8359838309846,167.80695589693704,170.83860778808594,55980100,0.012228636669054,1
2023-10-23,TSLA,210.0,216.97999572753903,202.50999450683597,212.0800018310547,150683400,0.0099047706240699,1
2023-10-23,JPM,134.79812766595725,135.49596799323533,132.71400312369968,132.9686279296875,10133400,-0.01357214501379,-1
2023-10-23,MSFT,318.620120705819,325.7273354388913,317.56286365993043,322.3890991210937,24374700,0.0118290659325769,1
2023-10-23,UNH,497.9743128710662,498.6829645870824,491.6058476734789,492.8153076171875,2357700,-0.0103599826748783,-1
2023-10-23,AMZN,124.62999725341795,127.87999725341795,123.9800033569336,126.55999755859376,48260000,0.0154858408706484,1
2023-10-23,GOOGL,133.8530881539799,136.4500705092504,132.77267210572043,135.30026245117188,26317900,0.010811661629556,1
2023-10-20,META,311.4053948634876,312.5552703274842,303.80214965849547,305.9631652832031,22312300,-0.0174763497038006,-1
2023-10-20,MSFT,324.73865870002226,324.93446147222755,318.60062718286633,319.7949523925781,25027700,-0.015223645768676,-1
2023-10-20,GOOGL,136.1229628278564,136.65820993362706,133.89273882524216,134.40817260742188,26335700,-0.0125973618617388,-1
2023-10-20,AMZN,128.0500030517578,128.1699981689453,124.97000122070312,125.16999816894533,56406400,-0.0224912519654404,-1
2023-10-20,JPM,136.33529063565342,136.87281591727077,134.02483127766632,134.80755615234375,13332900,-0.0112057155281418,-1
2023-10-20,TSLA,217.00999450683597,218.8600006103516,210.4199981689453,211.9900054931641,138010100,-0.0231325244953809,-1
2023-10-20,BRK-B,338.1499938964844,340.0,334.3500061035156,335.8599853515625,3466100,-0.0067721679321481,-1
2023-10-20,UNH,501.7254062023009,504.96629974001706,497.7286290480422,497.9743041992188,2811100,-0.0074764043373352,-1
2023-10-20,AAPL,173.11972583296543,173.22835212793277,170.4830858385587,170.7200927734375,64244000,-0.0138611186448112,-1
2023-10-19,AMZN,130.57000732421875,132.24000549316406,127.47000122070312,128.39999389648438,60961400,-0.0166195397565231,-1
2023-10-19,UNH,507.22455081171046,508.66077005362416,500.0718860222456,502.3206787109375,2351200,-0.0096680495707971,-1
2023-10-19,JPM,137.1934163017745,138.64570554852048,136.6276010958682,137.0142364501953,11143600,-0.0013060382663338,-1
2023-10-19,BRK-B,340.3099975585937,342.69000244140625,338.45001220703125,338.6600036621094,2741300,-0.0048485025662529,-1
2023-10-19,AAPL,173.84057783744473,175.6180919396984,173.00120664203897,173.26783752441406,59302900,-0.0032946295977353,-1
2023-10-19,TSLA,225.9499969482422,230.6100006103516,216.77999877929688,220.1100006103516,170772700,-0.0258464103419677,-1
2023-10-19,META,317.09540654240755,319.08791890346794,309.0361744423842,310.0869445800781,18709200,-0.0221020608237417,-1
2023-10-19,MSFT,325.15953397789394,329.7899967094516,323.9456406942705,324.3470153808594,25052100,-0.0024988306112217,-1
2023-10-19,GOOGL,137.28268416001447,138.4324922204464,136.17253299803895,136.53927612304688,26066000,-0.0054151624548736,-1
2023-10-18,GOOGL,138.22433080496884,139.48317264449588,136.17253249534386,136.7474365234375,23375000,-0.0106847634778221,-1
2023-10-18,TSLA,252.6999969482422,254.6300048828125,242.0800018310547,242.67999267578125,125147800,-0.0396517783675051,-1
2023-10-18,META,318.5922293988665,323.10260834229825,312.8129641528115,314.210693359375,16851000,-0.0137528025958409,-1
2023-10-18,BRK-B,344.7200012207031,344.8299865722656,339.9599914550781,340.8900146484375,2977100,-0.0111104274736107,-1
2023-10-18,AAPL,173.38635072108465,175.36136323860268,172.92222157401596,173.64309692382812,54764400,0.0014807751687241,1
2023-10-18,AMZN,129.89999389648438,130.6699981689453,127.51000213623048,128.1300048828125,42699500,-0.0136257821157586,-1
2023-10-18,UNH,513.1016059236736,513.9897850297677,505.882851086512,506.5064392089844,2551400,-0.0128535296684887,-1
2023-10-18,JPM,138.2401828028462,139.07948753982038,137.08967324569366,137.5989227294922,9620300,-0.0046387386095152,-1
2023-10-18,MSFT,325.4923293025366,328.52709196343386,321.3905106177838,323.16241455078125,23153600,-0.007158124914181,-1
2023-10-17,JPM,139.1643775960049,140.80525749010098,138.42879338011554,139.12664794921875,11482700,-0.000271115693814,-1
2023-10-17,GOOGL,137.41154259753543,138.6703692822643,135.97427499935674,138.49195861816406,23515800,0.0078626292974023,1
2023-10-17,BRK-B,346.17999267578125,348.4100036621094,344.1499938964844,345.3900146484375,2998600,-0.0022819863771954,-1
2023-10-17,MSFT,322.6533636519186,326.44190989346447,320.5192516418675,325.0713806152344,18338500,0.0074941631971466,1
2023-10-17,META,315.4101915615611,321.57604680606164,314.5378472437151,321.1795349121094,16387800,0.0182915565346348,1
2023-10-17,AMZN,130.38999938964844,132.5800018310547,128.7100067138672,131.47000122070312,49344600,0.0082828578580423,1
2023-10-17,TSLA,250.1000061035156,257.17999267578125,247.0800018310547,254.8500061035156,93562900,0.0189924025752881,1
2023-10-17,UNH,510.1725937537671,512.5253084453045,505.0986516028002,507.0639953613281,2586000,-0.0060932289003735,-1
2023-10-17,AAPL,174.44299912050275,176.19088966345473,172.61612132571108,174.93675231933594,57549400,0.0028304558011646,1
2023-10-16,AAPL,174.54174811745375,176.84263973108403,174.3047411678942,176.4871368408203,52517000,0.0111456929035537,1
2023-10-16,MSFT,324.0826582883067,329.06555964733286,323.6421469834392,325.63922119140625,22158000,0.0048029811632649,1
2023-10-16,AMZN,130.69000244140625,133.07000732421875,130.42999267578125,132.5500030517578,42832900,0.0142321568261158,1
2023-10-16,UNH,513.233868472026,516.6354310232957,506.563096523025,508.3678283691406,3827600,-0.0094811359923932,-1
2023-10-16,GOOGL,136.95556193967968,138.40273601931523,136.77715129783755,137.8773956298828,28501900,0.0067308963370844,1
2023-10-16,BRK-B,348.0,349.94000244140625,345.8299865722656,346.2300109863281,3117800,-0.0050861753266433,-1
2023-10-16,TSLA,250.0500030517578,255.3999938964844,248.47999572753903,253.9199981689453,88917200,0.0154768849028426,1
2023-10-16,META,315.8662100616769,319.0185204694929,312.7733446736432,318.3543395996094,16536100,0.0078771627311659,1
2023-10-16,JPM,140.9373067071493,141.0033264055544,138.36281187263532,139.42845153808594,12663500,-0.0107058606717849,-1
2023-10-13,JPM,140.04142044685983,144.3888348154425,139.41901068024754,139.5699005126953,29427000,-0.0033670033670034,-1
2023-10-13,AMZN,132.97999572753906,133.30999755859375,128.9499969482422,129.7899932861328,45786600,-0.0239885888396492,-1
2023-10-13,AAPL,179.1533924067404,179.6570151987734,175.91437292525092,176.61550903320312,51427100,-0.0141659799987231,-1
2023-10-13,GOOGL,138.15494443848604,138.76949019803877,135.41919338050468,136.15269470214844,23420500,-0.0144927837688003,-1
2023-10-13,META,320.71363525767725,322.22039260310345,309.65078063069194,311.9505920410156,21341000,-0.0273235754682552,-1
2023-10-13,BRK-B,346.0,348.44000244140625,343.8800048828125,345.0899963378906,2804800,-0.0026300683875993,-1
2023-10-13,UNH,503.8513560208565,514.4433574684823,502.67026986047006,509.6623229980469,5245400,0.011533097822902,1
2023-10-13,TSLA,258.8999938964844,259.6000061035156,250.22000122070312,251.1199951171875,102073800,-0.0300502084307021,-1
2023-10-13,MSFT,325.3846484410319,326.8041134369332,319.4913278140148,320.83251953125,21072400,-0.0139899928641128,-1
2023-10-12,JPM,137.96670276001075,138.58911237840664,136.86334810356874,137.50460815429688,10484400,-0.0033493197740448,-1
2023-10-12,BRK-B,348.2099914550781,348.6600036621094,343.0199890136719,345.6600036621094,2677500,-0.007323132177549,-1
2023-10-12,TSLA,262.9200134277344,265.4100036621094,256.6300048828125,258.8699951171875,111508100,-0.0154039940046635,-1
2023-10-12,AAPL,177.8202822818536,180.0619109305439,176.80313684087554,178.45228576660156,56743100,0.0035541698429328,1
2023-10-12,MSFT,323.6127589882386,326.6083551720829,321.8016885159057,324.1903381347656,19313100,0.0017847848407855,1
2023-10-12,AMZN,132.1699981689453,134.47999572753906,131.22999572753906,132.3300018310547,55528600,0.0012105898791407,1
2023-10-12,META,325.1447959085207,327.66269395713203,319.88102129735086,321.3382263183594,20530500,-0.011707305908203,-1
2023-10-12,UNH,495.5553895550516,499.4388447613224,493.4578081718638,496.56640625,2377300,0.0020401689019186,1
2023-10-12,GOOGL,139.81025497227756,139.9787589554809,137.0447689914143,137.74853515625,24765500,-0.0147465564413452,-1
2023-10-11,UNH,492.2012023149421,496.6137825962842,491.5492403200056,495.2342529296875,2819300,0.0061622169967895,1
2023-10-11,BRK-B,349.3800048828125,349.6000061035156,344.9200134277344,348.42999267578125,2620800,-0.0027191373111059,-1
2023-10-11,META,320.1981824390359,325.9774185235088,320.13870716386896,324.96630859375,22036300,0.0148911718311265,1
2023-10-11,GOOGL,137.36198046134194,139.86974231945385,137.36198046134194,139.31466674804688,25884300,0.0142156241497586,1
2023-10-11,MSFT,324.2393029495446,325.8154342155564,322.212891143674,325.4238586425781,20063200,0.0036533377732367,1
2023-10-11,AMZN,129.74000549316406,132.0500030517578,129.61000061035156,131.8300018310547,40741800,0.0161091124510607,1
2023-10-11,TSLA,266.20001220703125,268.6000061035156,260.8999938964844,262.989990234375,103706300,-0.0120586845434091,-1
2023-10-11,JPM,138.16475123974746,138.84374102392985,136.75963119469503,137.82525634765625,8698200,-0.0024571744170993,-1
2023-10-11,AAPL,175.9736185461729,177.60301297187604,175.3811238107674,177.5536346435547,47551100,0.0089787100500363,1
2023-10-10,META,316.34203714260326,321.833819593416,315.3904024685447,319.0383605957031,19038000,0.0085234434141435,1
2023-10-10,MSFT,323.99458765130214,324.1316555430621,320.7738506985827,321.47869873046875,20557100,-0.0077652189781056,-1
2023-10-10,TSLA,257.75,268.94000244140625,257.6499938964844,263.6199951171875,122656000,0.0227739868756062,1
2023-10-10,AAPL,175.87486944103904,177.4746247468579,175.72673446240606,176.16123962402344,43698000,0.0016282609556131,1
2023-10-10,AMZN,128.82000732421875,130.74000549316406,128.0500030517578,129.47999572753906,42178600,0.0051233377254763,1
2023-10-10,GOOGL,137.28269277954,138.4919711389079,136.12297798401696,136.8465576171875,27786600,-0.0031769129343412,-1
2023-10-10,UNH,497.47357866577687,499.0231778228946,494.2421425075789,495.3381652832031,2455700,-0.0042925161740266,-1
2023-10-10,BRK-B,347.0,349.510009765625,345.5,348.5599975585937,2858600,0.0044956701976765,1
2023-10-10,JPM,137.13684937657925,138.40995889388373,137.004824376904,137.35374450683594,11288800,0.0015815962758564,1
2023-10-09,GOOGL,135.73639678634393,137.718818202532,134.41808472961787,137.20338439941406,19278100,0.0108076215945178,1
2023-10-09,AAPL,174.60098214625398,176.81300162773064,173.60360623261292,176.75375366210938,42390800,0.0123296644119225,1
2023-10-09,UNH,492.4184269334578,497.8230491032544,491.5680218957287,497.48291015625,2341600,0.0102849181626515,1
2023-10-09,TSLA,255.30999755859372,261.3599853515625,252.0500030517578,259.6700134277344,101377900,0.017077340922147,1
2023-10-09,JPM,135.47710521963256,137.11798531189535,135.32621539355333,136.5238800048828,6964900,0.0077265806909089,1
2023-10-09,AMZN,126.22000122070312,128.7899932861328,124.76000213623048,128.25999450683594,38773700,0.016162203029659,1
2023-10-09,BRK-B,344.239990234375,345.8999938964844,342.8299865722656,345.45001220703125,2762800,0.0035150534713657,1
2023-10-09,MSFT,317.91520719974994,323.3483881671333,316.3782427539174,322.8785095214844,19891200,0.0156120317912817,1
2023-10-09,META,309.7796495788927,317.5414751678971,309.10557632186953,315.588623046875,22503700,0.0187519531249999,1
2023-10-06,GOOGL,132.832143768504,136.9456773507009,132.832143768504,136.3707733154297,27597600,0.0266398587460328,1
2023-10-06,AMZN,124.16000366210938,128.4499969482422,124.12999725341795,127.95999908447266,46836700,0.0306056323315247,1
2023-10-06,UNH,487.9776478350608,496.9539040938653,487.5335293789993,495.8767395019531,3647200,0.0161874046935082,1
2023-10-06,TSLA,253.97999572753903,261.6499938964844,250.6499938964844,260.5299987792969,118121800,0.0257894446883306,1
2023-10-06,MSFT,309.8878491254301,322.26184092251725,309.6431106472469,320.3724670410156,25673600,0.0338335883293758,1
2023-10-06,JPM,134.76979345220388,137.57062223122574,134.04364892699462,136.83505249023438,10270600,0.0153243466887328,1
2023-10-06,META,298.81593709513936,313.5564874187688,298.2905520081828,312.68414306640625,21803900,0.046410529860231,1
2023-10-06,AAPL,171.6285909459562,175.76624458491796,171.016326818613,175.27249145507812,57266700,0.0212313140196398,1
2023-10-06,BRK-B,344.1000061035156,348.760009765625,341.8599853515625,346.3399963378906,3174700,0.0065097070463321,1
2023-10-05,UNH,483.4139122715417,489.6406248601437,483.0454283259928,487.7697448730469,2790700,0.0090105652546019,1
2023-10-05,META,301.97813847002794,303.5443709364718,296.8927913275171,302.1367492675781,19130000,0.0005252393380321,1
2023-10-05,BRK-B,343.70001220703125,345.94000244140625,342.3699951171875,345.0599975585937,3027300,0.0039568964307842,1
2023-10-05,JPM,133.94936120720567,134.9489954403181,132.8082911555661,134.7603759765625,8576200,0.0060546370811151,1
2023-10-05,AMZN,126.70999908447266,126.7300033569336,124.33000183105467,125.95999908447266,39660600,-0.0059190277438168,-1
2023-10-05,GOOGL,133.88284301757812,134.29914971685594,132.2770713207343,133.88284301757812,19832600,0.0,-1
2023-10-05,TSLA,260.0,263.6000061035156,256.25,260.04998779296875,119159200,0.0001922607421875,1
2023-10-05,MSFT,312.3743955953389,313.2456789043345,308.2725763744339,312.6387023925781,16965600,0.0008461218363799,1
2023-10-05,AAPL,171.61871413723316,173.2579782200924,170.52258153582127,172.7247314453125,48527900,0.0064446194789393,1
2023-10-04,AMZN,126.05999755859376,127.36000061035156,125.68000030517578,127.0,44203900,0.0074567861305036,1
2023-10-04,TSLA,248.13999938964844,261.8599853515625,247.6000061035156,261.1600036621094,129721600,0.0524703969714126,1
2023-10-04,META,296.1295154558936,304.2283772759008,295.9015067543039,302.9198608398437,16880500,0.0229303228133012,1
2023-10-04,MSFT,307.420865686593,313.3043876816742,307.3914982671209,312.2471008300781,20720100,0.0156991137628417,1
2023-10-04,UNH,481.40134847927897,483.6029096297042,478.680120857957,482.4690551757813,2801700,0.0022179138049262,1
2023-10-04,GOOGL,131.62285243185696,134.37843188809666,131.3651431138617,134.05133056640625,26752300,0.0184502773620299,1
2023-10-04,BRK-B,342.9200134277344,344.010009765625,339.510009765625,343.69000244140625,3244600,0.002245389547187,1
2023-10-04,AAPL,168.95244285882518,172.03347264460572,168.83394692911625,171.49034118652344,53020300,0.0150213769316073,1
2023-10-04,JPM,134.04476498816743,134.30688084770995,132.86522933598312,134.19454956054688,8128700,0.0011174220223569,1
2023-10-03,META,301.61141908080776,304.099548899281,297.03164113195834,298.3203125,17362300,-0.0109117439612789,-1
2023-10-03,UNH,485.0012513930363,485.6437553995336,480.33359617592174,481.3824157714844,3143200,-0.007461497493373,-1
2023-10-03,GOOGL,132.76275951955418,133.0799390690274,130.68121106331455,131.26602172851562,22989400,-0.0112737773488212,-1
2023-10-03,JPM,134.05415471123064,134.41924577010903,133.25845075431442,133.595458984375,9431100,-0.0034217195867127,-1
2023-10-03,AAPL,170.1078434596355,171.46073744550782,168.6858469308082,170.24609375,49594600,0.000812721433373,1
2023-10-03,AMZN,128.05999755859375,128.52000427246094,124.25,124.72000122070312,51565000,-0.0260814961858984,-1
2023-10-03,BRK-B,347.3900146484375,348.239990234375,342.1300048828125,343.0400085449219,3151700,-0.0125219664356728,-1
2023-10-03,MSFT,314.0777619824239,314.6260036436558,304.6602303826851,306.7943725585937,21033500,-0.0231897647826392,-1
2023-10-03,TSLA,248.6100006103516,250.0200042724609,244.4499969482422,246.52999877929688,101985300,-0.0083665251838146,-1
2023-10-02,UNH,477.6596393272664,486.45639652017127,475.4014173410325,486.2012634277344,3550400,0.0178822395639245,1
2023-10-02,BRK-B,349.6400146484375,350.0,345.4100036621094,348.0799865722656,3527600,-0.0044618121805665,-1
2023-10-02,GOOGL,130.0567925547228,133.23857116468764,130.01713564777157,132.9907684326172,22288000,0.0225591898759143,1
2023-10-02,MSFT,309.6234991428816,315.1154453625428,308.5466440139972,315.0273132324219,20570000,0.0174528551757196,1
2023-10-02,JPM,135.58003593998507,136.31957413491773,133.52054783987114,134.58773803710938,9170600,-0.0073189086873744,-1
2023-10-02,TSLA,244.80999755859372,254.27999877929688,242.6199951171875,251.6000061035156,123810400,0.0277358302873097,1
2023-10-02,AMZN,127.27999877929688,130.47000122070312,126.54000091552734,129.4600067138672,48029700,0.0171276552127443,1
2023-10-02,AAPL,169.0808037676989,172.12232450994816,168.79441854678254,171.57919311523438,52164500,0.0147763039438114,1
2023-10-02,META,300.104578636452,304.5059299768926,299.00425592730016,304.1490783691406,16265600,0.0134769677659205,1
2023-09-29,MSFT,311.0625829749512,312.746384776468,308.35089159051364,309.10467529296875,24147300,-0.0062942564909521,-1
2023-09-29,BRK-B,357.29998779296875,357.5,348.54998779296875,350.29998779296875,4932900,-0.0195913804622238,-1
2023-09-29,GOOGL,132.10856705829798,132.87180356786632,129.2142334940322,129.7098388671875,30859800,-0.0181572493330576,-1
2023-09-29,AAPL,169.87084635964763,170.90773103963988,168.21182785802986,169.0709686279297,51861100,-0.0047087404864308,-1
2023-09-29,AMZN,128.1999969482422,129.14999389648438,126.31999969482422,127.12000274658205,62411700,-0.0084242919451564,-1
2023-09-29,META,304.70424728900844,307.93587851423496,296.754042410053,297.5966491699219,25373700,-0.0233262193826431,-1
2023-09-29,TSLA,250.0,254.7700042724609,246.3500061035156,250.22000122070312,128522700,0.0008800048828125,1
2023-09-29,UNH,481.7415172632751,481.769862182921,476.0250418969852,476.3935546875,3006200,-0.011101311355011,-1
2023-09-29,JPM,139.10922797949095,139.2589982510753,135.60808897933043,135.75787353515625,11917800,-0.0240915321938872,-1
2023-09-28,TSLA,240.0200042724609,247.5500030517578,238.6499938964844,246.3800048828125,117058900,0.0264977939219263,1
2023-09-28,AMZN,124.04000091552734,126.58000183105467,123.04000091552734,125.9800033569336,54555000,0.0156401356585559,1
2023-09-28,GOOGL,128.69880291155567,132.12839883500152,128.64923934805705,131.1470947265625,22513100,0.019023423370063,1
2023-09-28,MSFT,304.4448414726015,308.8403644764348,302.9372740873856,307.0390930175781,19683600,0.0085212530862017,1
2023-09-28,JPM,136.9374263446685,139.36200547860716,136.68466663396703,138.16375732421875,8868100,0.0089554113311842,1
2023-09-28,UNH,478.0753477235453,485.8043977129065,477.1682815979037,481.9776611328125,2922000,0.0081625489116913,1
2023-09-28,BRK-B,357.79998779296875,359.4700012207031,356.6700134277344,357.0599975585937,2731700,-0.0020681672991089,-1
2023-09-28,META,296.33767574089586,303.66332872549503,294.11718502598364,301.31396484375,22167100,0.0167926305368109,1
2023-09-28,AAPL,167.2243401117975,169.8807348967939,165.52582779726043,168.55747985839844,56294400,0.0079721632969798,1
2023-09-27,JPM,135.91704574382544,136.75955906802622,135.28046837627247,136.4693603515625,6717800,0.004063615455401,1
2023-09-27,BRK-B,360.010009765625,360.5199890136719,354.2699890136719,357.7799987792969,3535400,-0.0061943027300266,-1
2023-09-27,TSLA,244.25999450683597,245.3300018310547,234.5800018310547,240.5,136597200,-0.015393411084068,-1
2023-09-27,META,297.8345632707552,298.677139729877,284.2934713763144,295.14813232421875,36429800,-0.0090198763939102,-1
2023-09-27,AAPL,170.46331542744704,170.87806622328196,166.93792612877573,168.30067443847656,66921800,-0.0126868410575467,-1
2023-09-27,MSFT,305.7272930031046,307.6852008158054,303.1722376476752,306.2070007324219,19410100,0.0015690706727724,1
2023-09-27,GOOGL,127.43998300872548,129.74949092087255,127.43998300872548,129.3926544189453,22746500,0.0153222824118403,1
2023-09-27,AMZN,125.76000213623048,127.4800033569336,124.12999725341795,125.9800033569336,66553400,0.0017493735445774,1
2023-09-27,UNH,478.3210654268436,478.4438741807852,473.4266218754708,475.9588928222656,2593700,-0.0049384665976816,-1
2023-09-26,BRK-B,359.79998779296875,360.7900085449219,357.95001220703125,359.4200134277344,3063900,-0.0010560710898439,-1
2023-09-26,MSFT,308.4977412546043,309.23195666524725,303.4952713882668,305.5706787109375,26297600,-0.0094881166123387,-1
2023-09-26,AMZN,130.1199951171875,130.38999938964844,125.27999877929688,125.9800033569336,73048200,-0.0318167223763371,-1
2023-09-26,META,295.0688421646148,297.6858449572033,293.4332116377571,296.3575134277344,19417200,0.0043673579821777,1
2023-09-26,TSLA,242.97999572753903,249.5500030517578,241.66000366210935,244.1199951171875,101993600,0.0046917417470315,1
2023-09-26,UNH,480.88165970620327,481.3352072337613,476.57305911730526,477.5840759277344,2420200,-0.0068573706480791,-1
2023-09-26,AAPL,172.63586851438868,173.01111068359924,169.51534481079926,169.8115997314453,64588900,-0.0163596870525661,-1
2023-09-26,GOOGL,128.62942178523338,129.21423249109523,126.10183137682498,127.43997192382812,25718700,-0.0092471057157608,-1
2023-09-26,JPM,135.36471871200064,136.5255134713151,135.01834009270283,135.6736297607422,7468400,0.0022820647187897,1
2023-09-25,AAPL,172.02361011818323,174.7590070374673,171.97423178505466,173.880126953125,46172700,0.0107922211007332,1
2023-09-25,META,293.06644978298425,298.3302234798701,291.1433351844772,298.21124267578125,18987000,0.0175550387859365,1
2023-09-25,TSLA,243.3800048828125,247.1000061035156,238.30999755859372,246.9900054931641,104636600,0.0148327740074201,1
2023-09-25,MSFT,309.9269765789233,310.9842634015669,308.3704436389246,310.85699462890625,17836000,0.0030007650842427,1
2023-09-25,GOOGL,128.6888930557924,130.0171118264149,127.82654454608128,129.9576416015625,20094600,0.0098590369039855,1
2023-09-25,JPM,136.06683591353567,137.16210899360448,134.52220904350628,137.09657287597656,7044700,0.0075678761509178,1
2023-09-25,AMZN,129.36000061035156,131.77999877929688,128.77000427246094,131.27000427246094,46017800,0.0147650251476307,1
2023-09-25,UNH,480.23911066194137,482.7713525744837,478.69896963125615,482.1477355957031,2758500,0.0039743221478379,1
2023-09-25,BRK-B,359.010009765625,361.8900146484375,357.2699890136719,361.7099914550781,2556200,0.0075206306676957,1
2023-09-22,AMZN,131.11000061035156,132.02999877929688,128.52000427246094,129.1199951171875,59904300,-0.0151781365563272,-1
2023-09-22,BRK-B,362.7799987792969,363.4200134277344,359.760009765625,360.1600036621094,3969400,-0.0072219943933056,-1
2023-09-22,UNH,471.4896058432629,481.34458206701487,470.5730818087603,478.19818115234375,4558500,0.0142284691453219,1
2023-09-22,MSFT,314.5574848611761,314.6847536524901,309.4962798834054,310.33819580078125,21447900,-0.0134134117401686,-1
2023-09-22,TSLA,257.3999938964844,257.7900085449219,244.47999572753903,244.8800048828125,127524100,-0.0486402071116866,-1
2023-09-22,JPM,137.88292580761205,138.0888760647545,135.9170564679509,136.4225616455078,7071700,-0.0105913343044508,-1
2023-09-22,AAPL,172.48775099523908,174.86764517240317,171.87550181385268,172.6062469482422,56725400,0.0006869818425911,1
2023-09-22,GOOGL,129.61072142408077,130.86956340083478,128.46092836722917,129.10520935058594,26397300,-0.0039002334678842,-1
2023-09-22,META,296.6945875794634,302.7216782460861,295.673554918272,296.4765014648437,25369600,-0.000735052554881,-1
2023-09-21,AMZN,131.94000244140625,132.24000549316406,129.30999755859375,129.3300018310547,70343300,-0.0197817232231039,-1
2023-09-21,UNH,466.9447766305615,477.2911028995158,465.8959571289292,473.5116271972656,4703900,0.0140634415360421,1
2023-09-21,GOOGL,130.284744080372,131.06779392210422,128.9267901856762,129.2935333251953,31503900,-0.0076080339426788,-1
2023-09-21,AAPL,172.36920682730067,174.09734264324985,171.6878251518227,171.75694274902344,63149100,-0.0035520502156204,-1
2023-09-21,META,293.12587149825106,297.64617316620246,290.71700224931874,293.1556091308594,21319600,0.0001014500441612,1
2023-09-21,BRK-B,366.55999755859375,367.2000122070313,362.9400024414063,363.2799987792969,3178600,-0.008948054346199,-1
2023-09-21,JPM,138.15439313326482,139.34328503841164,137.26507039146745,137.74249267578125,8052400,-0.0029814503045606,-1
2023-09-21,TSLA,257.8500061035156,260.8599853515625,254.2100067138672,255.6999969482422,119951500,-0.008338216421877,-1
2023-09-21,MSFT,312.54080796824985,318.50263318201627,308.37045511046944,312.8051147460937,35560400,0.0008456712566979,1
2023-09-20,AMZN,138.5500030517578,139.3699951171875,135.1999969482422,135.2899932861328,46263700,-0.0235294817309182,-1
2023-09-20,MSFT,322.57512067569024,322.6534238453553,313.7645352608611,314.01904296875,21436500,-0.0265242951440831,-1
2023-09-20,JPM,140.09218487834835,140.65386993955852,138.67863032943688,138.8284149169922,7332000,-0.0090209883046194,-1
2023-09-20,TSLA,267.0400085449219,273.92999267578125,262.4599914550781,262.5899963378906,122514600,-0.0166642153409108,-1
2023-09-20,UNH,456.1355367281248,467.8141044179988,452.7245732772379,464.9984130859375,3724800,0.0194303570850595,1
2023-09-20,GOOGL,136.8663646339005,136.8663646339005,132.44555860062232,132.56451416015625,29927500,-0.0314310275227309,-1
2023-09-20,AAPL,177.02035765272817,177.45486279571944,173.20858308214417,173.29747009277344,58436200,-0.0210308441883173,-1
2023-09-20,META,302.39448120124234,305.3782883735429,296.8234089972703,297.06134033203125,19379500,-0.017636369711595,-1
2023-09-20,BRK-B,371.3299865722656,371.3399963378906,366.7300109863281,366.8200073242188,2268400,-0.0121454754830826,-1
2023-09-19,GOOGL,136.21216019438876,137.19346414304988,135.41918868155213,136.8267059326172,20353700,0.0045116804355162,1
2023-09-19,TSLA,264.3500061035156,267.8500061035156,261.20001220703125,266.5,103704000,0.008133133523146,1
2023-09-19,BRK-B,371.6400146484375,373.3399963378906,368.4599914550781,370.4800109863281,2603700,-0.0031213099138603,-1
2023-09-19,UNH,457.0898664594984,458.9512596642251,450.2679106814516,454.1607666015625,3230700,-0.0064081487533818,-1
2023-09-19,JPM,139.95179997983664,140.1577502596705,137.80806297424448,139.41819763183594,7943400,-0.0038127580215301,-1
2023-09-19,AAPL,175.30211073798526,177.38574949277796,174.91698390976052,176.83274841308594,51826900,0.0087314275262118,1
2023-09-19,AMZN,138.6999969482422,138.83999633789062,135.55999755859375,137.6300048828125,61482500,-0.0077144346717539,-1
2023-09-19,MSFT,319.30536803908217,322.45760041034737,317.6803011768475,321.733154296875,16505900,0.0076033368079664,1
2023-09-19,META,299.8469173004536,303.50479820729083,297.2001463854222,302.41436767578125,15924400,0.0085625371721097,1
2023-09-18,BRK-B,369.3299865722656,371.3299865722656,367.7900085449219,370.4299926757813,3130900,0.0029783828649407,1
2023-09-18,AMZN,140.47999572753906,141.75,139.22000122070312,139.97999572753906,42823500,-0.0035592256207762,-1
2023-09-18,MSFT,320.9010301881777,323.4463159361462,319.4913343854658,322.134521484375,16834200,0.0038438371340658,1
2023-09-18,UNH,461.4834789575605,461.79527304498015,456.93866130338967,459.2630310058594,1997500,-0.0048115437560557,-1
2023-09-18,META,295.59422852439974,300.9571375613304,295.2076089926441,299.916259765625,14234200,0.0146215007742226,1
2023-09-18,TSLA,271.1600036621094,271.44000244140625,263.760009765625,265.2799987792969,101543300,-0.0216846319641577,-1
2023-09-18,JPM,138.6973598429271,139.61476546325227,138.31354218596897,139.59603881835938,6512400,0.0064794238077062,1
2023-09-18,AAPL,174.2751007250675,177.13887792290447,173.9689761950564,175.74649047851562,67257600,0.0084429143769044,1
2023-09-18,GOOGL,135.40931114975817,137.9369017736187,135.40931114975817,136.99525451660156,21861300,0.0117122179662327,1
2023-09-15,TSLA,277.54998779296875,278.9800109863281,271.0,274.3900146484375,133692300,-0.0113852397172085,-1
2023-09-15,AMZN,142.69000244140625,143.57000732421875,140.08999633789062,140.38999938964844,102909300,-0.0161188801766422,-1
2023-09-15,JPM,139.40882229373597,140.16708718154675,138.83778101161687,139.30584716796875,19863400,-0.0007386557326353,-1
2023-09-15,MSFT,329.8291754846568,330.29905425690873,322.7121612017879,323.2701721191406,37679800,-0.019886061795104,-1
2023-09-15,BRK-B,368.5199890136719,370.2000122070313,367.5199890136719,367.8599853515625,11595000,-0.0017909575648144,-1
2023-09-15,GOOGL,136.76725635034862,137.30251863025583,135.28044021121335,136.19235229492188,38919600,-0.0042035211553417,-1
2023-09-15,AAPL,174.27510652680778,174.29486087176767,171.6483512368518,172.82347106933594,109259500,-0.0083295628756281,-1
2023-09-15,META,308.89735891461083,309.2839784085415,296.1493222742044,297.6957397460937,28131100,-0.0362632403458443,-1
2023-09-15,UNH,458.9606723060738,462.8157540869077,457.448904929785,459.8677673339844,5334300,0.0019764112322582,1
2023-09-14,BRK-B,370.1000061035156,370.2200012207031,368.260009765625,369.5,3670100,-0.0016211999287236,-1
2023-09-14,GOOGL,136.3905946148167,137.48091727999335,135.04254749494362,136.88619995117188,24751000,0.0036337207690516,1
2023-09-14,META,304.06977984776057,310.1464222632418,302.37467408444013,309.0064392089844,19343100,0.0162352844261453,1
2023-09-14,TSLA,271.32000732421875,276.7099914550781,270.4200134277344,276.0400085449219,107709800,0.0173964362866276,1
2023-09-14,UNH,456.0221355735305,458.5165747693012,452.384384112714,456.9386596679688,2334300,0.0020098236970132,1
2023-09-14,AMZN,145.0800018310547,145.86000061035156,142.9499969482422,144.72000122070312,64033600,-0.0024813937538461,-1
2023-09-14,JPM,138.39776274640508,140.32619253830543,138.0982079097636,139.71771240234375,10034900,0.0095373626693467,1
2023-09-14,MSFT,332.01216654665086,333.6861691354584,329.4864789543326,331.5716552734375,20267000,-0.001326792562439,-1
2023-09-14,AAPL,171.8260758579031,173.8998448696545,171.41132506918257,173.54434204101562,60895800,0.0100000315699083,1
2023-09-13,META,299.7278803744034,304.5059285575894,298.6969555666473,302.4043884277344,13210900,0.0089297934179083,1
2023-09-13,BRK-B,369.3299865722656,370.8399963378906,365.9700012207031,367.8200073242188,3261400,-0.0040884285136468,-1
2023-09-13,TSLA,270.07000732421875,274.9800109863281,268.1000061035156,271.29998779296875,111673700,0.0045543023489957,1
2023-09-13,AMZN,140.9499969482422,144.97999572753906,140.8699951171875,144.85000610351562,60465200,0.0276694518603327,1
2023-09-13,MSFT,324.33721264984047,329.7606255946868,324.2001746396606,328.9872436523437,16544400,0.0143370258519287,1
2023-09-13,JPM,137.9297393099169,138.26674753287986,136.50682839895887,137.05914306640625,8325900,-0.006311882034044,-1
2023-09-13,GOOGL,133.90263613822427,135.69672490178635,132.97089575556973,135.50840759277344,20749500,0.0119920824627498,1
2023-09-13,AAPL,174.30471474035696,175.08485308011382,171.80632524830068,172.03346252441406,84267900,-0.0130303544532695,-1
2023-09-13,UNH,454.8882635023066,457.3543865201686,453.0268704690177,453.3859252929688,2197800,-0.0033026532664768,-1
2023-09-12,TSLA,270.760009765625,278.3900146484375,266.6000061035156,267.4800109863281,135999900,-0.0121140443972361,-1
2023-09-12,META,303.66332641243866,305.9730602651931,297.6164522615025,299.03399658203125,13480400,-0.0152449421044667,-1
2023-09-12,AMZN,142.32000732421875,143.0,140.61000061035156,141.22999572753906,42668500,-0.0076588781659948,-1
2023-09-12,MSFT,328.7523488775512,329.70193547979426,324.50369198075106,324.7875671386719,17565500,-0.0120600864219408,-1
2023-09-12,GOOGL,135.06236368343136,135.66700281159663,134.00177610596597,134.15045166015625,18405500,-0.0067517848674151,-1
2023-09-12,JPM,135.2711113808214,137.9110112067669,134.84985472125945,136.99359130859375,8363200,0.0127335386705233,1
2023-09-12,UNH,451.0615370984323,456.9764258626301,446.0915172698515,453.4425964355469,2195200,0.0052787904560236,1
2023-09-12,BRK-B,365.6499938964844,370.4299926757813,365.4700012207031,367.7799987792969,2898400,0.0058252561694709,1
2023-09-12,AAPL,177.24748281871987,177.87948614675489,172.63583094462646,174.0973358154297,90370200,-0.01777259091748,-1
2023-09-11,GOOGL,135.33991830158746,136.27165888953823,134.59651018881954,135.71658325195312,20763400,0.0027831031309352,1
2023-09-11,AAPL,177.82027676778657,178.0473990105972,175.12437356668377,177.119140625,58953100,-0.0039429482145175,-1
2023-09-11,MSFT,330.1423875895978,331.29757584054045,328.37048350695864,330.8276672363281,16583300,0.0020757093681112,1
2023-09-11,UNH,455.4079590478568,457.1654015008759,451.64737014591753,452.9512939453125,2059200,-0.0053944272464638,-1
2023-09-11,AMZN,138.75,143.6199951171875,138.63999938964844,143.10000610351562,56764500,0.0313513953406531,1
2023-09-11,TSLA,264.2699890136719,274.8500061035156,260.6099853515625,273.5799865722656,174667900,0.0352291139578172,1
2023-09-11,BRK-B,364.8699951171875,366.6099853515625,364.510009765625,365.5199890136719,2921600,0.0017814397050533,1
2023-09-11,META,298.78620226973936,306.34978726869906,298.6573290912113,304.8826599121094,19489300,0.0204040802287992,1
2023-09-11,JPM,135.50512987768147,135.785972381945,134.51283207562778,135.23365783691406,6854200,-0.0020034078489313,-1
2023-09-08,TSLA,251.22000122070312,256.5199890136719,246.6699981689453,248.5,118367700,-0.0108271682488908,-1
2023-09-08,JPM,134.21327851187928,134.91537771193595,133.53926213708527,134.64390563964844,7107900,0.0032085284894597,1
2023-09-08,AAPL,176.121777292026,177.9881638364286,175.56876103562882,175.95388793945312,65551300,-0.0009532572016605,-1
2023-09-08,GOOGL,133.72425434486345,135.4588732667458,133.66478411606147,135.18133544921875,23558300,0.0108961617433858,1
2023-09-08,AMZN,136.86000061035156,138.85000610351562,136.75,138.22999572753906,38348200,0.0100101937094677,1
2023-09-08,UNH,453.7166371173899,456.3433717243582,452.3560234814669,454.2646484375,1858400,0.0012078272544551,1
2023-09-08,MSFT,323.14287386196446,329.0851309217736,322.5261281543159,327.2348937988281,19530100,0.0126631910150419,1
2023-09-08,BRK-B,362.5199890136719,364.8299865722656,361.7699890136719,363.1499938964844,3019100,0.0017378486756732,1
2023-09-08,META,296.6152840075846,302.5927915043755,294.19652184534834,295.296875,17548000,-0.0044448451535318,-1
2023-09-07,TSLA,245.07000732421875,252.80999755859372,243.2700042724609,251.4900054931641,115312900,0.0261965886362091,1
2023-09-07,JPM,134.92477231609618,135.99196271974506,134.23202917243916,134.54095458984375,8373700,-0.002844679443692,-1
2023-09-07,AAPL,172.9913740950523,175.98353252575788,171.37186410651492,175.34164428710938,112488800,0.013586054243177,1
2023-09-07,UNH,451.684252728106,458.4703324196708,450.460697774385,456.3055725097656,2928000,0.0102313059482316,1
2023-09-07,META,295.4058570001141,304.37706303978695,289.6761741381752,296.0700378417969,33748700,0.0022483672071624,1
2023-09-07,BRK-B,360.9599914550781,363.2999877929688,360.8699951171875,361.7999877929688,3263800,0.0023271175691923,1
2023-09-07,AMZN,133.89999389648438,138.02999877929688,133.16000366210938,137.85000610351562,48498900,0.0294997190969622,1
2023-09-07,MSFT,324.3175746347369,326.0698802204904,322.10512974677425,322.96661376953125,18381000,-0.0041655493592265,-1
2023-09-07,GOOGL,132.41583170533318,134.38834641226532,131.78145747227418,134.07115173339844,18844300,0.012500922334943,1
2023-09-06,TSLA,255.13999938964844,255.38999938964844,245.05999755859372,251.9199981689453,116959800,-0.0126205268809519,-1
2023-09-06,AAPL,186.0461707664675,186.49056063180012,179.2027597126584,180.6247711181641,81755800,-0.0291400764980462,-1
2023-09-06,UNH,453.74548459258426,454.7525807686786,448.3712124452982,448.8982849121094,2596100,-0.0106826400373486,-1
2023-09-06,AMZN,136.32000732421875,137.4499969482422,134.61000061035156,135.36000061035156,41785500,-0.0070423023935433,-1
2023-09-06,GOOGL,134.824484524279,135.32999653967815,132.4951333142853,133.2781982421875,18684500,-0.011468883322992,-1
2023-09-06,BRK-B,360.0199890136719,362.7999877929688,359.260009765625,361.6700134277344,2655800,0.0045831466707806,1
2023-09-06,MSFT,326.36359184407087,327.42084870322736,323.2309280293988,325.8741149902344,17535800,-0.0014997900074293,-1
2023-09-06,META,299.0835715746785,300.6597268131364,293.08624961534355,296.5657043457031,15418100,-0.0084186076009416,-1
2023-09-06,JPM,135.45833292470454,136.24468058187983,134.9060183286584,135.7017364501953,8629200,0.0017968885356508,1
2023-09-05,META,294.4344124053595,298.76639670796936,292.9375776161612,297.53717041015625,14956000,0.0105380277374814,1
2023-09-05,AAPL,185.92768366781115,187.6064413525269,185.26605625958229,187.32994079589844,45280000,0.0075419491085181,1
2023-09-05,TSLA,245.0,258.0,244.8600006103516,256.489990234375,129469600,0.0468979193239795,1
2023-09-05,GOOGL,134.24958930429057,135.22097162539615,133.39714743586188,134.57669067382812,19403100,0.002436516724056,1
2023-09-05,BRK-B,363.8800048828125,366.4700012207031,360.0,360.4700012207031,2976800,-0.0093712312200489,-1
2023-09-05,AMZN,137.72999572753906,137.8000030517578,135.82000732421875,137.27000427246094,40636700,-0.0033398059198962,-1
2023-09-05,UNH,449.8959877454922,456.10794645902246,449.463041490185,452.540771484375,3443300,0.0058786559803217,1
2023-09-05,MSFT,322.07580143984785,327.8026871669536,321.74296073160247,326.530029296875,18553900,0.013829750130604,1
2023-09-05,JPM,137.76123245014202,138.7441742202353,135.74853943819002,135.92640686035156,7854700,-0.0133188819318563,-1
2023-09-01,JPM,136.75954535978775,138.62245352140573,136.3944543846634,137.44293212890625,7903500,0.0049969950347571,1
2023-09-01,AAPL,187.12258052751665,187.5472010181368,185.9276912341992,187.09295654296875,45766500,-0.0001583132536135,-1
2023-09-01,META,296.76394986830445,299.1133139449209,291.9066109005764,293.79998779296875,12842300,-0.0099876082544764,-1
2023-09-01,UNH,450.837175798786,452.3901582379848,445.5287660376892,448.2394409179688,3165900,-0.0057620245628914,-1
2023-09-01,TSLA,257.260009765625,259.0799865722656,242.00999450683597,245.00999450683597,132541600,-0.0476172541155905,-1
2023-09-01,MSFT,324.3372334886783,325.0029150101556,319.9025732532159,321.7430114746094,14942000,-0.0079985328423894,-1
2023-09-01,GOOGL,136.25186463002217,136.25186463002217,133.6648034305699,134.46768188476562,21543700,-0.013094740025036,-1
2023-09-01,BRK-B,362.0,363.3900146484375,360.6000061035156,362.4599914550781,2637900,0.0012706946272876,1
2023-09-01,AMZN,139.4600067138672,139.9600067138672,136.8800048828125,138.1199951171875,40991500,-0.0096085725811631,-1
2023-08-31,TSLA,255.97999572753903,261.17999267578125,255.0500030517578,258.0799865722656,108861700,0.0082037302905566,1
2023-08-31,MSFT,322.27160382501023,323.9456064626788,319.9025224771531,320.8619079589844,26411000,-0.0043742478372103,-1
2023-08-31,BRK-B,362.1799926757813,362.4700012207031,359.25,360.20001220703125,2842300,-0.00546684109777,-1
2023-08-31,GOOGL,134.8145624474285,136.78707719387538,134.59649488250773,134.97315979003906,30053800,0.001176411062213,1
2023-08-31,UNH,463.41166139661146,464.78584132218174,448.28651948392553,448.5594482421875,4927700,-0.0320497181915167,-1
2023-08-31,AAPL,185.4932031611548,186.75721017905872,185.13770024560975,185.5228271484375,60794500,0.0001597038963038,1
2023-08-31,AMZN,135.05999755859375,138.7899932861328,135.0,138.00999450683594,58781300,0.0218421220314503,1
2023-08-31,JPM,138.79095064722685,138.87521339871287,136.637858079505,136.98422241210938,10933900,-0.0130176227390339,-1
2023-08-31,META,293.2250268545487,298.478908110715,293.0862612959808,293.31427001953125,17229900,0.0003043504367273,1
2023-08-30,AAPL,182.62943856671396,185.5030858470339,182.4319402975977,185.3055725097656,60813900,0.0146533547058685,1
2023-08-30,BRK-B,358.6300048828125,362.6799926757813,358.6000061035156,361.05999755859375,3058300,0.0067757651136169,1
2023-08-30,MSFT,321.7528000842896,322.86879202505213,319.5795211730121,321.8702697753906,15222100,0.000365092987754,1
2023-08-30,UNH,464.94584942485744,467.50592817745815,461.463408153845,462.6304931640625,2283400,-0.0049798406925431,-1
2023-08-30,TSLA,254.1999969482422,260.510009765625,250.58999633789065,256.8999938964844,121988400,0.0106215459506552,1
2023-08-30,AMZN,134.92999267578125,135.67999267578125,133.9199981689453,135.07000732421875,36137000,0.0010376836584727,1
2023-08-30,JPM,139.12798531844592,139.6241343213218,137.78932291407224,138.69737243652344,6277300,-0.0030950845794026,-1
2023-08-30,META,294.58314634297454,295.6933918946849,290.8756824983216,292.5311584472656,17717000,-0.0069657341948539,-1
2023-08-30,GOOGL,133.5953920373494,135.08220825541576,132.89164083061692,134.68572998046875,28315800,0.0081614936450392,1
2023-08-29,JPM,138.27607543171382,139.34326542853302,137.77991228921118,139.25900268554688,6337000,0.0071084404931528,1
2023-08-29,META,286.0678766841328,296.54587132156684,285.67136476377044,295.3959655761719,20844500,0.0326079565457077,1
2023-08-29,BRK-B,355.0400085449219,358.5899963378906,354.010009765625,358.2900085449219,2285600,0.0091538979320095,1
2023-08-29,MSFT,315.1056626837717,322.0562408320529,315.1056626837717,321.49822998046875,19284600,0.0202870594017613,1
2023-08-29,GOOGL,131.0776996976363,135.36964355822954,131.0776996976363,133.38722229003906,43075600,0.017619492848366,1
2023-08-29,UNH,462.57410074721815,463.95767348019297,459.27988268997353,463.8541259765625,2113700,0.0027671787661191,1
2023-08-29,TSLA,238.5800018310547,257.4800109863281,237.7700042724609,257.17999267578125,134047600,0.0779612318801881,1
2023-08-29,AMZN,133.3800048828125,135.13999938964844,133.25,134.91000366210938,38646100,0.0114709755831927,1
2023-08-29,AAPL,177.4548654120463,182.5898947624316,177.25736718090633,181.81964111328125,53003900,0.0245965400334334,1
2023-08-28,MSFT,318.8061007178544,319.285778523708,314.94902032407407,316.8873596191406,14808500,-0.0060185206443457,-1
2023-08-28,META,285.4929401424,288.91291975529066,283.3120791933217,287.7332763671875,14239300,0.0078472561306422,1
2023-08-28,JPM,138.14506687716968,139.11863830045337,137.73316633046414,138.1356964111328,5094100,-6.783062362409034e-05,-1
2023-08-28,UNH,461.6516426258867,464.0705464290392,460.3716175815511,462.3952026367188,1344500,0.0016106517169583,1
2023-08-28,TSLA,242.5800018310547,244.3800048828125,235.3500061035156,238.82000732421875,107673700,-0.0155000184617633,-1
2023-08-28,GOOGL,130.15585618309913,131.37504093670455,128.99614164313212,129.85848999023438,20543300,-0.0022846931485467,-1
2023-08-28,AAPL,177.83997931944256,178.33373239550397,176.31922647515856,177.93873596191406,43820700,0.0005553118193637,1
2023-08-28,BRK-B,357.8900146484375,358.4100036621094,354.5299987792969,355.54998779296875,1728000,-0.0065383966014458,-1
2023-08-28,AMZN,133.77999877929688,133.9499969482422,131.85000610351562,133.13999938964844,34108400,-0.0047839691694441,-1
2023-08-25,MSFT,314.70426538436715,318.5123799630537,312.09044570865603,316.1824951171875,21684100,0.0046972027246434,1
2023-08-25,AAPL,175.16386577811136,176.91174101480664,173.62335841851225,176.3784942626953,51449600,0.0069342411415067,1
2023-08-25,TSLA,231.30999755859372,239.0,230.3500061035156,238.58999633789065,106612200,0.0314729101903723,1
2023-08-25,GOOGL,128.40141074890354,129.61068885584038,126.13154519552585,128.73843383789062,26762900,0.0026247615740464,1
2023-08-25,META,283.6392607191372,285.8795972382046,273.6271745500085,283.0147399902344,23701400,-0.0022018134136981,-1
2023-08-25,BRK-B,354.989990234375,357.3500061035156,352.9200134277344,355.92999267578125,2136800,0.002647968864659,1
2023-08-25,UNH,461.1151944147549,462.272858252584,456.155025378753,460.3622131347656,1923500,-0.0016329569901615,-1
2023-08-25,JPM,137.8735553172173,139.1279690919885,136.53489306897146,137.6582489013672,6695500,-0.0015616222803186,-1
2023-08-25,AMZN,132.47000122070312,133.8699951171875,130.5800018310547,133.25999450683594,44147500,0.0059635636661362,1
2023-08-24,GOOGL,132.7726592046356,133.07002541485494,128.4311669842587,128.63931274414062,28500700,-0.031131006076518,-1
2023-08-24,MSFT,325.8448009621162,325.97206974501347,313.22607126255105,313.2358703613281,23281400,-0.0386961233187023,-1
2023-08-24,JPM,138.07952671117278,139.86754299375357,137.60210433741543,137.82676696777344,6534000,-0.0018305374404132,-1
2023-08-24,META,295.90152985922856,296.8531644997961,284.144786778373,284.2538146972656,18360900,-0.0393634840871021,-1
2023-08-24,AAPL,178.41274073112407,178.83737622633825,173.810958290209,174.1763458251953,54945800,-0.0237449124348871,-1
2023-08-24,UNH,462.536329892295,466.2917570788893,458.5644439556285,459.4021301269531,2311100,-0.0067761158697992,-1
2023-08-24,AMZN,136.39999389648438,136.77999877929688,131.8300018310547,131.83999633789062,43646300,-0.0334310686410615,-1
2023-08-24,TSLA,238.66000366210935,238.9199981689453,228.17999267578125,230.0399932861328,99777400,-0.0361183702493385,-1
2023-08-24,BRK-B,354.3500061035156,357.2300109863281,354.1300048828125,354.29998779296875,2521100,-0.0001411551000009,-1
2023-08-23,MSFT,317.00482352144604,322.2715996929162,316.6523846218089,320.1178894042969,21166400,0.0098202476803644,1
2023-08-23,BRK-B,351.6300048828125,354.32000732421875,351.5400085449219,354.260009765625,2239500,0.0074794666163059,1
2023-08-23,AAPL,176.289654759779,179.2817980823254,176.10202612434662,178.85716247558594,52722800,0.0145641428551524,1
2023-08-23,GOOGL,129.035789323442,132.23741046796198,128.7285164557817,131.20654296875,27819700,0.0168228803550522,1
2023-08-23,UNH,464.0141401935532,464.9553453460756,459.242223176672,460.6634521484375,2011400,-0.007221090382543,-1
2023-08-23,AMZN,134.5,135.9499969482422,133.22000122070312,135.52000427246094,42801000,0.0075836748881854,1
2023-08-23,JPM,137.00296480788273,138.16375969245578,136.16980765056223,137.9578094482422,7858000,0.0069695180808562,1
2023-08-23,META,285.9886259165438,294.8111459342949,285.16586432440715,291.6786499023437,18287000,0.0198959800151645,1
2023-08-23,TSLA,229.33999633789065,238.97999572753903,229.2899932861328,236.8600006103516,101077600,0.0327897636371354,1
2023-08-22,AMZN,135.0800018310547,135.64999389648438,133.72999572753906,134.25,32905400,-0.0061445204308834,-1
2023-08-22,GOOGL,127.38049057746434,129.13493787485558,127.19217323593708,127.94548797607422,22054900,0.0044355096769413,1
2023-08-22,BRK-B,353.010009765625,353.5,349.6600036621094,350.57000732421875,2363300,-0.0069119922209181,-1
2023-08-22,TSLA,240.25,240.82000732421875,229.5500030517578,233.19000244140625,130442800,-0.0293860460295265,-1
2023-08-22,MSFT,318.6494900944686,319.2172702035748,314.69450802744353,315.6734619140625,16084600,-0.0093395039782546,-1
2023-08-22,JPM,139.72708740694694,140.08282221486544,136.534887452353,137.03103637695312,9673300,-0.0192951207960251,-1
2023-08-22,UNH,466.29184160096736,467.5812879875956,462.44228747932686,463.3929138183594,2079400,-0.0062169815638523,-1
2023-08-22,AAPL,174.8479032864534,175.46015251147782,174.0480254103657,175.01577758789062,42038900,0.0009601161825898,1
2023-08-22,META,290.0032963876927,290.35025563572106,284.2537983560618,285.0964050292969,12980200,-0.0169201227003849,-1
2023-08-21,GOOGL,126.06218642929755,127.59855859024782,125.4476330275146,127.2417221069336,25248700,0.0093567762946709,1
2023-08-21,MSFT,311.23877242073405,315.9769051965937,310.3675190796091,315.10565185546875,24040000,0.0124241571982151,1
2023-08-21,AAPL,172.88272795365145,173.92948217703207,171.56934282132403,173.64309692382812,46311900,0.0043981777658004,1
2023-08-21,TSLA,221.5500030517578,232.1300048828125,220.5800018310547,231.27999877929688,135702700,0.0439178316114307,1
2023-08-21,JPM,140.09218520164686,140.5134561406489,138.56629935066977,139.93304443359375,8327000,-0.0011359717733294,-1
2023-08-21,UNH,468.2589260240633,470.8378186277906,467.0447634867276,468.4189147949219,1533500,0.0003416673168774,1
2023-08-21,META,280.98250976931354,287.97112567547384,279.39643211452176,287.3763427734375,20181500,0.0227552704592655,1
2023-08-21,BRK-B,354.0899963378906,354.17999267578125,349.6099853515625,352.0899963378906,2540000,-0.0056482815687667,-1
2023-08-21,AMZN,133.74000549316406,135.19000244140625,132.7100067138672,134.67999267578125,41442500,0.0070284667564578,1
2023-08-18,AMZN,131.6199951171875,134.07000732421875,131.14999389648438,133.22000122070312,48497700,0.0121562540865547,1
2023-08-18,AAPL,170.14734105941557,172.91236175457905,169.81159252872837,172.3099822998047,61172200,0.0127104028010283,1
2023-08-18,TSLA,214.1199951171875,217.5800018310547,212.3600006103516,215.4900054931641,136276600,0.0063983299421745,1
2023-08-18,JPM,138.2199108469386,139.9517610959369,138.02333108805377,139.4556121826172,8517500,0.0089401109297991,1
2023-08-18,BRK-B,351.4700012207031,354.29998779296875,351.25,352.5599975585937,2870600,0.0031012499903403,1
2023-08-18,GOOGL,127.38049612525968,128.11399757171444,125.26921981615214,126.33972930908205,30504800,-0.0081705351120175,-1
2023-08-18,META,276.60100568899685,283.20303313726754,271.9914906051631,280.7842712402344,35347900,0.0151238262522482,1
2023-08-18,UNH,465.6894329007355,471.48725944819415,464.48469158719206,469.1342468261719,2364400,0.0073972344701467,1
2023-08-18,MSFT,307.8711670676138,311.679311641093,304.9930405423695,309.8193054199219,24755000,0.0063277713559979,1
2023-08-17,AAPL,174.9268647491592,175.29223725703497,171.31258808782235,171.8260955810547,66062900,-0.0177260889718164,-1
2023-08-17,UNH,466.3483137104256,471.7602430403233,462.903499594512,464.9176635742188,3009500,-0.0030677716508162,-1
2023-08-17,META,290.4989757740898,293.47286065252206,282.4695108038598,282.6082763671875,23950100,-0.0271625722117471,-1
2023-08-17,MSFT,313.7938817302348,315.09587723168505,309.5549947446499,310.2109069824219,21257200,-0.0114182428543751,-1
2023-08-17,GOOGL,128.6591509873898,130.82990482519432,128.15362385412445,128.77809143066406,33446300,0.0009244615898787,1
2023-08-17,TSLA,226.05999755859372,226.7400054931641,218.8300018310547,219.22000122070312,120718400,-0.0302574379003862,-1
2023-08-17,JPM,141.2436264856294,141.59934699720856,138.9220084176471,139.1373291015625,9953900,-0.0149125127729653,-1
2023-08-17,BRK-B,354.010009765625,356.29998779296875,351.8800048828125,353.19000244140625,2847700,-0.002316339373459,-1
2023-08-17,AMZN,135.4600067138672,136.08999633789062,133.52999877929688,133.97999572753906,48354100,-0.010925815096513,-1
2023-08-16,AMZN,137.19000244140625,137.27000427246094,135.00999450683594,135.07000732421875,41675900,-0.0154529854906369,-1
2023-08-16,UNH,478.1321385200853,480.4851510128023,473.266096046896,473.95318603515625,1454100,-0.0087401622862327,-1
2023-08-16,TSLA,228.0200042724609,233.97000122070312,225.3800048828125,225.6000061035156,112484500,-0.0106130958845771,-1
2023-08-16,BRK-B,354.6000061035156,358.7200012207031,353.3800048828125,354.1099853515625,2196100,-0.001381897189844,-1
2023-08-16,AAPL,174.91699954220002,176.30937200366554,174.29486573787133,174.36399841308594,46964900,-0.0031615059174432,-1
2023-08-16,META,297.5867363272898,298.4590504137435,291.7182573021849,291.7281799316406,18547700,-0.01968688681476,-1
2023-08-16,GOOGL,127.5688247680664,129.13493962042415,126.7461255654186,127.5688247680664,25216100,0.0,-1
2023-08-16,JPM,140.98150436876168,141.31851250663752,140.12025023977912,140.59768676757812,6978200,-0.002722467765556,-1
2023-08-16,MSFT,314.04837487104845,317.59221281010525,313.06942104679297,313.65679931640625,20698900,-0.0012468638145412,-1
2023-08-15,MSFT,315.53404351386234,317.5757308061961,313.482577825794,314.4203796386719,16966300,-0.0035294571159055,-1
2023-08-15,GOOGL,129.94771801923622,130.26489755204278,128.14370743533297,128.63931274414062,19770700,-0.0100687052842429,-1
2023-08-15,JPM,143.0878141862051,143.48098800077395,140.63513807973655,141.1968231201172,10300300,-0.0132155982453341,-1
2023-08-15,AMZN,140.0500030517578,141.27999877929688,137.22999572753906,137.6699981689453,42781500,-0.0169939652334954,-1
2023-08-15,META,303.4750306746695,304.5555384693023,297.4182031951271,299.3215026855469,11623600,-0.0136865559577956,-1
2023-08-15,UNH,481.5016474953449,483.4499774874568,476.5038511785064,476.899169921875,1817500,-0.0095585915383901,-1
2023-08-15,TSLA,238.72999572753903,240.5,232.6100006103516,232.9600067138672,88197600,-0.0241695183551928,-1
2023-08-15,AAPL,176.64511288490613,177.2376075606865,174.83797474088598,175.23297119140625,43622600,-0.0079942301852413,-1
2023-08-15,BRK-B,357.0,357.9200134277344,353.6700134277344,354.5,2863700,-0.0070028011204481,-1
2023-08-14,AMZN,138.3000030517578,140.58999633789062,137.75,140.57000732421875,47148700,0.0164136241675381,1
2023-08-14,TSLA,235.6999969482422,240.66000366210935,233.75,239.75999450683597,98595300,0.0172252762459105,1
2023-08-14,META,298.35992905267074,303.5443816563155,295.6536832740072,303.5245666503906,15641900,0.0173100912515908,1
2023-08-14,GOOGL,128.25273871650413,130.21533146634363,127.8265254190536,130.17568969726562,24695600,0.0149934496526587,1
2023-08-14,BRK-B,358.25,358.95001220703125,356.8099975585937,358.4800109863281,1990700,0.000642040436366,1
2023-08-14,AAPL,175.74653589173266,177.44504830503124,175.0947779746906,177.21792602539062,43675600,0.0083722283696356,1
2023-08-14,MSFT,313.9612471638397,316.5695147707091,312.68149972344554,316.54998779296875,18836100,0.0082454145297051,1
2023-08-14,UNH,479.2144879041272,483.3087351245246,478.36740920553,480.8898315429688,2127200,0.0034960204274474,1
2023-08-14,JPM,143.7992911732594,145.02562226899528,143.15335756484984,144.8852081298828,5044300,0.0075516155035494,1
2023-08-11,BRK-B,356.260009765625,359.25,353.20001220703125,358.3500061035156,2475200,0.0058664915528003,1
2023-08-11,AAPL,175.1045963031813,176.3883422330506,174.34421235488568,175.56871032714844,52036700,0.0026504959536502,1
2023-08-11,MSFT,312.8573627235517,314.9576606059445,311.83161505156005,313.59002685546875,24355500,0.0023418471777006,1
2023-08-11,JPM,143.2563261590332,144.65116844231196,142.8818789489863,144.58563232421875,5180700,0.0092792144041852,1
2023-08-11,AMZN,137.39999389648438,139.3300018310547,137.0,138.41000366210938,42905800,0.0073508719831962,1
2023-08-11,META,299.9360570047974,302.06733464728,297.7452738461012,299.01416015625,14046300,-0.0030736446219691,-1
2023-08-11,TSLA,241.7700042724609,243.7899932861328,238.0200042724609,242.6499938964844,99038600,0.0036397799912008,1
2023-08-11,UNH,475.9015288778701,480.6452105204216,474.6026612726108,478.1416015625,2029600,0.0047070088005637,1
2023-08-11,GOOGL,127.52918100734196,128.78800779260496,127.04348228626604,128.4212646484375,19591100,0.0069951334592525,1
2023-08-10,TSLA,245.3999938964844,251.8000030517578,243.0,245.33999633789065,109498600,-0.0002444888349062,-1
2023-08-10,UNH,474.8097134970646,481.9346139074816,473.2190746621056,473.8779296875,2179700,-0.0019624362835836,-1
2023-08-10,META,305.2593213413318,309.6210123853604,301.224744268541,303.0784606933594,14358900,-0.0071442884639512,-1
2023-08-10,AMZN,139.07000732421875,140.41000366210938,137.49000549316406,138.55999755859375,58928400,-0.0036672879755876,-1
2023-08-10,JPM,144.520091916497,145.51238975141104,143.31247339344608,143.75245666503906,5995100,-0.0053116161308662,-1
2023-08-10,GOOGL,130.16578804061726,130.88936757032903,128.31221386564667,128.55010986328125,20857800,-0.0124124641478899,-1
2023-08-10,BRK-B,359.3599853515625,362.3500061035156,355.9200134277344,356.9800109863281,3098800,-0.0066228140645821,-1
2023-08-10,MSFT,318.48424072838094,320.6724848006537,313.75611788086866,315.4656677246094,20113700,-0.009477935224889,-1
2023-08-10,AAPL,176.9986245515979,178.25107058876787,175.14462641506705,175.50950622558594,54686900,-0.008413163264881,-1
2023-08-09,AAPL,178.36941190145535,178.42857997538025,174.5627769846933,175.72647094726562,60378500,-0.0148172319794936,-1
2023-08-09,JPM,145.40006893140463,145.58729252584976,143.66821854323672,143.9677734375,6277800,-0.0098507208726314,-1
2023-08-09,GOOGL,130.50280718461022,130.87945697389134,127.86618303626592,128.5203857421875,24912900,-0.0151906421416542,-1
2023-08-09,MSFT,318.9237839533281,319.5489751191951,313.6290518646597,314.78179931640625,22373300,-0.0129873808267872,-1
2023-08-09,META,310.1563455945085,310.89981675139177,300.21365919986573,302.5531005859375,19955800,-0.024514233278049,-1
2023-08-09,BRK-B,364.2000122070313,364.4299926757813,356.0599975585937,358.0199890136719,4424600,-0.0169687616315792,-1
2023-08-09,TSLA,250.8699951171875,251.1000061035156,241.8999938964844,242.19000244140625,101596300,-0.0345995648930698,-1
2023-08-09,UNH,474.3673312206667,475.9956262495693,471.43077614693306,472.5884399414063,1916900,-0.0037500290643601,-1
2023-08-09,AMZN,139.97000122070312,140.32000732421875,137.10000610351562,137.85000610351562,50017300,-0.0151460677195016,-1
2023-08-08,META,311.66311551194724,315.1227553397813,307.4104518521526,309.91845703125,15183500,-0.0055978984803235,-1
2023-08-08,GOOGL,129.47194349388803,130.35412045755103,128.4014340675314,130.24508666992188,23535200,0.0059715113187463,1
2023-08-08,BRK-B,359.4200134277344,364.25,358.8500061035156,363.7300109863281,3428800,0.0119915346880379,1
2023-08-08,AAPL,177.20572916857282,177.77771228390873,175.12490000933562,177.314208984375,67823000,0.0006121687843342,1
2023-08-08,AMZN,140.6199951171875,140.83999633789062,138.4199981689453,139.94000244140625,51710500,-0.0048356755752591,-1
2023-08-08,UNH,473.4261482551301,478.2921910851889,470.6213468177239,476.1179809570313,2422600,0.0056858555697066,1
2023-08-08,JPM,144.46395221454787,146.01792107141907,142.84443295199063,145.92431640625,8623400,0.0101088483965418,1
2023-08-08,MSFT,319.402427502964,321.1510606368061,315.5339698423981,318.5134582519531,22327600,-0.0027832263453996,-1
2023-08-08,TSLA,247.4499969482422,250.9199981689453,245.00999450683597,249.6999969482422,96642200,0.009092746121434,1
2023-08-07,AMZN,140.99000549316406,142.5399932861328,138.9499969482422,142.22000122070312,71213100,0.0087239923371639,1
2023-08-07,TSLA,251.4499969482422,253.6499938964844,242.75999450683597,251.4499969482422,111097900,0.0,-1
2023-08-07,JPM,146.59832234097993,147.6280592895261,146.59832234097993,146.7480926513672,7251800,0.0010216372738488,1
2023-08-07,AAPL,179.6119861039443,180.5981607115797,174.89807268327343,176.37733459472656,97576100,-0.0180091071836697,-1
2023-08-07,GOOGL,128.0247675508261,130.4532305494762,127.88599866875109,130.37393188476562,22746300,0.0183492958345492,1
2023-08-07,META,310.50332247597623,314.309891385054,307.75741615279827,313.8043212890625,16236500,0.0106311223556767,1
2023-08-07,UNH,476.00503430538544,483.4028922346674,474.9791242444272,480.7110595703125,2430900,0.009886503137082,1
2023-08-07,MSFT,320.77990397221754,323.45656084506595,319.94954529049863,322.47967529296875,17741500,0.0052988709694807,1
2023-08-07,BRK-B,355.7300109863281,364.6300048828125,355.1499938964844,362.5799865722656,5379900,0.0192561082123621,1
2023-08-04,BRK-B,353.989990234375,355.1099853515625,349.3900146484375,349.989990234375,2842000,-0.0112997545420751,-1
2023-08-04,TSLA,260.9700012207031,264.7699890136719,253.1100006103516,253.8600006103516,99539900,-0.0272445130746603,-1
2023-08-04,META,312.21827458796827,315.63825454672553,307.49973081028435,308.0251159667969,17612800,-0.0134302152130751,-1
2023-08-04,GOOGL,128.14372354248303,130.35411926269438,126.78576966555632,126.9840087890625,26147200,-0.0090501096843502,-1
2023-08-04,MSFT,324.2088199611453,327.3934767757319,319.6760561560359,320.2035827636719,23741500,-0.0123538810509641,-1
2023-08-04,AMZN,141.05999755859375,143.6300048828125,139.32000732421875,139.57000732421875,153128500,-0.0105628119960521,-1
2023-08-04,AAPL,182.95511789971007,184.78940327661547,179.40488328381886,179.4739227294922,115956800,-0.0190275910845312,-1
2023-08-04,UNH,480.0145470376983,480.8616257878113,472.2496058356178,473.1719970703125,2411200,-0.0142548804189644,-1
2023-08-04,JPM,146.41109472740982,147.7216885960237,145.75580493522597,146.0553741455078,6209400,-0.0024296012714356,-1
2023-08-03,JPM,145.10050403286803,146.897876304198,144.4920237619121,146.36428833007812,6084000,0.0087097167968749,1
2023-08-03,GOOGL,126.8452374919422,128.25275490430317,126.30006856910072,127.32101440429688,20089500,0.0037508456900866,1
2023-08-03,MSFT,318.4646270854947,322.2549470489756,318.41579474240694,319.109375,18253700,0.0020245511107649,1
2023-08-03,UNH,473.32264187566375,476.2497759207198,471.5814067131118,475.1767883300781,2442900,0.0039172993015226,1
2023-08-03,TSLA,252.0399932861328,260.489990234375,252.0,259.32000732421875,97569100,0.0288843605459915,1
2023-08-03,AMZN,127.4800033569336,129.83999633789062,126.41000366210938,128.91000366210938,88585200,0.0112174479723843,1
2023-08-03,AAPL,188.92145636813592,189.7103839306254,188.05361799200307,188.5269775390625,61235200,-0.0020880573157594,-1
2023-08-03,META,307.23205269504695,313.1996679680387,307.23205269504695,310.46368408203125,15180200,0.0105185359360664,1
2023-08-03,BRK-B,350.2900085449219,354.4700012207031,349.4200134277344,353.8099975585937,2942000,0.010048785086088,1
2023-08-02,JPM,145.6247296556844,145.74643141841656,144.1081999906907,145.47494506835938,8299400,-0.0010285655992576,-1
2023-08-02,TSLA,255.57000732421875,259.5199890136719,250.4900054931641,254.1100006103516,101752900,-0.0057127466918096,-1
2023-08-02,AMZN,130.14999389648438,130.22999572753906,126.81999969482422,128.2100067138672,51027600,-0.0149057800506711,-1
2023-08-02,UNH,479.7227759860764,480.4569147329181,473.416691033062,475.1202697753906,3220500,-0.0095940956758312,-1
2023-08-02,META,315.2317326112138,315.61835208722226,307.9457100995338,311.5738525390625,20461100,-0.0116037812622838,-1
2023-08-02,MSFT,325.9183364890345,325.9183364890345,318.8163593371292,319.9300231933594,27761300,-0.018373661820272,-1
2023-08-02,BRK-B,351.45001220703125,352.8900146484375,349.69000244140625,351.19000244140625,3085900,-0.0007398200500611,-1
2023-08-02,AAPL,192.3434921357412,192.48155598125388,189.19760772385695,189.91751098632807,50389300,-0.0126127539979413,-1
2023-08-02,GOOGL,128.3122125664853,128.94658676241383,126.43882508751874,127.25162506103516,26273300,-0.0082656785682079,-1
2023-08-01,GOOGL,129.63053185009693,131.4642776626303,129.53140473197496,130.39376831054688,23166800,0.00588778314458,1
2023-08-01,META,314.7757793342165,321.31833148178566,311.9208452878649,319.9007568359375,22817900,0.0162813591076189,1
2023-08-01,MSFT,327.44229185029457,330.7148646247149,325.98674182307207,328.5657043457031,18311900,0.0034308717089061,1
2023-08-01,TSLA,266.260009765625,266.4700012207031,260.25,261.07000732421875,83166000,-0.0194922340984466,-1
2023-08-01,UNH,477.6615473006145,480.05221609218927,472.9461009624084,475.0638122558594,2161200,-0.005438442887931,-1
2023-08-01,JPM,147.37529894065986,147.90890120016138,146.17705075722094,147.14126586914062,6853900,-0.001588007442234,-1
2023-08-01,AAPL,193.526888620202,194.0101044929012,192.5801544824693,192.9055938720703,35175100,-0.0032103794597297,-1
2023-08-01,AMZN,133.5500030517578,133.69000244140625,131.6199951171875,131.69000244140625,42098500,-0.0139273722789112,-1
2023-08-01,BRK-B,352.0299987792969,353.4200134277344,351.25,352.260009765625,2293300,0.0006533846181453,1
2023-07-31,UNH,473.4261052369194,478.01919013792747,469.7177553155299,476.5979614257813,2441600,0.0066997914854622,1
2023-07-31,JPM,147.14126364731788,149.20076607298495,147.11318082189925,147.8714599609375,8892700,0.004962552961145,1
2023-07-31,AMZN,133.1999969482422,133.8699951171875,132.3800048828125,133.67999267578125,41901500,0.0036035716106328,1
2023-07-31,META,320.87225613271846,322.8251083416329,314.8253510504006,315.8265686035156,25799600,-0.0157249105610297,-1
2023-07-31,MSFT,329.13228102338303,329.89425053304086,325.6545411607463,328.1553955078125,25446000,-0.002968063516994,-1
2023-07-31,BRK-B,350.7300109863281,352.3299865722656,350.2099914550781,351.9599914550781,2621600,0.003506915377133,1
2023-07-31,TSLA,267.4800109863281,269.0799865722656,263.7799987792969,267.42999267578125,84582200,-0.0001869983119951,-1
2023-07-31,AAPL,193.3493708168966,193.7734336784224,192.560428204252,193.7339782714844,38824100,0.0019891838952608,1
2023-07-31,GOOGL,131.56337345759758,132.35634493091612,130.62172645007618,131.553466796875,28055500,-7.529953407413072e-05,-1
2023-07-28,META,314.12155519848204,323.3604315871249,311.5144445848788,322.6466979980469,39220300,0.0271396300523792,1
2023-07-28,GOOGL,129.63053631303129,132.56452668916148,129.4223905323537,131.4147186279297,36591200,0.013763595875203,1
2023-07-28,MSFT,325.95745287046435,332.15090440744063,325.4690100380954,330.5487976074219,28484900,0.0140857179258365,1
2023-07-28,AAPL,191.97862287270013,193.9115318637554,191.45595149688123,193.12258911132807,48291400,0.0059588209432388,1
2023-07-28,AMZN,129.69000244140625,133.00999450683594,129.3300018310547,132.2100067138672,46317400,0.0194309833065156,1
2023-07-28,UNH,475.5061907692625,477.6427445954599,468.0424416869679,473.3414306640625,2930000,-0.0045525382155338,-1
2023-07-28,TSLA,259.8599853515625,267.25,258.2300109863281,266.44000244140625,111446000,0.0253213940612737,1
2023-07-28,BRK-B,349.92999267578125,351.0,348.32000732421875,349.8099975585937,2473300,-0.0003429117814964,-1
2023-07-28,JPM,147.2348683645196,147.5344375190384,146.44852076027303,146.8885040283203,9103800,-0.0023524613432041,-1
2023-07-27,UNH,478.66867646541743,480.4851953839529,473.5485185105727,475.5250549316406,3028300,-0.0065674268828073,-1
2023-07-27,BRK-B,350.69000244140625,351.2699890136719,348.6000061035156,349.3099975585937,2706700,-0.0039351132715654,-1
2023-07-27,GOOGL,130.5127174287312,132.0689255635858,127.6580256334022,128.26266479492188,44952100,-0.0172401025596452,-1
2023-07-27,AMZN,131.0,132.6300048828125,127.79000091552734,128.25,52610700,-0.0209923664122137,-1
2023-07-27,AAPL,193.3099986490924,194.47367775117087,189.88797070976992,190.5487060546875,47460200,-0.0142842719657627,-1
2023-07-27,META,322.28978907131307,322.5177977861909,307.14280439627186,308.9965209960937,64229200,-0.0412463209384456,-1
2023-07-27,JPM,147.69360576809055,148.6390943050811,145.6153907955602,146.0553741455078,10778400,-0.0110920957888664,-1
2023-07-27,TSLA,268.3099975585937,269.1300048828125,255.3000030517578,255.7100067138672,103697300,-0.0469605715753285,-1
2023-07-27,MSFT,332.61003601882766,333.4403649695194,321.444210409782,323.0756225585937,39635300,-0.028665441290816,-1
2023-07-26,AAPL,190.99243214213985,192.9351972994816,190.6472800623453,191.8109588623047,47471900,0.0042856500175656,1
2023-07-26,UNH,481.4640455938029,485.5300296330825,476.8427252912835,478.1321716308594,3697200,-0.0069202965277171,-1
2023-07-26,JPM,146.70127676307158,148.14291400130324,146.29873250733112,147.6842041015625,8728600,0.0067001962094603,1
2023-07-26,MSFT,333.547829841797,336.70318113968654,325.4103558990967,329.962646484375,58383700,-0.0107486334392356,-1
2023-07-26,META,298.56813525384524,299.1430730271776,289.3589964867336,295.970947265625,47256900,-0.0086988117000901,-1
2023-07-26,BRK-B,347.5599975585937,351.0899963378906,347.5199890136719,349.79998779296875,2682900,0.0064449023193394,1
2023-07-26,AMZN,126.51000213623048,129.0800018310547,126.11000061035156,128.14999389648438,53910100,0.0129633367525194,1
2023-07-26,GOOGL,128.92679121548855,129.82878151515044,127.19217238007396,128.13381958007812,61682100,-0.0061505574437593,-1
2023-07-26,TSLA,263.25,268.0400085449219,261.75,264.3500061035156,95856200,0.0041785606971153,1
2023-07-25,AAPL,190.65713123041024,191.75178560391285,190.2527960456413,190.943115234375,37283200,0.0014999911208101,1
2023-07-25,META,292.62034976319046,295.703262442502,289.31932073955034,291.9066162109375,19585600,-0.0024391111309605,-1
2023-07-25,MSFT,339.0867071747874,343.75624842360725,337.0938822455354,342.8672790527344,41637700,0.0111492777450523,1
2023-07-25,GOOGL,120.2933214842383,122.06758940205049,119.95630594092214,121.13584899902344,52509600,0.0070039425663005,1
2023-07-25,BRK-B,349.32000732421875,349.6600036621094,345.5400085449219,347.5799865722656,3014000,-0.0049811654513625,-1
2023-07-25,TSLA,272.3800048828125,272.8999938964844,265.0,265.2799987792969,112757300,-0.0260665466489373,-1
2023-07-25,UNH,480.01451784519486,482.36753018757327,477.4544392677553,480.8898315429688,2730600,0.0018235150505514,1
2023-07-25,JPM,147.253630326794,147.64680422322078,145.99921633092092,146.80429077148438,9944700,-0.0030514667401572,-1
2023-07-25,AMZN,129.30999755859375,129.5800018310547,128.52999877929688,129.1300048828125,39236700,-0.0013919470975141,-1
2023-07-24,TSLA,255.8500061035156,269.8500061035156,254.1199951171875,269.0599975585937,136508500,0.0516317808870148,1
2023-07-24,AMZN,130.30999755859375,131.66000366210938,128.35000610351562,128.8000030517578,45591100,-0.0115877103455317,-1
2023-07-24,META,293.20524684663945,294.9300905422449,285.7903490282836,289.071533203125,24915700,-0.0140983617720749,-1
2023-07-24,AAPL,190.73602285584008,192.21528467718613,189.59205676918677,190.08514404296875,45377800,-0.0034124587643481,-1
2023-07-24,GOOGL,120.59070000224004,121.9189187390688,119.91667640915657,120.46183776855467,29686100,-0.0010685918042018,-1
2023-07-24,BRK-B,346.7699890136719,351.19000244140625,346.2799987792969,349.6300048828125,3269400,0.0082475876222029,1
2023-07-24,JPM,145.07244023795923,148.64845860445772,144.84776331797755,147.90892028808594,14381400,0.019552163356969,1
2023-07-24,MSFT,337.85591126570966,338.90118607619127,334.3977276840243,337.13299560546875,26678100,-0.0021397158851909,-1
2023-07-24,UNH,475.6191132456208,479.8074870134176,474.9038169725994,478.7721557617188,2279000,0.0066293435824762,1
2023-07-21,MSFT,341.0795312759444,342.2029435229438,331.9749521976032,335.8238830566406,69405400,-0.0154088643186618,-1
2023-07-21,META,301.9186725328554,302.800909197342,288.66506554438087,291.69842529296875,42139300,-0.0338509942235336,-1
2023-07-21,UNH,475.3555719387801,480.4004456555591,474.8567344396239,476.7485656738281,2887300,0.0029304247541826,1
2023-07-21,GOOGL,119.55983561059963,119.92657872434836,117.68644801994228,118.96510314941406,72937900,-0.0049743499407492,-1
2023-07-21,BRK-B,346.760009765625,347.6199951171875,345.1000061035156,345.760009765625,3301900,-0.002883838885216,-1
2023-07-21,AAPL,191.41651794617292,192.2744851317762,188.58618628535973,189.286376953125,71951700,-0.0111283029066851,-1
2023-07-21,JPM,145.84942918250036,146.16771076680183,144.81032165848947,145.0537109375,10636400,-0.0054557515203208,-1
2023-07-21,TSLA,268.0,268.0,255.8000030517578,260.0199890136719,161796100,-0.0297761603967467,-1
2023-07-21,AMZN,131.33999633789062,131.3699951171875,128.4199981689453,130.0,133307300,-0.0102025001922742,-1
2023-07-20,GOOGL,120.35279444013278,122.9993250415868,117.18092340794112,118.15230560302734,37906800,-0.0182836538805921,-1
2023-07-20,BRK-B,343.0899963378906,346.7900085449219,342.8500061035156,346.6099853515625,3146000,0.0102596667091547,1
2023-07-20,AMZN,134.07000732421875,134.7899932861328,129.3300018310547,129.9600067138672,59820600,-0.0306556305349669,-1
2023-07-20,MSFT,345.39747131192405,349.6957622702972,337.38699694372247,338.8523254394531,33778400,-0.0189496056459547,-1
2023-07-20,UNH,476.87096008912624,478.7721839736972,471.1013684641925,474.5932312011719,2963100,-0.0047764051044933,-1
2023-07-20,META,310.77096502311366,312.7932151799263,299.5891592620239,299.88653564453125,23836900,-0.0350239584890849,-1
2023-07-20,AAPL,192.3927782230016,193.7537038386121,189.8385898976753,190.4598846435547,59581200,-0.010046601526833,-1
2023-07-20,TSLA,279.5599975585937,280.92999267578125,261.20001220703125,262.8999938964844,175158300,-0.0595936607798029,-1
2023-07-20,JPM,144.6605180284174,146.58894821231368,144.5481867273733,146.1770477294922,9935900,0.0104833697662887,1
2023-07-19,BRK-B,344.2099914550781,345.3800048828125,341.989990234375,342.42999267578125,3032100,-0.0051712583117424,-1
2023-07-19,GOOGL,123.50485449122768,124.07975852514652,120.72946900607532,120.95744323730467,37224000,-0.0206260010136195,-1
2023-07-19,META,310.3050549337283,315.9058653137581,307.81689494508896,313.2591247558594,21763700,0.0095198894609112,1
2023-07-19,AAPL,190.4303452538346,195.4894113562338,189.9865545896983,192.40269470214844,80507300,0.0103573274820502,1
2023-07-19,AMZN,133.38999938964844,135.99000549316406,132.52999877929688,135.36000061035156,54531000,0.0147687325115619,1
2023-07-19,UNH,477.6992153719284,484.4005619563292,472.9367201541544,474.0849914550781,4956500,-0.0075658987926874,-1
2023-07-19,JPM,142.99420853526703,145.2971002736689,142.49805956001194,144.39840698242188,12510000,0.0098199672667758,1
2023-07-19,TSLA,296.0400085449219,299.2900085449219,289.5199890136719,291.260009765625,142355400,-0.0161464621041974,-1
2023-07-19,MSFT,353.38833709875524,354.0819174710134,344.29353528638507,346.8724975585937,39732900,-0.0184381850110141,-1
2023-07-18,JPM,143.58395347715305,144.53879798376371,143.05972175958414,143.8460693359375,13491700,0.0018255233432206,1
2023-07-18,META,308.17378945631805,311.4648960635536,304.9421581279669,309.3335876464844,20731900,0.003763455004439,1
2023-07-18,MSFT,337.8363124834503,358.30207642907544,334.26093764915,351.1805725097656,64738600,0.0394991880186622,1
2023-07-18,BRK-B,344.04998779296875,347.25,343.5400085449219,345.3399963378906,2565300,0.0037494799903848,1
2023-07-18,AMZN,132.7100067138672,133.86000061035156,131.35000610351562,132.8300018310547,54882900,0.000904190423607,1
2023-07-18,AAPL,190.67688432979497,191.6433313227349,189.75973403360663,191.05162048339844,48288200,0.0019652940885866,1
2023-07-18,TSLA,290.1499938964844,295.260009765625,286.010009765625,293.3399963378906,112120300,0.0109943219317948,1
2023-07-18,UNH,460.5598383743223,474.76264735871,458.8374458312988,470.6025085449219,8816400,0.0218053536887803,1
2023-07-18,GOOGL,123.50485458843724,123.584153261248,121.87926960750544,122.6722412109375,26193600,-0.0067415437253402,-1
2023-07-17,META,304.86281044247795,308.9964928062854,302.05742922495097,307.9159851074219,25323100,0.0100149134639038,1
2023-07-17,TSLA,286.6300048828125,292.2300109863281,283.57000732421875,290.3800048828125,131569600,0.0130830685417361,1
2023-07-17,GOOGL,124.83308323552517,125.98288376353564,123.10837110000271,123.5544204711914,25716200,-0.0102429799151982,-1
2023-07-17,AAPL,189.2468975888844,191.63345333608896,189.15814548736356,191.3080139160156,50520200,0.0108911498861594,1
2023-07-17,AMZN,134.55999755859375,135.6199951171875,133.2100067138672,133.55999755859375,48450200,-0.0074316291479163,-1
2023-07-17,BRK-B,341.0899963378906,345.7200012207031,341.0899963378906,344.25,2359500,0.0092644278519942,1
2023-07-17,JPM,140.74748954065532,143.9303334778498,140.74748954065532,143.58396911621094,17262400,0.0201529674512332,1
2023-07-17,MSFT,337.689815809939,338.9695335941496,334.29027291358,337.7386779785156,20363900,0.0001446954165894,1
2023-07-17,UNH,452.82315011184704,456.10797528482766,450.1783662058152,455.6185302734375,4582000,0.0061732271437535,1
2023-07-14,AMZN,134.05999755859375,136.64999389648438,134.05999755859375,134.67999267578125,54487100,0.0046247585296017,1
2023-07-14,GOOGL,123.703104019214,125.6656970596948,122.4046128006824,124.3176498413086,33283100,0.0049679094713673,1
2023-07-14,META,309.0758074428172,312.1389046779914,304.68434858283683,306.18121337890625,23054100,-0.0093653207213458,-1
2023-07-14,UNH,435.3543887694541,456.4844538439201,433.0578461264785,451.9384460449219,11379300,0.0380932355416084,1
2023-07-14,MSFT,339.55563567406386,343.3068725083686,336.35145234816736,337.25994873046875,28352700,-0.0067608565501728,-1
2023-07-14,JPM,141.870827603696,143.1252412336155,138.93137327763844,140.2045135498047,27028400,-0.0117452902900236,-1
2023-07-14,AAPL,187.59998771190843,188.53685056119244,187.00829198764853,188.0536346435547,41616200,0.0024181607748445,1
2023-07-14,BRK-B,344.989990234375,345.0,340.510009765625,341.0899963378906,2669300,-0.0113046581259788,-1
2023-07-14,TSLA,277.010009765625,285.29998779296875,276.3099975585937,281.3800048828125,120062400,0.0157755855858237,1
2023-07-13,MSFT,331.711242452727,335.7946167426784,331.1837159282275,334.7395935058594,20567200,0.0091294796966791,1
2023-07-13,UNH,425.4246820037689,428.1541709002837,420.8880667755352,421.424560546875,7276800,-0.0094026548672566,-1
2023-07-13,TSLA,274.5899963378906,279.45001220703125,270.6000061035156,277.8999938964844,112681500,0.0120543268244947,1
2023-07-13,META,310.8898956321356,313.4870833791565,307.58889699038366,310.6817321777344,30281000,-0.0006695729173761,-1
2023-07-13,AAPL,187.8663060876036,188.5467691314798,187.1562590025009,187.9057464599609,41342300,0.0002099385098834,1
2023-07-13,JPM,139.20287398923173,139.83008093340652,138.3135511365733,139.3620147705078,11234900,0.0011432291354012,1
2023-07-13,AMZN,134.0399932861328,134.6699981689453,132.7100067138672,134.3000030517578,61170900,0.0019397924399321,1
2023-07-13,BRK-B,345.6000061035156,346.2099914550781,343.45001220703125,343.5400085449219,2831800,-0.0059606409786252,-1
2023-07-13,GOOGL,119.86710253362271,123.7328255271238,119.39131810083644,123.44537353515624,44297900,0.0298519854563918,1
2023-07-12,AMZN,130.30999755859375,131.25999450683594,128.8300018310547,130.8000030517578,54022800,0.0037603062109162,1
2023-07-12,AAPL,187.0575799007695,189.0496566889716,185.864317131752,187.14634704589844,60750200,0.0004745444968123,1
2023-07-12,BRK-B,345.2900085449219,346.44000244140625,344.3099975585937,345.3500061035156,2897100,0.0001737599035853,1
2023-07-12,MSFT,328.8197159187511,333.75297652887264,327.91121941871575,329.4058532714844,29995300,0.0017825492948181,1
2023-07-12,UNH,435.7779395953303,437.4909396856034,424.7187802211507,425.142333984375,7287600,-0.0244060211511203,-1
2023-07-12,GOOGL,117.7558346619742,119.27238582914389,117.36926309239514,117.88468933105467,30404400,0.0010942529467892,1
2023-07-12,TSLA,276.3299865722656,276.5199890136719,271.4599914550781,271.989990234375,95672100,-0.0157058464473077,-1
2023-07-12,JPM,138.03271374432256,140.29815234336888,137.6114570388081,138.68800354003906,11323200,0.0047473513918612,1
2023-07-12,META,299.12320145419704,306.7561834015163,297.48757110889034,306.6471252441406,36677100,0.0251532604403997,1
2023-07-11,META,291.3415603139649,297.56689097448395,289.35897054625923,295.693359375,27585900,0.0149371035713042,1
2023-07-11,JPM,136.99356851026602,138.3790543072135,136.40381499872336,138.0045928955078,11260900,0.0073800864977543,1
2023-07-11,UNH,435.1849324796116,439.0626923165905,434.0272687624655,435.6743774414063,3086800,0.001124682692955,1
2023-07-11,MSFT,323.40771358997307,325.1660955778508,319.44156081618985,324.7851257324219,26698200,0.0042590577916614,1
2023-07-11,BRK-B,341.2300109863281,343.8399963378906,340.92999267578125,343.3699951171875,2754900,0.0062713831197723,1
2023-07-11,TSLA,268.6499938964844,270.8999938964844,266.3699951171875,269.7900085449219,91972400,0.0042434940418303,1
2023-07-11,AMZN,127.75,129.77000427246094,127.3499984741211,128.77999877929688,49951500,0.0080626127537915,1
2023-07-11,GOOGL,115.26789264862504,116.67541002080333,114.33615217521869,116.11042022705078,23078800,0.0073092997457152,1
2023-07-11,AAPL,186.54480679233015,186.68287064614395,184.0202020095467,185.479736328125,46638100,-0.005709461884891,-1
2023-07-10,BRK-B,340.4800109863281,343.4800109863281,339.8699951171875,341.1300048828125,2966500,0.0019090515610635,1
2023-07-10,UNH,432.9543178106799,435.872059175368,432.1637090249518,435.8249816894531,4339200,0.0066304082455842,1
2023-07-10,GOOGL,117.26022900177595,117.27013566390708,115.11921025680768,115.42648315429688,35315200,-0.0156382591360223,-1
2023-07-10,AAPL,186.6434031135775,187.36332142042107,184.4540942539423,186.0023956298828,59922200,-0.0034343966783793,-1
2023-07-10,META,292.9771848405433,295.5347425297434,284.5511784998187,291.5398254394531,37058300,-0.0049060455061457,-1
2023-07-10,AMZN,129.07000732421875,129.27999877929688,125.91999816894533,127.12999725341795,61889300,-0.015030680721413,-1
2023-07-10,TSLA,276.4700012207031,277.5199890136719,265.1000061035156,269.6099853515625,119425400,-0.0248128760402628,-1
2023-07-10,MSFT,326.86590410565805,327.4813467591402,320.017927004541,324.159912109375,32791400,-0.0082785997630647,-1
2023-07-10,JPM,135.2711126354132,136.66595485612726,135.2711126354132,135.8795928955078,9100100,0.0044982276573314,1
2023-07-07,JPM,134.7187774160945,136.52550555928698,133.8668937548906,135.12130737304688,8981500,0.002987927627261,1
2023-07-07,TSLA,278.42999267578125,280.7799987792969,273.7699890136719,274.42999267578125,113879200,-0.0143662683806403,-1
2023-07-07,MSFT,331.4767582536755,333.8896663635677,329.2103769900973,329.42529296875,21214800,-0.0061888661387098,-1
2023-07-07,UNH,437.6602478682224,441.0579835322342,433.7260185551691,434.4413146972656,4131600,-0.0073548675865255,-1
2023-07-07,AMZN,128.58999633789062,130.97000122070312,128.1300048828125,129.77999877929688,41992300,0.009254238084581,1
2023-07-07,META,289.63651542467915,293.62153999226626,286.1471685227358,288.0008850097656,25586000,-0.0056471830304797,-1
2023-07-07,GOOGL,119.04441646621152,119.98607127072314,118.35057192590894,118.42987060546876,21709500,-0.0051623241054502,-1
2023-07-07,AAPL,188.7636804868427,190.0062550438309,187.60985803081863,188.04376220703125,46815000,-0.0038138601554849,-1
2023-07-07,BRK-B,340.5199890136719,344.07000732421875,340.3900146484375,340.8999938964844,2940800,0.0011159547018464,1
2023-07-06,BRK-B,339.75,341.79998779296875,338.9100036621094,341.4599914550781,2548300,0.0050330874321651,1
2023-07-06,JPM,133.8856396654107,134.2320040302401,132.40654898226205,134.06350708007812,9709500,0.0013285025571967,1
2023-07-06,UNH,441.7545540154381,444.62521765603526,439.213289132424,441.7639465332031,3913600,2.126184705887153e-05,1
2023-07-06,AMZN,128.25,128.72999572753906,127.37000274658205,128.36000061035156,40639900,0.0008577045641447,1
2023-07-06,GOOGL,118.74704838295892,119.24265374755836,117.35935184961298,119.0543212890625,24745200,0.0025876256318609,1
2023-07-06,TSLA,278.0899963378906,279.9700012207031,272.8800048828125,276.5400085449219,120332100,-0.0055736912991485,-1
2023-07-06,MSFT,329.50353744833353,335.06201951292167,327.7451550984621,333.3817749023437,28161200,0.0117699417858854,1
2023-07-06,META,293.3142553701415,295.5248235823149,288.7741078971482,289.4481811523437,47600500,-0.0131806557199855,-1
2023-07-06,AAPL,187.2153769807983,189.36524537083605,186.5842258571581,189.15814208984372,45094300,0.0103771663437918,1
2023-07-05,MSFT,327.3445644884712,333.752931098431,326.99290001201024,330.3338317871094,18172400,0.0091318678326289,1
2023-07-05,TSLA,278.82000732421875,283.8500061035156,277.6000061035156,282.4800109863281,131530900,0.0131267612293454,1
2023-07-05,BRK-B,340.04998779296875,341.8900146484375,338.70001220703125,341.5599975585937,2870700,0.0044405523300425,1
2023-07-05,JPM,135.6830337418573,136.14172948067352,135.14007523014382,135.40219116210938,8934900,-0.0020698430157614,-1
2023-07-05,AAPL,188.9214559737077,190.311950580781,187.98457816150727,188.6847686767578,46920300,-0.0012528343894558,-1
2023-07-05,AMZN,130.24000549316406,131.39999389648438,129.63999938964844,130.3800048828125,35895400,0.0010749338432405,1
2023-07-05,UNH,448.0418116380771,449.2277391206306,442.9216541786452,443.5146179199219,5053100,-0.0101044000817768,-1
2023-07-05,META,285.14596189605084,295.52482034373986,283.8671830495328,291.8074645996094,33865500,0.023361729057159,1
2023-07-05,GOOGL,118.19195270951164,121.53233523543224,118.18204604815244,120.67989349365234,27584800,0.0210500015196085,1
2023-07-03,JPM,135.91971913562398,137.11908654933129,135.7430649319183,136.31021118164062,8021600,0.0028729609544513,1
2023-07-03,UNH,449.9901167862905,451.9760455514983,448.29593055027306,449.7830505371094,1915700,-0.0004601573266985,-1
2023-07-03,AAPL,191.10092178559267,191.19954526937025,189.10884478636748,189.79917907714844,31458200,-0.0068118075846056,-1
2023-07-03,BRK-B,340.75,342.0799865722656,338.4100036621094,342.0,2047400,0.0036683785766691,1
2023-07-03,AMZN,130.82000732421875,131.85000610351562,130.07000732421875,130.22000122070312,28264800,-0.0045865010695848,-1
2023-07-03,MSFT,331.3498259032752,333.02029191600536,328.7903904255227,330.17755126953125,12508700,-0.0035378761118955,-1
2023-07-03,GOOGL,118.19197339110744,119.1336281862522,117.77566667106696,118.84617614746094,14467900,0.0055350861618046,1
2023-07-03,META,284.2042548786633,286.88073290993367,282.3703532958794,283.5301513671875,8629300,-0.0023718980272254,-1
2023-07-03,TSLA,276.489990234375,284.25,275.1099853515625,279.82000732421875,119685900,0.0120438974554592,1
2023-06-30,GOOGL,119.1137966031728,120.0158020352129,118.6380196677342,118.6479263305664,29532200,-0.003911136122698,-1
2023-06-30,UNH,449.8960032793189,453.7549496378805,447.1853282035819,452.38079833984375,3970400,0.005523043197568,1
2023-06-30,META,282.2811659924353,286.5337996422137,281.9441293320843,284.4818420410156,19694900,0.0077960427889095,1
2023-06-30,TSLA,260.6000061035156,264.45001220703125,259.8900146484375,261.7699890136719,112620800,0.0044895736099542,1
2023-06-30,AAPL,188.9806393982648,191.79122791985355,188.6157445714927,191.2882843017578,85213200,0.0122110122541697,1
2023-06-30,JPM,134.44144316929692,135.74308350074216,133.56747858097697,135.22242736816406,14212800,0.0058091030597141,1
2023-06-30,MSFT,329.94315115449086,334.8080527610433,329.4058759346282,332.6686706542969,26832800,0.0082605730419596,1
2023-06-30,BRK-B,338.7799987792969,342.5,338.3999938964844,341.0,4520600,0.0065529288290403,1
2023-06-30,AMZN,129.47000122070312,131.25,128.9499969482422,130.36000061035156,54350700,0.0068741745675222,1
2023-06-29,MSFT,326.9734349181258,328.341069063757,324.9317471913998,327.3055725097656,16997000,0.0010157938112709,1
2023-06-29,GOOGL,118.19197630756533,119.00476887917876,117.26024327719864,118.05320739746094,24090900,-0.0011740975524705,-1
2023-06-29,UNH,447.1476501459719,451.5054338077323,445.26524018224274,448.4277038574219,2979300,0.0028627092438753,1
2023-06-29,AAPL,186.4658826988121,187.4422009047134,186.32781886596203,186.9688262939453,46347300,0.0026972419182204,1
2023-06-29,BRK-B,334.260009765625,337.010009765625,334.1400146484375,336.9100036621094,2498900,0.0079279417790434,1
2023-06-29,TSLA,258.0299987792969,260.739990234375,253.6100006103516,257.5,131283400,-0.0020540200046669,-1
2023-06-29,AMZN,128.77000427246094,129.25999450683594,127.26000213623048,127.9000015258789,40761000,-0.0067562531468214,-1
2023-06-29,META,282.02346291533763,284.07545108347927,278.2466309112125,279.0793151855469,15395700,-0.0104393716017683,-1
2023-06-29,JPM,130.22965593410052,133.47446355650607,130.02511047983398,133.3535919189453,15423200,0.0239879001632745,1
2023-06-28,JPM,129.3836003129569,129.43009050189633,128.26790671248017,128.8536376953125,7558600,-0.0040960571228696,-1
2023-06-28,UNH,453.6231479451677,453.77374419003377,446.1123505243143,446.5547180175781,3670100,-0.0155821632110449,-1
2023-06-28,META,282.3406087612761,287.02941407913994,281.5872149884615,282.8065185546875,16722100,0.0016501692599428,1
2023-06-28,AMZN,128.94000244140625,131.47999572753906,128.44000244140625,129.0399932861328,52149500,0.0007754835026624,1
2023-06-28,AAPL,185.33180236622024,187.2745677103686,185.00637796044083,186.6335601806641,51216800,0.0070239311215003,1
2023-06-28,MSFT,326.92453987884056,330.1678072397065,326.0941811528345,328.0870361328125,20259500,0.0035558549823233,1
2023-06-28,BRK-B,336.04998779296875,336.3999938964844,332.6099853515625,334.1499938964844,3175100,-0.0056539025903935,-1
2023-06-28,TSLA,249.6999969482422,259.8800048828125,248.88999938964844,256.239990234375,159770800,0.0261914031480281,1
2023-06-28,GOOGL,116.06086542083392,119.33186398652832,115.82297695350609,119.12371063232422,27091400,0.0263899911514918,1
2023-06-27,JPM,129.2348450460071,130.0158291939676,128.80715514394416,129.42079162597656,8154000,0.0014388269657711,1
2023-06-27,AMZN,128.6300048828125,130.08999633789062,127.5500030517578,129.17999267578125,46801000,0.0042757348370608,1
2023-06-27,AAPL,183.31997931240525,185.78541559077308,183.10301971608257,185.45997619628903,50730800,0.011673560579215,1
2023-06-27,UNH,450.01836534150607,454.77143925106617,449.6795165947779,454.1878967285156,3693200,0.0092652471724024,1
2023-06-27,BRK-B,334.3900146484375,336.7300109863281,334.3699951171875,335.3399963378906,2625600,0.002840939166356,1
2023-06-27,MSFT,324.1892275549751,328.3800749537934,321.6884029069419,326.83660888671875,24354100,0.0081661607071589,1
2023-06-27,GOOGL,116.05094940599244,118.03337078609204,115.07955960231514,117.28996276855467,39535900,0.0106764603728289,1
2023-06-27,TSLA,243.2400054931641,250.38999938964844,240.8500061035156,250.2100067138672,164968200,0.02865483088019,1
2023-06-27,META,279.555073656432,286.8311743118034,278.2068969133884,284.5511779785156,26108300,0.01787162814374,1
2023-06-26,BRK-B,335.1700134277344,335.8299865722656,331.8399963378906,334.1199951171875,3220900,-0.0031327931153759,-1
2023-06-26,AAPL,184.2470177435845,185.45015206010265,182.66913223239737,182.7085876464844,48088700,-0.0083498236006248,-1
2023-06-26,TSLA,250.07000732421875,258.3699951171875,240.6999969482422,241.0500030517578,179990600,-0.0360699164565,-1
2023-06-26,MSFT,326.00622657027685,328.3409673865728,320.89710473059927,321.00457763671875,21520600,-0.0153421883568837,-1
2023-06-26,GOOGL,119.69860904954042,120.927708228838,117.23048890392118,117.29987335205078,33969900,-0.020039795921913,-1
2023-06-26,META,286.18679311382806,287.2673007108386,275.1834158502656,276.0458374023437,24232700,-0.0354347438648255,-1
2023-06-26,UNH,450.0276928433661,453.0112960802954,445.1898862123561,450.8935852050781,2968300,0.0019240868406145,1
2023-06-26,JPM,129.11395792287587,130.1738689072679,128.0168633016688,129.41148376464844,8429700,0.0023043662091924,1
2023-06-26,AMZN,129.3300018310547,131.49000549316406,127.0999984741211,127.33000183105467,59989300,-0.015464315871677,-1
2023-06-23,AAPL,182.98470820219737,184.96691381940127,182.45216546765664,184.0990753173828,53117000,0.0060899466744186,1
2023-06-23,JPM,128.80716441468397,129.4022020255021,127.95179873580884,129.09539794921875,9919500,0.0022377135297136,1
2023-06-23,BRK-B,335.1000061035156,337.4700012207031,334.19000244140625,335.25,4451700,0.0004476093516931,1
2023-06-23,TSLA,259.2900085449219,262.45001220703125,252.8000030517578,256.6000061035156,177460800,-0.0103744932421497,-1
2023-06-23,MSFT,326.6314360457984,330.1482299651682,325.74249643584824,327.27618408203125,23146900,0.0019739313644704,1
2023-06-23,UNH,450.20659353003583,453.9243649222773,448.531249710056,448.9548034667969,4862600,-0.0027804791871744,-1
2023-06-23,AMZN,129.11000061035156,130.83999633789062,128.27999877929688,129.3300018310547,71927800,0.0017039828027503,1
2023-06-23,GOOGL,120.31315570854476,121.71076646804086,119.99596857737608,121.26471710205078,34913600,0.0079090386076411,1
2023-06-23,META,279.05946272124834,287.1484334816398,276.52174996331246,286.21661376953125,51092000,0.0256474049598245,1
2023-06-22,GOOGL,118.94528128923696,122.1568017665919,117.78556661162784,122.06759643554688,26952200,0.0262500127156575,1
2023-06-22,TSLA,250.7700042724609,265.0,248.25,264.6099853515625,166875900,0.0551899383630606,1
2023-06-22,BRK-B,338.8399963378906,338.8500061035156,335.6600036621094,336.9599914550781,3303300,-0.0055483558704143,-1
2023-06-22,MSFT,326.3970013361719,332.2583147464339,325.6350317853251,331.8577880859375,23556800,0.0167305052663191,1
2023-06-22,AAPL,181.1997336851132,184.46396933431623,181.13069423738705,184.41465759277344,51245300,0.01774243174798,1
2023-06-22,JPM,132.312314633662,132.58194925175235,129.18836364249506,129.77410888671875,10075200,-0.0191834430073336,-1
2023-06-22,UNH,450.0654335284879,454.7714588790052,449.896023509461,450.88427734375,3179000,0.0018193883694698,1
2023-06-22,META,276.6505570919048,282.77678233751567,275.3718084998464,282.40008544921875,17563100,0.0207826379160478,1
2023-06-22,AMZN,125.30999755859376,130.3300018310547,125.13999938964844,130.14999389648438,90354600,0.038624183482467,1
2023-06-21,MSFT,328.59499110748806,329.923570971666,324.3943951235906,325.8499450683594,25117800,-0.0083538888705419,-1
2023-06-21,GOOGL,121.3241939516776,121.58191085699325,119.04440626489465,119.4904556274414,30306300,-0.0151143664302156,-1
2023-06-21,META,281.06188641970726,281.5277963067708,275.9368776620084,279.1883544921875,20556200,-0.0066659053327566,-1
2023-06-21,TSLA,275.1300048828125,276.989990234375,257.7799987792969,259.4599914550781,211797100,-0.0569549418443429,-1
2023-06-21,AAPL,182.3437091740366,182.8466679379569,180.06564786023924,181.41671752929688,49515700,-0.005083759944002,-1
2023-06-21,JPM,132.8608196700457,133.90214579283753,131.73583392209747,132.3215789794922,9926500,-0.0040586885726934,-1
2023-06-21,BRK-B,337.29998779296875,341.3500061035156,336.3699951171875,338.6099853515625,4507000,0.0038837758849781,1
2023-06-21,AMZN,125.63999938964844,126.7300033569336,123.8499984741211,124.83000183105467,52137700,-0.006446972003571,-1
2023-06-21,UNH,441.378094932923,451.1854349188487,439.7215649463709,448.719482421875,4886500,0.0166328768310708,1
2023-06-20,UNH,429.8953614407464,442.82750827818256,429.8953614407464,441.7922058105469,4597700,0.0276738142275588,1
2023-06-20,BRK-B,338.1499938964844,339.2799987792969,336.6199951171875,338.6700134277344,3751700,0.0015378368790069,1
2023-06-20,AAPL,181.8604679443372,183.52710548415504,181.8604679443372,182.45216369628903,49799100,0.0032535699409557,1
2023-06-20,GOOGL,121.84953188431368,123.47511683040602,121.06647452234982,122.01803588867188,26097500,0.0013828859393418,1
2023-06-20,AMZN,124.97000122070312,127.25,124.5,125.77999877929688,56930100,0.0064815359740875,1
2023-06-20,MSFT,331.4670303403785,334.17299255500126,328.09676330100183,330.23614501953125,26375400,-0.0037134472154992,-1
2023-06-20,JPM,132.5912271694313,132.9538279509158,131.1315174934463,132.516845703125,8428600,-0.0005609833161228,-1
2023-06-20,META,276.30366121845566,282.3207987676239,273.8155011330665,281.8548889160156,20701600,0.0200910392322704,1
2023-06-20,TSLA,261.5,274.75,261.1199951171875,274.45001220703125,165611200,0.0495220352085325,1
2023-06-16,TSLA,258.9200134277344,263.6000061035156,257.2099914550781,260.5400085449219,167915600,0.0062567396615698,1
2023-06-16,AAPL,184.14837692000424,184.4047919439357,181.722395856144,182.3634033203125,101256200,-0.0096931269748152,-1
2023-06-16,GOOGL,124.82315911828891,125.001577340157,122.1964493483621,122.44425201416016,45535600,-0.0190582190110601,-1
2023-06-16,AMZN,127.70999908447266,127.9000015258789,125.3000030517578,125.48999786376952,84247100,-0.0173831433452186,-1
2023-06-16,META,282.2712193553558,285.3442395585109,277.6914418131458,278.5538635253906,43127700,-0.0131694468832309,-1
2023-06-16,JPM,133.00031770567188,133.8556832851755,132.4889539932474,133.195556640625,13813500,0.0014679584103339,1
2023-06-16,MSFT,343.19939555884866,343.3459224105444,334.04598387273194,334.41717529296875,46552000,-0.0255892649565404,-1
2023-06-16,UNH,438.73329142000455,440.9733350848721,431.0059780602822,431.5330505371094,7699100,-0.016411430415027,-1
2023-06-16,BRK-B,341.0199890136719,341.29998779296875,337.6600036621094,338.3099975585937,8486200,-0.0079467231903801,-1
2023-06-15,TSLA,248.3999938964844,258.95001220703125,247.2899932861328,255.8999938964844,160171200,0.0301932374568635,1
2023-06-15,MSFT,329.6793142407834,341.7536041604146,329.405787505742,340.0538330078125,38899100,0.031468515975655,1
2023-06-15,UNH,434.8273240980336,444.2487961051949,433.81083525367177,438.498046875,6798100,0.0084417941871077,1
2023-06-15,AAPL,181.4166932611595,183.94129793003785,181.23917400121888,183.43833923339844,65433200,0.0111436601334622,1
2023-06-15,BRK-B,335.9700012207031,341.67999267578125,335.5400085449219,339.82000732421875,4095200,0.0114593746153737,1
2023-06-15,JPM,130.71312341427088,133.325710136213,130.19246737973887,133.03749084472656,9343100,0.0177822040338599,1
2023-06-15,GOOGL,122.05768927234496,124.35729787447552,121.32419544608322,123.99054718017578,35246300,0.0158356095331124,1
2023-06-15,AMZN,125.20999908447266,127.69000244140624,124.31999969482422,127.11000061035156,60458500,0.0151745191260409,1
2023-06-15,META,269.9295786141267,281.5178179621432,269.05726454784934,279.3766174316406,25973500,0.0349981608759475,1
2023-06-14,TSLA,260.1700134277344,261.57000732421875,250.5,256.7900085449219,170575500,-0.0129915236513271,-1
2023-06-14,GOOGL,122.01803328576474,122.95968796986352,120.38253415008784,122.58302307128906,30592300,0.004630379381719,1
2023-06-14,BRK-B,337.2200012207031,340.3800048828125,334.0899963378906,335.8999938964844,5164600,-0.0039143802842075,-1
2023-06-14,AAPL,180.83481629104696,181.84071851135664,179.50348972235338,181.40679931640625,57462900,0.003163013832683,1
2023-06-14,MSFT,326.611975826836,331.20335074507136,325.11734183212303,329.5426330566406,26003800,0.0089729019347364,1
2023-06-14,JPM,132.95382439764776,133.5209706496138,130.81540340563754,131.54991149902344,9068700,-0.0105594021457058,-1
2023-06-14,AMZN,126.6999969482422,126.9499969482422,124.12000274658205,126.41999816894533,52422500,-0.0022099351700162,-1
2023-06-14,UNH,426.160062754316,431.7748228544645,417.7613222054888,431.0530395507813,14672400,0.011481547015085,1
2023-06-14,META,269.5232072981204,272.5961975421648,265.98427695032746,270.9704895019531,19175100,0.0053697869595025,1
2023-06-13,BRK-B,333.2200012207031,336.6199951171875,332.20001220703125,336.3900146484375,2953000,0.0095132747617834,1
2023-06-13,MSFT,326.738912078587,329.1909043563213,322.7532321400216,326.5630798339844,22951300,-0.0005381429578866,-1
2023-06-13,AAPL,180.2727216495119,181.60404834381112,179.91769818813273,180.77566528320312,54929100,0.002789904257778,1
2023-06-13,UNH,460.1204890418304,463.673080568118,458.048937797705,460.5329284667969,3016600,0.0008963726562696,1
2023-06-13,META,272.4871371800981,273.3198212360052,266.7475314444002,268.9581298828125,16164000,-0.0129510968253636,-1
2023-06-13,GOOGL,123.88151674346877,124.05993497214952,122.09733445666087,122.74162292480467,22278300,-0.0092014841973926,-1
2023-06-13,TSLA,253.50999450683597,259.67999267578125,251.33999633789065,258.7099914550781,162384300,0.0205119997669439,1
2023-06-13,AMZN,128.1199951171875,128.41000366210938,125.18000030517578,126.66000366210938,50564800,-0.0113955003958805,-1
2023-06-13,JPM,130.61086044419062,132.83295530635525,130.29474985485163,132.0426788330078,7701600,0.0109624757386006,1
2023-06-12,META,264.84423147196054,269.38434811275147,263.0202225116279,268.6904296875,15442500,0.0145224919348362,1
2023-06-12,AAPL,178.76388932505995,181.34766218390047,178.468033910057,181.24903869628903,54274900,0.0139018533363311,1
2023-06-12,JPM,131.15944946779217,131.39188627692613,129.9414686710039,131.0943603515625,7596600,-0.0004962594498054,-1
2023-06-12,MSFT,320.9850692837771,324.4237258036258,317.6441371021866,324.17950439453125,24260300,0.0099519741459688,1
2023-06-12,UNH,461.46088548414303,463.4762261189737,458.1051596774754,461.7327270507813,2207700,0.0005890890759961,1
2023-06-12,GOOGL,121.7107637315462,122.95969134096524,120.59069835405128,122.55329132080078,28306400,0.006922375338248,1
2023-06-12,AMZN,124.0199966430664,126.77999877929688,123.52999877929688,126.56999969482422,51338000,0.0205612249700087,1
2023-06-12,BRK-B,335.1600036621094,335.3500061035156,332.2200012207031,333.6000061035156,2873400,-0.00465448604114,-1
2023-06-12,TSLA,247.94000244140625,250.97000122070312,244.58999633789065,249.8300018310547,150337900,0.0076228094338874,1
2023-06-09,JPM,130.48996980937244,131.8380998398069,130.3598058240921,131.1035919189453,7249100,0.0047024465594504,1
2023-06-09,MSFT,317.47803824659906,322.3624661949436,316.9114577219513,319.2364501953125,22529000,0.0055386884662163,1
2023-06-09,GOOGL,121.17550631108766,122.67223656375477,120.83849830791536,121.15568542480467,23778300,-0.0001635717224245,-1
2023-06-09,TSLA,249.07000732421875,252.4199981689453,242.0200042724609,244.3999938964844,200242400,-0.018749802426654,-1
2023-06-09,AMZN,124.08000183105467,125.8000030517578,123.19000244140624,123.43000030517578,51396000,-0.005238567990706,-1
2023-06-09,META,260.19511592437004,265.61750064760685,259.4219070539598,262.64361572265625,16949800,0.0094102450370279,1
2023-06-09,UNH,459.2955402002475,467.0099984895107,456.7084543720925,462.6981506347656,3174100,0.0074083245681737,1
2023-06-09,BRK-B,335.760009765625,337.5899963378906,334.9200134277344,335.2900085449219,2619200,-0.001399812982586,-1
2023-06-09,AAPL,178.99068805786467,179.71059129506313,178.13272098000036,178.45816040039062,48900000,-0.0029751696205664,-1
2023-06-08,AMZN,123.01000213623048,125.62999725341795,122.26000213623048,124.25,62159300,0.01008046372031,1
2023-06-08,UNH,454.0464371202936,461.0109937796971,452.20919653636463,459.5205993652344,2725900,0.0120563929091914,1
2023-06-08,META,258.3513351753346,265.32013881642,256.6264913081528,262.27685546875,20899400,0.0151945036039827,1
2023-06-08,GOOGL,121.15569544544086,122.14690621299393,120.17439134067996,121.06648254394533,29389200,-0.0007363492171584,-1
2023-06-08,TSLA,224.22000122070312,235.22999572753903,223.00999450683597,234.8600006103516,164489700,0.0474533910075904,1
2023-06-08,MSFT,316.4523555298072,319.0899588404042,315.8759965452041,317.7418518066406,23277700,0.0040748512510661,1
2023-06-08,JPM,130.78754019040267,130.99208571446027,129.68113872485935,130.84332275390625,7368100,0.0004265128270045,1
2023-06-08,BRK-B,335.489990234375,336.32000732421875,334.1000061035156,335.95001220703125,2759300,0.00137119433082,1
2023-06-08,AAPL,175.44044804834044,178.3398036598064,175.00654388250445,178.07354736328125,50214900,0.0150085076972403,1
2023-06-07,UNH,459.25817985218384,459.7174757345754,451.4312413700703,451.9280395507813,4381700,-0.0159608268790375,-1
2023-06-07,TSLA,228.0,230.8300018310547,223.1999969482422,224.57000732421875,185710800,-0.0150438275253563,-1
2023-06-07,JPM,129.74624096947704,131.34540749021423,129.07682176606065,130.80615234375,9281400,0.0081691104601812,1
2023-06-07,MSFT,323.9840754044963,326.7584266923508,315.04557889593144,315.9052429199219,40717100,-0.024935893761099,-1
2023-06-07,AAPL,175.9730110061888,178.70471906299082,174.86850018805862,175.36158752441406,61944600,-0.0034745298627256,-1
2023-06-07,META,269.30505361291546,271.8625807149981,260.51224391346034,261.3052978515625,26163600,-0.0297051824836951,-1
2023-06-07,BRK-B,334.010009765625,335.82000732421875,331.42999267578125,335.4200134277344,3727800,0.0042214413367395,1
2023-06-07,GOOGL,125.85403022098032,127.90582861001032,121.04665959275812,121.4233169555664,52539000,-0.0352051758504218,-1
2023-06-07,AMZN,127.01000213623048,127.37000274658205,120.62999725341795,121.2300033569336,95663300,-0.0455082173221071,-1
2023-06-06,AMZN,125.06999969482422,127.4000015258789,125.0,126.61000061035156,45695200,0.0123131120115535,1
2023-06-06,JPM,128.9373126456911,130.25756592635653,128.50034458893558,129.5509490966797,9329500,0.0047591844315449,1
2023-06-06,META,267.7884075776989,274.1624262569552,267.3423127906372,268.7598571777344,19419000,0.0036276760776271,1
2023-06-06,GOOGL,124.90246303081489,127.16241466547471,124.25817456021956,126.19103240966795,26638300,0.0103166050339229,1
2023-06-06,BRK-B,329.0400085449219,334.1600036621094,328.67999267578125,333.4100036621094,3181400,0.0132810448690189,1
2023-06-06,TSLA,216.13999938964844,221.91000366210935,212.52999877929688,221.30999755859372,146911600,0.0239196732837268,1
2023-06-06,MSFT,327.5790489490728,327.61813272213266,324.49211655757586,325.9671936035156,20396200,-0.0049205080444804,-1
2023-06-06,UNH,468.5848537685299,468.5848537685299,453.37156487581166,457.0272521972656,3816600,-0.0246649064269018,-1
2023-06-06,AAPL,177.48186345973468,177.62978364684955,174.97697127382227,176.7323760986328,64848400,-0.0042228954919211,-1
2023-06-05,AAPL,180.10504889865825,182.3929658521557,175.57849662924414,177.0972137451172,121946500,-0.016700448832134,-1
2023-06-05,META,267.9469584402539,273.17110112649306,267.2134100069179,269.0274963378906,20742900,0.0040326559552182,1
2023-06-05,MSFT,327.4715679849584,330.7343620719764,326.92451447409195,328.1749267578125,21307100,0.0021478468411229,1
2023-06-05,TSLA,217.8000030517578,221.2899932861328,214.5200042724609,217.6100006103516,151143100,-0.0008723711604407,-1
2023-06-05,GOOGL,122.92002934980898,126.30996780687988,122.75151779943732,124.90245056152344,32305500,0.0161277313567248,1
2023-06-05,BRK-B,330.8900146484375,330.8900146484375,327.57000732421875,328.5799865722656,3091800,-0.0069812565321024,-1
2023-06-05,UNH,469.3348624134875,471.397031533437,466.26033128054,466.9820861816406,2688800,-0.0050130012071723,-1
2023-06-05,JPM,130.26688865425152,130.26688865425152,128.4259930589933,129.31854248046875,8511900,-0.0072800247521058,-1
2023-06-05,AMZN,123.36000061035156,125.8000030517578,123.02999877929688,125.3000030517578,47950100,0.0157263491553797,1
2023-06-02,JPM,129.7555044833213,131.54061723322627,129.55095898404744,130.60157775878906,12922500,0.006520519332392,1
2023-06-02,UNH,461.1797268420732,469.6346782027312,459.6424473551151,468.2848815917969,3064500,0.0154064767728976,1
2023-06-02,AAPL,178.52719900186148,179.26683000310032,176.7816656255451,178.44830322265625,61996900,-0.000441925822207,-1
2023-06-02,AMZN,124.91999816894533,126.38999938964844,124.0199966430664,124.25,61264400,-0.0053634180176594,-1
2023-06-02,TSLA,210.1499938964844,217.25,209.75,213.97000122070312,164398400,0.0181775276477067,1
2023-06-02,META,270.28649085876737,272.95307675520934,268.7598881304285,270.2369079589844,19416900,-0.0001834457194862,-1
2023-06-02,MSFT,326.5240179212979,329.6988961808169,324.86330044529166,327.6474304199219,25873800,0.0034405202587417,1
2023-06-02,BRK-B,325.1600036621094,330.6700134277344,324.4200134277344,329.4800109863281,3962200,0.0132857893823494,1
2023-06-02,GOOGL,122.90021802977736,125.0412368667164,122.672243793569,123.5742416381836,26980100,0.0054843158068517,1
2023-06-01,AMZN,120.69000244140624,123.48999786376952,119.93000030517578,122.7699966430664,54375100,0.0172341880817342,1
2023-06-01,MSFT,318.39626537207107,325.8206007034054,317.2142423331167,324.8925476074219,26773900,0.0204031357835161,1
2023-06-01,UNH,457.2334186449413,467.5349638133784,455.6586370080768,462.7075805664063,3376600,0.0119723574398568,1
2023-06-01,META,263.5853271633908,271.6148224918179,263.57543478497155,270.2369079589844,25609500,0.025235019214368,1
2023-06-01,JPM,126.9290594168992,128.51891877971337,125.93422335638148,127.91458892822266,12248100,0.007764411993998,1
2023-06-01,TSLA,202.58999633789065,209.8000030517578,199.3699951171875,207.5200042724609,148029900,0.0243349031229941,1
2023-06-01,GOOGL,121.74050008884288,123.32643572526102,121.54226097016722,122.6325912475586,30772700,0.0073278092176776,1
2023-06-01,BRK-B,321.4200134277344,323.2200012207031,319.5299987792969,323.1199951171875,3375300,0.0052889727410683,1
2023-06-01,AAPL,175.243247452332,177.6297885060057,174.4838886927619,177.60020446777344,68901800,0.0134496310112181,1
2023-05-31,JPM,127.12431139989523,127.2265841438539,124.95799905009046,126.1759796142578,14219900,-0.0074598774632042,-1
2023-05-31,MSFT,324.6092859026288,328.1749119576372,319.7639124360726,320.7994384765625,45950600,-0.0117367173137772,-1
2023-05-31,UNH,448.1692326940408,456.8679066143811,447.22249274110766,456.7179260253906,4944100,0.0190746992602812,1
2023-05-31,AMZN,121.4499969482422,122.04000091552734,119.16999816894533,120.58000183105467,72800800,-0.0071634017212718,-1
2023-05-31,BRK-B,321.1199951171875,322.4100036621094,319.3900146484375,321.0799865722656,6175000,-0.0001245906375505,-1
2023-05-31,AAPL,174.87834951174753,176.87042648421155,174.3162227478627,174.79945373535156,99625300,-0.0004511466205864,-1
2023-05-31,TSLA,199.77999877929688,203.9499969482422,195.1199951171875,203.92999267578125,150711700,0.020772819710891,1
2023-05-31,META,257.7366452452606,262.6931191922848,256.20015042244955,262.4155578613281,25473700,0.0181538508488581,1
2023-05-31,GOOGL,121.67111394373497,122.96959754632296,121.42331126767849,121.7900619506836,37325800,0.0009776191167579,1
2023-05-30,MSFT,327.4813284245179,327.9795197443462,322.8801763737934,323.5542297363281,29503100,-0.0119918247158783,-1
2023-05-30,UNH,446.8193674622399,455.43368134354114,446.2100910794591,449.7908020019531,3180800,0.0066501919032512,1
2023-05-30,GOOGL,124.53570932230704,124.55553777083064,120.92770304942592,122.58302307128906,35076700,-0.0156797296264984,-1
2023-05-30,BRK-B,321.8599853515625,322.4700012207031,319.0,322.19000244140625,3231800,0.0010253436427745,1
2023-05-30,META,262.94098733413506,266.3113841374212,259.015467775104,260.2347412109375,23816500,-0.0102922186100965,-1
2023-05-30,AAPL,174.51345913931758,176.51539231960112,174.12885165758402,174.8487548828125,55964400,0.0019213173880603,1
2023-05-30,AMZN,122.37000274658205,122.91999816894533,119.86000061035156,121.66000366210938,64314800,-0.0058020680602827,-1
2023-05-30,TSLA,200.1000061035156,204.47999572753903,197.52999877929688,201.16000366210935,128818700,0.0052973389618258,1
2023-05-30,JPM,127.18938788910047,128.0447533960952,126.46418638997858,127.8030242919922,7399900,0.0048245880656864,1
2023-05-26,BRK-B,320.44000244140625,322.6300048828125,319.6700134277344,320.6000061035156,3229400,0.0004993248685879,1
2023-05-26,MSFT,316.5304646832212,325.69365647680604,316.3937162001289,325.1954650878906,36630600,0.0273749334470576,1
2023-05-26,UNH,448.112923168643,457.7958378198413,448.0566840323385,451.3561706542969,3135200,0.007237567403146,1
2023-05-26,GOOGL,122.08742462698592,124.1590589991488,121.37375168657265,123.5147705078125,35635900,0.0116911785565757,1
2023-05-26,META,250.7281698558531,260.0265193027739,250.510098930214,259.7588806152344,25727200,0.0360179343412953,1
2023-05-26,TSLA,184.6199951171875,198.6000061035156,184.52999877929688,193.1699981689453,162061500,0.0463113599712246,1
2023-05-26,JPM,126.5478730561906,127.93320128450898,126.10159843916216,127.31956481933594,8579900,0.0060980223887499,1
2023-05-26,AMZN,116.04000091552734,121.5,116.0199966430664,120.11000061035156,96779900,0.035074109468398,1
2023-05-26,AAPL,170.92377905521317,173.3399036765556,170.7166757800904,173.0045928955078,54835000,0.012173928354477,1
2023-05-25,BRK-B,320.5599975585937,320.5599975585937,317.7099914550781,319.0199890136719,4245400,-0.0048041195303552,-1
2023-05-25,GOOGL,123.42555925112126,124.21853087598284,120.88806215130478,122.39470672607422,42317000,-0.0083520182634916,-1
2023-05-25,JPM,125.34850221791892,126.69663258291456,125.1253578219997,126.13877868652344,8472500,0.0063046343164964,1
2023-05-25,AMZN,116.62999725341795,116.87000274658205,114.30999755859376,115.0,66496700,-0.0139757977518961,-1
2023-05-25,META,251.19410627565517,253.3947820293933,247.00093333989307,250.49029541015625,22371400,-0.0028018605847644,-1
2023-05-25,UNH,447.70979929144966,451.59044214334,444.5883846657147,447.7754211425781,2684100,0.0001465722913197,1
2023-05-25,AAPL,170.02637505144455,171.49576564962197,169.31632809947834,170.59835815429688,56058300,0.0033640845585235,1
2023-05-25,TSLA,186.5399932861328,186.77999877929688,180.5800018310547,184.47000122070312,96870700,-0.0110967735602656,-1
2023-05-25,MSFT,315.76852037752286,319.34392557451787,312.6034202870161,318.3865966796875,43301700,0.0082911250907295,1
2023-05-24,BRK-B,322.7099914550781,323.0,319.5599975585937,320.20001220703125,3071500,-0.0077778169703687,-1
2023-05-24,AMZN,115.3499984741211,117.33999633789062,115.0199966430664,116.75,63487900,0.0121369878144645,1
2023-05-24,AAPL,168.7245872835419,170.03620114077688,168.1624756577717,169.46421813964844,45143500,0.0043836578178353,1
2023-05-24,JPM,125.88772987311336,126.77100081466408,125.59021822975872,125.83194732666016,8578000,-0.0004431134512429,-1
2023-05-24,META,243.1448068947824,247.41728540634756,242.81767776935007,247.0406036376953,17724300,0.0160225373211394,1
2023-05-24,TSLA,182.22999572753903,184.22000122070312,178.22000122070312,182.8999938964844,137605100,0.0036766623753153,1
2023-05-24,GOOGL,120.05545467066663,120.83851210918336,118.80652694674922,119.83738708496094,34182600,-0.0018163904864122,-1
2023-05-24,MSFT,307.45521463229585,309.1842914063532,305.38419212471825,306.5955505371094,23384900,-0.0027960628224003,-1
2023-05-24,UNH,450.5031614067534,453.00591733537385,448.8909347304433,450.7093811035156,1904700,0.0004577541611878,1
2023-05-23,AMZN,114.2699966430664,117.13999938964844,113.77999877929688,114.98999786376952,67576300,0.0063008772368491,1
2023-05-23,AAPL,170.7364116817252,170.9829553293692,168.9119826700276,169.1881103515625,50747300,-0.0090683722055078,-1
2023-05-23,GOOGL,123.06873907767378,123.53460181084787,121.13587344069668,121.48279571533205,34046300,-0.0128866467165215,-1
2023-05-23,UNH,446.3507311247873,453.1090969285183,442.9387658950807,449.4065246582031,2874200,0.0068461712288795,1
2023-05-23,JPM,127.8773974466778,129.26272559811,126.87328316079603,126.994140625,9514900,-0.0069070597252818,-1
2023-05-23,BRK-B,328.19000244140625,329.2699890136719,322.9700012207031,323.1099853515625,4029300,-0.0154788904355814,-1
2023-05-23,META,244.66150008940812,249.419718794864,244.50288926983555,244.5921173095703,17748100,-0.0002835868324705,-1
2023-05-23,TSLA,186.1999969482422,192.9600067138672,185.25999450683597,185.7700042724609,156952100,-0.0023093054931723,-1
2023-05-23,MSFT,312.6326330108963,315.2604571188561,307.96312199673974,307.972900390625,30797200,-0.014904818397857,-1
2023-05-22,GOOGL,121.85944960031794,125.3187729315334,121.66120291685972,123.9509048461914,35253000,0.0171628482873765,1
2023-05-22,UNH,450.34388633259294,451.9936441250481,447.9723738088742,450.5126037597656,2242800,0.0003746413180972,1
2023-05-22,META,243.2736688567585,251.36263833291363,242.9861848843443,246.1583404541016,27738500,0.0118577222553486,1
2023-05-22,JPM,131.09435819452145,131.6893958486409,127.9890058804234,128.3330078125,11402500,-0.0210638384447031,-1
2023-05-22,AMZN,116.7699966430664,116.7699966430664,114.25,115.01000213623048,70741100,-0.015072317867883,-1
2023-05-22,MSFT,311.2357518358931,315.1335157612651,310.65939292099665,313.756103515625,24115700,0.0080978861357188,1
2023-05-22,BRK-B,330.75,331.489990234375,328.3500061035156,329.1300048828125,2762500,-0.0048979444208238,-1
2023-05-22,AAPL,171.57466634347682,172.2945846931845,171.0519949677244,171.7916259765625,43570900,0.0012645202098271,1
2023-05-22,TSLA,180.6999969482422,189.32000732421875,180.11000061035156,188.8699951171875,132001400,0.0452130509514366,1
2023-05-19,TSLA,177.1699981689453,181.9499969482422,176.30999755859375,180.13999938964844,136196700,0.0167635674854554,1
2023-05-19,BRK-B,331.0,333.94000244140625,329.1199951171875,330.3900146484375,4322900,-0.0018428560470166,-1
2023-05-19,META,245.31571920275692,246.5251000384491,241.2910648360258,243.50164794921875,21733600,-0.0073948431002859,-1
2023-05-19,MSFT,309.4187276052405,311.38227715164794,309.05728471229986,310.98175048828125,27546700,0.0050514811922917,1
2023-05-19,GOOGL,122.464079972312,124.8628079526781,121.07638353692812,121.68102264404295,41353400,-0.0063941796520749,-1
2023-05-19,AMZN,118.16000366210938,118.30999755859376,115.6999969482422,116.25,55056300,-0.0161645531729266,-1
2023-05-19,UNH,449.5377198672762,454.4307252306384,447.8786080451104,448.8253479003906,2317900,-0.0015846767365726,-1
2023-05-19,JPM,129.96932211998757,130.62015634556295,128.4259529385829,129.4021759033203,13492200,-0.0043636929655112,-1
2023-05-19,AAPL,173.9513327998332,173.9513327998332,172.5213826746833,172.73834228515625,55809500,-0.006973160223341,-1
2023-05-18,JPM,128.55615243737296,129.91357543771105,128.08197227429838,129.69973754882812,10999600,0.0088956077929624,1
2023-05-18,META,239.1994518791044,244.9390424423486,239.09040883985995,244.70114135742188,22943300,0.0230004267781438,1
2023-05-18,AMZN,116.69000244140624,118.5999984741211,116.33999633789062,118.1500015258789,73174100,0.0125117752500328,1
2023-05-18,TSLA,174.22000122070312,177.05999755859375,172.4499969482422,176.88999938964844,109520300,0.0153254399623321,1
2023-05-18,AAPL,170.60820660461047,172.81724313624747,170.19401507639674,172.62986755371094,65496700,0.0118497286228775,1
2023-05-18,MSFT,307.25979860655974,311.6655618014146,306.4685237275618,311.1575622558594,27276000,0.0126855633798375,1
2023-05-18,UNH,451.8530117547168,452.321690339093,444.2042024308639,449.2096862792969,3040100,-0.0058499675926799,-1
2023-05-18,GOOGL,119.8869385456927,122.2261965471798,119.76799809424152,121.75041961669922,35234200,0.0155436538259444,1
2023-05-18,BRK-B,326.8699951171875,329.9800109863281,325.8500061035156,329.760009765625,2805000,0.0088414803793826,1
2023-05-17,TSLA,168.41000366210938,174.5,167.19000244140625,173.86000061035156,125473600,0.0323614798986456,1
2023-05-17,BRK-B,325.0199890136719,328.260009765625,324.82000732421875,327.3900146484375,3046800,0.0072919380803558,1
2023-05-17,META,236.37426476658152,241.71734364737935,236.06696576918236,240.3791046142578,21193100,0.0169427913467274,1
2023-05-17,JPM,126.35262233626756,128.85364424817092,125.94354553851306,128.72348022460938,12711500,0.0187638202081168,1
2023-05-17,AMZN,114.88999938964844,115.83000183105467,114.22000122070312,115.5,65655200,0.005309431748561,1
2023-05-17,GOOGL,118.55871573573606,120.60060741468727,117.8450428018749,119.77790069580078,33323600,0.01028338534623,1
2023-05-17,AAPL,169.3360433616003,170.53916250241704,168.06386972955488,170.302490234375,57951600,0.0057072720821222,1
2023-05-17,MSFT,305.0715994717328,307.1621190650021,303.5574089684494,306.7420654296875,24315000,0.0054756521447664,1
2023-05-17,UNH,449.9314086253437,454.99313125120506,447.625518165782,454.4400939941406,2682000,0.0100208282470703,1
2023-05-16,AMZN,111.0500030517578,114.79000091552734,111.0500030517578,113.4000015258789,71472900,0.0211616245793871,1
2023-05-16,META,233.7374359129555,237.55392762383548,233.4697971599243,236.74107360839844,18163800,0.012850477646899,1
2023-05-16,TSLA,165.64999389648438,169.52000427246094,164.35000610351562,166.52000427246094,98288800,0.0052521002597817,1
2023-05-16,UNH,457.0741226583067,458.5645172041592,449.00349073165546,449.66900634765625,2178900,-0.016201127877428,-1
2023-05-16,BRK-B,322.4599914550781,324.69000244140625,322.3599853515625,323.75,2139500,0.0040005227907524,1
2023-05-16,JPM,125.9435629825804,126.3898376699158,124.54894217119272,124.88365173339844,6477200,-0.0084157635696597,-1
2023-05-16,GOOGL,115.46614156745152,119.6887016048796,115.40667134063952,118.45960235595705,45035600,0.0259250092526632,1
2023-05-16,MSFT,302.0082405576207,305.790293615096,302.0082405576207,303.8700256347656,26730300,0.0061646830354939,1
2023-05-16,AAPL,169.61219003463674,170.74628490689332,169.42481443623242,169.6910858154297,42110300,0.0004651539537154,1
2023-05-15,AMZN,111.1500015258789,112.29000091552734,109.25,111.1999969482422,53011100,0.0004498013646148,1
2023-05-15,JPM,124.83717162254676,126.13881214362168,124.5489522347957,125.72972106933594,7639500,0.0071497089784112,1
2023-05-15,UNH,460.6173654670112,460.9829485400437,453.3997315150513,456.36175537109375,2169700,-0.0092389267425962,-1
2023-05-15,GOOGL,115.08948372088383,117.4386559807011,114.99036415582506,115.48596954345705,36266800,0.003445022166706,1
2023-05-15,BRK-B,322.8900146484375,323.8299865722656,320.1300048828125,323.5299987792969,2190000,0.0019820499297762,1
2023-05-15,MSFT,301.2967160743426,302.07650801921994,299.8248268001941,301.6476135253906,16336500,0.0011646242136984,1
2023-05-15,META,234.8575861552915,238.16850749476043,233.2814308927608,236.78070068359372,20653200,0.0081884283994584,1
2023-05-15,AAPL,170.76601261404946,170.815324358024,169.09937498339835,169.6910858154297,37266700,-0.006294735012928,-1
2023-05-15,TSLA,167.66000366210938,169.75999450683594,164.5500030517578,166.35000610351562,105592500,-0.0078134172132897,-1
2023-05-12,AMZN,112.16000366210938,112.63999938964844,109.31999969482422,110.26000213623048,49852700,-0.0169400986433881,-1
2023-05-12,JPM,127.2080134509426,127.36606876598572,123.7772441549865,124.6791000366211,9988600,-0.0198801423410072,-1
2023-05-12,UNH,458.1426431905156,462.02328652176567,457.1959034114294,460.4579162597656,1536500,0.0050536074379072,1
2023-05-12,MSFT,302.71008236022425,302.80756378679547,298.8598188614768,301.16998291015625,19774700,-0.0050877045061065,-1
2023-05-12,AAPL,171.21964497087455,171.65356424240227,168.63587209674515,170.18417358398438,45533100,-0.006047620219434,-1
2023-05-12,TSLA,176.07000732421875,177.3800048828125,167.22999572753906,167.97999572753906,157849600,-0.0459476984162474,-1
2023-05-12,GOOGL,115.65447372138092,116.99260675738344,115.08948388118702,116.47718048095705,41102300,0.0071134884203275,1
2023-05-12,META,234.6791446762985,234.8972307500688,229.43518652876685,231.77464294433597,16161400,-0.0123764799636068,-1
2023-05-12,BRK-B,323.82000732421875,324.239990234375,320.5400085449219,322.489990234375,1937300,-0.0041072727433796,-1
2023-05-11,TSLA,168.6999969482422,173.57000732421875,166.7899932861328,172.0800018310547,103889900,0.0200355953998594,1
2023-05-11,UNH,457.4303910016229,459.4175840249357,455.23697821518095,458.1427917480469,2384200,0.0015573970607069,1
2023-05-11,JPM,125.51583594216936,127.19867562083736,125.42285557415391,126.49207305908205,7057300,0.0077778003833911,1
2023-05-11,META,231.02127322703905,236.1363584030385,230.2778020721307,233.73741149902344,20449000,0.0117570916047852,1
2023-05-11,GOOGL,114.3857183198398,116.88356600068316,113.4044218269018,115.5454330444336,78900000,0.0101386321791593,1
2023-05-11,AAPL,171.20961699732078,171.93836845064925,169.55512459046415,171.1111297607422,49514700,-0.0005752436008319,-1
2023-05-11,AMZN,111.02999877929688,113.27999877929688,110.48999786376952,112.18000030517578,74924800,0.0103575748763616,1
2023-05-11,BRK-B,321.0,322.9599914550781,319.8099975585937,322.6400146484375,2548900,0.0051090799016744,1
2023-05-11,MSFT,302.2714311285641,303.2656701896078,298.5283767405059,302.2811584472656,31680200,3.218074121405478e-05,1
2023-05-10,AAPL,170.3922648627901,171.38692008917508,169.28926463206565,170.92405700683594,53724500,0.0031209875898653,1
2023-05-10,TSLA,172.5500030517578,174.42999267578125,166.67999267578125,168.5399932861328,119840700,-0.0232396968687515,-1
2023-05-10,AMZN,108.0999984741211,110.66999816894533,108.0500030517578,110.19000244140624,78627600,0.0193339870193013,1
2023-05-10,MSFT,300.8287815493971,305.09821176430125,299.9027824610233,304.4256286621094,30078000,0.0119564593992203,1
2023-05-10,JPM,128.25861326097296,128.36088601235872,125.39499040898734,126.89188385009766,8133400,-0.0106560438798318,-1
2023-05-10,GOOGL,107.02101664654327,111.94733485864512,106.98136731248631,110.76779174804688,63153400,0.0350097132218246,1
2023-05-10,META,234.1141076501327,234.6890604898904,228.71155363342424,231.05101013183597,19119000,-0.0130837801661843,-1
2023-05-10,BRK-B,326.0799865722656,326.1600036621094,320.1499938964844,322.989990234375,2639800,-0.0094761913184936,-1
2023-05-10,UNH,458.7425940947253,462.5576446488362,457.092864924576,459.3706359863281,2018700,0.0013690507480392,1
2023-05-09,UNH,461.9671457184562,468.1162070174217,459.5862502831889,459.6612548828125,2038600,-0.0049914606634148,-1
2023-05-09,AMZN,105.4800033569336,106.79000091552734,105.16000366210938,106.62000274658205,44089400,0.0108077299333295,1
2023-05-09,BRK-B,324.8699951171875,326.8800048828125,323.4800109863281,324.8699951171875,2283400,0.0,-1
2023-05-09,TSLA,168.9499969482422,169.82000732421875,166.55999755859375,169.14999389648438,88965000,0.0011837641423779,1
2023-05-09,META,229.44510882268384,233.82663017174104,229.06841194563827,231.3384704589844,16865600,0.0082519154407589,1
2023-05-09,AAPL,170.42178299192224,170.90433143409618,168.9938080662103,169.16122436523438,45326900,-0.0073966989698002,-1
2023-05-09,GOOGL,107.43732362452766,109.18185651644418,106.24787384869296,106.40646362304688,36360100,-0.0095949895874495,-1
2023-05-09,MSFT,300.22444953048654,302.2129574604757,298.5771116971217,299.24969482421875,21340800,-0.0032467532467531,-1
2023-05-09,JPM,126.3805086903994,127.32885464615522,125.7111038715992,126.82679748535156,7343600,0.0035313103229031,1
2023-05-08,JPM,127.8309446882633,128.27721936166637,126.89189095834956,127.4404525756836,7484900,-0.0030547541796861,-1
2023-05-08,GOOGL,104.25553719362944,107.01110160979503,104.2357163079201,106.82276916503906,26511400,0.0246244184291295,1
2023-05-08,AMZN,105.04000091552734,106.0999984741211,104.6999969482422,105.83000183105467,49430900,0.0075209530525676,1
2023-05-08,MSFT,302.30061856381155,302.3688585182891,298.3626020452407,300.85797119140625,21318600,-0.0047722276562288,-1
2023-05-08,AAPL,169.86046198141287,171.20966537396347,169.49608615179136,170.86497497558594,55962800,0.0059137540452644,1
2023-05-08,META,229.40544787827332,233.56888314152783,228.26546487348705,231.2393493652344,16400500,0.0079941496765766,1
2023-05-08,UNH,461.2171792279895,463.38247176415706,457.730209794729,461.7608337402344,1738500,0.0011787386435928,1
2023-05-08,BRK-B,328.260009765625,330.69000244140625,325.7900085449219,326.1400146484375,3302400,-0.0064582801867981,-1
2023-05-08,TSLA,173.72000122070312,173.8000030517578,169.19000244140625,171.7899932861328,112249400,-0.0111098775098345,-1
2023-05-05,BRK-B,323.3599853515625,325.1600036621094,322.6199951171875,323.8800048828125,3869500,0.0016081752684539,1
2023-05-05,GOOGL,103.89870471094449,104.94938562732776,103.19494602522197,104.6421127319336,26639300,0.0071551230889483,1
2023-05-05,AAPL,168.38322333782398,171.65280778469676,168.1665634032941,170.93389892578125,113453200,0.0151480387261615,1
2023-05-05,UNH,463.11073582041456,469.47539976609806,461.2079016848028,463.3169555664063,2329400,0.0004452925187026,1
2023-05-05,TSLA,163.97000122070312,170.7899932861328,163.50999450683594,170.05999755859375,107607300,0.037140917805407,1
2023-05-05,AMZN,104.2699966430664,105.76000213623048,103.5500030517578,105.66000366210938,56951700,0.0133308436155531,1
2023-05-05,META,230.2183085405626,232.6370551335535,227.84911458653457,230.75360107421875,27000500,0.0023251518832258,1
2023-05-05,JPM,126.85469425360314,128.19353232279389,126.36192943463914,127.13362121582033,11261400,0.0021987910172212,1
2023-05-05,MSFT,298.0020223898041,304.09423955747224,296.58861610804354,302.8075561523437,28197100,0.0161258427845623,1
2023-05-04,BRK-B,323.44000244140625,325.989990234375,317.4100036621094,320.0,3185600,-0.0106356740521897,-1
2023-05-04,MSFT,298.50892359474454,299.99057004388783,295.7406233176059,297.69989013671875,22519900,-0.0027102488203137,-1
2023-05-04,GOOGL,104.56282340312816,104.67185719426804,103.05618634008118,103.76985931396484,23419500,-0.0075836139782314,-1
2023-05-04,UNH,456.5398296668354,459.0144664969834,451.7593306551023,456.7554321289063,2555700,0.0004722533458431,1
2023-05-04,AAPL,162.38570858289833,164.50304913491388,161.8145156138655,163.27203369140625,81235400,0.0054581472485643,1
2023-05-04,AMZN,104.04000091552734,105.38999938964844,103.30999755859376,104.0,45345500,-0.0003844763088749,-1
2023-05-04,TSLA,162.7100067138672,162.9499969482422,159.64999389648438,161.1999969482422,95108500,-0.0092803743059295,-1
2023-05-04,META,234.00506493525836,236.12643535513132,230.9023071473006,231.4871826171875,17889400,-0.0107599479471414,-1
2023-05-04,JPM,125.47864525646015,126.1852477785118,122.54993407028516,124.69764709472656,17089200,-0.0062241520071988,-1
2023-05-03,UNH,463.42943548616,464.4136777978797,457.45847416404905,458.7801513671875,1749700,-0.0100323452999811,-1
2023-05-03,AMZN,103.73999786376952,105.95999908447266,103.27999877929688,103.6500015258789,65051900,-0.0008675182161542,-1
2023-05-03,JPM,128.71420151054193,128.92803938903776,126.22247169793856,126.42701721191406,12930900,-0.0177694789835645,-1
2023-05-03,GOOGL,104.6024685865706,106.54524073699992,104.03747876508014,104.48352813720705,21795400,-0.0011370711510994,-1
2023-05-03,TSLA,160.00999450683594,165.0,159.91000366210938,160.61000061035156,119728000,0.0037498039129673,1
2023-05-03,AAPL,166.9256982160475,168.32412999077732,164.62124085601573,164.90682983398438,65136000,-0.0120944132847067,-1
2023-05-03,MSFT,298.8792887083803,300.819041090019,296.4131604465873,296.71533203125,22360800,-0.0072402363057069,-1
2023-05-03,META,237.38537558955068,239.6455266055783,230.7238730814823,234.96661376953125,34463900,-0.0101891778885383,-1
2023-05-03,BRK-B,327.1300048828125,328.07000732421875,323.0599975585937,323.2200012207031,2653800,-0.0119524458281044,-1
2023-05-02,GOOGL,106.19831315828286,106.2577833799794,102.79846017510972,104.3943099975586,30997200,-0.0169871169049125,-1
2023-05-02,AMZN,101.47000122070312,103.9000015258789,101.1500015258789,103.62999725341795,73469400,0.0212870405709045,1
2023-05-02,TSLA,161.8800048828125,165.49000549316406,158.92999267578125,160.30999755859375,128259700,-0.0096985870821742,-1
2023-05-02,META,241.06306805133124,242.78792649051843,236.90955544437884,237.15737915039065,24350100,-0.0162019380758439,-1
2023-05-02,UNH,464.22610598151687,465.5946393443785,458.62070019876114,462.4826354980469,2152300,-0.0037556493721604,-1
2023-05-02,MSFT,299.99057004388783,301.37470530887805,296.2377578232693,297.69989013671875,26404400,-0.0076358397093413,-1
2023-05-02,AAPL,167.50674796522142,167.76280882251325,164.9954731830596,165.98028564453125,48425700,-0.0091128407615381,-1
2023-05-02,BRK-B,330.1499938964844,330.25,322.760009765625,325.8599853515625,3366500,-0.0129941197159826,-1
2023-05-02,JPM,131.46623018999736,132.40528381144946,128.70488025365032,129.16046142578125,14113400,-0.017538867288457,-1
2023-05-01,META,236.54276266287647,241.87593357965252,234.40157736953907,241.0630645751953,29143900,0.0191098719801511,1
2023-05-01,AAPL,166.70906903109534,167.86129792357815,166.07878959348815,167.0143585205078,52472900,0.001831271035144,1
2023-05-01,TSLA,163.1699981689453,163.27999877929688,158.8300018310547,161.8300018310547,109015000,-0.0082122715752144,-1
2023-05-01,BRK-B,329.1600036621094,331.8399963378906,328.57000732421875,330.1700134277344,2461300,0.0030684462097096,1
2023-05-01,GOOGL,105.90095313603432,107.04084701354168,105.88113224841882,106.2577896118164,26681700,0.0033695303509092,1
2023-05-01,UNH,463.60749835974906,468.1068301244646,461.0016464641266,464.6479797363281,2105600,0.0022443152456772,1
2023-05-01,MSFT,299.2205078090528,300.80936302886863,297.44644678158,297.8460998535156,21294100,-0.0045932946428064,-1
2023-05-01,AMZN,104.9499969482422,105.2300033569336,101.81999969482422,102.0500030517578,74728100,-0.0276321484593711,-1
2023-05-01,JPM,132.26581836000824,133.29783821644935,130.93628680641368,131.28028869628906,20415800,-0.0074511289155351,-1
2023-04-28,BRK-B,325.44000244140625,328.8099975585937,325.19000244140625,328.54998779296875,2909600,0.0095562479358155,1
2023-04-28,TSLA,160.89999389648438,165.0,157.32000732421875,164.30999755859375,122515800,0.0211933113204666,1
2023-04-28,UNH,458.0770903760466,463.0169525005761,457.5427899089474,461.26409912109375,2398900,0.006957363317233,1
2023-04-28,GOOGL,106.09920197465762,106.40647489412298,104.16633643126642,106.39656066894533,36139800,0.0028026477933238,1
2023-04-28,JPM,126.96627658910433,128.60264075648055,126.13880214058032,128.52825927734375,9887300,0.0123023430331379,1
2023-04-28,META,236.92938780573903,238.3370247438833,233.69777188796775,238.22799682617188,39554000,0.0054809959729334,1
2023-04-28,MSFT,296.33513009659094,301.130905659633,295.6527900361445,299.5030822753906,36469600,0.0106904374711397,1
2023-04-28,AMZN,107.7300033569336,109.4800033569336,104.33000183105467,105.4499969482422,130715900,-0.0211640799929916,-1
2023-04-28,AAPL,165.93106728858945,167.27041291997128,165.33033104891717,167.1029815673828,55275900,0.0070626573910668,1
2023-04-27,AAPL,162.6811671878293,165.9999802574992,162.6811671878293,165.85226440429688,64902300,0.0194927124711755,1
2023-04-27,MSFT,288.4981481341887,297.4951446738083,287.79632356423065,297.13446044921875,46462600,0.0299354168159619,1
2023-04-27,UNH,451.9936414089213,460.2236362644926,451.9936414089213,459.7455749511719,2473200,0.0171505367157087,1
2023-04-27,AMZN,108.16000366210938,110.86000061035156,106.8000030517578,109.81999969482422,149961200,0.0153475959366703,1
2023-04-27,GOOGL,103.53195477534292,107.41750647367289,102.62995696914422,106.64435577392578,50089200,0.0300622257672673,1
2023-04-27,BRK-B,322.8599853515625,326.9100036621094,322.1099853515625,326.2300109863281,2950000,0.010438040598608,1
2023-04-27,JPM,126.44558446505005,128.2214045340633,126.1294739087224,127.42182159423828,9041100,0.0077206106746897,1
2023-04-27,TSLA,152.63999938964844,160.47999572753906,152.3699951171875,160.19000244140625,127015200,0.049462808450914,1
2023-04-27,META,237.80176159323008,239.5860956533004,234.7089259730826,236.48333740234372,71196500,-0.0055442154088898,-1
2023-04-26,GOOGL,103.9978259667022,105.4152575857014,101.72795253139088,102.7984619140625,53347600,-0.0115325877391294,-1
2023-04-26,AMZN,105.04000091552734,106.62000274658205,104.0999984741211,104.9800033569336,73803800,-0.0005711877196383,-1
2023-04-26,META,210.65018419851057,212.2461697285354,207.06170119506,207.57716369628903,41992700,-0.014588264016544,-1
2023-04-26,BRK-B,323.3099975585937,323.739990234375,319.0,320.5299987792969,2718600,-0.0085985549481594,-1
2023-04-26,JPM,127.95181650755376,128.12847076116057,124.58613588390456,125.72972106933594,14416100,-0.0173666580035356,-1
2023-04-26,AAPL,160.58347686432109,162.76976117685115,160.32743109896813,161.27284240722656,45498800,0.0042928796683604,1
2023-04-26,MSFT,289.20974000859206,292.0072813214267,285.3399625443694,287.9132995605469,64599200,-0.0044826998150431,-1
2023-04-26,UNH,455.433722181962,457.1491018169672,448.39416070347113,452.6966552734375,2930000,-0.0060098029092165,-1
2023-04-26,TSLA,160.2899932861328,160.6699981689453,153.13999938964844,153.75,153364100,-0.040801007923547,-1
2023-04-25,UNH,461.81707773693176,467.27250278936936,459.84862215445895,461.1047058105469,2937300,-0.0015425413236681,-1
2023-04-25,TSLA,159.82000732421875,163.47000122070312,158.75,160.6699981689453,121999300,0.0053184257650685,1
2023-04-25,META,208.98480961117477,209.42096668543763,205.32692880816305,205.74327087402344,19198200,-0.0155108820740719,-1
2023-04-25,AMZN,104.91000366210938,105.4499969482422,102.4499969482422,102.56999969482422,65026800,-0.022304869751237,-1
2023-04-25,GOOGL,104.89984132217796,105.75228321957934,102.92732637507989,102.93724060058594,46664100,-0.0187092820814123,-1
2023-04-25,MSFT,272.45369257019934,274.49092630001803,268.41819388016194,268.4669494628906,45772200,-0.0146327365568059,-1
2023-04-25,JPM,129.79268721934886,130.12739670771012,127.96108448954054,127.9982681274414,10629300,-0.0138252711331486,-1
2023-04-25,BRK-B,325.989990234375,327.1000061035156,324.1099853515625,324.3399963378906,2552200,-0.0050614863827508,-1
2023-04-25,AAPL,162.68117729099055,163.78416246885476,161.24334444666383,161.28274536132812,48714100,-0.0085961507836952,-1
2023-04-24,JPM,130.5923012181402,131.18733887353952,130.20179489998168,130.84332275390625,7567500,0.0019221771377376,1
2023-04-24,MSFT,274.96860595316434,277.75642043347494,271.6836867023162,274.6566772460937,26611000,-0.0011344157126203,-1
2023-04-24,GOOGL,104.56280505764668,105.6927845472622,103.77974776881892,105.03858947753906,23542800,0.0045502262456529,1
2023-04-24,UNH,453.1277873655807,459.5111867621879,452.4153868342201,458.3113708496094,2322400,0.01143956214684,1
2023-04-24,BRK-B,324.42999267578125,326.3999938964844,324.29998779296875,326.04998779296875,2261900,0.0049933580549269,1
2023-04-24,AAPL,162.49405610505224,163.0849495926161,161.40091367199096,162.8190460205078,41949600,0.0020000110973011,1
2023-04-24,TSLA,164.64999389648438,165.64999389648438,158.61000061035156,162.5500030517578,140006600,-0.0127542722294106,-1
2023-04-24,AMZN,107.66000366210938,109.2300033569336,105.06999969482422,106.20999908447266,69575600,-0.0134683682733984,-1
2023-04-24,META,211.819873871712,212.05779007834377,208.8757421166724,210.9376220703125,15750900,-0.004165103987994,-1
2023-04-21,META,208.3800955053103,211.55223597623976,207.7555749142046,211.0367584228516,17717200,0.0127491203567164,1
2023-04-21,GOOGL,104.54299836188882,105.0683388461455,103.85906052869694,104.48352813720705,25800100,-0.0005688589921242,-1
2023-04-21,BRK-B,322.3599853515625,324.8500061035156,321.6099853515625,324.3299865722656,2405700,0.0061111841116218,1
2023-04-21,MSFT,277.81480201216493,279.042972509136,275.91401875313767,278.5458679199219,21676400,0.002631486524339,1
2023-04-21,AAPL,162.54330660065614,163.92203809382642,161.99181400338804,162.51376342773438,58337300,-0.00018175570277,-1
2023-04-21,TSLA,164.8000030517578,166.0,161.32000732421875,165.0800018310547,123539000,0.001699021687572,1
2023-04-21,UNH,459.3425086495528,459.9892873755408,451.93739283971854,453.51214599609375,3165300,-0.0126928436704019,-1
2023-04-21,JPM,129.922900477275,131.19664981366964,129.03033677439618,130.66668701171875,11842500,0.0057248301239538,1
2023-04-21,AMZN,106.0999984741211,108.1500015258789,105.08000183105467,106.95999908447266,86774200,0.0081055666608829,1
2023-04-20,GOOGL,102.99671016764434,105.31613963654112,102.95706083112417,104.36457824707033,27820800,0.0132806968028351,1
2023-04-20,AAPL,163.5675258869679,165.32049116381157,163.04557639594412,164.1190185546875,52456400,0.0033716513392805,1
2023-04-20,MSFT,278.048779675469,281.7333512714664,277.88305828682746,278.8870544433594,23244400,0.0030148478582383,1
2023-04-20,TSLA,166.1699981689453,169.6999969482422,160.55999755859375,162.99000549316406,210970800,-0.0191369844786791,-1
2023-04-20,JPM,130.08094249169716,131.49414811173966,130.01585337385472,130.91770935058594,10586200,0.0064326629470891,1
2023-04-20,UNH,455.0587408382288,458.97688655057175,452.9871897098741,456.924072265625,3283000,0.0040991003138632,1
2023-04-20,META,211.6216446591975,214.86318342643628,210.91783370536288,211.21522521972656,16475400,-0.0019205003350458,-1
2023-04-20,BRK-B,322.20001220703125,324.3699951171875,321.32000732421875,323.82000732421875,2428400,0.0050279176158024,1
2023-04-20,AMZN,103.52999877929688,105.25,103.20999908447266,103.80999755859376,57696900,0.0027045183289702,1
2023-04-19,GOOGL,102.66960311282216,104.05729956463124,102.16408355317898,103.26432800292967,20905700,0.0057926092248938,1
2023-04-19,META,211.61171286211123,215.4381115885571,211.0764051725172,213.82229614257807,15898100,0.0104464126799414,1
2023-04-19,AMZN,101.58000183105467,105.12000274658205,101.38999938964844,104.3000030517578,58398900,0.026776936125941,1
2023-04-19,TSLA,179.10000610351562,183.5,177.64999389648438,180.58999633789065,125732700,0.0083193198414176,1
2023-04-19,BRK-B,323.8500061035156,324.54998779296875,322.760009765625,323.0899963378906,2406200,-0.0023467955883936,-1
2023-04-19,MSFT,278.7701115947992,281.7528588587504,277.3567350040731,281.16802978515625,17150300,0.0086017764839959,1
2023-04-19,UNH,469.2878666017432,470.5251849451633,453.3340576909562,455.7430725097656,5809100,-0.0288624425559082,-1
2023-04-19,JPM,131.30816626421534,131.55920192925032,130.53647454341413,131.2988739013672,9158100,-7.076759285069346e-05,-1
2023-04-19,AAPL,163.2819130529251,165.60607111909823,163.02585218946157,165.08412170410156,47720200,0.0110374052917441,1
2023-04-18,GOOGL,105.55401951819437,105.60358307540248,103.15529157112812,103.58151245117188,26596400,-0.0186871809906061,-1
2023-04-18,MSFT,284.2092231464568,284.39442891149264,279.76434427989847,281.0899963378906,20161800,-0.010975107612742,-1
2023-04-18,AAPL,163.57733566867122,164.86743742961687,163.13415809407996,163.94171142578125,49923000,0.0022275442720749,1
2023-04-18,JPM,130.41561260269637,131.8195254325071,129.26272124249093,131.46621704101562,13760100,0.0080558179910549,1
2023-04-18,BRK-B,324.95001220703125,325.7200012207031,322.5,324.6300048828125,3581200,-0.0009847893897442,-1
2023-04-18,META,217.99567564546845,218.5210607578329,214.3278873630512,215.9932556152344,12281000,-0.0091855951926801,-1
2023-04-18,TSLA,187.1499938964844,187.69000244140625,183.5800018310547,184.30999755859372,92067000,-0.0151749742479899,-1
2023-04-18,UNH,472.1186727095856,475.2306766041804,466.9350889857912,472.8779296875,3232000,0.001608190952408,1
2023-04-18,AMZN,103.9499969482422,104.1999969482422,101.5199966430664,102.3000030517578,39790500,-0.0158729576231341,-1
2023-04-17,TSLA,186.32000732421875,189.69000244140625,182.69000244140625,187.0399932861328,116662200,0.0038642439545485,1
2023-04-17,AAPL,162.58266215472722,162.8781088558677,161.53876350080176,162.7205352783203,41516200,0.0008480186125989,1
2023-04-17,JPM,130.11809586712968,130.22036860936103,127.98898138025828,130.00653076171875,16050500,-0.0008574142179644,-1
2023-04-17,MSFT,282.6106328823751,284.23848637686285,278.93581824426053,281.5091552734375,23836200,-0.0038975094379978,-1
2023-04-17,META,217.8766851441608,219.056328418045,215.23985237860876,216.9547882080078,15481900,-0.0042312785121683,-1
2023-04-17,BRK-B,320.20001220703125,323.9800109863281,319.0,323.7900085449219,3425500,0.0112117307964668,1
2023-04-17,UNH,476.8523092882521,477.6678053955506,471.2562862073533,473.69342041015625,3660900,-0.0066244596420447,-1
2023-04-17,GOOGL,103.7401059993033,105.22692191325392,103.60132955665138,105.03858947753906,37571200,0.0125166970452535,1
2023-04-17,AMZN,103.16000366210938,103.7300033569336,101.58999633789062,102.73999786376952,39919500,-0.0040714015454626,-1
2023-04-14,MSFT,279.75462616342,281.1972739689878,276.5281901717606,278.9163513183594,20987900,-0.0029964646395906,-1
2023-04-14,JPM,125.65531412466714,129.3464112241228,125.42287735108336,128.9838104248047,43931300,0.0264891009451078,1
2023-04-14,UNH,489.3004503487855,494.2121928420861,476.64612835700655,479.7300415039063,4872000,-0.0195593706035978,-1
2023-04-14,AAPL,162.09027277975596,163.794009087704,161.33197803499354,162.70086669921875,49386500,0.0037669991480145,1
2023-04-14,TSLA,183.9499969482422,186.27999877929688,182.00999450683597,185.0,96438700,0.0057080895307285,1
2023-04-14,GOOGL,105.95050836328302,107.98249327038609,105.90094480463668,107.9131088256836,26578000,0.0185237474809579,1
2023-04-14,BRK-B,318.8900146484375,321.8800048828125,318.1199951171875,319.739990234375,2975400,0.0026654192570895,1
2023-04-14,META,215.98332984258556,220.17650288269624,215.656200722299,219.56190490722656,21591200,0.0165687558722665,1
2023-04-14,AMZN,102.06999969482422,103.1999969482422,101.11000061035156,102.51000213623048,51450500,0.0043107910524326,1
2023-04-13,GOOGL,104.90973463774462,106.54523377059805,104.90973463774462,106.48576354980467,24843600,0.0150227137405515,1
2023-04-13,UNH,491.0907056434971,497.2210573504174,487.8943432842884,493.265380859375,4224400,0.0044282556987682,1
2023-04-13,TSLA,182.9600067138672,186.5,180.94000244140625,185.8999938964844,112933000,0.0160690154937251,1
2023-04-13,BRK-B,315.2699890136719,318.8099975585937,313.260009765625,318.04998779296875,3323300,0.0088178351133076,1
2023-04-13,JPM,119.43530529564194,119.97454606868824,117.91981315305058,119.92807006835938,12450200,0.0041257881955229,1
2023-04-13,MSFT,276.4307312539157,282.5814321314397,276.02135086508736,282.52294921875,24222700,0.0220388592006373,1
2023-04-13,AAPL,159.17525665056672,163.28192316496492,158.9684394039646,163.04556274414062,68445600,0.024314746996578,1
2023-04-13,META,213.85204622946125,219.22486281474855,213.81240108857065,218.4318389892578,23310400,0.021415706983147,1
2023-04-13,AMZN,98.9499969482422,102.56999969482422,98.70999908447266,102.4000015258789,67925100,0.0348661413243025,1
2023-04-12,META,212.96976895391876,214.9523585329929,210.7294481749098,212.1370849609375,18972200,-0.0039098694480032,-1
2023-04-12,TSLA,190.7400054931641,191.5800018310547,180.30999755859372,180.5399932861328,150256300,-0.0534759982870861,-1
2023-04-12,AMZN,100.4000015258789,100.51000213623048,97.70999908447266,97.83000183105467,56735000,-0.0255976061331212,-1
2023-04-12,AAPL,158.77145737665472,159.59869619161648,157.35332510698044,157.66847229003906,50133100,-0.0069469985653595,-1
2023-04-12,BRK-B,315.9700012207031,316.9200134277344,313.7200012207031,314.54998779296875,2662600,-0.0044941400204081,-1
2023-04-12,GOOGL,105.643234620716,105.8117386190125,103.4229172834998,103.72028350830078,24370300,-0.018202311954183,-1
2023-04-12,MSFT,277.60042049037634,279.7643772791171,274.84184782081707,276.3332214355469,27403400,-0.0045648311792574,-1
2023-04-12,UNH,492.0937004241552,493.705984348167,487.4631541710859,488.5411376953125,3422400,-0.0072192810551742,-1
2023-04-12,JPM,120.10472488738162,121.26690877514532,119.06341266372614,119.47250366210938,11821000,-0.0052639163518759,-1
2023-04-11,JPM,119.28655100779828,119.88158856058352,118.5799412538381,119.49109649658205,10516300,0.0017147405726433,1
2023-04-11,TSLA,186.69000244140625,189.19000244140625,185.6499938964844,186.7899932861328,115770900,0.0005355982828161,1
2023-04-11,AAPL,159.88431146406083,159.89415417908276,158.07224508795338,158.35784912109375,47644200,-0.009547292845616,-1
2023-04-11,AMZN,100.8000030517578,101.0,99.01000213623048,99.91999816894533,60417800,-0.0087302069064486,-1
2023-04-11,UNH,483.8075667805732,489.5066574564913,482.9451569501398,488.3349609375,3065300,0.0093578407362532,1
2023-04-11,GOOGL,105.61349136376523,105.79190957241536,103.75992483847456,104.42403411865234,26311800,-0.0112623608002508,-1
2023-04-11,BRK-B,312.5599975585937,315.94000244140625,311.7699890136719,313.70001220703125,3109500,0.0036473466129452,1
2023-04-11,MSFT,278.5361465748028,278.7603508575734,274.5299191651681,275.6898498535156,27276600,-0.0102187696508638,-1
2023-04-11,META,213.60421896645252,214.1395266783531,211.5522464067262,211.9884185791016,16710100,-0.0075644591439682,-1
2023-04-10,UNH,478.811407604941,483.1045194080067,476.261794990864,482.90765380859375,2714500,0.0085550305163833,1
2023-04-10,AMZN,100.95999908447266,102.1999969482422,99.56999969482422,102.16999816894533,37261200,0.0119849355729515,1
2023-04-10,TSLA,179.94000244140625,185.1000061035156,176.11000061035156,184.50999450683597,142154600,0.0253973102335474,1
2023-04-10,GOOGL,106.03972551827178,106.6443570965018,104.19607298512094,105.50447082519533,27067400,-0.0050476808616808,-1
2023-04-10,AAPL,158.96843186504725,159.5691680908203,157.6487867222166,159.5691680908203,47716900,0.0037789655387872,1
2023-04-10,BRK-B,311.4100036621094,313.70001220703125,310.3299865722656,312.6199951171875,2330900,0.0038855253230432,1
2023-04-10,JPM,117.65020018070032,119.22146797348508,117.35268138916052,118.90535736083984,9477300,0.0106685511644835,1
2023-04-10,META,212.84093957529885,213.7826667269681,208.8261921119088,212.88058471679688,16106100,0.0001862665217374,1
2023-04-10,MSFT,281.90878059048885,282.2889491780272,277.5223847184976,282.0842590332031,23103000,0.0006224653320365,1
2023-04-06,JPM,118.07789499817687,119.08202368168172,117.94773095699014,118.51487731933594,8760200,0.0037007970134104,1
2023-04-06,GOOGL,104.33484197686876,108.210471940048,103.41301570943838,107.4670639038086,48711500,0.0300208623274117,1
2023-04-06,UNH,478.9895429343841,482.0265711955879,475.38071188973134,480.6861572265625,3472600,0.0035420695862891,1
2023-04-06,TSLA,183.0800018310547,186.38999938964844,179.74000549316406,185.05999755859372,123857900,0.010814920841907,1
2023-04-06,MSFT,276.0602584923825,284.7063275533511,274.91005513471964,284.23846435546875,29770300,0.0296247127628909,1
2023-04-06,BRK-B,309.82000732421875,313.2200012207031,309.04998779296875,312.510009765625,3131400,0.0086824684585047,1
2023-04-06,AAPL,159.9630677767464,162.45465692468338,159.5396056660462,162.15921020507812,45390100,0.0137290592063213,1
2023-04-06,AMZN,100.75,102.37999725341795,99.8000030517578,102.05999755859376,43808000,0.013002457157258,1
2023-04-06,META,207.42847997116291,215.05154098619485,206.83369691727685,214.21885681152344,26104400,0.0327359909367532,1
2023-04-05,BRK-B,307.8500061035156,311.07000732421875,307.8500061035156,310.3900146484375,2314500,0.0082507990728049,1
2023-04-05,TSLA,190.5200042724609,190.67999267578125,183.75999450683597,185.5200042724609,133882500,-0.0262439632997779,-1
2023-04-05,MSFT,278.6336322553814,279.90080144519544,275.77760817176124,277.1617431640625,22064800,-0.0052825248675286,-1
2023-04-05,GOOGL,104.85027971854076,105.16746687962372,102.74891761224288,103.55179595947266,28290500,-0.012384170672255,-1
2023-04-05,META,212.2857781628593,213.31673323896115,208.11243547048332,209.63902282714844,19396600,-0.0124678881393568,-1
2023-04-05,AMZN,103.91000366210938,103.91000366210938,100.75,101.0999984741211,45175400,-0.0270426820224715,-1
2023-04-05,JPM,117.89193428485298,119.14708434890063,117.57581658451342,118.64502716064452,9614700,0.006387993210561,1
2023-04-05,AAPL,162.23796919433602,162.54325857569117,159.34261888709125,161.27284240722656,51511700,-0.0059488342457823,-1
2023-04-05,UNH,466.2320782749274,479.68313025343366,465.02287956329576,477.3303833007813,4964800,0.0238042501642484,1
2023-04-04,UNH,462.1451901968038,465.0228834857912,461.0297329102695,462.3514099121094,2624700,0.0004462227881626,1
2023-04-04,META,211.53240612071065,214.35760247602127,210.6897994530681,212.850830078125,21026400,0.0062327280325171,1
2023-04-04,MSFT,279.9788092952923,283.1175206876223,278.4581943099055,279.9300537109375,25824300,-0.0001741402661063,-1
2023-04-04,JPM,120.38717737112756,120.47019963237194,117.5366337910067,118.4683609008789,11579900,-0.015938711349078,-1
2023-04-04,TSLA,197.32000732421875,198.7400054931641,190.32000732421875,192.5800018310547,126463800,-0.0240219203183775,-1
2023-04-04,AAPL,164.0697406002056,164.3060859426903,162.6023648150906,163.11447143554688,46278300,-0.0058223360454165,-1
2023-04-04,GOOGL,103.4130042745517,104.65201753128024,103.12555229151026,103.79957580566406,24420100,0.0037381326828689,1
2023-04-04,BRK-B,310.760009765625,311.0,307.07000732421875,309.07000732421875,2740300,-0.0054382880303062,-1
2023-04-04,AMZN,102.75,104.1999969482422,102.11000061035156,103.9499969482422,48662500,0.0116788024159823,1
2023-04-03,AMZN,102.3000030517578,103.29000091552734,101.43000030517578,102.41000366210938,41135700,0.0010752747514182,1
2023-04-03,AAPL,161.7751634166065,163.76447396805997,161.7259197832038,163.64630126953125,56976200,0.0115662862791006,1
2023-04-03,JPM,119.84292055015707,121.25435552036944,119.3816669239088,120.07354736328124,11775400,0.0019244091521254,1
2023-04-03,GOOGL,101.4900627388722,103.61125302709604,101.03410672538214,103.4427490234375,25035400,0.0192401722086765,1
2023-04-03,META,207.02203663171613,211.63156728945145,206.38760845985527,211.21522521972656,17924600,0.0202547934327877,1
2023-04-03,MSFT,279.2866930601582,280.99251370652144,276.781596204477,279.9787902832031,24883300,0.0024780887891993,1
2023-04-03,UNH,454.8057121078821,465.0510191507054,453.20281074467647,463.2325439453125,4729100,0.0185284212864757,1
2023-04-03,TSLA,199.91000366210935,202.69000244140625,192.1999969482422,194.7700042724609,169545900,-0.0257115666824564,-1
2023-04-03,BRK-B,309.25,311.5,308.239990234375,310.3099975585937,4862300,0.0034276396397534,1
2023-03-31,AAPL,159.97295363930863,162.49407137264149,159.4510041879724,162.3955841064453,68749800,0.0151440003577041,1
2023-03-31,BRK-B,305.8999938964844,308.8099975585937,304.989990234375,308.7699890136719,5020200,0.0093821352548267,1
2023-03-31,TSLA,197.52999877929688,207.7899932861328,197.1999969482422,207.4600067138672,170222100,0.0502708854145503,1
2023-03-31,UNH,441.9826776212732,446.1820483746785,440.65164635339386,442.9856567382813,3996700,0.0022692724574773,1
2023-03-31,GOOGL,100.40965582313862,102.97688813346652,100.15193890087116,102.81829833984376,36863400,0.023988156287954,1
2023-03-31,MSFT,276.56709273827806,281.9672110110336,275.85551127583807,281.0216979980469,32766000,0.0161067797895402,1
2023-03-31,JPM,119.61228240632168,120.23958052195135,118.86505385479836,120.21190643310548,13105200,0.0050130639991206,1
2023-03-31,META,205.43594899488195,210.3230253172204,204.9700392079461,210.09503173828125,25440300,0.0226790041674517,1
2023-03-31,AMZN,102.16000366210938,103.48999786376952,101.9499969482422,103.29000091552734,56750300,0.0110610533761861,1
2023-03-30,UNH,437.3427681745269,440.9422164927427,432.19665754738935,440.6141357421875,3324600,0.0074800998340852,1
2023-03-30,MSFT,277.0545067536676,277.2786812703255,274.3739316415299,276.8790283203125,25053400,-0.0006333715174362,-1
2023-03-30,AAPL,159.07675364456475,160.00247975071784,158.82070781762587,159.89414978027344,49501700,0.0051383757650412,1
2023-03-30,BRK-B,307.0899963378906,307.4700012207031,302.5799865722656,305.0799865722656,2694000,-0.0065453443277044,-1
2023-03-30,JPM,119.87981010605174,120.036634643875,117.7580477285773,118.7728042602539,12134700,-0.0092342976254176,-1
2023-03-30,GOOGL,100.0230785716146,100.27088125455408,98.903005604832,100.00325012207033,33086200,-0.0001982387447722,-1
2023-03-30,TSLA,195.5800018310547,197.3300018310547,194.4199981689453,195.27999877929688,110252200,-0.0015339147609629,-1
2023-03-30,META,201.60956435729423,206.2785549295584,201.0544416258621,206.03073120117188,22608300,0.0219293507129571,1
2023-03-30,AMZN,101.5500030517578,103.04000091552734,101.01000213623048,102.0,53633400,0.0044312844383946,1
2023-03-29,TSLA,193.1300048828125,195.2899932861328,189.44000244140625,193.8800048828125,123660000,0.0038833945064884,1
2023-03-29,JPM,120.01818907015443,120.12888542669916,117.86873862557152,119.13257598876952,14595300,-0.0073789905367364,-1
2023-03-29,UNH,445.34775354326354,446.0695368755437,435.8242298214273,437.3614807128906,3733200,-0.0179326667010953,-1
2023-03-29,META,201.78798215208548,203.9291827103764,200.7768571452326,203.5624084472656,18851100,0.0087935182078523,1
2023-03-29,BRK-B,304.79998779296875,305.3800048828125,303.3599853515625,305.29998779296875,2650000,0.0016404200132042,1
2023-03-29,AAPL,156.94951622654114,158.6040085442053,156.92983080192064,158.32826232910156,51305700,0.0087846470362504,1
2023-03-29,GOOGL,101.38104023436604,101.58919359656976,99.76536933973438,100.49886322021484,28779600,-0.0087015975779282,-1
2023-03-29,MSFT,271.9175487241211,274.0425364680911,271.3814455656998,273.4284362792969,25087000,0.0055564179739964,1
2023-03-29,AMZN,98.69000244140624,100.41999816894533,98.55999755859376,100.25,49783300,0.0158070475225689,1
2023-03-28,MSFT,268.8275985161655,269.1687685997756,265.18199582572424,268.28173828125,21878600,-0.002030521560764,-1
2023-03-28,BRK-B,301.92999267578125,302.7200012207031,300.5899963378906,302.32000732421875,2436500,0.0012917386741909,1
2023-03-28,META,198.40767458850203,199.2800189689653,196.17726099151236,198.9330596923828,19127300,0.0026480079713167,1
2023-03-28,GOOGL,101.539631971041,101.54953863368904,98.86335840017524,100.14202117919922,32057900,-0.0137641900478856,-1
2023-03-28,AMZN,98.11000061035156,98.44000244140624,96.29000091552734,97.23999786376952,38720100,-0.0088676255342947,-1
2023-03-28,JPM,118.73590618033046,119.31707613597284,117.84106604505388,118.89273071289062,10820500,0.0013207843996405,1
2023-03-28,TSLA,192.0,192.3500061035156,185.42999267578125,189.19000244140625,98654600,-0.0146354039510091,-1
2023-03-28,UNH,451.8061748212086,453.4840522352717,441.2046670739359,442.9762573242188,2369500,-0.0195435963231003,-1
2023-03-28,AAPL,155.57082346557496,156.0829301456233,153.6110412861723,155.25567626953125,45992200,-0.0020257474314484,-1
2023-03-27,GOOGL,103.70046700155793,103.83923589570183,101.0341077768802,101.5594482421875,31120900,-0.0206461824259505,-1
2023-03-27,JPM,116.96467741443716,119.3539744910848,116.50342385907058,118.53294372558594,18853900,0.0134080334834078,1
2023-03-27,BRK-B,300.8800048828125,303.2099914550781,298.9700012207031,302.1400146484375,3833900,0.0041877484218858,1
2023-03-27,MSFT,273.41869458351096,274.3544507705297,268.56440544663616,269.4027099609375,26840200,-0.0146880396334671,-1
2023-03-27,TSLA,194.4199981689453,197.38999938964844,189.94000244140625,191.80999755859372,120851600,-0.0134245480656961,-1
2023-03-27,UNH,455.1336887035414,455.8273523489356,448.6096918671013,451.71234130859375,2271800,-0.0075172360997785,-1
2023-03-27,META,203.02713219977036,204.0679950040307,199.60716737945347,201.07427978515625,18527200,-0.0096186770381633,-1
2023-03-27,AMZN,99.06999969482422,99.33999633789062,97.08000183105467,98.04000091552734,46721300,-0.0103966769200533,-1
2023-03-27,AAPL,157.5108907515981,158.3282868109909,155.4723219600322,155.8760986328125,52390300,-0.0103789148228724,-1
2023-03-24,GOOGL,104.0671953362499,104.56280061986598,102.9273016714656,104.51324462890624,30393300,0.0042861661757591,1
2023-03-24,TSLA,191.6499938964844,192.3600006103516,187.1499938964844,190.41000366210935,116312400,-0.0064700770877391,-1
2023-03-24,AMZN,98.06999969482422,98.3000030517578,96.4000015258789,98.12999725341795,56095400,0.0006117829996986,1
2023-03-24,META,203.39389815045016,205.7730151945724,201.7780976074665,204.2166748046875,27716400,0.0040452376483228,1
2023-03-24,BRK-B,294.67999267578125,299.5,293.3900146484375,298.9200134277344,3905400,0.0143885599882519,1
2023-03-24,AAPL,156.44730394409444,157.9048221395663,155.45264879499626,157.81619262695312,59196500,0.0087498387530401,1
2023-03-24,JPM,115.89458413950018,115.9407123176095,113.56986894913054,115.23038482666016,22311100,-0.0057310642923619,-1
2023-03-24,MSFT,270.2409282951902,273.54536033168523,268.330417802735,273.48687744140625,28172000,0.012011315853202,1
2023-03-24,UNH,439.60169331126,447.00680784213154,438.2987533588824,446.1725463867188,2533200,0.0149472879095718,1
2023-03-23,AAPL,156.41774787367245,159.0964386767399,155.28520465118157,156.51622009277344,67622100,0.0006295463298737,1
2023-03-23,MSFT,270.92332074814243,273.9645506194871,268.25250241830935,270.650390625,36610900,-0.0010074072707685,-1
2023-03-23,TSLA,195.25999450683597,199.30999755859372,188.6499938964844,192.22000122070312,144193900,-0.0155689509969047,-1
2023-03-23,JPM,117.98867327821704,119.49235749309965,116.25435522322675,117.01081085205078,16677600,-0.0082877652489612,-1
2023-03-23,BRK-B,301.3900146484375,302.0799865722656,296.29998779296875,298.3699951171875,4015800,-0.0100203038736129,-1
2023-03-23,AMZN,100.43000030517578,101.05999755859376,97.62000274658205,98.70999908447266,57559300,-0.0171263687690587,-1
2023-03-23,META,201.0742571438805,206.07039199137296,200.39026123164385,202.5017242431641,27389700,0.0070992036452588,1
2023-03-23,UNH,447.50375151938965,450.55954546781214,437.4365432826598,440.47357177734375,3284900,-0.0157097671654743,-1
2023-03-23,GOOGL,104.136589817013,105.36569648380548,103.5418649317822,104.67184448242188,40797800,0.0051399288794592,1
2023-03-22,AMZN,100.4499969482422,102.0999984741211,98.61000061035156,98.6999969482422,57475400,-0.0174216033167398,-1
2023-03-22,JPM,120.44255810731536,120.5348144734229,117.2322364508736,117.3244857788086,17250200,-0.0258884598393246,-1
2023-03-22,BRK-B,303.7200012207031,307.04998779296875,299.6499938964844,299.7300109863281,3086300,-0.0131370677543083,-1
2023-03-22,MSFT,266.497948625342,273.9450893595406,265.30874661401754,265.4159851074219,34873300,-0.0040599318812814,-1
2023-03-22,TSLA,199.3000030517578,200.66000366210935,190.9499969482422,191.1499938964844,150376400,-0.0408931712517681,-1
2023-03-22,META,200.73718772594935,205.56478833860777,197.9318217564422,198.0706024169922,28477800,-0.0132839626736111,-1
2023-03-22,UNH,451.75925286757297,455.31181557874856,445.07589235877015,445.7320251464844,2632200,-0.0133416807355474,-1
2023-03-22,AAPL,156.88062840402722,159.67749219321786,155.41325242402124,155.43295288085938,75701800,-0.0092278794258748,-1
2023-03-22,GOOGL,103.35353221376228,105.65314064298036,102.42179933554432,102.4614486694336,43427400,-0.0086313793560885,-1
2023-03-21,MSFT,267.9405833138844,268.0575491212291,262.7158825243108,266.86834716796875,34558700,-0.0040017683497371,-1
2023-03-21,UNH,448.4223042723964,451.2906148856538,445.9195480754829,450.0251770019531,3163300,0.003574471462024,1
2023-03-21,META,201.4311170239478,201.77807628307767,196.2268188927569,200.40017700195312,31827000,-0.0051180772724012,-1
2023-03-21,TSLA,188.27999877929688,198.0,188.0399932861328,197.5800018310547,153391400,0.0493945353306451,1
2023-03-21,BRK-B,304.5599975585937,305.6300048828125,302.25,303.8500061035156,4724000,-0.0023312039032359,-1
2023-03-21,AMZN,98.13999938964844,100.8499984741211,98.0,100.61000061035156,58597300,0.0251681397601848,1
2023-03-21,AAPL,154.93069227015488,156.9790888157361,154.1625247817563,156.8609161376953,73938300,0.0124586280436588,1
2023-03-21,GOOGL,100.36009150328888,104.17625149489692,100.3303563898546,103.99783325195312,42110300,0.0362468954957561,1
2023-03-21,JPM,120.47022081834112,121.52187854140573,120.1012235414687,120.4333267211914,17807800,-0.0003062507638742,-1
2023-03-20,BRK-B,295.57000732421875,301.510009765625,295.0599975585937,301.0599975585937,6056000,0.0185742467041078,1
2023-03-20,MSFT,269.98756773899805,270.47494508940247,263.0375619626868,265.35748291015625,43466600,-0.0171492519734012,-1
2023-03-20,AMZN,98.41000366210938,98.4800033569336,95.6999969482422,97.70999908447266,62388900,-0.0071131445136429,-1
2023-03-20,TSLA,178.0800018310547,186.44000244140625,176.35000610351562,183.25,129684400,0.0290318851964641,1
2023-03-20,AAPL,152.71489092530072,155.42312546588803,151.80885014610277,155.00949096679688,73641400,0.015025385066205,1
2023-03-20,JPM,117.14918202793817,119.43700287665555,116.2451289544415,117.28755950927734,22875500,0.001181207405325,1
2023-03-20,UNH,440.5578505377015,449.7627044079617,440.5578505377015,447.0818481445313,3119400,0.014808492457613,1
2023-03-20,META,196.7521936752625,197.6245379662004,191.95433032702132,196.0880279541016,25186300,-0.003375645825109,-1
2023-03-20,GOOGL,99.2400149300755,100.85568559854944,98.9922122627572,100.3303451538086,32960400,0.0109868002791146,1
2023-03-17,TSLA,184.5200042724609,186.22000122070312,177.3300018310547,180.1300048828125,133197100,-0.0237914550617839,-1
2023-03-17,JPM,118.43148110430432,118.52372338026191,115.72852763693784,116.06063079833984,38396000,-0.0200187507903952,-1
2023-03-17,META,198.8141027760176,200.14243431213575,193.728755097376,193.90719604492188,50141100,-0.0246808785824603,-1
2023-03-17,UNH,441.86079106910734,442.4419479125414,437.0896181061039,440.0891723632813,5290000,-0.0040094499028518,-1
2023-03-17,AAPL,153.70951897971963,154.35949876084172,151.93685367986137,152.6459197998047,98944600,-0.0069195400972875,-1
2023-03-17,GOOGL,99.37879748699346,101.9361156180665,99.22020012817497,100.72684478759766,61028500,0.0135647374962513,1
2023-03-17,AMZN,99.79000091552734,100.66000366210938,97.45999908447266,98.9499969482422,87300200,-0.0084177168010673,-1
2023-03-17,MSFT,271.2351947706092,276.1771774428226,269.34416867421294,272.3756408691406,69527400,0.0042046390753084,1
2023-03-17,BRK-B,301.29998779296875,301.29998779296875,292.4200134277344,293.510009765625,15609400,-0.0258545580582514,-1
2023-03-16,BRK-B,296.3699951171875,304.42999267578125,295.3599853515625,302.010009765625,6325700,0.0190303159609912,1
2023-03-16,MSFT,258.514689849532,269.57816182335324,256.6334203873444,269.2272644042969,54768800,0.0414389393538917,1
2023-03-16,JPM,118.09015332283111,121.7248343037224,116.25436578335037,120.61782836914062,24558500,0.0214046215978686,1
2023-03-16,UNH,435.5992157413888,443.7354972183708,434.0900845210769,442.4512939453125,2940500,0.0157302354005882,1
2023-03-16,TSLA,180.3699951171875,185.80999755859372,178.83999633789062,184.1300048828125,121136800,0.0208460934047378,1
2023-03-16,AAPL,149.84904194741503,154.08373780814682,149.33693534803646,153.48300170898438,76161100,0.0242508041048708,1
2023-03-16,GOOGL,95.35447189407668,100.30061902134946,94.66062738841612,99.43826293945312,65492000,0.0428274727368097,1
2023-03-16,AMZN,95.75,100.98999786376952,95.61000061035156,100.04000091552734,84446900,0.0448041871073351,1
2023-03-16,META,196.5341219436941,203.9688337131776,194.38301382017207,203.14605712890625,50447100,0.0336426831118232,1
2023-03-15,JPM,120.82998322201568,120.83921730242474,116.90933485138834,118.32076263427734,34280600,-0.0207665392382604,-1
2023-03-15,TSLA,180.8000030517578,182.33999633789065,176.02999877929688,180.4499969482422,145995600,-0.0019358744336714,-1
2023-03-15,BRK-B,300.0199890136719,300.54998779296875,294.8999938964844,297.8800048828125,7162800,-0.0071328051770639,-1
2023-03-15,MSFT,253.41673923474747,259.7526448252449,252.66615907277225,258.7388916015625,46028000,0.0210015817537805,1
2023-03-15,UNH,432.11224106757993,439.5080023292485,430.4718661399512,436.2741088867188,3770200,0.0096314508676182,1
2023-03-15,AAPL,148.8937927615987,150.92250395033966,147.64307677577528,150.6664581298828,77167900,0.0119055693014847,1
2023-03-15,GOOGL,92.40066053699007,96.0780512418592,91.82575652926288,95.2652587890625,50622100,0.031001923962715,1
2023-03-15,META,191.27033106859903,196.05828682863768,189.17869840894608,196.02854919433597,42123600,0.024876927326645,1
2023-03-15,AMZN,93.22000122070312,96.66999816894533,93.06999969482422,96.1999969482422,70731800,0.0319673427216952,1
2023-03-14,MSFT,250.2682362533697,254.4791831419145,249.4007052796058,254.2062530517578,33620300,0.0157351842061221,1
2023-03-14,UNH,435.5430693870288,440.4079561257551,430.2938627176004,435.4774475097656,3258200,-0.0001506667925068,-1
2023-03-14,META,185.94708314354665,192.6284156395028,184.9359581973549,192.33102416992188,41642600,0.0343320310189914,1
2023-03-14,JPM,124.7967777708346,125.02740457985468,121.11596883139065,124.18791961669922,29648100,-0.004878797073218,-1
2023-03-14,AMZN,93.83000183105467,95.06999969482422,92.70999908447266,94.87999725341795,60912700,0.0111904018104342,1
2023-03-14,BRK-B,306.9200134277344,307.54998779296875,301.67999267578125,305.3299865722656,5251500,-0.0051805903359349,-1
2023-03-14,TSLA,177.30999755859375,183.8000030517578,177.13999938964844,183.25999450683597,143717900,0.0335570302304919,1
2023-03-14,AAPL,148.98243524821328,151.07023295988367,147.82036369988242,150.2725372314453,73695900,0.0086594233815728,1
2023-03-14,GOOGL,91.74646272743232,93.53064506595086,91.62752227975622,93.14407348632812,36050200,0.0152334021099858,1
2023-03-13,AMZN,89.97000122070312,94.0199966430664,88.12000274658203,92.43000030517578,72397100,0.0273424369355969,1
2023-03-13,META,176.41083178227044,182.1801597351484,173.29816667086516,179.32522583007812,24728000,0.0165204937722003,1
2023-03-13,JPM,121.04218457726408,123.5052772885632,119.38166868303324,121.0790786743164,42901100,0.0003048036284307,1
2023-03-13,TSLA,167.4600067138672,177.35000610351562,163.91000366210938,174.47999572753906,167790300,0.0419203913306099,1
2023-03-13,MSFT,241.15428509526765,251.39896558800064,239.52644667781436,247.5096893310547,33339700,0.0263541003771769,1
2023-03-13,UNH,429.9188230153704,440.90464923927874,429.9188230153704,434.63372802734375,2971600,0.0109669657608937,1
2023-03-13,GOOGL,89.29815744651725,91.7563630102598,88.63404817344147,90.30919647216795,37335600,0.0113220592066107,1
2023-03-13,AAPL,145.56513330123872,150.81418573238946,145.45680332509693,148.1847381591797,84457100,0.0179961011166035,1
2023-03-13,BRK-B,301.75,306.5899963378906,300.760009765625,302.8800048828125,4993000,0.0037448380540596,1
2023-03-10,GOOGL,91.35988513059156,91.97443846501344,89.60544558188205,89.83341979980469,35941000,-0.0167082667475435,-1
2023-03-10,AAPL,147.92868001277867,148.64758887079853,145.36816171354923,146.24464416503906,68572400,-0.0113841065004712,-1
2023-03-10,META,179.4342842678197,183.16156276961232,177.2435310110156,177.9473419189453,25665000,-0.0082868352329758,-1
2023-03-10,AMZN,92.66999816894533,93.56999969482422,90.25,90.7300033569336,69827500,-0.0209344431892071,-1
2023-03-10,JPM,118.96655091628814,124.77833580714312,117.91488608986784,123.29309844970705,37599700,0.0363677647212223,1
2023-03-10,TSLA,175.1300048828125,178.2899932861328,168.44000244140625,173.44000244140625,191488900,-0.0096499879762871,-1
2023-03-10,MSFT,244.74139919259653,246.40822131411625,241.34925717678095,242.3142547607422,28333900,-0.0099171796837866,-1
2023-03-10,UNH,433.7808063330215,439.4893085797765,428.9253026204997,431.49365234375,3787500,-0.0052726030194973,-1
2023-03-10,BRK-B,302.95001220703125,306.7200012207031,301.9200134277344,303.6300048828125,5294800,0.0022445705508556,1
2023-03-09,MSFT,249.36176055143883,253.0073336989174,245.22879516854297,245.9501190185547,26653400,-0.0136814944093257,-1
2023-03-09,GOOGL,93.22337335130082,94.69036101520102,91.09226874258992,91.50857543945312,28813500,-0.0183945061222542,-1
2023-03-09,AMZN,93.68000030517578,96.20999908447266,92.18000030517578,92.25,56218700,-0.0152647342070597,-1
2023-03-09,AAPL,151.22781194000862,152.19292402611515,147.94838436334126,148.30291748046875,53833600,-0.0193409824688871,-1
2023-03-09,BRK-B,311.0,313.17999267578125,303.94000244140625,304.82000732421875,3929500,-0.0198713590861133,-1
2023-03-09,UNH,442.68372468354414,442.68372468354414,433.15660308985633,434.2400817871094,2780400,-0.0190737594938028,-1
2023-03-09,TSLA,180.25,185.17999267578125,172.50999450683594,172.9199981689453,170023800,-0.0406657521833824,-1
2023-03-09,JPM,126.16207244585634,126.70636236099288,119.2063747461258,120.23957824707033,25888100,-0.04694353924257,-1
2023-03-09,META,184.7278056589579,187.2853331208001,178.7304686513036,180.10836791992188,26582800,-0.0250067266406247,-1
2023-03-08,AMZN,93.5999984741211,94.16999816894533,92.18000030517578,93.91999816894533,44899100,0.0034188002141121,1
2023-03-08,JPM,127.30599673718818,127.85027262027845,126.28201315690056,127.12149810791016,10002500,-0.0014492532481317,-1
2023-03-08,GOOGL,93.2927533033278,95.1165773515702,93.17380529752776,93.4216079711914,34103300,0.0013811862476033,1
2023-03-08,TSLA,185.0399932861328,186.5,180.0,182.0,151897800,-0.016428844554874,-1
2023-03-08,AAPL,150.48917721139935,151.1391569879468,149.5240652876753,150.5482635498047,47204800,0.0003926284899699,1
2023-03-08,BRK-B,310.7200012207031,312.67999267578125,309.25,311.3699951171875,2701600,0.0020918958996227,1
2023-03-08,UNH,440.62878610725215,444.0286700202434,435.9679841153927,439.5546569824219,3036600,-0.0024377189114667,-1
2023-03-08,META,181.2780921799188,183.64728636833115,179.76141220423,183.3598175048828,19432400,0.0114836012445337,1
2023-03-08,MSFT,247.62667058752515,248.11404792403096,244.4782171582985,247.29525756835935,17340200,-0.0013383575298227,-1
2023-03-07,META,187.3547592066091,188.7029210419173,182.40819160019956,182.90383911132807,36701500,-0.0237566428209737,-1
2023-03-07,JPM,131.00525164112202,131.28200663590334,127.13072394321463,127.8779525756836,11747600,-0.0238715549664023,-1
2023-03-07,AMZN,94.05999755859376,95.08999633789062,92.77999877929688,93.5500030517578,49100700,-0.0054220127585931,-1
2023-03-07,AAPL,151.3656431408717,151.69063299374776,148.83468341689917,149.29754638671875,56182000,-0.0136629205362555,-1
2023-03-07,BRK-B,316.3900146484375,316.5,310.2300109863281,311.1199951171875,3609700,-0.0166567188825661,-1
2023-03-07,UNH,451.1179987250593,451.9025808159656,441.3853897199615,442.6183166503906,2589200,-0.0188413720992962,-1
2023-03-07,MSFT,249.8295878651649,251.1845110149319,246.9930633309493,247.7338714599609,21473200,-0.0083885836866331,-1
2023-03-07,GOOGL,94.14520057401872,94.8291308506661,92.70794044588578,93.03504180908205,27835500,-0.0117919847020122,-1
2023-03-07,TSLA,191.3800048828125,194.1999969482422,186.1000061035156,187.7100067138672,148125800,-0.019176497415143,-1
2023-03-06,META,186.3634407654449,188.00899392583824,183.03268930417303,183.29042053222656,33209400,-0.0164893941676362,-1
2023-03-06,MSFT,249.9563289608396,253.55317601638905,249.51769234094772,250.38522338867188,24109800,0.0017158774479339,1
2023-03-06,GOOGL,93.19363210202732,95.12649761674808,93.17381121430402,94.29387664794922,32639300,0.0118060056369233,1
2023-03-06,UNH,449.614215392347,452.397636284944,447.4005678739998,449.0631408691406,3812700,-0.001225660809513,-1
2023-03-06,JPM,132.3244371513992,132.87793303450798,131.60488264991764,131.7524871826172,9261300,-0.0043223306374438,-1
2023-03-06,AMZN,95.19000244140624,96.5500030517578,93.73999786376952,93.75,52112400,-0.0151276647176539,-1
2023-03-06,BRK-B,312.82000732421875,317.2900085449219,312.42999267578125,316.9700012207031,4889800,0.013266395368961,1
2023-03-06,TSLA,198.5399932861328,198.6000061035156,192.3000030517578,193.80999755859372,128100100,-0.0238238938626449,-1
2023-03-06,AAPL,151.4542819528968,153.9261705239575,151.12930710707832,151.49368286132812,87558000,0.0002601505082806,1
2023-03-03,AAPL,145.79161175732688,148.8149928448926,145.0924034132026,148.7362060546875,70732300,0.0201972820100374,1
2023-03-03,JPM,130.5440056041087,132.60120705981493,130.14733421370593,132.52740478515625,9513100,0.0151933378470281,1
2023-03-03,BRK-B,309.5599975585937,312.6600036621094,308.5,312.45001220703125,4493000,0.0093358788965957,1
2023-03-03,TSLA,194.8000030517578,200.47999572753903,192.8800048828125,197.7899932861328,154193300,0.0153490256033546,1
2023-03-03,AMZN,92.73999786376952,94.94000244140624,92.66000366210938,94.9000015258789,55759600,0.0232909608784153,1
2023-03-03,META,177.36247652852418,184.9954440110789,175.50875995980698,183.6373748779297,45877700,0.035378950904513,1
2023-03-03,MSFT,245.8233624681365,249.1667635730139,245.0435558213065,248.8450927734375,30760100,0.0122922828610021,1
2023-03-03,UNH,446.4104687307163,447.4939473595952,442.935874680982,446.9895629882813,2863300,0.0012972237394242,1
2023-03-03,GOOGL,91.66716673162266,92.90618007780824,91.63742405895086,92.8268814086914,35160100,0.012651363824346,1
2023-03-02,AAPL,142.1872231725768,144.481837933212,141.71450238763347,143.69398498535156,52238100,0.0105970267873221,1
2023-03-02,BRK-B,303.6600036621094,308.1000061035156,301.45001220703125,307.75,3152100,0.0134689991719873,1
2023-03-02,TSLA,186.7400054931641,193.75,186.00999450683597,190.8999938964844,181500700,0.0222768998658543,1
2023-03-02,GOOGL,88.87195398014434,91.46892114468274,88.80256197209034,91.1913833618164,32204400,0.0260985527806699,1
2023-03-02,JPM,131.217439116247,131.39270367337005,128.726658226856,130.1381072998047,11106800,-0.0082255211175559,-1
2023-03-02,AMZN,91.41000366210938,92.2300033569336,90.38999938964844,92.12999725341795,55509400,0.0078765295095053,1
2023-03-02,META,170.8794184422329,173.48651372435538,169.93767619340952,173.0106964111328,17352000,0.0124724088385191,1
2023-03-02,UNH,443.86055485886425,448.736194428417,442.0298633531873,446.1863098144531,2188800,0.0052398324882201,1
2023-03-02,MSFT,240.32578121944115,245.0533327272031,239.4095093951341,244.77066040039065,24808200,0.0184952241011997,1
2023-03-01,MSFT,244.42949575369053,244.59520227636008,239.5849634563405,240.0528564453125,27565300,-0.0179055285242184,-1
2023-03-01,AAPL,144.600022862706,144.99394185647634,142.80765687884437,143.1031036376953,55479000,-0.0103521368487747,-1
2023-03-01,UNH,442.3660998803973,446.8494626579261,440.8623247006857,443.8699035644531,2996900,0.0033994550768297,1
2023-03-01,TSLA,206.2100067138672,207.1999969482422,198.5200042724609,202.7700042724609,156852800,-0.0166820344765301,-1
2023-03-01,BRK-B,304.0199890136719,305.6199951171875,302.0799865722656,304.6199951171875,3397200,0.0019735745187749,1
2023-03-01,JPM,131.0883077110964,132.34291834332376,130.811552674686,131.50343322753906,7139200,0.0031667623428135,1
2023-03-01,AMZN,93.87000274658205,94.68000030517578,91.58999633789062,92.16999816894533,52299500,-0.0181102005741511,-1
2023-03-01,META,173.0701524358075,176.301783107172,171.54356512627285,171.91033935546875,30998400,-0.0067014043959366,-1
2023-03-01,GOOGL,89.18914616715412,90.22991291205538,88.88186569379845,89.56580352783203,31111200,0.0042231300204623,1
2023-02-28,AAPL,144.8167162027043,146.81588485970732,144.600056198069,145.17124938964844,50547000,0.0024481509886461,1
2023-02-28,META,170.4035696035187,176.00439428377393,170.3738319696767,173.4171142578125,46051100,0.0176847507438106,1
2023-02-28,TSLA,210.58999633789065,211.22999572753903,203.75,205.7100067138672,153144900,-0.0231729413024611,-1
2023-02-28,GOOGL,88.54486818110583,90.42817033272811,88.53495395502385,89.26844787597656,30142000,0.008171898719085,1
2023-02-28,MSFT,242.78218154124548,245.141086337107,242.45075361028725,243.1233367919922,22491000,0.0014051906469451,1
2023-02-28,UNH,450.8284541256352,451.4729088610776,442.6556883356388,444.54241943359375,3902100,-0.0139432962460919,-1
2023-02-28,JPM,131.8631779812996,132.6196265458736,130.90376263556865,132.2414093017578,11019800,0.0028683619358229,1
2023-02-28,BRK-B,304.8900146484375,306.1499938964844,303.4100036621094,305.17999267578125,4736800,0.000951090601239,1
2023-02-28,AMZN,93.13999938964844,94.69000244140624,92.91999816894533,94.2300033569336,43959300,0.0117028556412713,1
2023-02-27,BRK-B,304.3699951171875,305.7799987792969,302.010009765625,304.6600036621094,3652200,0.0009528158148776,1
2023-02-27,TSLA,202.02999877929688,209.4199981689453,201.25999450683597,207.6300048828125,161028300,0.0277186860236198,1
2023-02-27,GOOGL,89.08010864257812,89.36756065406263,88.55476061737971,89.08010864257812,27502300,0.0,-1
2023-02-27,JPM,131.09750280475183,132.2045086636795,130.73772554869174,131.1436309814453,10014700,0.0003518615969534,1
2023-02-27,AMZN,94.27999877929688,94.77999877929688,93.13999938964844,93.76000213623048,47470300,-0.0055154502524303,-1
2023-02-27,AAPL,145.46661399464756,146.90443136502208,145.21055321005713,145.6734161376953,44998500,0.0014216467776954,1
2023-02-27,MSFT,246.0865737548368,246.4374860355747,243.0940697394365,243.8446350097656,21190000,-0.0091103659613088,-1
2023-02-27,UNH,456.5260568048718,458.5529154411321,450.1653116647101,451.43560791015625,3006200,-0.0111504016448535,-1
2023-02-27,META,170.38374334097588,171.61293912778723,167.5882849368587,168.06410217285156,19277000,-0.0136142164894346,-1
2023-02-24,MSFT,243.649683795455,244.66342210762315,241.8366395147742,242.9283599853516,24990900,-0.0029604955724423,-1
2023-02-24,JPM,128.3299857535932,130.40562709266814,128.16392712676847,130.00894165039062,9126900,0.0130831144953229,1
2023-02-24,META,167.17197219726032,169.2338674150604,166.20050742549483,168.90673828125,19791300,0.0103771347624151,1
2023-02-24,UNH,457.2825964291205,460.0193271987701,451.1460382874076,452.3789367675781,2940400,-0.0107234775603415,-1
2023-02-24,TSLA,196.3300018310547,197.6699981689453,192.8000030517578,196.8800048828125,142228100,0.0028014213142579,1
2023-02-24,AAPL,144.87574571223192,144.95453250364176,143.50685714395402,144.48182678222656,55469600,-0.0027190122685394,-1
2023-02-24,AMZN,93.52999877929688,94.13999938964844,92.31999969482422,93.5,57053800,-0.0003207396523939,-1
2023-02-24,GOOGL,88.6538991523709,89.09994100142467,87.80145723264899,88.34661865234375,36585100,-0.0034660686440764,-1
2023-02-24,BRK-B,300.3999938964844,305.6199951171875,300.010009765625,304.0199890136719,3656200,0.0120505831915393,1
2023-02-23,MSFT,249.10829119149065,250.3559759296498,244.15653587973247,248.33824157714844,29219100,-0.0030912243452799,-1
2023-02-23,AMZN,96.12000274658205,96.43000030517578,93.66999816894533,95.81999969482422,48467000,-0.0031211302869888,-1
2023-02-23,JPM,127.97941389653889,129.30782645428664,127.25063943639948,128.84657287597656,8068000,0.0067757692666003,1
2023-02-23,GOOGL,91.11207885163788,91.13190729905016,88.97106783366301,90.09113311767578,41206400,-0.0112053829396709,-1
2023-02-23,TSLA,203.91000366210935,205.13999938964844,196.3300018310547,202.07000732421875,146360000,-0.0090235707167148,-1
2023-02-23,META,170.50272851531994,172.17801937262993,167.90554063056828,170.54237365722656,20017800,0.0002325191054233,1
2023-02-23,BRK-B,305.010009765625,305.5599975585937,300.25,303.07000732421875,2736400,-0.0063604549991555,-1
2023-02-23,UNH,454.5551857011224,460.7851517914824,453.8172937886164,459.25335693359375,2511800,0.0103357554379776,1
2023-02-23,AAPL,147.81048914517564,148.05669224456878,145.00378282832062,147.13096618652344,48394200,-0.0045972580334592,-1
2023-02-22,TSLA,197.92999267578125,201.9900054931641,191.77999877929688,200.8600006103516,191828500,0.0148032538927529,1
2023-02-22,JPM,128.15469683962553,128.62517043791877,126.7893901430616,127.82259368896484,11107500,-0.0025914239497307,-1
2023-02-22,META,169.58081845166606,171.25609405423205,168.21282670866515,169.63037109375,22433200,0.0002922066453999,1
2023-02-22,GOOGL,90.89401552985218,91.30041553499176,89.81359952809775,90.8444595336914,30884000,-0.000545206368889,-1
2023-02-22,UNH,460.2995056568817,461.3082744217583,456.4326347364407,456.63812255859375,2982800,-0.0079543494035754,-1
2023-02-22,MSFT,247.6754219276689,247.91911060638247,244.0200917469653,245.1605529785156,22491100,-0.0101538898352527,-1
2023-02-22,AMZN,95.0999984741211,97.01000213623048,94.8000030517578,95.79000091552734,59534100,0.007255546293137,1
2023-02-22,BRK-B,303.20001220703125,305.2699890136719,301.7699890136719,303.1600036621094,2899500,-0.0001319542985194,-1
2023-02-22,AAPL,146.60900607426132,147.67260518894304,144.92498541296462,146.64840698242188,51011300,0.0002687482114202,1
2023-02-21,BRK-B,306.1700134277344,307.29998779296875,300.5,302.7200012207031,4131100,-0.0112682890411328,-1
2023-02-21,GOOGL,92.18259462414863,92.28171418116946,90.91384614467198,90.98323059082033,33629300,-0.013010742843792,-1
2023-02-21,UNH,463.9329363474165,468.3228623638834,458.1419361503017,458.89849853515625,2877300,-0.0108516499214235,-1
2023-02-21,AAPL,147.91882364629484,149.00212332766463,146.15601601247863,146.22494506835938,58867200,-0.0114514064956728,-1
2023-02-21,TSLA,204.9900054931641,209.7100067138672,197.22000122070312,197.3699951171875,180018600,-0.0371725946230616,-1
2023-02-21,MSFT,248.0555633319736,249.0400750640908,245.2385229411217,246.291259765625,28397400,-0.0071125337511072,-1
2023-02-21,JPM,129.7875324452297,130.3871564587718,127.99786633222568,128.80967712402344,9996300,-0.007534277775247,-1
2023-02-21,META,172.79259922463552,176.6189978696537,170.3837600506006,170.58201599121094,34592600,-0.01279327496284,-1
2023-02-21,AMZN,95.33999633789062,95.61000061035156,94.2699966430664,94.58000183105467,56580400,-0.007971413216154,-1
2023-02-17,META,168.73819804103596,171.67242210850705,168.22272052206372,171.3750457763672,24171300,0.0156268572613888,1
2023-02-17,MSFT,252.84165228535363,253.5239627712476,249.53721935972925,251.5452117919922,30000100,-0.0051274799133898,-1
2023-02-17,UNH,455.2277153087371,466.5107893642166,455.1996955384869,466.1558532714844,3891500,0.0240058713370203,1
2023-02-17,GOOGL,94.01634976006432,94.72010857217774,92.3907645338764,93.52074432373048,34284100,-0.0052714813710451,-1
2023-02-17,BRK-B,307.1499938964844,308.4100036621094,305.4800109863281,308.239990234375,2720500,0.0035487428277728,1
2023-02-17,JPM,130.05505446393278,131.76169832719637,129.21558365288175,131.21742248535156,7948800,0.0089375074748912,1
2023-02-17,AMZN,97.8000030517578,97.94000244140624,95.6500015258789,97.1999969482422,60029400,-0.0061350315418506,-1
2023-02-17,TSLA,199.9900054931641,208.44000244140625,197.5,208.30999755859372,213738500,0.0416020392864786,1
2023-02-17,AAPL,150.03619479649413,150.6763169294936,148.55897600306773,150.233154296875,59144100,0.0013127465719056,1
2023-02-16,MSFT,257.3546924253558,260.0060260617434,255.28821748394972,255.5319061279297,29603600,-0.0070827785584472,-1
2023-02-16,AMZN,99.20999908447266,100.62999725341795,98.0999984741211,98.1500015258789,56339200,-0.0106843823039572,-1
2023-02-16,AAPL,151.17854429955682,153.95572244720177,151.02098573800205,151.37551879882812,68167900,0.00130292628616,1
2023-02-16,META,171.24620282331836,174.31922322248573,170.29455301472416,170.93890380859375,25827500,-0.0017944865909912,-1
2023-02-16,UNH,458.7491033060891,461.4110960998429,455.1250601768355,455.1997985839844,2611500,-0.0077369191493254,-1
2023-02-16,GOOGL,94.53176333918978,96.82145754317696,93.90729578367532,94.6705322265625,42462600,0.0014679604237869,1
2023-02-16,TSLA,210.77999877929688,217.6499938964844,201.83999633789065,202.0399932861328,229586500,-0.0414650609345317,-1
2023-02-16,JPM,131.8354853567696,132.27828479759046,130.7007915549268,130.8299560546875,8165300,-0.0076271521234283,-1
2023-02-16,BRK-B,307.5799865722656,310.20001220703125,306.8699951171875,308.17999267578125,2801700,0.0019507319387136,1
2023-02-15,AAPL,150.7846620299423,153.1383636090901,150.5581593331422,152.970947265625,65573800,0.0144993874459761,1
2023-02-15,AMZN,99.08999633789062,101.16999816894533,98.4499969482422,101.16000366210938,47957600,0.0208901745960324,1
2023-02-15,GOOGL,93.6594961857254,96.26638514602948,93.32248818030943,96.08796691894533,50169000,0.0259287187324207,1
2023-02-15,TSLA,211.75999450683597,214.66000366210935,206.1100006103516,214.2400054931641,181006400,0.0117114235486442,1
2023-02-15,JPM,130.63624687025177,132.73956218775996,130.35027188671188,132.6565399169922,6728300,0.0154650267069213,1
2023-02-15,MSFT,261.54621079213484,263.8953733913227,259.46022127566107,262.5209655761719,28922400,0.0037268931600455,1
2023-02-15,META,174.8842342230846,176.6388303288191,173.80372647545715,175.6177978515625,25308900,0.0041945669473107,1
2023-02-15,UNH,457.3479833910768,459.384162838649,456.1711244604288,458.8424377441406,2242500,0.0032676526569177,1
2023-02-15,BRK-B,309.9800109863281,310.3699951171875,308.2799987792969,309.6300048828125,2410700,-0.0011291247535669,-1
2023-02-14,TSLA,191.94000244140625,209.82000732421875,189.44000244140625,209.25,216455700,0.0901844187684534,1
2023-02-14,JPM,131.45729030752534,132.6657726188391,130.62703936769975,132.10304260253906,9249400,0.0049122592859101,1
2023-02-14,META,175.61780626083268,179.92992995474845,174.34895001230046,177.9176025390625,24034600,0.0130954618281365,1
2023-02-14,UNH,461.6819117454812,465.1004665584591,456.82494208123626,460.3182067871094,2072600,-0.0029537760169464,-1
2023-02-14,BRK-B,313.7799987792969,314.1000061035156,309.0400085449219,310.7900085449219,2907100,-0.0095289382561253,-1
2023-02-14,AMZN,98.41000366210938,100.91999816894533,97.5199966430664,99.6999969482422,56202900,0.0131083552294338,1
2023-02-14,GOOGL,93.60001382637684,94.01632044814204,91.44908871825356,93.84781646728516,54726100,0.0026474637211909,1
2023-02-14,MSFT,265.12232910655104,267.3586517330217,261.8261522809417,264.6361694335937,37047900,-0.0018337183238983,-1
2023-02-14,AAPL,149.80964612462722,151.4345954776921,148.56878800441328,150.8732452392578,61707600,0.0070996704294046,1
2023-02-13,GOOGL,93.90730468774592,94.36326072696572,93.01521349695156,93.77845001220705,50076100,-0.0013721475232128,-1
2023-02-13,TSLA,194.4199981689453,196.3000030517578,187.6100006103516,194.63999938964844,172475500,0.001131577115395,1
2023-02-13,AAPL,148.65744714640496,151.91717418893083,148.6279039729175,151.51341247558594,62199000,0.019211720529334,1
2023-02-13,BRK-B,310.29998779296875,313.739990234375,309.6199951171875,313.739990234375,3261500,0.0110860540661748,1
2023-02-13,UNH,461.4110502402439,466.893804515399,459.3188311176309,462.6719970703125,2589000,0.0027328058775619,1
2023-02-13,MSFT,260.2315944105398,266.9989295409681,259.7551376978075,263.8097229003906,44630900,0.0137497850634,1
2023-02-13,JPM,130.35029281465685,131.6694715831288,129.8336909451477,131.52188110351562,7134600,0.0089879989032677,1
2023-02-13,AMZN,97.8499984741211,99.68000030517578,96.91000366210938,99.54000091552734,52841500,0.0172713588938196,1
2023-02-13,META,176.66858359767645,179.42438229242248,174.2894818165588,177.8680419921875,31463200,0.0067893134709369,1
2023-02-10,BRK-B,307.0799865722656,309.9800109863281,305.2799987792969,309.8900146484375,2808000,0.0091508017423681,1
2023-02-10,MSFT,254.2906210329688,256.7797556334207,253.44470813701847,255.81716918945312,25818500,0.0060031634288487,1
2023-02-10,AAPL,147.19009004770194,149.04152741969745,146.95372962642622,148.71653747558594,57450700,0.0103705855970962,1
2023-02-10,JPM,128.9480585636298,130.33181939876073,127.8502727155443,130.11041259765625,6582900,0.0090141258966911,1
2023-02-10,AMZN,97.55999755859376,98.81999969482422,96.2300033569336,97.61000061035156,52740100,0.0005125364187076,1
2023-02-10,TSLA,202.22999572753903,206.1999969482422,192.88999938964844,196.88999938964844,204754100,-0.0264055602566748,-1
2023-02-10,META,174.81486359032888,177.33274600863183,171.84097885758246,172.63400268554688,33433600,-0.0124752601694828,-1
2023-02-10,GOOGL,94.61105508342864,95.89963197469012,93.42160530867748,93.7387924194336,54980700,-0.0092194581619018,-1
2023-02-10,UNH,456.8623303014655,462.9615481564201,456.5073941606551,461.6445617675781,3418100,0.010467554772916,1
2023-02-09,MSFT,266.2210185187912,266.3960585481187,255.525505975814,256.32281494140625,42375100,-0.0371803985743007,-1
2023-02-09,TSLA,207.77999877929688,214.0,204.7700042724609,207.32000732421875,215431400,-0.0022138389536074,-1
2023-02-09,AAPL,151.21361237069686,151.7544365931666,147.90968576195635,148.3521728515625,56007100,-0.0189231609130506,-1
2023-02-09,BRK-B,310.1700134277344,311.4200134277344,306.989990234375,307.2099914550781,3461200,-0.0095432241819401,-1
2023-02-09,GOOGL,99.12106582502692,99.15080093480049,92.80705120953134,94.1749267578125,119455000,-0.0498999786376952,-1
2023-02-09,JPM,132.02924973935913,132.23220248602038,129.03110079936252,129.53848266601562,6443100,-0.0188652671908729,-1
2023-02-09,UNH,453.5931757342538,457.3946862029069,450.5762473603601,453.68658447265625,3664600,0.0002059306519575,1
2023-02-09,AMZN,101.31999969482422,101.77999877929688,97.56999969482422,98.23999786376952,64622500,-0.0303987548394359,-1
2023-02-09,META,184.50972301839465,185.0251854713485,175.72684967356224,176.37118530273438,37118800,-0.0441089910196704,-1
2023-02-08,MSFT,265.63767911484825,269.09913389839613,258.8411461479816,259.3467712402344,54686000,-0.0236822874509982,-1
2023-02-08,UNH,444.103427613317,453.04210522506673,443.7671618529745,451.3421630859375,3466400,0.0162996613458324,1
2023-02-08,BRK-B,311.1199951171875,313.4100036621094,308.010009765625,308.4800109863281,3370000,-0.0084854209703397,-1
2023-02-08,GOOGL,101.15305759656384,102.23347365780366,97.17830046850436,98.49661254882812,94743500,-0.0262616386578307,-1
2023-02-08,META,188.34602056954392,189.1687971060944,181.32765125110055,181.8332061767578,36139100,-0.0345789859169408,-1
2023-02-08,JPM,131.59561526600368,132.87789940709442,131.25429218731475,131.58639526367188,6958000,-7.006314240154865e-05,-1
2023-02-08,TSLA,196.1000061035156,203.0,194.30999755859372,201.2899932861328,180673600,0.0264660225450352,1
2023-02-08,AMZN,102.04000091552734,102.66999816894533,98.77999877929688,100.0500030517578,75878300,-0.0195021349070442,-1
2023-02-08,AAPL,151.3119247541495,152.00023955919008,148.64714493246836,149.38462829589844,64120100,-0.0127372410428491,-1
2023-02-07,META,183.96451992977168,192.0931355517408,182.7947840150465,189.95193481445312,47080700,0.0325465741272672,1
2023-02-07,GOOGL,102.31278158987035,107.2291863274613,102.21366202078416,106.69393157958984,49010200,0.0428211404444237,1
2023-02-07,AAPL,148.12598902287087,152.63938353904294,148.12598902287087,152.06906127929688,83322600,0.0266197193513232,1
2023-02-07,BRK-B,307.29998779296875,314.1499938964844,306.6300048828125,312.9700012207031,3786700,0.0184510694857375,1
2023-02-07,MSFT,253.31837383415905,261.3302762498554,252.88081823202185,260.1537780761719,50841400,0.0269834522405698,1
2023-02-07,JPM,130.42407668185118,133.1546901998994,130.23956397477656,132.51815795898438,10447900,0.0160559409766141,1
2023-02-07,TSLA,196.42999267578125,197.5,189.5500030517578,196.80999755859372,186010300,0.0019345563151331,1
2023-02-07,UNH,439.9657063261466,446.5412600989329,438.0882960208364,445.4204406738281,3394600,0.01239808982666,1
2023-02-07,AMZN,101.16999816894533,102.41000366210938,98.08000183105467,102.11000061035156,119501300,0.009291316184829,1
2023-02-06,AAPL,150.02379246889225,150.5449461888697,148.2636570715711,149.1977996826172,69858300,-0.0055057452733461,-1
2023-02-06,GOOGL,101.49996963805864,103.4427415579821,100.9845358775122,101.99557495117188,31999600,0.0048828124272404,1
2023-02-06,BRK-B,308.25,308.79998779296875,305.6000061035156,308.42999267578125,2973100,0.0005839178451946,1
2023-02-06,AMZN,102.93000030517578,103.9499969482422,100.6500015258789,102.18000030517578,81945200,-0.0072865053704103,-1
2023-02-06,JPM,129.36318646266028,131.21743502591008,129.17868782973096,130.92222595214844,8406200,0.0120516472430753,1
2023-02-06,MSFT,250.3138662354951,251.15004653464848,247.72749350962195,249.6623992919922,22518000,-0.0026026003005763,-1
2023-02-06,META,184.9062326794597,189.03993051222616,183.90503029642124,184.44032287597656,42483800,-0.0025197084853855,-1
2023-02-06,UNH,440.8623310693662,447.3725238357126,439.9376501319457,443.8885803222656,4174200,0.0068643860897775,1
2023-02-06,TSLA,193.00999450683597,198.1699981689453,189.9199981689453,194.75999450683597,186188100,0.0090668879840728,1
2023-02-03,UNH,443.8792392960509,447.1950355307685,438.7607428801852,440.8809814453125,5440100,-0.0067546701564447,-1
2023-02-03,META,181.87287479600263,195.05709986672147,181.29792194431568,184.9062347412109,76809700,0.0166784626273194,1
2023-02-03,GOOGL,102.0253238017862,106.8624295868404,101.67840154834732,103.85906219482422,65309300,0.0179733650892457,1
2023-02-03,MSFT,252.3557623051793,256.8867738555353,249.9833008123263,251.19869995117188,29077300,-0.0045850443177444,-1
2023-02-03,AAPL,145.55950174338113,154.75346405472618,145.36284257715545,151.92152404785156,154357300,0.0437073652236496,1
2023-02-03,TSLA,183.9499969482422,199.0,183.69000244140625,189.97999572753903,232662000,0.0327806408226988,1
2023-02-03,AMZN,105.26000213623048,108.77999877929688,102.5199966430664,103.38999938964844,144374800,-0.0177655586987526,-1
2023-02-03,JPM,127.47204053619367,131.30045393398444,127.4259264364008,130.1565399169922,11501200,0.0210595152435509,1
2023-02-03,BRK-B,311.0,311.54998779296875,305.9200134277344,308.510009765625,5385700,-0.0080063994674437,-1
2023-02-02,AMZN,110.25,114.0,108.87999725341795,112.91000366210938,158154200,0.0241270173433956,1
2023-02-02,AAPL,146.41500811186492,148.65695608667727,145.69719525256042,148.302978515625,118339000,0.0128946508155613,1
2023-02-02,MSFT,251.65572121722164,257.36323150604915,250.12917259535388,257.2757263183594,39940400,0.0223321173623814,1
2023-02-02,JPM,129.15101214948385,129.5753716687089,127.30599769020552,128.17315673828125,11822100,-0.0075714111328124,-1
2023-02-02,UNH,461.6538216383351,462.34499493361386,433.2873262068402,439.76947021484375,11169900,-0.0474042462073145,-1
2023-02-02,META,181.7836458587308,195.4436870373218,178.59167538221652,187.1267242431641,150475700,0.029392514157107,1
2023-02-02,GOOGL,104.87010131411388,106.9020788324088,104.68176884997912,106.79304504394533,69883800,0.018336434367234,1
2023-02-02,BRK-B,312.3500061035156,312.6000061035156,308.29998779296875,311.8599853515625,4421400,-0.0015688194089252,-1
2023-02-02,TSLA,187.3300018310547,196.75,182.6100006103516,188.2700042724609,217448300,0.0050178958640805,1
2023-02-01,META,146.7413764088904,152.24306588807983,145.77981918793483,151.7870635986328,55661000,0.0343848975198566,1
2023-02-01,GOOGL,97.84241093913148,100.30061689425332,96.72234552879353,99.54729461669922,35531100,0.0174247921857563,1
2023-02-01,BRK-B,309.6300048828125,312.6700134277344,306.3800048828125,310.57000732421875,3518300,0.0030358893730664,1
2023-02-01,UNH,466.9685053027664,471.10625309314975,462.97085637014015,464.2131042480469,3451200,-0.0059006143314376,-1
2023-02-01,JPM,127.49973096149544,129.962823586279,127.4166946124427,128.7727813720703,8841800,0.0099847301713862,1
2023-02-01,AAPL,141.56731895311415,144.16325999959267,138.96155019582764,143.00294494628906,77663600,0.0101409421594709,1
2023-02-01,MSFT,241.1351911203326,248.11643670951443,238.6752244300908,245.7537078857422,31259900,0.0191532258064516,1
2023-02-01,TSLA,173.88999938964844,183.80999755859372,169.92999267578125,181.41000366210935,213806300,0.0432457547809307,1
2023-02-01,AMZN,102.52999877929688,106.23999786376952,101.23999786376952,105.1500015258789,80450100,0.025553523629916,1
2023-01-31,GOOGL,96.01857390444783,98.01090177303531,95.96901034932732,97.97125244140624,29870700,0.0203364667642492,1
2023-01-31,MSFT,236.7111267803919,241.08656355946167,236.22496713827303,240.950439453125,26541100,0.0179092243376717,1
2023-01-31,META,146.6620774810266,148.5752845041938,146.23582793433843,147.67320251464844,29842100,0.0068942500405577,1
2023-01-31,BRK-B,307.739990234375,311.8599853515625,305.7900085449219,311.5199890136719,3653400,0.0122830925432148,1
2023-01-31,UNH,465.1471989107354,472.1524278099935,460.5984748395131,466.2586975097656,5567000,0.0023895631353538,1
2023-01-31,AMZN,101.16000366210938,103.3499984741211,101.13999938964844,103.12999725341795,66527300,0.0194740363779413,1
2023-01-31,AAPL,140.31848180314623,141.93111130163894,139.9054929686203,141.88194274902344,65874500,0.0111422310574212,1
2023-01-31,JPM,129.04028771434326,129.21556630205873,127.5365967527214,129.1140899658203,9188700,0.0005719318577499,1
2023-01-31,TSLA,164.57000732421875,174.3000030517578,162.77999877929688,173.22000122070312,196813500,0.0525611807225787,1
2023-01-30,TSLA,178.0500030517578,179.77000427246094,166.5,166.66000366210938,230878800,-0.0639707901961532,-1
2023-01-30,META,148.1093800836338,149.80448595440728,145.67078788457044,145.7798309326172,28040100,-0.0157285726920277,-1
2023-01-30,BRK-B,307.6000061035156,309.510009765625,306.8099975585937,307.3299865722656,3474600,-0.0008778268071917,-1
2023-01-30,UNH,455.6293764486388,462.5785650469046,452.81793576583215,453.7426452636719,3606900,-0.004140934018945,-1
2023-01-30,AMZN,101.08999633789062,101.73999786376952,99.01000213623048,100.5500030517578,70691900,-0.0053417084350057,-1
2023-01-30,MSFT,237.7418011609033,238.80164053803625,235.49574581512883,235.99163818359372,25867400,-0.0073616123406294,-1
2023-01-30,AAPL,142.54077586673455,143.12092578303154,140.46598895897412,140.6134796142578,64015300,-0.0135210169915071,-1
2023-01-30,JPM,128.44066145498658,129.23401813554992,128.14546649840148,128.34841918945312,6729300,-0.0007181702779207,-1
2023-01-30,GOOGL,96.6232216001978,97.42609984090784,95.5527122376928,96.08796691894533,27226200,-0.0055396070674112,-1
2023-01-27,TSLA,162.42999267578125,180.67999267578125,161.1699981689453,177.89999389648438,306590600,0.0952410387137186,1
2023-01-27,MSFT,242.09776769900012,242.9145122822852,239.99755462505527,241.29074096679688,26498900,-0.0033334744879045,-1
2023-01-27,GOOGL,96.45471331121504,99.43825971343786,96.45471331121504,98.49661254882812,33879800,0.0211695122769669,1
2023-01-27,META,146.94953583687118,151.8564417123682,146.10692926818828,150.4190673828125,35771900,0.0236103607009201,1
2023-01-27,UNH,460.8225521619436,460.8225521619436,452.5096876947206,453.9854431152344,3177100,-0.0148367500996489,-1
2023-01-27,AAPL,140.77082215722044,144.77289057415177,140.69215546789684,143.4945831298828,70555800,0.0193489029254964,1
2023-01-27,JPM,129.7137336540936,130.31335768367455,128.9203769253455,129.4462127685547,7489900,-0.0020623944589576,-1
2023-01-27,BRK-B,309.7900085449219,311.7300109863281,308.3399963378906,309.1700134277344,3031200,-0.0020013399402376,-1
2023-01-27,AMZN,99.52999877929688,103.48999786376952,99.52999877929688,102.23999786376952,87775600,0.0272279626013253,1
2023-01-26,AMZN,98.23999786376952,99.48999786376952,96.91999816894533,99.22000122070312,68523600,0.0099756044202339,1
2023-01-26,TSLA,159.97000122070312,161.4199981689453,154.75999450683594,160.27000427246094,234815100,0.0018753706911829,1
2023-01-26,JPM,128.61593612631194,129.206340097772,127.63808086823816,129.13253784179688,7487600,0.0040166229088251,1
2023-01-26,UNH,460.0100033555207,463.6994350887405,458.2166523233689,459.9913330078125,3005000,-4.058682979060564e-05,-1
2023-01-26,BRK-B,312.989990234375,313.67999267578125,309.5799865722656,310.95001220703125,2856600,-0.0065177101217076,-1
2023-01-26,AAPL,140.78064047196506,141.8426182007582,139.53183124401357,141.55746459960938,54105100,0.0055179755187931,1
2023-01-26,META,143.1429666455006,146.2258941555542,142.05255141383566,146.01773071289062,25482100,0.020083166744123,1
2023-01-26,MSFT,236.90559786802248,241.4366094883561,235.30127691453504,241.13519287109372,33454500,0.0178535038476698,1
2023-01-26,GOOGL,95.65182554315432,96.71242061196835,94.541666918036,96.66285705566406,30114000,0.0105699133996518,1
2023-01-25,AMZN,92.55999755859376,97.23999786376952,91.5199966430664,97.18000030517578,94261600,0.0499136005665666,1
2023-01-25,AAPL,138.5386646946517,140.05295679787986,136.49337633149537,139.4924774169922,65799300,0.0068848124416585,1
2023-01-25,JPM,127.35212745255436,128.33920288085938,126.6141188443858,128.33920288085938,8967000,0.0077507572747283,1
2023-01-25,GOOGL,94.7300170595468,95.3148353714082,92.93592790865388,94.38309478759766,42330000,-0.0036622211493012,-1
2023-01-25,UNH,457.0023698544328,462.68126185725487,453.68657350390015,460.0099487304688,3037300,0.0065811012686738,1
2023-01-25,TSLA,141.91000366210938,146.41000366210938,138.07000732421875,144.42999267578125,192734300,0.0177576558991008,1
2023-01-25,META,139.9906576507307,141.9236795516066,139.088575721669,140.26821899414062,26622000,0.0019827133329313,1
2023-01-25,BRK-B,308.3299865722656,312.54998779296875,307.7099914550781,311.8999938964844,2299800,0.011578527810113,1
2023-01-25,MSFT,227.9894157422984,236.56527872989415,224.5085110140037,233.94973754882807,66526600,0.0261429759233509,1
2023-01-24,UNH,467.25798646897846,467.25798646897846,448.3345243010491,459.1692810058594,3036300,-0.0173110052633762,-1
2023-01-24,MSFT,235.78743760454404,237.19729766623652,233.7844621578948,235.3401641845703,40234400,-0.001896934902545,-1
2023-01-24,GOOGL,97.23777151171052,98.73450183779414,96.3456803384707,96.8412857055664,33078500,-0.0040774875851238,-1
2023-01-24,AAPL,137.96839974299797,140.77084282048162,137.95857203194126,140.15135192871094,66435100,0.0158221171643599,1
2023-01-24,META,140.45656173163377,143.73774507844354,140.1294326346161,141.89393615722656,21970200,0.0102335868675124,1
2023-01-24,BRK-B,309.29998779296875,312.8299865722656,307.5,311.29998779296875,2234300,0.0064662142868841,1
2023-01-24,AMZN,96.93000030517578,98.08999633789062,96.0,96.31999969482422,66929500,-0.0062932075562883,-1
2023-01-24,JPM,125.84844171483712,129.4185403915643,124.53848306362546,127.72113037109376,6945000,0.0148805073049692,1
2023-01-24,TSLA,143.0,146.5,141.10000610351562,143.88999938964844,158699100,0.0062237719555834,1
2023-01-23,UNH,454.5738933646357,457.7682897700788,449.6328932333544,453.7612915039063,3418700,-0.0017876122509253,-1
2023-01-23,AMZN,97.55999755859376,97.77999877929688,95.86000061035156,97.5199966430664,76501100,-0.0004100134945505,-1
2023-01-23,BRK-B,309.6300048828125,312.7300109863281,306.8500061035156,310.4200134277344,3086700,0.0025514599117126,1
2023-01-23,GOOGL,97.08908644403112,99.1607207694037,96.64304464751608,98.91291809082033,40005100,0.0187851355243781,1
2023-01-23,MSFT,234.4261906970003,238.38352255893332,233.0163158336519,235.8652191162109,31934000,0.0061385138534738,1
2023-01-23,AAPL,135.81492969380113,140.92815961902411,135.59860004292767,138.75503540039062,81760300,0.0216478829920837,1
2023-01-23,JPM,124.64915439695136,127.2690852494994,124.3724135290248,126.63255310058594,10487100,0.0159118504512139,1
2023-01-23,TSLA,135.8699951171875,145.3800048828125,134.27000427246094,143.75,203119200,0.0579966524324669,1
2023-01-23,META,138.07744764888903,142.5085366667069,137.4529422032484,142.02281188964844,27470100,0.0285735600414043,1
2023-01-20,MSFT,228.3588944678233,234.07613627577243,228.0185768034781,233.57052612304688,35389800,0.022822109326501,1
2023-01-20,UNH,453.4997991017372,454.8634755650511,447.4005814591794,454.6112976074219,3525900,0.0024509349461373,1
2023-01-20,BRK-B,305.2099914550781,310.010009765625,304.3599853515625,309.8699951171875,3770100,0.0152681884360763,1
2023-01-20,GOOGL,94.26413670489272,97.43601550407811,94.18483803338714,97.1584701538086,63191100,0.0307045027949175,1
2023-01-20,AMZN,93.86000061035156,97.3499984741211,93.1999969482422,97.25,67481500,0.0361176152525462,1
2023-01-20,JPM,124.68609933676584,124.99052845761037,123.20086191004604,124.61229705810548,13092500,-0.0005919046233135,-1
2023-01-20,META,134.70706669654805,138.72181416630133,133.43821040315862,138.15676879882812,28688600,0.0256089170885974,1
2023-01-20,AAPL,133.02233471040634,135.71661273457056,131.98002726434026,135.56910705566406,80223600,0.0191454491518444,1
2023-01-20,TSLA,128.67999267578125,133.50999450683594,127.3499984741211,133.4199981689453,138858100,0.0368356058669264,1
2023-01-19,JPM,124.83368193365786,125.36872372621798,123.23773433152996,124.30784606933594,13303400,-0.0042122915560671,-1
2023-01-19,MSFT,227.30882179875937,229.00066284863416,224.2946258083473,225.5100250244141,28623000,-0.0079134490254751,-1
2023-01-19,META,131.3366700442586,136.25348440118418,130.98971077016242,134.9647979736328,28625200,0.0276246377203837,1
2023-01-19,AMZN,94.73999786376952,95.44000244140624,92.86000061035156,93.68000030517578,69002700,-0.0111884904210992,-1
2023-01-19,TSLA,127.26000213623048,129.99000549316406,124.30999755859376,127.16999816894533,170291900,-0.0007072447412723,-1
2023-01-19,UNH,446.3450736070506,454.3030303393554,445.8967572870405,452.4069213867188,4549600,0.0135810791652308,1
2023-01-19,AAPL,131.84236946093412,133.9761529962307,131.5375453850544,133.01251220703125,58280400,0.0088753164167293,1
2023-01-19,GOOGL,89.92263219572776,92.78723039529136,89.83341930400117,92.2321548461914,37000400,0.0256834413547491,1
2023-01-19,BRK-B,306.1199951171875,307.239990234375,303.8599853515625,305.2300109863281,3614600,-0.002907304798952,-1
2023-01-18,META,134.62772010872234,136.05518678365453,131.64392874372896,131.8620147705078,20215500,-0.0205433571628562,-1
2023-01-18,AAPL,134.53663801277594,136.2967583598761,132.77650266153844,132.95350646972656,69672800,-0.0117672893156363,-1
2023-01-18,MSFT,234.88319223600368,235.67076853478864,229.0006572078567,229.2826232910156,30028700,-0.0238440600694866,-1
2023-01-18,UNH,455.8535912091971,457.2079468866994,443.4309964953229,444.82269287109375,4398200,-0.024198335936858,-1
2023-01-18,JPM,128.15469214292324,129.8244278394277,125.8392042538952,125.98680877685548,13392600,-0.016916145088547,-1
2023-01-18,TSLA,136.55999755859375,136.67999267578125,127.01000213623048,128.77999877929688,195680300,-0.0569712867485861,-1
2023-01-18,BRK-B,315.0,315.5400085449219,307.75,308.29998779296875,3406000,-0.0212698800223214,-1
2023-01-18,GOOGL,91.3301461930328,91.98434883409725,89.84333025861744,90.3191146850586,29116700,-0.0110700743414699,-1
2023-01-18,AMZN,97.25,99.31999969482422,95.37999725341795,95.45999908447266,79570400,-0.0184061790799726,-1
2023-01-17,AMZN,98.68000030517578,98.88999938964844,95.7300033569336,96.0500030517578,72755000,-0.0266517758946543,-1
2023-01-17,BRK-B,318.3999938964844,318.5199890136719,314.25,314.8599853515625,3478900,-0.0111181175024543,-1
2023-01-17,JPM,130.23033070426126,130.57165384016318,128.44066460814747,129.88900756835938,14292900,-0.0026209189061878,-1
2023-01-17,MSFT,231.3828356610212,234.24145690846152,230.52718988997356,233.69696044921875,29831300,0.0100012811304109,1
2023-01-17,GOOGL,91.2508463349332,91.43917877077745,89.25851845375324,90.48761749267578,32602400,-0.0083640741199925,-1
2023-01-17,META,134.99452505190794,135.55957037535876,133.08133325697926,134.18167114257812,21147600,-0.0060213842673786,-1
2023-01-17,AAPL,132.5798193932039,134.99875596810472,131.8915047175872,133.67129516601562,63646600,0.0082325936014034,1
2023-01-17,TSLA,125.6999969482422,131.6999969482422,125.0199966430664,131.49000549316406,186477000,0.0460621216029619,1
2023-01-17,UNH,458.79572703764353,460.42093075258566,451.8652091821765,453.0794372558594,4495600,-0.0124593352660303,-1
2023-01-13,AMZN,94.18000030517578,98.37000274658205,94.12000274658205,98.12000274658205,85549400,0.0418348102425066,1
2023-01-13,META,133.79506989412366,136.19400166584558,133.66619672063948,135.78756713867188,22423800,0.0148921574324445,1
2023-01-13,UNH,454.0415493998533,475.8885363194519,453.9388197276813,457.2733154296875,5390100,0.0071177759702959,1
2023-01-13,MSFT,230.43967280124468,232.74406478160432,228.41724688827324,232.60794067382807,21333300,0.0094092646731606,1
2023-01-13,BRK-B,317.489990234375,318.4200134277344,315.7900085449219,317.6400146484375,2773000,0.0004725327370218,1
2023-01-13,JPM,125.0919964464557,132.37057853485908,124.35398778566515,131.92776489257812,20200000,0.0546459297182006,1
2023-01-13,GOOGL,90.051483892175,91.3797100639102,89.3378110312232,91.3103256225586,26329200,0.01397913366859,1
2023-01-13,AAPL,129.82653652186357,132.66830441383743,129.4627162913207,132.51097106933594,57809700,0.0206770866680273,1
2023-01-13,TSLA,116.5500030517578,122.62999725341795,115.5999984741211,122.4000015258789,180714100,0.0501930357867362,1
2023-01-12,TSLA,122.55999755859376,124.12999725341795,117.0,123.55999755859376,169400900,0.0081592690920372,1
2023-01-12,META,132.27840442063882,136.4814854510704,130.61302099038485,135.5199432373047,30757700,0.0245054272529469,1
2023-01-12,UNH,457.6748908624277,465.8289864244594,453.2102267407191,462.9708557128906,3726800,0.011571455974968,1
2023-01-12,BRK-B,321.1499938964844,321.32000732421875,317.7200012207031,318.92999267578125,3070300,-0.0069126615690321,-1
2023-01-12,AAPL,131.6456901154858,132.0193381171801,129.24640871746402,131.18353271484375,71379600,-0.0035106155031479,-1
2023-01-12,JPM,129.15103093905597,129.94438783502113,128.43147632136026,128.68055725097656,11001700,-0.003642817905971,-1
2023-01-12,MSFT,228.7478147030584,233.259375297245,227.09487499383397,231.9078521728516,27269500,0.0138145034255094,1
2023-01-12,GOOGL,90.6759627102154,91.06253429761234,88.96116478580137,90.32903289794922,30258100,-0.0038260394695219,-1
2023-01-12,AMZN,96.93000030517578,97.19000244140624,93.5,95.2699966430664,85254800,-0.0171257985854017,-1
2023-01-11,GOOGL,88.3961696743914,90.7948977302534,88.22766567198052,90.7155990600586,26862000,0.0262390259013579,1
2023-01-11,BRK-B,318.5199890136719,320.57000732421875,316.6000061035156,320.3699951171875,2999500,0.0058081318828508,1
2023-01-11,AMZN,90.93000030517578,95.26000213623048,90.93000030517578,95.08999633789062,103126200,0.045749433836503,1
2023-01-11,UNH,453.2756432184685,462.90549483846087,453.0047664078528,460.8506164550781,4274200,0.0167116264682209,1
2023-01-11,MSFT,224.88772743214392,229.41873899259983,224.71271707723935,229.2437286376953,28669300,0.0193696706142657,1
2023-01-11,JPM,128.13623677339942,128.92037347696242,127.39824231868354,128.80967712402344,8703700,0.0052556588798136,1
2023-01-11,AAPL,129.05956971451124,131.28184718963053,128.28276062052532,131.26219177246094,69458900,0.0170667085193453,1
2023-01-11,META,129.8199777912905,132.68481924934517,129.20536471009615,131.73316955566406,25423000,0.014737267691182,1
2023-01-11,TSLA,122.08999633789062,125.9499969482422,120.51000213623048,123.22000122070312,183810800,0.0092555075494076,1
2023-01-10,BRK-B,315.0,316.79998779296875,313.3399963378906,316.3500061035156,3049100,0.0042857336619543,1
2023-01-10,META,126.16209066362624,132.2783855599667,126.04314012341165,131.83230590820312,28684400,0.044943890948152,1
2023-01-10,GOOGL,85.2242962744404,87.89064781997227,85.07561316227476,87.6428451538086,30467800,0.0283786312717672,1
2023-01-10,UNH,456.600743425644,458.1138680356846,450.8377636100047,453.9387512207031,3164000,-0.0058300216179441,-1
2023-01-10,AAPL,128.0860756971166,129.06938662217885,125.9817909176488,128.54823303222656,63896200,0.003608177802268,1
2023-01-10,TSLA,121.06999969482422,122.76000213623048,114.91999816894533,118.8499984741211,167642500,-0.01833650967456,-1
2023-01-10,MSFT,221.4554347527597,224.90717117777552,221.03734458217545,222.5152740478516,27033900,0.0047857904064315,1
2023-01-10,AMZN,87.56999969482422,90.19000244140624,87.29000091552734,89.87000274658203,67756600,0.0262647374645789,1
2023-01-10,JPM,127.11225445205662,127.97019342427248,126.66945495987471,127.8594970703125,9048700,0.0058786040848462,1
2023-01-09,GOOGL,87.58336868376195,89.25851700743456,87.08776338680192,87.24635314941406,29003900,-0.0038479398476296,-1
2023-01-09,TSLA,118.95999908447266,123.5199966430664,117.11000061035156,119.7699966430664,190284000,0.0068089909618995,1
2023-01-09,MSFT,220.18175387417915,224.8391727158948,220.14286762113173,220.8332061767578,27369800,0.0029587024860875,1
2023-01-09,JPM,127.8595171093418,128.11781802662577,126.27280343097205,126.72482299804688,8482300,-0.0088745377500883,-1
2023-01-09,UNH,459.92587294731874,467.0058102257061,456.3111801723204,457.73089599609375,3702800,-0.0047724580858194,-1
2023-01-09,AAPL,128.292610198386,131.18354745345354,127.72228791640812,127.97794342041016,70790800,-0.0024527272263714,-1
2023-01-09,META,130.01823194659175,131.79264301521917,128.15459284862445,128.3429412841797,26649100,-0.0128850441767292,-1
2023-01-09,AMZN,87.45999908447266,89.4800033569336,87.08000183105469,87.36000061035156,65266100,-0.0011433623961567,-1
2023-01-09,BRK-B,319.0199890136719,320.5,314.75,315.5299987792969,4397400,-0.0109397227589567,-1
2023-01-06,META,127.84732079062806,129.195482631842,124.94282606017198,128.88818359375,27584500,0.0081414518246067,1
2023-01-06,GOOGL,86.02718055238785,86.91927172588105,84.11414353236154,86.57234191894531,41381500,0.006337082804027,1
2023-01-06,AAPL,123.9070259079166,128.11558844506558,122.80571484542136,127.45677185058594,87754700,0.0286484637707904,1
2023-01-06,UNH,459.1599399232838,460.3554975362989,455.3771287075092,457.6748352050781,4841300,-0.003234395227192,-1
2023-01-06,JPM,125.58089761978852,127.65653862110756,124.06798651965856,127.2506332397461,10029100,0.0132960955973805,1
2023-01-06,BRK-B,315.0,320.1600036621094,313.3800048828125,318.69000244140625,3647900,0.0117142934647817,1
2023-01-06,TSLA,103.0,114.38999938964844,101.80999755859376,113.05999755859376,220911100,0.097669879209648,1
2023-01-06,AMZN,83.02999877929688,86.4000015258789,81.43000030517578,86.08000183105469,83303400,0.0367337480019127,1
2023-01-06,MSFT,216.82719680304172,219.51079264209568,213.27823740876855,218.70376586914065,43613600,0.0086546756761491,1
2023-01-05,UNH,467.95859610630015,468.9673364314835,456.2738662743821,457.6375427246094,5497100,-0.0220554841124155,-1
2023-01-05,TSLA,110.51000213623048,111.75,107.16000366210938,110.33999633789062,157986300,-0.0015383747629492,-1
2023-01-05,GOOGL,86.70120175720164,86.80032131544093,85.14500124959856,85.4423599243164,27194400,-0.0145193123898155,-1
2023-01-05,AMZN,85.33000183105469,85.41999816894531,83.06999969482422,83.12000274658203,67930800,-0.0258994379122157,-1
2023-01-05,META,125.03202218975812,127.40122394307504,123.455866939383,125.83497619628906,25447100,0.0064219868835867,1
2023-01-05,JPM,125.1473259834928,125.19345415723286,123.33920573781508,124.8613510131836,8381300,-0.0022851065179524,-1
2023-01-05,AAPL,125.00834271164996,125.63766124201172,122.67790010774006,122.93355560302734,80962700,-0.0165971891444749,-1
2023-01-05,BRK-B,313.57000732421875,314.2300109863281,310.0,312.8999938964844,3416300,-0.0021367267662229,-1
2023-01-05,MSFT,220.910952034835,221.2512697398711,215.62153242856337,216.15631103515625,39585600,-0.0215228849266332,-1
2023-01-04,GOOGL,89.55587665525148,89.85324286170601,86.50294617668717,87.30583190917969,34854800,-0.025124479041542,-1
2023-01-04,AMZN,86.55000305175781,86.9800033569336,83.36000061035156,85.13999938964844,68885100,-0.0162912029161475,-1
2023-01-04,MSFT,225.8503301279441,226.42399496515412,219.705279749588,222.75836181640625,50623400,-0.0136903422270238,-1
2023-01-04,AAPL,124.77233620258212,126.51280092971427,122.9925456360047,124.25118255615234,89113600,-0.0041768364870849,-1
2023-01-04,BRK-B,312.0,316.8900146484375,311.25,314.54998779296875,5121200,0.0081730377979767,1
2023-01-04,TSLA,109.11000061035156,114.58999633789062,107.5199966430664,113.63999938964844,180389000,0.0415177229764134,1
2023-01-04,META,126.27114560210994,127.92661388492844,124.75446556758855,126.26123809814452,32397100,-7.846213731700421e-05,-1
2023-01-04,JPM,124.53189125792152,126.0794851365286,124.14728088810833,124.88903045654295,11687600,0.0028678533266773,1
2023-01-04,UNH,484.4254945253933,484.4254945253933,467.57557972169286,471.2182922363281,5070400,-0.0272636399989737,-1
2023-01-03,AAPL,128.10576937065363,128.7154174535332,122.09773792777466,122.98271942138672,112117500,-0.0399907824170212,-1
2023-01-03,TSLA,118.47000122070312,118.8000030517578,104.63999938964844,108.0999984741211,231402800,-0.0875327309844733,-1
2023-01-03,MSFT,236.3513904454424,238.94748134129327,230.8286087975721,232.94827270507807,25740000,-0.0143985518086039,-1
2023-01-03,AMZN,85.45999908447266,86.95999908447266,84.20999908447266,85.81999969482422,76706000,0.0042125042617391,1
2023-01-03,UNH,490.4874161430411,490.95443136934927,478.37301152808783,484.4255676269531,3525600,-0.0123588257651041,-1
2023-01-03,BRK-B,310.07000732421875,312.3900146484375,307.3800048828125,309.9100036621094,3549900,-0.0005160243117034,-1
2023-01-03,META,121.75083704158786,125.26993689605494,121.21553689802784,123.65412139892578,35528500,0.0156326182520436,1
2023-01-03,JPM,123.84507473607256,125.21868908507152,122.6088162327224,123.73517608642578,11054800,-0.0008873881329635,-1
2023-01-03,GOOGL,88.80256311679109,90.24973739582715,87.74196796868762,88.33670043945312,28131200,-0.0052460498997678,-1
