Date,Open,High,Low,Close,Volume,Ticker,prev_close,gap,ret_oc,ret_cc
2019-11-04,64.3324966430664,64.4625015258789,63.845001220703125,64.375,103272000,AAPL,63.95500183105469,0.0059025064686717,0.0006606825345115,0.0065670886861171
2019-11-05,64.26249694824219,64.54750061035156,64.08000183105469,64.28250122070312,79897600,AAPL,64.375,-0.0017476202214805,0.0003112899966686,-0.0014368742415048
2019-11-06,64.19249725341797,64.37249755859375,63.84249877929688,64.30999755859375,75864400,AAPL,64.28250122070312,-0.0014001316933226,0.0018304367364291,0.0004277421906191
2019-11-07,64.68499755859375,65.0875015258789,64.52749633789062,64.85749816894531,94940400,AAPL,64.30999755859375,0.0058311306831932,0.0026667792666345,0.0085134602882348
2019-11-08,64.67250061035156,65.11000061035156,64.2125015258789,65.03500366210938,69986400,AAPL,64.85749816894531,-0.0028523696383084,0.0056052116175602,0.0027368538438174
2019-11-11,64.57499694824219,65.61750030517578,64.56999969482422,65.55000305175781,81821200,AAPL,65.03500366210938,-0.007073217313205,0.0150988176475967,0.0079188031159977
2019-11-12,65.38749694824219,65.69750213623047,65.2300033569336,65.48999786376953,87388800,AAPL,65.55000305175781,-0.00247911664302,0.0015675919757026,-0.0009154109106738
2019-11-13,65.28250122070312,66.19499969482422,65.26750183105469,66.11750030517578,102734400,AAPL,65.48999786376953,-0.0031683715045774,0.0127905498236003,0.009581653105434
2019-11-14,65.9375,66.22000122070312,65.5250015258789,65.66000366210938,89182800,AAPL,66.11750030517578,-0.0027224305871359,-0.0042084752665876,-0.0069194485719327
2019-11-15,65.91999816894531,66.44499969482422,65.75250244140625,66.44000244140625,100206400,AAPL,65.66000366210938,0.0039597089907865,0.0078884145464966,0.0118793593632859
2019-11-18,66.44999694824219,66.85749816894531,66.05750274658203,66.7750015258789,86703200,AAPL,66.44000244140625,0.00015042905582,0.0048909645231415,0.0050421293221367
2019-11-19,66.9749984741211,67.0,66.34750366210938,66.57250213623047,76167200,AAPL,66.7750015258789,0.0029950871384807,-0.0060096505720137,-0.0030325628606681
2019-11-20,66.38500213623047,66.5199966430664,65.0999984741211,65.79750061035156,106234400,AAPL,66.57250213623047,-0.0028164781851869,-0.0088499134890931,-0.0116414660859972
2019-11-21,65.92250061035156,66.00250244140625,65.29499816894531,65.50250244140625,121395200,AAPL,65.79750061035156,0.0018997682106534,-0.0063710897653564,-0.0044834251485063
2019-11-22,65.64749908447266,65.79499816894531,65.20999908447266,65.44499969482422,65325200,AAPL,65.50250244140625,0.0022136046358856,-0.0030846474347464,-0.0008778709887223
2019-11-25,65.67749786376953,66.61000061035156,65.62999725341797,66.59249877929688,84020400,AAPL,65.44499969482422,0.0035525734590797,0.0139317261663236,0.0175337931060211
2019-11-26,66.73500061035156,66.79000091552734,65.625,66.07250213623047,105207600,AAPL,66.59249877929688,0.0021399081528232,-0.0099273015368539,-0.0078086368975249
2019-11-27,66.3949966430664,66.99500274658203,66.32749938964844,66.95999908447266,65235600,AAPL,66.07250213623047,0.0048809186334581,0.0085097141346907,0.0134321679904345
2019-11-29,66.6500015258789,67.0,66.4749984741211,66.8125,46617600,AAPL,66.95999908447266,-0.004629593232262,0.0024380865776574,-0.0022027940037242
2019-12-02,66.81749725341797,67.0625,65.86250305175781,66.04000091552734,94487200,AAPL,66.8125,7.479518679831543e-05,-0.0116361188289023,-0.0115621939677853
2019-12-03,64.57749938964844,64.88249969482422,64.07250213623047,64.86250305175781,114430400,AAPL,66.04000091552734,-0.0221456920897019,0.0044133585970821,-0.0178300703731921
2019-12-04,65.26750183105469,65.82749938964844,65.16999816894531,65.43499755859375,67181600,AAPL,64.86250305175781,0.0062439585313829,0.0025662959794696,0.0088262783565276
2019-12-05,65.94750213623047,66.47250366210938,65.68250274658203,66.3949966430664,74424400,AAPL,65.43499755859375,0.0078322701422552,0.0067856172309836,0.0146710341604738
2019-12-06,66.87000274658203,67.75,66.82499694824219,67.67749786376953,106075600,AAPL,66.3949966430664,0.007154245463242,0.0120755956934482,0.0193162329323961
2019-12-09,67.5,67.69999694824219,66.22750091552734,66.7300033569336,128042400,AAPL,67.67749786376953,-0.0026227013316423,-0.0114073576750578,-0.0140001409145353
2019-12-10,67.1500015258789,67.51750183105469,66.46499633789062,67.12000274658203,90420400,AAPL,66.7300033569336,0.0062939929239742,-0.0004467427939716,0.0058444383340183
2019-12-11,67.20249938964844,67.7750015258789,67.125,67.69249725341797,78756800,AAPL,67.12000274658203,0.001229091771314,0.0072913636876578,0.0085294172140821
2019-12-12,66.94499969482422,68.13999938964844,66.83000183105469,67.86499786376953,137310400,AAPL,67.69249725341797,-0.0110425466473096,0.0137425972535547,0.0025482973350174
2019-12-13,67.86499786376953,68.82499694824219,67.73249816894531,68.7874984741211,133587600,AAPL,67.86499786376953,0.0,0.013593172318422,0.0135931723184219
2019-12-16,69.25,70.19750213623047,69.24500274658203,69.96499633789062,128186000,AAPL,68.7874984741211,0.0067236276378461,0.0103248568648465,0.017117904995666
2019-12-17,69.89250183105469,70.44249725341797,69.69999694824219,70.10250091552734,114158400,AAPL,69.96499633789062,-0.0010361539431208,0.003004601051201,0.0019653338788534
2019-12-18,69.94999694824219,70.4749984741211,69.77999877929688,69.93499755859375,116028400,AAPL,70.10250091552734,-0.0021754426060908,-0.0002144301687323,-0.002389406294298
2019-12-19,69.875,70.29499816894531,69.73750305175781,70.00499725341797,98369200,AAPL,69.93499755859375,-0.0008579046355651,0.0018604258092016,0.0010009251057108
2019-12-20,70.55750274658203,70.6624984741211,69.63999938964844,69.86000061035156,275978000,AAPL,70.00499725341797,0.0078923721854311,-0.0098855842267498,-0.0020712327513066
2019-12-23,70.13249969482422,71.0625,70.09249877929688,71.0,98572000,AAPL,69.86000061035156,0.0039006453205252,0.0123694479585161,0.0163183421083383
2019-12-24,71.17250061035156,71.22250366210938,70.7300033569336,71.06749725341797,48478800,AAPL,71.0,0.0024295860612895,-0.001475336064254,0.0009506655410982
2019-12-26,71.20500183105469,72.49500274658203,71.17500305175781,72.47750091552734,93121200,AAPL,71.06749725341797,0.0019348448017859,0.0178709227125906,0.0198403449762902
2019-12-27,72.77999877929688,73.49250030517578,72.02999877929688,72.44999694824219,146266000,AAPL,72.47750091552734,0.0041736795550124,-0.0045342379306079,-0.000379482831744
2019-12-30,72.36499786376953,73.17250061035156,71.30500030517578,72.87999725341797,144114400,AAPL,72.44999694824219,-0.0011732103250933,0.0071166918379234,0.0059351321364853
2019-12-31,72.48249816894531,73.41999816894531,72.37999725341797,73.4124984741211,100805600,AAPL,72.87999725341797,-0.005454158883822,0.0128306878028416,0.0073065483091541
2020-01-02,74.05999755859375,75.1500015258789,73.79750061035156,75.0875015258789,135480400,AAPL,73.4124984741211,0.0088200115502254,0.0138739400642327,0.0228163199260718
2020-01-03,74.2874984741211,75.1449966430664,74.125,74.35749816894531,146322800,AAPL,75.0875015258789,-0.0106542771500006,0.0009422809525428,-0.0097220355198793
2020-01-06,73.44750213623047,74.98999786376953,73.1875,74.94999694824219,118387200,AAPL,74.35749816894531,-0.0122381206350874,0.0204567176324783,0.0079682452192066
2020-01-07,74.95999908447266,75.2249984741211,74.37000274658203,74.59750366210938,108872000,AAPL,74.94999694824219,0.0001334507890291,-0.0048358514779967,-0.004703046037163
2020-01-08,74.29000091552734,76.11000061035156,74.29000091552734,75.79750061035156,132079200,AAPL,74.59750366210938,-0.0041221586713526,0.0202920941748048,0.0160862882714896
2020-01-09,76.80999755859375,77.60749816894531,76.55000305175781,77.40750122070312,170108400,AAPL,75.79750061035156,0.0133579199853446,0.0077789829592635,0.0212408139765454
2020-01-10,77.6500015258789,78.1675033569336,77.0625,77.5824966430664,140644800,AAPL,77.40750122070312,0.0031327752653371,-0.0008693481195876,0.0022607036734636
2020-01-13,77.91000366210938,79.26750183105469,77.7874984741211,79.23999786376953,121532000,AAPL,77.5824966430664,0.0042214034506999,0.0170709041091597,0.0213643707333728
2020-01-14,79.17500305175781,79.39250183105469,78.0425033569336,78.16999816894531,161954400,AAPL,79.23999786376953,-0.0008202273317,-0.0126934618765409,-0.0135032776838759
2020-01-15,77.9625015258789,78.875,77.38749694824219,77.83499908447266,121923600,AAPL,78.16999816894531,-0.0026544281428528,-0.0016354329185284,-0.0042855199222167
2020-01-16,78.39749908447266,78.92500305175781,78.02249908447266,78.80999755859375,108829200,AAPL,77.83499908447266,0.0072268260630352,0.0052616279720432,0.0125264789052408
2020-01-17,79.06749725341797,79.68499755859375,78.75,79.68250274658203,137816400,AAPL,78.80999755859375,0.0032673480878206,0.0077782339713234,0.011070996257037
2020-01-21,79.29750061035156,79.75499725341797,79.0,79.14250183105469,110843200,AAPL,79.68250274658203,-0.0048317023557218,-0.0019546489877215,-0.0067769070613248
2020-01-22,79.6449966430664,79.99749755859375,79.32749938964844,79.42500305175781,101832400,AAPL,79.14250183105469,0.0063492409310537,-0.0027621771684479,0.0035695260342689
2020-01-23,79.4800033569336,79.88999938964844,78.9124984741211,79.80750274658203,104472000,AAPL,79.42500305175781,0.0006924809954358,0.0041205256141935,0.0048158599953085
2020-01-24,80.0625,80.8324966430664,79.37999725341797,79.57749938964844,146537600,AAPL,79.80750274658203,0.0031951538970926,-0.0060577749926814,-0.0028819766189644
2020-01-27,77.51499938964844,77.94249725341797,76.22000122070312,77.23750305175781,161940000,AAPL,79.57749938964844,-0.0259181303235106,-0.0035799050516109,-0.0294052509294482
2020-01-28,78.1500015258789,79.5999984741211,78.04750061035156,79.42250061035156,162234000,AAPL,77.23750305175781,0.0118141891965308,0.0162827774744351,0.0282893344846939
2020-01-29,81.11250305175781,81.9625015258789,80.34500122070312,81.08499908447266,216229200,AAPL,79.42250061035156,0.0212786355052887,-0.0003390841886312,0.0209323360678019
2020-01-30,80.13500213623047,81.02249908447266,79.6875,80.96749877929688,126743200,AAPL,81.08499908447266,-0.0117160628842395,0.0103886768687065,-0.0014491004070108
2020-01-31,80.23249816894531,80.66999816894531,77.07250213623047,77.37750244140625,199588400,AAPL,80.96749877929688,-0.0090777240427674,-0.0355840313176751,-0.0443387333438114
2020-02-03,76.07499694824219,78.37249755859375,75.55500030517578,77.16500091552734,173788400,AAPL,77.37750244140625,-0.0168331291663281,0.0143280185476279,-0.0027462960056099
2020-02-04,78.82749938964844,79.91000366210938,78.40750122070312,79.7125015258789,136616400,AAPL,77.16500091552734,0.0215447217572255,0.0112270735857781,0.0330136795195572
2020-02-05,80.87999725341797,81.19000244140625,79.73750305175781,80.36250305175781,118826800,AAPL,79.7125015258789,0.0146463315689575,-0.0063982964791493,0.008154323518098
2020-02-06,80.64250183105469,81.30500030517578,80.06500244140625,81.30249786376953,105425600,AAPL,80.36250305175781,0.0034841968413619,0.0081842206991237,0.0116969329763945
2020-02-07,80.59249877929688,80.8499984741211,79.5,80.00749969482422,117684000,AAPL,81.30249786376953,-0.0087328077627126,-0.00725872870718,-0.0159281473874912
2020-02-10,78.54499816894531,80.38749694824219,78.4625015258789,80.38749694824219,109348800,AAPL,80.00749969482422,-0.0182795554348952,0.0234578753867149,0.0047495204183034
2020-02-11,80.9000015258789,80.9749984741211,79.67749786376953,79.90249633789062,94323200,AAPL,80.38749694824219,0.0063754264915936,-0.0123301009786655,-0.0060332841394953
2020-02-12,80.36750030517578,81.80500030517578,80.36750030517578,81.80000305175781,113730400,AAPL,79.90249633789062,0.0058196425468204,0.0178244034111108,0.0237477776143943
2020-02-13,81.04750061035156,81.55500030517578,80.8375015258789,81.21749877929688,94747600,AAPL,81.80000305175781,-0.0091992960065064,0.002097512787749,-0.0071210788597693
2020-02-14,81.18499755859375,81.49500274658203,80.7125015258789,81.23750305175781,80113600,AAPL,81.21749877929688,-0.0004001751000907,0.000646738864852,0.0002463049559713
2020-02-18,78.83999633789062,79.9375,78.65249633789062,79.75,152531200,AAPL,81.23750305175781,-0.0295123141874473,0.0115424112681246,-0.0183105461871483
2020-02-19,80.0,81.14250183105469,80.0,80.90499877929688,93984000,AAPL,79.75,0.0031347962382444,0.0113124847412109,0.0144827433140672
2020-02-20,80.65750122070312,81.1624984741211,79.55249786376953,80.07499694824219,100566000,AAPL,80.90499877929688,-0.0030591133097833,-0.0072219479111686,-0.0102589684639743
2020-02-21,79.65499877929688,80.11250305175781,77.625,78.26249694824219,129554000,AAPL,80.07499694824219,-0.0052450600680857,-0.0174816628258691,-0.0226350305223431
2020-02-24,74.31500244140625,76.04499816894531,72.30750274658203,74.54499816894531,222195200,AAPL,78.26249694824219,-0.0504391587384001,0.0030948761351438,-0.0475003855519124
2020-02-25,75.23750305175781,75.63249969482422,71.53250122070312,72.0199966430664,230673600,AAPL,74.54499816894531,0.0092897565205252,-0.0427646622785713,-0.0338721790582965
2020-02-26,71.63249969482422,74.47000122070312,71.625,73.1624984741211,198054800,AAPL,72.0199966430664,-0.0053804077520669,0.0213590030477105,0.0158636751500693
2020-02-27,70.2750015258789,71.5,68.23999786376953,68.37999725341797,320605600,AAPL,73.1624984741211,-0.0394668991418266,-0.026965552918033,-0.06536820530254
2020-02-28,64.31500244140625,69.60250091552734,64.09249877929688,68.33999633789062,426510000,AAPL,68.37999725341797,-0.0594471333034242,0.0625825039834417,-0.0005849797767482
2020-03-02,70.56999969482422,75.36000061035156,69.43000030517578,74.70249938964844,341397200,AAPL,68.33999633789062,0.0326310137025451,0.0585588736388687,0.0931007227495295
2020-03-03,75.9175033569336,76.0,71.44999694824219,72.33000183105469,319475600,AAPL,74.70249938964844,0.016264569153807,-0.0472552621891675,-0.0317592795151177
2020-03-04,74.11000061035156,75.8499984741211,73.28250122070312,75.68499755859375,219178400,AAPL,72.33000183105469,0.0246094115060928,0.0212521513327608,0.0463845657763912
2020-03-05,73.87999725341797,74.88749694824219,72.85250091552734,73.2300033569336,187572800,AAPL,75.68499755859375,-0.0238488519971,-0.0087979686065067,-0.032436999152435
2020-03-06,70.5,72.70500183105469,70.30750274658203,72.25749969482422,226176800,AAPL,73.2300033569336,-0.0372798474912962,0.0249290736854499,-0.0132801258709391
2020-03-09,65.9375,69.52249908447266,65.75,66.5425033569336,286744800,AAPL,72.25749969482422,-0.0874649651803122,0.0091754063610781,-0.0790920854171208
2020-03-10,69.28500366210938,71.61000061035156,67.34249877929688,71.33499908447266,285290000,AAPL,66.5425033569336,0.0412142640691624,0.0295878662626727,0.0720215724652277
2020-03-11,69.34750366210938,70.30500030517578,67.96499633789062,68.85749816894531,255598800,AAPL,71.33499908447266,-0.0278614347497186,-0.0070659427850723,-0.0347305102309395
2020-03-12,63.98500061035156,67.5,62.0,62.057498931884766,418474000,AAPL,68.85749816894531,-0.0707620475353146,-0.0301242738154317,-0.098754666055052
2020-03-13,66.22250366210938,69.9800033569336,63.23749923706055,69.49250030517578,370732000,AAPL,62.057498931884766,0.0671152528205525,0.0493789340818505,0.1198082665473159
2020-03-16,60.48749923706055,64.7699966430664,60.0,60.5525016784668,322423600,AAPL,69.49250030517578,-0.1295823438294757,0.0010746425662514,-0.128646955965738
2020-03-17,61.87749862670898,64.40249633789062,59.59999847412109,63.21500015258789,324056000,AAPL,60.5525016784668,0.0218817870693091,0.0216153134105777,0.0439700821653734
2020-03-18,59.942501068115234,62.5,59.27999877929688,61.66749954223633,300233600,AAPL,63.21500015258789,-0.0517677620275808,0.028777552544244,-0.0244799589751834
2020-03-19,61.84749984741211,63.209999084472656,60.65250015258789,61.19499969482422,271857200,AAPL,61.66749954223633,0.0029188844449983,-0.0105501459913127,-0.0076620562033408
2020-03-20,61.79499816894531,62.95750045776367,57.0,57.310001373291016,401693200,AAPL,61.19499969482422,0.0098046977222525,-0.0725786378922202,-0.0634855517755936
2020-03-23,57.02000045776367,57.125,53.15250015258789,56.09249877929688,336752800,AAPL,57.310001373291016,-0.0050602147719105,-0.0162662516839827,-0.0212441557288384
2020-03-24,59.09000015258789,61.92250061035156,58.57500076293945,61.720001220703125,287531200,AAPL,56.09249877929688,0.0534385423813097,0.0445083950130951,0.1003254011476362
2020-03-25,62.6875,64.5625,61.07500076293945,61.380001068115234,303602000,AAPL,61.720001220703125,0.0156756117978225,-0.0208574106781218,-0.0055087515531973
2020-03-26,61.630001068115234,64.66999816894531,61.59000015258789,64.61000061035156,252087200,AAPL,61.380001068115234,0.0040729878730787,0.0483530665356106,0.0526229958623152
2020-03-27,63.1875,63.96749877929688,61.76250076293945,61.935001373291016,204216800,AAPL,64.61000061035156,-0.0220167249174062,-0.0198219367233865,-0.0414022475126237
2020-03-30,62.685001373291016,63.880001068115234,62.34999847412109,63.70249938964844,167976400,AAPL,61.935001373291016,0.0121094693367267,0.016231921417664,0.0285379507090741
2020-03-31,63.900001525878906,65.62249755859375,63.0,63.5724983215332,197002000,AAPL,63.70249938964844,0.0031003828440452,-0.0051252456420218,-0.0020407530216366
2020-04-01,61.625,62.18000030517578,59.782501220703125,60.227500915527344,176218400,AAPL,63.5724983215332,-0.0306342895584071,-0.0226774699305907,-0.0526170513086922
2020-04-02,60.084999084472656,61.28749847412109,59.22499847412109,61.23249816894531,165934000,AAPL,60.227500915527344,-0.0023660591737744,0.0190979296323097,0.0166866836269288
2020-04-03,60.70000076293945,61.42499923706055,59.74250030517578,60.352500915527344,129880000,AAPL,61.23249816894531,-0.0086963201229623,-0.0057248738557558,-0.014371408643005
2020-04-06,62.72499847412109,65.77749633789062,62.345001220703125,65.61750030517578,201820400,AAPL,60.352500915527344,0.0393106751601632,0.0461140199508823,0.0872374683696639
2020-04-07,67.69999694824219,67.92500305175781,64.75,64.85749816894531,202887200,AAPL,65.61750030517578,0.0317369091078001,-0.0419866899177265,-0.0115823085715827
2020-04-08,65.68499755859375,66.84249877929688,65.30750274658203,66.51750183105469,168895200,AAPL,64.85749816894531,0.0127587312648556,0.0126741920286791,0.0255946299036278
2020-04-09,67.17500305175781,67.51750183105469,66.17500305175781,66.99749755859375,161834800,AAPL,66.51750183105469,0.0098846349096677,-0.0026424337193895,0.0072160816976889
2020-04-13,67.07749938964844,68.42500305175781,66.4574966430664,68.3125,131022800,AAPL,66.99749755859375,0.0011941017794689,0.0184115481583106,0.0196276352001982
2020-04-14,70.0,72.0625,69.51249694824219,71.76249694824219,194994800,AAPL,68.3125,0.0247026532479415,0.0251785278320312,0.0505031575223009
2020-04-15,70.5999984741211,71.5824966430664,70.15750122070312,71.10749816894531,131154400,AAPL,71.76249694824219,-0.0161992478461212,0.0071883811018812,-0.0091273131113217
2020-04-16,71.84500122070312,72.05000305175781,70.5875015258789,71.67250061035156,157125200,AAPL,71.10749816894531,0.0103716636184494,-0.0024010106120208,0.0079457505320164
2020-04-17,71.17250061035156,71.73750305175781,69.21499633789062,70.69999694824219,215250000,AAPL,71.67250061035156,-0.0069761762983303,-0.0066388514954138,-0.0135687139952936
2020-04-20,69.48750305175781,70.41999816894531,69.2125015258789,69.23249816894531,130015200,AAPL,70.69999694824219,-0.0171498436891307,-0.0036697948784051,-0.020756702159
2020-04-21,69.06999969482422,69.3125,66.35749816894531,67.09249877929688,180991600,AAPL,69.23249816894531,-0.0023471415652884,-0.0286303883634666,-0.0309103303541969
2020-04-22,68.40249633789062,69.4749984741211,68.05000305175781,69.0250015258789,116862400,AAPL,67.09249877929688,0.0195252462261545,0.009100620902975,0.028803558993071
2020-04-23,68.96749877929688,70.4375,68.71749877929688,68.75749969482422,124814400,AAPL,69.0250015258789,-0.0008330712830258,-0.0030448992378957,-0.0038754339028068
2020-04-24,69.30000305175781,70.75250244140625,69.25,70.74250030517578,126161200,AAPL,68.75749969482422,0.0078900972161795,0.0208152552654379,0.0288695868692412
2020-04-27,70.44999694824219,71.13500213623047,69.98750305175781,70.7925033569336,117087600,AAPL,70.74250030517578,-0.0041347613622895,0.0048616951529896,0.0007068318414262
2020-04-28,71.2699966430664,71.4574966430664,69.55000305175781,69.6449966430664,112004800,AAPL,70.7925033569336,0.0067449696435413,-0.022800618444509,-0.0162094382802299
2020-04-29,71.18250274658203,72.4175033569336,70.97250366210938,71.93250274658203,137280800,AAPL,69.6449966430664,0.0220763325095039,0.0105362971384988,0.0328452324470514
2020-04-30,72.48999786376953,73.63249969482422,72.0875015258789,73.44999694824219,183064000,AAPL,71.93250274658203,0.0077502533055404,0.0132431937200051,0.0210960851314501
2020-05-01,71.5625,74.75,71.4625015258789,72.26750183105469,240616800,AAPL,73.44999694824219,-0.0256977130927894,0.0098515539710698,-0.0160993215291862
2020-05-04,72.2925033569336,73.42250061035156,71.58000183105469,73.29000091552734,133568000,AAPL,72.26750183105469,0.0003459580758353,0.0137980774253832,0.014148809057535
2020-05-05,73.76499938964844,75.25,73.61499786376953,74.38999938964844,147751200,AAPL,73.29000091552734,0.0064810815689382,0.0084728530491617,0.0150088478698333
2020-05-06,75.11499786376953,75.80999755859375,74.71749877929688,75.15750122070312,142333600,AAPL,74.38999938964844,0.0097459131613055,0.0005658438147156,0.0103172716407022
2020-05-07,75.80500030517578,76.2925033569336,75.49250030517578,75.93499755859375,115215200,AAPL,75.15750122070312,0.0086152290051693,0.0017148902169332,0.0103448933940402
2020-05-08,76.41000366210938,77.5875015258789,76.07250213623047,77.53250122070312,133838400,AAPL,75.93499755859375,0.00625543054965,0.0146904528830742,0.0210377785404771
2020-05-11,77.0250015258789,79.26249694824219,76.80999755859375,78.75250244140625,145946400,AAPL,77.53250122070312,-0.0065456381109075,0.0224277946290846,0.0157353522909093
2020-05-12,79.4574966430664,79.92250061035156,77.72750091552734,77.85250091552734,162301200,AAPL,78.75250244140625,0.0089520228539363,-0.0201994247912052,-0.011428227649636
2020-05-13,78.0374984741211,78.98750305175781,75.80249786376953,76.9124984741211,200622400,AAPL,77.85250091552734,0.0023762571069423,-0.0144161463654947,-0.0120741457288081
2020-05-14,76.12750244140625,77.44750213623047,75.38249969482422,77.38500213623047,158929200,AAPL,76.9124984741211,-0.0102063520011507,0.0165183364026961,0.0061433924457461
2020-05-15,75.0875015258789,76.9749984741211,75.05249786376953,76.92749786376953,166348400,AAPL,77.38500213623047,-0.0296892233240103,0.0245046951955975,-0.0059120534965617
2020-05-18,78.2925033569336,79.125,77.58000183105469,78.73999786376953,135178400,AAPL,76.92749786376953,0.0177440516209346,0.0057156750346303,0.0235611458884279
2020-05-19,78.75749969482422,79.62999725341797,78.25250244140625,78.28500366210938,101729600,AAPL,78.73999786376953,0.0002222737049721,-0.0059993782756652,-0.0057784380747298
2020-05-20,79.16999816894531,79.87999725341797,79.12999725341797,79.80750274658203,111504800,AAPL,78.28500366210938,0.011304776974345,0.008052350541632,0.0194481575429696
2020-05-21,79.66500091552734,80.22250366210938,78.96749877929688,79.2125015258789,102688800,AAPL,79.80750274658203,-0.0017855693531368,-0.0056800274204257,-0.0074554546906757
2020-05-22,78.94249725341797,79.80750274658203,78.8375015258789,79.72250366210938,81803200,AAPL,79.2125015258789,-0.0034086068140737,0.0098806908297752,0.0064384046256114
2020-05-26,80.875,81.05999755859375,79.125,79.18250274658203,125522000,AAPL,79.72250366210938,0.0144563490225455,-0.0209273230716286,-0.0067735067355141
2020-05-27,79.03500366210938,79.67749786376953,78.27249908447266,79.52749633789062,112945200,AAPL,79.18250274658203,-0.0018627737108123,0.0062313235017582,0.0043569422453433
2020-05-28,79.19249725341797,80.86000061035156,78.90750122070312,79.5625,133560800,AAPL,79.52749633789062,-0.0042123680475157,0.0046721944554673,0.0004401454053155
2020-05-29,79.8125,80.2874984741211,79.11750030517578,79.48500061035156,153532400,AAPL,79.5625,0.0031421838177534,-0.0041033596197141,-0.0009740693121563
2020-06-01,79.4375,80.5875015258789,79.30249786376953,80.4625015258789,80791200,AAPL,79.48500061035156,-0.0005976047051243,0.012903245014998,0.0122979292699412
2020-06-02,80.1875,80.86000061035156,79.73249816894531,80.83499908447266,87642800,AAPL,80.4625015258789,-0.0034177600828189,0.0080748132124415,0.0046294553553489
2020-06-03,81.16500091552734,81.55000305175781,80.57499694824219,81.27999877929688,104491200,AAPL,80.83499908447266,0.0040824127518062,0.0014168405405331,0.0055050374202292
2020-06-04,81.09750366210938,81.40499877929688,80.19499969482422,80.58000183105469,87560400,AAPL,81.27999877929688,-0.0022452647628974,-0.0063812300956986,-0.0086121673075183
2020-06-05,80.8375015258789,82.9375,80.80750274658203,82.875,137250400,AAPL,80.58000183105469,0.0031955781704262,0.0252048669944211,0.0284809892876032
2020-06-08,82.5625,83.4000015258789,81.83000183105469,83.36499786376953,95654400,AAPL,82.875,-0.0037707390648566,0.0097198832856264,0.0059124930771587
2020-06-09,83.03500366210938,86.40249633789062,83.00250244140625,85.99749755859375,147712400,AAPL,83.36499786376953,-0.0039584263193938,0.0356776511811755,0.0315779975083321
2020-06-10,86.9749984741211,88.69249725341797,86.52249908447266,88.20999908447266,166651600,AAPL,85.99749755859375,0.0113666204631284,0.0141994898766112,0.025727510551937
2020-06-11,87.32749938964844,87.76499938964844,83.87000274658203,83.9749984741211,201662400,AAPL,88.20999908447266,-0.0100045312774474,-0.0383899795477796,-0.0480104370741008
2020-06-12,86.18000030517578,86.94999694824219,83.55500030517578,84.69999694824219,200146000,AAPL,83.9749984741211,0.0262578371077222,-0.0171733969794927,0.0086335038677556
2020-06-15,83.3125,86.41999816894531,83.1449966430664,85.74749755859375,138808800,AAPL,84.69999694824219,-0.0163813104868238,0.0292272775225056,0.012367185927901
2020-06-16,87.86499786376953,88.30000305175781,86.18000030517578,88.0199966430664,165428800,AAPL,85.74749755859375,0.0246946017722422,0.0017640560298788,0.0265022204632827
2020-06-17,88.7874984741211,88.8499984741211,87.77249908447266,87.89749908447266,114406400,AAPL,88.0199966430664,0.0087196303149954,-0.010023926847177,-0.0013917014685934
2020-06-18,87.85250091552734,88.36250305175781,87.30500030517578,87.93250274658203,96820400,AAPL,87.89749908447266,-0.0005119391269832,0.000910638060624,0.000398232742387
2020-06-19,88.66000366210938,89.13999938964844,86.2874984741211,87.43000030517578,264476000,AAPL,87.93250274658203,0.0082734016751913,-0.0138732608406067,-0.0057146382248943
2020-06-22,87.83499908447266,89.86499786376953,87.7874984741211,89.71749877929688,135445200,AAPL,87.43000030517578,0.0046322632721402,0.021432227636432,0.0261637706294926
2020-06-23,91.0,93.09500122070312,90.56749725341795,91.63249969482422,212155600,AAPL,89.71749877929688,0.0142948838092116,0.0069505460969694,0.0213447871550476
2020-06-24,91.25,92.19750213623048,89.62999725341797,90.01499938964844,192623200,AAPL,91.63249969482422,-0.0041742798253687,-0.0135342532641267,-0.0176520373291436
2020-06-25,90.1750030517578,91.25,89.39250183105469,91.20999908447266,137522400,AAPL,90.01499938964844,0.0017775222262321,0.011477637900614,0.0132755618833191
2020-06-26,91.10250091552734,91.33000183105467,88.25499725341797,88.40750122070312,205256800,AAPL,91.20999908447266,-0.0011785787745239,-0.0295820605114133,-0.0307257744973118
2020-06-29,88.3125,90.5425033569336,87.81999969482422,90.44499969482422,130646000,AAPL,88.40750122070312,-0.0010745832581101,0.0241472010737349,0.0230466696376208
2020-06-30,90.0199966430664,91.49500274658205,90.0,91.1999969482422,140223200,AAPL,90.44499969482422,-0.0046990220928945,0.0131082020570889,0.0083475842331299
2020-07-01,91.27999877929688,91.83999633789062,90.97750091552734,91.02749633789062,110737200,AAPL,91.1999969482422,0.0008772130891636,-0.0027662406308392,-0.0018914541241646
2020-07-02,91.9625015258789,92.61750030517578,90.91000366210938,91.02749633789062,114041600,AAPL,91.02749633789062,0.0102716786202443,-0.0101672439578556,0.0
2020-07-06,92.5,93.94499969482422,92.46749877929688,93.4625015258789,118655600,AAPL,91.02749633789062,0.0161764710812597,0.0104054219013935,0.0267502159891297
2020-07-07,93.85250091552734,94.65499877929688,93.05750274658205,93.17250061035156,112424400,AAPL,93.4625015258789,0.004172789977598,-0.0072454148642008,-0.0031028584811315
2020-07-08,94.18000030517578,95.375,94.08999633789062,95.34249877929688,117092000,AAPL,93.17250061035156,0.0108132731033763,0.012343368765706,0.0232901140865615
2020-07-09,96.2624969482422,96.31749725341795,94.67250061035156,95.75250244140624,125642800,AAPL,95.34249877929688,0.0096494027398523,-0.0052979563485678,0.0043003242767789
2020-07-10,95.33499908447266,95.9800033569336,94.70500183105467,95.91999816894533,90257200,AAPL,95.75250244140624,-0.0043602344198688,0.0061362468148167,0.0017492569203771
2020-07-13,97.26499938964844,99.95500183105467,95.25749969482422,95.47750091552734,191649200,AAPL,95.91999816894533,0.014022114745396,-0.0183776125568076,-0.0046131908034297
2020-07-14,94.83999633789062,97.25499725341795,93.87750244140624,97.05750274658205,170989200,AAPL,95.47750091552734,-0.0066770136579166,0.0233815530822143,0.0165484204750245
2020-07-15,98.98999786376952,99.24749755859376,96.48999786376952,97.7249984741211,153198000,AAPL,97.05750274658205,0.0199108267006751,-0.0127790627027726,0.0068773222950306
2020-07-16,96.5625,97.40499877929688,95.90499877929688,96.52249908447266,110577600,AAPL,97.7249984741211,-0.0118956100513927,-0.0004142489633899,-0.01230493127065
2020-07-17,96.9875030517578,97.14749908447266,95.83999633789062,96.32749938964844,92186800,AAPL,96.52249908447266,0.0048175707394211,-0.0068050381888598,-0.002020251202298
2020-07-20,96.4175033569336,98.5,96.0625,98.35749816894533,90318000,AAPL,96.32749938964844,0.0009343538226926,0.0201207741796625,0.0210739279246257
2020-07-21,99.17250061035156,99.25,96.74250030517578,97.0,103433200,AAPL,98.35749816894533,0.0082861241550322,-0.021906280440455,-0.0138016744449273
2020-07-22,96.69249725341795,97.9749984741211,96.60250091552734,97.27249908447266,89001600,AAPL,97.0,-0.0031701314080622,0.0059984160873886,0.0028092689120893
2020-07-23,96.99749755859376,97.07749938964844,92.01000213623048,92.84500122070312,197004400,AAPL,97.27249908447266,-0.0028271251223852,-0.042810345033718,-0.0455164399541605
2020-07-24,90.9875030517578,92.97000122070312,89.1449966430664,92.61499786376952,185438800,AAPL,92.84500122070312,-0.0200064423988732,0.0178870147814247,-0.0024772831483609
2020-07-27,93.70999908447266,94.90499877929688,93.4800033569336,94.80999755859376,121214000,AAPL,92.61499786376952,0.0118231522535237,0.0117383255241473,0.0237002617875445
2020-07-28,94.36750030517578,94.5500030517578,93.24749755859376,93.25250244140624,103625600,AAPL,94.80999755859376,-0.0046672003460869,-0.0118154858416693,-0.0164275409481468
2020-07-29,93.75,95.2300033569336,93.7125015258789,95.04000091552734,90329200,AAPL,93.25250244140624,0.0053349512942706,0.013760009765625,0.0191683700418039
2020-07-30,94.1875,96.29750061035156,93.76750183105467,96.19000244140624,158130000,AAPL,95.04000091552734,-0.0089699169540734,0.0212608089333112,0.0121001842887296
2020-07-31,102.88500213623048,106.41500091552734,100.8249969482422,106.26000213623048,374336800,AAPL,96.19000244140624,0.0696018247728234,0.0328036150063072,0.1046886312427148
2020-08-03,108.1999969482422,111.6374969482422,107.89250183105467,108.9375,308151200,AAPL,106.26000213623048,0.0182570560230608,0.0068161097279013,0.0251976078481237
2020-08-04,109.13249969482422,110.79000091552734,108.3874969482422,109.66500091552734,173071600,AAPL,108.9375,0.0017900144103197,0.0048794009318232,0.0066781495401246
2020-08-05,109.37750244140624,110.39250183105467,108.89749908447266,110.0625,121776800,AAPL,109.66500091552734,-0.0026216064534805,0.0062626915344012,0.0036246667683779
2020-08-06,110.40499877929688,114.4124984741211,109.79750061035156,113.90249633789062,202428800,AAPL,110.0625,0.0031118571656729,0.0316787971311458,0.0348892341886712
2020-08-07,113.20500183105467,113.6750030517578,110.2925033569336,111.1125030517578,198045600,AAPL,113.90249633789062,-0.0061236103620312,-0.018484154811637,-0.0244945754117303
2020-08-10,112.5999984741211,113.7750015258789,110.0,112.72750091552734,212403600,AAPL,111.1125030517578,0.0133872910924379,0.0011323485180646,0.0145347986897319
2020-08-11,111.97000122070312,112.48249816894533,109.10749816894533,109.375,187902400,AAPL,112.72750091552734,-0.00671974175487,-0.0231758613236784,-0.0297398672755067
2020-08-12,110.49749755859376,113.2750015258789,110.29750061035156,113.01000213623048,165598000,AAPL,109.375,0.0102628348214286,0.0227381129269864,0.0332343052455357
2020-08-13,114.43000030517578,116.0425033569336,113.92749786376952,115.01000213623048,210082000,AAPL,113.01000213623048,0.0125652432714189,0.0050686168793836,0.0176975485549417
2020-08-14,114.83000183105467,115.0,113.04499816894533,114.90750122070312,165565200,AAPL,115.01000213623048,-0.0015650839216798,0.0006749054115879,-0.0008912347937002
2020-08-17,116.0625,116.0875015258789,113.9625015258789,114.60749816894533,119561600,AAPL,114.90750122070312,0.0100515524837536,-0.0125363647263731,-0.0026108221706222
2020-08-18,114.35250091552734,116.0,114.00749969482422,115.5625,105633600,AAPL,114.60749816894533,-0.0022249613462643,0.0105813084522435,0.00833280410368
2020-08-19,115.98249816894533,117.1624984741211,115.61000061035156,115.7074966430664,145538000,AAPL,115.5625,0.0036343811266223,-0.0023710605498281,0.0012547032390819
2020-08-20,115.75,118.39250183105467,115.73249816894533,118.2750015258789,126907200,AAPL,115.7074966430664,0.0003673345130326,0.0218142680421503,0.0221896156887113
2020-08-21,119.2624969482422,124.86750030517578,119.25,124.37000274658205,338054800,AAPL,118.2750015258789,0.0083491474075121,0.0428257493263486,0.0515324552278235
2020-08-24,128.69749450683594,128.78500366210938,123.9375,125.85749816894533,345937600,AAPL,124.37000274658205,0.0347953016377402,-0.0220672232103149,0.0119602427395151
2020-08-25,124.69750213623048,125.18000030517578,123.05249786376952,124.8249969482422,211495600,AAPL,125.85749816894533,-0.0092167415496986,0.001022432765914,-0.00820373228234
2020-08-26,126.18000030517578,126.99250030517578,125.0824966430664,126.52249908447266,163022400,AAPL,124.8249969482422,0.0108552244346975,0.0027143666069782,0.0135990561003924
2020-08-27,127.14250183105467,127.48500061035156,123.8324966430664,125.01000213623048,155552400,AAPL,126.52249908447266,0.0049003359170773,-0.0167725163821131,-0.0119543714294828
2020-08-28,126.0124969482422,126.44249725341795,124.57749938964844,124.80750274658205,187630000,AAPL,125.01000213623048,0.0080193168136997,-0.0095624976160506,-0.0016198655002642
2020-08-31,127.58000183105467,131.0,126.0,129.0399932861328,225702700,AAPL,124.80750274658205,0.0222142020588469,0.0114437328274339,0.0339121482796169
2020-09-01,132.75999450683594,134.8000030517578,130.52999877929688,134.17999267578125,151948100,AAPL,129.0399932861328,0.02882828126358,0.0106959794192534,0.0398326073859212
2020-09-02,137.58999633789062,137.97999572753906,127.0,131.39999389648438,200119000,AAPL,134.17999267578125,0.025413652170551,-0.044988753587906,-0.0207184299526247
2020-09-03,126.91000366210938,128.83999633789062,120.5,120.87999725341795,257599600,AAPL,131.39999389648438,-0.034170399109091,-0.0475140354163565,-0.0800608609719872
2020-09-04,120.06999969482422,123.6999969482422,110.88999938964844,120.95999908447266,332607200,AAPL,120.87999725341795,-0.0067008403126915,0.0074123377355751,0.0006618285313737
2020-09-08,113.9499969482422,118.98999786376952,112.68000030517578,112.81999969482422,231366600,AAPL,120.95999908447266,-0.0579530604273155,-0.009916606263107,-0.0672949690084228
2020-09-09,117.26000213623048,119.13999938964844,115.26000213623048,117.31999969482422,176940500,AAPL,112.81999969482422,0.0393547460859453,0.0005116626087388,0.0398865450467329
2020-09-10,120.36000061035156,120.5,112.5,113.48999786376952,182274400,AAPL,117.31999969482422,0.0259120433296544,-0.0570787862391484,-0.0326457708917268
2020-09-11,114.56999969482422,115.2300033569336,110.0,112.0,180860300,AAPL,113.48999786376952,0.0095162732521247,-0.022431698539494,-0.0131288914601803
2020-09-14,114.72000122070312,115.93000030517578,112.8000030517578,115.36000061035156,140150100,AAPL,112.0,0.0242857251848493,0.0055787951781588,0.0300000054495674
2020-09-15,118.33000183105467,118.83000183105467,113.61000061035156,115.54000091552734,184642000,AAPL,115.36000061035156,0.0257455028171751,-0.0235781363335966,0.0015603355081781
2020-09-16,115.2300033569336,116.0,112.04000091552734,112.12999725341795,154679000,AAPL,115.54000091552734,-0.0026830323363108,-0.0269027684908862,-0.0295136198293998
2020-09-17,109.72000122070312,112.1999969482422,108.70999908447266,110.33999633789062,178011000,AAPL,112.12999725341795,-0.0214928751604993,0.0056507027915573,-0.01596362221861
2020-09-18,110.4000015258789,110.87999725341795,106.08999633789062,106.83999633789062,287104900,AAPL,110.33999633789062,0.0005438208263532,-0.032246423358552,-0.0317201388087966
2020-09-21,104.54000091552734,110.19000244140624,103.0999984741211,110.08000183105467,195713800,AAPL,106.83999633789062,-0.0215274756757698,0.0529940775493573,0.0303257731581838
2020-09-22,112.68000030517578,112.86000061035156,109.16000366210938,111.80999755859376,183055400,AAPL,110.08000183105467,0.0236191717920883,-0.0077210041198594,0.0157158039495146
2020-09-23,111.62000274658205,112.11000061035156,106.7699966430664,107.12000274658205,150718700,AAPL,111.80999755859376,-0.0016992649687891,-0.0403153546790052,-0.0419461131778841
2020-09-24,105.16999816894533,110.25,105.0,108.22000122070312,167743300,AAPL,107.12000274658205,-0.0182039257621186,0.0290006951113404,0.010268842848365
2020-09-25,108.43000030517578,112.44000244140624,107.66999816894533,112.27999877929688,149981400,AAPL,108.22000122070312,0.0019404831094427,0.0355067643944045,0.0375161477804257
2020-09-28,115.01000213623048,115.31999969482422,112.77999877929688,114.95999908447266,137672400,AAPL,112.27999877929688,0.0243142446260604,-0.000434771331441,0.0238689021581102
2020-09-29,114.5500030517578,115.30999755859376,113.56999969482422,114.08999633789062,99382200,AAPL,114.95999908447266,-0.0035664234166666,-0.0040157721659713,-0.0075678736387493
2020-09-30,113.79000091552734,117.26000213623048,113.62000274658205,115.80999755859376,142675200,AAPL,114.08999633789062,-0.002629462985298,0.0177519696529922,0.0150758285205754
2020-10-01,117.63999938964844,117.72000122070312,115.83000183105467,116.79000091552734,116120400,AAPL,115.80999755859376,0.0158017603802194,-0.0072254205927502,0.0084621654226162
2020-10-02,112.88999938964844,115.37000274658205,112.22000122070312,113.0199966430664,144712000,AAPL,116.79000091552734,-0.0333932827751215,0.0011515391453699,-0.0322801973020595
2020-10-05,113.91000366210938,116.6500015258789,113.5500030517578,116.5,106243800,AAPL,113.0199966430664,0.007874774778606,0.0227372158249886,0.0307910410573091
2020-10-06,115.6999969482422,116.12000274658205,112.25,113.16000366210938,161498200,AAPL,116.5,-0.0068669789850456,-0.0219532701221164,-0.0286694964625804
2020-10-07,114.62000274658205,115.5500030517578,114.12999725341795,115.08000183105467,96849000,AAPL,113.16000366210938,0.0129020770344983,0.0040132531272895,0.0169671094627952
2020-10-08,116.25,116.4000015258789,114.58999633789062,114.97000122070312,83477200,AAPL,115.08000183105467,0.0101668243858994,-0.0110107421875,-0.0009558620837792
2020-10-09,115.27999877929688,117.0,114.91999816894533,116.97000122070312,100506900,AAPL,114.97000122070312,0.0026963343072308,0.0146599796955389,0.0173958422089661
2020-10-12,120.05999755859376,125.18000030517578,119.27999877929688,124.4000015258789,240226800,AAPL,116.97000122070312,0.0264169984238977,0.0361486261497471,0.0635205627736688
2020-10-13,125.2699966430664,125.38999938964844,119.6500015258789,121.0999984741211,262330500,AAPL,124.4000015258789,0.0069935297951464,-0.0332880839841238,-0.0265273553961437
2020-10-14,121.0,123.02999877929688,119.62000274658205,121.19000244140624,150712000,AAPL,121.0999984741211,-0.0008257512417926,0.0015702681107954,0.0007432202181603
2020-10-15,118.72000122070312,121.1999969482422,118.1500015258789,120.70999908447266,112559200,AAPL,121.19000244140624,-0.0203812292346254,0.0167621112138474,-0.0039607504518837
2020-10-16,121.27999877929688,121.5500030517578,118.80999755859376,119.0199966430664,115393800,AAPL,120.70999908447266,0.0047220586459066,-0.0186345824453971,-0.0140005173906395
2020-10-19,119.95999908447266,120.41999816894533,115.66000366210938,115.9800033569336,120639300,AAPL,119.0199966430664,0.0078978530324216,-0.0331776905461332,-0.0255418700376002
2020-10-20,116.1999969482422,118.9800033569336,115.62999725341795,117.51000213623048,124423700,AAPL,115.9800033569336,0.0018968234604335,0.0112737110360836,0.0131919187360964
2020-10-21,116.66999816894533,118.70999908447266,116.4499969482422,116.87000274658205,89946000,AAPL,117.51000213623048,-0.0071483614331938,0.0017142759987627,-0.0054463396988664
2020-10-22,117.4499969482422,118.04000091552734,114.58999633789062,115.75,101988000,AAPL,116.87000274658205,0.0049627294261112,-0.0144742187519284,-0.0095833209571374
2020-10-23,116.38999938964844,116.5500030517578,114.27999877929688,115.04000091552734,82572600,AAPL,115.75,0.005529152394371,-0.0115989215671493,-0.0061339013777335
2020-10-26,114.01000213623048,116.5500030517578,112.87999725341795,115.0500030517578,111850700,AAPL,115.04000091552734,-0.008953396828058,0.0091220147008211,8.694485527538376e-05
2020-10-27,115.48999786376952,117.27999877929688,114.54000091552734,116.5999984741211,92276800,AAPL,115.0500030517578,0.0038243789686278,0.0096112272134674,0.0134723631573132
2020-10-28,115.0500030517578,115.43000030517578,111.0999984741211,111.1999969482422,143937800,AAPL,116.5999984741211,-0.0132932713777633,-0.0334637635931536,-0.0463121920801518
2020-10-29,112.37000274658205,116.93000030517578,112.1999969482422,115.31999969482422,146129200,AAPL,111.1999969482422,0.0105216351659112,0.0262525307122671,0.0370503854285146
2020-10-30,111.05999755859376,111.98999786376952,107.72000122070312,108.86000061035156,190272600,AAPL,115.31999969482422,-0.036940705406728,-0.0198090851486062,-0.0560180289764828
2020-11-02,109.11000061035156,110.68000030517578,107.31999969482422,108.7699966430664,122866900,AAPL,108.86000061035156,0.0022965276373168,-0.0031161576884172,-0.000826786393354
2020-11-03,109.66000366210938,111.48999786376952,108.7300033569336,110.44000244140624,107624400,AAPL,108.7699966430664,0.0081824680197755,0.0071128830316315,0.0153535519893417
2020-11-04,114.13999938964844,115.58999633789062,112.3499984741211,114.9499969482422,138235500,AAPL,110.44000244140624,0.0335023258461553,0.0070965267471975,0.0408366027448134
2020-11-05,117.9499969482422,119.62000274658205,116.87000274658205,119.02999877929688,126387100,AAPL,114.9499969482422,0.0260983043031379,0.0091564379737,0.0354937097814083
2020-11-06,118.31999969482422,119.1999969482422,116.12999725341795,118.69000244140624,114457900,AAPL,119.02999877929688,-0.005964875172259,0.0031271361353647,-0.0028563920135884
2020-11-09,120.5,121.98999786376952,116.0500030517578,116.31999969482422,154515300,AAPL,118.69000244140624,0.0152497895472476,-0.034688799213077,-0.0199680065534755
2020-11-10,115.5500030517578,117.58999633789062,114.12999725341795,115.97000122070312,138023400,AAPL,116.31999969482422,-0.0066196410341003,0.0036347741917166,-0.0030089277427729
2020-11-11,117.19000244140624,119.62999725341795,116.44000244140624,119.48999786376952,112295000,AAPL,115.97000122070312,0.0105199724744446,0.0196262085028392,0.0303526481505116
2020-11-12,119.62000274658205,120.52999877929688,118.56999969482422,119.20999908447266,103162300,AAPL,119.48999786376952,0.0010879980344524,-0.0034275510173493,-0.0023432821516667
2020-11-13,119.44000244140624,119.66999816894533,117.87000274658205,119.26000213623048,81581900,AAPL,119.20999908447266,0.0019293965162319,-0.0015070353440764,0.0004194535034127
2020-11-16,118.91999816894533,120.98999786376952,118.1500015258789,120.3000030517578,91183000,AAPL,119.26000213623048,-0.0028509471842602,0.0116044811979561,0.0087204502506996
2020-11-17,119.5500030517578,120.66999816894533,118.95999908447266,119.38999938964844,74271000,AAPL,120.3000030517578,-0.0062344138069333,-0.0013383827521953,-0.0075644525272193
2020-11-18,118.61000061035156,119.81999969482422,118.0,118.02999877929688,76322100,AAPL,119.38999938964844,-0.0065332002955391,-0.004889990962567,-0.0113912439677044
2020-11-19,117.58999633789062,119.05999755859376,116.80999755859376,118.63999938964844,74113000,AAPL,118.02999877929688,-0.0037278865200109,0.0089293569560174,0.0051681828065777
2020-11-20,118.63999938964844,118.7699966430664,117.29000091552734,117.33999633789062,73604300,AAPL,118.63999938964844,0.0,-0.0109575443227053,-0.0109575443227053
2020-11-23,117.18000030517578,117.62000274658205,113.75,113.8499984741211,127959300,AAPL,117.33999633789062,-0.0013635251210859,-0.0284178342923899,-0.0297426109825312
2020-11-24,113.91000366210938,115.8499984741211,112.58999633789062,115.16999816894533,113874200,AAPL,113.8499984741211,0.0005270547983531,0.0110613156555894,0.0115942003734348
2020-11-25,115.5500030517578,116.75,115.16999816894533,116.02999877929688,76499200,AAPL,115.16999816894533,0.0032995127972048,0.0041540087828821,0.0074672277852259
2020-11-27,116.56999969482422,117.48999786376952,116.22000122070312,116.58999633789062,46691300,AAPL,116.02999877929688,0.0046539767405711,0.0001715419329051,0.0048263170256421
2020-11-30,116.97000122070312,120.97000122070312,116.80999755859376,119.0500030517578,169410200,AAPL,116.58999633789062,0.0032593266553606,0.0177823528199342,0.021099637971836
2020-12-01,121.01000213623048,123.47000122070312,120.01000213623048,122.72000122070312,127728200,AAPL,119.0500030517578,0.0164636626142757,0.0141310557332903,0.0308273672815426
2020-12-02,122.0199966430664,123.37000274658205,120.88999938964844,123.08000183105467,89004200,AAPL,122.72000122070312,-0.0057040789657246,0.0086871432318508,0.0029335121151452
2020-12-03,123.5199966430664,123.77999877929688,122.20999908447266,122.94000244140624,78967600,AAPL,123.08000183105467,0.0035748684227001,-0.0046955490400162,-0.0011374665873064
2020-12-04,122.5999984741211,122.86000061035156,121.5199966430664,122.25,78260400,AAPL,122.94000244140624,-0.0027656089192548,-0.0028547999875788,-0.0056125136465253
2020-12-07,122.30999755859376,124.56999969482422,122.25,123.75,86712000,AAPL,122.25,0.000490777575409,0.011773382962553,0.0122699386503066
2020-12-08,124.37000274658205,124.9800033569336,123.08999633789062,124.37999725341795,82225500,AAPL,123.75,0.0050101232047032,8.036107272830443e-05,0.0050908868963068
2020-12-09,124.52999877929688,125.9499969482422,121.0,121.77999877929688,115089200,AAPL,124.37999725341795,0.0012059939635895,-0.0220830324175445,-0.0209036704577483
2020-12-10,120.5,123.87000274658205,120.1500015258789,123.23999786376952,81312200,AAPL,121.77999877929688,-0.0105107471844915,0.0227385714835645,0.0119888249228727
2020-12-11,122.43000030517578,122.76000213623048,120.5500030517578,122.41000366210938,86939800,AAPL,123.23999786376952,-0.006572521686418,-0.0001633312343099,-0.0067347794226484
2020-12-14,122.5999984741211,123.3499984741211,121.54000091552734,121.77999877929688,79184500,AAPL,122.41000366210938,0.0015521183426818,-0.0066884152123159,-0.0051466780815685
2020-12-15,124.33999633789062,127.9000015258789,124.12999725341795,127.87999725341795,157243700,AAPL,121.77999877929688,0.021021494368983,0.0284703315086763,0.050090314791152
2020-12-16,127.41000366210938,128.3699951171875,126.55999755859376,127.80999755859376,98208600,AAPL,127.87999725341795,-0.0036752705771272,0.0031394230043753,-0.0005473858017489
2020-12-17,128.89999389648438,129.5800018310547,128.0399932861328,128.6999969482422,94359800,AAPL,127.80999755859376,0.0085282556819619,-0.0015515667782172,0.0069634567455525
2020-12-18,128.9600067138672,129.10000610351562,126.12000274658205,126.66000366210938,192541500,AAPL,128.6999969482422,0.0020202779470892,-0.0178350103289075,-0.0158507640598718
2020-12-21,125.0199966430664,128.30999755859375,123.4499969482422,128.22999572753906,121251600,AAPL,126.66000366210938,-0.0129481049394093,0.0256758852236833,0.0123953262279854
2020-12-22,131.61000061035156,134.41000366210938,129.64999389648438,131.8800048828125,168904800,AAPL,128.22999572753906,0.0263589253328393,0.0020515482957888,0.0284645502369735
2020-12-23,132.16000366210938,132.42999267578125,130.77999877929688,130.9600067138672,88223700,AAPL,131.8800048828125,0.0021231329157569,-0.0090798798047115,-0.0069760246806391
2020-12-24,131.32000732421875,133.4600067138672,131.10000610351562,131.97000122070312,54930100,AAPL,130.9600067138672,0.0027489354909557,0.0049496943362148,0.0077122362176007
2020-12-28,133.99000549316406,137.33999633789062,133.50999450683594,136.69000244140625,124486200,AAPL,131.97000122070312,0.0153065412879911,0.02015073391709,0.0357657132457664
2020-12-29,138.0500030517578,138.7899932861328,134.33999633789062,134.8699951171875,121047300,AAPL,136.69000244140625,0.0099495251010368,-0.0230351891653204,-0.0133148532570911
2020-12-30,135.5800018310547,135.99000549316406,133.39999389648438,133.72000122070312,96452100,AAPL,134.8699951171875,0.005264378583615,-0.0137188419031687,-0.0085266844970607
2020-12-31,134.0800018310547,134.74000549316406,131.72000122070312,132.69000244140625,99116600,AAPL,133.72000122070312,0.0026921971811635,-0.0103669404136784,-0.0077026530802738
2021-01-04,133.52000427246094,133.61000061035156,126.76000213623048,129.41000366210938,143301900,AAPL,132.69000244140625,0.0062551949339302,-0.0307819089187916,-0.0247192608255868
2021-01-05,128.88999938964844,131.74000549316406,128.42999267578125,131.00999450683594,97664900,AAPL,129.41000366210938,-0.0040182695135274,0.0164480962621353,0.0123637338648421
2021-01-06,127.72000122070312,131.0500030517578,126.37999725341795,126.5999984741211,155088000,AAPL,131.00999450683594,-0.0251125366314028,-0.0087692040078095,-0.0336615236823381
2021-01-07,128.36000061035156,131.6300048828125,127.86000061035156,130.9199981689453,109578200,AAPL,126.5999984741211,0.0139020707538968,0.0199438886446008,0.0341232207495427
2021-01-08,132.42999267578125,132.6300048828125,130.22999572753906,132.0500030517578,105158200,AAPL,130.9199981689453,0.0115337192786038,-0.0028693622671545,0.0086312625925513
2021-01-11,129.19000244140625,130.1699981689453,128.5,128.97999572753906,100384500,AAPL,132.0500030517578,-0.0216584668251054,-0.0016255647488081,-0.0232488243337294
2021-01-12,128.5,129.69000244140625,126.86000061035156,128.8000030517578,91951100,AAPL,128.97999572753906,-0.0037214742087061,0.0023346540992825,-0.0013955084644402
2021-01-13,128.75999450683594,131.4499969482422,128.49000549316406,130.88999938964844,88636800,AAPL,128.8000030517578,-0.0003106253414124,0.0165424431009851,0.0162266792575367
2021-01-14,130.8000030517578,131.0,128.75999450683594,128.91000366210938,90221800,AAPL,130.88999938964844,-0.0006875722997194,-0.0144495362809782,-0.0151271734798071
2021-01-15,128.77999877929688,130.22000122070312,127.0,127.13999938964844,111598500,AAPL,128.91000366210938,-0.0010084933606336,-0.0127348921043171,-0.0137305424108151
2021-01-19,127.77999877929688,128.7100067138672,126.94000244140624,127.83000183105467,90757300,AAPL,127.13999938964844,0.0050338162082808,0.0003913214292964,0.0054271074777307
2021-01-20,128.66000366210938,132.49000549316406,128.5500030517578,132.02999877929688,104319500,AAPL,127.83000183105467,0.006493012744783,0.0261930283014593,0.0328561127128284
2021-01-21,133.8000030517578,139.6699981689453,133.58999633789062,136.8699951171875,120150900,AAPL,132.02999877929688,0.0134060765646124,0.0229446337474456,0.0366583078288231
2021-01-22,136.27999877929688,139.85000610351562,135.02000427246094,139.07000732421875,114459400,AAPL,136.8699951171875,-0.0043106331477945,0.0204726193859177,0.016073736286376
2021-01-25,143.07000732421875,145.08999633789062,136.5399932861328,142.9199981689453,157611700,AAPL,139.07000732421875,0.0287624921934077,-0.0010485017655272,0.0276838329040347
2021-01-26,143.60000610351562,144.3000030517578,141.3699951171875,143.16000366210938,98390600,AAPL,142.9199981689453,0.0047579620996529,-0.0030640837235694,0.0016792995818566
2021-01-27,143.42999267578125,144.3000030517578,140.41000366210938,142.05999755859375,140843800,AAPL,143.16000366210938,0.0018859248865983,-0.0095516641368331,-0.0076837529713389
2021-01-28,139.52000427246094,141.99000549316406,136.6999969482422,137.08999633789062,142621100,AAPL,142.05999755859375,-0.0178797221581337,-0.0174169141353012,-0.0349852267078436
2021-01-29,135.8300018310547,136.74000549316406,130.2100067138672,131.9600067138672,177523800,AAPL,137.08999633789062,-0.0091910025566737,-0.0284914603917991,-0.0374205978631684
2021-02-01,133.75,135.3800048828125,130.92999267578125,134.13999938964844,106239800,AAPL,131.9600067138672,0.0135646650125906,0.0029158832870911,0.0165201012796869
2021-02-02,135.72999572753906,136.30999755859375,134.61000061035156,134.99000549316406,83305400,AAPL,134.13999938964844,0.0118532603632419,-0.0054519285174106,0.0063367087176327
2021-02-03,135.75999450683594,135.77000427246094,133.61000061035156,133.94000244140625,89880900,AAPL,134.99000549316406,0.0057040446132203,-0.0134059527038213,-0.0077783762429062
2021-02-04,136.3000030517578,137.39999389648438,134.58999633789062,137.38999938964844,84183100,AAPL,133.94000244140625,0.0176198340102611,0.0079970382500777,0.025757778746879
2021-02-05,137.35000610351562,137.4199981689453,135.86000061035156,136.75999450683594,75693800,AAPL,137.38999938964844,-0.0002910931385871,-0.0042956794354637,-0.0045855221312415
2021-02-08,136.02999877929688,136.9600067138672,134.9199981689453,136.91000366210938,71297200,AAPL,136.75999450683594,-0.0053377870492863,0.0064691971676061,0.0010968789214593
2021-02-09,136.6199951171875,137.8800048828125,135.85000610351562,136.00999450683594,76774200,AAPL,136.91000366210938,-0.0021182421821973,-0.004464943874638,-0.0065737282243789
2021-02-10,136.47999572753906,136.99000549316406,134.39999389648438,135.38999938964844,73046600,AAPL,136.00999450683594,0.0034556373772922,-0.0079864915886034,-0.0045584526301583
2021-02-11,135.89999389648438,136.38999938964844,133.77000427246094,135.1300048828125,64280000,AAPL,135.38999938964844,0.0037668550789204,-0.0056658502446908,-0.0019203376025409
2021-02-12,134.35000610351562,135.52999877929688,133.69000244140625,135.3699951171875,60145100,AAPL,135.1300048828125,-0.0057722101022146,0.0075920280411895,0.0017759951580194
2021-02-16,135.49000549316406,136.00999450683594,132.7899932861328,133.19000244140625,80576300,AAPL,135.3699951171875,0.0008865360146661,-0.0169754443760344,-0.0161039577041727
2021-02-17,131.25,132.22000122070312,129.47000122070312,130.83999633789062,97918500,AAPL,133.19000244140625,-0.014565676145698,-0.0031238374255952,-0.0176440127670202
2021-02-18,129.1999969482422,130.0,127.41000366210938,129.7100067138672,96856700,AAPL,130.83999633789062,-0.0125343888378992,0.0039474440996257,-0.0086364235375341
2021-02-19,130.24000549316406,130.7100067138672,128.8000030517578,129.8699951171875,87668800,AAPL,129.7100067138672,0.0040860284624455,-0.0028409886392087,0.0012334314627955
2021-02-22,128.00999450683594,129.72000122070312,125.5999984741211,126.0,103916400,AAPL,129.8699951171875,-0.0143220195602009,-0.0157018560510023,-0.0297989933217094
2021-02-23,123.76000213623048,126.70999908447266,118.38999938964844,125.86000061035156,158273000,AAPL,126.0,-0.0177777608235677,0.0169683131696256,-0.0011111062670511
2021-02-24,124.94000244140624,125.55999755859376,122.2300033569336,125.3499984741211,111039900,AAPL,125.86000061035156,-0.0073096946169063,0.0032815433384285,-0.0040521383581537
2021-02-25,124.68000030517578,126.45999908447266,120.54000091552734,120.98999786376952,148199500,AAPL,125.3499984741211,-0.005345019362594,-0.029595784667744,-0.0347826139882379
2021-02-26,122.58999633789062,124.8499984741211,121.1999969482422,121.26000213623048,164560400,AAPL,120.98999786376952,0.013224221029598,-0.0108491250623284,0.0022316247394678
2021-03-01,123.75,127.93000030517578,122.79000091552734,127.79000091552734,116307900,AAPL,121.26000213623048,0.0205343709376826,0.0326464720446654,0.0538512177491197
2021-03-02,128.41000366210938,128.72000122070312,125.01000213623048,125.12000274658205,102260900,AAPL,127.79000091552734,0.004851731294625,-0.0256210639490709,-0.0208936391722092
2021-03-03,124.80999755859376,125.70999908447266,121.83999633789062,122.05999755859376,112966300,AAPL,125.12000274658205,-0.002477662893088,-0.0220334913371741,-0.0244565626663708
2021-03-04,121.75,123.5999984741211,118.62000274658205,120.12999725341795,178155000,AAPL,122.05999755859376,-0.0025397146058842,-0.0133059773846573,-0.0158118986054321
2021-03-05,120.9800033569336,121.94000244140624,117.56999969482422,121.41999816894533,153766600,AAPL,120.12999725341795,0.0070757189956685,0.0036369218036271,0.0107383746359874
2021-03-08,120.93000030517578,121.0,116.20999908447266,116.36000061035156,154376600,AAPL,121.41999816894533,-0.0040355614491752,-0.0377904546704001,-0.0416735104175607
2021-03-09,119.02999877929688,122.05999755859376,118.79000091552734,121.08999633789062,129525800,AAPL,116.36000061035156,0.0229460137069454,0.0173065410377207,0.0406496708725376
2021-03-10,121.69000244140624,122.16999816894533,119.4499969482422,119.9800033569336,111943300,AAPL,121.08999633789062,0.0049550427092373,-0.0140520917919779,-0.009166677797724
2021-03-11,122.54000091552734,123.20999908447266,121.26000213623048,121.95999908447266,103026500,AAPL,119.9800033569336,0.0213368685361501,-0.0047331632668626,0.0165027143869023
2021-03-12,120.4000015258789,121.16999816894533,119.16000366210938,121.02999877929688,88105100,AAPL,121.95999908447266,-0.0127910591202387,0.0052325352610776,-0.0076254535270342
2021-03-15,121.41000366210938,124.0,120.41999816894533,123.98999786376952,92403800,AAPL,121.02999877929688,0.0031397578009189,0.0212502604714552,0.0244567389434609
2021-03-16,125.6999969482422,127.22000122070312,124.72000122070312,125.56999969482422,115227900,AAPL,123.98999786376952,0.0137914276468611,-0.0010341866075899,0.0127429781294994
2021-03-17,124.0500030517578,125.86000061035156,122.33999633789062,124.76000213623048,111932600,AAPL,125.56999969482422,-0.0121047753982678,0.0057234910681656,-0.0064505659039763
2021-03-18,122.87999725341795,123.18000030517578,120.31999969482422,120.52999877929688,121229700,AAPL,124.76000213623048,-0.0150689712297347,-0.0191243369681612,-0.0339051241143349
2021-03-19,119.9000015258789,121.43000030517578,119.68000030517578,119.98999786376952,185549500,AAPL,120.52999877929688,-0.0052268917265282,0.0007505949686848,-0.0044802200364753
2021-03-22,120.33000183105467,123.87000274658205,120.26000213623048,123.38999938964844,111912300,AAPL,119.98999786376952,0.0028336025780346,0.0254300466386598,0.0283357078624093
2021-03-23,123.33000183105467,124.23999786376952,122.13999938964844,122.54000091552734,95467100,AAPL,123.38999938964844,-0.0004862432846303,-0.0064055858574423,-0.0068887144689653
2021-03-24,122.81999969482422,122.9000015258789,120.06999969482422,120.08999633789062,88530500,AAPL,122.54000091552734,0.0022849581949153,-0.0222276776072052,-0.0199935087263922
2021-03-25,119.54000091552734,121.66000366210938,119.0,120.58999633789062,98844700,AAPL,120.08999633789062,-0.0045798604308038,0.0087836323767912,0.0041635441356262
2021-03-26,120.3499984741211,121.4800033569336,118.91999816894533,121.20999908447266,94071200,AAPL,120.58999633789062,-0.0019901971229608,0.0071458298400933,0.0051414111071435
2021-03-29,121.6500015258789,122.58000183105467,120.7300033569336,121.38999938964844,80819200,AAPL,121.20999908447266,0.0036300836954845,-0.0021372966129816,0.0014850285169158
2021-03-30,120.11000061035156,120.4000015258789,118.86000061035156,119.9000015258789,85671900,AAPL,121.38999938964844,-0.0105445159052042,-0.0017483896711807,-0.0122744696536887
2021-03-31,121.6500015258789,123.5199966430664,121.1500015258789,122.1500015258789,118323800,AAPL,119.9000015258789,0.0145954960611263,0.0041101520240723,0.0187656377928766
2021-04-01,123.66000366210938,124.18000030517578,122.48999786376952,123.0,75089100,AAPL,122.1500015258789,0.0123618675183607,-0.0053372444004836,0.0069586448096852
2021-04-05,123.87000274658205,126.16000366210938,123.06999969482422,125.9000015258789,88651200,AAPL,123.0,0.0070731930616425,0.0163881386476589,0.0235772481778773
2021-04-06,126.5,127.12999725341795,125.6500015258789,126.20999908447266,80171300,AAPL,125.9000015258789,0.004765674875689,-0.0022924973559473,0.0024622522226898
2021-04-07,125.83000183105467,127.91999816894533,125.13999938964844,127.9000015258789,83466700,AAPL,126.20999908447266,-0.0030108331841729,0.0164507642430419,0.0133904005519811
2021-04-08,128.9499969482422,130.38999938964844,128.52000427246094,130.36000061035156,88844600,AAPL,127.9000015258789,0.0082095028134212,0.0109344993833177,0.0192337690001895
2021-04-09,129.8000030517578,133.0399932861328,129.47000122070312,133.0,106686700,AAPL,130.36000061035156,-0.0042957775082219,0.0246532886980456,0.0202516061467308
2021-04-12,132.52000427246094,132.85000610351562,130.6300048828125,131.24000549316406,91420000,AAPL,133.0,-0.0036089904326245,-0.0096589098855233,-0.0132330414047814
2021-04-13,132.44000244140625,134.66000366210938,131.92999267578125,134.42999267578125,91266500,AAPL,131.24000549316406,0.0091435301586046,0.0150255979892133,0.0243065151561834
2021-04-14,134.94000244140625,135.0,131.66000366210938,132.02999877929688,87222800,AAPL,134.42999267578125,0.0037938688790606,-0.0215651668108792,-0.017853113347054
2021-04-15,133.82000732421875,135.0,133.63999938964844,134.5,89347100,AAPL,132.02999877929688,0.0135575896498649,0.0050813976876698,0.0187078788422319
2021-04-16,134.3000030517578,134.6699981689453,133.27999877929688,134.16000366210938,84922400,AAPL,134.5,-0.0014869661579345,-0.0010424377249975,-0.0025278538133132
2021-04-19,133.50999450683594,135.47000122070312,133.33999633789062,134.83999633789062,94264200,AAPL,134.16000366210938,-0.0048450293495111,0.0099618147387953,0.0050685201045004
2021-04-20,135.02000427246094,135.52999877929688,131.80999755859375,133.11000061035156,94812300,AAPL,134.83999633789062,0.0013349743359472,-0.0141460791117671,-0.0128299894283883
2021-04-21,132.36000061035156,133.75,131.3000030517578,133.5,68847100,AAPL,133.11000061035156,-0.0056344376572835,0.0086128693290386,0.0029299029964704
2021-04-22,133.0399932861328,134.14999389648438,131.41000366210938,131.94000244140625,84566500,AAPL,133.5,-0.003445743175035,-0.0082681216193448,-0.0116853749707397
2021-04-23,132.16000366210938,135.1199951171875,132.16000366210938,134.32000732421875,78657500,AAPL,131.94000244140625,0.0016674338080358,0.0163438529226422,0.0180385390235948
2021-04-26,134.8300018310547,135.05999755859375,133.55999755859375,134.72000122070312,66905100,AAPL,134.32000732421875,0.0037968618152686,-0.000815846687367,0.0029779174707671
2021-04-27,135.00999450683594,135.41000366210938,134.11000061035156,134.38999938964844,66015800,AAPL,134.72000122070312,0.0021525629713863,-0.0045922164462876,-0.0024495385099801
2021-04-28,134.30999755859375,135.02000427246094,133.0800018310547,133.5800018310547,107760100,AAPL,134.38999938964844,-0.0005952960147185,-0.0054351555417205,-0.0060272160300057
2021-04-29,136.47000122070312,137.07000732421875,132.4499969482422,133.47999572753906,151101000,AAPL,133.5800018310547,0.0216349704299567,-0.0219096172522819,-0.00074866074371
2021-04-30,131.77999877929688,133.55999755859375,131.07000732421875,131.4600067138672,109839500,AAPL,133.47999572753906,-0.0127359679551701,-0.0024282293852924,-0.0151332714888237
2021-05-03,132.0399932861328,134.07000732421875,131.8300018310547,132.5399932861328,75135100,AAPL,131.4600067138672,0.0044118860691069,0.0037867314860921,0.0082153241830902
2021-05-04,131.19000244140625,131.49000549316406,126.6999969482422,127.8499984741211,137564700,AAPL,132.5399932861328,-0.01018553578626,-0.0254592873323324,-0.0353855066363762
2021-05-05,129.1999969482422,130.4499969482422,127.97000122070312,128.10000610351562,84000900,AAPL,127.8499984741211,0.0105592373111709,-0.0085138612283963,0.0019554762016296
2021-05-06,127.88999938964844,129.75,127.12999725341795,129.74000549316406,78128300,AAPL,128.10000610351562,-0.0016393965953247,0.0144656041312434,0.0128024926737566
2021-05-07,130.85000610351562,131.25999450683594,129.47999572753906,130.2100067138672,78973300,AAPL,129.74000549316406,0.0085555770260088,-0.0048910917829238,0.0036226391305949
2021-05-10,129.41000366210938,129.5399932861328,126.80999755859376,126.8499984741211,88071200,AAPL,130.2100067138672,-0.0061439444782135,-0.0197821274673052,-0.0258045316526986
2021-05-11,123.5,126.2699966430664,122.7699966430664,125.91000366210938,126142800,AAPL,126.8499984741211,-0.0264091329477196,0.0195141996931933,-0.0074102863485921
2021-05-12,123.4000015258789,124.63999938964844,122.25,122.7699966430664,112172300,AAPL,125.91000366210938,-0.0199348905029522,-0.005105387966145,-0.0249385031190171
2021-05-13,124.58000183105467,126.1500015258789,124.26000213623048,124.97000122070312,105861300,AAPL,122.7699966430664,0.0147430580555489,0.0031305135970163,0.0179197249962699
2021-05-14,126.25,127.88999938964844,125.8499984741211,127.4499969482422,81918000,AAPL,124.97000122070312,0.0102424483219483,0.0095049263227103,0.019844728361323
2021-05-17,126.81999969482422,126.93000030517578,125.16999816894533,126.2699966430664,74244600,AAPL,127.4499969482422,-0.0049430935151282,-0.0043368794597171,-0.0092585353741121
2021-05-18,126.55999755859376,126.98999786376952,124.77999877929688,124.8499984741211,63342900,AAPL,126.2699966430664,0.0022966731863238,-0.0135113710292304,-0.0112457290464598
2021-05-19,123.16000366210938,124.91999816894533,122.86000061035156,124.69000244140624,92612000,AAPL,124.8499984741211,-0.0135362021038552,0.0124228542855068,-0.0012815060846637
2021-05-20,125.2300033569336,127.72000122070312,125.0999984741211,127.30999755859376,76857100,AAPL,124.69000244140624,0.0043307474934175,0.0166093918861577,0.0210120704618534
2021-05-21,127.81999969482422,128.0,125.20999908447266,125.43000030517578,79295400,AAPL,127.30999755859376,0.0040059865368839,-0.018698164570135,-0.0147670826287834
2021-05-24,126.01000213623048,127.94000244140624,125.94000244140624,127.0999984741211,63092900,AAPL,125.43000030517578,0.0046241077066373,0.0086500779256572,0.0133141845242936
2021-05-25,127.81999969482422,128.32000732421875,126.31999969482422,126.9000015258789,72009500,AAPL,127.0999984741211,0.0056648405141384,-0.0071976073473779,-0.0015735401309459
2021-05-26,126.95999908447266,127.38999938964844,126.41999816894533,126.8499984741211,56575900,AAPL,126.9000015258789,0.0004727939942656,-0.0008664194324574,-0.0003940350760958
2021-05-27,126.44000244140624,127.63999938964844,125.08000183105467,125.27999877929688,94625600,AAPL,126.8499984741211,-0.0032321327366707,-0.0091743407126786,-0.0123768207623945
2021-05-28,125.56999969482422,125.8000030517578,124.5500030517578,124.61000061035156,71311100,AAPL,125.27999877929688,0.0023148221452191,-0.0076451308975532,-0.0053480058706388
2021-06-01,125.08000183105467,125.3499984741211,123.94000244140624,124.27999877929688,67637100,AAPL,124.61000061035156,0.0037717776936121,-0.0063959309245803,-0.0026482772605593
2021-06-02,124.27999877929688,125.23999786376952,124.0500030517578,125.05999755859376,59278900,AAPL,124.27999877929688,0.0,0.0062761408670597,0.0062761408670597
2021-06-03,124.68000030517578,124.8499984741211,123.12999725341795,123.54000091552734,76229200,AAPL,125.05999755859376,-0.0030385195972831,-0.0091434022045082,-0.0121541393950072
2021-06-04,124.06999969482422,126.16000366210938,123.8499984741211,125.88999938964844,75169300,AAPL,123.54000091552734,0.0042900985540648,0.014669135965994,0.0190221665590559
2021-06-07,126.16999816894533,126.31999969482422,124.83000183105467,125.9000015258789,71057600,AAPL,125.88999938964844,0.002224154266855,-0.0021399433065289,7.945139629006448e-05
2021-06-08,126.5999984741211,128.4600067138672,126.20999908447266,126.73999786376952,74403800,AAPL,125.9000015258789,0.0055599439218299,0.0011058403739006,0.0066719327061959
2021-06-09,127.20999908447266,127.75,126.5199966430664,127.12999725341795,56877900,AAPL,126.73999786376952,0.0037083890533777,-0.0006288957757287,0.0030771610874384
2021-06-10,127.0199966430664,128.19000244140625,125.94000244140624,126.11000061035156,71186400,AAPL,127.12999725341795,-0.0008652608568242,-0.007164195061916,-0.0080232570211825
2021-06-11,126.52999877929688,127.44000244140624,126.0999984741211,127.3499984741211,53522400,AAPL,126.11000061035156,0.0033304112831067,0.0064806741700402,0.009832668763525
2021-06-14,127.81999969482422,130.5399932861328,127.06999969482422,130.47999572753906,96906500,AAPL,127.3499984741211,0.0036906260411038,0.0208104837980417,0.0245779135525785
2021-06-15,129.94000244140625,130.60000610351562,129.38999938964844,129.63999938964844,62746300,AAPL,130.47999572753906,-0.0041385139777317,-0.0023087813307768,-0.0064377403846996
2021-06-16,130.3699951171875,130.88999938964844,128.4600067138672,130.14999389648438,91815000,AAPL,129.63999938964844,0.005630945163344,-0.0016875142206254,0.0039339286426798
2021-06-17,129.8000030517578,132.5500030517578,129.64999389648438,131.7899932861328,96721700,AAPL,130.14999389648438,-0.0026891345458297,0.0153312032942055,0.0126008410799682
2021-06-18,130.7100067138672,131.50999450683594,130.24000549316406,130.4600067138672,108953300,AAPL,131.7899932861328,-0.0081947539819722,-0.001912630916983,-0.0100917113591322
2021-06-21,130.3000030517578,132.41000366210938,129.2100067138672,132.3000030517578,79663300,AAPL,130.4600067138672,-0.0012264575645799,0.0153491938078125,0.0141039111083767
2021-06-22,132.1300048828125,134.0800018310547,131.6199951171875,133.97999572753906,74783600,AAPL,132.3000030517578,-0.0012849445580043,0.0140012924874054,0.0126983570448142
2021-06-23,133.77000427246094,134.32000732421875,133.22999572753906,133.6999969482422,60214200,AAPL,133.97999572753906,-0.0015673343915099,-0.0005233409731837,-0.0020898551143879
2021-06-24,134.4499969482422,134.63999938964844,132.92999267578125,133.41000366210938,68711000,AAPL,133.6999969482422,0.0056095738004418,-0.0077351677927755,-0.0021689849869261
2021-06-25,133.4600067138672,133.88999938964844,132.80999755859375,133.11000061035156,70783700,AAPL,133.41000366210938,0.0003748073636551,-0.0026225542178041,-0.0022487298067814
2021-06-28,133.41000366210938,135.25,133.35000610351562,134.77999877929688,62111300,AAPL,133.11000061035156,0.0022537979894989,0.0102690583882848,0.0125460007609332
2021-06-29,134.8000030517578,136.49000549316406,134.35000610351562,136.3300018310547,64556100,AAPL,134.77999877929688,0.0001484216696996,0.0113501390553338,0.0115002453316233
2021-06-30,136.1699981689453,137.41000366210938,135.8699951171875,136.9600067138672,63261400,AAPL,136.3300018310547,-0.0011736496732953,0.0058016343948372,0.0046211756352296
2021-07-01,136.60000610351562,137.3300018310547,135.75999450683594,137.27000427246094,52485800,AAPL,136.9600067138672,-0.002628509000468,0.0049048180015276,0.002263416642797
2021-07-02,137.89999389648438,140.0,137.75,139.9600067138672,78852600,AAPL,137.27000427246094,0.0045894194246034,0.0149384547393756,0.0195964329983335
2021-07-06,140.07000732421875,143.14999389648438,140.07000732421875,142.02000427246094,108181800,AAPL,139.9600067138672,0.0007859431628669,0.0139215881079276,0.0147184728477842
2021-07-07,143.5399932861328,144.88999938964844,142.66000366210938,144.57000732421875,104911600,AAPL,142.02000427246094,0.010702640247467,0.0071757982880262,0.0179552385230583
2021-07-08,141.5800018310547,144.05999755859375,140.6699981689453,143.24000549316406,105575500,AAPL,144.57000732421875,-0.020682059498403,0.0117248456041852,-0.0091997078486132
2021-07-09,142.75,145.64999389648438,142.64999389648438,145.11000061035156,99890800,AAPL,143.24000549316406,-0.0034208703879688,0.0165324035751422,0.0130549779773412
2021-07-12,146.2100067138672,146.32000732421875,144.0,144.5,76299700,AAPL,145.11000061035156,0.0075804982350551,-0.0116955518455974,-0.0042037117206658
2021-07-13,144.02999877929688,147.4600067138672,143.6300048828125,145.63999938964844,100827100,AAPL,144.5,-0.0032526036034817,0.0111782310907232,0.0078892691325151
2021-07-14,148.10000610351562,149.57000732421875,147.67999267578125,149.14999389648438,127050800,AAPL,145.63999938964844,0.0168910101907211,0.0070897214699292,0.0241004842182483
2021-07-15,149.24000549316406,150.0,147.08999633789062,148.47999572753906,106820300,AAPL,149.14999389648438,0.0006034971529542,-0.0050925337553663,-0.0044921099320347
2021-07-16,148.4600067138672,149.75999450683594,145.8800048828125,146.38999938964844,93251400,AAPL,148.47999572753906,-0.000134624287763,-0.0139431983740129,-0.0140759455686257
2021-07-19,143.75,144.07000732421875,141.6699981689453,142.4499969482422,121434600,AAPL,146.38999938964844,-0.0180340146229628,-0.0090434994904891,-0.0269144235113977
2021-07-20,143.4600067138672,147.10000610351562,142.9600067138672,146.14999389648438,96350000,AAPL,142.4499969482422,0.0070902757968607,0.0187507811008429,0.0259740051071151
2021-07-21,145.52999877929688,146.1300048828125,144.6300048828125,145.39999389648438,74993500,AAPL,146.14999389648438,-0.0042421836680105,-0.0008933201669963,-0.0051317142067841
2021-07-22,145.94000244140625,148.1999969482422,145.80999755859375,146.8000030517578,77338200,AAPL,145.39999389648438,0.0037139516340443,0.0058928367545892,0.0096286740993274
2021-07-23,147.5500030517578,148.72000122070312,146.9199981689453,148.55999755859375,71447400,AAPL,146.8000030517578,0.0051089917194044,0.0068450998708664,0.0119890631488297
2021-07-26,148.27000427246094,149.8300018310547,147.6999969482422,148.99000549316406,72434100,AAPL,148.55999755859375,-0.0019520280755149,0.0048560140281647,0.0028945068769317
2021-07-27,149.1199951171875,149.2100067138672,145.5500030517578,146.77000427246094,104818600,AAPL,148.99000549316406,0.0008724721070596,-0.015759059292349,-0.0149003365249555
2021-07-28,144.80999755859375,146.97000122070312,142.5399932861328,144.97999572753906,118931200,AAPL,146.77000427246094,-0.0133542730586058,0.0011739394503927,-0.0121960107161879
2021-07-29,144.69000244140625,146.5500030517578,144.5800018310547,145.63999938964844,56699500,AAPL,144.97999572753906,-0.0020002296501497,0.0065657400802581,0.0045523774421245
2021-07-30,144.3800048828125,146.3300018310547,144.11000061035156,145.86000061035156,70440600,AAPL,145.63999938964844,-0.0086514316953882,0.0102506973090928,0.0015105824061047
2021-08-02,146.36000061035156,146.9499969482422,145.25,145.52000427246094,62880000,AAPL,145.86000061035156,0.0034279445900708,-0.0057392479802382,-0.0023309772142322
2021-08-03,145.80999755859375,148.0399932861328,145.17999267578125,147.36000061035156,64786600,AAPL,145.52000427246094,0.0019928070204688,0.0106302933798139,0.0126442845235597
2021-08-04,147.27000427246094,147.7899932861328,146.27999877929688,146.9499969482422,56368300,AAPL,147.36000061035156,-0.0006107243316901,-0.0021729294149181,-0.0027823266857436
2021-08-05,146.97999572753906,147.83999633789062,146.1699981689453,147.05999755859375,46397700,AAPL,146.9499969482422,0.0002041427691041,0.0005443042140441,0.0007485580989179
2021-08-06,146.35000610351562,147.11000061035156,145.6300048828125,146.13999938964844,54126800,AAPL,147.05999755859375,-0.0048279033514552,-0.0014349621121207,-0.0062559376051856
2021-08-09,146.1999969482422,146.6999969482422,145.52000427246094,146.08999633789062,48908700,AAPL,146.13999938964844,0.0004105485072145,-0.0007523981713248,-0.0003421585600564
2021-08-10,146.44000244140625,147.7100067138672,145.3000030517578,145.60000610351562,69023100,AAPL,146.08999633789062,0.0023958252603832,-0.0057361125640975,-0.0033540300270916
2021-08-11,146.0500030517578,146.72000122070312,145.52999877929688,145.86000061035156,48493500,AAPL,145.60000610351562,0.0030906382512254,-0.0013009410300314,0.0017856764830839
2021-08-12,146.19000244140625,149.0500030517578,145.83999633789062,148.88999938964844,72282600,AAPL,145.86000061035156,0.0022624559829549,0.0184690943508559,0.0207733358468245
2021-08-13,148.97000122070312,149.44000244140625,148.27000427246094,149.10000610351562,59375000,AAPL,148.88999938964844,0.0005373217233033,0.0008726916946177,0.0014104823341263
2021-08-16,148.5399932861328,151.19000244140625,146.47000122070312,151.1199951171875,103296000,AAPL,149.10000610351562,-0.003755954355857,0.0173690719514496,0.0135478801541393
2021-08-17,150.22999572753906,151.67999267578125,149.08999633789062,150.19000244140625,92229700,AAPL,151.1199951171875,-0.0058893556008804,-0.0002662137207628,-0.0061540014943759
2021-08-18,149.8000030517578,150.72000122070312,146.14999389648438,146.36000061035156,86326000,AAPL,150.19000244140625,-0.0025967067268714,-0.0229639677658596,-0.0255010438031578
2021-08-19,145.02999877929688,148.0,144.5,146.6999969482422,86960300,AAPL,146.36000061035156,-0.0090871947629701,0.0115148464662588,0.0023230140507841
2021-08-20,147.44000244140625,148.5,146.77999877929688,148.19000244140625,60549600,AAPL,146.6999969482422,0.00504434566161,0.0050868148913525,0.010156820205591
2021-08-23,148.30999755859375,150.19000244140625,147.88999938964844,149.7100067138672,60131800,AAPL,148.19000244140625,0.0008097382766083,0.009439749027845,0.0102571310305628
2021-08-24,149.4499969482422,150.86000061035156,149.14999389648438,149.6199951171875,48606400,AAPL,149.7100067138672,-0.0017367560882015,0.001137491953273,-0.0006012396810035
2021-08-25,149.80999755859375,150.32000732421875,147.8000030517578,148.36000061035156,58991300,AAPL,149.6199951171875,0.0012699000642089,-0.0096789064272901,-0.0084212976069747
2021-08-26,148.35000610351562,149.1199951171875,147.50999450683594,147.5399932861328,48597200,AAPL,148.36000061035156,-6.73665866460782e-05,-0.0054601468423102,-0.005527145597501
2021-08-27,147.47999572753906,148.75,146.8300018310547,148.60000610351562,55802400,AAPL,147.5399932861328,-0.0004066528488814,0.0075943206429549,0.0071845795419487
2021-08-30,149.0,153.49000549316406,148.61000061035156,153.1199951171875,90956700,AAPL,148.60000610351562,0.0026917488563609,0.0276509739408557,0.0304171522746992
2021-08-31,152.66000366210938,152.8000030517578,151.2899932861328,151.8300018310547,86453100,AAPL,153.1199951171875,-0.0030041240187219,-0.0054369305066425,-0.0084247213118413
2021-09-01,152.8300018310547,154.97999572753906,152.33999633789062,152.50999450683594,80313700,AAPL,151.8300018310547,0.0065863135608252,-0.0020938776443417,0.0044786449817599
2021-09-02,153.8699951171875,154.72000122070312,152.39999389648438,153.64999389648438,71115500,AAPL,152.50999450683594,0.0089174523594295,-0.0014297863630629,0.0074749159445897
2021-09-03,153.75999450683594,154.6300048828125,153.08999633789062,154.3000030517578,57808700,AAPL,153.64999389648438,0.0007159167895942,0.0035120223999349,0.0042304535053308
2021-09-07,154.97000122070312,157.25999450683594,154.38999938964844,156.69000244140625,82278300,AAPL,154.3000030517578,0.0043421785851849,0.011098930161674,0.0154893022837254
2021-09-08,156.97999572753906,157.0399932861328,153.97999572753906,155.11000061035156,74420200,AAPL,156.69000244140625,0.0018507453035572,-0.0119123147412562,-0.0100836160982608
2021-09-09,155.49000549316406,156.11000061035156,153.9499969482422,154.07000732421875,57305700,AAPL,155.11000061035156,0.0024499057528024,-0.0091324079926651,-0.0067048757787407
2021-09-10,155.0,155.47999572753906,148.6999969482422,148.97000122070312,140893200,AAPL,154.07000732421875,0.0060361694786201,-0.0389032179309475,-0.0331018748690221
2021-09-13,150.6300048828125,151.4199981689453,148.75,149.5500030517578,102404300,AAPL,148.97000122070312,0.0111432076828006,-0.0071698984003546,0.0038934136155064
2021-09-14,150.35000610351562,151.07000732421875,146.91000366210938,148.1199951171875,109296300,AAPL,149.5500030517578,0.005349401774876,-0.0148321309996673,-0.0095620722526859
2021-09-15,148.55999755859375,149.44000244140625,146.3699951171875,149.02999877929688,83281300,AAPL,148.1199951171875,0.0029705809877871,0.0031637131692719,0.0061436922232505
2021-09-16,148.44000244140625,148.97000122070312,147.22000122070312,148.7899932861328,68034100,AAPL,149.02999877929688,-0.0039589099021893,0.0023577933102279,-0.0016104508832446
2021-09-17,148.82000732421875,148.82000732421875,145.75999450683594,146.05999755859375,129868800,AAPL,148.7899932861328,0.0002017208108089,-0.018545959076672,-0.0183479793717653
2021-09-20,143.8000030517578,144.83999633789062,141.27000427246094,142.94000244140625,123478900,AAPL,146.05999755859375,-0.0154730558990274,-0.0059805326293492,-0.0213610514126968
2021-09-21,143.92999267578125,144.60000610351562,142.77999877929688,143.42999267578125,75834000,AAPL,142.94000244140625,0.0069259144918569,-0.0034739111057019,0.0034279433748845
2021-09-22,144.4499969482422,146.42999267578125,143.6999969482422,145.85000610351562,76404300,AAPL,143.42999267578125,0.0071115131042822,0.0096919985105646,0.0168724363892616
2021-09-23,146.64999389648438,147.0800018310547,145.63999938964844,146.8300018310547,64838200,AAPL,145.85000610351562,0.0054850034932529,0.0012274663625105,0.0067192025130498
2021-09-24,145.66000366210938,147.47000122070312,145.55999755859375,146.9199981689453,53477900,AAPL,146.8300018310547,-0.0079683862586308,0.0086502435476987,0.0006129288072487
2021-09-27,145.47000122070312,145.9600067138672,143.82000732421875,145.3699951171875,74150700,AAPL,146.9199981689453,-0.0098692959863422,-0.0006874689123285,-0.0105499800644935
2021-09-28,143.25,144.75,141.69000244140625,141.91000366210938,108972300,AAPL,145.3699951171875,-0.014583443546782,-0.0093542501772469,-0.0238012765446467
2021-09-29,142.47000122070312,144.4499969482422,142.02999877929688,142.8300018310547,74602000,AAPL,141.91000366210938,0.0039461457553557,0.0025268520198429,0.0064829691015713
2021-09-30,143.66000366210938,144.3800048828125,141.27999877929688,141.5,89056700,AAPL,142.8300018310547,0.005811116855102,-0.0150355255954868,-0.009311781936598
2021-10-01,141.89999389648438,142.9199981689453,139.11000061035156,142.64999389648438,94639600,AAPL,141.5,0.0028268119892889,0.0052854124894968,0.0081271653461794
2021-10-04,141.75999450683594,142.2100067138672,138.27000427246094,139.13999938964844,98322000,AAPL,142.64999389648438,-0.0062390426058782,-0.0184819075812052,-0.0246056407782464
2021-10-05,139.49000549316406,142.24000549316406,139.36000061035156,141.11000061035156,80861100,AAPL,139.13999938964844,0.002515495939708,0.0116137002895658,0.014158410445197
2021-10-06,139.47000122070312,142.14999389648438,138.3699951171875,142.0,83221100,AAPL,141.11000061035156,-0.011622134381368,0.0181400929027977,0.0063071319240228
2021-10-07,143.05999755859375,144.22000122070312,142.72000122070312,143.2899932861328,61732700,AAPL,142.0,0.0074647715393925,0.0016076872044182,0.0090844597614987
2021-10-08,144.02999877929688,144.17999267578125,142.55999755859375,142.89999389648438,58773200,AAPL,143.2899932861328,0.0051643905913678,-0.0078456216926312,-0.0027217489561162
2021-10-11,142.27000427246094,144.80999755859375,141.80999755859375,142.80999755859375,64452200,AAPL,142.89999389648438,-0.0044086049750274,0.0037955526106449,-0.0006297854565047
2021-10-12,143.22999572753906,143.25,141.0399932861328,141.50999450683594,73035900,AAPL,142.80999755859375,0.0029409577489347,-0.0120086662850637,-0.0091030255162943
2021-10-13,141.24000549316406,141.39999389648438,139.1999969482422,140.91000366210938,78762700,AAPL,141.50999450683594,-0.0019079148056841,-0.002336461471397,-0.004239918507647
2021-10-14,142.11000061035156,143.8800048828125,141.50999450683594,143.75999450683594,69907100,AAPL,140.91000366210938,0.0085160522110245,0.011610681087874,0.0202256104652485
2021-10-15,143.77000427246094,144.89999389648438,143.50999450683594,144.83999633789062,67940300,AAPL,143.75999450683594,6.962831112611312e-05,0.007442387380068,0.007512533892058
2021-10-18,143.4499969482422,146.83999633789062,143.16000366210938,146.5500030517578,85589200,AAPL,144.83999633789062,-0.0095967924937374,0.0216103601914619,0.011806177555252
2021-10-19,147.00999450683594,149.1699981689453,146.5500030517578,148.75999450683594,76378900,AAPL,146.5500030517578,0.0031388020846077,0.0119039525569033,0.0150801187926117
2021-10-20,148.6999969482422,149.75,148.1199951171875,149.25999450683594,58418800,AAPL,148.75999450683594,-0.0004033178328128,0.0037659554141663,0.0033611187043773
2021-10-21,148.80999755859375,149.63999938964844,147.8699951171875,149.47999572753906,61421000,AAPL,149.25999450683594,-0.0030148530403542,0.0045023733615848,0.0014739463272126
2021-10-22,149.69000244140625,150.17999267578125,148.63999938964844,148.69000244140625,58883400,AAPL,149.47999572753906,0.0014049151717261,-0.0066804728685299,-0.005284943194491
2021-10-25,148.67999267578125,149.3699951171875,147.6199951171875,148.63999938964844,50720600,AAPL,148.69000244140625,-6.731969507467461e-05,-0.0002689890240983,-0.0003362906109138
2021-10-26,149.3300018310547,150.83999633789062,149.00999450683594,149.32000732421875,60893400,AAPL,148.63999938964844,0.0046421047109765,-6.69289942636232e-05,0.0045748650253134
2021-10-27,149.36000061035156,149.72999572753906,148.49000549316406,148.85000610351562,56094900,AAPL,149.32000732421875,0.0002678360847248,-0.0034145320350286,-0.0031476104851951
2021-10-28,149.82000732421875,153.1699981689453,149.72000122070312,152.57000732421875,100077900,AAPL,148.85000610351562,0.0065166354110093,0.0183553588677168,0.0249916094603053
2021-10-29,147.22000122070312,149.94000244140625,146.41000366210938,149.8000030517578,124953200,AAPL,152.57000732421875,-0.0350659097246197,0.0175248051192915,-0.0181556278395828
2021-11-01,148.99000549316406,149.6999969482422,147.8000030517578,148.9600067138672,74588300,AAPL,149.8000030517578,-0.0054071932048885,-0.0002013475950791,-0.0056074520746197
2021-11-02,148.66000366210938,151.57000732421875,148.64999389648438,150.02000427246094,69122000,AAPL,148.9600067138672,-0.0020139838764513,0.0091483961849127,0.0071159875860495
2021-11-03,150.38999938964844,151.97000122070312,149.82000732421875,151.49000549316406,54511500,AAPL,150.02000427246094,0.0024663052036415,0.0073143567257128,0.0097987013654083
2021-11-04,151.5800018310547,152.42999267578125,150.63999938964844,150.9600067138672,60394600,AAPL,151.49000549316406,0.0005940744248944,-0.0040902171110838,-0.0034985725795672
2021-11-05,151.88999938964844,152.1999969482422,150.05999755859375,151.27999877929688,65463900,AAPL,150.9600067138672,0.0061605235454444,-0.004016068291545,0.0021197141706292
2021-11-08,151.41000366210938,151.57000732421875,150.16000366210938,150.44000244140625,55020900,AAPL,151.27999877929688,0.0008593659694706,-0.0064064539808598,-0.0055525934999252
2021-11-09,150.1999969482422,151.42999267578125,150.05999755859375,150.80999755859375,56787900,AAPL,150.44000244140625,-0.0015953568816082,0.0040612558105561,0.0024594197765426
2021-11-10,150.02000427246094,150.1300048828125,147.85000610351562,147.9199981689453,65187100,AAPL,150.80999755859375,-0.0052383349838983,-0.0139981738682107,-0.0191631817282246
2021-11-11,148.9600067138672,149.42999267578125,147.67999267578125,147.8699951171875,41000000,AAPL,147.9199981689453,0.0070308853285276,-0.0073174781656223,-0.0003380411869712
2021-11-12,148.42999267578125,150.39999389648438,147.47999572753906,149.99000549316406,63804000,AAPL,147.8699951171875,0.0037870939141504,0.0105100915876913,0.0143369882057307
2021-11-15,150.3699951171875,151.8800048828125,149.42999267578125,150.0,59222800,AAPL,149.99000549316406,0.00253343296291,-0.0024605648015028,6.663448543164918e-05
2021-11-16,149.94000244140625,151.49000549316406,149.33999633789062,151.0,59256200,AAPL,150.0,-0.0003999837239583,0.0070694780667885,0.0066666666666665
2021-11-17,151.0,155.0,150.99000549316406,153.49000549316406,88807000,AAPL,151.0,0.0,0.0164901026037355,0.0164901026037356
2021-11-18,153.7100067138672,158.6699981689453,153.0500030517578,157.8699951171875,137827700,AAPL,153.49000549316406,0.0014333260331593,0.0270638749698591,0.0285359923595709
2021-11-19,157.64999389648438,161.02000427246094,156.52999877929688,160.5500030517578,117305600,AAPL,157.8699951171875,-0.0013935594318592,0.018395237980013,0.0169760436907655
2021-11-22,161.67999267578125,165.6999969482422,161.0,161.02000427246094,117467900,AAPL,160.5500030517578,0.0070382410622511,-0.0040820660144622,0.002927444483147
2021-11-23,161.1199951171875,161.8000030517578,159.05999755859375,161.41000366210938,96041900,AAPL,161.02000427246094,0.0006209839900226,0.0017999537842025,0.0024220555167078
2021-11-24,160.75,162.13999938964844,159.63999938964844,161.94000244140625,69463600,AAPL,161.41000366210938,-0.0040889885827088,0.0074028145655132,0.0032835559585659
2021-11-26,159.57000732421875,160.4499969482422,156.36000061035156,156.80999755859375,76959800,AAPL,161.94000244140625,-0.0146350196459026,-0.017296544707284,-0.0316784290815893
2021-11-29,159.3699951171875,161.19000244140625,158.7899932861328,160.24000549316406,88748200,AAPL,156.80999755859375,0.0163254741308007,0.0054590600654585,0.0218736559401364
2021-11-30,159.99000549316406,165.52000427246094,159.9199981689453,165.3000030517578,174048100,AAPL,160.24000549316406,-0.0015601597068758,0.0331895579491097,0.0315776172312325
2021-12-01,167.47999572753906,170.3000030517578,164.52999877929688,164.77000427246094,152052500,AAPL,165.3000030517578,0.0131880982185987,-0.016180985933907,-0.0032062841470784
2021-12-02,158.74000549316406,164.1999969482422,157.8000030517578,163.75999450683594,136739200,AAPL,164.77000427246094,-0.0365964594461366,0.0316239690056458,-0.0061298157397317
2021-12-03,164.02000427246094,164.9600067138672,159.72000122070312,161.83999633789062,118023100,AAPL,163.75999450683594,0.001587748988439,-0.0132911100950162,-0.0117244640531858
2021-12-06,164.2899932861328,167.8800048828125,164.27999877929688,165.32000732421875,107497000,AAPL,161.83999633789062,0.0151383897904142,0.0062694873709808,0.021502787105003
2021-12-07,169.0800018310547,171.5800018310547,168.33999633789062,171.17999267578125,120405400,AAPL,165.32000732421875,0.0227437354237589,0.0124201018570184,0.0354463167913496
2021-12-08,172.1300048828125,175.9600067138672,170.6999969482422,175.0800018310547,116998900,AAPL,171.17999267578125,0.0055497853001464,0.0171381912772881,0.0227830898594565
2021-12-09,174.91000366210938,176.75,173.9199981689453,174.55999755859375,108923700,AAPL,175.0800018310547,-0.0009709742241683,-0.002001063953962,-0.0029700951966102
2021-12-10,175.2100067138672,179.6300048828125,174.69000244140625,179.4499969482422,115402700,AAPL,174.55999755859375,0.0037237005291275,0.0241994753261967,0.028013287454401
2021-12-13,181.1199951171875,182.1300048828125,175.52999877929688,175.74000549316406,153237000,AAPL,179.4499969482422,0.0093062033844837,-0.0297040071171738,-0.0206742352642568
2021-12-14,175.25,177.74000549316406,172.2100067138672,174.3300018310547,139380400,AAPL,175.74000549316406,-0.0027882410256503,-0.0052496329183755,-0.0080232367021533
2021-12-15,175.11000061035156,179.5,172.30999755859375,179.3000030517578,131063300,AAPL,174.3300018310547,0.0044742658813987,0.023927830659596,0.0285091560173309
2021-12-16,179.27999877929688,181.13999938964844,170.75,172.25999450683594,150185800,AAPL,179.3000030517578,-0.0001115687234827,-0.0391566506038575,-0.0392638506698165
2021-12-17,169.92999267578125,173.47000122070312,169.69000244140625,171.13999938964844,195432700,AAPL,172.25999450683594,-0.0135260763111322,0.0071206188784803,-0.0065017714669848
2021-12-20,168.27999877929688,170.5800018310547,167.4600067138672,169.75,107499100,AAPL,171.13999938964844,-0.0167114679242225,0.0087354482491473,-0.0081220018382944
2021-12-21,171.55999755859375,173.1999969482422,169.1199951171875,172.99000549316406,91185900,AAPL,169.75,0.0106627249401693,0.0083353226563314,0.0190869248492728
2021-12-22,173.0399932861328,175.86000061035156,172.14999389648438,175.63999938964844,92135300,AAPL,172.99000549316406,0.0002889634740819,0.0150254635020491,0.0153187687862643
2021-12-23,175.85000610351562,176.85000610351562,175.27000427246094,176.27999877929688,68356600,AAPL,175.63999938964844,0.0011956656490375,0.0024452241163308,0.0036438134358485
2021-12-27,177.08999633789062,180.4199981689453,177.07000732421875,180.3300018310547,74919600,AAPL,176.27999877929688,0.0045949487417904,0.0182958132032601,0.0229748302689087
2021-12-28,180.16000366210935,181.3300018310547,178.52999877929688,179.2899932861328,79144300,AAPL,180.3300018310547,-0.0009427059680539,-0.0048290983475348,-0.0057672518957562
2021-12-29,179.3300018310547,180.6300048828125,178.13999938964844,179.3800048828125,62348900,AAPL,179.2899932861328,0.0002231499047358,0.000278832606074,0.0005020447322792
2021-12-30,179.47000122070312,180.57000732421875,178.08999633789062,178.1999969482422,59773000,AAPL,179.3800048828125,0.000501707745796,-0.0070764153553392,-0.0065782579019395
2021-12-31,178.08999633789062,179.22999572753906,177.25999450683594,177.57000732421875,64062300,AAPL,178.1999969482422,-0.0006172873862815,-0.0029198103451318,-0.003535295369317
2022-01-03,177.8300018310547,182.8800048828125,177.7100067138672,182.00999450683597,104487900,AAPL,177.57000732421875,0.001464180301357,0.0235055538027402,0.0250041504729476
2022-01-04,182.6300048828125,182.94000244140625,179.1199951171875,179.6999969482422,99310400,AAPL,182.00999450683597,0.0034064633519521,-0.0160434093863732,-0.0126915973205361
2022-01-05,179.61000061035156,180.1699981689453,174.63999938964844,174.9199981689453,94537600,AAPL,179.6999969482422,-0.0005008143540288,-0.0261121453452962,-0.0265998823621217
2022-01-06,172.6999969482422,175.3000030517578,171.63999938964844,172.0,96904000,AAPL,174.9199981689453,-0.0126915232331465,-0.0040532539699579,-0.016693335236175
2022-01-07,172.88999938964844,174.13999938964844,171.02999877929688,172.1699981689453,86709100,AAPL,172.0,0.0051744150560955,-0.0041645047327487,0.0009883614473564
2022-01-10,169.0800018310547,172.5,168.1699981689453,172.19000244140625,106765600,AAPL,172.1699981689453,-0.0179473565124772,0.0183936632166534,0.0001161890728564
2022-01-11,172.32000732421875,175.17999267578125,170.82000732421875,175.0800018310547,76138300,AAPL,172.19000244140625,0.0007550083104084,0.0160166805334625,0.0167837815707787
2022-01-12,176.1199951171875,177.17999267578125,174.82000732421875,175.52999877929688,74805200,AAPL,175.0800018310547,0.0059401032399826,-0.0033499679437195,0.0025702361408266
2022-01-13,175.77999877929688,176.6199951171875,171.7899932861328,172.19000244140625,84505800,AAPL,175.52999877929688,0.0014242579715069,-0.0204232356515037,-0.0190280656361775
2022-01-14,171.33999633789062,173.77999877929688,171.08999633789062,173.07000732421875,80440800,AAPL,172.19000244140625,-0.0049364428332874,0.0100969477255996,0.0051106618870742
2022-01-18,171.50999450683594,172.5399932861328,169.41000366210938,169.8000030517578,90956700,AAPL,173.07000732421875,-0.0090137675585832,-0.009970214622157,-0.0188941129836269
2022-01-19,170.0,171.0800018310547,165.94000244140625,166.22999572753906,94815000,AAPL,169.8000030517578,0.0011778383077014,-0.0221764957203584,-0.021024777738847
2022-01-20,166.97999572753906,169.67999267578125,164.17999267578125,164.50999450683594,91420500,AAPL,166.22999572753906,0.004511821086907,-0.0147921983704767,-0.0103471170360992
2022-01-21,164.4199981689453,166.3300018310547,162.3000030517578,162.41000366210938,122848900,AAPL,164.50999450683594,-0.0005470569624684,-0.01222475689831,-0.0127651262224028
2022-01-24,160.02000427246094,162.3000030517578,154.6999969482422,161.6199951171875,162294600,AAPL,162.41000366210938,-0.0147158385306165,0.0099986926759626,-0.0048642850015906
2022-01-25,158.97999572753906,162.75999450683594,157.02000427246094,159.77999877929688,115798400,AAPL,161.6199951171875,-0.0163346087699991,0.0050320988379497,-0.0113847072978592
2022-01-26,163.5,164.38999938964844,157.82000732421875,159.69000244140625,108275300,AAPL,159.77999877929688,0.023282020585327,-0.0233027373614296,-0.0005632515870458
2022-01-27,162.4499969482422,163.83999633789062,158.27999877929688,159.22000122070312,121954600,AAPL,159.69000244140625,0.0172834520924292,-0.0198830150090317,-0.0029432100539642
2022-01-28,165.7100067138672,170.35000610351562,162.8000030517578,170.3300018310547,179935700,AAPL,159.22000122070312,0.040761245091111,0.0278800007845324,0.0697776694207621
2022-01-31,170.16000366210938,175.0,169.50999450683594,174.77999877929688,115541600,AAPL,170.3300018310547,-0.0009980518236236,0.0271508875044545,0.0261257376880439
2022-02-01,174.00999450683594,174.83999633789062,172.30999755859375,174.61000061035156,86213900,AAPL,174.77999877929688,-0.0044055628666828,0.0034481128811946,-0.0009726408635577
2022-02-02,174.75,175.8800048828125,173.3300018310547,175.83999633789062,84914300,AAPL,174.61000061035156,0.0008017833409259,0.0062374611610336,0.0070442455944081
2022-02-03,174.47999572753906,176.24000549316406,172.1199951171875,172.89999389648438,89418100,AAPL,175.83999633789062,-0.0077343075447875,-0.0090554898541031,-0.0167197594553903
2022-02-04,171.67999267578125,174.10000610351562,170.67999267578125,172.38999938964844,82465400,AAPL,172.89999389648438,-0.0070561091021988,0.0041356404016631,-0.0029496502304173
2022-02-07,172.86000061035156,173.9499969482422,170.9499969482422,171.66000366210938,77251200,AAPL,172.38999938964844,0.0027263833306292,-0.0069420163369496,-0.0042345596039423
2022-02-08,171.72999572753906,175.35000610351562,171.42999267578125,174.8300018310547,74829200,AAPL,171.66000366210938,0.0004077365952261,0.0180516286067693,0.0184667255115817
2022-02-09,176.0500030517578,176.64999389648438,174.89999389648438,176.27999877929688,71285000,AAPL,174.8300018310547,0.0069782143106196,0.001306422740995,0.0082937535494815
2022-02-10,174.13999938964844,175.47999572753906,171.5500030517578,172.1199951171875,90865900,AAPL,176.27999877929688,-0.0121397742481704,-0.0115998867551449,-0.0235988409968036
2022-02-11,172.3300018310547,173.0800018310547,168.0399932861328,168.63999938964844,98670700,AAPL,172.1199951171875,0.0012201180561515,-0.0214124203690531,-0.0202184279936198
2022-02-14,167.3699951171875,169.5800018310547,166.55999755859375,168.8800048828125,86185500,AAPL,168.63999938964844,-0.0075308602766687,0.0090219860768218,0.0014231824835904
2022-02-15,170.97000122070312,172.9499969482422,170.25,172.7899932861328,62527400,AAPL,168.8800048828125,0.0123756293075718,0.0106450959375047,0.0231524650063428
2022-02-16,171.85000610351562,173.33999633789062,170.0500030517578,172.5500030517578,61177400,AAPL,172.7899932861328,-0.0054400556695468,0.0040733018526664,-0.0013889128057177
2022-02-17,171.02999877929688,171.91000366210938,168.47000122070312,168.8800048828125,69589300,AAPL,172.5500030517578,-0.0088090654626358,-0.0125708583981153,-0.0212691863462005
2022-02-18,169.82000732421875,170.5399932861328,166.19000244140625,167.3000030517578,82772700,AAPL,168.8800048828125,0.0055660967209145,-0.0148392660686309,-0.0093557661379217
2022-02-22,164.97999572753906,166.69000244140625,162.14999389648438,164.32000732421875,91162800,AAPL,167.3000030517578,-0.0138673477698683,-0.0040004147194322,-0.0178122873471624
2022-02-23,165.5399932861328,166.14999389648438,159.75,160.07000732421875,90009200,AAPL,164.32000732421875,0.0074244517255097,-0.0330432897412246,-0.0258641663252506
2022-02-24,152.5800018310547,162.85000610351562,152.0,162.74000549316406,141147500,AAPL,160.07000732421875,-0.0467920606637644,0.0665880426018025,0.0166801902091331
2022-02-25,163.83999633789062,165.1199951171875,160.8699951171875,164.85000610351562,91974200,AAPL,162.74000549316406,0.0067591913948459,0.0061646105236845,0.0129654697009347
2022-02-28,163.05999755859375,165.4199981689453,162.42999267578125,165.1199951171875,95056600,AAPL,164.85000610351562,-0.0108584075137847,0.0126333717002142,0.0016377858882354
2022-03-01,164.6999969482422,166.60000610351562,161.97000122070312,163.1999969482422,83474400,AAPL,165.1199951171875,-0.0025435936371439,-0.0091074682926155,-0.0116278962313599
2022-03-02,164.38999938964844,167.36000061035156,162.9499969482422,166.55999755859375,79724800,AAPL,163.1999969482422,0.0072916817626145,0.0132003052314747,0.0205882394190066
2022-03-03,168.47000122070312,168.91000366210938,165.5500030517578,166.22999572753906,76678400,AAPL,166.55999755859375,0.0114673612518363,-0.0132961683203738,-0.0019812790339325
2022-03-04,164.49000549316406,165.5500030517578,162.10000610351562,163.1699981689453,83737200,AAPL,166.22999572753906,-0.0104673661739542,-0.0080248481982913,-0.0184082153476636
2022-03-07,163.36000061035156,165.02000427246094,159.0399932861328,159.3000030517578,96418800,AAPL,163.1699981689453,0.001164444711273,-0.0248530701727757,-0.0237175654876242
2022-03-08,158.82000732421875,162.8800048828125,155.8000030517578,157.44000244140625,131148300,AAPL,159.3000030517578,-0.0030131557962563,-0.0086891123232057,-0.0116760864703011
2022-03-09,161.47999572753906,163.41000366210938,159.41000366210938,162.9499969482422,91454900,AAPL,157.44000244140625,0.0256605260638023,0.0091033023259637,0.0349974239163681
2022-03-10,160.1999969482422,160.38999938964844,155.97999572753906,158.52000427246094,105342000,AAPL,162.9499969482422,-0.0168763427523934,-0.0104868458663206,-0.0271862090134825
2022-03-11,158.92999267578125,159.27999877929688,154.5,154.72999572753906,96970100,AAPL,158.52000427246094,0.0025863512002917,-0.0264267107644698,-0.0239087083192837
2022-03-14,151.4499969482422,154.1199951171875,150.10000610351562,150.6199951171875,108732100,AAPL,154.72999572753906,-0.0211982089437432,-0.0054803687539085,-0.0265624036957177
2022-03-15,150.89999389648438,155.57000732421875,150.3800048828125,155.08999633789062,92964300,AAPL,150.6199951171875,0.0018589748265429,0.0277667502377802,0.0296773427540302
2022-03-16,157.0500030517578,160.0,154.4600067138672,159.58999633789062,102300200,AAPL,155.08999633789062,0.012637866787984,0.0161731501864137,0.0290154110919955
2022-03-17,158.61000061035156,161.0,157.6300048828125,160.6199951171875,75615400,AAPL,159.58999633789062,-0.0061407090044928,0.0126725584711003,0.0064540309726941
2022-03-18,160.50999450683594,164.47999572753906,159.75999450683594,163.97999572753906,123511700,AAPL,160.6199951171875,-0.0006848500416857,0.0216185990870203,0.0209189435468486
2022-03-21,163.50999450683594,166.35000610351562,163.00999450683594,165.3800048828125,95811400,AAPL,163.97999572753906,-0.0028662107144096,0.0114366732236565,0.008537682593916
2022-03-22,165.50999450683594,169.4199981689453,164.91000366210938,168.82000732421875,81532000,AAPL,165.3800048828125,0.0007860056850013,0.0199988697192911,0.0208005946295855
2022-03-23,167.99000549316406,172.63999938964844,167.64999389648438,170.2100067138672,98062700,AAPL,168.82000732421875,-0.0049164897230496,0.0132150791601317,0.0082336176362018
2022-03-24,171.05999755859375,174.13999938964844,170.2100067138672,174.07000732421875,90131400,AAPL,170.2100067138672,0.004993777164673,0.0175962224282972,0.0226778712067172
2022-03-25,173.8800048828125,175.27999877929688,172.75,174.72000122070312,80546200,AAPL,174.07000732421875,-0.0010915288872962,0.0048308966776067,0.0037340947270354
2022-03-28,172.1699981689453,175.72999572753906,172.0,175.60000610351562,90371900,AAPL,174.72000122070312,-0.0145947975843744,0.0199222162458557,0.0050366579479408
2022-03-29,176.69000244140625,179.00999450683594,176.33999633789062,178.9600067138672,100589400,AAPL,175.60000610351562,0.0062072682232601,0.0128473837856995,0.0191343991660846
2022-03-30,178.5500030517578,179.61000061035156,176.6999969482422,177.77000427246094,92633200,AAPL,178.9600067138672,-0.0022910351292337,-0.0043685173114826,-0.006649544014093
2022-03-31,177.83999633789062,178.02999877929688,174.39999389648438,174.61000061035156,103049300,AAPL,177.77000427246094,0.0003937225839427,-0.0181623695122112,-0.0177757978633232
2019-11-04,90.05049896240234,90.75299835205078,90.05049896240234,90.23300170898438,55438000,AMZN,89.5719985961914,0.0053420753551354,0.0020266711310309,0.0073795731160684
2019-11-05,90.45800018310548,90.5124969482422,89.69999694824219,90.08550262451172,37710000,AMZN,90.23300170898438,0.0024935275327173,-0.0041179061867357,-0.001634646766472
2019-11-06,90.05000305175781,90.125,89.42900085449219,89.78849792480469,40596000,AMZN,90.08550262451172,-0.0003940653237166,-0.0029039990904033,-0.0032969200487783
2019-11-07,90.18800354003906,90.29499816894533,89.17400360107422,89.41000366210938,53022000,AMZN,89.78849792480469,0.004449407490578,-0.0086264231094138,-0.0042153980904356
2019-11-08,89.39450073242188,89.49400329589844,88.7020034790039,89.29399871826172,42466000,AMZN,89.41000366210938,-0.0001733914444974,-0.0011242527598088,-0.0012974492684962
2019-11-11,88.9000015258789,89.0,88.35649871826172,88.5824966430664,38920000,AMZN,89.29399871826172,-0.0044123591510997,-0.0035714834349026,-0.0079680839183854
2019-11-12,88.73300170898438,89.31099700927734,88.59549713134766,88.9000015258789,40752000,AMZN,88.5824966430664,0.0016990384288264,0.0018820485465175,0.0035842846481495
2019-11-13,88.66950225830078,88.75,87.36599731445312,87.65550231933594,59790000,AMZN,88.9000015258789,-0.0025927926166685,-0.0114357238186697,-0.013998865975055
2019-11-14,87.57150268554688,88.32949829101562,87.47799682617188,87.7300033569336,45296000,AMZN,87.65550231933594,-0.0009582927661865,0.0018099571952746,0.0008499299602007
2019-11-15,88.00250244140625,88.08399963378906,86.64299774169922,86.97450256347656,78552000,AMZN,87.7300033569336,0.0031061104986396,-0.0116814846102149,-0.0086116580935627
2019-11-18,86.91500091552734,87.68499755859375,86.135498046875,87.62650299072266,56790000,AMZN,86.97450256347656,-0.0006841274878898,0.0081861826807874,0.0074964548003046
2019-11-19,87.84950256347656,88.03399658203125,87.15149688720703,87.6395034790039,45416000,AMZN,87.62650299072266,0.0025448872788809,-0.0023904413610187,0.0001483625140514
2019-11-20,87.45700073242188,88.1259994506836,86.70600128173828,87.27649688720703,55800000,AMZN,87.6395034790039,-0.0020824256110231,-0.0020639153378595,-0.0041420429987242
2019-11-21,87.1500015258789,87.34349822998047,86.51799774169922,86.7354965209961,53258000,AMZN,87.27649688720703,-0.0014493634121406,-0.0047562248723509,-0.0061986947861817
2019-11-22,86.95099639892578,87.32150268554688,86.55000305175781,87.28600311279297,49582000,AMZN,86.7354965209961,0.0024845638357247,0.0038528220232255,0.0063469584412145
2019-11-25,87.6624984741211,88.87100219726562,87.66200256347656,88.69200134277344,69724000,AMZN,87.28600311279297,0.0043133532055719,0.0117439371061989,0.016107946060534
2019-11-26,88.99600219726562,89.85150146484375,88.9175033569336,89.84700012207031,63624000,AMZN,88.69200134277344,0.0034276016990224,0.0095622039619082,0.0130225810874768
2019-11-27,90.05000305175781,91.2249984741211,89.8655014038086,90.92549896240234,60512000,AMZN,89.84700012207031,0.0022594291341022,0.0097223307159837,0.0120037267673571
2019-11-29,90.88899993896484,91.2344970703125,90.03949737548828,90.04000091552734,38468000,AMZN,90.92549896240234,-0.0004014168066605,-0.0093410536369377,-0.0097387207876764
2019-12-02,90.22000122070312,90.27749633789062,88.13400268554688,89.08000183105469,78512000,AMZN,90.04000091552734,0.001999114875006,-0.0126357722702716,-0.0106619177555683
2019-12-03,88.0,88.64350128173828,87.36150360107422,88.49800109863281,67618000,AMZN,89.08000183105469,-0.0121239538488444,0.0056591033935546,-0.006533461163659
2019-12-04,88.70050048828125,89.45449829101562,88.01100158691406,88.03450012207031,53402000,AMZN,88.49800109863281,0.0022881803784782,-0.0075084172303957,-0.0052374174648974
2019-12-05,88.17500305175781,88.17500305175781,87.0,87.02400207519531,56476000,AMZN,88.03450012207031,0.001595998494825,-0.0130535972410102,-0.0114784322677339
2019-12-06,87.55999755859375,87.72000122070312,87.00650024414062,87.58000183105469,62348000,AMZN,87.02400207519531,0.0061591683974187,0.000228463602315,0.006389039145533
2019-12-09,87.53299713134766,88.34449768066406,87.28050231933594,87.47550201416016,48856000,AMZN,87.58000183105469,-0.0005367058543536,-0.0006568393528354,-0.001193192677663
2019-12-10,87.37000274658203,87.53350067138672,86.75,86.96050262451172,50286000,AMZN,87.47550201416016,-0.0012060435796189,-0.0046869647384362,-0.0058873556343246
2019-12-11,87.08350372314453,87.5,86.7854995727539,87.43599700927734,41952000,AMZN,86.96050262451172,0.0014144478805961,0.0040477618729427,0.0054679351017412
2019-12-12,87.5,88.19999694824219,87.27200317382812,88.0165023803711,61918000,AMZN,87.43599700927734,0.0007319981805189,0.0059028843470982,0.0066392034282192
2019-12-13,88.25,88.44950103759766,87.75,88.0469970703125,54914000,AMZN,88.0165023803711,0.002652884553624,-0.002300316483711,0.0003464655958449
2019-12-16,88.3499984741211,88.4749984741211,87.85250091552734,88.46050262451172,62904000,AMZN,88.0469970703125,0.0034413598860916,0.0012507544119878,0.00469641859414
2019-12-17,88.90049743652344,89.5999984741211,88.86949920654297,89.53299713134766,72888000,AMZN,88.46050262451172,0.0049739126384955,0.0071146924152571,0.0121239929122758
2019-12-18,89.7509994506836,89.91000366210938,89.11799621582031,89.20149993896484,67028000,AMZN,89.53299713134766,0.002434882404485,-0.0061224890539596,-0.0037025141903436
2019-12-19,89.0250015258789,89.64949798583984,88.7030029296875,89.61399841308594,53056000,AMZN,89.20149993896484,-0.00197864848917,0.0066160839888984,0.0046243445951394
2019-12-20,89.98100280761719,90.14849853515624,89.12249755859375,89.32499694824219,103016000,AMZN,89.61399841308594,0.0040953913565993,-0.0072904928696734,-0.0032249589345579
2019-12-23,89.41300201416016,89.6500015258789,89.22550201416016,89.6500015258789,42728000,AMZN,89.32499694824219,0.0009852232737155,0.0026506157536374,0.003638450475683
2019-12-24,89.69049835205078,89.77850341796875,89.37899780273438,89.46050262451172,17626000,AMZN,89.6500015258789,0.0004517214220034,-0.0025643265648529,-0.0021137635040918
2019-12-26,90.05049896240234,93.52300262451172,89.9749984741211,93.4384994506836,120108000,AMZN,89.46050262451172,0.0065950483239176,0.0376233394297548,0.0444665154953189
2019-12-27,94.14600372314452,95.06999969482422,93.30049896240234,93.48999786376952,123732000,AMZN,93.4384994506836,0.0075718710876169,-0.0069679628813998,0.0005511476895359
2019-12-30,93.6999969482422,94.1999969482422,92.03099822998048,92.34449768066406,73494000,AMZN,93.48999786376952,0.0022462198018087,-0.0144663747249305,-0.0122526495804893
2019-12-31,92.0999984741211,92.66300201416016,91.61150360107422,92.39199829101562,50130000,AMZN,92.34449768066406,-0.0026476857060663,0.0031704649482331,0.0005143848474418
2020-01-02,93.75,94.90049743652344,93.2074966430664,94.90049743652344,80580000,AMZN,92.39199829101562,0.0146982610410368,0.01227197265625,0.0271506103548768
2020-01-03,93.2249984741211,94.30999755859376,93.2249984741211,93.74849700927734,75288000,AMZN,94.90049743652344,-0.0176553232876681,0.0056154308793211,-0.0121390346559209
2020-01-06,93.0,95.18450164794922,93.0,95.1439971923828,81236000,AMZN,93.74849700927734,-0.0079840960991969,0.023053733251428,0.0148855739305064
2020-01-07,95.2249984741211,95.69450378417967,94.60199737548828,95.34300231933594,80898000,AMZN,95.1439971923828,0.0008513546217161,0.0012392107860932,0.0020916204156393
2020-01-08,94.9020004272461,95.5500030517578,94.3219985961914,94.59850311279295,70160000,AMZN,95.34300231933594,-0.0046254248488293,-0.0031980075560766,-0.0078086402612893
2020-01-09,95.49449920654295,95.89099884033205,94.79000091552734,95.05249786376952,63346000,AMZN,94.59850311279295,0.0094715673532559,-0.0046285529160945,0.0047991747864684
2020-01-10,95.26850128173828,95.34700012207033,94.0,94.15799713134766,57074000,AMZN,95.05249786376952,0.0022724644046527,-0.0116565720615938,-0.0094105968020312
2020-01-13,94.56549835205078,94.9000015258789,94.04000091552734,94.56500244140624,55616000,AMZN,94.15799713134766,0.0043278450383208,-5.24409698223195e-06,0.0043225782456994
2020-01-14,94.29399871826172,94.35549926757812,92.92749786376952,93.47200012207033,68818000,AMZN,94.56500244140624,-0.0028657930116635,-0.0087174009731778,-0.0115582117180526
2020-01-15,93.6125030517578,93.94300079345705,92.75450134277344,93.10099792480467,57932000,AMZN,93.47200012207033,0.0015031552711401,-0.0054640684767323,-0.0039691265489248
2020-01-16,94.14949798583984,94.27950286865234,93.3010025024414,93.89700317382812,53190000,AMZN,93.10099792480467,0.0112619637211837,-0.0026818497964768,0.0085499110295934
2020-01-17,94.29450225830078,94.33200073242188,92.8625030517578,93.23600006103516,79946000,AMZN,93.89700317382812,0.004233352194817,-0.0112254921752073,-0.0070396614423282
2020-01-21,93.25,94.7135009765625,93.0,94.5999984741211,74156000,AMZN,93.23600006103516,0.0001501559371452,0.0144771954329339,0.0146295252069268
2020-01-22,94.80449676513672,95.125,94.16699981689452,94.3730010986328,64326000,AMZN,94.5999984741211,0.002161715584716,-0.0045514261583273,-0.0023995494624704
2020-01-23,94.25550079345705,94.4990005493164,93.63800048828124,94.22899627685548,49692000,AMZN,94.3730010986328,-0.0012450627171745,-0.0002811986184195,-0.0015259112256781
2020-01-24,94.56849670410156,94.74949645996094,92.37200164794922,93.08200073242188,75324000,AMZN,94.22899627685548,0.0036029294660913,-0.0157187226559266,-0.0121724266388616
2020-01-27,91.0,92.0500030517578,90.76699829101562,91.41699981689452,70570000,AMZN,93.08200073242188,-0.0223673826952527,0.0045824155702695,-0.0178874637677121
2020-01-28,92.0250015258789,92.90550231933594,91.5009994506836,92.6624984741211,56160000,AMZN,91.41699981689452,0.0066508604548627,0.0069274320855394,0.0136243659245136
2020-01-29,93.1999969482422,93.7375030517578,92.7509994506836,92.9000015258789,41760000,AMZN,92.6624984741211,0.005800604159958,-0.0032188351092959,0.0025630978623367
2020-01-30,92.9000015258789,93.64350128173828,92.53050231933594,93.53399658203124,126548000,AMZN,92.9000015258789,0.0,0.0068244891898708,0.0068244891898707
2020-01-31,102.57350158691406,102.78600311279295,100.1135025024414,100.43599700927734,311346000,AMZN,93.53399658203124,0.0966440581522138,-0.0208387599581509,0.0737913558648475
2020-02-03,100.52999877929688,102.4250030517578,100.0124969482422,100.20999908447266,117834000,AMZN,100.43599700927734,0.0009359370426804,-0.0031831264170881,-0.0022501685803328
2020-02-04,101.49400329589844,102.98999786376952,100.76850128173828,102.4834976196289,105786000,AMZN,100.20999908447266,0.0128131346488031,0.009749288545114,0.0226873421407756
2020-02-05,103.5510025024414,103.5510025024414,101.5999984741211,101.99349975585938,87524000,AMZN,102.4834976196289,0.0104163588051471,-0.0150409238823671,-0.0047812367371395
2020-02-06,102.0510025024414,102.81500244140624,101.23999786376952,102.5114974975586,63660000,AMZN,101.99349975585938,0.000563788346509,0.0045124005039163,0.0050787328892443
2020-02-07,102.09950256347656,104.92649841308594,101.90499877929688,103.96399688720705,101906000,AMZN,102.5114974975586,-0.0040190119561158,0.0182615417011585,0.0141691363906086
2020-02-10,104.25050354003906,106.77999877929688,104.2480010986328,106.69550323486328,101124000,AMZN,103.96399688720705,0.0027558256839901,0.02345312120133,0.0262735795990964
2020-02-11,107.54499816894533,109.29750061035156,106.8000030517578,107.54000091552734,114920000,AMZN,106.69550323486328,0.0079618625745836,-4.646662795157085e-05,0.0079150259857261
2020-02-12,108.16000366210938,109.0124969482422,107.7645034790039,108.0,66686000,AMZN,107.54000091552734,0.0057653221248252,-0.0014793237490008,0.0042774695978846
2020-02-13,107.24949645996094,108.51399993896484,107.0999984741211,107.49349975585938,60636000,AMZN,108.0,-0.0069491068522135,0.0022750996876664,-0.0046898170753761
2020-02-14,107.78399658203124,107.9520034790039,106.29450225830078,106.74349975585938,52124000,AMZN,107.49349975585938,0.0027024594680762,-0.0096535372519795,-0.0069771660770503
2020-02-18,106.2509994506836,108.30349731445312,106.20549774169922,107.78350067138672,58912000,AMZN,106.74349975585938,-0.0046138669455489,0.0144234052256085,0.0097429906074468
2020-02-19,108.38999938964844,109.25499725341795,108.05599975585938,108.51100158691406,51224000,AMZN,107.78350067138672,0.0056270089065935,0.0011163594238121,0.0067496500948263
2020-02-20,108.65350341796876,108.8395004272461,106.37249755859376,107.65499877929688,62626000,AMZN,108.51100158691406,0.0013132477718449,-0.0091898061936468,-0.0078886269143092
2020-02-21,107.10749816894533,107.22750091552734,104.4000015258789,104.79850006103516,92926000,AMZN,107.65499877929688,-0.0050856961270696,-0.0215577634375146,-0.0265338233305618
2020-02-24,100.15899658203124,101.96499633789062,99.39849853515624,100.4645004272461,130940000,AMZN,104.79850006103516,-0.0442707049843446,0.0030501887562804,-0.0413555502346399
2020-02-25,101.3209991455078,101.7300033569336,97.9209976196289,98.63700103759766,124382000,AMZN,100.4645004272461,0.0085253867248558,-0.0264900477743576,-0.0181904989511381
2020-02-26,98.51399993896484,100.7334976196289,98.02249908447266,98.97949981689452,104492000,AMZN,98.63700103759766,-0.001247007688179,0.0047252154842772,0.0034723154160609
2020-02-27,96.71900177001952,98.75,94.13800048828124,94.21499633789062,162880000,AMZN,98.97949981689452,-0.0228380427366956,-0.0258894879631097,-0.0481362654672726
2020-02-28,90.73149871826172,94.48799896240234,90.55650329589844,94.1875,189620000,AMZN,94.21499633789062,-0.036973918750002,0.0380904242799935,-0.00029184672249
2020-03-02,95.32450103759766,97.72550201416016,93.5,97.69750213623048,135234000,AMZN,94.1875,0.0120716765770156,0.0248939262498406,0.0372661142532764
2020-03-03,98.76850128173828,99.81649780273438,94.40450286865234,95.44950103759766,150690000,AMZN,97.69750213623048,0.0109624004922295,-0.0336038332167574,-0.023009811402324
2020-03-04,97.32849884033205,98.9000015258789,96.0999984741211,98.79149627685548,95458000,AMZN,95.44950103759766,0.0196857792058466,0.015031542189133,0.0350132290156381
2020-03-05,96.6500015258789,98.03600311279295,95.5,96.20149993896484,94964000,AMZN,98.79149627685548,-0.0216769138203473,-0.0046404715968263,-0.0262167943142834
2020-03-06,93.75,95.5435028076172,93.4749984741211,95.05449676513672,105472000,AMZN,96.20149993896484,-0.0254829700214674,0.0139146321614583,-0.0119229240142393
2020-03-09,88.69300079345703,93.13849639892578,88.06449890136719,90.03050231933594,156264000,AMZN,95.05449676513672,-0.0669247241127145,0.0150801248566795,-0.0528538324516535
2020-03-10,93.54399871826172,94.7135009765625,90.90850067138672,94.59100341796876,142666000,AMZN,90.03050231933594,0.0390256225213927,0.0111926442535392,0.0506550666845868
2020-03-11,92.89250183105467,93.56600189208984,90.0749969482422,91.04299926757812,112496000,AMZN,94.59100341796876,-0.0179562698939654,-0.0199101383536885,-0.0375088964297489
2020-03-12,86.0989990234375,88.25,83.75,83.83049774169922,226924000,AMZN,91.04299926757812,-0.054304013311447,-0.0263475918125454,-0.0792208251474794
2020-03-13,87.75,89.31549835205078,84.03099822998047,89.25,176194000,AMZN,83.83049774169922,0.0467550875145421,0.017094017094017,0.0646483368737651
2020-03-16,82.07550048828125,87.97250366210938,81.30149841308594,84.4574966430664,178346000,AMZN,89.25,-0.0803865491509103,0.0290220119355258,-0.053697516604298
2020-03-17,88.77349853515625,92.88899993896484,84.46199798583984,90.39199829101562,218342000,AMZN,84.4574966430664,0.0511026500149547,0.0182317896958675,0.0702661324787965
2020-03-18,87.5,92.08300018310548,87.25,91.5,192904000,AMZN,90.39199829101562,-0.0319939634668201,0.0457142857142857,0.0122577410604109
2020-03-19,93.0,97.25,91.63249969482422,94.04650115966795,207998000,AMZN,91.5,0.0163934426229508,0.011252700641591,0.0278306137668631
2020-03-20,96.31549835205078,97.8499984741211,91.0364990234375,92.30449676513672,196358000,AMZN,94.04650115966795,0.0241263328715506,-0.0416444046445476,-0.018522798541689
2020-03-23,91.3874969482422,95.97000122070312,90.5999984741211,95.1415023803711,156170000,AMZN,92.30449676513672,-0.0099345085995948,0.041077888742866,0.0307352915043019
2020-03-24,97.5749969482422,97.75,95.01699829101562,97.00499725341795,142942000,AMZN,95.1415023803711,0.0255776344390916,-0.005841657316439,0.019586561347294
2020-03-25,96.03450012207033,97.51300048828124,94.28900146484376,94.29199981689452,129582000,AMZN,97.00499725341795,-0.0100046096471948,-0.0181445241341483,-0.0279676049001469
2020-03-26,95.0999984741211,97.82450103759766,94.4645004272461,97.77449798583984,124426000,AMZN,94.29199981689452,0.0085691114707038,0.0281230237080029,0.036933124503754
2020-03-27,96.54299926757812,96.989501953125,94.99600219726562,95.00499725341795,107758000,AMZN,97.77449798583984,-0.0125952957430686,-0.0159307461527835,-0.02832538943665
2020-03-30,96.1415023803711,98.68150329589844,95.61699676513672,98.19750213623048,122522000,AMZN,95.00499725341795,0.0119625825989089,0.0213851427838633,0.0336035469197137
2020-03-31,98.21749877929688,99.6510009765625,97.20050048828124,97.48600006103516,102472000,AMZN,98.19750213623048,0.0002036369829312,-0.0074477432978155,-0.0072456229508591
2020-04-01,96.64849853515624,97.2480010986328,94.6500015258789,95.38500213623048,82438000,AMZN,97.48600006103516,-0.0085909928128609,-0.0130731094437662,-0.0215517912673539
2020-04-02,95.08200073242188,96.37650299072266,94.5,95.94149780273438,86720000,AMZN,95.38500213623048,-0.0031766147405002,0.0090395349665735,0.0058342051060513
2020-04-03,95.55750274658205,96.31649780273438,94.4574966430664,95.32949829101562,72198000,AMZN,95.94149780273438,-0.0040023875481064,-0.0023860445178341,-0.0063788821910731
2020-04-06,96.8000030517578,99.9260025024414,96.5009994506836,99.87950134277344,115464000,AMZN,95.32949829101562,0.0154254956451478,0.0318129978711783,0.0477292247764471
2020-04-07,100.85549926757812,101.78600311279295,99.88099670410156,100.58000183105467,102280000,AMZN,99.87950134277344,0.0097717540805013,-0.0027316055001871,0.0070134560031214
2020-04-08,101.0500030517578,102.1999969482422,100.55750274658205,102.1500015258789,79546000,AMZN,100.58000183105467,0.0046729092478303,0.0108856847194519,0.0156094617840767
2020-04-09,102.21499633789062,102.6500015258789,100.88300323486328,102.13800048828124,92930000,AMZN,102.1500015258789,0.0006362683410754,-0.0007532735153152,-0.0001174844583298
2020-04-13,102.0,109.0,101.9000015258789,108.44349670410156,134334000,AMZN,102.13800048828124,-0.0013511179739326,0.0631715363147212,0.0617350661426328
2020-04-14,110.02349853515624,114.5999984741211,109.3105010986328,114.16600036621094,161744000,AMZN,108.44349670410156,0.0145698163474556,0.0376510644199431,0.0527694498612836
2020-04-15,112.88400268554688,116.6685028076172,112.25,115.38400268554688,137332000,AMZN,114.16600036621094,-0.0112292423011386,0.0221466278704173,0.0106686957187687
2020-04-16,117.3000030517578,123.0500030517578,116.75,120.40950012207033,240764000,AMZN,115.38400268554688,0.0166054246829394,0.026508925740952,0.0435545423937084
2020-04-17,118.6165008544922,120.0,115.8010025024414,118.75,158600000,AMZN,120.40950012207033,-0.0148908455376062,0.0011254685861251,-0.0137821361303545
2020-04-20,119.49749755859376,122.2490005493164,119.30249786376952,119.68049621582033,115414000,AMZN,118.75,0.0062947162828947,0.0015314015855171,0.0078357576069079
2020-04-21,120.83049774169922,121.41549682617188,113.98300170898438,116.40599822998048,149534000,AMZN,119.68049621582033,0.0096089301284738,-0.0366174069826067,-0.0273603309593145
2020-04-22,118.4499969482422,119.6999969482422,117.5500030517578,118.17449951171876,84244000,AMZN,116.40599822998048,0.0175592215980437,-0.0023258543150813,0.015192527091639
2020-04-23,119.9990005493164,121.21099853515624,119.10399627685548,119.97250366210938,101332000,AMZN,118.17449951171876,0.0154390417995105,-0.000220809232458,0.0152148234840827
2020-04-24,120.8499984741211,121.02149963378906,119.0999984741211,120.51100158691406,76498000,AMZN,119.97250366210938,0.0073141326989649,-0.0028051046047768,0.0044885111868742
2020-04-27,122.16000366210938,122.24400329589844,118.1500015258789,118.8000030517578,112912000,AMZN,120.51100158691406,0.0136834152357951,-0.027504915763143,-0.0141978617107605
2020-04-28,118.6050033569336,118.6750030517578,115.3000030517578,115.7040023803711,105388000,AMZN,118.8000030517578,-0.0016414115304295,-0.0244593473669246,-0.0260606110425593
2020-04-29,116.50050354003906,119.59449768066406,115.5,118.635498046875,91832000,AMZN,115.7040023803711,0.0068839551206665,0.0183260538964295,0.0253361647496579
2020-04-30,120.99199676513672,123.75,119.80049896240234,123.6999969482422,190692000,AMZN,118.635498046875,0.0198633525130111,0.0223816471792105,0.042689574239964
2020-05-01,116.83999633789062,118.12200164794922,112.90950012207033,114.302001953125,195452000,AMZN,123.6999969482422,-0.0554567565043827,-0.0217219656308955,-0.0759740923764892
2020-05-04,112.81900024414062,116.3489990234375,112.81900024414062,115.79949951171876,97318000,AMZN,114.302001953125,-0.0129744158776199,0.0264184158796684,0.0131012364875977
2020-05-05,117.0,117.5500030517578,115.35649871826172,115.88999938964844,64850000,AMZN,115.79949951171876,0.0103670611129003,-0.0094871847038595,0.0007815221854263
2020-05-06,116.47200012207033,117.87249755859376,116.0,117.56300354003906,62356000,AMZN,115.88999938964844,0.0050220099705502,0.0093670875130959,0.0144361390905318
2020-05-07,118.73899841308594,118.8000030517578,117.15550231933594,118.38050079345705,67928000,AMZN,117.56300354003906,0.010003103337236,-0.0030192070374529,0.006953694859791
2020-05-08,118.60700225830078,119.36199951171876,117.8499984741211,118.98049926757812,64132000,AMZN,118.38050079345705,0.0019133342343173,0.0031490300080592,0.0050683893892959
2020-05-11,118.73500061035156,120.9834976196289,118.60549926757812,120.4499969482422,65184000,AMZN,118.98049926757812,-0.002063352051284,0.0144438988425886,0.0123507439429992
2020-05-12,120.59249877929688,120.9499969482422,117.75,117.84750366210938,61498000,AMZN,120.4499969482422,0.0011830787435878,-0.022762569355257,-0.0216064205236228
2020-05-13,118.33999633789062,120.38500213623048,116.88999938964844,118.39600372314452,95658000,AMZN,117.84750366210938,0.0041790675277544,0.0004732751984712,0.0046543205752394
2020-05-14,118.05049896240234,119.56849670410156,117.6604995727539,119.44249725341795,72962000,AMZN,118.39600372314452,-0.0029182130298088,0.0117915494068259,0.0088389261238963
2020-05-15,118.4260025024414,120.5500030517578,117.81849670410156,120.48899841308594,84700000,AMZN,119.44249725341795,-0.0085103273487315,0.0174201262142746,0.0087615478890032
2020-05-18,120.21749877929688,121.6500015258789,119.20050048828124,121.31300354003906,87144000,AMZN,120.48899841308594,-0.0022533147205544,0.0091126896821683,0.0068388412038093
2020-05-19,121.4915008544922,124.25,121.44850158691406,122.46649932861328,86410000,AMZN,121.31300354003906,0.0014713782467203,0.0080252401794659,0.0095084265900111
2020-05-20,123.89350128173828,125.00050354003906,123.3635025024414,124.89700317382812,79962000,AMZN,122.46649932861328,0.0116521821146853,0.0080997137195101,0.0198462751735322
2020-05-21,125.0,126.27249908447266,122.1269989013672,122.33699798583984,102288000,AMZN,124.89700317382812,0.0008246541034178,-0.0213040161132812,-0.0204969304541705
2020-05-22,122.75050354003906,123.49250030517578,121.50650024414062,121.84400177001952,57342000,AMZN,122.33699798583984,0.0033800531401553,-0.0073849128425273,-0.0040298211002151
2020-05-26,122.9000015258789,123.0999984741211,120.7030029296875,121.09300231933594,71364000,AMZN,121.84400177001952,0.0086668177384108,-0.0147030039390395,-0.0061636144559754
2020-05-27,120.24949645996094,120.6790008544922,116.5,120.51950073242188,101138000,AMZN,121.09300231933594,-0.0069657688158608,0.0022453671774903,-0.0047360423470356
2020-05-28,119.21649932861328,121.84850311279295,118.9114990234375,120.05500030517578,63804000,AMZN,120.51950073242188,-0.0108115400071356,0.0070334306181162,-0.0038541516055345
2020-05-29,120.7969970703125,122.11849975585938,119.91000366210938,122.11849975585938,70198000,AMZN,120.05500030517578,0.006180473643335,0.0109398637184471,0.0171879509011556
2020-06-01,122.4000015258789,123.84649658203124,122.20850372314452,123.552001953125,58578000,AMZN,122.11849975585938,0.0023051525410344,0.0094117680791247,0.0117386161812624
2020-06-02,123.3499984741211,123.67649841308594,122.2655029296875,123.62049865722656,50598000,AMZN,123.552001953125,-0.0016349672673093,0.0021929484106335,0.0005543957444538
2020-06-03,123.40049743652344,124.4000015258789,123.05850219726562,123.91999816894533,53420000,AMZN,123.62049865722656,-0.0017796500021662,0.0042098755127717,0.0024227334056401
2020-06-04,123.87149810791016,125.3769989013672,122.50050354003906,123.02999877929688,58974000,AMZN,123.91999816894533,-0.000391382034795,-0.006793324868649,-0.0071820481181339
2020-06-05,122.22550201416016,124.43250274658205,121.85649871826172,124.1500015258789,66128000,AMZN,123.02999877929688,-0.0065390292865068,0.0157454825711887,0.0091034931130187
2020-06-08,125.01000213623048,126.5,124.36699676513672,126.2030029296875,79414000,AMZN,124.1500015258789,0.0069271091404077,0.0095432427251457,0.016536458949464
2020-06-09,126.47200012207033,131.32150268554688,126.25,130.04299926757812,103520000,AMZN,126.2030029296875,0.0021314642769054,0.0282354919828981,0.0304271392023058
2020-06-10,132.25,136.11749267578125,131.31300354003906,132.37249755859375,98920000,AMZN,130.04299926757812,0.0169713152176744,0.0009262575318998,0.0179132925581209
2020-06-11,130.1750030517578,133.56900024414062,126.8115005493164,127.89800262451172,116002000,AMZN,132.37249755859375,-0.0166008389005671,-0.0174918407825253,-0.0338023004521874
2020-06-12,130.0605010986328,131.07400512695312,125.1675033569336,127.2509994506836,108722000,AMZN,127.89800262451172,0.0169079925389441,-0.0216014979507006,-0.0050587433779371
2020-06-15,126.33000183105467,129.1999969482422,125.4000015258789,128.63400268554688,77302000,AMZN,127.2509994506836,-0.0072376454692274,0.0182379547304479,0.0108683094107977
2020-06-16,131.0,131.0,128.8000030517578,130.7635040283203,71712000,AMZN,128.63400268554688,0.0183932495689878,-0.0018053127609136,0.0165547312399128
2020-06-17,132.375,132.75,131.59100341796875,132.0489959716797,59186000,AMZN,130.7635040283203,0.0123237441796502,-0.002462731092127,0.0098306630195605
2020-06-18,132.35049438476562,132.98199462890625,131.8054962158203,132.69900512695312,49756000,AMZN,132.0489959716797,0.0022832313935245,0.0026332409546905,0.0049224846466295
2020-06-19,133.9040069580078,134.8715057373047,132.9499969482422,133.75050354003906,115540000,AMZN,132.69900512695312,0.0090807148848015,-0.0011463691151295,0.0079239359185847
2020-06-22,134.22500610351562,135.75,133.4499969482422,135.6909942626953,64176000,AMZN,133.75050354003906,0.003547669361368,0.0109218706836869,0.0145082872310484
2020-06-23,136.30099487304688,139.15550231933594,135.90199279785156,138.2205047607422,84634000,AMZN,135.6909942626953,0.0044955128648449,0.0140828751065476,0.0186416977176082
2020-06-24,139.0,139.8000030517578,136.0500030517578,136.72000122070312,90532000,AMZN,138.2205047607422,0.0056395050836133,-0.0164028689158048,-0.0108558678948279
2020-06-25,136.9774932861328,137.81149291992188,135.60699462890625,137.72900390625,59374000,AMZN,136.72000122070312,0.0018833532996684,0.0054863802956837,0.0073800663877852
2020-06-26,138.7530059814453,139.1284942626953,134.39999389648438,134.64349365234375,130016000,AMZN,137.72900390625,0.0074349051118698,-0.0296174652219866,-0.0224027631536963
2020-06-29,134.50050354003906,134.83999633789062,131.50399780273438,134.0189971923828,84468000,AMZN,134.64349365234375,-0.0010619905086085,-0.0035799594424039,-0.0046381480680635
2020-06-30,134.2534942626953,138.48150634765625,133.75149536132812,137.9409942626953,75394000,AMZN,134.0189971923828,0.0017497300772657,0.0274666966416876,0.0292644860241904
2020-07-01,137.89950561523438,144.75,137.6999969482422,143.93499755859375,127268000,AMZN,137.9409942626953,-0.0003007709758995,0.0437673211113572,0.0434533861955745
2020-07-02,145.60049438476562,147.7779998779297,143.55499267578125,144.51499938964844,131868000,AMZN,143.93499755859375,0.0115711734770682,-0.0074552974542012,0.0040296094827012
2020-07-06,146.74850463867188,152.99400329589844,146.5,152.8520050048828,137612000,AMZN,144.51499938964844,0.0154551794516593,0.0415915677044828,0.0576895522986906
2020-07-07,152.92750549316406,153.4774932861328,149.5,150.00599670410156,105150000,AMZN,152.8520050048828,0.0004939450305465,-0.0191038804931863,-0.0186193717294734
2020-07-08,151.1304931640625,154.19850158691406,150.6215057373047,154.0554962158203,100752000,AMZN,150.00599670410156,0.0074963433773858,0.0193541554091438,0.0269955841812556
2020-07-09,155.79949951171875,159.69400024414062,153.6999969482422,159.13150024414062,127774000,AMZN,154.0554962158203,0.0113206171719781,0.0213864662137201,0.0329491913823651
2020-07-10,159.58799743652344,160.75,156.78500366210938,160.0,109720000,AMZN,159.13150024414062,0.0028686789961915,0.0025816638474985,0.0054577488085445
2020-07-13,162.55299377441406,167.21449279785156,153.41949462890625,155.1999969482422,154408000,AMZN,160.0,0.0159562110900879,-0.0452344595780015,-0.0300000190734863
2020-07-14,154.4499969482422,156.36900329589844,147.5,154.1999969482422,144638000,AMZN,155.1999969482422,-0.0048324743218269,-0.0016186468432484,-0.0064432990957692
2020-07-15,154.01150512695312,154.91749572753906,148.65899658203125,150.44349670410156,115778000,AMZN,154.1999969482422,-0.0012223853762612,-0.0231671550765666,-0.0243612212612527
2020-07-16,148.55299377441406,151.60000610351562,145.9114990234375,149.9949951171875,127884000,AMZN,150.44349670410156,-0.0125661990787532,0.0097069827146209,-0.0029811962413781
2020-07-17,150.4499969482422,151.1999969482422,147.42250061035156,148.09849548339844,95226000,AMZN,149.9949951171875,0.0030334467540014,-0.0156297873881161,-0.0126437527619329
2020-07-20,150.00999450683594,160.0679931640625,149.7010040283203,159.8419952392578,151964000,AMZN,148.09849548339844,0.0129069442413867,0.0655423044627458,0.0792951995732853
2020-07-21,161.62449645996094,162.0290069580078,155.28599548339844,156.9145050048828,122426000,AMZN,159.8419952392578,0.0111516452108533,-0.0291415692437744,-0.018314900474015
2020-07-22,156.25,157.5,153.26300048828125,154.99549865722656,82084000,AMZN,156.9145050048828,-0.0042348220444128,-0.00802880859375,-0.0122296300625397
2020-07-23,154.9134979248047,154.9134979248047,148.5,149.32749938964844,113138000,AMZN,154.99549865722656,-0.0005290523475344,-0.0360588238596723,-0.0365687992017944
2020-07-24,146.5,151.57899475097656,144.39999389648438,150.44549560546875,112648000,AMZN,149.32749938964844,-0.0189348874199687,0.0269317106175341,0.0074868742889953
2020-07-27,153.10000610351562,154.89999389648438,150.7884979248047,152.760498046875,83410000,AMZN,150.44549560546875,0.0176443335000744,-0.0022175574337408,0.015387648743417
2020-07-28,152.7135009765625,153.85450744628906,149.78799438476562,150.01649475097656,62534000,AMZN,152.760498046875,-0.0003076519840755,-0.0176605618255052,-0.0179627805026953
2020-07-29,151.54949951171875,151.95799255371094,149.8385009765625,151.67649841308594,59482000,AMZN,150.01649475097656,0.0102189080159946,0.0008380027764946,0.0110654742657794
2020-07-30,150.6999969482422,154.60000610351562,150.25,152.593994140625,122566000,AMZN,151.67649841308594,-0.0064380538518516,0.0125679975496834,0.0060490302527969
2020-07-31,162.1999969482422,162.34100341796875,157.5500030517578,158.23399353027344,161710000,AMZN,152.593994140625,0.0629513819447222,-0.024451316230507,0.0369608215671373
2020-08-03,159.02549743652344,159.1999969482422,155.1999969482422,155.59449768066406,101494000,AMZN,158.23399353027344,0.0050021104099768,-0.0215751549982033,-0.0166809658956397
2020-08-04,155.0605010986328,158.36199951171875,155.0605010986328,156.94149780273438,93886000,AMZN,155.59449768066406,-0.0034319760016655,0.0121307276242134,0.0086571192564588
2020-08-05,157.18850708007812,160.67950439453125,156.36500549316406,160.25149536132812,78330000,AMZN,156.94149780273438,0.0015738939719704,0.0194860829086543,0.021090645909052
2020-08-06,159.71800231933594,162.37350463867188,158.27149963378906,161.25,78812000,AMZN,160.25149536132812,-0.0033290986819766,0.0095918910731241,0.0062308600392182
2020-08-07,161.20050048828125,162.04049682617188,157.0334930419922,158.3730010986328,78722000,AMZN,161.25,-0.0003069737160852,-0.0175402643359285,-0.0178418536518895
2020-08-10,158.5155029296875,158.62550354003906,155.0760040283203,157.4080047607422,63346000,AMZN,158.3730010986328,0.0008997861382062,-0.0069866867812706,-0.006093187166982
2020-08-11,155.66000366210938,157.96099853515625,153.64999389648438,154.0334930419922,74362000,AMZN,157.4080047607422,-0.0111049060134504,-0.0104491236146174,-0.0214379930924046
2020-08-12,155.39999389648438,158.71949768066406,155.0709991455078,158.11199951171875,70442000,AMZN,154.0334930419922,0.00887145274385,0.0174517742712455,0.0264780496058392
2020-08-13,159.14950561523438,160.87600708007812,157.75,158.05099487304688,62980000,AMZN,158.11199951171875,0.0065618429133755,-0.0069023823727313,-0.0003858318082136
2020-08-14,158.90899658203125,158.91200256347656,156.0,157.4010009765625,55034000,AMZN,158.05099487304688,0.0054286384573127,-0.0094896804957817,-0.0041125580829559
2020-08-17,158.656005859375,159.74850463867188,157.70899963378906,159.12049865722656,53824000,AMZN,157.4010009765625,0.0079732967073022,0.0029276723269036,0.0109243122343301
2020-08-18,160.60000610351562,166.0,160.29100036621094,165.62449645996094,106920000,AMZN,159.12049865722656,0.0092980317355351,0.03128574200182,0.0408746695593578
2020-08-19,165.15049743652344,165.7949981689453,162.8000030517578,163.0240020751953,83702000,AMZN,165.62449645996094,-0.0028618895970626,-0.0128761063050715,-0.015701145907449
2020-08-20,162.60000610351562,165.63099670410156,161.89999389648438,164.86849975585938,66650000,AMZN,163.0240020751953,-0.0026008193044121,0.0139513749519761,0.0113142706422657
2020-08-21,164.75,165.72000122070312,163.76950073242188,164.23599243164062,71518000,AMZN,164.86849975585938,-0.0007187531640965,-0.0031199245423937,-0.0038364352508537
2020-08-24,165.50750732421875,169.01600646972656,162.8780059814453,165.3730010986328,93326000,AMZN,164.23599243164062,0.0077419990207527,-0.0008126895737874,0.0069230176050809
2020-08-25,164.74949645996094,167.8699951171875,163.35000610351562,167.32449340820312,79856000,AMZN,165.3730010986328,-0.0037702928200474,0.0156297712804724,0.0118005496459872
2020-08-26,167.5554962158203,172.58700561523438,167.22850036621094,172.09249877929688,130174000,AMZN,167.32449340820312,0.0013805677992022,0.0270776110956853,0.0284955613728457
2020-08-27,172.50250244140625,172.64999389648438,168.89999389648438,170.0,85296000,AMZN,172.09249877929688,0.0023824609731257,-0.0145070500774692,-0.0121591515849882
2020-08-28,171.14999389648438,171.6685028076172,169.3249969482422,170.08999633789062,57940000,AMZN,170.0,0.0067646699793197,-0.006193383560591,0.000529390222886
2020-08-31,170.44949340820312,174.75,170.25,172.54800415039062,83718000,AMZN,170.08999633789062,0.0021135697457381,0.0123116279211335,0.0144512191511667
2020-09-01,174.47900390625,175.69349670410156,173.35000610351562,174.95599365234375,68644000,AMZN,172.54800415039062,0.0111910871723346,0.0027337945277934,0.0139554758329998
2020-09-02,177.35000610351562,177.6125030517578,174.33450317382812,176.57249450683594,78630000,AMZN,174.95599365234375,0.0136835120717786,-0.0043840517052244,0.0092394711421224
2020-09-03,174.25,174.42050170898438,165.14999389648438,168.39999389648438,163222000,AMZN,176.57249450683594,-0.0131532066380023,-0.0335724883989418,-0.0462841091596809
2020-09-04,165.89999389648438,169.0749969482422,155.55650329589844,164.7310028076172,175636000,AMZN,168.39999389648438,-0.014845606238779,-0.0070463600474668,-0.0217873587995646
2020-09-08,157.1999969482422,162.54249572753906,156.5,157.49200439453125,121884000,AMZN,164.7310028076172,-0.0457169915256945,0.0018575537656352,-0.0439443595298213
2020-09-09,160.14950561523438,165.15899658203125,159.25,163.4304962158203,103774000,AMZN,157.49200439453125,0.0168738802386809,0.0204870479492371,0.0377066241814576
2020-09-10,165.36099243164062,167.4945068359375,158.52749633789062,158.7554931640625,106614000,AMZN,163.4304962158203,0.0118123377247227,-0.0399459338653207,-0.0286054510021445
2020-09-11,160.4344940185547,160.86700439453125,154.19900512695312,155.81100463867188,101880000,AMZN,158.7554931640625,0.0105760173775975,-0.0288185493286007,-0.0185473174294996
2020-09-14,158.64700317382812,159.3695068359375,154.8000030517578,155.14849853515625,90592000,AMZN,155.81100463867188,0.0182015291008037,-0.0220521318945974,-0.004251985314208
2020-09-15,156.80799865722656,158.75100708007812,155.4459991455078,157.80650329589844,80430000,AMZN,155.14849853515625,0.0106962048472178,0.0063676894496597,0.0171320044076346
2020-09-16,158.99949645996094,159.36199951171875,153.70750427246094,153.90499877929688,90244000,AMZN,157.80650329589844,0.0075598479095981,-0.032040967387258,-0.0247233443179839
2020-09-17,150.46249389648438,151.47149658203125,148.62750244140625,150.43649291992188,128982000,AMZN,153.90499877929688,-0.0223677262604649,-0.0001728070291084,-0.0225366679892503
2020-09-18,151.58700561523438,151.88999938964844,145.27699279785156,147.74549865722656,177852000,AMZN,150.43649291992188,0.0076478298116462,-0.0253419278414834,-0.0178879087810678
2020-09-21,145.3249969482422,148.10000610351562,143.5500030517578,148.02349853515625,122358000,AMZN,147.74549865722656,-0.0163829133948777,0.0185687365806389,0.0018816131825081
2020-09-22,151.69200134277344,156.69949340820312,150.00999450683594,156.44949340820312,138976000,AMZN,148.02349853515625,0.0247832462002368,0.0313628406462865,0.0569233598477991
2020-09-23,156.02149963378906,156.35000610351562,149.61900329589844,149.9929962158203,113054000,AMZN,156.44949340820312,-0.0027356673715609,-0.0386389275331845,-0.0412688916514207
2020-09-24,148.88949584960938,153.46499633789062,148.25,150.989501953125,110588000,AMZN,149.9929962158203,-0.0073570126209302,0.0141044611074296,0.0066436817881205
2020-09-25,152.7429962158203,155.07699584960938,149.9499969482422,154.75650024414062,92304000,AMZN,150.989501953125,0.0116133521868273,0.0131823001918549,0.0249487430734429
2020-09-28,157.4425048828125,158.7519989013672,155.85850524902344,158.70249938964844,84484000,AMZN,154.75650024414062,0.0173563283896605,0.0080028865634078,0.025498115680328
2020-09-29,158.76950073242188,159.41299438476562,156.6269989013672,157.24400329589844,69916000,AMZN,158.70249938964844,0.0004221820263141,-0.0096082524004052,-0.0091901268055588
2020-09-30,157.0570068359375,160.6439971923828,156.69949340820312,157.43649291992188,97922000,AMZN,157.24400329589844,-0.0011892120274313,0.0024162314794448,0.0012241460404771
2020-10-01,160.39999389648438,161.1999969482422,158.60000610351562,161.06300354003906,99438000,AMZN,157.43649291992188,0.0188234692071669,0.0041334767380512,0.0230347523173155
2020-10-02,157.68150329589844,159.7899932861328,156.14999389648438,156.25,112262000,AMZN,161.06300354003906,-0.0209948912526023,-0.0090784477949334,-0.0298827380233387
2020-10-05,157.29200744628906,160.12649536132812,157.04249572753906,159.9600067138672,75506000,AMZN,156.25,0.0066688476562499,0.0169620777997202,0.0237440429687501
2020-10-06,158.25,159.10000610351562,154.5,154.9980010986328,101738000,AMZN,159.9600067138672,-0.0106902140666073,-0.0205497560907879,-0.0310202888657681
2020-10-07,156.75,160.0,156.6195068359375,159.7845001220703,86188000,AMZN,154.9980010986328,0.0113033644882445,0.0193588524533991,0.0308810371069987
2020-10-08,161.24949645996094,161.6645050048828,158.74949645996094,159.52749633789062,63482000,AMZN,159.7845001220703,0.0091685760306625,-0.0106791038724136,-0.0016084400175445
2020-10-09,160.5,164.44949340820312,159.89149475097656,164.33250427246094,98158000,AMZN,159.52749633789062,0.0060961507228167,0.0238785312925915,0.0301202491412073
2020-10-12,167.4969940185547,174.81199645996094,166.9774932861328,172.14649963378906,167284000,AMZN,164.33250427246094,0.0192566270446841,0.0277587406417533,0.0475499074022058
2020-10-13,173.39950561523438,174.61900329589844,171.21099853515625,172.18150329589844,114894000,AMZN,172.14649963378906,0.0072787189057625,-0.007024254855943,0.0002033364732005
2020-10-14,172.35000610351562,173.24400329589844,167.0,168.1855010986328,116254000,AMZN,172.18150329589844,0.000978634780111,-0.0241630685082863,-0.0232080805474116
2020-10-15,164.60049438476562,167.79400634765625,164.0,166.9324951171875,104468000,AMZN,168.1855010986328,-0.021315789354308,0.0141676411188088,-0.007450142689235
2020-10-16,168.1614990234375,169.98300170898438,158.0,163.635498046875,129488000,AMZN,166.9324951171875,0.0073622808152913,-0.0269146088899438,-0.0197504809833339
2020-10-19,164.98049926757812,166.4499969482422,159.63699340820312,160.36050415039062,104472000,AMZN,163.635498046875,0.0082194953830729,-0.0280032800100479,-0.0200139574577284
2020-10-20,161.11399841308594,163.3000030517578,159.60049438476562,160.85049438476562,90194000,AMZN,160.36050415039062,0.0046987521440358,-0.0016355129344174,0.0030555543397112
2020-10-21,160.625,161.69400024414062,158.0,159.2469940185547,91854000,AMZN,160.85049438476562,-0.0014018880428569,-0.0085790255654182,-0.0099688867749156
2020-10-22,159.49349975585938,159.9375,156.0970001220703,158.82000732421875,84240000,AMZN,159.2469940185547,0.0015479459365868,-0.0042226951736061,-0.0026812857408547
2020-10-23,159.5500030517578,160.26649475097656,157.0,160.22000122070312,69334000,AMZN,158.82000732421875,0.0045963713252374,0.0041992990042624,0.0088149718670293
2020-10-26,159.93699645996094,164.1490020751953,157.6649932861328,160.3520050048828,118024000,AMZN,160.22000122070312,-0.0017663510085257,0.0025948251755857,0.0008238907949942
2020-10-27,161.2469940185547,164.58299255371094,160.56500244140625,164.31649780273438,85820000,AMZN,160.3520050048828,0.0055814020762923,0.0190360372474694,0.024723687101579
2020-10-28,162.46499633789062,163.2010040283203,158.12350463867188,158.13900756835938,111766000,AMZN,164.31649780273438,-0.0112678975611232,-0.0266272050413503,-0.0375950699837286
2020-10-29,160.06350708007812,162.8625030517578,158.1999969482422,160.55050659179688,131930000,AMZN,158.13900756835938,0.0121696698449738,0.0030425393058213,0.0152492358496374
2020-10-30,157.8874969482422,158.35000610351562,150.9499969482422,151.8074951171875,167728000,AMZN,160.55050659179688,-0.0165867408336832,-0.0385084439779788,-0.0544564552314909
2020-11-02,153.08700561523438,153.98550415039062,147.50599670410156,150.2239990234375,145148000,AMZN,151.8074951171875,0.0084285067549474,-0.0187018263260873,-0.0104309480406591
2020-11-03,150.92649841308594,153.7449951171875,149.0489959716797,152.42050170898438,97958000,AMZN,150.2239990234375,0.0046763459514802,0.0098988799952765,0.014621516534147
2020-11-04,157.99949645996094,162.24249267578125,156.9864959716797,162.05799865722656,136780000,AMZN,152.42050170898438,0.0366026531104621,0.0256868046303812,0.0632296629402453
2020-11-05,165.99850463867188,168.33999633789062,164.44400024414062,166.10000610351562,115786000,AMZN,162.05799865722656,0.024315405682505,0.0006114601156479,0.0249417336989234
2020-11-06,165.23199462890625,166.10000610351562,161.60000610351562,165.56849670410156,92946000,AMZN,166.10000610351562,-0.0052258365003816,0.0020365430796321,-0.0031999360619097
2020-11-09,161.55149841308594,164.4499969482422,155.60549926757812,157.18699645996094,143808000,AMZN,165.56849670410156,-0.0242618515658487,-0.0270161650990385,-0.0506225544773759
2020-11-10,154.75100708007812,155.6999969482422,150.9739990234375,151.75100708007812,131820000,AMZN,157.18699645996094,-0.0154973975885042,-0.0193859804637497,-0.0345829458053642
2020-11-11,153.08900451660156,156.95750427246094,152.5,156.8695068359375,87338000,AMZN,151.75100708007812,0.008817058036507,0.0246947998079507,0.0337295933275643
2020-11-12,157.99749755859375,158.79400634765625,154.30250549316406,155.51400756835938,87240000,AMZN,156.8695068359375,0.0071906308970293,-0.0157185400313911,-0.0086409353539677
2020-11-13,156.10000610351562,157.08599853515625,154.26950073242188,156.4405059814453,75124000,AMZN,155.51400756835938,0.003768139888612,0.0021812931749912,0.0059576524814246
2020-11-16,154.66000366210938,157.13499450683594,153.63450622558594,156.55299377441406,76174000,AMZN,156.4405059814453,-0.0113813382804266,0.0122396874917988,0.0007190451875813
2020-11-17,159.177001953125,159.46249389648438,156.76300048828125,156.7830047607422,68894000,AMZN,156.55299377441406,0.0167611497899045,-0.0150398434636167,0.0014692212571774
2020-11-18,156.6999969482422,157.0,155.2550048828125,155.2729949951172,58336000,AMZN,156.7830047607422,-0.0005294439446843,-0.0091065857110152,-0.0096312082290381
2020-11-19,155.2655029296875,156.25,154.04600524902344,155.8509979248047,60206000,AMZN,155.2729949951172,-4.82509236711115e-05,0.0037709277596732,0.0037224948852547
2020-11-20,155.8509979248047,156.64450073242188,154.90249633789062,154.97000122070312,67488000,AMZN,155.8509979248047,0.0,-0.0056528140071751,-0.0056528140071752
2020-11-23,155.8350067138672,156.9875030517578,153.2729949951172,154.91949462890625,94178000,AMZN,154.97000122070312,0.0055817608979182,-0.0058748807746511,-0.0003259120565208
2020-11-24,155.02499389648438,156.71249389648438,154.31300354003906,155.9029998779297,72042000,AMZN,154.91949462890625,0.0006809941371861,0.0056636414514654,0.0063484924952752
2020-11-25,157.093505859375,159.89999389648438,157.01300048828125,159.2534942626953,75808000,AMZN,155.9029998779297,0.0076361967529647,0.0137496988911423,0.0214908910501339
2020-11-27,160.56300354003906,160.8094940185547,159.50250244140625,159.76699829101562,47858000,AMZN,159.2534942626953,0.0082227977690942,-0.0049575881832886,0.0032244443407518
2020-11-30,160.4239959716797,161.41949462890625,156.27749633789062,158.40199279785156,81278000,AMZN,159.76699829101562,0.0041122239742361,-0.0126041192377796,-0.0085437262248471
2020-12-01,159.4250030517578,162.44749450683594,157.85899353027344,161.00399780273438,90740000,AMZN,158.40199279785156,0.006458316816833,0.0099043106209879,0.0164265926136637
2020-12-02,161.08250427246094,161.60000610351562,158.66299438476562,160.17649841308594,62586000,AMZN,161.00399780273438,0.0004876057166154,-0.005624483325902,-0.0051396201395093
2020-12-03,160.2729949951172,161.4320068359375,159.0655059814453,159.3365020751953,57840000,AMZN,160.17649841308594,0.0006024390780623,-0.005843111123932,-0.0052441921643481
2020-12-04,159.91050720214844,159.91050720214844,157.93800354003906,158.12899780273438,58272000,AMZN,159.3365020751953,0.0036024709936348,-0.0111406650543731,-0.0075783279834464
2020-12-07,157.82400512695312,159.03799438476562,157.08450317382812,157.89999389648438,55026000,AMZN,158.12899780273438,-0.001928758671839,0.0004814778934936,-0.0014482094330078
2020-12-08,157.94500732421875,159.2064971923828,156.00100708007812,158.864501953125,65726000,AMZN,157.89999389648438,0.000285075550819,0.005821612499715,0.0061083476499241
2020-12-09,158.39450073242188,158.72149658203125,154.39999389648438,155.2100067138672,82016000,AMZN,158.864501953125,-0.002958503724399,-0.0201048268963219,-0.0230038504154699
2020-12-10,154.44949340820312,157.10499572753906,153.8000030517578,155.07449340820312,60604000,AMZN,155.2100067138672,-0.0048998986712633,0.0040466303010017,-0.0008730964486967
2020-12-11,154.83299255371094,155.93350219726562,153.64100646972656,155.8209991455078,61294000,AMZN,155.07449340820312,-0.001557321576131,0.0063811115157135,0.0048138524969394
2020-12-14,157.14999389648438,159.52349853515625,156.3000030517578,157.84849548339844,83116000,AMZN,155.8209991455078,0.0085289836303483,0.0044448082344449,0.0130117015614648
2020-12-15,159.05050659179688,159.4250030517578,156.52450561523438,158.25599670410156,66390000,AMZN,157.84849548339844,0.0076149671538989,-0.0049953307582629,0.0025815971159888
2020-12-16,158.80050659179688,162.35000610351562,158.1840057373047,162.04800415039062,88552000,AMZN,158.25599670410156,0.0034406903942691,0.0204501712764781,0.0239612243786195
2020-12-17,162.5,163.17550659179688,161.0500030517578,161.8040008544922,69486000,AMZN,162.04800415039062,0.0027892713148747,-0.0042830716646634,-0.0015057469987226
2020-12-18,162.19949340820312,162.4709930419922,158.5800018310547,160.08250427246094,119914000,AMZN,161.8040008544922,0.0024442693111561,-0.0130517616994919,-0.0106393944089142
2020-12-21,160.00050354003906,161.34849548339844,158.3000030517578,160.3090057373047,76736000,AMZN,160.08250427246094,-0.0005122404399815,0.0019281326648351,0.001414904557329
2020-12-22,160.14199829101562,161.10000610351562,159.00399780273438,160.3260040283203,47388000,AMZN,160.3090057373047,-0.0010417845555272,0.0011490161186218,0.0001060345358481
2020-12-23,160.25,160.50650024414062,159.20849609375,159.2635040283203,41876000,AMZN,160.3260040283203,-0.0004740592693053,-0.0061559811025253,-0.0066271220719273
2020-12-24,159.69500732421875,160.10000610351562,158.4499969482422,158.63450622558594,29038000,AMZN,159.2635040283203,0.0027093670865216,-0.0066407905694868,-0.0039494158223627
2020-12-28,159.6999969482422,165.1999969482422,158.63450622558594,164.197998046875,113736000,AMZN,158.63450622558594,0.0067166390718365,0.0281653173737416,0.0350711327167212
2020-12-29,165.4969940185547,167.53250122070312,164.06100463867188,166.10000610351562,97458000,AMZN,164.197998046875,0.0079111559649396,0.003643643732244,0.0115836251310301
2020-12-30,167.0500030517578,167.10499572753906,164.12350463867188,164.29249572753906,64186000,AMZN,166.10000610351562,0.0057194275336156,-0.0165070773651191,-0.010882060864285
2020-12-31,163.75,164.14599609375,162.05999755859375,162.84649658203125,59144000,AMZN,164.29249572753906,-0.0033020116051967,-0.005517578125,-0.0088013706231954
2021-01-04,163.5,163.60000610351562,157.2010040283203,159.3314971923828,88228000,AMZN,162.84649658203125,0.0040130026232376,-0.0254954300160072,-0.0215847406203044
2021-01-05,158.30050659179688,161.16900634765625,158.2530059814453,160.92550659179688,53110000,AMZN,159.3314971923828,-0.0064707268729238,0.016582385341122,0.0100043583817541
2021-01-06,157.32400512695312,159.87550354003906,156.55799865722656,156.91900634765625,87896000,AMZN,160.92550659179688,-0.0223799293295332,-0.0025742974123374,-0.0248966141477093
2021-01-07,157.85000610351562,160.427001953125,157.75,158.10800170898438,70290000,AMZN,156.91900634765625,0.005932995483012,0.0016344351947605,0.0075771277744003
2021-01-08,159.0,159.53199768066406,157.11000061035156,159.13499450683594,70754000,AMZN,158.10800170898438,0.0056417023893418,0.0008490220555719,0.0064955143746732
2021-01-11,157.40049743652344,157.81900024414062,155.5,155.7104949951172,73668000,AMZN,159.13499450683594,-0.0108995326621134,-0.0107369574361592,-0.0215194622800055
2021-01-12,156.0,157.10699462890625,154.3000030517578,156.04150390625,70292000,AMZN,155.7104949951172,0.0018592517151261,0.0002660506810897,0.002125797051401
2021-01-13,156.4219970703125,159.49749755859375,156.10400390625,158.29449462890625,66424000,AMZN,156.04150390625,0.0024384100033483,0.0119708071349584,0.0144384068741727
2021-01-14,158.37600708007812,158.89999389648438,156.0294952392578,156.37350463867188,61418000,AMZN,158.29449462890625,0.0005149417948044,-0.0126439760562579,-0.0121355451731773
2021-01-15,156.1510009765625,157.12750244140625,154.7584991455078,155.21249389648438,84880000,AMZN,156.37350463867188,-0.0014228987360966,-0.006010253371472,-0.0074246001256428
2021-01-19,155.35000610351562,157.25,154.8000030517578,156.03799438476562,66102000,AMZN,155.21249389648438,0.0008859609402511,0.0044286337574494,0.0053185182942283
2021-01-20,159.09950256347656,163.99000549316406,158.75,163.16900634765625,106196000,AMZN,156.03799438476562,0.0196202738363948,0.0255783564285882,0.0457004846223967
2021-01-21,164.64999389648438,167.42750549316406,164.47850036621094,165.34950256347656,98722000,AMZN,163.16900634765625,0.0090764023265095,0.0042484585054522,0.0133634215506248
2021-01-22,165.2154998779297,166.0955047607422,164.1580047607422,164.6114959716797,56438000,AMZN,165.34950256347656,-0.0008104208568479,-0.0036558549693961,-0.0044633130451272
2021-01-25,166.4250030517578,168.1945037841797,162.15750122070312,164.6999969482422,74996000,AMZN,164.6114959716797,0.0110168920425224,-0.0103650657766799,0.0005376354551673
2021-01-26,164.8179931640625,166.89999389648438,164.14349365234375,166.30650329589844,59104000,AMZN,164.6999969482422,0.0007164311961547,0.0090312356270122,0.0097541370821099
2021-01-27,167.07449340820312,167.3260040283203,160.35400390625,161.62899780273438,93204000,AMZN,166.30650329589844,0.0046179199074269,-0.0325932193142378,-0.0281258122831292
2021-01-28,161.7519989013672,165.08399963378906,161.4344940185547,161.88099670410156,62984000,AMZN,161.62899780273438,0.0007610088554959,0.0007975036080576,0.0015591193708615
2021-01-29,161.5,161.84950256347656,159.2274932861328,160.30999755859375,85872000,AMZN,161.88099670410156,-0.0023535604046098,-0.0073684361696981,-0.0097046545146951
2021-02-01,162.1179962158203,167.51300048828125,161.75149536132812,167.1439971923828,83204000,AMZN,160.30999755859375,0.011278140382765,0.0310021163219388,0.0426299029247456
2021-02-02,169.0,171.38699340820312,168.05650329589844,169.0,141972000,AMZN,167.1439971923828,0.011104214562255,0.0,0.011104214562255
2021-02-03,171.25050354003906,171.6999969482422,165.43099975585938,165.62649536132812,141776000,AMZN,169.0,0.0133165889943138,-0.0328408271068004,-0.0199615659093009
2021-02-04,166.5,167.35000610351562,163.8874969482422,166.5500030517578,73414000,AMZN,165.62649536132812,0.005273942654925,0.000300318629176,0.0055758451473297
2021-02-05,165.9499969482422,168.85000610351562,165.135498046875,167.6074981689453,72416000,AMZN,166.5500030517578,-0.0036025583459711,0.0099879557166854,0.0063494151774878
2021-02-08,167.9250030517578,168.25,165.1999969482422,166.14700317382812,65148000,AMZN,167.6074981689453,0.0018943357921401,-0.0105880592265445,-0.0087137807739665
2021-02-09,165.62449645996094,166.89999389648438,164.89199829101562,165.25,44070000,AMZN,166.14700317382812,-0.0031448458526845,-0.0022611175759949,-0.0053988525624483
2021-02-10,165.6999969482422,165.8975067138672,162.6999969482422,164.32899475097656,63032000,AMZN,165.25,0.0027231282798316,-0.0082740025498845,-0.0055734054403838
2021-02-11,164.60000610351562,164.60000610351562,162.4029998779297,163.10650634765625,46028000,AMZN,164.32899475097656,0.0016491998441892,-0.0090735097234451,-0.0074392739100781
2021-02-12,162.5,164.0124969482422,161.66549682617188,163.885498046875,46706000,AMZN,163.10650634765625,-0.0037184681423039,0.008526141826923,0.004775969497859
2021-02-16,162.70249938964844,165.4149932861328,162.67950439453125,163.44749450683594,51494000,AMZN,163.885498046875,-0.0072184462403634,0.0045788793656042,-0.0026726192693009
2021-02-17,163.17999267578125,166.04550170898438,162.97500610351562,165.4320068359375,65950000,AMZN,163.44749450683594,-0.0016366224019634,0.013800798267167,0.0121415891695946
2021-02-18,164.12100219726562,166.89999389648438,163.69700622558594,166.4114990234375,60548000,AMZN,165.4320068359375,-0.0079247339359911,0.0139561469617325,0.0059208142742981
2021-02-19,166.4114990234375,166.6750030517578,162.28750610351562,162.4949951171875,86104000,AMZN,166.4114990234375,0.0,-0.0235350557457474,-0.0235350557457474
2021-02-22,160.406494140625,161.61599731445312,158.61300659179688,159.03700256347656,70314000,AMZN,162.4949951171875,-0.0128527095561086,-0.0085376317491724,-0.0212806096041119
2021-02-23,156.35150146484375,160.2364959716797,154.67999267578125,159.72500610351562,93544000,AMZN,159.03700256347656,-0.0168860142944466,0.0215764134470459,0.0043260595267096
2021-02-24,158.33749389648438,158.56149291992188,156.2689971923828,157.97650146484375,60226000,AMZN,159.72500610351562,-0.0086868815402143,-0.0022798922905564,-0.0109469686765182
2021-02-25,156.83700561523438,158.91299438476562,152.38800048828125,152.85800170898438,90676000,AMZN,157.97650146484375,-0.0072130718115881,-0.0253703128967638,-0.0324003868195451
2021-02-26,154.75999450683594,156.1219940185547,151.8350067138672,154.64649963378906,85518000,AMZN,152.85800170898438,0.0124428736251087,-0.0007333605393857,0.0117003879732098
2021-03-01,156.39450073242188,157.47799682617188,154.89950561523438,157.3070068359375,54582000,AMZN,154.64649963378906,0.0113032050694465,0.0058346431571583,0.0172037983947173
2021-03-02,157.17349243164062,158.17599487304688,154.3560028076172,154.72650146484375,51916000,AMZN,157.3070068359375,-0.0008487505228302,-0.0155687255461422,-0.0164042621050254
2021-03-03,154.0590057373047,155.38900756835938,149.75,150.25,79774000,AMZN,154.72650146484375,-0.0043140361943149,-0.0247243302595348,-0.0289317047982299
2021-03-04,150.60000610351562,152.906494140625,147.27149963378906,148.8784942626953,109632000,AMZN,150.25,0.0023294915375415,-0.0114310210561148,-0.0091281579853889
2021-03-05,150.25,150.4499969482422,144.0500030517578,150.0229949951172,107772000,AMZN,148.8784942626953,0.0092122488482766,-0.0015108486181884,0.0076874819166454
2021-03-08,150.75,153.22950744628906,147.5655059814453,147.59750366210938,83700000,AMZN,150.0229949951172,0.004845957147479,-0.0209120818433872,-0.0161674637483857
2021-03-09,150.89950561523438,154.54800415039062,150.25750732421875,153.1425018310547,80600000,AMZN,147.59750366210938,0.0223716653140975,0.0148641720638869,0.0375683736605689
2021-03-10,154.92250061035156,155.822998046875,151.50250244140625,152.8820037841797,60250000,AMZN,153.1425018310547,0.0116231533246109,-0.013171081141428,-0.0017010173123747
2021-03-11,155.20050048828125,156.58900451660156,154.14649963378906,155.67950439453125,55528000,AMZN,152.8820037841797,0.0151652689441101,0.0030863554224566,0.0182984297766055
2021-03-12,153.75,154.94900512695312,152.27499389648438,154.47450256347656,48438000,AMZN,155.67950439453125,-0.0123940810451284,0.0047122117949695,-0.0077402727850476
2021-03-15,153.72850036621094,154.11199951171875,151.60450744628906,154.08399963378906,58272000,AMZN,154.47450256347656,-0.0048292901733674,0.0023125137286271,-0.0025279442445658
2021-03-16,155.24850463867188,156.44549560546875,153.79299926757812,154.59300231933594,50776000,AMZN,154.08399963378906,0.0075575985024434,-0.0042222778303827,0.0033034103914528
2021-03-17,153.66099548339844,158.65249633789062,153.51100158691406,156.7864990234375,62372000,AMZN,154.59300231933594,-0.0060287776416444,0.0203402531020094,0.0141888485972383
2021-03-18,155.0500030517578,155.8314971923828,151.25,151.39950561523438,72992000,AMZN,156.7864990234375,-0.011075545295645,-0.0235440010620628,-0.0343587837075043
2021-03-19,151.4615020751953,153.864501953125,150.8314971923828,153.7480010986328,92508000,AMZN,151.39950561523438,0.0004094891836601,0.0150962389261287,0.0155119098563432
2021-03-22,153.3925018310547,156.32899475097656,153.00250244140625,155.5435028076172,58044000,AMZN,153.7480010986328,-0.0023122204193735,0.0140228560776171,0.011678211724083
2021-03-23,156.35000610351562,159.10000610351562,156.04249572753906,156.875,76346000,AMZN,155.5435028076172,0.0051850657940752,0.0033578118067791,0.0085602880759967
2021-03-24,157.552001953125,158.0155029296875,154.25750732421875,154.35350036621094,59180000,AMZN,156.875,0.0043155502988048,-0.0203012436989895,-0.0160733044384959
2021-03-25,153.64950561523438,155.48899841308594,151.85699462890625,152.31300354003906,71270000,AMZN,154.35350036621094,-0.0045609250798089,-0.0086983818779225,-0.0132196342896707
2021-03-26,152.2030029296875,152.83299255371094,149.8000030517578,152.60150146484375,66258000,AMZN,152.31300354003906,-0.0007222010451829,0.0026182041581685,0.0018941122432061
2021-03-29,152.77200317382812,154.5625,151.42250061035156,153.7864990234375,54920000,AMZN,152.60150146484375,0.0011173003368099,0.0066405874671621,0.0077653073345858
2021-03-30,153.50050354003906,153.64999389648438,151.6999969482422,152.76449584960938,46752000,AMZN,153.7864990234375,-0.0018596917493703,-0.004794822645241,-0.0066455975024983
2021-03-31,153.2030029296875,155.9665069580078,153.125,154.70399475097656,61878000,AMZN,152.76449584960938,0.0028704777090995,0.0097974047021646,0.0126960056430687
2021-04-01,155.89700317382812,158.1219940185547,155.77749633789062,158.0500030517578,58806000,AMZN,154.70399475097656,0.0077115553788504,0.0138103993925338,0.021628454431104
2021-04-05,158.64999389648438,161.79800415039062,158.06199645996094,161.3365020751953,66698000,AMZN,158.0500030517578,0.0037962090043748,0.0169335536215893,0.0207940459346984
2021-04-06,161.1875,162.36549377441406,160.8520050048828,161.1909942626953,50756000,AMZN,161.3365020751953,-0.0009235484424092,2.167824859441644e-05,-0.0009018902147276
2021-04-07,161.69000244140625,165.1804962158203,161.1824951171875,163.96949768066406,66924000,AMZN,161.1909942626953,0.0030957571854026,0.0140979355856207,0.017237336556412
2021-04-08,165.5449981689453,166.22500610351562,164.60000610351562,164.96499633789062,56242000,AMZN,163.96949768066406,0.0096084973764425,-0.0035035901867767,0.006071242952548
2021-04-09,165.23500061035156,168.61000061035156,164.44500732421875,168.61000061035156,86830000,AMZN,164.96499633789062,0.001636736752977,0.0204254545800423,0.0220956224252266
2021-04-12,167.760498046875,169.7519989013672,167.5574951171875,168.96949768066406,65636000,AMZN,168.61000061035156,-0.0050382691441874,0.0072067003130334,0.0021321218730274
2021-04-13,170.04249572753906,171.60000610351562,169.781494140625,170.0,66316000,AMZN,168.96949768066406,0.0063502470067282,-0.0002499123960586,0.0060987476052245
2021-04-14,170.20199584960938,170.2064971923828,166.3000030517578,166.64999389648438,62904000,AMZN,170.0,0.0011882108800551,-0.0208693319687246,-0.0197059182559742
2021-04-15,168.5500030517578,169.85000610351562,167.60000610351562,168.95449829101562,64672000,AMZN,166.64999389648438,0.0114011954687116,0.0023998530521153,0.0138284097145704
2021-04-16,169.0,170.33999633789062,167.7794952392578,169.9720001220703,63720000,AMZN,168.95449829101562,0.0002693133917393,0.0057514800122503,0.0060223423545793
2021-04-19,169.51649475097656,171.79649353027344,168.00799560546875,168.60049438476562,54508000,AMZN,169.9720001220703,-0.002679884750233,-0.0054036061066302,-0.0080690098152619
2021-04-20,168.67999267578125,169.14950561523438,165.8000030517578,166.7344970703125,52460000,AMZN,168.60049438476562,0.0004715187301538,-0.0115336476757393,-0.0110675672764914
2021-04-21,165.8000030517578,168.14300537109375,165.1905059814453,168.1009979248047,44224000,AMZN,166.7344970703125,-0.0056046831038246,0.0138781352876608,0.0081956696334768
2021-04-22,168.58399963378906,168.64349365234375,165.07249450683594,165.45199584960938,51612000,AMZN,168.1009979248047,0.0028732828177524,-0.0185782980056426,-0.0157583958923329
2021-04-23,165.9550018310547,168.75,165.4250030517578,167.04400634765625,63856000,AMZN,165.45199584960938,0.0030401928901633,0.0065620469680702,0.0096221897467707
2021-04-26,167.39999389648438,171.42250061035156,166.5469970703125,170.4499969482422,97614000,AMZN,167.04400634765625,0.0021311004004971,0.0182198516306031,0.0203897803642072
2021-04-27,172.17349243164062,173.0,169.90049743652344,170.8715057373047,76542000,AMZN,170.4499969482422,0.0101114433221245,-0.0075620624054708,0.0024729175512423
2021-04-28,171.74000549316406,174.49400329589844,171.25,172.9250030517578,92638000,AMZN,170.8715057373047,0.0050827652750633,0.0068999506270594,0.0120177867315698
2021-04-29,175.2550048828125,175.72250366210938,171.75,173.5655059814453,153648000,AMZN,172.9250030517578,0.0134740597943334,-0.0096402319722446,0.0037039347600635
2021-04-30,176.25599670410156,177.6999969482422,173.125,173.37100219726562,140186000,AMZN,173.5655059814453,0.0155012985295814,-0.0163682062499085,-0.0011206361718005
2021-05-03,174.2364959716797,174.33250427246094,168.63499450683594,169.32449340820312,117510000,AMZN,173.37100219726562,0.0049921484183916,-0.0281915825733487,-0.0233401707193126
2021-05-04,167.8094940185547,168.3990020751953,163.60650634765625,165.593505859375,108788000,AMZN,169.32449340820312,-0.0089473138773615,-0.0132053801373995,-0.0220345413338018
2021-05-05,166.9429931640625,167.73500061035156,163.21800231933594,163.52699279785156,74226000,AMZN,165.593505859375,0.0081493975122037,-0.0204620769130087,-0.0124794329994942
2021-05-06,163.5,165.72000122070312,162.36000061035156,165.31849670410156,88954000,AMZN,163.52699279785156,-0.0001650663134552,0.0111223040006211,0.0109554017694475
2021-05-07,165.95449829101562,166.54449462890625,164.45350646972656,164.58050537109375,94206000,AMZN,165.31849670410156,0.0038471290242398,-0.0082793352037524,-0.0044640578502762
2021-05-10,164.11599731445312,164.14999389648438,159.5,159.52450561523438,116772000,AMZN,164.58050537109375,-0.0028223759283838,-0.0279771123738855,-0.0307205263737596
2021-05-11,156.81399536132812,161.89999389648438,156.36849975585938,161.19549560546875,92396000,AMZN,159.52450561523438,-0.0169911841660482,0.0279407474699235,0.0104748169178767
2021-05-12,159.25,160.39700317382812,156.65499877929688,157.5970001220703,98728000,AMZN,161.19549560546875,-0.0120691685469327,-0.0103799050419446,-0.0223237967654249
2021-05-13,159.27349853515625,160.19200134277344,156.64999389648438,158.07350158691406,67018000,AMZN,157.5970001220703,0.0106378827756072,-0.0075341909311881,0.0030235440044839
2021-05-14,159.2779998779297,161.4429931640625,159.14999389648438,161.14500427246094,66500000,AMZN,158.07350158691406,0.0076198621459229,0.0117216715174858,0.0194308511844918
2021-05-17,162.29649353027344,164.6374969482422,161.72950744628906,163.51950073242188,74478000,AMZN,161.14500427246094,0.0071456714591386,0.0075356354012682,0.0147351540352203
2021-05-18,164.62899780273438,165.60000610351562,161.51849365234375,161.61399841308594,56568000,AMZN,163.51950073242188,0.0067851055399688,-0.0183139023494581,-0.011653058569779
2021-05-19,159.75,161.7375030517578,159.1999969482422,161.58999633789062,53594000,AMZN,161.61399841308594,-0.0115336445567143,0.0115179739461071,-0.000148514828115
2021-05-20,162.22000122070312,162.98399353027344,161.8090057373047,162.38400268554688,52664000,AMZN,161.58999633789062,0.0038987864167974,0.0010109817754262,0.0049137097942373
2021-05-21,162.5,162.83450317382812,159.85049438476562,160.1540069580078,82098000,AMZN,162.38400268554688,0.0007143395441344,-0.0144368802584134,-0.0137328535487415
2021-05-24,160.77499389648438,162.8975067138672,160.52499389648438,162.24949645996094,48456000,AMZN,160.1540069580078,0.0038774361645499,0.0091712182830243,0.0130842152610177
2021-05-25,163.33349609375,163.99099731445312,160.68800354003906,162.95249938964844,65222000,AMZN,162.24949645996094,0.0066810662432876,-0.0023326305578059,0.0043328512262037
2021-05-26,163.72950744628906,164.7864990234375,162.92550659179688,163.25799560546875,47680000,AMZN,162.95249938964844,0.0047683101489757,-0.0028798220197113,0.0018747562447005
2021-05-27,162.8000030517578,163.01800537109375,161.5019989013672,161.5054931640625,51224000,AMZN,163.25799560546875,-0.0028053300055068,-0.0079515347876483,-0.0107345581140256
2021-05-28,162.10000610351562,162.39950561523438,160.98500061035156,161.15350341796875,46596000,AMZN,161.5054931640625,0.0036810694658491,-0.0058390046262086,-0.002179428942
2021-06-01,162.1750030517578,162.5489959716797,160.4530029296875,160.9324951171875,48600000,AMZN,161.15350341796875,0.0063386746929088,-0.0076615255815581,-0.0013714148069622
2021-06-02,161.15499877929688,161.75,160.39999389648438,161.69949340820312,40290000,AMZN,160.9324951171875,0.0013825900228996,0.0033787014553109,0.004765962837133
2021-06-03,160.2115020751953,160.7220001220703,159.20150756835938,159.35049438476562,47966000,AMZN,161.69949340820312,-0.0092022015755575,-0.0053741939828113,-0.0145269411420329
2021-06-04,160.60000610351562,161.0500030517578,159.9405059814453,160.31100463867188,44994000,AMZN,159.35049438476562,0.0078412792101727,-0.001799510920675,0.0060276578219269
2021-06-07,159.8665008544922,160.39999389648438,158.61000061035156,159.90049743652344,44316000,AMZN,160.31100463867188,-0.0027727590203902,0.0002126560714692,-0.0025606925929613
2021-06-08,161.1304931640625,163.97650146484375,160.90049743652344,163.20550537109375,68334000,AMZN,159.90049743652344,0.0076922570427109,0.012877836877955,0.0206691535520853
2021-06-09,163.64349365234375,164.87899780273438,163.53500366210938,164.0574951171875,49110000,AMZN,163.20550537109375,0.0026836611930101,0.0025298987182667,0.0052203493022893
2021-06-10,164.10049438476562,167.5500030517578,164.0574951171875,167.4824981689453,69530000,AMZN,164.0574951171875,0.0002620987693819,0.0206093454919759,0.0208768459454491
2021-06-11,167.4824981689453,168.32899475097656,166.67250061035156,167.3415069580078,56348000,AMZN,167.4824981689453,0.0,-0.0008418265339897,-0.0008418265339896
2021-06-14,167.3415069580078,169.25,166.77499389648438,169.19349670410156,51394000,AMZN,167.3415069580078,0.0,0.0110671272164322,0.0110671272164322
2021-06-15,169.1999969482422,169.84950256347656,168.15550231933594,169.156494140625,48524000,AMZN,169.19349670410156,3.841899521694892e-05,-0.000257108796701,-0.0002186996793457
2021-06-16,169.60000610351562,171.3175048828125,168.02650451660156,170.7624969482422,84056000,AMZN,169.156494140625,0.0026219032567671,0.0068543089793112,0.0094941835711142
2021-06-17,170.15899658203125,174.86000061035156,170.0500030517578,174.46200561523438,102730000,AMZN,170.7624969482422,-0.003534150513118,0.0252881664774551,0.0216646437778049
2021-06-18,173.99949645996094,175.35000610351562,173.6855010986328,174.34500122070312,104954000,AMZN,174.46200561523438,-0.0026510594879521,0.0019856652908285,-0.0006706583139327
2021-06-21,173.8209991455078,174.10000610351562,171.6999969482422,172.697998046875,65542000,AMZN,174.34500122070312,-0.0030055468842032,-0.0064606756614759,-0.009446804682075
2021-06-22,172.9029998779297,176.18899536132812,172.80450439453125,175.27200317382812,66902000,AMZN,172.697998046875,0.0011870538939255,0.0137013429354665,0.0149046610618754
2021-06-23,175.25,176.0500030517578,174.16000366210938,175.1909942626953,56266000,AMZN,175.27200317382812,-0.0001255372987681,-0.0003366946493848,-0.0004621896804161
2021-06-24,175.3820037841797,176.2429962158203,171.54249572753906,172.45399475097656,76640000,AMZN,175.1909942626953,0.0010902930386818,-0.0166950369480682,-0.0156229463919513
2021-06-25,173.1999969482422,173.24099731445312,169.70899963378906,170.072998046875,78820000,AMZN,172.45399475097656,0.0043258040983211,-0.0180542664922888,-0.0138065616139523
2021-06-28,170.8000030517578,172.39999389648438,170.67550659179688,172.1945037841797,44856000,AMZN,170.072998046875,0.0042746644866131,0.0081645240486283,0.0124740891362422
2021-06-29,171.9409942626953,172.80149841308594,171.15150451660156,172.40699768066406,41968000,AMZN,172.1945037841797,-0.001472227718732,0.0027102519673509,0.0012340341405479
2021-06-30,172.05299377441406,173.5800018310547,171.75,172.00799560546875,48080000,AMZN,172.40699768066406,-0.0020533035840325,-0.0002615366809851,-0.0023143032508132
2021-07-01,171.73049926757812,172.85000610351562,170.4709930419922,171.64849853515625,40742000,AMZN,172.00799560546875,-0.0016132758068242,-0.0004774966169178,-0.002090002090002
2021-07-02,172.58200073242188,175.58599853515625,171.8459930419922,175.5489959716797,63388000,AMZN,171.64849853515625,0.0054384524492325,0.017191799994589,0.0227237492306089
2021-07-06,176.5054931640625,184.2740020751953,176.4499969482422,183.78700256347656,134896000,AMZN,175.5489959716797,0.0054486053143654,0.0412537268324327,0.0469271074220547
2021-07-07,185.86900329589844,186.7100067138672,183.94549560546875,184.82899475097656,106562000,AMZN,183.78700256347656,0.0113283349931276,-0.0055953845260912,0.0056695640767094
2021-07-08,182.1779937744141,187.9994964599609,181.05599975585935,186.57049560546875,103612000,AMZN,184.82899475097656,-0.0143429929927079,0.0241110451380521,0.0094222275938824
2021-07-09,186.12600708007807,187.3999938964844,184.6699981689453,185.9669952392578,74964000,AMZN,186.57049560546875,-0.0023824159546135,-0.0008543236021385,-0.0032347042025718
2021-07-12,187.1999969482422,187.864501953125,184.8394927978516,185.9275054931641,51432000,AMZN,185.9669952392578,0.0066302179448458,-0.0067974971999061,-0.0002123481429753
2021-07-13,185.10499572753903,188.6540069580078,183.5659942626953,183.8679962158203,76918000,AMZN,185.9275054931641,-0.004423819721796,-0.0066826911227156,-0.0110769478237283
2021-07-14,185.4425048828125,185.88299560546875,183.04150390625,184.08399963378903,65932000,AMZN,183.8679962158203,0.0085632557019006,-0.0073257490232992,0.0011747744165069
2021-07-15,184.7100067138672,184.7700042724609,181.04600524902344,181.55999755859372,63706000,AMZN,184.08399963378903,0.0034006599233147,-0.0170538088938142,-0.0137111431749444
2021-07-16,181.66549682617188,182.3029937744141,178.5229949951172,178.68150329589844,80874000,AMZN,181.55999755859372,0.0005810711004448,-0.0164257582337096,-0.0158542316666773
2021-07-19,176.62899780273438,177.510498046875,174.95799255371094,177.47950744628906,75692000,AMZN,178.68150329589844,-0.0114869499937275,0.004815232233297,-0.0067270300923025
2021-07-20,178.36599731445312,179.60000610351562,175.89999389648438,178.6595001220703,65114000,AMZN,177.47950744628906,0.0049948857810095,0.0016455087406584,0.0066486136498793
2021-07-21,178.81900024414062,179.32249450683594,177.1820068359375,179.25999450683594,46380000,AMZN,178.6595001220703,0.0008927603735671,0.002466148799027,0.0033611108525173
2021-07-22,179.3614959716797,182.00100708007807,179.11349487304688,181.9015045166016,65308000,AMZN,179.25999450683594,0.0005662248574924,0.0141613925060199,0.014735635895966
2021-07-23,182.0,183.3054962158203,181.1020050048828,182.83200073242188,48726000,AMZN,181.9015045166016,0.0005414770133991,0.0045714325957245,0.0051153849347924
2021-07-26,183.6584930419922,185.60400390625,182.3625030517578,184.99099731445312,58002000,AMZN,182.83200073242188,0.0045205013687943,0.0072553370682197,0.0118086361981619
2021-07-27,184.9250030517578,184.9250030517578,179.3074951171875,181.3195037841797,82638000,AMZN,184.99099731445312,-0.0003567431045475,-0.0194970891338528,-0.0198468767862931
2021-07-28,181.68899536132807,182.92100524902344,180.0500030517578,181.51600646972656,59988000,AMZN,181.3195037841797,0.0020377927880732,-0.0009521154060956,0.0010837371680696
2021-07-29,181.3874969482422,181.8975067138672,179.00050354003906,179.99600219726562,110400000,AMZN,181.51600646972656,-0.0007079790040764,-0.007671392870996,-0.0083739406899878
2021-07-30,167.3975067138672,168.40699768066406,165.3489990234375,166.37950134277344,199312000,AMZN,179.99600219726562,-0.0699931961243849,-0.0060813651952046,-0.0756489071327776
2021-08-02,167.65499877929688,167.9459991455078,165.85000610351562,166.57400512695312,67078000,AMZN,166.37950134277344,0.0076661934086199,-0.0064477269405297,0.0011690369463182
2021-08-03,167.03599548339844,169.5500030517578,164.98849487304688,168.31199645996094,83146000,AMZN,166.57400512695312,0.0027734841105202,0.0076390778698314,0.0104337488414427
2021-08-04,168.96749877929688,169.44400024414062,167.2779998779297,167.73599243164062,43678000,AMZN,168.31199645996094,0.0038945668349426,-0.0072884214807773,-0.0034222398904129
2021-08-05,167.81100463867188,169.4499969482422,167.04600524902344,168.79949951171875,48670000,AMZN,167.73599243164062,0.0004472040016207,0.0058905247315293,0.0063403629993816
2021-08-06,168.75,168.75,166.45199584960938,167.2469940185547,52752000,AMZN,168.79949951171875,-0.0002932444222994,-0.0089067021122685,-0.0091973346938524
2021-08-09,167.1804962158203,167.74400329589844,166.42599487304688,167.093505859375,42964000,AMZN,167.2469940185547,-0.0003976023791912,-0.0005203379485906,-0.0009177334401756
2021-08-10,167.25050354003906,167.89999389648438,165.75,166.03399658203125,48252000,AMZN,167.093505859375,0.0009395797871174,-0.0072735623048009,-0.0063408166098054
2021-08-11,166.57249450683594,166.88499450683594,163.88949584960938,164.60549926757812,58944000,AMZN,166.03399658203125,0.0032432991790247,-0.011808643708443,-0.0086036434938633
2021-08-12,164.5,165.72549438476562,163.48350524902344,165.1750030517578,46282000,AMZN,164.60549926757812,-0.0006409218892901,0.0041033620167648,0.0034598101929383
2021-08-13,165.2834930419922,165.30349731445312,164.14999389648438,164.69850158691406,41134000,AMZN,165.1750030517578,0.0006568184545476,-0.0035393217090922,-0.0028848279463596
2021-08-16,164.14999389648438,165.0,160.55650329589844,164.94949340820312,66394000,AMZN,164.69850158691406,-0.0033303745033783,0.0048705424395137,0.001523947205777
2021-08-17,163.875,164.02450561523438,161.28399658203125,162.09800720214844,67758000,AMZN,164.94949340820312,-0.0065140752238872,-0.0108435868671338,-0.0172870261504718
2021-08-18,162.09950256347656,162.7050018310547,160.0,160.06100463867188,56086000,AMZN,162.09800720214844,9.225044489635792e-06,-0.0125755964242174,-0.0125664873901643
2021-08-19,159.7010040283203,161.64999389648438,159.1230010986328,159.3874969482422,75658000,AMZN,160.06100463867188,-0.002249146262478,-0.0019630877212426,-0.0042078187123096
2021-08-20,160.19349670410156,160.3905029296875,158.78799438476562,159.99749755859375,67168000,AMZN,159.3874969482422,0.0050568568507045,-0.0012235149961789,0.0038271547143353
2021-08-23,160.59500122070312,164.0449981689453,160.50050354003906,163.2935028076172,65362000,AMZN,159.99749755859375,0.0037344562960464,0.016803148083081,0.0206003550012798
2021-08-24,164.0,165.77450561523438,163.72900390625,165.28900146484375,51036000,AMZN,163.2935028076172,0.0043265480881695,0.007859765029535,0.0122203187690665
2021-08-25,165.49349975585938,166.0500030517578,164.3074951171875,164.95899963378906,33606000,AMZN,165.28900146484375,0.0012372165673655,-0.0032297348406965,-0.001996514154784
2021-08-26,164.9499969482422,166.60000610351562,164.8000030517578,165.8000030517578,41976000,AMZN,164.95899963378906,-5.457529184138554e-05,0.0051531137874609,0.0050982572629307
2021-08-27,166.6614990234375,167.61599731445312,165.6875,167.48150634765625,48048000,AMZN,165.8000030517578,0.0051959949084605,0.0049201965002332,0.0101417567246577
2021-08-30,167.8715057373047,172.25,167.76100158691406,171.07850646972656,63844000,AMZN,167.48150634765625,0.0023286116667644,0.019103901632004,0.0214769988669896
2021-08-31,171.24000549316406,173.62899780273438,169.7794952392578,173.5395050048828,87128000,AMZN,171.07850646972656,0.0009440053386606,0.0134285180912969,0.014385200022726
2021-09-01,174.82000732421875,176.35000610351562,173.76199340820312,173.9499969482422,72598000,AMZN,173.5395050048828,0.0073787367279853,-0.0049766064496442,0.0023654092095504
2021-09-02,174.73800659179688,175.59800720214844,172.75,173.156005859375,58474000,AMZN,173.9499969482422,0.0045300928851936,-0.0090535583144058,-0.0045644788893179
2021-09-03,172.60000610351562,174.1334991455078,171.82200622558594,173.90249633789062,51514000,AMZN,173.156005859375,-0.0032109758659536,0.0075462930956899,0.0043110862647286
2021-09-07,173.89999389648438,176.4044952392578,173.8470001220703,175.46449279785156,54758000,AMZN,173.90249633789062,-1.438991077729046e-05,0.0089965437393774,0.0089820243691383
2021-09-08,175.58250427246094,177.281494140625,174.7834930419922,176.27499389648438,61068000,AMZN,175.46449279785156,0.0006725661284949,0.0039439557311978,0.0046191744307297
2021-09-09,176.30099487304688,177.49949645996094,174.01849365234375,174.20799255371094,54384000,AMZN,176.27499389648438,0.0001475023540649,-0.0118717555782546,-0.0117260043360845
2021-09-10,175.0915069580078,175.42250061035156,173.14549255371094,173.45750427246094,47946000,AMZN,174.20799255371094,0.005071606597065,-0.0093322783836611,-0.0043080014312122
2021-09-13,174.13999938964844,174.8979949951172,171.89999389648438,172.85850524902344,51380000,AMZN,173.45750427246094,0.0039346531592858,-0.0073589878552691,-0.003453289760797
2021-09-14,173.77749633789062,174.3404998779297,171.885498046875,172.5,38738000,AMZN,172.85850524902344,0.0053164354715624,-0.0073513335432493,-0.0020739809620994
2021-09-15,172.12600708007812,174.27099609375,170.10049438476562,173.7895050048828,59150000,AMZN,172.5,-0.0021680748980977,0.009664419415892,0.0074753913326539
2021-09-16,172.9980010986328,174.62750244140625,172.3070068359375,174.41200256347656,51672000,AMZN,173.7895050048828,-0.0045543826494457,0.0081735133115068,0.0035819053548502
2021-09-17,174.42050170898438,174.87049865722656,172.60650634765625,173.12600708007812,92332000,AMZN,174.41200256347656,4.873027878171676e-05,-0.0074216884839952,-0.0073733198661622
2021-09-20,169.8000030517578,170.9499969482422,165.25050354003906,167.7864990234375,93382000,AMZN,173.12600708007812,-0.0192114638604348,-0.0118580918264563,-0.0308417443843135
2021-09-21,168.75,168.98500061035156,166.6195068359375,167.18150329589844,55618000,AMZN,167.7864990234375,0.005742422555869,-0.0092947952835648,-0.0036057473697842
2021-09-22,167.5500030517578,169.4499969482422,167.05250549316406,169.00250244140625,48228000,AMZN,167.18150329589844,0.0022041897494315,0.0086690502130265,0.010892348194075
2021-09-23,169.00250244140625,171.447998046875,169.00250244140625,170.8000030517578,47588000,AMZN,169.00250244140625,0.0,0.0106359407960527,0.0106359407960527
2021-09-24,170.10049438476562,171.46299743652344,169.6699981689453,171.2760009765625,42324000,AMZN,170.8000030517578,-0.0040954839256075,0.0069106594666203,0.0027868730462519
2021-09-27,168.5749969482422,170.77850341796875,166.98049926757812,170.2899932861328,72690000,AMZN,171.2760009765625,-0.0157698919458653,0.0101734917332798,-0.0057568350779313
2021-09-28,167.885498046875,168.45950317382812,164.5050048828125,165.79800415039062,88616000,AMZN,170.2899932861328,-0.0141200031361655,-0.0124340334380848,-0.0263784679831095
2021-09-29,166.10549926757812,167.56500244140625,164.89349365234375,165.05599975585938,51246000,AMZN,165.79800415039062,0.0018546370251151,-0.0063182707155776,-0.0044753517892663
2021-09-30,165.8000030517578,166.3925018310547,163.69949340820312,164.2519989013672,56848000,AMZN,165.05599975585938,0.0045075810452144,-0.009336574920975,-0.0048710792439015
2021-10-01,164.45050048828125,165.45849609375,162.7969970703125,164.16299438476562,56712000,AMZN,164.2519989013672,0.0012085185461472,-0.0017482835422328,-0.0005418778291703
2021-10-04,163.96949768066406,163.99949645996094,158.8125,159.48899841308594,90462000,AMZN,164.16299438476562,-0.001178686492816,-0.0273251996923479,-0.028471678341373
2021-10-05,160.22500610351562,163.0364990234375,160.1230010986328,161.0500030517578,65384000,AMZN,159.48899841308594,0.0046147865856138,0.0051489899629598,0.0097875380383842
2021-10-06,160.67649841308594,163.2169952392578,159.93099975585938,163.10049438476562,50660000,AMZN,161.0500030517578,-0.0023191843004922,0.0150861886811087,0.0127320167286728
2021-10-07,164.57699584960938,166.28750610351562,164.1529998779297,165.1215057373047,48182000,AMZN,163.10049438476562,0.009052709928399,0.0033085419069921,0.012391203105561
2021-10-08,165.85000610351562,166.07150268554688,164.41000366210938,164.43099975585938,39964000,AMZN,165.1215057373047,0.0044119048149302,-0.0085559619863418,-0.0041818052612956
2021-10-11,163.75,164.62950134277344,161.90499877929688,162.31500244140625,40684000,AMZN,164.43099975585938,-0.0041415533376948,-0.0087633438692748,-0.0128686033509184
2021-10-12,162.85000610351562,163.37649536132812,161.81399536132812,162.3665008544922,36392000,AMZN,162.31500244140625,0.0032960826421606,-0.0029690219889589,0.0003172745113595
2021-10-13,163.48550415039062,164.41900634765625,163.05450439453125,164.21400451660156,48402000,AMZN,162.3665008544922,0.0068918360007108,0.00445605480435,0.0113786012039827
2021-10-14,165.12249755859375,165.6300048828125,164.53900146484375,164.9929962158203,42190000,AMZN,164.21400451660156,0.0055323724956743,-0.0007842743701686,0.0047437592275512
2021-10-15,165.5709991455078,170.52099609375,165.1999969482422,170.4510040283203,103598000,AMZN,164.9929962158203,0.0035031967595244,0.0294737901443949,0.0330802393900442
2021-10-18,169.41799926757812,172.45849609375,169.2550048828125,172.33700561523438,63482000,AMZN,170.4510040283203,-0.0060604205098759,0.017229611731195,0.011064772529006
2021-10-19,171.71449279785156,172.7344970703125,171.10000610351562,172.20750427246094,47722000,AMZN,172.33700561523438,-0.0036121830895254,0.002871111614264,-0.0007514424560826
2021-10-20,172.63299560546875,173.14300537109375,170.01849365234375,170.7530059814453,42796000,AMZN,172.20750427246094,0.0024708059895846,-0.0108900944308463,-0.0084461957518086
2021-10-21,170.71249389648438,172.01400756835938,170.14999389648438,171.75050354003906,37628000,AMZN,170.7530059814453,-0.0002372554715981,0.0060804550379546,0.005841756945129
2021-10-22,171.0500030517578,171.49200439453125,166.56500244140625,166.77749633789062,62782000,AMZN,171.75050354003906,-0.0040785935053631,-0.0249781153910554,-0.0289548333172083
2021-10-25,166.75,167.38999938964844,164.88499450683594,166.01849365234375,44520000,AMZN,166.77749633789062,-0.0001648683934847,-0.0043868446636056,-0.0045509898050581
2021-10-26,167.47549438476562,170.80599975585938,167.19900512695312,168.80349731445312,53966000,AMZN,166.01849365234375,0.0087761351182533,0.0079295358080059,0.0167752616039356
2021-10-27,169.39999389648438,171.85000610351562,168.57249450683594,169.62449645996094,54044000,AMZN,168.80349731445312,0.0035336743107878,0.0013252808238809,0.0048636382454707
2021-10-28,170.10499572753906,173.9499969482422,169.3000030517578,172.32850646972656,114174000,AMZN,169.62449645996094,0.0028327233247913,0.0130714017696984,0.0159411527591706
2021-10-29,165.00100708007812,168.74099731445312,163.66600036621094,168.6215057373047,129722000,AMZN,172.32850646972656,-0.0425205297704803,0.0219422821793412,-0.0215112450537781
2021-11-01,168.08999633789062,168.79299926757812,164.6009979248047,165.90550231933594,72178000,AMZN,168.6215057373047,-0.0031520854774129,-0.0129959787384578,-0.0161070997800245
2021-11-02,165.75050354003906,166.55599975585938,164.17750549316406,165.6374969482422,52552000,AMZN,165.90550231933594,-0.0009342594255766,-0.0006817873212045,-0.0016154097805501
2021-11-03,165.4499969482422,169.74600219726562,164.87600708007812,169.1999969482422,67944000,AMZN,165.6374969482422,-0.0011319900593438,0.0226654582603172,0.0215078111275321
2021-11-04,168.5,174.93150329589844,168.25,173.85000610351562,107060000,AMZN,169.1999969482422,-0.0041370978774681,0.0317507780624072,0.0274823241084092
2021-11-05,173.85000610351562,178.3125,173.8489990234375,175.94949340820312,99940000,AMZN,173.85000610351562,0.0,0.0120764292837436,0.0120764292837436
2021-11-08,176.16200256347656,178.9499969482422,174.39300537109375,174.44900512695312,61480000,AMZN,175.94949340820312,0.0012077849794112,-0.0097239893484191,-0.0085279488572829
2021-11-09,175.7624969482422,179.68850708007812,175.07150268554688,178.81149291992188,85898000,AMZN,174.44900512695312,0.007529374101808,0.0173472499800542,0.0250072380165997
2021-11-10,178.19349670410156,180.2725067138672,173.1544952392578,174.1024932861328,80548000,AMZN,178.81149291992188,-0.0034561325210626,-0.0229582083164462,-0.0263349942271211
2021-11-11,175.64999389648438,177.16200256347656,173.37350463867188,173.625,45288000,AMZN,174.1024932861328,0.0088884460017943,-0.0115285736797563,-0.0027425987825921
2021-11-12,174.25,177.0364990234375,172.3524932861328,176.25750732421875,53788000,AMZN,173.625,0.0035997120230382,0.0115208454761477,0.0151620292251619
2021-11-15,176.85000610351562,179.69400024414062,176.29049682617188,177.28399658203125,58594000,AMZN,176.25750732421875,0.0033615520172256,0.0024540031865285,0.005823804463116
2021-11-16,176.9499969482422,178.8249969482422,176.25750732421875,177.03500366210938,44342000,AMZN,177.28399658203125,-0.0018839807327702,0.0004803996345478,-0.0014044861618779
2021-11-17,178.23599243164062,179.3625030517578,177.2675018310547,177.4499969482422,51206000,AMZN,177.03500366210938,0.0067839056948504,-0.0044098583718992,0.0023441312596286
2021-11-18,178.3175048828125,185.2100067138672,178.0500030517578,184.8029937744141,114070000,AMZN,177.4499969482422,0.0048887458410233,0.0363704555863078,0.0414370073408147
2021-11-19,185.63450622558597,188.1074981689453,183.78599548339844,183.82850646972656,98734000,AMZN,184.8029937744141,0.0044994533594346,-0.0097287933831908,-0.0052731142758273
2021-11-22,183.81900024414065,185.67300415039065,178.375,178.6284942626953,96844000,AMZN,183.82850646972656,-5.171246706237032e-05,-0.0282370482624293,-0.0282873005220635
2021-11-23,179.2519989013672,181.0525054931641,176.385498046875,179.0019989013672,73804000,AMZN,178.6284942626953,0.0034905105215461,-0.0013946845866838,0.0020909577736383
2021-11-24,178.1334991455078,180.6820068359375,176.84249877929688,179.02049255371094,46560000,AMZN,179.0019989013672,-0.0048518997619569,0.0049793745278567,0.0001033153398133
2021-11-26,180.10499572753906,181.6750030517578,175.20750427246094,175.22799682617188,59826000,AMZN,179.02049255371094,0.0060579834093728,-0.0270786431085179,-0.0211847016698449
2021-11-29,177.3820037841797,179.8000030517578,176.5749969482422,178.07850646972656,65312000,AMZN,175.22799682617188,0.0122925959151642,0.0039265690469609,0.0162674326887524
2021-11-30,178.1750030517578,179.2884979248047,174.60049438476562,175.35350036621094,80022000,AMZN,178.07850646972656,0.0005418766360085,-0.0158355697332428,-0.0153022740224906
2021-12-01,177.25,177.99400329589844,172.0800018310547,172.18600463867188,74916000,AMZN,175.35350036621094,0.0108152938483028,-0.0285697904729372,-0.0180634873037836
2021-12-02,173.0,174.63499450683594,171.1875,171.8679962158203,64726000,AMZN,172.18600463867188,0.0047274188342791,-0.006543374475027,-0.0018468889124809
2021-12-03,172.75,173.49349975585938,166.92999267578125,169.489501953125,80712000,AMZN,171.8679962158203,0.0051318675006377,-0.01887408420767,-0.013839076006382
2021-12-06,169.64999389648438,173.69549560546875,166.9344940185547,171.36849975585938,68860000,AMZN,169.489501953125,0.0009469137705282,0.0101297136528256,0.0110862193887031
2021-12-07,174.60000610351562,177.49949645996094,173.33450317382812,176.1645050048828,66410000,AMZN,171.36849975585938,0.0188570615501684,0.0089604744941397,0.0279865042633626
2021-12-08,176.15049743652344,177.17999267578125,174.75050354003906,176.1580047607422,45254000,AMZN,176.1645050048828,-7.951413571638533e-05,4.261880793981462e-05,-3.689871657430732e-05
2021-12-09,175.75,176.96949768066406,174.13949584960938,174.17100524902344,46062000,AMZN,176.1580047607422,-0.0023161295525363,-0.0089843229074057,-0.0112796436041466
2021-12-10,175.41700744628906,175.927001953125,170.5,172.21200561523438,60690000,AMZN,174.17100524902344,0.0071539013941162,-0.0182707587919377,-0.0112475646046146
2021-12-13,172.0,172.10000610351562,169.1300048828125,169.5675048828125,62170000,AMZN,172.21200561523438,-0.0012310733765452,-0.0141424134720203,-0.01535607649986
2021-12-14,167.5500030517578,169.49899291992188,166.44000244140625,169.0915069580078,55976000,AMZN,169.5675048828125,-0.0118979272145861,0.0092002618810685,-0.0028071293797337
2021-12-15,168.59800720214844,173.60000610351562,165.19500732421875,173.31500244140625,75794000,AMZN,169.0915069580078,-0.0029185366239709,0.0279777638984911,0.0249775731459256
2021-12-16,173.36849975585938,174.16600036621094,168.16050720214844,168.87100219726562,60876000,AMZN,173.31500244140625,0.0003086709961603,-0.0259418381362658,-0.0256411746331252
2021-12-17,167.7104949951172,170.89849853515625,165.61349487304688,170.0175018310547,85542000,AMZN,168.87100219726562,-0.0068721520394176,0.01375588830028,0.0067892037050256
2021-12-20,166.85000610351562,167.87449645996094,165.60000610351562,167.07899475097656,57372000,AMZN,170.0175018310547,-0.0186304097720867,0.0013724221701188,-0.0172835563893775
2021-12-21,167.85049438476562,170.7165069580078,165.6475067138672,170.41700744628906,55956000,AMZN,167.07899475097656,0.0046175740699119,0.0152904706711211,0.0199786496219207
2021-12-22,169.27000427246094,172.0500030517578,168.50050354003906,171.03700256347656,55036000,AMZN,170.41700744628906,-0.0067305675121048,0.0104389333397275,0.0036381058820253
2021-12-23,170.42799377441406,171.97500610351562,170.14999389648438,171.06849670410156,36788000,AMZN,171.03700256347656,-0.0035606844129326,0.003758202602181,0.0001841364158221
2021-12-27,171.03700256347656,172.9429931640625,169.2154998779297,169.66949462890625,58688000,AMZN,171.06849670410156,-0.0001841025158447,-0.0079953923073622,-0.008178022851368
2021-12-28,170.1824951171875,172.17599487304688,169.135498046875,170.66099548339844,54638000,AMZN,169.66949462890625,0.0030235281209698,0.0028116896857191,0.0058437190295212
2021-12-29,170.83999633789062,171.21200561523438,168.60049438476562,169.2010040283203,35754000,AMZN,170.66099548339844,0.0010488679852427,-0.0095937271406204,-0.0085549217086347
2021-12-30,169.6999969482422,170.88800048828125,168.5240020751953,168.64450073242188,37584000,AMZN,169.2010040283203,0.0029491132324388,-0.0062197774590546,-0.0032890070546229
2021-12-31,168.95599365234375,169.35000610351562,166.55850219726562,166.7169952392578,47830000,AMZN,168.64450073242188,0.0018470387031244,-0.0132519620327472,-0.0114294002163896
2022-01-03,167.5500030517578,170.70350646972656,166.16050720214844,170.4044952392578,63520000,AMZN,166.7169952392578,0.0049965380632281,0.0170366585228782,0.0221183208988862
2022-01-04,170.43800354003906,171.39999389648438,166.34950256347656,167.52200317382812,70726000,AMZN,170.4044952392578,0.0001966397701786,-0.0171088624933694,-0.0169155870059795
2022-01-05,166.88299560546875,167.12649536132812,164.35699462890625,164.35699462890625,64302000,AMZN,167.52200317382812,-0.0038144694801452,-0.0151363592641533,-0.018893091563845
2022-01-06,163.45050048828125,164.8000030517578,161.93699645996094,163.25399780273438,51958000,AMZN,164.35699462890625,-0.0055153973986427,-0.0012022152575847,-0.0067109819613231
2022-01-07,163.83900451660156,165.24349975585938,162.031005859375,162.5540008544922,46606000,AMZN,163.25399780273438,0.0035834143221047,-0.0078430875840628,-0.0042877782943362
2022-01-10,160.5854949951172,161.6614990234375,156.30450439453125,161.48599243164062,87798000,AMZN,162.5540008544922,-0.0121098579489106,0.0056075888831106,-0.0065701761706103
2022-01-11,161.5,166.35000610351562,160.70150756835938,165.36199951171875,62806000,AMZN,161.48599243164062,8.67416928764797e-05,0.0239133096700851,0.0240021256439246
2022-01-12,166.5749969482422,166.8780059814453,164.41700744628906,165.20700073242188,50030000,AMZN,165.36199951171875,0.0073354062003676,-0.0082124943171715,-0.0009373300985386
2022-01-13,165.25050354003906,166.22149658203125,161.09100341796875,161.21400451660156,52188000,AMZN,165.20700073242188,0.0002633230276218,-0.0244265459830171,-0.0241696550274378
2022-01-14,160.14999389648438,162.25,159.80050659179688,162.13800048828125,45974000,AMZN,161.21400451660156,-0.0065999887745956,0.0124134041059149,0.0057314870035656
2022-01-18,159.10499572753906,159.7344970703125,157.6645050048828,158.91749572753906,67292000,AMZN,162.13800048828125,-0.018706316542749,-0.0011784670817067,-0.0198627388461901
2022-01-19,158.76199340820312,159.25,156.25,156.2989959716797,53242000,AMZN,158.91749572753906,-0.0009785097520196,-0.0155137724316087,-0.0164771018060134
2022-01-20,156.76600646972656,158.0,151.3509979248047,151.66749572753906,71974000,AMZN,156.2989959716797,0.0029879302496063,-0.0325230632393004,-0.0296323096341567
2022-01-21,149.9499969482422,150.89999389648438,142.07049560546875,142.64300537109375,163972000,AMZN,151.66749572753906,-0.0113241058742227,-0.0487295213461762,-0.0595018089614747
2022-01-24,139.0,144.94500732421875,135.3520050048828,144.54400634765625,155624000,AMZN,142.64300537109375,-0.0255393200782348,0.0398849377529226,0.0133269834831153
2022-01-25,142.24249267578125,143.60000610351562,138.14500427246094,139.98599243164062,90824000,AMZN,144.54400634765625,-0.0159225811573218,-0.0158637563339384,-0.0315337455435732
2022-01-26,144.75,145.18499755859375,137.31849670410156,138.87249755859375,95602000,AMZN,139.98599243164062,0.0340320305310961,-0.0406045073672279,-0.0079543306705535
2022-01-27,140.8000030517578,144.24349975585938,139.35000610351562,139.6374969482422,77516000,AMZN,138.87249755859375,0.0138796775967162,-0.0082564352153336,0.0055086457224957
2022-01-28,140.86050415039062,143.9980010986328,137.92950439453125,143.97799682617188,74392000,AMZN,139.6374969482422,0.0087584440345687,0.0221317728101614,0.0310840567382737
2022-01-31,144.75,150.36050415039062,144.30050659179688,149.57350158691406,78308000,AMZN,143.97799682617188,0.005361952456945,0.0333229816021696,0.0388636103021893
2022-02-01,150.0,151.70799255371094,147.62750244140625,151.19349670410156,59220000,AMZN,149.57350158691406,0.0028514302905324,0.0079566446940104,0.0108307628022343
2022-02-02,155.05050659179688,155.0749969482422,148.86349487304688,150.6125030517578,87330000,AMZN,151.19349670410156,0.0255104218883421,-0.0286229541430847,-0.0038427158906232
2022-02-03,141.7375030517578,144.24749755859375,138.33299255371094,138.8455047607422,225532000,AMZN,150.6125030517578,-0.0589260507605409,-0.0204039031925062,-0.0781276325178123
2022-02-04,155.60650634765625,161.1999969482422,150.60800170898438,157.63949584960938,253456000,AMZN,138.8455047607422,0.1207169192535007,0.0130649389262105,0.1353590173571186
2022-02-07,158.52000427246094,162.6909942626953,157.25,157.9355010986328,102624000,AMZN,157.63949584960938,0.0055855825857979,-0.0036872518172753,0.0018777353189827
2022-02-08,156.75050354003906,161.79249572753906,155.55050659179688,161.4134979248047,76040000,AMZN,157.9355010986328,-0.0075030474488044,0.0297478749953396,0.022021627828944
2022-02-09,162.87350463867188,163.83450317382812,160.25,161.1894989013672,68786000,AMZN,161.4134979248047,0.0090451339735375,-0.0103393473422247,-0.0013877341505965
2022-02-10,158.35000610351562,160.7165069580078,157.75,159.0034942626953,68268000,AMZN,161.1894989013672,-0.017615867145223,0.0041268590716219,-0.0135617062747338
2022-02-11,158.13450622558594,159.0,152.73399353027344,153.2935028076172,77100000,AMZN,159.0034942626953,-0.0054652134604896,-0.0306132009611035,-0.0359111067436319
2022-02-14,151.75100708007812,158.44850158691406,151.64999389648438,155.16700744628906,83230000,AMZN,153.2935028076172,-0.0100623685889341,0.0225105614251926,0.0122216832700543
2022-02-15,157.60549926757812,158.0070037841797,154.6374969482422,156.510498046875,56440000,AMZN,155.16700744628906,0.0157152726047973,-0.0069477348556477,0.0086583522019072
2022-02-16,155.79049682617188,158.83399963378906,154.7344970703125,158.10049438476562,52704000,AMZN,156.510498046875,-0.0046003381861802,0.0148275896518335,0.0101590395387689
2022-02-17,158.14599609375,160.3489990234375,154.5,154.65249633789062,64032000,AMZN,158.10049438476562,0.0002878024459154,-0.022090345896512,-0.0218089011061767
2022-02-18,155.49949645996094,155.49949645996094,150.89300537109375,152.60150146484375,63604000,AMZN,154.65249633789062,0.0054767956685273,-0.0186366841121146,-0.0132619577544081
2022-02-22,150.47850036621094,152.9824981689453,148.48550415039062,150.19749450683594,66128000,AMZN,152.60150146484375,-0.0139120590443332,-0.0018674153363512,-0.0157534947882649
2022-02-23,151.65049743652344,151.76300048828125,144.6510009765625,144.82699584960938,64244000,AMZN,150.19749450683594,0.0096739491857593,-0.0449949172752973,-0.0357562466328766
2022-02-24,139.83749389648438,151.74899291992188,139.5,151.35800170898438,100786000,AMZN,144.82699584960938,-0.0344514634433636,0.0823849705217695,0.0450952242781925
2022-02-25,150.5500030517578,153.99000549316406,149.2135009765625,153.7884979248047,62396000,AMZN,151.35800170898438,-0.0053383279912753,0.0215110913809381,0.0160579301284211
2022-02-28,152.4250030517578,154.4499969482422,150.85000610351562,153.56300354003906,57684000,AMZN,153.7884979248047,-0.0088660393426402,0.0074659699228926,-0.0014662630028149
2022-03-01,152.7324981689453,154.0989990234375,149.9770050048828,151.14199829101562,44874000,AMZN,153.56300354003906,-0.0054082386509014,-0.0104136310018995,-0.0157655502511202
2022-03-02,150.8489990234375,152.99949645996094,148.75,152.05250549316406,47334000,AMZN,151.14199829101562,-0.0019385694968381,0.0079782197927582,0.0060241839623909
2022-03-03,153.531494140625,153.9290008544922,146.8560028076172,147.89849853515625,65198000,AMZN,152.05250549316406,0.0097268285232394,-0.0366895120574368,-0.0273195561265813
2022-03-04,147.15899658203125,147.85000610351562,143.8070068359375,145.64100646972656,60934000,AMZN,147.89849853515625,-0.0050000639658233,-0.0103153062168272,-0.0152637929917393
2022-03-07,145.44349670410156,146.09449768066406,137.41650390625,137.4530029296875,86934000,AMZN,145.64100646972656,-0.001356141174883,-0.0549388178604532,-0.0562204542423362
2022-03-08,136.68350219726562,140.69949340820312,133.57249450683594,136.01449584960938,91662000,AMZN,137.4530029296875,-0.005598282438511,-0.004894565451584,-0.0104654467302833
2022-03-09,139.5,140.25,136.8280029296875,139.2790069580078,82656000,AMZN,136.01449584960938,0.0256259755889882,-0.0015841795124887,0.0240011999309837
2022-03-10,145.68499755859375,148.67449951171875,143.97799682617188,146.8175048828125,135062000,AMZN,139.2790069580078,0.0459939422350801,0.007773671573583,0.0541251556099731
2022-03-11,149.57449340820312,149.6750030517578,145.36900329589844,145.52450561523438,68900000,AMZN,146.8175048828125,0.0187783365995166,-0.0270767274599148,-0.0088068467626539
2022-03-14,145.9810028076172,147.4499969482422,140.88400268554688,141.85299682617188,74086000,AMZN,145.52450561523438,0.0031369094191584,-0.0282776930015027,-0.0252294881438727
2022-03-15,142.85000610351562,147.98500061035156,142.0,147.3665008544922,75584000,AMZN,141.85299682617188,0.0070284682005379,0.031617042758148,0.0388677303383067
2022-03-16,148.5,153.14999389648438,147.35350036621094,153.10400390625,84958000,AMZN,147.3665008544922,0.0076917015667421,0.0310033933080808,0.0389335637237051
2022-03-17,152.6405029296875,157.49850463867188,152.13999938964844,157.23899841308594,72934000,AMZN,153.10400390625,-0.0030273602566678,0.0301263124474681,0.0270077489898168
2022-03-18,156.81300354003906,161.593994140625,156.01100158691406,161.25050354003906,102962000,AMZN,157.23899841308594,-0.0027092189427951,0.0282980358760042,0.0255121513583698
2022-03-21,161.12100219726562,163.08399963378906,159.55299377441406,161.4915008544922,66538000,AMZN,161.25050354003906,-0.0008031065945867,0.002299505664525,0.0014945523217748
2022-03-22,161.8054962158203,166.16700744628906,161.69900512695312,164.88900756835938,64086000,AMZN,161.4915008544922,0.0019443460471089,0.0190569011847792,0.021038300442377
2022-03-23,163.7050018310547,166.3699951171875,162.68699645996094,163.4080047607422,55812000,AMZN,164.88900756835938,-0.0071806226186049,-0.0018142211110873,-0.0089818164925469
2022-03-24,163.74949645996094,164.11849975585938,160.0500030517578,163.64950561523438,56798000,AMZN,163.4080047607422,0.0020898101027471,-0.0006106329905631,0.0014779010051912
2022-03-25,164.0,165.36849975585938,162.25,164.77349853515625,49032000,AMZN,163.64950561523438,0.0021417381216517,0.00471645448266,0.0068682940146764
2022-03-28,164.97500610351562,169.03750610351562,164.89999389648438,168.99049377441406,59854000,AMZN,164.77349853515625,0.0012229367595564,0.0243399758893105,0.0255926789001088
2022-03-29,170.38400268554688,170.8314971923828,167.86849975585938,169.31500244140625,66154000,AMZN,168.99049377441406,0.0082460786995095,-0.0062740646263224,0.0019202776425126
2022-03-30,168.50950622558594,168.95050048828125,165.5,166.30099487304688,56168000,AMZN,169.31500244140625,-0.004757382418602,-0.0131061528931341,-0.0178011843303869
2022-03-31,166.44500732421875,166.4949951171875,162.95350646972656,162.99749755859375,59966000,AMZN,166.30099487304688,0.0008659746821226,-0.0207126054487749,-0.0198645673585716
2019-11-04,194.5500030517578,197.3699951171875,193.80999755859372,194.72000122070312,16371300,META,193.6199951171875,0.0048032639088098,0.0008738019340975,0.0056812629442009
2019-11-05,195.3699951171875,195.75,193.6000061035156,194.32000732421875,9942000,META,194.72000122070312,0.0033380951746586,-0.005374355424122,-0.0020542003593714
2019-11-06,194.02999877929688,194.3699951171875,191.3500061035156,191.5500030517578,10973000,META,194.32000732421875,-0.0014924276141983,-0.0127815066904163,-0.0142548588310787
2019-11-07,191.91000366210935,193.44000244140625,189.47000122070312,190.4199981689453,13473000,META,191.5500030517578,0.0018794080115691,-0.0077640845434377,-0.005899268414562
2019-11-08,190.0,192.33999633789065,189.6999969482422,190.83999633789065,10760800,META,190.4199981689453,-0.0022056410722821,0.004421033357319,0.0022056410722821
2019-11-11,189.92999267578125,190.0800018310547,188.5399932861328,189.6100006103516,8631200,META,190.83999633789065,-0.0047684116514976,-0.0016847895423021,-0.006445167423716
2019-11-12,190.0,195.05999755859372,189.7400054931641,194.47000122070312,17615500,META,189.6100006103516,0.0020568503158748,0.0235263222142269,0.0256315626533796
2019-11-13,194.6999969482422,195.6999969482422,192.7400054931641,193.19000244140625,10860700,META,194.47000122070312,0.0011826797248695,-0.0077554932229266,-0.0065819857626483
2019-11-14,192.92999267578125,194.02999877929688,191.4499969482422,193.1499938964844,9040500,META,193.19000244140625,-0.0013458758856005,0.0011403163274506,-0.0002070942823969
2019-11-15,194.25999450683597,195.3000030517578,193.3800048828125,195.1000061035156,11524300,META,193.1499938964844,0.0057468322310507,0.0043241615383147,0.010095844000266
2019-11-18,194.55999755859372,198.6300048828125,193.0500030517578,197.3999938964844,16167200,META,195.1000061035156,-0.0027678550898422,0.0145970208343332,0.0117887633060782
2019-11-19,197.3999938964844,200.0,196.8600006103516,199.32000732421875,19056800,META,197.3999938964844,0.0,0.0097265120927066,0.0097265120927065
2019-11-20,198.5800018310547,199.58999633789065,195.42999267578125,197.50999450683597,12355400,META,199.32000732421875,-0.0037126503410184,-0.005388293455295,-0.0090809389467791
2019-11-21,197.4199981689453,199.08999633789065,196.8600006103516,197.92999267578125,12131000,META,197.50999450683597,-0.00045565460176,0.0025832970902952,0.0021264653973285
2019-11-22,198.3800048828125,199.3000030517578,197.6199951171875,198.82000732421875,9959800,META,197.92999267578125,0.0022735928039385,0.0022179777728414,0.0044966133550834
2019-11-25,199.5200042724609,200.97000122070312,199.25,199.7899932861328,15272300,META,198.82000732421875,0.0035207570790434,0.0013531927019367,0.0048787140437647
2019-11-26,200.0,200.1499938964844,198.0399932861328,198.97000122070312,11735500,META,199.7899932861328,0.0010511372987855,-0.0051499938964843,-0.0041042699483718
2019-11-27,199.8999938964844,203.13999938964844,199.4199981689453,202.0,12736600,META,198.97000122070312,0.0046740346287161,0.0105052834799138,0.0152284201673995
2019-11-29,201.6000061035156,203.8000030517578,201.2100067138672,201.63999938964844,7985200,META,202.0,-0.001980167804378,0.000198379389494,-0.0017821812393641
2019-12-02,202.1300048828125,202.17999267578125,198.0500030517578,199.6999969482422,11503400,META,201.63999938964844,0.0024301006479234,-0.0120220050258205,-0.0096211190600997
2019-12-03,197.6000061035156,198.92999267578125,195.0800018310547,198.82000732421875,11595300,META,199.6999969482422,-0.0105157279760541,0.0061740950557663,-0.0044065580243924
2019-12-04,200.0,200.02999877929688,198.0500030517578,198.7100067138672,8456300,META,198.82000732421875,0.0059349795408518,-0.006449966430664,-0.0005532673086173
2019-12-05,199.8600006103516,201.2899932861328,198.2100067138672,199.3600006103516,9740400,META,198.7100067138672,0.0057872973560928,-0.002501751218218,0.0032710677596641
2019-12-06,200.5,201.57000732421875,200.05999755859372,201.0500030517578,12270600,META,199.3600006103516,0.0057182954763155,0.0027431573653756,0.0084771390260445
2019-12-09,200.6499938964844,203.13999938964844,200.2100067138672,201.33999633789065,11954800,META,201.0500030517578,-0.0019896003442012,0.0034388360946685,0.0014423938409897
2019-12-10,201.66000366210935,202.0500030517578,200.1499938964844,200.8699951171875,9475700,META,201.33999633789065,0.0015893877522561,-0.0039175271773056,-0.0023343658947642
2019-12-11,200.27999877929688,202.6300048828125,200.27999877929688,202.25999450683597,8036800,META,200.8699951171875,-0.0029372049197612,0.0098861381046889,0.0069198955714491
2019-12-12,202.3500061035156,203.66000366210935,194.1000061035156,196.75,23734800,META,202.25999450683597,0.0004450291660451,-0.0276748501833543,-0.0272421371328066
2019-12-13,196.3999938964844,196.8000030517578,193.1699981689453,194.1100006103516,18798000,META,196.75,-0.0017789382643742,-0.0116598439781,-0.013418040099865
2019-12-16,195.2700042724609,199.1199951171875,194.80999755859372,197.9199981689453,14911500,META,194.1100006103516,0.0059760118410276,0.0135709214856513,0.0196280333141711
2019-12-17,198.83999633789065,199.0,196.1300048828125,198.38999938964844,10175700,META,197.9199981689453,0.0046483335562685,-0.0022631108254372,0.0023747030368397
2019-12-18,200.08999633789065,204.3000030517578,200.08999633789065,202.5,23274400,META,198.38999938964844,0.0085689649350888,0.0120445984617822,0.0207167731387472
2019-12-19,202.77999877929688,206.3000030517578,202.50999450683597,206.05999755859372,16514600,META,202.5,0.0013827100212191,0.016175159281201,0.0175802348572531
2019-12-20,207.47999572753903,207.7100067138672,203.42999267578125,206.3000030517578,27306900,META,206.05999755859372,0.0068911879344342,-0.00568725997725,0.0011647359798487
2019-12-23,206.6999969482422,208.58999633789065,205.67999267578125,206.17999267578125,13348900,META,206.3000030517578,0.0019388942829245,-0.0025157439774474,-0.000581727456138
2019-12-24,206.3000030517578,206.7899932861328,205.0,205.1199951171875,6046300,META,206.17999267578125,0.0005820660599462,-0.0057198638735563,-0.0051411271522382
2019-12-26,205.57000732421875,207.82000732421875,205.30999755859372,207.7899932861328,9350700,META,205.1199951171875,0.0021938973173929,0.0107991724610524,0.0130167620539378
2019-12-27,208.6699981689453,208.92999267578125,206.58999633789065,208.1000061035156,10284200,META,207.7899932861328,0.0042350686329764,-0.0027315477568951,0.0014919525838565
2019-12-30,207.8600006103516,207.8999938964844,203.8999938964844,204.41000366210935,10524300,META,208.1000061035156,-0.0011533180496144,-0.0165976952665821,-0.0177318708946636
2019-12-31,204.0,205.55999755859372,203.6000061035156,205.25,8953500,META,204.41000366210935,-0.002005790591282,0.0061274509803921,0.0041093700055852
2020-01-02,206.75,209.7899932861328,206.2700042724609,209.77999877929688,12077100,META,205.25,0.0073081607795371,0.0146553749905532,0.0220706396068057
2020-01-03,207.2100067138672,210.3999938964844,206.9499969482422,208.6699981689453,11188400,META,209.77999877929688,-0.0122508917932329,0.0070459505225256,-0.0052912604481391
2020-01-06,206.6999969482422,212.77999877929688,206.5200042724609,212.6000061035156,17058900,META,208.6699981689453,-0.0094407496908499,0.028543827974757,0.0188336031487788
2020-01-07,212.82000732421875,214.5800018310547,211.75,213.05999755859372,14912400,META,212.6000061035156,0.0010348128616515,0.0011276676351645,0.0021636474217887
2020-01-08,213.0,216.2400054931641,212.6100006103516,215.22000122070312,13475000,META,213.05999755859372,-0.0002815993583087,0.0104225409422681,0.0101380066031182
2020-01-09,217.5399932861328,218.3800048828125,216.27999877929688,218.3000030517578,12642800,META,215.22000122070312,0.0107796303887695,0.0034936553694995,0.014310946071858
2020-01-10,219.1999969482422,219.8800048828125,217.4199981689453,218.05999755859372,12119400,META,218.3000030517578,0.0041227388176947,-0.0052007272149625,-0.0010994296372371
2020-01-13,219.6000061035156,221.97000122070312,219.2100067138672,221.91000366210935,14463400,META,218.05999755859372,0.0070623157028517,0.0105191142731792,0.0176557192819426
2020-01-14,221.6100006103516,222.3800048828125,218.6300048828125,219.05999755859372,13288900,META,221.91000366210935,-0.001351913148605,-0.0115067147003053,-0.0128430717700098
2020-01-15,220.6100006103516,221.67999267578125,220.13999938964844,221.1499938964844,10036500,META,219.05999755859372,0.0070757010363939,0.002447728047862,0.0095407484761411
2020-01-16,222.57000732421875,222.6300048828125,220.38999938964844,221.7700042724609,10015300,META,221.1499938964844,0.0064210421294383,-0.003594388396602,0.0028035740135121
2020-01-17,222.02999877929688,222.2899932861328,220.52999877929688,222.13999938964844,15905900,META,221.7700042724609,0.001172361012883,0.0004954312973757,0.0016683731345963
2020-01-21,222.16000366210935,222.3699951171875,219.1199951171875,221.44000244140625,14275800,META,222.13999938964844,9.005254576344157e-05,-0.0032409128953661,-0.0031511522020595
2020-01-22,222.30999755859372,222.75,221.27999877929688,221.32000732421875,12212800,META,221.44000244140625,0.0039288073861798,-0.0044531970907609,-0.0005418854582033
2020-01-23,220.75,221.4900054931641,219.2700042724609,219.75999450683597,11195000,META,221.32000732421875,-0.0025754893609041,-0.0044847360958734,-0.0070486750666761
2020-01-24,220.8000030517578,221.77999877929688,216.1100006103516,217.94000244140625,11905800,META,219.75999450683597,0.0047324743853209,-0.0129529011359712,-0.0082817260234918
2020-01-27,213.1000061035156,216.05999755859372,212.5,214.8699951171875,13810700,META,217.94000244140625,-0.0222079300893458,0.0083059078506646,-0.0140864792595574
2020-01-28,216.13999938964844,218.7400054931641,213.5200042724609,217.7899932861328,13413800,META,214.8699951171875,0.005910570583707,0.0076339127470331,0.0135896041108614
2020-01-29,221.44000244140625,224.1999969482422,218.4499969482422,223.22999572753903,33181300,META,217.7899932861328,0.0167593060645263,0.0080834233489789,0.0249782019794599
2020-01-30,206.52999877929688,211.42999267578125,204.75,209.52999877929688,48775500,META,223.22999572753903,-0.0748107210852845,0.0145257348459381,-0.0613716669374646
2020-01-31,208.42999267578125,208.69000244140625,201.05999755859372,201.91000366210935,31359900,META,209.52999877929688,-0.0052498740510865,-0.0312814337800889,-0.0363670842436926
2020-02-03,203.44000244140625,205.13999938964844,202.5,204.19000244140625,15495600,META,201.91000366210935,0.0075776274159118,0.0036865905967338,0.0112921536226229
2020-02-04,206.6199951171875,210.6000061035156,205.1999969482422,209.8300018310547,19628900,META,204.19000244140625,0.0119006447266121,0.0155357990016725,0.0276213297527476
2020-02-05,212.50999450683597,212.72999572753903,208.7100067138672,210.1100006103516,12538200,META,209.8300018310547,0.0127722091807398,-0.0112935577550314,0.0013344077436663
2020-02-06,210.47000122070312,211.19000244140625,209.33999633789065,210.8500061035156,10567500,META,210.1100006103516,0.0017133911251525,0.0018055061557871,0.0035219908191632
2020-02-07,210.3000030517578,212.82000732421875,209.92999267578125,212.3300018310547,12242500,META,210.8500061035156,-0.0026085038455621,0.0096528708979488,0.0070191875015288
2020-02-10,211.5200042724609,213.8000030517578,210.66000366210935,213.05999755859372,11856400,META,212.3300018310547,-0.003814805028063,0.0072806035127965,0.0034380244018454
2020-02-11,210.19000244140625,210.8600006103516,206.50999450683597,207.19000244140625,25030800,META,213.05999755859372,-0.0134703611662166,-0.0142728006334949,-0.0275509020203249
2020-02-12,207.8500061035156,211.22000122070312,207.3999938964844,210.75999450683597,13813700,META,207.19000244140625,0.0031854995623934,0.0140004249115636,0.017230522821386
2020-02-13,209.5200042724609,214.3300018310547,209.17999267578125,213.13999938964844,15396600,META,210.75999450683597,-0.0058834231670792,0.0172775632081414,0.0112924888254126
2020-02-14,214.0,214.92999267578125,212.6499938964844,214.17999267578125,10741700,META,213.13999938964844,0.0040349095093097,0.0008410872700058,0.0048793904903394
2020-02-18,213.5500030517578,217.97999572753903,213.3999938964844,217.8000030517578,15609200,META,214.17999267578125,-0.0029414027713461,0.0199016620897445,0.0169017205143733
2020-02-19,217.9900054931641,218.32000732421875,216.1100006103516,217.4900054931641,12135100,META,217.8000030517578,0.0008723711604408,-0.002293683138678,-0.0014233129212587
2020-02-20,216.5200042724609,218.7700042724609,212.9499969482422,214.5800018310547,13109200,META,217.4900054931641,-0.0044599806713123,-0.0089599224234497,-0.0133799420139369
2020-02-21,213.47999572753903,214.2400054931641,208.8300018310547,210.17999267578125,14092300,META,214.5800018310547,-0.0051263216242383,-0.0154581371454098,-0.0205052153869291
2020-02-24,201.8000030517578,203.6499938964844,198.1699981689453,200.72000122070312,23080100,META,210.17999267578125,-0.0398705391380911,-0.00535184249119,-0.0450090007837753
2020-02-25,202.25,203.5,195.9499969482422,196.7700042724609,21433500,META,200.72000122070312,0.0076225526603825,-0.0270951581089694,-0.0196791397181137
2020-02-26,197.19000244140625,201.2100067138672,195.4900054931641,197.1999969482422,16524500,META,196.7700042724609,0.0021344623663459,5.068465293471105e-05,0.0021852552037648
2020-02-27,191.82000732421875,195.8800048828125,189.5,189.75,21682600,META,197.1999969482422,-0.0272818950673487,-0.0107914046771981,-0.0377788897745142
2020-02-28,182.6999969482422,192.7400054931641,181.82000732421875,192.47000122070312,32568900,META,189.75,-0.0371541662806735,0.0534756674091719,0.0143346572896081
2020-03-02,194.02999877929688,196.57000732421875,188.8500061035156,196.44000244140625,24949000,META,192.47000122070312,0.0081051465095847,0.0124207786284154,0.0206265973685466
2020-03-03,196.22000122070312,197.2400054931641,183.97000122070312,185.88999938964844,27984100,META,196.44000244140625,-0.0011199410403629,-0.052644999321123,-0.0537059810661764
2020-03-04,189.1699981689453,191.8300018310547,186.38999938964844,191.75999450683597,23062500,META,185.88999938964844,0.017644837215915,0.0136913694716935,0.0315777886731993
2020-03-05,186.77999877929688,188.9900054931641,183.88999938964844,185.1699981689453,19333400,META,191.75999450683597,-0.0259699409167512,-0.0086197698943877,-0.0343658558962657
2020-03-06,178.3300018310547,183.77999877929688,176.25999450683594,181.08999633789065,24559600,META,185.1699981689453,-0.0369390095886372,0.0154768938400543,-0.022033816878543
2020-03-09,169.60000610351562,175.0,165.19000244140625,169.5,29949000,META,181.08999633789065,-0.0634490610565596,-0.000589658607999,-0.0640013063795372
2020-03-10,174.6699981689453,178.2899932861328,169.5,178.19000244140625,24517800,META,169.5,0.0305014641235712,0.020152311841535,0.0512684509817478
2020-03-11,174.00999450683594,175.8800048828125,167.66000366210938,170.24000549316406,20373900,META,178.19000244140625,-0.0234581507228207,-0.0216653590752442,-0.0446152805394138
2020-03-12,159.5399932861328,166.60000610351562,154.33999633789062,154.47000122070312,43266300,META,170.24000549316406,-0.0628525132857852,-0.0317788158379618,-0.092633950679085
2020-03-13,163.52999877929688,170.7899932861328,157.60000610351562,170.27999877929688,35028600,META,154.47000122070312,0.0586521492004719,0.0412768302475799,0.1023499542542554
2020-03-16,152.32000732421875,159.1300048828125,143.10000610351562,146.00999450683594,39120400,META,170.27999877929688,-0.1054732886060001,-0.0414260275339385,-0.1425299767820514
2020-03-17,150.74000549316406,153.94000244140625,140.0,149.4199981689453,34255600,META,146.00999450683594,0.0323951178979509,-0.0087568480570249,0.0233545907157042
2020-03-18,139.75,148.17999267578125,137.10000610351562,146.9600067138672,37553100,META,149.4199981689453,-0.0647168939060733,0.0515921768434145,-0.0164636024978174
2020-03-19,146.6199951171875,159.92999267578125,144.8000030517578,153.1300048828125,39862300,META,146.9600067138672,-0.0023136335135156,0.0444005591489879,0.0419841990138063
2020-03-20,156.02000427246094,159.27000427246094,148.0,149.72999572753906,32568400,META,153.1300048828125,0.0188728485436939,-0.0403153978507621,-0.0222034157046844
2020-03-23,149.66000366210938,152.30999755859375,142.25,148.10000610351562,29830800,META,149.72999572753906,-0.0004674552022098,-0.0104236103195332,-0.0108861929508733
2020-03-24,155.2100067138672,161.30999755859375,152.57000732421875,160.97999572753906,30440400,META,148.10000610351562,0.0480081047760523,0.0371753673351033,0.0869681910412676
2020-03-25,158.9199981689453,162.99000549316406,153.05999755859375,156.2100067138672,35184300,META,160.97999572753906,-0.0127966058719515,-0.0170525515120958,-0.0296309426032359
2020-03-26,158.25,164.0,157.02000427246094,163.33999633789062,26556800,META,156.2100067138672,0.0130592996508187,0.0321642738571287,0.0456436163982987
2020-03-27,158.1999969482422,160.08999633789062,154.75,156.7899932861328,24879900,META,163.33999633789062,-0.0314681003115469,-0.0089127919678195,-0.040100423647667
2020-03-30,159.17999267578125,166.75,158.05999755859375,165.9499969482422,22515200,META,156.7899932861328,0.0152433158491616,0.0425304974491996,0.0584221191042013
2020-03-31,165.47999572753906,170.92999267578125,164.1999969482422,166.8000030517578,23676300,META,165.9499969482422,-0.0028321857749097,0.0079768392452228,0.005122061579674
2020-04-01,161.6199951171875,164.14999389648438,158.0399932861328,159.60000610351562,19507600,META,166.8000030517578,-0.0310552028764828,-0.0124983855630438,-0.0431654485402379
2020-04-02,159.10000610351562,161.35000610351562,155.9199981689453,158.19000244140625,20886300,META,159.60000610351562,-0.0031328319603929,-0.0057196959597682,-0.0088346090738546
2020-04-03,157.14999389648438,157.91000366210938,150.8300018310547,154.17999267578125,25983300,META,158.19000244140625,-0.0065744265052849,-0.0188991494499165,-0.0253493248861306
2020-04-06,160.14999389648438,166.1999969482422,158.50999450683594,165.5500030517578,28453600,META,154.17999267578125,0.0387209852400058,0.0337184474622198,0.0737450442087261
2020-04-07,171.7899932861328,173.38999938964844,166.00999450683594,168.8300018310547,31411900,META,165.5500030517578,0.0376924803343199,-0.017230290300716,0.0198127376552896
2020-04-08,171.25,175.0,167.74000549316406,174.27999877929688,21664200,META,168.8300018310547,0.0143339343878403,0.0176934235287408,0.0322809742885386
2020-04-09,175.89999389648438,177.0800018310547,171.57000732421875,175.19000244140625,23534300,META,174.27999877929688,0.0092953587820425,-0.0040363358710287,0.0052215037209277
2020-04-13,173.6699981689453,175.0,169.4499969482422,174.7899932861328,19355400,META,175.19000244140625,-0.0086763185757093,0.006448984447492,-0.0022832875717735
2020-04-14,178.97999572753906,181.22999572753903,176.6199951171875,178.1699981689453,21011800,META,174.7899932861328,0.0239716379789955,-0.0045256317908667,0.0193375193812119
2020-04-15,175.19000244140625,178.19000244140625,172.82000732421875,176.97000122070312,17423000,META,178.1699981689453,-0.0167255753390834,0.0101603901734758,-0.0067351235369286
2020-04-16,177.9499969482422,178.0500030517578,172.50999450683594,176.25,23593200,META,176.97000122070312,0.0055376375700924,-0.009553228307931,-0.0040684930538322
2020-04-17,179.1999969482422,180.27999877929688,176.66000366210938,179.24000549316406,20974800,META,176.25,0.0167375713375443,0.0002232619732322,0.0169645701739804
2020-04-20,177.41000366210938,180.5,176.77000427246094,178.24000549316406,16110700,META,179.24000549316406,-0.0102097845066428,0.0046784387234188,-0.0055791116344177
2020-04-21,175.25,175.3800048828125,168.33999633789062,170.8000030517578,24850500,META,178.24000549316406,-0.0167751649518365,-0.0253922793052335,-0.0417414845832216
2020-04-22,178.4499969482422,184.77999877929688,178.13999938964844,182.27999877929688,33242000,META,170.8000030517578,0.0447891906311395,0.0214626051922295,0.0672130885387645
2020-04-23,184.0800018310547,187.0500030517578,183.1499938964844,185.1300048828125,21426600,META,182.27999877929688,0.009874934517293,0.0057040582426845,0.0156353199616068
2020-04-24,183.22999572753903,190.41000366210935,180.8300018310547,190.07000732421875,28792000,META,185.1300048828125,-0.0102631075739243,0.0373301956894148,0.0266839643013745
2020-04-27,192.66000366210935,193.75,187.41000366210935,187.5,29197800,META,190.07000732421875,0.013626538844041,-0.0267829521645763,-0.0135213722585639
2020-04-28,188.66000366210935,189.1999969482422,182.55999755859372,182.91000366210935,21731000,META,187.5,0.0061866861979167,-0.0304781081754788,-0.0244799804687499
2020-04-29,190.92999267578125,196.91000366210935,190.0,194.19000244140625,45954500,META,182.91000366210935,0.0438466396211287,0.0170743722342294,0.0616696657014697
2020-04-30,206.9199981689453,209.69000244140625,201.57000732421875,204.7100067138672,46230100,META,194.19000244140625,0.0655543311575999,-0.0106804150136987,0.0541737686811925
2020-05-01,201.6000061035156,207.27999877929688,199.0500030517578,202.2700042724609,30415600,META,204.7100067138672,-0.0151922256282203,0.0033234035151828,-0.0119193120090936
2020-05-04,200.1999969482422,205.91000366210935,198.75999450683597,205.25999450683597,19250700,META,202.2700042724609,-0.0102338818435501,0.0252747134651651,0.0147821731903827
2020-05-05,207.0200042724609,210.3800048828125,206.5,207.07000732421875,21071200,META,205.25999450683597,0.0085745386959288,0.0002415372945891,0.008818147061397
2020-05-06,208.1199951171875,211.6000061035156,206.66000366210935,208.47000122070312,21857000,META,207.07000732421875,0.0050706898914856,0.0016817514497756,0.0067609689813374
2020-05-07,211.16000366210935,211.6000061035156,209.0399932861328,211.25999450683597,15152000,META,208.47000122070312,0.012903546916366,0.0004735311753762,0.0133831883234802
2020-05-08,212.2400054931641,213.2100067138672,210.8500061035156,212.3500061035156,12506000,META,211.25999450683597,0.0046388857891237,0.0005182840534514,0.0051595741031056
2020-05-11,210.88999938964844,215.0,210.3699951171875,213.17999267578125,12911900,META,212.3500061035156,-0.0068754729074764,0.0108587097195715,0.003908578047608
2020-05-12,213.2899932861328,215.27999877929688,210.0,210.1000061035156,14704600,META,213.17999267578125,0.000515998752842,-0.0149561033476978,-0.0144478219255307
2020-05-13,209.42999267578125,210.77999877929688,202.1100006103516,205.1000061035156,20684600,META,210.1000061035156,-0.003189021457735,-0.0206751025339951,-0.0237981906461083
2020-05-14,202.55999755859372,206.92999267578125,200.69000244140625,206.80999755859372,17178900,META,205.1000061035156,-0.0123842441215721,0.0209814378516203,0.008337354481672
2020-05-15,205.2700042724609,211.33999633789065,204.1199951171875,210.8800048828125,19383200,META,206.80999755859372,-0.0074464160548936,0.0273298606400633,0.0196799350721215
2020-05-18,212.1499938964844,214.63999938964844,210.94000244140625,213.19000244140625,20151900,META,210.8800048828125,0.0060223301605935,0.0049022322641655,0.0109540852859777
2020-05-19,213.2700042724609,220.4900054931641,212.8300018310547,216.8800048828125,31843200,META,213.19000244140625,0.0003752607070619,0.0169269026962631,0.0173085154047991
2020-05-20,223.5,231.33999633789065,223.19000244140625,229.97000122070312,50162900,META,216.8800048828125,0.0305237687575878,0.0289485513230564,0.0603559389670964
2020-05-21,234.72000122070312,237.1999969482422,231.1999969482422,231.38999938964844,47782600,META,229.97000122070312,0.0206548679166262,-0.0141871242916514,0.0061747104466141
2020-05-22,231.50999450683597,235.9900054931641,228.7400054931641,234.91000366210935,33925600,META,231.38999938964844,0.0005185838519556,0.0146862305556879,0.0152124304496559
2020-05-26,239.7700042724609,240.8999938964844,231.6699981689453,232.1999969482422,33178300,META,234.91000366210935,0.0206887766999575,-0.0315719530772357,-0.0115363614644747
2020-05-27,229.07000732421875,230.55999755859372,221.1300048828125,229.13999938964844,34697600,META,232.1999969482422,-0.0134797143202423,0.000305548798148,-0.0131782842326041
2020-05-28,224.3000030517578,231.6300048828125,224.0,225.4600067138672,29377200,META,229.13999938964844,-0.0211224419602982,0.0051716613746175,-0.0160600187029044
2020-05-29,225.1999969482422,227.4900054931641,222.8800048828125,225.08999633789065,23241500,META,225.4600067138672,-0.0011532411863847,-0.0004884574238109,-0.0016411353009766
2020-06-01,224.58999633789065,232.44000244140625,223.5,231.91000366210935,18223800,META,225.08999633789065,-0.0022213337248867,0.0325927576631951,0.030299024546524
2020-06-02,230.94000244140625,233.0,226.55999755859372,232.72000122070312,20919000,META,231.91000366210935,-0.0041826622628854,0.0077076243200806,0.003492723667815
2020-06-03,232.1100006103516,232.6499938964844,228.52999877929688,230.16000366210935,15380300,META,232.72000122070312,-0.0026211782706766,-0.0084011759213929,-0.0110003332122963
2020-06-04,229.55999755859372,231.6300048828125,224.6100006103516,226.2899932861328,17041500,META,230.16000366210935,-0.0026069086460238,-0.014244660686696,-0.0168144348036159
2020-06-05,226.7100067138672,231.3500061035156,225.30999755859372,230.7700042724609,16750400,META,226.2899932861328,0.0018560848477435,0.0179083297532513,0.0197976539804982
2020-06-08,229.02999877929688,231.5500030517578,227.41000366210935,231.3999938964844,15466500,META,230.7700042724609,-0.007539998530787,0.0103479680819949,0.002729945887073
2020-06-09,231.5200042724609,239.7700042724609,230.41000366210935,238.6699981689453,27462900,META,231.3999938964844,0.0005186273947364,0.0308828341592029,0.0314174782377614
2020-06-10,240.9600067138672,241.2100067138672,235.27999877929688,236.72999572753903,20720700,META,238.6699981689453,0.0095948739367772,-0.0175548259813552,-0.0081283883868511
2020-06-11,229.94000244140625,232.88999938964844,223.5500030517578,224.42999267578125,26708200,META,236.72999572753903,-0.0286824374125688,-0.0239628151131688,-0.0519579405810251
2020-06-12,229.8999938964844,231.66000366210935,224.5,228.5800018310547,22091400,META,224.42999267578125,0.0243728619133596,-0.0057415924335519,0.0184913304402618
2020-06-15,225.08999633789065,233.7700042724609,224.8000030517578,232.5,15340300,META,228.5800018310547,-0.0152682013527305,0.0329201820723563,0.0171493487511764
2020-06-16,237.13999938964844,238.4600067138672,233.0,235.6499938964844,15236700,META,232.5,0.0199569866221438,-0.0062832314118202,0.0135483608450941
2020-06-17,235.0,237.58999633789065,231.72999572753903,235.52999877929688,19578100,META,235.6499938964844,-0.0027583021995319,0.0022553139544547,-0.0005092090825183
2020-06-18,234.9900054931641,236.13999938964844,232.1499938964844,235.94000244140625,15782500,META,235.52999877929688,-0.0022926730732029,0.0040427121410907,0.0017407704506191
2020-06-19,237.7899932861328,240.8300018310547,235.5500030517578,238.7899932861328,30081300,META,235.94000244140625,0.0078409376349226,0.0042053914303984,0.0120793032772572
2020-06-22,238.55999755859372,240.6999969482422,236.91000366210935,239.22000122070312,18917800,META,238.7899932861328,-0.0009631715482459,0.0027666149767932,0.0018007787037166
2020-06-23,241.27999877929688,245.19000244140625,239.8600006103516,242.2400054931641,24017900,META,239.22000122070312,0.0086113098740987,0.0039788076870197,0.0126243803070409
2020-06-24,241.1999969482422,243.22000122070312,232.67999267578125,234.0200042724609,20834900,META,242.2400054931641,-0.0042932980570429,-0.0297677975399061,-0.0339332935696085
2020-06-25,234.6199951171875,237.3000030517578,232.7400054931641,235.67999267578125,18704300,META,234.0200042724609,0.0025638442602027,0.0045179335975363,0.007093361135861
2020-06-26,232.63999938964844,233.08999633789065,215.3999938964844,216.0800018310547,76343900,META,235.67999267578125,-0.0128988178063754,-0.0711829332962532,-0.0831635754151169
2020-06-29,209.75,220.75,207.1100006103516,220.63999938964844,58514300,META,216.0800018310547,-0.0292947138902928,0.0519189482224001,0.0211032835984472
2020-06-30,220.58999633789065,227.5,218.47000122070312,227.07000732421875,33927100,META,220.63999938964844,-0.0002266273200514,0.0293758152858496,0.0291425306035058
2020-07-01,228.5,239.0,227.55999755859372,237.5500030517578,43399700,META,227.07000732421875,0.0062975850163224,0.0396061402702748,0.0461531483221178
2020-07-02,239.0,240.0,232.6100006103516,233.4199981689453,30633600,META,237.5500030517578,0.0061039651846532,-0.0233472879960447,-0.0173858338444754
2020-07-06,233.75999450683597,240.3999938964844,232.2700042724609,240.27999877929688,26206200,META,233.4199981689453,0.0014565861561035,0.0278918738264697,0.0293890868998567
2020-07-07,239.41000366210935,247.6499938964844,238.82000732421875,240.8600006103516,27887800,META,240.27999877929688,-0.0036207554586622,0.0060565428597905,0.0024138581405082
2020-07-08,238.1100006103516,246.9900054931641,236.58999633789065,243.5800018310547,29791300,META,240.8600006103516,-0.0114174208794791,0.0229725807680558,0.0112928722652598
2020-07-09,245.0,246.52999877929688,239.2400054931641,244.5,22174900,META,243.5800018310547,0.0058296993113999,-0.0020408163265306,0.0037769856393359
2020-07-10,243.69000244140625,245.4900054931641,239.32000732421875,245.07000732421875,22982700,META,244.5,-0.0033128734502811,0.0056629523943819,0.002331318299463
2020-07-13,247.00999450683597,250.1499938964844,238.4199981689453,239.0,24674900,META,245.07000732421875,0.0079160530649948,-0.0324278154121988,-0.0247684626547889
2020-07-14,236.75999450683597,240.3300018310547,232.02999877929688,239.72999572753903,23378100,META,239.0,-0.0093724079211885,0.0125443541544657,0.0030543754290337
2020-07-15,241.5500030517578,244.82000732421875,238.0500030517578,240.27999877929688,19133600,META,239.72999572753903,0.0075919048790509,-0.0052577282401806,0.0022942604661908
2020-07-16,238.0,241.75999450683597,236.3300018310547,240.92999267578125,18880700,META,240.27999877929688,-0.0094889245500251,0.0123108935957195,0.0027051519052212
2020-07-17,241.0,244.16000366210935,237.8600006103516,242.02999877929688,18152400,META,240.92999267578125,0.0002905712295975,0.0042738538560036,0.0045656669445712
2020-07-20,240.05999755859372,246.0500030517578,235.63999938964844,245.4199981689453,20872200,META,242.02999877929688,-0.0081394919251291,0.0223277541650532,0.0140065256651913
2020-07-21,246.22000122070312,246.91000366210935,240.0800018310547,241.75,19364200,META,245.4199981689453,0.0032597304935479,-0.0181545008469737,-0.0149539491334317
2020-07-22,240.25999450683597,241.8999938964844,238.1199951171875,239.8699951171875,15427900,META,241.75,-0.0061634146563146,-0.0016232389851209,-0.0077766489464839
2020-07-23,239.6300048828125,242.4199981689453,231.75,232.6000061035156,21771800,META,239.8699951171875,-0.0010005012684382,-0.0293368886869354,-0.0303080383610303
2020-07-24,230.19000244140625,233.4900054931641,226.8999938964844,230.7100067138672,18325800,META,232.6000061035156,-0.0103611504680564,0.0022590219685726,-0.0081255345660108
2020-07-27,231.4600067138672,234.9499969482422,230.8300018310547,233.5,13163100,META,230.7100067138672,0.0032508342862223,0.0088135886414911,0.0120930744438538
2020-07-28,234.6300048828125,234.9600067138672,229.8300018310547,230.1199951171875,14170100,META,233.5,0.004839421339668,-0.0192217946203323,-0.0144753956437365
2020-07-29,231.13999938964844,233.6999969482422,230.30999755859372,233.2899932861328,13588300,META,230.1199951171875,0.0044324886759252,0.0093016955185674,0.0137754138545458
2020-07-30,230.22000122070312,234.88999938964844,229.0,234.5,20615300,META,233.2899932861328,-0.0131595531475038,0.0185909076387928,0.0051867064541559
2020-07-31,255.82000732421875,255.8500061035156,249.0,253.6699981689453,53005100,META,234.5,0.0909168755830223,-0.0084043823536779,0.0817483930445428
2020-08-03,252.6499938964844,255.3999938964844,250.3300018310547,251.9600067138672,23124900,META,253.6699981689453,-0.0040209890007631,-0.0027310001950757,-0.0067410078740933
2020-08-04,251.55999755859372,252.8000030517578,247.42999267578125,249.8300018310547,17183500,META,251.9600067138672,-0.0015875898738473,-0.0068770700601398,-0.0084537419671979
2020-08-05,250.19000244140625,252.2700042724609,247.7700042724609,249.1199951171875,13050100,META,249.8300018310547,0.0014409822988152,-0.0042767789031431,-0.0028419593670231
2020-08-06,249.0399932861328,266.6000061035156,248.6699981689453,265.2799987792969,45241600,META,249.1199951171875,-0.0003211377353192,0.0652104317819556,0.0648683525162547
2020-08-07,264.0799865722656,278.8900146484375,263.42999267578125,268.44000244140625,72766400,META,265.2799987792969,-0.0045235683525074,0.0165102093715363,0.0119119559584226
2020-08-10,268.0400085449219,273.8599853515625,259.69000244140625,263.0,30248800,META,268.44000244140625,-0.00149006814501,-0.0188031949867558,-0.0202652450898918
2020-08-11,260.19000244140625,265.9200134277344,255.1300048828125,256.1300048828125,28238300,META,263.0,-0.0106844013634743,-0.0156039721760948,-0.0261216544379753
2020-08-12,258.9700012207031,263.8999938964844,258.1099853515625,259.8900146484375,21415700,META,256.1300048828125,0.0110881048051749,0.0035525868764633,0.0146800831372542
2020-08-13,261.54998779296875,265.1600036621094,259.57000732421875,261.29998779296875,17374000,META,259.8900146484375,0.0063872140173479,-0.0009558402281321,0.0054252686331122
2020-08-14,262.3099975585937,262.6499938964844,258.67999267578125,261.239990234375,14792700,META,261.29998779296875,0.0038653264937205,-0.004079170958704,-0.0002296117925626
2020-08-17,262.5,264.1000061035156,259.3999938964844,261.1600036621094,13351100,META,261.239990234375,0.0048231886875151,-0.005104747953869,-0.0003061804289375
2020-08-18,260.95001220703125,265.1499938964844,259.260009765625,262.3399963378906,18690400,META,261.1600036621094,-0.0008040720329818,0.0053266298748305,0.0045182748477363
2020-08-19,261.3900146484375,267.9100036621094,261.3500061035156,262.5899963378906,23291500,META,262.3399963378906,-0.0036211851136475,0.0045907709637151,0.0009529618185937
2020-08-20,261.5,269.6300048828125,261.4599914550781,269.010009765625,20299700,META,262.5899963378906,-0.0041509438786391,0.0287189665989483,0.0244488119017045
2020-08-21,268.69000244140625,270.489990234375,266.4200134277344,267.010009765625,15538600,META,269.010009765625,-0.001189574040377,-0.0062525313949766,-0.0074346675863196
2020-08-24,271.07000732421875,277.25,268.7699890136719,271.3900146484375,23685600,META,267.010009765625,0.0152054133182404,0.0011805338679022,0.0164038976915403
2020-08-25,272.4100036621094,283.0899963378906,270.260009765625,280.82000732421875,42127200,META,271.3900146484375,0.0037583881448002,0.0308725947984675,0.0347470141375576
2020-08-26,284.0,304.6700134277344,284.0,303.9100036621094,69015200,META,280.82000732421875,0.0113239533966318,0.0701056466975682,0.082223473170244
2020-08-27,300.1600036621094,301.2300109863281,292.0199890136719,293.2200012207031,30301300,META,303.9100036621094,-0.0123391792136243,-0.0231210099837905,-0.0351748949116249
2020-08-28,295.0,297.2300109863281,290.9800109863281,293.6600036621094,17157400,META,293.2200012207031,0.0060705230607958,-0.0045423604674258,0.0015005880894021
2020-08-31,293.95001220703125,296.8800048828125,291.54998779296875,293.20001220703125,17345100,META,293.6600036621094,0.0009875656926559,-0.0025514542230118,-0.0015664082590129
2020-09-01,294.7099914550781,301.489990234375,292.7099914550781,295.44000244140625,17295900,META,293.20001220703125,0.0051499972209436,0.0024770486495005,0.0076398026641053
2020-09-02,298.8800048828125,303.6000061035156,293.04998779296875,302.5,24341400,META,295.44000244140625,0.0116436583163395,0.0121118678334031,0.0238965526003673
2020-09-03,295.989990234375,297.6000061035156,283.6300048828125,291.1199951171875,32294100,META,302.5,-0.0215206934400826,-0.0164532426023301,-0.0376198508522727
2020-09-04,287.25,289.0,271.1400146484375,282.7300109863281,30333700,META,291.1199951171875,-0.0132934706722211,-0.0157353838596061,-0.0288196766679734
2020-09-08,271.2799987792969,279.29998779296875,269.4200134277344,271.1600036621094,24864000,META,282.7300109863281,-0.0404980432288984,-0.0004423293929794,-0.0409224591469995
2020-09-09,275.7699890136719,278.4800109863281,271.3500061035156,273.7200012207031,22918800,META,271.1600036621094,0.017000978349694,-0.0074336870386107,0.0094409113586815
2020-09-10,275.510009765625,279.1600036621094,267.0299987792969,268.0899963378906,24814700,META,273.7200012207031,0.0065395606347327,-0.0269319195845063,-0.0205684818709063
2020-09-11,270.0599975585937,271.3900146484375,262.6400146484375,266.6099853515625,18913900,META,268.0899963378906,0.0073482832168798,-0.0127749842191371,-0.0055205752043906
2020-09-14,270.95001220703125,276.6400146484375,265.70001220703125,266.1499938964844,24093800,META,266.6099853515625,0.0162785607963851,-0.01771551243511,-0.0017253346849389
2020-09-15,270.6700134277344,274.5199890136719,269.29998779296875,272.4200134277344,18478500,META,266.1499938964844,0.0169829781510646,0.0064654372970178,0.0235582178284348
2020-09-16,267.2900085449219,272.44000244140625,261.7900085449219,263.5199890136719,29183400,META,272.4200134277344,-0.0188312334995657,-0.0141046032800601,-0.0326702297018403
2020-09-17,258.2799987792969,261.5,250.19000244140625,254.82000732421875,31281400,META,263.5199890136719,-0.0198846025077177,-0.0133962810571124,-0.0330145038409278
2020-09-18,258.3999938964844,259.20001220703125,250.0500030517578,252.52999877929688,28130800,META,254.82000732421875,0.0140490796223495,-0.0227166999064985,-0.0089867690098924
2020-09-21,247.5399932861328,249.9499969482422,244.1300048828125,248.1499938964844,24709400,META,252.52999877929688,-0.0197600503595026,0.0024642507348154,-0.0173444933433056
2020-09-22,253.30999755859372,255.32000732421875,248.22000122070312,254.75,30293100,META,248.1499938964844,0.020793889941669,0.0056847438130552,0.0265968416919195
2020-09-23,255.25999450683597,257.989990234375,248.1499938964844,249.0200042724609,19641300,META,254.75,0.0020019411455778,-0.0244456255138244,-0.0224926230717922
2020-09-24,246.5,252.2400054931641,245.6199951171875,249.52999877929688,20006800,META,249.0200042724609,-0.0101196860863583,0.0122920842973504,0.0020480061765557
2020-09-25,249.3999938964844,255.75,246.6100006103516,254.82000732421875,18351300,META,249.52999877929688,-0.0005209990119363,0.0217322115492272,0.0211998900765464
2020-09-28,259.3999938964844,259.6000061035156,254.82000732421875,256.82000732421875,18826300,META,254.82000732421875,0.017973418258474,-0.0099459777678144,0.0078486772722492
2020-09-29,257.8099975585937,263.3299865722656,256.8999938964844,261.7900085449219,20200200,META,256.82000732421875,0.0038548018306268,0.0154377682169736,0.0193520795847841
2020-09-30,261.9800109863281,266.0799865722656,260.1000061035156,261.8999938964844,20142500,META,261.7900085449219,0.0007257818679264,-0.0003054320424771,0.000420128148411
2020-10-01,265.3500061035156,268.3299865722656,264.79998779296875,266.6300048828125,20009800,META,261.8999938964844,0.0131730136977203,0.0048238128880899,0.0180603707390603
2020-10-02,261.2099914550781,265.1499938964844,259.17999267578125,259.94000244140625,16367600,META,266.6300048828125,-0.0203278450604857,-0.0048619465380989,-0.0250909587026658
2020-10-05,262.20001220703125,264.8699951171875,260.8399963378906,264.6499938964844,12822300,META,259.94000244140625,0.0086943515595852,0.0093439419351309,0.0181195330108523
2020-10-06,261.7799987792969,265.69000244140625,258.239990234375,258.6600036621094,18696900,META,264.6499938964844,-0.0108444934191461,-0.0119183861705871,-0.0226336307293395
2020-10-07,259.2099914550781,260.17999267578125,254.82000732421875,258.1199951171875,23133400,META,258.6600036621094,0.0021262962390087,-0.0042050706910328,-0.0020877156780191
2020-10-08,259.75,264.6199951171875,259.1499938964844,263.760009765625,16312800,META,258.1199951171875,0.0063149113344453,0.0154379586742059,0.0218503593488637
2020-10-09,264.5199890136719,264.75,262.1700134277344,264.45001220703125,14107800,META,263.760009765625,0.0028813285559179,-0.0002645426037614,0.0026160237179979
2020-10-12,270.20001220703125,280.17999267578125,267.8699951171875,275.75,31019300,META,264.45001220703125,0.0217432396845513,0.0205402943828006,0.0427301466113083
2020-10-13,277.5799865722656,279.1000061035156,273.3900146484375,276.1400146484375,18063300,META,275.75,0.0066363973608907,-0.0051875927425813,0.0014143776915231
2020-10-14,277.6199951171875,278.75,271.5,271.82000732421875,15577800,META,276.1400146484375,0.0053595291889667,-0.0208918229773777,-0.0156442641234689
2020-10-15,267.6000061035156,269.0400085449219,263.6700134277344,266.7200012207031,15416100,META,271.82000732421875,-0.0155249838385502,-0.0032885084556839,-0.0187624382536069
2020-10-16,267.3800048828125,271.3699951171875,265.29998779296875,265.92999267578125,16622700,META,266.7200012207031,0.0024745188178192,-0.005423039047616,-0.00296193964197
2020-10-19,265.5299987792969,268.54998779296875,259.8800048828125,261.3999938964844,13587000,META,265.92999267578125,-0.0015041323186589,-0.015553816524683,-0.0170345538452286
2020-10-20,263.0599975585937,269.70001220703125,262.8800048828125,267.5599975585937,18763200,META,261.3999938964844,0.0063504349688958,0.0171063637260076,0.0235654315452997
2020-10-21,279.5599975585937,283.04998779296875,276.3699951171875,278.7300109863281,28998600,META,267.5599975585937,0.0448497537355974,-0.0029689032032977,0.0417476959547669
2020-10-22,279.8699951171875,282.45001220703125,275.0400085449219,278.1199951171875,16720000,META,278.7300109863281,0.0040899224551578,-0.0062529032426903,-0.0021885546769147
2020-10-23,278.79998779296875,285.239990234375,276.82000732421875,284.7900085449219,17535200,META,278.1199951171875,0.0024449614832429,0.0214850108114107,0.0239825023185547
2020-10-26,283.1600036621094,285.2300109863281,274.260009765625,277.1099853515625,21322900,META,284.7900085449219,-0.0057235325464565,-0.0213660765373003,-0.0269673196493055
2020-10-27,278.760009765625,284.510009765625,276.3099975585937,283.2900085449219,16287200,META,277.1099853515625,0.0059544025884492,0.0162505331489462,0.0223016979540413
2020-10-28,278.7900085449219,278.7900085449219,267.260009765625,267.6700134277344,23121800,META,283.2900085449219,-0.0158847818993461,-0.0398866342995061,-0.0551378257123057
2020-10-29,276.54998779296875,283.6000061035156,273.7799987792969,280.8299865722656,32368100,META,267.6700134277344,0.0331750809570299,0.015476401982346,0.0491649138280638
2020-10-30,274.5,276.70001220703125,259.1000061035156,263.1099853515625,47247800,META,280.8299865722656,-0.0225402801514458,-0.0414936781363843,-0.063098679158122
2020-11-02,264.6000061035156,270.4700012207031,257.3399963378906,261.3599853515625,27165700,META,263.1099853515625,0.0056631098586479,-0.0122449761043678,-0.0066512108906154
2020-11-03,263.1600036621094,270.04998779296875,260.8800048828125,265.29998779296875,17961900,META,261.3599853515625,0.0068871227863194,0.0081318745291061,0.0150750025337904
2020-11-04,281.0,288.94000244140625,278.6199951171875,287.3800048828125,35364400,META,265.29998779296875,0.0591783374648438,0.0227046437110765,0.0832266042434735
2020-11-05,291.8999938964844,297.3800048828125,288.95001220703125,294.67999267578125,23823600,META,287.3800048828125,0.015728265491244,0.0095238055410262,0.0254018639743065
2020-11-06,293.95001220703125,294.6000061035156,288.0599975585937,293.4100036621094,13891000,META,294.67999267578125,-0.0024771972542878,-0.0018370761098711,-0.0043097225642636
2020-11-09,289.8699951171875,292.5799865722656,278.5299987792969,278.7699890136719,25117700,META,293.4100036621094,-0.0120650574306885,-0.0382930496101473,-0.0498960991980932
2020-11-10,273.1000061035156,274.0,264.0,272.42999267578125,29067700,META,278.7699890136719,-0.0203392873465951,-0.0024533629174669,-0.0227427506107182
2020-11-11,273.4700012207031,278.3999938964844,272.4800109863281,276.4800109863281,14957000,META,272.42999267578125,0.0038175258704338,0.0110067274369731,0.0148662717741463
2020-11-12,277.17999267578125,279.75,274.42999267578125,275.0799865722656,12899500,META,276.4800109863281,0.0025317623757175,-0.0075763264268933,-0.0050637455093697
2020-11-13,277.7200012207031,277.760009765625,273.1000061035156,276.95001220703125,10391200,META,275.0799865722656,0.0095972618049549,-0.0027725371247566,0.0067981159155479
2020-11-16,275.04998779296875,279.4100036621094,274.6300048828125,278.9599914550781,12970400,META,276.95001220703125,-0.0068605319744206,0.0142156111093975,0.007257552480425
2020-11-17,277.67999267578125,277.67999267578125,273.2900085449219,275.0,15040300,META,278.9599914550781,-0.0045884672300866,-0.0096513711699438,-0.0141955533996918
2020-11-18,274.5199890136719,277.3900146484375,271.8399963378906,271.9700012207031,12152900,META,275.0,-0.0017454944957386,-0.0092888966014119,-0.0110181773792613
2020-11-19,271.0199890136719,273.4700012207031,269.19000244140625,272.94000244140625,12963700,META,271.9700012207031,-0.0034930771878046,0.0070843978509552,0.003566574314628
2020-11-20,272.5599975585937,273.0,269.4100036621094,269.70001220703125,18114700,META,272.94000244140625,-0.0013922652576149,-0.0104930487862499,-0.0118707049365933
2020-11-23,270.8900146484375,270.95001220703125,264.5299987792969,268.42999267578125,20990800,META,269.70001220703125,0.0044123188266405,-0.009081257483222,-0.0047090080599443
2020-11-24,268.489990234375,277.82000732421875,267.8699951171875,276.9200134277344,16930400,META,268.42999267578125,0.0002235128719993,0.0313979049498288,0.0316284356577383
2020-11-25,278.1400146484375,280.17999267578125,272.6499938964844,275.5899963378906,12467000,META,276.9200134277344,0.0044056087012342,-0.0091681102187689,-0.0048028926236883
2020-11-27,277.3900146484375,279.1300048828125,274.82000732421875,277.8099975585937,7808400,META,275.5899963378906,0.0065315081623642,0.0015140520133305,0.008055449218778
2020-11-30,276.0299987792969,277.70001220703125,271.010009765625,276.9700012207031,16693300,META,277.8099975585937,-0.0064072524205016,0.0034054358061199,-0.0030236361011933
2020-12-01,279.1600036621094,289.29998779296875,278.9599914550781,286.54998779296875,20738900,META,276.9700012207031,0.0079070023170528,0.0264722167714401,0.0345885349678423
2020-12-02,285.3599853515625,291.7799987792969,280.8299865722656,287.5199890136719,17361600,META,286.54998779296875,-0.0041528616021648,0.0075693992605454,0.0033851029908398
2020-12-03,286.25,286.6499938964844,281.07000732421875,281.8500061035156,12921700,META,287.5199890136719,-0.0044170459870582,-0.0153711577169759,-0.019720308593524
2020-12-04,280.29998779296875,283.4599914550781,279.29998779296875,279.70001220703125,10880300,META,281.8500061035156,-0.0054994439488413,-0.0021404766752278,-0.0076281491925699
2020-12-07,279.19000244140625,288.489990234375,278.20001220703125,285.5799865722656,13007700,META,279.70001220703125,-0.0018234170302698,0.0228875822020182,0.0210224315645795
2020-12-08,286.010009765625,286.42999267578125,281.54998779296875,283.3999938964844,10747700,META,285.5799865722656,0.0015057889683405,-0.0091256102235003,-0.0076335624983636
2020-12-09,283.6600036621094,287.6300048828125,271.75,277.9200134277344,25189700,META,283.3999938964844,0.0009174656712236,-0.0202354585076166,-0.0193365581749153
2020-12-10,275.5400085449219,278.7300109863281,271.8599853515625,277.1199951171875,20065100,META,277.9200134277344,-0.0085636325842771,0.0057341457620229,-0.0028785919397449
2020-12-11,274.5299987792969,276.4800109863281,270.25,273.54998779296875,14391400,META,277.1199951171875,-0.0093461185895135,-0.0035697774038748,-0.0128825324304335
2020-12-14,273.3699951171875,277.2200012207031,271.5599975585937,274.19000244140625,16376900,META,273.54998779296875,-0.0006579882427831,0.0029996244608602,0.002339662500449
2020-12-15,274.8299865722656,276.0799865722656,267.4700012207031,275.54998779296875,23979500,META,274.19000244140625,0.0023340899564567,0.0026198059013978,0.004960010720497
2020-12-16,274.760009765625,277.8599853515625,272.510009765625,275.6700134277344,15885000,META,275.54998779296875,-0.0028669136720749,0.0033119945762326,0.0004355857016251
2020-12-17,277.07000732421875,280.44000244140625,273.6099853515625,274.4800109863281,16377800,META,275.6700134277344,0.0050785135426105,-0.0093478047765014,-0.004316764187042
2020-12-18,275.7699890136719,278.0,271.1400146484375,276.3999938964844,26693200,META,274.4800109863281,0.0046997157377992,0.0022845302531497,0.0069949826337332
2020-12-21,272.9800109863281,274.6700134277344,267.7900085449219,272.7900085449219,16553700,META,276.3999938964844,-0.0123733103678616,-0.0006960306020933,-0.0130607287672896
2020-12-22,271.5,271.5,264.6300048828125,267.0899963378906,17312900,META,272.7900085449219,-0.0047289435262048,-0.0162431074110842,-0.020895238199652
2020-12-23,266.8900146484375,272.1700134277344,266.2300109863281,268.1099853515625,14329000,META,267.0899963378906,-0.0007487427166689,0.0045710616215148,0.0038188963557492
2020-12-24,268.8800048828125,270.3999938964844,266.20001220703125,267.3999938964844,6702000,META,268.1099853515625,0.0028720285454504,-0.0055043549518424,-0.0026481350709379
2020-12-28,268.739990234375,277.29998779296875,265.6600036621094,277.0,23299700,META,267.3999938964844,0.0050112055664794,0.0307360648425313,0.0359012951482413
2020-12-29,276.95001220703125,280.510009765625,276.2799987792969,276.7799987792969,16383000,META,277.0,-0.0001804613464575,-0.0006138776683182,-0.0007942282335853
2020-12-30,277.95001220703125,278.0799865722656,271.7099914550781,271.8699951171875,11803800,META,276.7799987792969,0.00422723257784,-0.0218744983731644,-0.0177397343874713
2020-12-31,272.0,277.0899963378906,269.8099975585937,273.1600036621094,12900400,META,271.8699951171875,0.0004781876821546,0.0042647193459903,0.0047449463644042
2021-01-04,274.7799987792969,275.0,265.20001220703125,268.94000244140625,15106100,META,273.1600036621094,0.0059305721755349,-0.0212533530964213,-0.0154488254653969
2021-01-05,268.2900085449219,272.3999938964844,268.2099914550781,270.9700012207031,9871600,META,268.94000244140625,-0.0024168732452732,0.0099891631832145,0.0075481473967009
2021-01-06,262.0,267.75,260.010009765625,263.3099975585937,24354100,META,270.9700012207031,-0.0331032999235849,0.0049999906816555,-0.0282688254330794
2021-01-07,265.8999938964844,271.6099853515625,264.7799987792969,268.739990234375,15789800,META,263.3099975585937,0.0098363007933806,0.0106806935053794,0.0206220528127607
2021-01-08,268.3099975585937,268.95001220703125,263.17999267578125,267.57000732421875,18528300,META,268.739990234375,-0.0016000323413208,-0.0027579674298696,-0.0043535869341063
2021-01-11,260.4800109863281,263.4700012207031,255.8999938964844,256.8399963378906,30412300,META,267.57000732421875,-0.0264977244975725,-0.0139742571211291,-0.0401016956034477
2021-01-12,256.6300048828125,259.7200012207031,250.3000030517578,251.08999633789065,26383500,META,256.8399963378906,-0.0008175963949238,-0.0215875323988388,-0.022387478905098
2021-01-13,251.5500030517578,253.9499969482422,249.1999969482422,251.63999938964844,19528900,META,251.08999633789065,0.0018320391914306,0.0003577671906134,0.0021904618255585
2021-01-14,253.3999938964844,255.02999877929688,244.6100006103516,245.63999938964844,29739400,META,251.63999938964844,0.0069940967696104,-0.0306234991860573,-0.0238435861331782
2021-01-15,247.8999938964844,253.8600006103516,247.16000366210935,251.3600006103516,24942900,META,245.63999938964844,0.009200433611999,0.0139572682495183,0.0232861147814518
2021-01-19,256.8999938964844,262.20001220703125,252.72000122070312,261.1000061035156,28028500,META,251.3600006103516,0.0220400750822749,0.0163488217470476,0.0387492260881341
2021-01-20,268.92999267578125,270.32000732421875,263.6000061035156,267.4800109863281,25199900,META,261.1000061035156,0.0299884580207989,-0.0053916696870668,0.0244351004736593
2021-01-21,269.260009765625,273.6000061035156,267.489990234375,272.8699951171875,20838700,META,267.4800109863281,0.0066546983183273,0.0134070609100281,0.020150979174047
2021-01-22,272.010009765625,278.4700012207031,272.0,274.5,21954000,META,272.8699951171875,-0.0031516303256177,0.009154038987464,0.0059735585149713
2021-01-25,278.1400146484375,280.1000061035156,271.510009765625,278.010009765625,19087000,META,274.5,0.0132605269524135,-0.0004674080533749,0.0127869208219491
2021-01-26,278.1400146484375,285.3900146484375,277.8099975585937,282.04998779296875,19373600,META,278.010009765625,0.0004676266258258,0.0140575715057517,0.014531771826308
2021-01-27,282.5299987792969,283.45001220703125,268.1199951171875,272.1400146484375,35346200,META,282.04998779296875,0.0017018649427507,-0.0367747997584344,-0.0351355205581692
2021-01-28,277.17999267578125,286.7900085449219,264.70001220703125,265.0,37758800,META,272.1400146484375,0.0185197977366711,-0.0439425391356736,-0.026236548335831
2021-01-29,265.29998779296875,266.5599975585937,254.8500061035156,258.3299865722656,30389500,META,265.0,0.0011320294074292,-0.0262721505518586,-0.0251698619914504
2021-02-01,259.5199890136719,264.1700134277344,254.91000366210935,262.010009765625,22914300,META,258.3299865722656,0.0046065207419245,0.0095947166205449,0.014245435623595
2021-02-02,264.0,268.8500061035156,263.2699890136719,267.0799865722656,17320800,META,262.010009765625,0.0075950924018326,0.0116666158040364,0.0193503172309175
2021-02-03,265.6199951171875,269.20001220703125,263.8399963378906,266.6499938964844,14223400,META,267.0799865722656,-0.0054664951642982,0.003877715526809,-0.0016099771506649
2021-02-04,267.010009765625,268.1600036621094,264.0,266.489990234375,16060000,META,266.6499938964844,0.0013501439241749,-0.0019475656800524,-0.0006000512498472
2021-02-05,266.79998779296875,269.1700134277344,265.6700134277344,268.1000061035156,12454400,META,266.489990234375,0.001163261548102,0.0048726325713165,0.0060415622655267
2021-02-08,268.75,269.8599853515625,265.0,266.5799865722656,13755200,META,268.1000061035156,0.0024244456608979,-0.0080744685683139,-0.0056695990177005
2021-02-09,266.44000244140625,273.3900146484375,265.75,269.45001220703125,14613400,META,266.5799865722656,-0.000525111178297,0.0112971390858883,0.0107660956535744
2021-02-10,272.45001220703125,273.79998779296875,267.7200012207031,271.8699951171875,14687200,META,269.45001220703125,0.0111337905514548,-0.0021288936093091,0.0089811942865931
2021-02-11,271.8900146484375,273.5799865722656,268.489990234375,270.3900146484375,12828600,META,271.8699951171875,7.363641302671198e-05,-0.0055169366993471,-0.0054437065337499
2021-02-12,270.5199890136719,271.17999267578125,268.3399963378906,270.5,9097600,META,270.3900146484375,0.0004806921786788,-7.389107823327899e-05,0.0004067655815822
2021-02-16,270.79998779296875,276.6000061035156,270.04998779296875,273.9700012207031,15417200,META,270.5,0.0011090121736367,0.0117061062430988,0.012828100631065
2021-02-17,271.239990234375,273.9700012207031,269.5799865722656,273.57000732421875,12763200,META,273.9700012207031,-0.0099646347197294,0.0085902417553931,-0.0014599915855829
2021-02-18,269.57000732421875,271.95001220703125,266.0299987792969,269.3900146484375,15249100,META,273.57000732421875,-0.0146214858826224,-0.0006677029005113,-0.0152794259746003
2021-02-19,269.8599853515625,270.2699890136719,260.1499938964844,261.5599975585937,25622600,META,269.3900146484375,0.0017445735831682,-0.0307566450882144,-0.0290657287355738
2021-02-22,257.95001220703125,263.07000732421875,257.5299987792969,260.3299865722656,17434900,META,261.5599975585937,-0.013801748681978,0.0092264944857773,-0.0047025959543089
2021-02-23,259.5,267.4599914550781,254.9600067138672,265.8599853515625,21924600,META,260.3299865722656,-0.0031882096380596,0.0245086140715317,0.0212422658338737
2021-02-24,262.3299865722656,266.3800048828125,258.3900146484375,264.3099975585937,15736100,META,265.8599853515625,-0.0132776610764833,0.0075477874725643,-0.0058300905678569
2021-02-25,262.29998779296875,266.94000244140625,254.0399932861328,254.69000244140625,19053100,META,264.3099975585937,-0.0076047436123917,-0.0290125265181826,-0.0363966373048559
2021-02-26,256.4700012207031,265.54998779296875,256.4700012207031,257.6199951171875,26619500,META,254.69000244140625,0.0069888835927369,0.0044839314189216,0.0115041526863832
2021-03-01,260.82000732421875,266.6499938964844,257.8999938964844,264.9100036621094,22157300,META,257.6199951171875,0.0124214434736542,0.0156812983016538,0.0282975261357556
2021-03-02,265.7799987792969,266.7099914550781,258.6499938964844,259.0,15191700,META,264.9100036621094,0.0032841157569012,-0.0255098156762615,-0.0223094771069782
2021-03-03,260.2900085449219,260.989990234375,255.1000061035156,255.41000366210935,15513500,META,259.0,0.0049807279726712,-0.0187483373260955,-0.0138609897215854
2021-03-04,256.4700012207031,266.489990234375,253.5,257.6400146484375,31626500,META,255.41000366210935,0.0041501802724848,0.0045619894029147,0.0087311027538228
2021-03-05,260.6700134277344,265.45001220703125,255.6100006103516,264.2799987792969,26820100,META,257.6400146484375,0.0117605907740359,0.0138488708543504,0.0257723325311867
2021-03-08,265.54998779296875,265.5799865722656,255.0500030517578,255.30999755859372,18391800,META,264.2799987792969,0.0048054677597166,-0.0385614411790461,-0.0339412791816836
2021-03-09,261.17999267578125,268.5299987792969,259.8099975585937,265.739990234375,22039700,META,255.30999755859372,0.0229916382958734,0.0174592146660114,0.0408522689104156
2021-03-10,268.6400146484375,268.9700012207031,262.8699951171875,264.8999938964844,14210300,META,265.739990234375,0.0109130146783882,-0.0139220538565246,-0.0031609707562259
2021-03-11,268.1099853515625,277.8999938964844,267.82000732421875,273.8800048828125,21834000,META,264.8999938964844,0.0121177483164929,0.021521091516543,0.0338996270035296
2021-03-12,269.1400146484375,269.739990234375,264.0199890136719,268.3999938964844,20600200,META,273.8800048828125,-0.0173068137500695,-0.0027495753573461,-0.0200088027188144
2021-03-15,269.0799865722656,275.9599914550781,268.5,273.75,16844800,META,268.3999938964844,0.002533504810896,0.0173554840968455,0.0199329591101964
2021-03-16,276.0799865722656,282.1400146484375,274.79998779296875,279.2799987792969,22437700,META,273.75,0.0085113664740297,0.0115908880131505,0.0202009087828196
2021-03-17,275.7099914550781,286.2300109863281,275.4100036621094,284.010009765625,21315000,META,279.2799987792969,-0.0127828965189876,0.0301041622276471,0.0169364473181126
2021-03-18,279.8699951171875,285.19000244140625,278.2799987792969,278.6199951171875,18728300,META,284.010009765625,-0.0145770025917536,-0.0044663594590645,-0.0189782559174077
2021-03-19,281.2200012207031,292.79998779296875,281.20001220703125,290.1099853515625,38930500,META,278.6199951171875,0.0093317283363747,0.0316122042965303,0.0412389291355141
2021-03-22,290.45001220703125,299.7099914550781,286.75,293.5400085449219,28273100,META,290.1099853515625,0.0011720618821744,0.010638651086329,0.0118231821259195
2021-03-23,293.1499938964844,298.0,289.8099975585937,290.6300048828125,23000900,META,293.5400085449219,-0.0013286592528589,-0.0085962444691768,-0.0099134822422819
2021-03-24,291.0,291.7200012207031,281.1600036621094,282.1400146484375,18675000,META,290.6300048828125,0.0012730795546616,-0.0304466850569158,-0.0292123665545074
2021-03-25,280.9800109863281,288.0599975585937,277.75,278.739990234375,24505600,META,282.1400146484375,-0.0041114468061356,-0.0079721712021077,-0.0120508408504165
2021-03-26,278.29998779296875,284.5,277.7699890136719,283.0199890136719,17629200,META,278.739990234375,-0.0015785407792985,0.0169601201140346,0.0153548070935143
2021-03-29,285.7699890136719,293.17999267578125,284.70001220703125,290.82000732421875,21718800,META,283.0199890136719,0.0097166281773375,0.0176716188007596,0.0275599555272758
2021-03-30,289.8299865722656,292.4700012207031,286.70001220703125,288.0,17474500,META,290.82000732421875,-0.003404238797262,-0.0063140001278278,-0.0096967445608887
2021-03-31,289.989990234375,296.5,288.6099853515625,294.5299987792969,19498200,META,288.0,0.006909688313802,0.0156557422594226,0.0226736068725585
2021-04-01,298.3999938964844,302.3999938964844,296.6000061035156,298.6600036621094,17616000,META,294.5299987792969,0.0131395617873459,0.0008713464173702,0.0140223573148055
2021-04-05,300.8900146484375,310.7699890136719,300.67999267578125,308.9100036621094,28237000,META,298.6600036621094,0.0074667212180545,0.0266542212211412,0.0343199620783383
2021-04-06,308.8399963378906,311.3500061035156,305.25,306.260009765625,17335200,META,308.9100036621094,-0.0002266269249581,-0.0083537967972352,-0.0085785305269134
2021-04-07,306.3399963378906,314.25,305.5,313.0899963378906,22855200,META,306.260009765625,0.0002611721077356,0.0220343411917874,0.0223012680548546
2021-04-08,314.8500061035156,315.8800048828125,310.04998779296875,313.0199890136719,20894100,META,313.0899963378906,0.0056214180785436,-0.0058123457340575,-0.0002236012809019
2021-04-09,311.3999938964844,314.739990234375,310.3299865722656,312.4599914550781,15988600,META,313.0199890136719,-0.0051753727367127,0.0034039742433203,-0.0017890153288877
2021-04-12,311.04998779296875,312.1499938964844,307.92999267578125,311.5400085449219,10881900,META,312.4599914550781,-0.0045125894535912,0.0015753762134183,-0.0029443222662588
2021-04-13,312.2099914550781,314.42999267578125,309.32000732421875,309.760009765625,14036900,META,311.5400085449219,0.0021505517486677,-0.0078472238445502,-0.0057135479568436
2021-04-14,307.29998779296875,308.0299987792969,301.95001220703125,302.82000732421875,17421400,META,309.760009765625,-0.0079417029154847,-0.0145785247208282,-0.022404449324034
2021-04-15,306.3399963378906,310.1400146484375,304.1000061035156,307.82000732421875,14558300,META,302.82000732421875,0.011624030541361,0.0048312691911626,0.0165114585531551
2021-04-16,308.1700134277344,308.95001220703125,304.6099853515625,306.17999267578125,13059200,META,307.82000732421875,0.001137047934467,-0.0064575418283511,-0.0053278364284817
2021-04-19,305.010009765625,307.70001220703125,300.5599975585937,302.239990234375,14553500,META,306.17999267578125,-0.0038212258741385,-0.0090817331974728,-0.0128682557177352
2021-04-20,301.989990234375,305.1000061035156,297.2099914550781,302.6499938964844,16796400,META,302.239990234375,-0.0008271572527717,0.0021855150284853,0.0013565500111067
2021-04-21,301.95001220703125,301.9800109863281,297.3900146484375,301.4700012207031,14863500,META,302.6499938964844,-0.0023128422387893,-0.001589703483764,-0.003898868989189
2021-04-22,301.3299865722656,302.9200134277344,296.0400085449219,296.5199890136719,16375400,META,301.4700012207031,-0.0004644397381847,-0.0159625585668029,-0.0164195846584662
2021-04-23,298.760009765625,302.5899963378906,297.1499938964844,301.1300048828125,17536800,META,296.5199890136719,0.0075543667710369,0.0079327722577286,0.0155470660999115
2021-04-26,303.3399963378906,305.79998779296875,301.5599975585937,303.0400085449219,16172600,META,301.1300048828125,0.0073389945181256,-0.0009889490228469,0.0063427876038213
2021-04-27,304.2799987792969,305.3399963378906,301.1099853515625,303.57000732421875,15309300,META,303.0400085449219,0.0040918367192799,-0.0023333490795532,0.001748939956284
2021-04-28,307.3599853515625,310.9200134277344,305.3699951171875,307.1000061035156,33907200,META,303.57000732421875,0.0124846919521135,-0.0008458461102199,0.0116282857137686
2021-04-29,330.1199951171875,331.8099975585937,321.6099853515625,329.510009765625,56526800,META,307.1000061035156,0.0749592593818198,-0.0018477685707767,0.0729729834474686
2021-04-30,326.1400146484375,329.82000732421875,324.5,325.0799865722656,26332400,META,329.510009765625,-0.0102272920922327,-0.0032502239178302,-0.0134442750206902
2021-05-03,326.1700134277344,328.54998779296875,321.8399963378906,322.5799865722656,18719500,META,325.0799865722656,0.0033531035452607,-0.0110066122196243,-0.0076904149848187
2021-05-04,320.0199890136719,322.19000244140625,313.1199951171875,318.3599853515625,24032600,META,322.5799865722656,-0.007936008634002,-0.0051871874229658,-0.0130820304927929
2021-05-05,318.19000244140625,321.0599975585937,314.489990234375,315.0199890136719,15577600,META,318.3599853515625,-0.0005339330254351,-0.0099626430856139,-0.0104912567268851
2021-05-06,314.5199890136719,320.239990234375,313.2699890136719,320.0199890136719,19012200,META,315.0199890136719,-0.0015872008680004,0.0174869648738316,0.0158720086800048
2021-05-07,322.3800048828125,322.94000244140625,318.75,319.0799865722656,15916700,META,320.0199890136719,0.0073745889324425,-0.010236423663268,-0.0029373241474803
2021-05-10,314.3500061035156,314.5799865722656,304.8299865722656,305.9700012207031,24239200,META,319.0799865722656,-0.014823808034976,-0.0266581985688047,-0.0410868305856385
2021-05-11,300.75,306.8399963378906,299.69000244140625,306.5299987792969,18920100,META,305.9700012207031,-0.0170605000486234,0.0192186160575124,0.0018302368087053
2021-05-12,301.1300048828125,304.9599914550781,298.19000244140625,302.54998779296875,24645500,META,306.5299987792969,-0.0176165266629332,0.0047155145190823,-0.0129840831311057
2021-05-13,306.0799865722656,308.8599853515625,302.7699890136719,305.260009765625,18079200,META,302.54998779296875,0.0116674894124022,-0.0026789625020028,0.008957270143771
2021-05-14,309.5400085449219,316.8500061035156,309.0799865722656,315.94000244140625,19245700,META,305.260009765625,0.0140208302508506,0.0206758212825841,0.0349865437139349
2021-05-17,313.54998779296875,315.67999267578125,311.5799865722656,315.4599914550781,15401300,META,315.94000244140625,-0.0075647737860632,0.0060915443676257,-0.0015193105735863
2021-05-18,315.5899963378906,316.5,309.8099975585937,309.9599914550781,14522400,META,315.4599914550781,0.0004121121103592,-0.0178396176942968,-0.0174348575064334
2021-05-19,304.19000244140625,314.6600036621094,303.57000732421875,313.5899963378906,19106200,META,309.9599914550781,-0.0186152702695119,0.0309017187318476,0.0117112046163498
2021-05-20,313.5799865722656,319.25,313.1600036621094,318.6099853515625,17320200,META,313.5899963378906,-3.191991371498393e-05,0.01604056060554,0.0160081286785145
2021-05-21,319.2900085449219,319.92999267578125,315.8099975585937,316.2300109863281,13600900,META,318.6099853515625,0.0021343436321024,-0.0095837560734796,-0.0074698674701241
2021-05-24,318.2099914550781,325.95001220703125,318.0299987792969,324.6300048828125,16445400,META,316.2300109863281,0.0062612035542559,0.0201753986365343,0.0265629244684417
2021-05-25,327.0799865722656,329.17999267578125,324.79998779296875,327.7900085449219,16437000,META,324.6300048828125,0.0075469970508041,0.0021707900263086,0.0097341700230393
2021-05-26,328.3500061035156,329.8299865722656,325.82000732421875,327.6600036621094,9686900,META,327.7900085449219,0.0017084033801995,-0.0021014235680833,-0.0003966102670108
2021-05-27,328.0,333.7799987792969,326.760009765625,332.75,20477700,META,327.6600036621094,0.0010376498019002,0.0144817073170731,0.0155343840597022
2021-05-28,331.0,332.8699951171875,328.3299865722656,328.7300109863281,12037400,META,332.75,-0.005259203606311,-0.0068579728509724,-0.0120811089817336
2021-06-01,330.1499938964844,331.4200134277344,326.6400146484375,329.1300048828125,11765900,META,328.7300109863281,0.004319602295804,-0.0030894715508966,0.0012167854565034
2021-06-02,330.3800048828125,331.8699951171875,327.1199951171875,329.1499938964844,11654300,META,329.1300048828125,0.003797891354345,-0.003723018851472,6.073288176500213e-05
2021-06-03,325.7799987792969,327.3800048828125,323.4800109863281,326.0400085449219,12610800,META,329.1499938964844,-0.0102384784435005,0.000798114576092,-0.0094485353462913
2021-06-04,325.8999938964844,332.4599914550781,325.17999267578125,330.3500061035156,13289400,META,326.0400085449219,-0.0004294400833271,0.0136545329560353,0.0132192290689376
2021-06-07,329.4800109863281,337.69000244140625,328.92999267578125,336.5799865722656,20136700,META,330.3500061035156,-0.002633555626195,0.0215490328675268,0.0188587266645843
2021-06-08,336.70001220703125,338.29998779296875,332.239990234375,333.67999267578125,14580500,META,336.5799865722656,0.0003566035996018,-0.0089694666520921,-0.0086160615965849
2021-06-09,335.739990234375,336.79998779296875,330.0,330.25,13727900,META,333.67999267578125,0.006173572296243,-0.016351910389175,-0.0102792877939013
2021-06-10,330.7900085449219,333.94000244140625,328.54998779296875,332.4599914550781,13240200,META,330.25,0.0016351507794758,0.0050484684150593,0.0066918742015991
2021-06-11,332.5799865722656,332.8299865722656,328.92999267578125,331.260009765625,13587900,META,332.4599914550781,0.0003609310000349,-0.0039689002944673,-0.0036094017935847
2021-06-14,331.8999938964844,336.82000732421875,329.8099975585937,336.7699890136719,12250800,META,331.260009765625,0.0019319691843038,0.0146730798636483,0.0166333969860874
2021-06-15,336.989990234375,339.9200134277344,335.0299987792969,336.75,15795200,META,336.7699890136719,0.0006532684855544,-0.0007121583469232,-5.935509197363409e-05
2021-06-16,336.70001220703125,337.54998779296875,328.7200012207031,331.0799865722656,17232200,META,336.75,-0.0001484418499443,-0.016691492221598,-0.0168374563555586
2021-06-17,330.489990234375,337.9800109863281,330.1499938964844,336.510009765625,17794100,META,331.0799865722656,-0.0017820356464278,0.0182154368033378,0.0164009405992111
2021-06-18,334.5299987792969,336.1499938964844,329.0,329.6600036621094,23039500,META,336.510009765625,-0.0058839586605675,-0.014557723178663,-0.0203560247978553
2021-06-21,331.0899963378906,332.9200134277344,327.6499938964844,332.2900085449219,11337500,META,329.6600036621094,0.0043377803188007,0.0036244290685442,0.0079779313644252
2021-06-22,332.69000244140625,339.9200134277344,332.6000061035156,339.0299987792969,15345300,META,332.2900085449219,0.0012037493941992,0.0190567684371796,0.0202834574048405
2021-06-23,339.3500061035156,343.4200134277344,338.20001220703125,340.5899963378906,14817800,META,339.0299987792969,0.0009438908809573,0.0036540156536692,0.0046013555266808
2021-06-24,341.8500061035156,344.8999938964844,341.7900085449219,343.17999267578125,12329100,META,340.5899963378906,0.0036994914095331,0.0038905559412594,0.0076044404290758
2021-06-25,342.5899963378906,344.1199951171875,339.67999267578125,341.3699951171875,14594400,META,343.17999267578125,-0.0017192037720218,-0.0035611116312335,-0.0052741931267064
2021-06-28,342.4599914550781,358.1400146484375,341.7699890136719,355.6400146484375,29156100,META,341.3699951171875,0.0031930056931817,0.0384863152549843,0.0418022079718849
2021-06-29,356.2699890136719,356.739990234375,349.04998779296875,351.8900146484375,21417300,META,355.6400146484375,0.0017713821259881,-0.0122939750759256,-0.0105443702776444
2021-06-30,352.1700134277344,352.9200134277344,347.1700134277344,347.7099914550781,15107500,META,351.8900146484375,0.0007956997005913,-0.0126644001550445,-0.0118787775138646
2021-07-01,346.82000732421875,354.6700134277344,346.5,354.3900146484375,17137000,META,347.7099914550781,-0.0025595586918139,0.021826904919998,0.0192114789839807
2021-07-02,355.1000061035156,356.44000244140625,352.6199951171875,354.70001220703125,11521300,META,354.3900146484375,0.0020034183406167,-0.0011264260478997,0.0008747355901133
2021-07-06,356.5,358.7900085449219,349.17999267578125,352.7799987792969,13488500,META,354.70001220703125,0.0050746764336679,-0.0104347860328278,-0.005413062761931
2021-07-07,355.260009765625,356.489990234375,350.0,350.489990234375,14218900,META,352.7799987792969,0.0070299081436293,-0.0134268406241302,-0.0064913219367477
2021-07-08,345.7300109863281,348.3299865722656,342.5599975585937,345.6499938964844,14406500,META,350.489990234375,-0.0135809277887333,-0.0002314438645793,-0.0138092284309007
2021-07-09,345.32000732421875,350.7099914550781,345.2699890136719,350.4200134277344,13018700,META,345.6499938964844,-0.0009546841547592,0.0147689273582322,0.0138001435425412
2021-07-12,351.2300109863281,354.19000244140625,349.6400146484375,353.1600036621094,10018600,META,350.4200134277344,0.0023115048443453,0.0054949537779001,0.0078191602345225
2021-07-13,351.5,358.489990234375,348.79998779296875,352.0899963378906,11456000,META,353.1600036621094,-0.0047004293943139,0.0016785102073701,-0.003029808905661
2021-07-14,354.5599975585937,355.20001220703125,346.7300109863281,347.6300048828125,13894200,META,352.0899963378906,0.0070152553222009,-0.0195453314629381,-0.0126671916313066
2021-07-15,349.2300109863281,349.2300109863281,340.2200012207031,344.4599914550781,14781600,META,347.6300048828125,0.0046026122056264,-0.0136586758903625,-0.0091189292731017
2021-07-16,344.9100036621094,345.989990234375,340.1400146484375,341.1600036621094,11026100,META,344.4599914550781,0.0013064280851029,-0.0108724013806038,-0.009580177306017
2021-07-19,337.57000732421875,339.7900085449219,334.5400085449219,336.95001220703125,14372300,META,341.1600036621094,-0.0105229109489816,-0.0018366415965149,-0.0123402257295311
2021-07-20,338.79998779296875,343.45001220703125,334.5,341.6600036621094,11024300,META,336.95001220703125,0.0054903561920658,0.0084416055849692,0.0139783091985292
2021-07-21,341.5,346.5199890136719,341.25,346.2300109863281,9279700,META,341.6600036621094,-0.0004683125340817,0.0138506910287792,0.0133758920424831
2021-07-22,346.67999267578125,351.5400085449219,345.2099914550781,351.19000244140625,12385400,META,346.2300109863281,0.0012996611361655,0.0130091434778666,0.0143257120922253
2021-07-23,360.9100036621094,375.3299865722656,357.19000244140625,369.7900085449219,33694300,META,351.19000244140625,0.0276773289476679,0.0246044853085483,0.0529628006896891
2021-07-26,369.5799865722656,374.4400024414063,368.2200012207031,372.4599914550781,14925200,META,369.7900085449219,-0.0005679492896053,0.0077926429662049,0.0072202678505628
2021-07-27,371.9100036621094,373.1499938964844,364.5499877929688,367.80999755859375,15705400,META,372.4599914550781,-0.0014766358953618,-0.0110241888175737,-0.0124845460000103
2021-07-28,374.55999755859375,377.5499877929688,366.9299926757813,373.2799987792969,29676900,META,367.80999755859375,0.018351866574602,-0.0034173397790473,0.0148718122318893
2021-07-29,361.0,365.5199890136719,356.739990234375,358.32000732421875,33413200,META,373.2799987792969,-0.0328975536312018,-0.0074238024259868,-0.0400771311187323
2021-07-30,354.0,360.7300109863281,352.94000244140625,356.29998779296875,15976200,META,358.32000732421875,-0.0120562827526119,0.0064971406581038,-0.0056374734593657
2021-08-02,358.1000061035156,359.3999938964844,350.739990234375,351.95001220703125,13180400,META,356.29998779296875,0.0050519741010846,-0.0171739564134679,-0.0122087446953972
2021-08-03,352.7300109863281,353.7699890136719,347.70001220703125,351.239990234375,12406100,META,351.95001220703125,0.0022162203501729,-0.0042242528436597,-0.002017394368603
2021-08-04,352.4200134277344,360.4800109863281,351.510009765625,358.9200134277344,14180600,META,351.239990234375,0.0033595923760616,0.0184439014594523,0.021865457826242
2021-08-05,359.6400146484375,363.8999938964844,356.8999938964844,362.9700012207031,10247200,META,358.9200134277344,0.0020060213801593,0.0092592215455246,0.0112838171220679
2021-08-06,361.3999938964844,365.1499938964844,361.3999938964844,363.510009765625,8925000,META,362.9700012207031,-0.0043254465078068,0.0058384502069056,0.0014877497950402
2021-08-09,363.760009765625,365.7799987792969,360.75,361.6099853515625,7798900,META,363.510009765625,0.0006877389708228,-0.0059105573904283,-0.0052268833402622
2021-08-10,361.8299865722656,364.1000061035156,359.0400085449219,361.1300048828125,7469900,META,361.6099853515625,0.0006083936550846,-0.001934559642456,-0.0013273429611833
2021-08-11,362.1000061035156,362.3599853515625,357.8099975585937,359.9599914550781,8400300,META,361.1300048828125,0.0026860166909086,-0.0059100099761548,-0.0032398676706856
2021-08-12,358.45001220703125,363.0,357.1099853515625,362.6499938964844,7170700,META,359.9599914550781,-0.0041948529944759,0.0117170638761962,0.0074730595212328
2021-08-13,362.9700012207031,364.6600036621094,361.4800109863281,363.1799926757813,7195700,META,362.6499938964844,0.0008824137035836,0.0005785366679667,0.0014614608802341
2021-08-16,362.5199890136719,366.9500122070313,357.3800048828125,366.55999755859375,11222100,META,363.1799926757813,-0.0018172908073671,0.0111442366417193,0.0093066935155481
2021-08-17,362.9800109863281,364.6700134277344,355.07000732421875,358.45001220703125,12328700,META,366.55999755859375,-0.0097664409540306,-0.012480022707001,-0.0221245782561588
2021-08-18,356.25,359.8599853515625,355.1499938964844,355.45001220703125,10042400,META,358.45001220703125,-0.0061375704620162,-0.0022455797697368,-0.0083693678276882
2021-08-19,351.3500061035156,357.57000732421875,351.0,355.1199951171875,12004500,META,355.45001220703125,-0.0115346911315551,0.0107300098140916,-0.0009284486665076
2021-08-20,354.6000061035156,359.989990234375,353.3099975585937,359.3699951171875,8697700,META,355.1199951171875,-0.0014642628430434,0.0134517454358966,0.0119677857018372
2021-08-23,359.44000244140625,365.6900024414063,359.1000061035156,363.3500061035156,10942000,META,359.3699951171875,0.0001948057021174,0.0108780426094804,0.0110749674163261
2021-08-24,363.6600036621094,367.9599914550781,361.8399963378906,365.510009765625,9235100,META,363.3500061035156,0.0008531651393599,0.0050871860663416,0.0059446914155107
2021-08-25,365.6000061035156,370.8599853515625,365.3999938964844,368.3900146484375,9684500,META,365.510009765625,0.000246221267506,0.0076313142733698,0.0078794145327489
2021-08-26,368.3800048828125,369.4400024414063,364.1300048828125,364.3800048828125,7888700,META,368.3900146484375,-2.717165294108259e-05,-0.0108583526439565,-0.0108852292575081
2021-08-27,365.1000061035156,373.739990234375,364.0799865722656,372.6300048828125,11219100,META,364.3800048828125,0.0019759624871147,0.0206244827538072,0.0226411984451595
2021-08-30,372.55999755859375,381.489990234375,370.5199890136719,380.6600036621094,13547300,META,372.6300048828125,-0.0001878735563465,0.0217414809872112,0.0215495227815114
2021-08-31,379.9500122070313,382.760009765625,378.7999877929688,379.3800048828125,12345400,META,380.6600036621094,-0.0018651590612297,-0.0015002166229913,-0.0033625775415928
2021-09-01,379.5899963378906,384.3299865722656,378.80999755859375,382.0499877929688,11567200,META,379.3800048828125,0.0005535121840249,0.0064806540710002,0.0070377533760139
2021-09-02,381.5,381.75,374.05999755859375,375.2799987792969,14832900,META,382.0499877929688,-0.0014395702409151,-0.0163040661093135,-0.0177201655018518
2021-09-03,374.75,377.1600036621094,373.1099853515625,376.260009765625,7509600,META,375.2799987792969,-0.0014122755836197,0.0040293789609739,0.0026114127838303
2021-09-07,375.8800048828125,382.9599914550781,373.1499938964844,382.1799926757813,10793800,META,376.260009765625,-0.0010099528861682,0.0167606356047933,0.0157337552663219
2021-09-08,380.1600036621094,380.8699951171875,374.7900085449219,377.5700073242188,11067200,META,382.1799926757813,-0.0052854389355371,-0.0068129111767176,-0.012062340886257
2021-09-09,377.6400146484375,379.8299865722656,376.5700073242188,378.0,9098900,META,377.5700073242188,0.0001854154802043,0.000953250020122,0.0011388422476366
2021-09-10,381.3599853515625,383.7900085449219,378.260009765625,378.6900024414063,11549600,META,378.0,0.0088888501364088,-0.0070012141092749,0.0018254032841436
2021-09-13,381.6799926757813,381.75,374.3500061035156,376.510009765625,13026300,META,378.6900024414063,0.0078956143946198,-0.0135453338120028,-0.0057566681500089
2021-09-14,377.3999938964844,378.5899963378906,375.1099853515625,376.5299987792969,8711600,META,376.510009765625,0.002363772828811,-0.002305233522145,5.309025830224634e-05
2021-09-15,377.0,377.55999755859375,367.6700134277344,373.9200134277344,17940300,META,376.5299987792969,0.001248243758072,-0.0081697256558769,-0.00693167970686
2021-09-16,372.7900085449219,373.55999755859375,369.7099914550781,373.05999755859375,11934200,META,373.9200134277344,-0.003022049749233,0.0007242388676823,-0.002299999567439
2021-09-17,371.4100036621094,371.4100036621094,361.5899963378906,364.7200012207031,26299000,META,373.05999755859375,-0.0044228647061662,-0.018012445479235,-0.0223556435760194
2021-09-20,359.29998779296875,361.0299987792969,349.79998779296875,355.70001220703125,19822800,META,364.7200012207031,-0.0148607518359119,-0.0100194147181876,-0.0247312705184314
2021-09-21,358.5,360.0400085449219,355.19000244140625,357.4800109863281,11751900,META,355.70001220703125,0.0078717674919253,-0.002845157639252,0.005004213433259
2021-09-22,347.2300109863281,349.8399963378906,340.69000244140625,343.2099914550781,43692900,META,357.4800109863281,-0.0286729318702857,-0.0115773965500012,-0.0399183705177735
2021-09-23,345.3599853515625,349.6700134277344,343.0,345.9599914550781,21806300,META,343.2099914550781,0.0062643686081784,0.0017373353282513,0.0080125872453218
2021-09-24,343.239990234375,354.3500061035156,342.3699951171875,352.9599914550781,18801900,META,345.9599914550781,-0.0078621843215541,0.0283183821735515,0.0202335535116606
2021-09-27,349.8099975585937,355.1499938964844,347.0799865722656,353.5799865722656,15205800,META,352.9599914550781,-0.0089245069490695,0.0107772477630242,0.0017565591914017
2021-09-28,347.9700012207031,349.6000061035156,338.9200134277344,340.6499938964844,21710300,META,353.5799865722656,-0.0158662412031511,-0.021036317207057,-0.0365687911273749
2021-09-29,343.1499938964844,345.2300109863281,338.8800048828125,339.6099853515625,14452200,META,340.6499938964844,0.0073389110371147,-0.0103162133407753,-0.0030530120756083
2021-09-30,340.45001220703125,342.79998779296875,338.1499938964844,339.3900146484375,16547100,META,339.6099853515625,0.0024735045837924,-0.0031135189325508,-0.0006477156521098
2021-10-01,341.6099853515625,345.0199890136719,338.6400146484375,343.010009765625,14905300,META,339.3900146484375,0.0065410607481324,0.0040983123272046,0.0106661803852341
2021-10-04,335.5299987792969,335.94000244140625,322.70001220703125,326.2300109863281,42885000,META,343.010009765625,-0.0218069758122777,-0.0277173064310295,-0.0489198516123843
2021-10-05,328.5799865722656,335.17999267578125,326.1600036621094,332.9599914550781,35377900,META,326.2300109863281,0.0072034316488311,0.0133301024463009,0.020629556576976
2021-10-06,329.739990234375,334.3800048828125,325.79998779296875,333.6400146484375,26443000,META,332.9599914550781,-0.0096708352454939,0.0118275748455333,0.0020423570723544
2021-10-07,337.0,338.8399963378906,328.9800109863281,329.2200012207031,28307500,META,333.6400146484375,0.0100706905767971,-0.0230860497901984,-0.0132478516774788
2021-10-08,331.510009765625,333.3999938964844,328.7099914550781,330.04998779296875,15946100,META,329.2200012207031,0.0069558609332083,-0.0044041565251332,0.0025210697077582
2021-10-11,327.6300048828125,330.4599914550781,325.3099975585937,325.45001220703125,14708200,META,330.04998779296875,-0.0073321708821701,-0.0066538248734605,-0.0139372087746385
2021-10-12,323.0299987792969,324.3800048828125,317.3699951171875,323.7699890136719,31658700,META,325.45001220703125,-0.0074358990227811,0.0022907786805292,-0.0051621543412038
2021-10-13,326.9700012207031,327.0,322.6600036621094,324.5400085449219,14761500,META,323.7699890136719,0.0098835973549609,-0.0074318520558741,0.0023782918657648
2021-10-14,328.3599853515625,330.5199890136719,327.1000061035156,328.5299987792969,14302200,META,324.5400085449219,0.0117704341716373,0.0005177653652053,0.0122942938599901
2021-10-15,328.67999267578125,329.07000732421875,322.510009765625,324.760009765625,21596400,META,328.5299987792969,0.0004565607312625,-0.0119264421245835,-0.0114753265384587
2021-10-18,328.95001220703125,335.8900146484375,327.5,335.3399963378906,21585000,META,324.760009765625,0.0129018423309881,0.0194253956337831,0.0325778613564553
2021-10-19,339.6499938964844,342.4599914550781,337.2799987792969,339.989990234375,18786300,META,335.3399963378906,0.0128526200443175,0.0010010197085245,0.0138665054788127
2021-10-20,343.45001220703125,343.9800109863281,339.45001220703125,340.7799987792969,13639500,META,339.989990234375,0.0101768348246695,-0.0077740961794605,0.0023236229524794
2021-10-21,340.2799987792969,342.3099975585937,337.79998779296875,341.8800048828125,16354400,META,340.7799987792969,-0.0014672222600828,0.0047020280629346,0.0032279068826102
2021-10-22,326.3500061035156,329.6300048828125,321.1099853515625,324.6099853515625,35224500,META,341.8800048828125,-0.0454252912059602,-0.0053317625843745,-0.0505148569222985
2021-10-25,320.29998779296875,329.5599975585937,319.7200012207031,328.69000244140625,38409000,META,324.6099853515625,-0.013277464505369,0.0261942396759019,0.012568982082991
2021-10-26,328.260009765625,330.2099914550781,309.6000061035156,315.8099975585937,65654000,META,328.69000244140625,-0.0013082012613325,-0.0379272888461815,-0.0391858735804067
2021-10-27,314.19000244140625,319.25,312.0599975585937,312.2200012207031,29971800,META,315.8099975585937,-0.0051296511500935,-0.0062700951825178,-0.0113675829316471
2021-10-28,312.989990234375,325.5199890136719,308.1099853515625,316.9200134277344,50806800,META,312.2200012207031,0.0024661745264922,0.0125563861975792,0.0150535269638567
2021-10-29,320.19000244140625,326.0,319.6000061035156,323.57000732421875,37059400,META,316.9200134277344,0.010318026237297,0.0105562474063537,0.0209831932813568
2021-11-01,326.0400085449219,333.45001220703125,326.0,329.9800109863281,31518900,META,323.57000732421875,0.0076335913860772,0.0120844139925956,0.0198102528572325
2021-11-02,331.3800048828125,334.7900085449219,323.79998779296875,328.0799865722656,28353000,META,329.9800109863281,0.0042426627367508,-0.0099584110746629,-0.0057579985174956
2021-11-03,327.489990234375,332.1499938964844,323.20001220703125,331.6199951171875,20786500,META,328.0799865722656,-0.0017983307791945,0.0126110873796685,0.01079007769388
2021-11-04,334.010009765625,337.2699890136719,332.6499938964844,335.8500061035156,22495300,META,331.6199951171875,0.0072070884857016,0.0055088059761494,0.0127555969139716
2021-11-05,340.3099975585937,346.7900085449219,339.6400146484375,341.1300048828125,26872800,META,335.8500061035156,0.013279712294254,0.0024095892865373,0.0157213002332639
2021-11-08,344.4200134277344,344.7900085449219,338.3399963378906,338.6199951171875,18342500,META,341.1300048828125,0.0096444419952212,-0.016839957274329,-0.0073579272702418
2021-11-09,340.0,341.3099975585937,334.4700012207031,335.3699951171875,17556700,META,338.6199951171875,0.0040753791941168,-0.0136176614200367,-0.0095977793599437
2021-11-10,332.489990234375,333.19000244140625,325.510009765625,327.6400146484375,21872600,META,335.3699951171875,-0.008587544875045,-0.0145868318697916,-0.0230491116715702
2021-11-11,329.82000732421875,332.4599914550781,327.0,327.739990234375,12376600,META,327.6400146484375,0.0066536215917352,-0.0063065218714856,0.0003051385101566
2021-11-12,330.17999267578125,341.8599853515625,329.7799987792969,340.8900146484375,25414300,META,327.739990234375,0.0074449335269135,0.0324369198928806,0.0401233441322146
2021-11-15,344.3399963378906,353.6499938964844,343.20001220703125,347.5599975585937,25076600,META,340.8900146484375,0.0101205126029024,0.0093512262733006,0.0195663780795547
2021-11-16,343.8299865722656,346.6499938964844,340.8699951171875,342.9599914550781,18181100,META,347.5599975585937,-0.0107319916346221,-0.0025303061139626,-0.0132351425245367
2021-11-17,344.239990234375,347.29998779296875,340.1000061035156,340.7699890136719,13602800,META,342.9599914550781,0.0037322102029051,-0.0100801804530048,-0.0063855916024335
2021-11-18,339.7200012207031,342.4599914550781,335.29998779296875,338.69000244140625,17487200,META,340.7699890136719,-0.003081221430349,-0.00303190502648,-0.0061037844860868
2021-11-19,342.20001220703125,352.1000061035156,339.8999938964844,345.29998779296875,26488500,META,338.69000244140625,0.0103634879693037,0.0090589581395514,0.019516328512549
2021-11-22,349.04998779296875,353.8299865722656,340.510009765625,341.010009765625,27116800,META,345.29998779296875,0.0108601220172888,-0.0230338871465954,-0.012423915954251
2021-11-23,338.92999267578125,341.3999938964844,333.5,337.25,17225000,META,341.010009765625,-0.0060995778137813,-0.0049567542326899,-0.0110260979383252
2021-11-24,336.0,341.7799987792969,332.8099975585937,341.0599975585937,13566200,META,337.25,-0.0037064492216456,0.0150595165434337,0.0112972499884174
2021-11-26,335.79998779296875,337.75,331.8999938964844,333.1199951171875,14750700,META,341.0599975585937,-0.0154225350474335,-0.0079809195152012,-0.0232803685517007
2021-11-29,336.8900146484375,340.6700134277344,335.3099975585937,338.0299987792969,16650900,META,333.1199951171875,0.0113173018327037,0.003383846600645,0.0147394444466837
2021-11-30,335.0,335.8099975585937,323.42999267578125,324.4599914550781,25390000,META,338.0299987792969,-0.0089636978677599,-0.0314627120743936,-0.0401443876970184
2021-12-01,330.2900085449219,330.5,310.2900085449219,310.6000061035156,30329600,META,324.4599914550781,0.0179683697324233,-0.0596142842108657,-0.042717085978477
2021-12-02,311.3999938964844,314.6000061035156,307.20001220703125,310.3900146484375,24396200,META,310.6000061035156,0.0025756206608127,-0.0032433502499766,-0.000676083229078
2021-12-03,313.7300109863281,313.75,299.5,306.8399963378906,27471000,META,310.3900146484375,0.0107606436427205,-0.0219616052247477,-0.0114372825896728
2021-12-06,308.1300048828125,320.1000061035156,306.3399963378906,317.8699951171875,21758300,META,306.8399963378906,0.0042041733812998,0.0316100025314941,0.0359470698440196
2021-12-07,321.57000732421875,326.5400085449219,321.0,322.8099975585937,18794000,META,317.8699951171875,0.0116400171889994,0.0038560506456834,0.0155409523304803
2021-12-08,325.0,332.75,323.07000732421875,330.5599975585937,19937700,META,322.8099975585937,0.0067841840648343,0.017107684795673,0.0240079305430844
2021-12-09,329.5400085449219,336.1300048828125,328.0,329.82000732421875,16879200,META,330.5599975585937,-0.0030856395849624,0.0008496655096089,-0.0022385958368837
2021-12-10,332.5599975585937,335.0299987792969,326.3699951171875,329.75,14528000,META,329.82000732421875,0.008307531906885,-0.0084495957999237,-0.0002122591797468
2021-12-13,330.95001220703125,341.0899963378906,329.5899963378906,334.489990234375,22948700,META,329.75,0.0036391575649166,0.0106964130435784,0.01437449654094
2021-12-14,328.04998779296875,335.70001220703125,327.6499938964844,333.739990234375,20461000,META,334.489990234375,-0.0192531992867522,0.0173449250209915,-0.0022422195638036
2021-12-15,332.489990234375,342.1099853515625,323.9800109863281,341.6600036621094,24681300,META,333.739990234375,-0.0037454306842945,0.0275798180308235,0.023731089049809
2021-12-16,338.9800109863281,344.4599914550781,333.739990234375,334.8999938964844,22635000,META,341.6600036621094,-0.0078440339725327,-0.0120361583503763,-0.0197857802879098
2021-12-17,332.79998779296875,337.1099853515625,330.75,333.7900085449219,40012600,META,334.8999938964844,-0.0062705468551448,0.0029748220801288,-0.0033143785362551
2021-12-20,329.7799987792969,329.8999938964844,322.5299987792969,325.45001220703125,17901800,META,333.7900085449219,-0.0120135703974654,-0.013129924762852,-0.0249857578848655
2021-12-21,326.4100036621094,336.0,323.75,334.20001220703125,16116800,META,325.45001220703125,0.0029497355018301,0.0238657163001225,0.0268858493525998
2021-12-22,333.79998779296875,334.510009765625,328.260009765625,330.45001220703125,16764600,META,334.20001220703125,-0.0011969610994947,-0.0100358768976805,-0.0112208254429294
2021-12-23,330.1000061035156,336.6700134277344,328.3599853515625,335.239990234375,13987700,META,330.45001220703125,-0.0010591801803182,0.0155709907174237,0.0144953180523497
2021-12-27,338.8500061035156,347.8699951171875,338.010009765625,346.17999267578125,17795000,META,335.239990234375,0.010768452375317,0.0216319505392789,0.0326333455437635
2021-12-28,346.6300048828125,352.7099914550781,345.20001220703125,346.2200012207031,16637600,META,346.17999267578125,0.0012999370747941,-0.0011828279616128,0.000115571511261
2021-12-29,346.9100036621094,349.69000244140625,341.6400146484375,342.94000244140625,10747000,META,346.2200012207031,0.0019929595025516,-0.0114438937441824,-0.0094737414584143
2021-12-30,344.0,347.2300109863281,343.2200012207031,344.3599853515625,10593300,META,342.94000244140625,0.0030909125533551,0.0010464690452398,0.0041406161429033
2021-12-31,343.0199890136719,343.44000244140625,336.2699890136719,336.3500061035156,12870500,META,344.3599853515625,-0.0038912661020199,-0.0194448811258355,-0.0232604820210726
2022-01-03,338.29998779296875,341.0799865722656,337.19000244140625,338.5400085449219,14537900,META,336.3500061035156,0.005797477788221,0.0007094908679098,0.0065110819136784
2022-01-04,339.95001220703125,343.0899963378906,331.8699951171875,336.5299987792969,15998000,META,338.5400085449219,0.004164954293496,-0.0100603421236283,-0.0059372886952541
2022-01-05,333.0199890136719,335.760009765625,323.8399963378906,324.1700134277344,20564500,META,336.5299987792969,-0.0104300055815438,-0.0265749080472589,-0.0367277371895408
2022-01-06,322.82000732421875,339.1700134277344,322.7200012207031,332.4599914550781,27962800,META,324.1700134277344,-0.0041645002547916,0.029861792677483,0.0255729329794773
2022-01-07,332.739990234375,337.0,328.8800048828125,331.7900085449219,14722000,META,332.4599914550781,0.0008422029311598,-0.0028550271002411,-0.0020152286812735
2022-01-10,325.3099975585937,328.3399963378906,315.42999267578125,328.07000732421875,24942400,META,331.7900085449219,-0.0195304584810931,0.0084842451395238,-0.0112119145390101
2022-01-11,326.7799987792969,334.6300048828125,325.2799987792969,334.3699951171875,16226800,META,328.07000732421875,-0.0039321136224653,0.0232266245371302,0.0192031811879185
2022-01-12,335.17999267578125,336.3699951171875,330.0299987792969,333.260009765625,14104900,META,334.3699951171875,0.0024224588641987,-0.0057282145477383,-0.0033196320476467
2022-01-13,334.9800109863281,335.6300048828125,325.760009765625,326.4800109863281,14797100,META,333.260009765625,0.0051611389614756,-0.0253746484005785,-0.0203444715255968
2022-01-14,321.7900085449219,332.7300109863281,321.2099914550781,331.8999938964844,16868500,META,326.4800109863281,-0.0143653586240618,0.0314179591755445,0.0166012703006899
2022-01-18,323.2900085449219,324.2099914550781,317.6400146484375,318.1499938964844,22645600,META,331.8999938964844,-0.0259415050011957,-0.0158990829056917,-0.0414281417681751
2022-01-19,319.5799865722656,327.1000061035156,319.3299865722656,319.5899963378906,20814700,META,318.1499938964844,0.0044947122527574,3.1321628529878304e-05,0.0045261746629949
2022-01-20,323.8999938964844,327.82000732421875,315.9800109863281,316.5599975585937,16925000,META,319.5899963378906,0.0134860214899747,-0.0226613043414765,-0.0094808936888417
2022-01-21,314.8099975585937,318.3099975585937,303.0400085449219,303.1700134277344,28710700,META,316.5599975585937,-0.005528177955195,-0.036974633020328,-0.0422984086243586
2022-01-24,297.8399963378906,309.5299987792969,289.010009765625,308.7099914550781,38878100,META,303.1700134277344,-0.0175809507991272,0.0364960893460924,0.0182735025958109
2022-01-25,299.95001220703125,306.2300109863281,297.5799865722656,300.1499938964844,25108500,META,308.7099914550781,-0.0283760794613658,0.0006667167238356,-0.0277282815442639
2022-01-26,307.010009765625,307.510009765625,290.8500061035156,294.6300048828125,28348800,META,300.1499938964844,0.0228552923826028,-0.0403244340217556,-0.0183907683688829
2022-01-27,297.75,301.7099914550781,294.260009765625,294.6400146484375,21629900,META,294.6300048828125,0.0105895362504861,-0.0104449550010495,3.397401981852788e-05
2022-01-28,295.6199951171875,301.8999938964844,293.0299987792969,301.7099914550781,21871600,META,294.6400146484375,0.0033260264052026,0.020600759212774,0.0239953042870857
2022-01-31,300.67999267578125,313.7900085449219,299.32000732421875,313.260009765625,21579500,META,301.7099914550781,-0.0034138703008456,0.0418385572578106,0.0382818555489123
2022-02-01,314.5599975585937,319.6600036621094,312.1199951171875,319.0,18023800,META,313.260009765625,0.0041498683280427,0.0141149620926583,0.0183234056548409
2022-02-02,327.82000732421875,328.0,316.8699951171875,323.0,58458300,META,319.0,0.02764892578125,-0.0147032127891196,0.0125391849529781
2022-02-03,244.6499938964844,248.0,235.75,237.75999450683597,188119900,META,323.0,-0.2425696783390576,-0.0281626795893717,-0.2639009457992696
2022-02-04,234.97000122070312,242.6100006103516,230.1100006103516,237.08999633789065,89342200,META,237.75999450683597,-0.0117344942403782,0.0090224075676631,-0.002817960062352
2022-02-07,237.6999969482422,238.3000030517578,224.00999450683597,224.91000366210935,88613800,META,237.08999633789065,0.0025728652400931,-0.0538072925971377,-0.0513728662698312
2022-02-08,220.8500061035156,225.7700042724609,216.1499938964844,220.17999267578125,94729700,META,224.91000366210935,-0.018051653961525,-0.0030337940195497,-0.0210306829812434
2022-02-09,224.1999969482422,233.3699951171875,222.2100067138672,232.0,86563300,META,220.17999267578125,0.0182578090934013,0.0347903798301945,0.0536833850368225
2022-02-10,228.2700042724609,235.0,226.6999969482422,228.07000732421875,49310400,META,232.0,-0.0160775677911166,-0.0008761420445038,-0.0169396236025053
2022-02-11,228.4600067138672,230.4199981689453,218.7700042724609,219.5500030517578,46156900,META,228.07000732421875,0.001709998584312,-0.0390002775114536,-0.037356969346474
2022-02-14,219.30999755859372,221.0,214.77999877929688,217.6999969482422,38184000,META,219.5500030517578,-0.0010931700743701,-0.0073412093761088,-0.0084263542600794
2022-02-15,220.47000122070312,221.1499938964844,215.05999755859372,221.0,42685500,META,217.6999969482422,0.0127239518203552,0.0024039496365145,0.0151584891962235
2022-02-16,212.41000366210935,217.4600067138672,212.3600006103516,216.5399932861328,45817500,META,221.0,-0.0388687617099123,0.019443479840023,-0.0201810258546026
2022-02-17,214.0200042724609,217.5,207.16000366210935,207.7100067138672,38747500,META,216.5399932861328,-0.0116375223598625,-0.0294832138707965,-0.0407776246699971
2022-02-18,209.38999938964844,210.75,205.17999267578125,206.16000366210935,37128400,META,207.7100067138672,0.0080881643708938,-0.015425740183171,-0.0074623417344212
2022-02-22,202.33999633789065,207.47999572753903,200.05999755859372,202.0800018310547,39852400,META,206.16000366210935,-0.0185293328306281,-0.0012849387740512,-0.0197904625464679
2022-02-23,204.16000366210935,206.94000244140625,198.0500030517578,198.4499969482422,44481400,META,202.0800018310547,0.0102929622536012,-0.0279682925717292,-0.0179632068978665
2022-02-24,191.05999755859372,208.3500061035156,190.22000122070312,207.6000061035156,49957200,META,198.4499969482422,-0.0372385966404213,0.0865697098098697,0.0461073786645602
2022-02-25,204.94000244140625,211.32000732421875,203.17999267578125,210.47999572753903,37627600,META,207.6000061035156,-0.0128131193829686,0.0270322690550212,0.0138727819814581
2022-02-28,207.67999267578125,213.1499938964844,206.8300018310547,211.02999877929688,34239800,META,210.47999572753903,-0.0133029414129328,0.0161306154740937,0.0026130894285543
2022-03-01,209.8699951171875,211.75,202.22000122070312,203.4900054931641,27094900,META,211.02999877929688,-0.0054968661745695,-0.0303997225542458,-0.0357294855221906
2022-03-02,204.77999877929688,209.1499938964844,202.0200042724609,208.1100006103516,29452100,META,203.4900054931641,0.006339344691679,0.0162613626863218,0.0227037937612257
2022-03-03,209.0200042724609,209.0800018310547,201.4199981689453,202.97000122070312,27263500,META,208.1100006103516,0.0043727051051871,-0.0289446126116787,-0.0246984737618263
2022-03-04,202.3699951171875,205.88999938964844,198.7899932861328,200.05999755859372,32130900,META,202.97000122070312,-0.002956131940223,-0.0114147235970237,-0.0143371121082328
2022-03-07,200.7899932861328,200.88999938964844,187.27999877929688,187.47000122070312,38560600,META,200.05999755859372,0.0036488840170323,-0.0663379277394976,-0.062931103126717
2022-03-08,187.8500061035156,196.6999969482422,186.1100006103516,190.2899932861328,37508100,META,187.47000122070312,0.0020270170178595,0.0129890183834895,0.0150423643626576
2022-03-09,195.7400054931641,199.1000061035156,193.9199981689453,198.5,31894700,META,190.2899932861328,0.0286405612450479,0.0141003087226965,0.0431447107232909
2022-03-10,194.83999633789065,196.27999877929688,191.07000732421875,195.2100067138672,24853000,META,198.5,-0.018438305602566,0.0018990473359222,-0.0165742734817774
2022-03-11,192.63999938964844,193.55999755859372,186.6699981689453,187.6100006103516,34694500,META,195.2100067138672,-0.013165346221138,-0.0261108741446931,-0.0389324616675798
2022-03-14,187.02999877929688,192.2899932861328,185.82000732421875,186.6300048828125,31010500,META,187.6100006103516,-0.0030915293916516,-0.0021386617071862,-0.0052235793633113
2022-03-15,190.8000030517578,192.27999877929688,185.91000366210935,192.02999877929688,31721700,META,186.6300048828125,0.0223436642546503,0.0064465183850411,0.0289342214820982
2022-03-16,194.6999969482422,203.72999572753903,194.5200042724609,203.6300048828125,40640300,META,192.02999877929688,0.0139040680410251,0.0458654754727305,0.0604072602054623
2022-03-17,201.6999969482422,208.0399932861328,201.1100006103516,207.83999633789065,29499700,META,203.6300048828125,-0.0094780134964933,0.0304412468148128,0.0206747107701585
2022-03-18,206.6999969482422,216.8000030517578,206.0,216.4900054931641,52128000,META,207.83999633789065,-0.005484985612659,0.0473633705344141,0.0416185975158067
2022-03-21,214.5,214.7100067138672,207.6300048828125,211.4900054931641,30142300,META,216.4900054931641,-0.0091921356306071,-0.0140326084234775,-0.0230957544142049
2022-03-22,211.3699951171875,219.4600067138672,210.17999267578125,216.6499938964844,31998800,META,211.4900054931641,-0.000567451760648,0.0249798878803471,0.0243982612383406
2022-03-23,213.3300018310547,216.8000030517578,212.16000366210935,213.4600067138672,23717300,META,216.6499938964844,-0.0153242195197844,0.0006094074049437,-0.014724150807691
2022-03-24,215.0,220.6699981689453,214.7899932861328,219.57000732421875,31502300,META,213.4600067138672,0.0072144347310787,0.021255848019622,0.0286236316788921
2022-03-25,220.50999450683597,225.5,218.88999938964844,221.82000732421875,40039000,META,219.57000732421875,0.00428103634951,0.0059408319351357,0.0102473012021064
2022-03-28,222.1300048828125,224.0399932861328,219.5399932861328,223.58999633789065,26224100,META,221.82000732421875,0.0013975184760528,0.0065726890693959,0.0079793929998603
2022-03-29,226.07000732421875,230.88999938964844,225.2899932861328,229.8600006103516,31417900,META,223.58999633789065,0.0110917797171046,0.0167646886510574,0.0280424186017056
2022-03-30,228.91000366210935,231.1499938964844,226.7100067138672,227.8500061035156,25588000,META,229.8600006103516,-0.0041329372040357,-0.0046306301237861,-0.008744429224305
2022-03-31,228.4499969482422,228.4900054931641,222.25999450683597,222.3600006103516,24192300,META,227.8500061035156,0.0026332711373902,-0.0266578963416242,-0.024094822673254
2019-11-04,5.146249771118164,5.275000095367432,5.123000144958496,5.262499809265137,376716000,NVDA,5.0647501945495605,0.0160915293821024,0.0225892724444492,0.0390442977678118
2019-11-05,5.262249946594238,5.28849983215332,5.191999912261963,5.240250110626221,300868000,NVDA,5.262499809265137,-4.7479844171860464e-05,-0.004180690045378,-0.004227971391038
2019-11-06,5.216000080108643,5.2417497634887695,5.102749824523926,5.1907501220703125,269012000,NVDA,5.240250110626221,-0.004627647536976,-0.0048408661139829,-0.0094461118288098
2019-11-07,5.277750015258789,5.292500019073486,5.16349983215332,5.208499908447266,280340000,NVDA,5.1907501220703125,0.016760562759237,-0.0131211418902582,0.0034195031468542
2019-11-08,5.191500186920166,5.226250171661377,5.153749942779541,5.194499969482422,189100000,NVDA,5.208499908447266,-0.0032638421476266,0.0005778257640852,-0.0026879023156242
2019-11-11,5.193749904632568,5.227749824523926,5.10699987411499,5.204500198364258,243436000,NVDA,5.194499969482422,-0.0001443959677082,0.0020698520200406,0.001925157174047
2019-11-12,5.243000030517578,5.296500205993652,5.207749843597412,5.240250110626221,283504000,NVDA,5.204500198364258,0.0073974119869224,-0.0005244935867539,0.0068690385050227
2019-11-13,5.208749771118164,5.236499786376953,5.147500038146973,5.214250087738037,300188000,NVDA,5.240250110626221,-0.0060112282511439,0.001055976359312,-0.0049615996067554
2019-11-14,5.223249912261963,5.247000217437744,5.163000106811523,5.244750022888184,518080000,NVDA,5.214250087738037,0.0017260055372276,0.0041162324199245,0.0058493425971015
2019-11-15,5.242499828338623,5.29449987411499,5.015999794006348,5.104750156402588,1053628000,NVDA,5.244750022888184,-0.0004290375212814,-0.0262755701376319,-0.0266933344534312
2019-11-18,5.097249984741211,5.333749771118164,5.094250202178955,5.307000160217285,574588000,NVDA,5.104750156402588,-0.0014692534270203,0.0411496740603204,0.0396199613336663
2019-11-19,5.275750160217285,5.299499988555908,5.141250133514404,5.199749946594238,414564000,NVDA,5.307000160217285,-0.0058884490402427,-0.0144055748121167,-0.020209197359183
2019-11-20,5.176750183105469,5.363749980926514,5.164000034332275,5.2795000076293945,472588000,NVDA,5.199749946594238,-0.0044232441415444,0.0198483258588088,0.0153372877261899
2019-11-21,5.275000095367432,5.330999851226807,5.232749938964844,5.254499912261963,288388000,NVDA,5.2795000076293945,-0.0008523368227029,-0.003886290565847,-0.004735314959997
2019-11-22,5.277249813079834,5.323999881744385,5.248499870300293,5.272250175476074,224100000,NVDA,5.254499912261963,0.0043296034252053,-0.0009473945295081,0.0033781070530973
2019-11-25,5.401000022888184,5.535250186920166,5.388000011444092,5.530250072479248,506476000,NVDA,5.272250175476074,0.0244202841532426,0.0239307626445718,0.0489354428215988
2019-11-26,5.512499809265137,5.517250061035156,5.418499946594238,5.425000190734863,385244000,NVDA,5.530250072479248,-0.0032096673715432,-0.0158729472213692,-0.0190316677121258
2019-11-27,5.466750144958496,5.50124979019165,5.429500102996826,5.455999851226807,215784000,NVDA,5.425000190734863,0.0076958438259477,-0.001966487116958,0.0057142229312519
2019-11-29,5.425000190734863,5.453499794006348,5.394499778747559,5.418499946594238,141556000,NVDA,5.455999851226807,-0.0056817561101972,-0.0011982016427808,-0.0068731498634729
2019-12-02,5.411499977111816,5.425000190734863,5.216000080108643,5.231249809265137,372036000,NVDA,5.418499946594238,-0.0012918648244745,-0.0333087256045562,-0.034557560058074
2019-12-03,5.046750068664551,5.195499897003174,5.009250164031982,5.191500186920166,465232000,NVDA,5.231249809265137,-0.0352687689037169,0.0286818479786375,-0.0075984943931696
2019-12-04,5.2754998207092285,5.297999858856201,5.20674991607666,5.235499858856201,273424000,NVDA,5.191500186920166,0.0161802235894543,-0.0075822127215331,0.0084753289707839
2019-12-05,5.257500171661377,5.273250102996826,5.187749862670898,5.218500137329102,184884000,NVDA,5.235499858856201,0.0042021418008368,-0.0074179806103461,-0.0032470102159096
2019-12-06,5.288000106811523,5.337250232696533,5.277999877929688,5.3042497634887695,232236000,NVDA,5.218500137329102,0.0133179970592072,0.0030729304744746,0.016431852812704
2019-12-09,5.28125,5.359250068664551,5.272500038146973,5.3042497634887695,211880000,NVDA,5.3042497634887695,-0.004336101148005,0.0043549848026072,0.0
2019-12-10,5.334499835968018,5.401500225067139,5.281499862670898,5.349500179290772,256388000,NVDA,5.3042497634887695,0.0057029879489218,0.0028119493455813,0.0085309738077339
2019-12-11,5.360000133514404,5.439000129699707,5.357500076293945,5.433499813079834,233796000,NVDA,5.349500179290772,0.0019627916387927,0.0137126264430217,0.0157023331103427
2019-12-12,5.4045000076293945,5.619999885559082,5.395500183105469,5.601749897003174,404348000,NVDA,5.433499813079834,-0.0053372239713028,0.0364973427875523,0.0309653243234349
2019-12-13,5.604750156402588,5.724500179290772,5.545499801635742,5.59975004196167,454704000,NVDA,5.601749897003174,0.0005355932440003,-0.0008921208441746,-0.0003570054140713
2019-12-16,5.647500038146973,5.701499938964844,5.6192498207092285,5.628749847412109,320976000,NVDA,5.59975004196167,0.0085271656462322,-0.0033200868717506,0.0051787678437662
2019-12-17,5.647500038146973,5.730000019073486,5.638000011444092,5.707250118255615,321196000,NVDA,5.628749847412109,0.0033311465677381,0.0105799167251085,0.0139463065461324
2019-12-18,5.742249965667725,5.798500061035156,5.733749866485596,5.737750053405762,343548000,NVDA,5.707250118255615,0.0061325238401863,-0.0007836496650036,0.0053440684249297
2019-12-19,5.772500038146973,5.900000095367432,5.767499923706055,5.886499881744385,445360000,NVDA,5.737750053405762,0.0060563782698384,0.0197487817832924,0.0259247661459789
2019-12-20,5.953249931335449,6.009749889373779,5.934000015258789,5.984250068664551,603044000,NVDA,5.886499881744385,0.0113395143008623,0.005207262870979,0.0166058250036351
2019-12-23,6.013000011444092,6.045249938964844,5.959750175476074,5.9704999923706055,355060000,NVDA,5.984250068664551,0.0048042682791757,-0.0070680224501246,-0.0022977108470023
2019-12-24,5.954999923706055,5.982749938964844,5.920499801635742,5.965499877929688,138864000,NVDA,5.9704999923706055,-0.0025961089832271,0.0017632165169026,-0.0008374699685633
2019-12-26,5.968999862670898,6.007999897003174,5.949999809265137,5.979750156402588,182852000,NVDA,5.965499877929688,0.0005867043521632,0.0018010209380167,0.0023887819570027
2019-12-27,5.994999885559082,6.008500099182129,5.895249843597412,5.921750068664551,254644000,NVDA,5.979750156402588,0.0025502284807277,-0.0122184851197374,-0.0096994165677534
2019-12-30,5.899750232696533,5.90500020980835,5.776500225067139,5.808000087738037,258056000,NVDA,5.921750068664551,-0.0037150902542192,-0.0155515303766615,-0.0192088452919402
2019-12-31,5.772500038146973,5.892000198364258,5.7532501220703125,5.882500171661377,231004000,NVDA,5.808000087738037,-0.0061122673992399,0.0190558913447344,0.0128271492420646
2020-01-02,5.96875,5.99774980545044,5.918000221252441,5.99774980545044,237536000,NVDA,5.882500171661377,0.0146621038370942,0.0048586061487647,0.0195919473737156
2020-01-03,5.877500057220459,5.945750236511231,5.852499961853027,5.901750087738037,205384000,NVDA,5.99774980545044,-0.0200491437840077,0.0041259090227974,-0.0160059557044481
2020-01-06,5.808000087738037,5.9317498207092285,5.781750202178955,5.926499843597412,262636000,NVDA,5.901750087738037,-0.0158851185845335,0.020402850218538,0.0041936299388205
2020-01-07,5.954999923706055,6.044250011444092,5.909749984741211,5.9982500076293945,314856000,NVDA,5.926499843597412,0.0048089227808605,0.0072628185520485,0.0121066676664973
2020-01-08,5.99399995803833,6.051000118255615,5.953750133514404,6.009500026702881,277108000,NVDA,5.9982500076293945,-0.0007085482575182,0.0025859307262363,0.001875550212008
2020-01-09,6.096250057220459,6.148250102996826,6.021500110626221,6.075500011444092,255112000,NVDA,6.009500026702881,0.0144354821752408,-0.003403739279328,0.0109826082782167
2020-01-10,6.183249950408936,6.213749885559082,6.09375,6.107999801635742,316296000,NVDA,6.075500011444092,0.0177351557504537,-0.0121699994948799,0.005349319419049
2020-01-13,6.191500186920166,6.324749946594238,6.168749809265137,6.299499988555908,319840000,NVDA,6.107999801635742,0.0136706594623763,0.0174432364330533,0.0313523564406275
2020-01-14,6.256499767303467,6.2820000648498535,6.168749809265137,6.182000160217285,359088000,NVDA,6.299499988555908,-0.0068259737011759,-0.0119075537212543,-0.0186522467738837
2020-01-15,6.19474983215332,6.217249870300293,6.113249778747559,6.139249801635742,263104000,NVDA,6.182000160217285,0.002062386218959,-0.0089592044911176,-0.0069152956120338
2020-01-16,6.192999839782715,6.229249954223633,6.16949987411499,6.223249912261963,284192000,NVDA,6.139249801635742,0.0087551475968044,0.0048845588990535,0.0136824715299643
2020-01-17,6.242499828338623,6.25,6.184249877929688,6.23199987411499,253792000,NVDA,6.223249912261963,0.003093225621348,-0.0016820111353414,0.0014060116460672
2020-01-21,6.195250034332275,6.232250213623047,6.164249897003174,6.198500156402588,217916000,NVDA,6.23199987411499,-0.0058969577222486,0.0005246151571447,-0.005375436198506
2020-01-22,6.24399995803833,6.339749813079834,6.224999904632568,6.252749919891357,239240000,NVDA,6.198500156402588,0.0073404534141607,0.0014013391915166,0.0087520790707302
2020-01-23,6.293000221252441,6.329999923706055,6.203750133514404,6.321499824523926,244516000,NVDA,6.252749919891357,0.0064372159252745,0.0045287783679455,0.0109951470174523
2020-01-24,6.4375,6.487500190734863,6.207499980926514,6.26200008392334,373512000,NVDA,6.321499824523926,0.0183501034083806,-0.0272621228856947,-0.0094122822513985
2020-01-27,5.955999851226807,6.056250095367432,5.805749893188477,6.005000114440918,470536000,NVDA,6.26200008392334,-0.0488662134454674,0.0082270423838271,-0.0410411954707933
2020-01-28,6.071249961853027,6.231750011444092,6.017749786376953,6.199250221252441,310976000,NVDA,6.005000114440918,0.0110324473188252,0.0210830158869536,0.0323480604678736
2020-01-29,6.184750080108643,6.2210001945495605,6.098499774932861,6.138500213623047,258848000,NVDA,6.199250221252441,-0.0023390153044781,-0.0074780493773457,-0.0097995734098826
2020-01-30,6.040249824523926,6.158750057220459,5.985000133514404,6.145249843597412,290504000,NVDA,6.138500213623047,-0.0160056016420877,0.0173833901119747,0.0010995568525657
2020-01-31,6.099249839782715,6.111249923706055,5.868750095367432,5.910749912261963,370420000,NVDA,6.145249843597412,-0.0074854570579622,-0.0309054281218733,-0.0381595439247712
2020-02-03,5.892499923706055,6.027750015258789,5.886250019073486,6.008250236511231,255564000,NVDA,5.910749912261963,-0.0030875927465732,0.0196436681041779,0.0164954237104502
2020-02-04,6.150750160217285,6.197500228881836,6.100500106811523,6.178249835968018,271544000,NVDA,6.008250236511231,0.0237173749588697,0.0044709466381188,0.028294360714826
2020-02-05,6.299749851226807,6.309999942779541,6.18524980545044,6.269000053405762,208220000,NVDA,6.178249835968018,0.01966576595065,-0.0048811140993251,0.014688661003869
2020-02-06,6.303500175476074,6.356249809265137,6.2220001220703125,6.356249809265137,218284000,NVDA,6.269000053405762,0.0055032894841928,0.0083683084509597,0.0139176511590513
2020-02-07,6.315999984741211,6.338250160217285,6.264249801635742,6.289750099182129,189752000,NVDA,6.356249809265137,-0.0063323226323257,-0.0041560933537838,-0.0104620982621034
2020-02-10,6.3125,6.574999809265137,6.307499885559082,6.574250221252441,529608000,NVDA,6.289750099182129,0.0036169800801513,0.0414653815845451,0.0452323411239035
2020-02-11,6.683000087738037,6.8125,6.620749950408936,6.697249889373779,638556000,NVDA,6.574250221252441,0.016541789987555,0.0021322462140749,0.0187093073707051
2020-02-12,6.750249862670898,6.820000171661377,6.711249828338623,6.813499927520752,374644000,NVDA,6.697249889373779,0.0079136920635456,0.0093700331301258,0.0173578767504885
2020-02-13,6.755249977111816,6.836999893188477,6.727749824523926,6.769499778747559,528016000,NVDA,6.813499927520752,-0.008549196599189,0.0021094410545906,-0.0064577895708884
2020-02-14,7.18149995803833,7.374249935150146,7.150000095367432,7.244750022888184,1041924000,NVDA,6.769499778747559,0.060861244221356,0.0088073613060537,0.0702046324948033
2020-02-18,7.140999794006348,7.432750225067139,7.121500015258789,7.414249897003174,620164000,NVDA,7.244750022888184,-0.0143207465480603,0.0382649644138308,0.0233962350087295
2020-02-19,7.53725004196167,7.885250091552734,7.53725004196167,7.867499828338623,694332000,NVDA,7.414249897003174,0.0165896950692494,0.0438156866945336,0.061132270645295
2020-02-20,7.819250106811523,7.907999992370605,7.408750057220459,7.71750020980835,810052000,NVDA,7.867499828338623,-0.0061327896510788,-0.013012743628003,-0.0190657288596278
2020-02-21,7.604750156402588,7.630000114440918,7.266499996185303,7.351749897003174,768180000,NVDA,7.71750020980835,-0.0146096599080703,-0.0332687141847004,-0.0473923294929535
2020-02-24,6.754749774932861,7.046750068664551,6.699999809265137,6.831999778747559,856916000,NVDA,7.351749897003174,-0.0812051729770717,0.0114363975555948,-0.0706974700632135
2020-02-25,6.90749979019165,6.969749927520752,6.448999881744385,6.551249980926514,1055496000,NVDA,6.831999778747559,0.0110509388011035,-0.0515743496324091,-0.0410933558128
2020-02-26,6.551499843597412,6.886250019073486,6.550000190734863,6.691249847412109,747732000,NVDA,6.551249980926514,3.813969419974583e-05,0.0213309939938823,0.0213699472456698
2020-02-27,6.372499942779541,6.675000190734863,6.222249984741211,6.315000057220459,906416000,NVDA,6.691249847412109,-0.0476368259893699,-0.0090231284543569,-0.0562301212436668
2020-02-28,6.061500072479248,6.811500072479248,6.044750213623047,6.7517499923706055,1133252000,NVDA,6.315000057220459,-0.040142515034717,0.1138744389404971,0.0691607175285413
2020-03-02,6.922500133514404,6.9397501945495605,6.525000095367432,6.910749912261963,890744000,NVDA,6.7517499923706055,0.0252897606304653,-0.0016973955978063,0.0235494383042953
2020-03-03,6.966750144958496,7.026750087738037,6.561500072479248,6.647250175476074,652792000,NVDA,6.910749912261963,0.0081033510700727,-0.0458606901115333,-0.0381289643137502
2020-03-04,6.755000114440918,7.122250080108643,6.679999828338623,7.112750053405762,597408000,NVDA,6.647250175476074,0.01620970117273,0.0529607598673524,0.0700289391314128
2020-03-05,6.912499904632568,7.079999923706055,6.787499904632568,6.832250118255615,540328000,NVDA,7.112750053405762,-0.0281536884144141,-0.0116093725112635,-0.0394362142693086
2020-03-06,6.651999950408936,6.709750175476074,6.449999809265137,6.651000022888184,515412000,NVDA,6.832250118255615,-0.0263822554395447,-0.0001503198328632,-0.0265286094961798
2020-03-09,5.997499942779541,6.485000133514404,5.954500198364258,6.136000156402588,614160000,NVDA,6.651000022888184,-0.0982559130746869,0.0230929912370885,-0.0774319447772243
2020-03-10,6.41349983215332,6.526999950408936,6.149750232696533,6.526999950408936,580648000,NVDA,6.136000156402588,0.0452248482199233,0.0176970641967737,0.0637222594589344
2020-03-11,6.386499881744385,6.414999961853027,6.0642499923706055,6.161749839782715,499964000,NVDA,6.526999950408936,-0.0215259797352607,-0.0351914266222897,-0.0559598764212242
2020-03-12,5.636499881744385,5.902999877929688,5.394999980926514,5.407750129699707,816540000,NVDA,6.161749839782715,-0.0852436356060915,-0.0405836524162019,-0.1223677899441624
2020-03-13,5.762499809265137,6.0254998207092285,5.490250110626221,6.020999908447266,634836000,NVDA,5.407750129699707,0.0656002350436131,0.0448590208656499,0.113402018221876
2020-03-16,5.31024980545044,5.652500152587891,4.849999904632568,4.909999847412109,726972000,NVDA,6.020999908447266,-0.1180451941212732,-0.0753730940543538,-0.1845208566564599
2020-03-17,5.022749900817871,5.521500110626221,4.775000095367432,5.4317498207092285,833632000,NVDA,4.909999847412109,0.022963351712768,0.0814294814529305,0.1062627269880904
2020-03-18,5.002500057220459,5.248499870300293,4.517000198364258,5.070499897003174,874268000,NVDA,5.4317498207092285,-0.0790260556280042,0.0135931712153737,-0.0665070991172576
2020-03-19,5.048999786376953,5.41825008392334,4.834750175476074,5.324250221252441,765512000,NVDA,5.070499897003174,-0.0042402349004933,0.0545158341297934,0.0500444392867933
2020-03-20,5.474999904632568,5.757999897003174,5.1282501220703125,5.143750190734863,804636000,NVDA,5.324250221252441,0.0283137863766038,-0.0605022319027666,-0.0339014927955655
2020-03-23,5.142749786376953,5.412000179290772,4.9629998207092285,5.317249774932861,643876000,NVDA,5.143750190734863,-0.0001944892968775,0.0339312616410301,0.0337301730769337
2020-03-24,5.724999904632568,6.316500186920166,5.701250076293945,6.229499816894531,1101644000,NVDA,5.317249774932861,0.076684403960477,0.0881222568848831,0.1715642635902294
2020-03-25,6.34499979019165,6.545499801635742,6.09149980545044,6.140500068664551,793432000,NVDA,6.229499816894531,0.0185408101279465,-0.0322300596200528,-0.014286820907934
2020-03-26,6.348499774932861,6.555500030517578,6.25,6.431000232696533,696108000,NVDA,6.140500068664551,0.0338734148591168,0.0129952682820319,0.0473088772548717
2020-03-27,6.25,6.578000068664551,6.2170000076293945,6.318250179290772,638828000,NVDA,6.431000232696533,-0.0281449581942619,0.0109200286865234,-0.0175322732586009
2020-03-30,6.383999824523926,6.64900016784668,6.339749813079834,6.639750003814697,602252000,NVDA,6.318250179290772,0.0104063060764292,0.040061119411112,0.0508843137578978
2020-03-31,6.679999828338623,6.885000228881836,6.443749904632568,6.590000152587891,949960000,NVDA,6.639750003814697,0.0060619487933735,-0.0134730056981328,-0.0074927295753942
2020-04-01,6.391250133514404,6.538249969482422,6.0320000648498535,6.076749801635742,656912000,NVDA,6.590000152587891,-0.0301593345176839,-0.0492079523268048,-0.0778832077493344
2020-04-02,6.105999946594238,6.400000095367432,6.057750225067139,6.386750221252441,675764000,NVDA,6.076749801635742,0.0048134522422862,0.0459794099432965,0.0510141818794733
2020-04-03,6.348999977111816,6.390749931335449,5.959750175476074,6.097750186920166,663212000,NVDA,6.386750221252441,-0.0059107124645344,-0.0395731282245089,-0.0452499353067862
2020-04-06,6.38100004196167,6.747000217437744,6.323249816894531,6.710000038146973,727884000,NVDA,6.097750186920166,0.0464515348052601,0.0515593157846399,0.1004058599416057
2020-04-07,6.932499885559082,6.956250190734863,6.432499885559082,6.475749969482422,784520000,NVDA,6.710000038146973,0.0331594405584465,-0.0658853117369831,-0.0349105912567536
2020-04-08,6.585249900817871,6.698750019073486,6.514999866485596,6.673749923706055,542444000,NVDA,6.475749969482422,0.0169092277885152,0.0134391289960297,0.0305756020780181
2020-04-09,6.800000190734863,6.822999954223633,6.510499954223633,6.573750019073486,525564000,NVDA,6.673749923706055,0.0189174404902932,-0.0332720831345927,-0.0149840652969862
2020-04-13,6.513750076293945,6.755000114440918,6.425000190734863,6.746250152587891,398408000,NVDA,6.573750019073486,-0.0091272017654235,0.0356937361075769,0.0262407504109376
2020-04-14,6.875,7.132999897003174,6.847249984741211,7.098750114440918,530948000,NVDA,6.746250152587891,0.019084653622386,0.0325454711914062,0.0522512438584577
2020-04-15,6.929999828338623,7.104249954223633,6.884500026702881,7.020999908447266,366148000,NVDA,7.098750114440918,-0.0237718307282021,0.0131313250162747,-0.0109526613474513
2020-04-16,7.177000045776367,7.474999904632568,7.163750171661377,7.367499828338623,745620000,NVDA,7.020999908447266,0.0222190769638681,0.026543093402147,0.0493519334011767
2020-04-17,7.449999809265137,7.471499919891357,7.173500061035156,7.308000087738037,539120000,NVDA,7.367499828338623,0.0111978259720051,-0.0190603657936343,-0.008075974480749
2020-04-20,7.181000232696533,7.337500095367432,7.131750106811523,7.176249980926514,449388000,NVDA,7.308000087738037,-0.0173781956098487,-0.0006615028012937,-0.0180282026860651
2020-04-21,7.057750225067139,7.1192498207092285,6.677750110626221,6.737750053405762,735160000,NVDA,7.176249980926514,-0.01651276867087,-0.0453402517029897,-0.0611043272860093
2020-04-22,6.930749893188477,7.196750164031982,6.885000228881836,7.153749942779541,483356000,NVDA,6.737750053405762,0.028644553189556,0.0321754576384625,0.0617416624357416
2020-04-23,7.196000099182129,7.328499794006348,7.074999809265137,7.100249767303467,424160000,NVDA,7.153749942779541,0.0059060152703871,-0.0133060492716703,-0.0074786197314701
2020-04-24,7.090000152587891,7.2417497634887695,7.014999866485596,7.239749908447266,352328000,NVDA,7.100249767303467,-0.0014435569242613,0.0211212627131912,0.0196472160438911
2020-04-27,7.374750137329102,7.587500095367432,7.349999904632568,7.427000045776367,479388000,NVDA,7.239749908447266,0.0186470845801343,0.0070849733854425,0.0258641720635433
2020-04-28,7.574999809265137,7.605000019073486,7.278500080108643,7.283999919891357,442904000,NVDA,7.427000045776367,0.0199272603442266,-0.0384158279473289,-0.0192540898079477
2020-04-29,7.419250011444092,7.514500141143799,7.34375,7.46150016784668,379160000,NVDA,7.283999919891357,0.018568107226826,0.0056946667570735,0.0243685131668658
2020-04-30,7.407249927520752,7.46150016784668,7.293000221252441,7.307000160217285,375916000,NVDA,7.46150016784668,-0.0072706880795505,-0.0135340063160284,-0.0207062928571885
2020-05-01,7.108749866485596,7.222499847412109,7.020999908447266,7.069499969482422,342096000,NVDA,7.307000160217285,-0.0271315573265013,-0.0055213501305227,-0.032503104629438
2020-05-04,7.021999835968018,7.296000003814697,7.021999835968018,7.282249927520752,317556000,NVDA,7.069499969482422,-0.0067190230878354,0.0370621044762325,0.0300940602527375
2020-05-05,7.386750221252441,7.506750106811523,7.282249927520752,7.343500137329102,368896000,NVDA,7.282249927520752,0.0143500009985604,-0.0058550895357074,0.0084108909221689
2020-05-06,7.423250198364258,7.550000190734863,7.385250091552734,7.44474983215332,323464000,NVDA,7.343500137329102,0.0108599522766759,0.0028962561161955,0.0137876615960743
2020-05-07,7.584499835968018,7.685249805450439,7.532999992370605,7.621749877929687,373732000,NVDA,7.44474983215332,0.0187716185184796,0.0049113379612744,0.0237751502423784
2020-05-08,7.693749904632568,7.818749904632568,7.659749984741211,7.8125,339216000,NVDA,7.621749877929687,0.0094466530463523,0.0154346185981337,0.0250270771312854
2020-05-11,7.807499885559082,8.112500190734863,7.778749942779541,8.065500259399414,469060000,NVDA,7.8125,-0.0006400146484375,0.0330451972618706,0.0323840332031251
2020-05-12,8.123499870300293,8.172499656677246,7.792749881744385,7.802499771118164,493060000,NVDA,8.065500259399414,0.0071910742093508,-0.0395150002224672,-0.0326080813120988
2020-05-13,7.917500019073486,8.078499794006348,7.594749927520752,7.78000020980835,625852000,NVDA,7.802499771118164,0.0147388979594729,-0.0173665688580859,-0.0028836349849183
2020-05-14,7.841750144958496,8.03600025177002,7.6875,8.030500411987305,602312000,NVDA,7.78000020980835,0.0079370094453592,0.0240699159676946,0.0321979685634385
2020-05-15,7.889750003814697,8.500499725341797,7.874000072479248,8.490750312805176,987660000,NVDA,8.030500411987305,-0.017526978513382,0.0761748228650964,0.0573127298680971
2020-05-18,8.760499954223633,8.916500091552734,8.680500030517578,8.750249862670898,774460000,NVDA,8.490750312805176,0.0317698238059878,-0.0011700349987208,0.0305626170015107
2020-05-19,8.790249824523926,9.087499618530272,8.762749671936035,8.805500030517578,717320000,NVDA,8.750249862670898,0.0045712936751292,0.001734900178958,0.0063141245923021
2020-05-20,8.991000175476074,9.04300022125244,8.888750076293945,8.970000267028809,587536000,NVDA,8.805500030517578,0.0210663953569474,-0.0023356587740421,0.0186815326717524
2020-05-21,9.05150032043457,9.052499771118164,8.737500190734863,8.775250434875488,761068000,NVDA,8.970000267028809,0.0090858473778794,-0.0305197896237625,-0.0217112403964095
2020-05-22,8.825249671936035,9.093000411987305,8.713250160217285,9.026249885559082,1038764000,NVDA,8.775250434875488,0.0056977561417319,0.0227755838185768,0.0286031096828924
2020-05-26,9.156749725341797,9.181750297546388,8.67199993133545,8.71774959564209,770780000,NVDA,9.026249885559082,0.0144578137584578,-0.0479427900584364,-0.0341781242297042
2020-05-27,8.625,8.632749557495117,7.996749877929687,8.525250434875488,1175892000,NVDA,8.71774959564209,-0.0106391672099017,-0.0115651669709578,-0.0220812904356452
2020-05-28,8.412249565124512,8.760499954223633,8.379249572753906,8.487000465393066,734896000,NVDA,8.525250434875488,-0.0132548446071105,0.0088859584692371,-0.0044866681365683
2020-05-29,8.554499626159668,8.875499725341797,8.484999656677246,8.875499725341797,745256000,NVDA,8.487000465393066,0.0079532410822691,0.0375241233514711,0.0457758028331554
2020-06-01,8.833250045776367,8.840749740600586,8.689499855041504,8.806249618530273,389876000,NVDA,8.875499725341797,-0.0047602592386766,-0.0030566809618396,-0.0078023896067279
2020-06-02,8.796250343322754,8.837249755859375,8.657999992370605,8.825249671936035,391320000,NVDA,8.806249618530273,-0.0011354748775777,0.0032967830020088,0.0021575647101554
2020-06-03,8.822250366210938,8.866250038146973,8.699999809265137,8.769499778747559,365440000,NVDA,8.825249671936035,-0.000339855056411,-0.0059792666580187,-0.0063170896304224
2020-06-04,8.727999687194824,8.943249702453613,8.677499771118164,8.766500473022461,424280000,NVDA,8.769499778747559,-0.0047323214094043,0.0044111809357787,-0.0003420155996087
2020-06-05,8.794500350952148,8.996999740600586,8.708000183105469,8.920000076293945,481748000,NVDA,8.766500473022461,0.0031939629748327,0.0142702507628201,0.0175097923902309
2020-06-08,8.877249717712402,8.889749526977539,8.685750007629395,8.805000305175781,387736000,NVDA,8.920000076293945,-0.0047926410555934,-0.0081387157998343,-0.0128923509119457
2020-06-09,8.800000190734863,9.109749794006348,8.751250267028809,9.04599952697754,468488000,NVDA,8.805000305175781,-0.0005678721485085,0.0279544694216799,0.0273707227085606
2020-06-10,9.167750358581545,9.5,9.153499603271484,9.36674976348877,632180000,NVDA,9.04599952697754,0.0134590800321081,0.021706459831877,0.0354576888440762
2020-06-11,9.149999618530272,9.261249542236328,8.78600025177002,8.796250343322754,583652000,NVDA,9.36674976348877,-0.0231403795800524,-0.0386611245853079,-0.0609068710674646
2020-06-12,9.162500381469728,9.187250137329102,8.70324993133545,8.932499885559082,570908000,NVDA,8.796250343322754,0.0416370639593033,-0.0251023723148539,0.0154895025628454
2020-06-15,8.815250396728516,9.182250022888184,8.743749618530273,9.173749923706056,400004000,NVDA,8.932499885559082,-0.0131261674036089,0.0406681048005833,0.0270081210453743
2020-06-16,9.225000381469728,9.26675033569336,8.838749885559082,9.068499565124512,535716000,NVDA,9.173749923706056,0.0055866421245291,-0.0169648574388764,-0.011472991901552
2020-06-17,9.113750457763672,9.298999786376951,9.070249557495115,9.236000061035156,408304000,NVDA,9.068499565124512,0.0049898985288796,0.0134137536284356,0.0184705854268125
2020-06-18,9.22700023651123,9.282500267028809,9.114500045776367,9.218000411987305,254408000,NVDA,9.236000061035156,-0.0009744288073247,-0.0009753792449591,-0.0019488576146494
2020-06-19,9.24250030517578,9.44499969482422,9.227250099182127,9.261249542236328,524160000,NVDA,9.218000411987305,0.0026578316439014,0.0020285892822797,0.0046918125749682
2020-06-22,9.300000190734863,9.53125,9.273249626159668,9.52674961090088,398468000,NVDA,9.261249542236328,0.0041841706480114,0.0243816575823208,0.028667845246338
2020-06-23,9.550999641418455,9.642499923706056,9.407500267028809,9.449999809265137,375108000,NVDA,9.52674961090088,0.0025454673952836,-0.0105747917438221,-0.0080562421361344
2020-06-24,9.47624969482422,9.556500434875488,9.14449977874756,9.23550033569336,449372000,NVDA,9.449999809265137,0.0027777657236929,-0.0254055525006219,-0.0226983574498567
2020-06-25,9.35575008392334,9.505000114440918,9.182250022888184,9.489999771118164,376072000,NVDA,9.23550033569336,0.0130203826386361,0.01434943066997,0.0275566483865759
2020-06-26,9.5,9.5,9.125,9.154999732971191,592084000,NVDA,9.489999771118164,0.0010537649233954,-0.0363158175819798,-0.0353003209933165
2020-06-29,9.169750213623049,9.204500198364258,8.899999618530273,9.199999809265137,342248000,NVDA,9.154999732971191,0.0016111940013205,0.0032988461994471,0.0049153552819756
2020-06-30,9.314000129699709,9.526249885559082,9.26650047302246,9.497750282287598,367892000,NVDA,9.199999809265137,0.0123913394345684,0.01972838200871,0.0323641825212432
2020-07-01,9.520750045776367,9.575750350952148,9.413000106811523,9.529999732971191,326648000,NVDA,9.497750282287598,0.0024216012008297,0.0009715292545598,0.0033954831117992
2020-07-02,9.638999938964844,9.737500190734863,9.57824993133545,9.612250328063965,364056000,NVDA,9.529999732971191,0.011437587518134,-0.0027751437981388,0.0086307027699286
2020-07-06,9.74174976348877,9.9087495803833,9.712499618530272,9.83924961090088,315892000,NVDA,9.612250328063965,0.0134723328050163,0.0100084532839809,0.0236156233025024
2020-07-07,9.946249961853027,10.06999969482422,9.850749969482422,9.871749877929688,357800000,NVDA,9.83924961090088,0.0108748487113898,-0.0074902686147111,0.003303124558686
2020-07-08,9.993749618530272,10.225000381469728,9.965499877929688,10.215999603271484,365480000,NVDA,9.871749877929688,0.0123584716093081,0.022238898634114,0.0348722090408142
2020-07-09,10.380249977111816,10.56999969482422,10.23349952697754,10.508999824523926,494548000,NVDA,10.215999603271484,0.0160777584395885,0.0124033474816116,0.0286805239458518
2020-07-10,10.588749885559082,10.65524959564209,10.37874984741211,10.479249954223633,497676000,NVDA,10.508999824523926,0.0075887394011606,-0.0103411575982907,-0.0028308945472497
2020-07-13,10.595000267028809,10.79224967956543,10.024999618530272,10.052249908447266,457076000,NVDA,10.479249954223633,0.0110456677062582,-0.0512270264183531,-0.0407471954234917
2020-07-14,10.074999809265137,10.402750015258787,9.785499572753906,10.376999855041504,542676000,NVDA,10.052249908447266,0.0022631650650422,0.0299751912152537,0.0323061950858722
2020-07-15,10.414250373840332,10.43299961090088,10.055749893188477,10.227250099182127,403984000,NVDA,10.376999855041504,0.0035897195065228,-0.0179561915592053,-0.0144309297437853
2020-07-16,10.015000343322754,10.20674991607666,9.895500183105469,10.134750366210938,344964000,NVDA,10.227250099182127,-0.020753355379111,0.0119570662788867,-0.0090444383460015
2020-07-17,10.225500106811523,10.248499870300291,10.087750434875488,10.201499938964844,266284000,NVDA,10.134750366210938,0.008954314346325,-0.0023470898827425,0.0065862078829734
2020-07-20,10.274250030517578,10.53125,10.156749725341797,10.510749816894531,284852000,NVDA,10.201499938964844,0.0071313132370725,0.0230186909676597,0.03031415770033
2020-07-21,10.512999534606934,10.5600004196167,10.286749839782717,10.328499794006348,277036000,NVDA,10.510749816894531,0.0002140396976042,-0.0175496764737071,-0.0173393931035483
2020-07-22,10.36750030517578,10.602499961853027,10.291500091552734,10.438750267028809,367292000,NVDA,10.328499794006348,0.0037760092895644,0.0068724340251484,0.010674393689434
2020-07-23,10.449999809265137,10.54699993133545,10.03125,10.12975025177002,411660000,NVDA,10.438750267028809,0.0010776713637703,-0.0306458912287423,-0.0296012460643663
2020-07-24,9.875,10.364749908447266,9.777000427246094,10.194499969482422,473292000,NVDA,10.12975025177002,-0.0251487199030899,0.0323544272893591,0.0063920349567441
2020-07-27,10.232250213623049,10.441749572753906,10.21774959564209,10.421500205993652,292132000,NVDA,10.194499969482422,0.0037030010548464,0.0184954421969315,0.0222669318937429
2020-07-28,10.374250411987305,10.381999969482422,10.209250450134276,10.215499877929688,271636000,NVDA,10.421500205993652,-0.0045338764162929,-0.0153023618818939,-0.0197668592805371
2020-07-29,10.39074993133545,10.516249656677246,10.347000122070312,10.465499877929688,284508000,NVDA,10.215499877929688,0.017155308648614,0.0071938933270652,0.0244726154360901
2020-07-30,10.375,10.623000144958496,10.295249938964844,10.61400032043457,308880000,NVDA,10.465499877929688,-0.0086474491410142,0.023036175463573,0.014189522166834
2020-07-31,10.563249588012695,10.76650047302246,10.43299961090088,10.614749908447266,386080000,NVDA,10.61400032043457,-0.0047814896259393,0.0048754239881838,7.062257302292707e-05
2020-08-03,10.732500076293944,11.098750114440918,10.715250015258787,11.010250091552734,412720000,NVDA,10.614749908447266,0.0110930703843501,0.0258793396957234,0.0372594914168187
2020-08-04,11.050000190734863,11.227749824523926,10.906000137329102,11.227749824523926,310336000,NVDA,11.010250091552734,0.0036102812244587,0.0160859394317568,0.0197542954213238
2020-08-05,11.244000434875488,11.371749877929688,11.166250228881836,11.286749839782717,249924000,NVDA,11.227749824523926,0.0014473612794674,0.003801974675724,0.0052548387861226
2020-08-06,11.349749565124512,11.357999801635742,11.178750038146973,11.33549976348877,244316000,NVDA,11.286749839782717,0.0055817419749784,-0.0012555168335633,0.0043192171704049
2020-08-07,11.3125,11.50475025177002,11.037500381469728,11.19950008392334,342516000,NVDA,11.33549976348877,-0.0020290030407702,-0.0099889428576053,-0.0119976783029434
2020-08-10,11.334250450134276,11.408249855041504,10.856499671936035,11.164999961853027,427796000,NVDA,11.19950008392334,0.0120318197420588,-0.0149326582314267,-0.0030805055414783
2020-08-11,11.073749542236328,11.13675022125244,10.79574966430664,10.850000381469728,354512000,NVDA,11.164999961853027,-0.0081728992322858,-0.0202053658440802,-0.0282131286573709
2020-08-12,10.990750312805176,11.467000007629396,10.958250045776367,11.440250396728516,464412000,NVDA,10.850000381469728,0.0129723434457966,0.0408980343589129,0.0544009211526714
2020-08-13,11.54599952697754,11.721750259399414,11.35575008392334,11.442999839782717,374460000,NVDA,11.440250396728516,0.0092436027693296,-0.0089208116589787,0.0002403306709952
2020-08-14,11.529999732971191,11.704750061035156,11.440500259399414,11.564000129699709,366436000,NVDA,11.442999839782717,0.0076028921092887,0.0029488636180353,0.0105741756192569
2020-08-17,11.85124969482422,12.409749984741213,11.81725025177002,12.336999893188477,621300000,NVDA,11.564000129699709,0.0248399828694891,0.0409872554264381,0.0668453610185875
2020-08-18,12.449999809265137,12.496000289916992,12.08625030517578,12.260749816894531,503448000,NVDA,12.336999893188477,0.0091594323624051,-0.0152008028329259,-0.0061806011959232
2020-08-19,12.296500205993652,12.3149995803833,12.097999572753906,12.138500213623049,622624000,NVDA,12.260749816894531,0.0029158403550375,-0.0128491838916565,-0.0099708097055395
2020-08-20,11.975000381469728,12.375,11.87874984741211,12.140999794006348,921388000,NVDA,12.138500213623049,-0.0134695250052246,0.0138621634445616,0.0002059216821939
2020-08-21,12.201749801635742,12.80875015258789,12.195249557495115,12.683500289916992,999868000,NVDA,12.140999794006348,0.0050037071625175,0.0394820821696137,0.0446833461094744
2020-08-24,12.883749961853027,12.912500381469728,12.50749969482422,12.720250129699709,490564000,NVDA,12.683500289916992,0.0157882025749018,-0.012690391589205,0.0028974525125315
2020-08-25,12.630749702453612,12.761249542236328,12.573749542236328,12.75,289076000,NVDA,12.720250129699709,-0.0070360587514803,0.009441268361388,0.0023387802910284
2020-08-26,12.799249649047852,12.868499755859377,12.677749633789062,12.77299976348877,321244000,NVDA,12.75,0.0038627175723804,-0.0020508925350194,0.0018039030187271
2020-08-27,12.781499862670898,12.850000381469728,12.566499710083008,12.628250122070312,317604000,NVDA,12.77299976348877,0.0006654739951084,-0.0119899653598683,-0.011332470374909
2020-08-28,12.675000190734863,13.14799976348877,12.642499923706056,13.147749900817873,537160000,NVDA,12.628250122070312,0.0037020227040678,0.0372978069403562,0.041137906972529
2020-08-31,13.18274974822998,13.574999809265137,13.037750244140623,13.374500274658203,500840000,NVDA,13.147749900817873,0.0026620408568869,0.0145455637170059,0.017246325458794
2020-09-01,13.479999542236328,13.993749618530272,13.43649959564209,13.821000099182127,511316000,NVDA,13.374500274658203,0.0078880904266773,0.025296778080545,0.0333844117802253
2020-09-02,14.703749656677246,14.726750373840332,13.899999618530272,14.346500396728516,874012000,NVDA,13.821000099182127,0.0638701650503101,-0.0242964732323565,0.0380218720624627
2020-09-03,13.828749656677246,13.884499549865724,12.87874984741211,13.01550006866455,945128000,NVDA,14.346500396728516,-0.0360889921398067,-0.0588086130852774,-0.0927752616496966
2020-09-04,12.7837495803833,13.175000190734863,11.704750061035156,12.6225004196167,1463684000,NVDA,13.01550006866455,-0.0178057306333699,-0.0126136044634384,-0.0301947406534165
2020-09-08,11.73449993133545,12.550000190734863,11.70425033569336,11.913000106811523,795728000,NVDA,12.6225004196167,-0.0703506008129105,0.0152115707120516,-0.0562091732397598
2020-09-09,12.399999618530272,12.809249877929688,12.231749534606934,12.71500015258789,736200000,NVDA,11.913000106811523,0.0408796698860345,0.0254032696571125,0.0673214168207558
2020-09-10,12.989250183105469,13.065250396728516,12.166999816894531,12.311750411987305,698684000,NVDA,12.71500015258789,0.0215690151180816,-0.0521584973395429,-0.0317144896391143
2020-09-11,12.48550033569336,12.65250015258789,11.895750045776367,12.16450023651123,636928000,NVDA,12.311750411987305,0.014112528104605,-0.025709830647672,-0.0119601332506468
2020-09-14,13.081000328063965,13.3149995803833,12.631250381469728,12.872249603271484,1201744000,NVDA,12.16450023651123,0.0753421902859516,-0.0159583150796676,0.0581815407949086
2020-09-15,13.279999732971191,13.298749923706056,12.827750205993652,12.991000175476074,727556000,NVDA,12.872249603271484,0.0316766798552505,-0.0217620153092019,0.009225316154094
2020-09-16,12.957249641418455,13.09274959564209,12.513750076293944,12.51449966430664,556384000,NVDA,12.991000175476074,-0.0025979935033277,-0.0341700584124384,-0.0366792783260024
2020-09-17,12.13224983215332,12.589750289916992,12.034749984741213,12.463500022888184,792512000,NVDA,12.51449966430664,-0.0305445557079327,0.0273032780661153,-0.004075244139717
2020-09-18,12.59375,12.63249969482422,11.988750457763672,12.189249992370604,698460000,NVDA,12.463500022888184,0.0104505136496668,-0.0321191073055598,-0.0220042548252048
2020-09-21,11.925000190734863,12.522500038146973,11.904500007629396,12.517250061035156,721044000,NVDA,12.189249992370604,-0.021678922148708,0.0496645585599606,0.0269089623126812
2020-09-22,12.574999809265137,12.64799976348877,12.155500411987305,12.637749671936035,646452000,NVDA,12.517250061035156,0.0046136130498621,0.0049900487970317,0.0096266840011434
2020-09-23,12.575499534606934,12.72700023651123,12.07925033569336,12.123749732971191,647012000,NVDA,12.637749671936035,-0.0049257295756804,-0.0359230104849956,-0.0406717930254826
2020-09-24,12.072250366210938,12.569499969482422,12.013999938964844,12.347999572753906,731240000,NVDA,12.123749732971191,-0.0042478084664019,0.0228415745348327,0.0184967394347357
2020-09-25,12.447500228881836,12.883500099182127,12.245750427246094,12.873749732971191,588016000,NVDA,12.347999572753906,0.0080580385139856,0.0342437835912091,0.0425777598322374
2020-09-28,13.040249824523926,13.051750183105469,12.75,13.03499984741211,573808000,NVDA,12.873749732971191,0.0129333018744575,-0.0004025978936341,0.0125254970607311
2020-09-29,12.9375,13.442749977111816,12.933250427246094,13.225749969482422,621460000,NVDA,13.03499984741211,-0.0074798502917869,0.0222801908778683,0.0146336880938424
2020-09-30,13.157500267028809,13.6225004196167,13.150250434875488,13.530500411987305,689184000,NVDA,13.225749969482422,-0.0051603653941058,0.0283488609073557,0.0230422050324612
2020-10-01,13.758000373840332,13.762749671936035,13.460749626159668,13.614500045776367,525004000,NVDA,13.530500411987305,0.0168138616404367,-0.0104303186629372,0.0062081690426352
2020-10-02,13.225000381469728,13.51949977874756,13.050999641418455,13.062250137329102,552496000,NVDA,13.614500045776367,-0.0286091786695814,-0.012306256290825,-0.0405633630754285
2020-10-05,13.236000061035156,13.64424991607666,13.222749710083008,13.642499923706056,479820000,NVDA,13.062250137329102,0.0133016840038544,0.0307116848592026,0.04442188599028
2020-10-06,13.829999923706056,14.142000198364258,13.664999961853027,13.736499786376951,784420000,NVDA,13.642499923706056,0.0137438153599831,-0.0067606751876283,0.0068902227008671
2020-10-07,13.999750137329102,14.119250297546388,13.863499641418455,13.96399974822998,418084000,NVDA,13.736499786376951,0.0191642962214599,-0.0025536447971164,0.0165617126190071
2020-10-08,14.074999809265137,14.084500312805176,13.758000373840332,13.838749885559082,378900000,NVDA,13.96399974822998,0.0079490162586994,-0.016785074735883,-0.0089694833091624
2020-10-09,13.767000198364258,13.82425022125244,13.66075038909912,13.762749671936035,346892000,NVDA,13.838749885559082,-0.0051846942670519,-0.0003087474661856,-0.0054918409720197
2020-10-12,13.989500045776367,14.347000122070312,13.912500381469728,14.22599983215332,434744000,NVDA,13.762749671936035,0.0164756592429131,0.0169055209695185,0.0336597098152493
2020-10-13,14.296500205993652,14.34850025177002,14.018750190734863,14.248250007629396,344604000,NVDA,14.22599983215332,0.0049557412253715,-0.0033749657377005,0.0015640500308304
2020-10-14,14.290499687194824,14.34274959564209,13.960000038146973,14.095250129699709,276100000,NVDA,14.248250007629396,0.002965253946471,-0.0136628922549204,-0.0107381522536285
2020-10-15,13.810750007629396,14.005749702453612,13.767749786376951,13.970000267028809,267224000,NVDA,14.095250129699709,-0.0201841130488951,0.0115308914658103,-0.0088859623999851
2020-10-16,14.036749839782717,14.121500015258787,13.792499542236328,13.81149959564209,242392000,NVDA,13.970000267028809,0.0047780652453848,-0.0160471794903849,-0.0113457887156096
2020-10-19,13.902999877929688,13.98349952697754,13.406749725341797,13.497750282287598,298068000,NVDA,13.81149959564209,0.006624934653473,-0.0291483564123022,-0.0227165277153169
2020-10-20,13.583499908447266,13.799750328063965,13.506999969482422,13.645500183105469,229212000,NVDA,13.497750282287598,0.0063528828409422,0.0045643814242341,0.0109462612456059
2020-10-21,13.625,13.791500091552734,13.477499961853027,13.524749755859377,219596000,NVDA,13.645500183105469,-0.0015023401729787,-0.0073578160837155,-0.0088491023140063
2020-10-22,13.522500038146973,13.611749649047852,13.231749534606934,13.361000061035156,290480000,NVDA,13.524749755859377,-0.0001663408013465,-0.0119430561402273,-0.0121074103240451
2020-10-23,13.449999809265137,13.593250274658203,13.291250228881836,13.590250015258787,233484000,NVDA,13.361000061035156,0.0066611591814547,0.0104275247570665,0.0171581433407965
2020-10-26,13.427000045776367,13.692749977111816,13.03849983215332,13.141249656677246,336896000,NVDA,13.590250015258787,-0.0120122859622986,-0.0212817746425053,-0.033038417842013
2020-10-27,13.305999755859377,13.44200038909912,13.191499710083008,13.396750450134276,250520000,NVDA,13.141249656677246,0.0125368670017176,0.0068202837772441,0.019442655769591
2020-10-28,13.197999954223633,13.260000228881836,12.609000205993652,12.626999855041504,376520000,NVDA,13.396750450134276,-0.0148357242788419,-0.0432641385939236,-0.0574580080414245
2020-10-29,12.838500022888184,13.192749977111816,12.75,13.02400016784668,320080000,NVDA,12.626999855041504,0.0167498352953758,0.0144487396991697,0.0314405890047324
2020-10-30,12.850000381469728,12.93649959564209,12.300000190734863,12.534000396728516,416820000,NVDA,13.02400016784668,-0.0133599342855138,-0.0245914377712312,-0.0376228320641351
2020-11-02,12.657750129699709,12.836750030517578,12.395000457763672,12.580750465393066,299652000,NVDA,12.534000396728516,0.0098731234286135,-0.0060832030588098,0.0037298601551627
2020-11-03,12.708499908447266,13.104999542236328,12.602749824523926,13.01949977874756,272900000,NVDA,12.580750465393066,0.0101543579141492,0.0244718001763192,0.0348746535082622
2020-11-04,13.389249801635742,13.827500343322754,13.336999893188477,13.794249534606934,410228000,NVDA,13.01949977874756,0.0283997103707276,0.0302481273388232,0.0595068757652303
2020-11-05,14.162500381469728,14.33899974822998,13.991000175476074,14.15999984741211,319028000,NVDA,13.794249534606934,0.0266959681959448,-0.0001765602111396,0.0265146945390239
2020-11-06,14.109749794006348,14.588749885559082,13.895000457763672,14.562000274658203,383348000,NVDA,14.15999984741211,-0.0035487326233937,0.0320523387908668,0.02838986098715
2020-11-09,14.552499771118164,14.691499710083008,13.610750198364258,13.630749702453612,582976000,NVDA,14.562000274658203,-0.0006524174811733,-0.0633396380801816,-0.0639507316742203
2020-11-10,13.606499671936035,13.606499671936035,12.628250122070312,12.770000457763672,644068000,NVDA,13.630749702453612,-0.0017790679930989,-0.061477913816268,-0.0631476084206139
2020-11-11,13.053750038146973,13.4350004196167,12.948249816894531,13.41800022125244,404744000,NVDA,12.770000457763672,0.0222200133290357,0.027903872989832,0.0507439107486336
2020-11-12,13.479000091552734,13.765999794006348,13.315999984741213,13.45674991607666,365812000,NVDA,13.41800022125244,0.0045461223203497,-0.0016507289357478,0.002887888968942
2020-11-13,13.627249717712402,13.668749809265137,13.059249877929688,13.29699993133545,346312000,NVDA,13.45674991607666,0.012670206602565,-0.0242345149034512,-0.0118713646116258
2020-11-16,13.172499656677246,13.649499893188477,13.156000137329102,13.515250205993652,413776000,NVDA,13.29699993133545,-0.0093630349177341,0.0260201600493239,0.0164134974644829
2020-11-17,13.552499771118164,13.5962495803833,13.303750038146973,13.422249794006348,312028000,NVDA,13.515250205993652,0.0027561136166012,-0.009610771393584,-0.0068811461548866
2020-11-18,13.465250015258787,13.60575008392334,13.1850004196167,13.428750038146973,510924000,NVDA,13.422249794006348,0.0032036522872374,-0.0027106794950301,0.000484288717643
2020-11-19,13.212750434875488,13.487500190734863,13.100000381469728,13.440250396728516,565936000,NVDA,13.428750038146973,-0.0160848628992196,0.0172182137984331,0.0008563982908962
2020-11-20,13.45400047302246,13.494500160217283,13.0649995803833,13.087750434875488,341088000,NVDA,13.440250396728516,0.0010230520926375,-0.027222389272348,-0.0262271871020222
2020-11-23,13.171250343322754,13.38249969482422,13.01550006866455,13.140000343322754,361356000,NVDA,13.087750434875488,0.0063800046358433,-0.0023725917574592,0.0039922757319725
2020-11-24,13.142499923706056,13.161999702453612,12.885000228881836,12.95775032043457,346500000,NVDA,13.140000343322754,0.0001902268126325,-0.014057417108159,-0.0138698643931768
2020-11-25,13.032500267028809,13.26949977874756,13.020000457763672,13.234749794006348,259916000,NVDA,12.95775032043457,0.0057687441682185,0.0155188584564401,0.0213771269488767
2020-11-27,13.375,13.407500267028809,13.170499801635742,13.261249542236328,167276000,NVDA,13.234749794006348,0.0105971180548625,-0.0085047071225175,0.0020022855469457
2020-11-30,13.265000343322754,13.412500381469728,12.972249984741213,13.40149974822998,286952000,NVDA,13.261249542236328,0.0002828391905664,0.0102901923388141,0.0105759419990525
2020-12-01,13.492250442504885,13.5287504196167,13.228249549865724,13.390000343322754,296948000,NVDA,13.40149974822998,0.0067716819743914,-0.0075784317536834,-0.0008580685089925
2020-12-02,13.350500106811523,13.673500061035156,13.23425006866455,13.544500350952148,283360000,NVDA,13.390000343322754,-0.0029499802463357,0.0145313091336289,0.0115384618123957
2020-12-03,13.587499618530272,13.65999984741211,13.32900047302246,13.395999908447266,199520000,NVDA,13.544500350952148,0.003174666208717,-0.0140938153051975,-0.0109638922556817
2020-12-04,13.44849967956543,13.5600004196167,13.388750076293944,13.558250427246094,202244000,NVDA,13.395999908447266,0.0039190632634342,0.0081608172134938,0.0121118632358689
2020-12-07,13.60124969482422,13.731249809265137,13.5,13.606749534606934,223244000,NVDA,13.558250427246094,0.0031714466264551,0.0004043628273957,0.0035770918689759
2020-12-08,13.585000038146973,13.598750114440918,13.281499862670898,13.350000381469728,271920000,NVDA,13.606749534606934,-0.0015984343949775,-0.0172984656619331,-0.0188692495944163
2020-12-09,13.30049991607666,13.413999557495115,12.868249893188477,12.930749893188477,401300000,NVDA,13.350000381469728,-0.0037078999234917,-0.0277997086742023,-0.0314045300600278
2020-12-10,12.869000434875488,13.068750381469728,12.849499702453612,12.972249984741213,207764000,NVDA,12.930749893188477,-0.0047753965410402,0.0080231211731031,0.0032094110469644
2020-12-11,12.967249870300291,13.020000457763672,12.822999954223633,13.013250350952148,209264000,NVDA,12.972249984741213,-0.0003854469692458,0.0035474353553727,0.0031606210379204
2020-12-14,13.088000297546388,13.388750076293944,13.077500343322754,13.30875015258789,270156000,NVDA,13.013250350952148,0.0057441411314098,0.0168665838953937,0.0227076090651034
2020-12-15,13.439749717712402,13.46399974822998,13.186750411987305,13.36050033569336,193016000,NVDA,13.30875015258789,0.0098431155159253,-0.005896641208623,0.0038884329867299
2020-12-16,13.422499656677246,13.437250137329102,13.212499618530272,13.24250030517578,223116000,NVDA,13.36050033569336,0.0046404939505335,-0.0134102705237858,-0.0088320068524929
2020-12-17,13.36674976348877,13.37950038909912,13.178500175476074,13.3412504196167,231384000,NVDA,13.24250030517578,0.0093826283141127,-0.0019076697269909,0.0074570596311274
2020-12-18,13.378999710083008,13.404999732971191,13.070500373840332,13.272000312805176,342064000,NVDA,13.3412504196167,0.0028295166704017,-0.0079975633153794,-0.0051906758837012
2020-12-21,13.074749946594238,13.369999885559082,12.967499732971191,13.332249641418455,302332000,NVDA,13.272000312805176,-0.0148621429748329,0.0196944259642451,0.0045395816149242
2020-12-22,13.319250106811523,13.337249755859377,13.053999900817873,13.278249740600586,185580000,NVDA,13.332249641418455,-0.0009750443440954,-0.0030782788732204,-0.004050321758911
2020-12-23,13.255999565124512,13.274999618530272,13.005000114440918,13.009249687194824,179144000,NVDA,13.278249740600586,-0.0016756858705586,-0.0186142038340787,-0.020258698146281
2020-12-24,13.037249565124512,13.13249969482422,12.938750267028809,12.993749618530272,97884000,NVDA,13.009249687194824,0.0021523053675607,-0.0033365892381628,-0.0011914652295287
2020-12-28,13.0625,13.0625,12.763250350952148,12.899999618530272,212564000,NVDA,12.993749618530272,0.0052910348042787,-0.0124402205909838,-0.007215007426825
2020-12-29,12.925000190734863,13.072500228881836,12.842249870300291,12.943249702453612,170372000,NVDA,12.899999618530272,0.0019380289103789,0.0014119544641733,0.003352719783124
2020-12-30,12.990249633789062,13.213749885559082,12.896750450134276,13.145750045776367,225396000,NVDA,12.943249702453612,0.0036312311371493,0.0119705484013818,0.0156452473666151
2020-12-31,13.136500358581545,13.151000022888184,12.914999961853027,13.05500030517578,192424000,NVDA,13.145750045776367,-0.0007036256708529,-0.0062040917429367,-0.006903352055575
2021-01-04,13.104249954223633,13.65250015258789,12.962499618530272,13.113499641418455,560640000,NVDA,13.05500030517578,0.0037724739867164,0.000705853996004,0.0044809907985587
2021-01-05,13.099749565124512,13.443499565124512,13.086999893188477,13.404749870300291,322760000,NVDA,13.113499641418455,-0.0010485436130653,0.0232829111472317,0.0222099543863891
2021-01-06,13.22249984741211,13.244999885559082,12.586000442504885,12.614500045776367,580424000,NVDA,13.404749870300291,-0.0135959286560041,-0.045982212792745,-0.0589529705641738
2021-01-07,12.967499732971191,13.377750396728516,12.886500358581545,13.343999862670898,461480000,NVDA,12.614500045776367,0.0279836446877668,0.0290341343707466,0.0578302599585613
2021-01-08,13.362500190734863,13.42099952697754,13.041999816894531,13.27674961090088,292528000,NVDA,13.343999862670898,0.0013864154866876,-0.006417255649017,-0.0050397371449432
2021-01-11,13.418749809265137,13.961000442504885,13.362500190734863,13.621500015258787,518344000,NVDA,13.27674961090088,0.0106954038093531,0.0151094706195103,0.0259664763184848
2021-01-12,13.7524995803833,13.75450038909912,13.345000267028809,13.484749794006348,291476000,NVDA,13.621500015258787,0.0096171174230272,-0.0194691724811156,-0.0100392923759684
2021-01-13,13.489999771118164,13.625,13.385000228881836,13.531749725341797,210028000,NVDA,13.484749794006348,0.0003893269947174,0.0030948817592286,0.0034854136749604
2021-01-14,13.574999809265137,13.599749565124512,13.180500030517578,13.200249671936035,283120000,NVDA,13.531749725341797,0.0031961930128179,-0.0276059036902033,-0.0244979444738724
2021-01-15,13.227999687194824,13.325249671936035,12.84850025177002,12.85949993133545,277780000,NVDA,13.200249671936035,0.0021022341204488,-0.027857557043647,-0.0258138860301275
2021-01-19,13.016249656677246,13.093999862670898,12.843999862670898,13.025250434875488,226188000,NVDA,12.85949993133545,0.0121894106441757,0.0006915031929819,0.0128893428535385
2021-01-20,13.111749649047852,13.430500030517578,13.056750297546388,13.365750312805176,258572000,NVDA,13.025250434875488,0.0066408868378269,0.019371988526014,0.0261415225474659
2021-01-21,13.418499946594238,13.999250411987305,13.253000259399414,13.86750030517578,337780000,NVDA,13.365750312805176,0.0039466272042001,0.033461293018487,0.0375399794720017
2021-01-22,13.739999771118164,13.841750144958496,13.627249717712402,13.712499618530272,246820000,NVDA,13.86750030517578,-0.009194197313991,-0.002001466742794,-0.0111772621766343
2021-01-25,13.781749725341797,13.828499794006348,13.236499786376951,13.653249740600586,251112000,NVDA,13.712499618530272,0.0050501446663993,-0.0093239238342085,-0.0043208663320304
2021-01-26,13.580499649047852,13.644749641418455,13.387499809265137,13.435250282287598,163980000,NVDA,13.653249740600586,-0.0053284084694061,-0.0106954361410728,-0.015966854957961
2021-01-27,13.229999542236328,13.232749938964844,12.793749809265137,12.917750358581545,371272000,NVDA,13.435250282287598,-0.0152770313718578,-0.0236016019999048,-0.038518070957584
2021-01-28,12.99625015258789,13.339750289916992,12.96049976348877,13.050999641418455,228316000,NVDA,12.917750358581545,0.0060768935632975,0.0042127142974132,0.0103152080771087
2021-01-29,13.074999809265137,13.334750175476074,12.911499977111816,12.989749908447266,271552000,NVDA,13.050999641418455,0.0018389524562174,-0.0065200689913174,-0.0046931066319862
2021-02-01,13.053250312805176,13.270750045776367,12.902750015258787,13.237000465393066,217204000,NVDA,12.989749908447266,0.0048885009184522,0.0140769653675937,0.0190342815441746
2021-02-02,13.39875030517578,13.571999549865724,13.285499572753906,13.556750297546388,220440000,NVDA,13.237000465393066,0.0122195236153082,0.0117921439516319,0.024155761948432
2021-02-03,13.63599967956543,13.931750297546388,13.51650047302246,13.530500411987305,245408000,NVDA,13.556750297546388,0.0058457506614535,-0.0077368194527184,-0.0019362963086981
2021-02-04,13.531000137329102,13.673500061035156,13.337750434875488,13.664250373840332,201340000,NVDA,13.530500411987305,3.693324907283469e-05,0.0098477743817045,0.0098850713410814
2021-02-05,13.725000381469728,13.737250328063965,13.54574966430664,13.590999603271484,169152000,NVDA,13.664250373840332,0.0044459085546104,-0.009763262256747,-0.0053607602733248
2021-02-08,13.727250099182127,14.473750114440918,13.727250099182127,14.438750267028809,434624000,NVDA,13.590999603271484,0.0100250533358743,0.0518312234938497,0.0623758876097135
2021-02-09,14.340749740600586,14.583250045776367,14.22249984741211,14.263250350952148,287560000,NVDA,14.438750267028809,-0.0067873274775039,-0.0054041379321351,-0.0121547857557601
2021-02-10,14.463250160217283,14.904999732971191,14.341500282287598,14.764249801635742,485352000,NVDA,14.263250350952148,0.0140220359556253,0.020811341716704,0.0351251950541657
2021-02-11,14.980250358581545,15.272250175476074,14.925000190734863,15.250749588012695,450828000,NVDA,14.764249801635742,0.01462997171193,0.0180570566550107,0.0329512025950045
2021-02-12,15.050000190734863,15.291250228881836,14.774999618530272,14.96125030517578,374756000,NVDA,15.250749588012695,-0.01316324788623,-0.0058970022879945,-0.018982626471322
2021-02-16,15.064249992370604,15.3725004196167,14.949999809265137,15.330249786376951,321960000,NVDA,14.96125030517578,0.0068844304515907,0.0176576858549921,0.0246636794167876
2021-02-17,15.17099952697754,15.22350025177002,14.779999732971191,14.906000137329102,274756000,NVDA,15.330249786376951,-0.0103879755136755,-0.0174674970609027,-0.0276740206428245
2021-02-18,14.729000091552734,14.873250007629396,14.574999809265137,14.82900047302246,233868000,NVDA,14.906000137329102,-0.0118744159496622,0.0067893530347031,-0.0051656825169221
2021-02-19,15.024499893188477,15.177000045776367,14.846750259399414,14.92650032043457,271724000,NVDA,14.82900047302246,0.0131835871555656,-0.006522651233026,0.0065749439815234
2021-02-22,14.774749755859377,15.13325023651123,14.324999809265137,14.35575008392334,325884000,NVDA,14.92650032043457,-0.0101665200360091,-0.0283591721592352,-0.0382373781032829
2021-02-23,14.075249671936035,14.238750457763672,13.38949966430664,14.142000198364258,391780000,NVDA,14.35575008392334,-0.0195392376119329,0.0047424044321795,-0.0148894961468056
2021-02-24,14.122750282287598,14.506750106811523,13.755999565124512,14.49899959564209,448320000,NVDA,14.142000198364258,-0.0013611876542674,0.0266413627539937,0.0252439112056528
2021-02-25,14.045499801635742,14.374750137329102,13.2162504196167,13.307499885559082,824436000,NVDA,14.49899959564209,-0.0312780058385996,-0.0525435140436022,-0.0821780635431655
2021-02-26,13.7524995803833,13.854499816894531,13.361000061035156,13.714500427246094,500932000,NVDA,13.307499885559082,0.0334397669472925,-0.0027630724811225,0.0305842979663428
2021-03-01,13.875,13.925000190734863,13.553250312805176,13.841750144958496,353184000,NVDA,13.714500427246094,0.0117029106240755,-0.0023963859489372,0.0092784799845571
2021-03-02,13.899999618530272,13.920499801635742,13.395999908447266,13.40625,264116000,NVDA,13.841750144958496,0.0042082448362206,-0.0355215562647965,-0.0314627948343018
2021-03-03,13.426250457763672,13.451499938964844,12.798749923706056,12.804750442504885,377592000,NVDA,13.40625,0.0014918756373833,-0.0462899166981805,-0.0448670998597756
2021-03-04,12.80074977874756,12.975000381469728,12.083749771118164,12.37024974822998,573344000,NVDA,12.804750442504885,-0.0003124359022292,-0.0336308449081877,-0.0339327733270453
2021-03-05,12.550000190734863,12.550000190734863,11.67924976348877,12.46150016784668,542840000,NVDA,12.37024974822998,0.0145308660830072,-0.0070517945452717,0.007376602855553
2021-03-08,12.449999809265137,12.4712495803833,11.566499710083008,11.593250274658203,543112000,NVDA,12.46150016784668,-0.0009228711171722,-0.0688152247174615,-0.0696745882513203
2021-03-09,12.130249977111816,12.61674976348877,12.059249877929688,12.52025032043457,521824000,NVDA,11.593250274658203,0.0463200301668158,0.0321510557538907,0.0799603237931216
2021-03-10,12.840499877929688,12.979999542236328,12.457500457763672,12.468250274658203,384376000,NVDA,12.52025032043457,0.0255785267306063,-0.0289902734948277,-0.0041532752497365
2021-03-11,12.949999809265137,13.046250343322754,12.73449993133545,12.993499755859377,299916000,NVDA,12.468250274658203,0.0386381027004321,0.0033590692845505,0.0421269600489768
2021-03-12,12.648249626159668,12.888750076293944,12.59000015258789,12.855999946594238,243964000,NVDA,12.993499755859377,-0.0265709882777361,0.0164252229814386,-0.0105821997035965
2021-03-15,12.864749908447266,13.20674991607666,12.767250061035156,13.19124984741211,221988000,NVDA,12.855999946594238,0.0006806130903371,0.0253794237189529,0.0260773103772984
2021-03-16,13.356499671936035,13.512499809265137,13.11674976348877,13.291250228881836,272128000,NVDA,13.19124984741211,0.012527230280332,-0.0048852202790299,0.0075808117218965
2021-03-17,13.039750099182127,13.45324993133545,12.989500045776367,13.3412504196167,243864000,NVDA,13.291250228881836,-0.0189222326996145,0.0231216333243595,0.0037618876985863
2021-03-18,13.136500358581545,13.184000015258787,12.717000007629396,12.72249984741211,293896000,NVDA,13.3412504196167,-0.0153471417292412,-0.0315152818382853,-0.0463787540705173
2021-03-19,12.75,12.921500205993652,12.612500190734863,12.845749855041504,299208000,NVDA,12.72249984741211,0.0021615368770064,0.0075097925522748,0.0096875621228216
2021-03-22,12.912750244140623,13.39449977874756,12.906749725341797,13.186249732971191,297804000,NVDA,12.845749855041504,0.0052157631788871,0.021180576070901,0.0265068121185665
2021-03-23,13.254249572753906,13.344499588012695,13.021249771118164,13.07075023651123,222048000,NVDA,13.186249732971191,0.0051568748628114,-0.0138445662453713,-0.008759086078217
2021-03-24,13.151249885559082,13.159250259399414,12.63675022125244,12.642999649047852,245840000,NVDA,13.07075023651123,0.0061587627023111,-0.0386465348110617,-0.0327257869459184
2021-03-25,12.499500274658203,12.714750289916992,12.272000312805176,12.535249710083008,295144000,NVDA,12.642999649047852,-0.011350105067863,0.002860069173908,-0.0085224979795802
2021-03-26,12.554499626159668,12.856249809265137,12.373499870300291,12.83924961090088,363968000,NVDA,12.535249710083008,0.0015356627527871,0.0226811098188159,0.0242516031071435
2021-03-29,12.820249557495115,13.0625,12.699999809265137,12.948249816894531,273520000,NVDA,12.83924961090088,-0.0014798414223234,0.0099842252543813,0.0084896087619565
2021-03-30,12.842000007629396,12.975250244140623,12.704999923706056,12.871749877929688,200204000,NVDA,12.948249816894531,-0.0082057274741876,0.0023166072482961,-0.0059081296736357
2021-03-31,13.01550006866455,13.470499992370604,12.982500076293944,13.34825038909912,314776000,NVDA,12.871749877929688,0.0111678825410788,0.0255656961837127,0.0370190934168521
2021-04-01,13.572250366210938,13.869999885559082,13.511249542236328,13.811750411987305,308276000,NVDA,13.34825038909912,0.0167812237995435,0.0176463032521577,0.0347236536158104
2021-04-05,13.86750030517578,14.013999938964844,13.732999801635742,13.987500190734863,255672000,NVDA,13.811750411987305,0.0040364104132732,0.0086533176793437,0.0127246564342071
2021-04-06,13.999750137329102,14.05424976348877,13.773500442504885,13.861499786376951,191744000,NVDA,13.987500190734863,0.0008757781181194,-0.0098752013140231,-0.0090080716811264
2021-04-07,13.880749702453612,14.243499755859377,13.71150016784668,14.143500328063965,251284000,NVDA,13.861499786376951,0.0013887325594867,0.0189291379242943,0.0203441579939396
2021-04-08,14.252750396728516,14.471500396728516,14.24899959564209,14.31700038909912,244416000,NVDA,14.143500328063965,0.0077244010414998,0.0045079013230564,0.0122671232022311
2021-04-09,14.21399974822998,14.407999992370604,14.175000190734863,14.399999618530272,195172000,NVDA,14.31700038909912,-0.0071942891716035,0.0130856812716248,0.0057972499249456
2021-04-12,14.289750099182127,15.352499961853027,14.139249801635742,15.208999633789062,869324000,NVDA,14.399999618530272,-0.0076562168242193,0.0643292939503222,0.0561805581034702
2021-04-13,15.231499671936035,15.699999809265137,15.125749588012695,15.679499626159668,676212000,NVDA,15.208999633789062,0.0014793897487501,0.0294127278254202,0.0309356304621981
2021-04-14,15.625,15.720499992370604,15.227499961853027,15.277000427246094,385500000,NVDA,15.679499626159668,-0.0034758523842649,-0.02227197265625,-0.0256704109512554
2021-04-15,15.662500381469728,16.214250564575195,15.631500244140623,16.137250900268555,598480000,NVDA,15.277000427246094,0.0252340082111999,0.0303112853781957,0.056310168813521
2021-04-16,16.05299949645996,16.16575050354004,15.865249633789062,15.912500381469728,335208000,NVDA,16.137250900268555,-0.0052209266825734,-0.0087522032889378,-0.0139274353598287
2021-04-19,15.536499977111816,15.807499885559082,15.232999801635742,15.361749649047852,404420000,NVDA,15.912500381469728,-0.0236292471543797,-0.0112477281447819,-0.0346111999509033
2021-04-20,15.323249816894531,15.496999740600586,14.963000297546388,15.171250343322754,334132000,NVDA,15.361749649047852,-0.0025062140077062,-0.0099195324352273,-0.0124008859717945
2021-04-21,15.118749618530272,15.362500190734863,15.102250099182127,15.36050033569336,216776000,NVDA,15.171250343322754,-0.003460540404014,0.0159901263836517,0.0124742515012217
2021-04-22,15.375,15.43850040435791,14.783499717712402,14.850250244140623,277788000,NVDA,15.36050033569336,0.0009439578132066,-0.0341300654217479,-0.0332183249504615
2021-04-23,14.934249877929688,15.335000038146973,14.900250434875488,15.265250205993652,227500000,NVDA,14.850250244140623,0.0056564456765437,0.0221638402175878,0.027945654452306
2021-04-26,15.1850004196167,15.479000091552734,15.125,15.477999687194824,197796000,NVDA,15.265250205993652,-0.0052570239789089,0.0192953084940066,0.0139368486156643
2021-04-27,15.578499794006348,15.670499801635742,15.354499816894531,15.381750106811523,164572000,NVDA,15.477999687194824,0.0064930939942238,-0.0126295657345979,-0.006218476697795
2021-04-28,15.364500045776367,15.53225040435791,15.215499877929688,15.27674961090088,209416000,NVDA,15.381750106811523,-0.0011214628319515,-0.0057112457036706,-0.0068263035858414
2021-04-29,15.399999618530272,15.43649959564209,15.071499824523926,15.324749946594238,173196000,NVDA,15.27674961090088,0.0080678161761222,-0.0048863424545471,0.003142051608878
2021-04-30,15.174500465393066,15.364999771118164,14.996999740600586,15.009499549865724,201912000,NVDA,15.324749946594238,-0.0098043675573684,-0.0108735648928704,-0.0205713240233702
2021-05-03,15.125,15.246749877929688,14.787500381469728,14.836750030517578,203912000,NVDA,15.009499549865724,0.0076951566406695,-0.0190578492219783,-0.011509345716306
2021-05-04,14.637249946594238,14.637499809265137,14.010250091552734,14.35124969482422,405324000,NVDA,14.836750030517578,-0.0134463466401327,-0.0195392066688432,-0.0327228223630335
2021-05-05,14.708999633789062,14.81350040435791,14.387499809265137,14.458499908447266,292024000,NVDA,14.35124969482422,0.0249281384250366,-0.0170303713086209,0.0074732316630046
2021-05-06,14.49524974822998,14.571249961853027,14.218000411987305,14.52299976348877,193380000,NVDA,14.458499908447266,0.0025417463786296,0.0019144213270404,0.0044610336791452
2021-05-07,14.808250427246094,14.970749855041504,14.67175006866455,14.812250137329102,229328000,NVDA,14.52299976348877,0.0196413047168431,0.0002701001109252,0.019916709946351
2021-05-10,14.787249565124512,14.805999755859377,14.25,14.26574993133545,268904000,NVDA,14.812250137329102,-0.0016878308138738,-0.0352668446888873,-0.036895151035587
2021-05-11,13.824999809265137,14.35474967956543,13.75,14.306249618530272,285584000,NVDA,14.26574993133545,-0.0308956854137882,0.0348101132661583,0.0028389455436803
2021-05-12,14.009499549865724,14.260250091552734,13.709250450134276,13.758500099182127,303408000,NVDA,14.306249618530272,-0.0207426877467721,-0.0179163752274077,-0.0382874291972836
2021-05-13,14.0337495803833,14.080750465393066,13.458999633789062,13.665249824523926,285404000,NVDA,13.758500099182127,0.0200057767356147,-0.026258111116253,-0.0067776482891289
2021-05-14,13.890000343322754,14.32800006866455,13.748499870300291,14.243000030517578,258616000,NVDA,13.665249824523926,0.0164468649812377,0.0254139437343152,0.0422787884167921
2021-05-17,14.156999588012695,14.169249534606934,13.853500366210938,14.165499687194824,216980000,NVDA,14.243000030517578,-0.006038084836103,0.0006004167146636,-0.0054412934884995
2021-05-18,14.267000198364258,14.404250144958496,14.003999710083008,14.01574993133545,186256000,NVDA,14.165499687194824,0.0071653322092963,-0.0176105883181816,-0.0105714418245862
2021-05-19,13.566499710083008,14.079500198364258,13.54325008392334,14.065750122070312,344000000,NVDA,14.01574993133545,-0.0320532417782396,0.036800237545153,0.0035674288553819
2021-05-20,14.302499771118164,14.68375015258789,14.270500183105469,14.612500190734863,321592000,NVDA,14.065750122070312,0.0168316404737185,0.0216745621099537,0.0388710210205323
2021-05-21,15.16374969482422,15.222000122070312,14.869500160217283,14.99174976348877,672992000,NVDA,14.612500190734863,0.0377245164683643,-0.0113428363562448,0.0259537770952005
2021-05-24,15.212499618530272,15.744999885559082,15.175999641418455,15.612000465393066,554816000,NVDA,14.99174976348877,0.014724755850656,0.026261354601854,0.0413728024873298
2021-05-25,15.765999794006348,15.818499565124512,15.482500076293944,15.647749900817873,435408000,NVDA,15.612000465393066,0.0098641637216607,-0.0075003104613404,0.0022898689699664
2021-05-26,15.73425006866455,15.793749809265137,15.58625030517578,15.699999809265137,370440000,NVDA,15.647749900817873,0.0055279620645112,-0.0021767964313485,0.003339132385068
2021-05-27,15.699749946594238,15.75,15.460000038146973,15.48799991607666,581476000,NVDA,15.699999809265137,-1.5914819995743734e-05,-0.0134874779049276,-0.0135031780741403
2021-05-28,15.50100040435791,16.27750015258789,15.50100040435791,16.24449920654297,644536000,NVDA,15.48799991607666,0.0008393910351043,0.0479645689175024,0.0488442209817587
2021-06-01,16.270000457763672,16.38825035095215,15.903249740600586,16.26449966430664,472804000,NVDA,16.24449920654297,0.0015698391742622,-0.0003380942410733,0.0012312141796047
2021-06-02,16.25225067138672,16.918750762939453,16.23550033569336,16.778249740600586,594168000,NVDA,16.26449966430664,-0.0007531121874473,0.0323646908880089,0.031587204457411
2021-06-03,16.70075035095215,17.259000778198242,16.58300018310547,16.969749450683594,580008000,NVDA,16.778249740600586,-0.0046190389847936,0.0161070068157811,0.011413568938577
2021-06-04,17.112499237060547,17.660999298095703,17.095500946044922,17.578250885009766,617120000,NVDA,16.969749450683594,0.0084120149676814,0.027217044190748,0.0358580093415379
2021-06-07,17.571250915527344,17.8125,17.192750930786133,17.618999481201172,575756000,NVDA,17.578250885009766,-0.0003982176342921,0.0027174255210045,0.00231812575995
2021-06-08,17.527250289916992,17.62150001525879,17.250999450683594,17.457000732421875,323848000,NVDA,17.618999481201172,-0.0052074007597351,-0.0040080193032634,-0.0091945487002337
2021-06-09,17.515750885009766,17.575000762939453,17.25575065612793,17.35824966430664,381656000,NVDA,17.457000732421875,0.0033654207551687,-0.0089919765208534,-0.0056568175500978
2021-06-10,17.350000381469727,17.492000579833984,17.176000595092773,17.424999237060547,287772000,NVDA,17.35824966430664,-0.0004752370196562,0.0043227005153798,0.0038454091884139
2021-06-11,17.47949981689453,17.939250946044922,17.443750381469727,17.82525062561035,416308000,NVDA,17.424999237060547,0.0031277235133571,0.0197803605559491,0.0229699515681198
2021-06-14,17.9060001373291,18.039499282836918,17.662750244140625,18.018749237060547,321376000,NVDA,17.82525062561035,0.004530063190401,0.0062967217059489,0.0108553094435703
2021-06-15,17.915000915527344,18.01625061035156,17.72800064086914,17.78849983215332,243032000,NVDA,18.018749237060547,-0.0057577981783449,-0.0070611820769923,-0.0127783233940375
2021-06-16,17.79075050354004,17.954750061035156,17.58449935913086,17.81024932861328,307124000,NVDA,17.78849983215332,0.0001265239569359,0.0010960091351605,0.001222671763509
2021-06-17,17.774499893188477,18.834999084472656,17.756250381469727,18.657249450683597,809656000,NVDA,17.81024932861328,-0.002007239470105,0.0496638196742403,0.0475568930250489
2021-06-18,18.78400039672852,19.375,18.583999633789062,18.638750076293945,968856000,NVDA,18.657249450683597,0.0067936566094568,-0.0077326616996807,-0.0009915381384886
2021-06-21,18.43524932861328,18.536500930786133,17.822750091552734,18.427249908447266,672384000,NVDA,18.638750076293945,-0.010918154213543,-0.0004339198251905,-0.0113473364351658
2021-06-22,18.47150039672852,18.9637508392334,18.38599967956543,18.886749267578125,580144000,NVDA,18.427249908447266,0.0024013614891587,0.0224805165758572,0.0249358619117776
2021-06-23,19.00774955749512,19.15275001525879,18.90774917602539,19.057249069213867,332356000,NVDA,18.886749267578125,0.006406623405792,0.0026041752901374,0.0090274826662961
2021-06-24,19.22775077819824,19.420000076293945,19.08824920654297,19.20549964904785,320924000,NVDA,19.057249069213867,0.0089468164248225,-0.0011572403557269,0.0077792224520734
2021-06-25,19.280500411987305,19.34550094604492,18.894500732421875,19.0310001373291,278364000,NVDA,19.20549964904785,0.0039051711389956,-0.0129405497433604,-0.0090859136657452
2021-06-28,19.36124992370605,20.07875061035156,19.319000244140625,19.98500061035156,495436000,NVDA,19.0310001373291,0.0173532543741183,0.0322164472388625,0.0501287618169472
2021-06-29,19.88249969482422,20.0987491607666,19.65699958801269,20.026750564575195,367632000,NVDA,19.98500061035156,-0.0051288922890626,0.0072551677085415,0.0020890644457627
2021-06-30,19.999250411987305,20.162500381469727,19.863750457763672,20.002500534057617,326568000,NVDA,20.026750564575195,-0.0013731709744533,0.0001625121943752,-0.0012108819371062
2021-07-01,20.125,20.45599937438965,20.018999099731445,20.21199989318848,480136000,NVDA,20.002500534057617,0.0061242076076342,0.0043229760590547,0.0104736584695575
2021-07-02,20.44025039672852,20.505250930786133,20.287750244140625,20.48699951171875,342764000,NVDA,20.21199989318848,0.0112928213312013,0.0022871106802936,0.0136057599437722
2021-07-06,20.737499237060547,20.84199905395508,20.350250244140625,20.69849967956543,446708000,NVDA,20.48699951171875,0.0122272529561251,-0.001880629725373,0.0103236282953831
2021-07-07,20.853500366210938,20.875,20.332000732421875,20.371749877929688,418428000,NVDA,20.69849967956543,0.0074884986373449,-0.0231016606239321,-0.01578615874069
2021-07-08,19.85650062561035,20.132999420166016,19.70075035095215,19.90275001525879,503300000,NVDA,20.371749877929688,-0.0252923413750306,0.0023291812852858,-0.0230220705379365
2021-07-09,19.962499618530277,20.080249786376957,19.754249572753903,20.050249099731445,296624000,NVDA,19.90275001525879,0.0030020777644133,0.0043957161116094,0.00741099015762
2021-07-12,20.239999771118164,20.53274917602539,20.1877498626709,20.512500762939453,321984000,NVDA,20.050249099731445,0.0094637563076092,0.0134634878904563,0.0230546593665113
2021-07-13,20.40049934387207,20.46125030517578,20.11400032043457,20.25,290708000,NVDA,20.512500762939453,-0.0054601542913645,-0.0073772382398707,-0.0127971116722014
2021-07-14,20.357749938964844,20.417749404907227,19.75275039672852,19.84149932861328,380100000,NVDA,20.25,0.0053209846402391,-0.0253589228622685,-0.0201728726610724
2021-07-15,19.811750411987305,19.847000122070312,18.85849952697754,18.966249465942383,550564000,NVDA,19.84149932861328,-0.0014993280564779,-0.0426767412501493,-0.0441120828711117
2021-07-16,19.030500411987305,19.15699958801269,18.072999954223636,18.160999298095703,688224000,NVDA,18.966249465942383,0.0033876463641531,-0.0456898712628651,-0.0424570060249742
2021-07-19,17.915250778198242,19.04199981689453,17.86549949645996,18.77975082397461,749060000,NVDA,18.160999298095703,-0.0135316628707335,0.0482549787596839,0.0340703457845399
2021-07-20,18.729999542236328,18.83799934387207,18.16399955749512,18.61199951171875,434687000,NVDA,18.77975082397461,-0.0026491981818399,-0.0063000551735992,-0.0089325632607278
2021-07-21,18.881999969482425,19.527000427246094,18.742000579833984,19.40999984741211,371017000,NVDA,18.61199951171875,0.0145067948015833,0.0279631330782255,0.042875583313384
2021-07-22,19.642000198364254,19.886999130249023,19.275999069213867,19.5939998626709,323826000,NVDA,19.40999984741211,0.0119526199266344,-0.0024437600656045,0.0094796505257737
2021-07-23,19.6560001373291,19.700000762939453,19.25,19.558000564575195,195672000,NVDA,19.5939998626709,0.00316424798881,-0.0049857332147547,-0.0018372613222421
2021-07-26,19.31100082397461,19.441999435424805,18.91399955749512,19.29400062561035,203943000,NVDA,19.558000564575195,-0.012629089552639,-0.0008803375091337,-0.0134983092005334
2021-07-27,19.26499938964844,19.621999740600582,18.74099922180176,19.20800018310547,248863000,NVDA,19.29400062561035,-0.0015031219561285,-0.0029586923617342,-0.0044573670424125
2021-07-28,19.319000244140625,19.645999908447266,18.9950008392334,19.50300025939941,202191000,NVDA,19.20800018310547,0.0057788452716065,0.0095243031696008,0.0153581879155444
2021-07-29,19.518999099731445,19.85300064086914,19.327999114990234,19.66200065612793,190781000,NVDA,19.50300025939941,0.0008203271352735,0.0073262750649162,0.008152612142426
2021-07-30,19.417999267578125,19.6299991607666,19.26300048828125,19.499000549316406,183497000,NVDA,19.66200065612793,-0.0124097945482347,0.004171453537622,-0.0082901078919821
2021-08-02,19.700000762939453,19.961000442504883,19.36100006103516,19.75,217444000,NVDA,19.499000549316406,0.0103082315995981,0.0025380322398061,0.0128724264635395
2021-08-03,19.739999771118164,20.222000122070312,19.21999931335449,19.815000534057617,301811000,NVDA,19.75,-0.0005063407028778,0.0037994307907332,0.0032911662813983
2021-08-04,19.989999771118164,20.31800079345703,19.827999114990234,20.27400016784668,231309000,NVDA,19.815000534057617,0.008831654420587,0.0142071235607938,0.0231642503869804
2021-08-05,20.5,20.732999801635746,20.34199905395508,20.636999130249023,211435000,NVDA,20.27400016784668,0.0111472738622022,0.0066828844023913,0.0179046542072165
2021-08-06,20.52400016784668,20.56999969482422,20.209999084472656,20.36599922180176,178497000,NVDA,20.636999130249023,-0.0054755520262009,-0.0076983504556996,-0.0131317497634645
2021-08-09,20.44599914550781,20.507999420166016,20.14299964904785,20.295000076293945,146443000,NVDA,20.36599922180176,0.003928111890548,-0.0073852624241668,-0.0034861606707619
2021-08-10,20.32200050354004,20.43000030517578,19.834999084472656,19.93600082397461,179238000,NVDA,20.295000076293945,0.0013303979869225,-0.0189941772463881,-0.0176890490746375
2021-08-11,20.042999267578125,20.048999786376957,19.43000030517578,19.698999404907227,185925000,NVDA,19.93600082397461,0.0053670966683971,-0.0171630931118856,-0.0118881124233487
2021-08-12,19.8700008392334,20.02899932861328,19.6200008392334,19.905000686645508,151652000,NVDA,19.698999404907227,0.0086807167618663,0.0017614416675313,0.0104574490056059
2021-08-13,19.905000686645508,20.214000701904297,19.85099983215332,20.1879997253418,183063000,NVDA,19.905000686645508,0.0,0.0142174844980616,0.0142174844980615
2021-08-16,20.13500022888184,20.28700065612793,19.452999114990234,19.950000762939453,210876000,NVDA,20.1879997253418,-0.0026252970666247,-0.0091879544991024,-0.0117891304557323
2021-08-17,19.684999465942383,19.770000457763672,19.267000198364254,19.45800018310547,204585000,NVDA,19.950000762939453,-0.013283272524448,-0.0115315869441425,-0.0246616822565721
2021-08-18,19.5,19.63400077819824,19.0,19.040000915527344,285913000,NVDA,19.45800018310547,0.0021584857898704,-0.0235896966396233,-0.0214821288747368
2021-08-19,19.49399948120117,20.4950008392334,18.761999130249023,19.79800033569336,766555000,NVDA,19.040000915527344,0.023844461336322,0.0155945861589535,0.0398108920019986
2021-08-20,19.99099922180176,20.864999771118164,19.933000564575195,20.81599998474121,675741000,NVDA,19.79800033569336,0.0097484030122196,0.041268610627513,0.051419316687884
2021-08-23,20.97100067138672,21.996999740600582,20.950000762939453,21.95800018310547,575807000,NVDA,20.81599998474121,0.0074462282263223,0.0470649697258096,0.0548616544581754
2021-08-24,21.75300025939941,21.958999633789062,21.53499984741211,21.792999267578125,297299000,NVDA,21.95800018310547,-0.0093360015482549,0.0018387812118665,-0.0075143872006293
2021-08-25,21.73699951171875,22.46999931335449,21.722000122070312,22.21299934387207,347701000,NVDA,21.792999267578125,-0.0025696213344387,0.0218981387885067,0.0192722475294526
2021-08-26,22.200000762939453,22.34000015258789,21.790000915527344,22.06800079345703,237940000,NVDA,22.21299934387207,-0.0005851790085341,-0.0059459443669381,-0.0065276439336428
2021-08-27,22.18400001525879,22.722000122070312,22.16699981689453,22.63599967956543,304722000,NVDA,22.06800079345703,0.005256444518352,0.0203750299312902,0.0257385746640359
2021-08-30,22.82999992370605,23.042999267578125,22.551000595092773,22.6879997253418,262580000,NVDA,22.63599967956543,0.0085704297087332,-0.0062198948243012,0.0022972277130446
2021-08-31,22.69499969482422,22.69499969482422,22.1200008392334,22.38500022888184,259850000,NVDA,22.6879997253418,0.0003085318039122,-0.0136593729945315,-0.0133550555416095
2021-09-01,22.48500061035156,22.69700050354004,22.35700035095215,22.44099998474121,201767000,NVDA,22.38500022888184,0.0044672941901828,-0.0019568878993089,0.0025016642969304
2021-09-02,22.51799964904785,22.593000411987305,22.295000076293945,22.395999908447266,187834000,NVDA,22.44099998474121,0.0034312046860209,-0.0054178764766853,-0.0020052616338195
2021-09-03,22.325000762939453,22.98600006103516,22.200000762939453,22.843000411987305,280532000,NVDA,22.395999908447266,-0.0031701708250603,0.0232026710569146,0.0199589438010061
2021-09-07,22.83300018310547,22.89900016784668,22.52199935913086,22.66200065612793,198107000,NVDA,22.843000411987305,-0.0004377808826107,-0.0074891396490271,-0.0079236419294722
2021-09-08,22.51300048828125,22.61000061035156,21.976999282836918,22.339000701904297,254434000,NVDA,22.66200065612793,-0.0065748902803243,-0.0077288581087858,-0.0142529319950527
2021-09-09,22.312000274658203,22.538000106811523,22.131000518798828,22.177000045776367,196856000,NVDA,22.339000701904297,-0.0012086676394522,-0.0060505659385083,-0.0072519204547103
2021-09-10,22.347999572753903,22.625999450683597,22.270000457763672,22.47800064086914,248376000,NVDA,22.177000045776367,0.0077106699113753,0.0058171232593779,0.0135726470880401
2021-09-13,22.68400001525879,22.964000701904297,21.857999801635746,22.152000427246094,297500000,NVDA,22.47800064086914,0.0091644883226449,-0.0234526356751382,-0.0145030787582735
2021-09-14,22.274999618530277,22.40999984741211,22.086000442504883,22.242000579833984,199755000,NVDA,22.152000427246094,0.0055525094308366,-0.0014814383506807,0.0040628453797424
2021-09-15,22.30900001525879,22.367000579833984,21.965999603271484,22.340999603271484,166538000,NVDA,22.242000579833984,0.0030122935742367,0.0014343802048862,0.0044509945533972
2021-09-16,22.183000564575195,22.277000427246094,21.927000045776367,22.242000579833984,156033000,NVDA,22.340999603271484,-0.0070721561927404,0.0026596949807145,-0.0044312709903545
2021-09-17,22.299999237060547,22.32099914550781,21.82999992370605,21.899999618530277,294503000,NVDA,22.242000579833984,0.0026076187264894,-0.017937203238353,-0.0153763578989288
2021-09-20,21.145999908447266,21.433000564575195,20.66200065612793,21.113000869750977,349440000,NVDA,21.899999618530277,-0.0344292111057857,-0.0015605333793228,-0.0359360165519543
2021-09-21,21.41699981689453,21.424999237060547,20.950000762939453,21.246000289916992,204688000,NVDA,21.113000869750977,0.0143986612333777,-0.0079842895101791,0.0062994086433523
2021-09-22,21.36599922180176,21.959999084472656,21.19599914550781,21.94099998474121,268726000,NVDA,21.246000289916992,0.0056480716486535,0.0269119528167316,0.0327120251030992
2021-09-23,22.13999938964844,22.53499984741211,21.88999938964844,22.48200035095215,248555000,NVDA,21.94099998474121,0.0090697509250088,0.0154471983167087,0.0246570514829393
2021-09-24,22.06999969482422,22.14900016784668,21.86100006103516,22.08099937438965,217655000,NVDA,22.48200035095215,-0.0183258006270105,0.0004983996247181,-0.0178365345744475
2021-09-27,21.709999084472656,21.798999786376957,21.325000762939453,21.65999984741211,245215000,NVDA,22.08099937438965,-0.0168017888876574,-0.0023030510902373,-0.0190661445996792
2021-09-28,21.214000701904297,21.41900062561035,20.650999069213867,20.698999404907227,343069000,NVDA,21.65999984741211,-0.0205909117566821,-0.0242764815667626,-0.0443675184337409
2021-09-29,20.940000534057617,21.017000198364254,20.46699905395508,20.517000198364254,218394000,NVDA,20.698999404907227,0.0116431294303653,-0.0202005885819045,-0.0087926572189678
2021-09-30,20.76799964904785,21.06599998474121,20.6879997253418,20.715999603271484,221009000,NVDA,20.517000198364254,0.0122337304799364,-0.002503854326613,0.0096992446743306
2021-10-01,20.75,20.858999252319336,20.202999114990234,20.742000579833984,240978000,NVDA,20.715999603271484,0.0016412626655557,-0.0003855142248682,0.0012551157105831
2021-10-04,20.503999710083008,20.54199981689453,19.55500030517578,19.73200035095215,345635000,NVDA,20.742000579833984,-0.0114743449569839,-0.0376511592882642,-0.0486934818555443
2021-10-05,19.950000762939453,20.64800071716309,19.85400009155273,20.451000213623047,279282000,NVDA,19.73200035095215,0.0110480644693879,0.0251127534598538,0.03643826524847
2021-10-06,20.1200008392334,20.71999931335449,20.07999992370605,20.700000762939453,297202000,NVDA,20.451000213623047,-0.0161849968672515,0.0288270327789983,0.0121754704765266
2021-10-07,21.09199905395508,21.32200050354004,20.972000122070312,21.075000762939453,256919000,NVDA,20.700000762939453,0.0189371148100363,-0.0008059118043833,0.0181159413612865
2021-10-08,21.10099983215332,21.20599937438965,20.774999618530277,20.83099937438965,151258000,NVDA,21.075000762939453,0.0012336449951444,-0.0127956238998803,-0.0115777641621196
2021-10-11,20.575000762939453,21.0629997253418,20.51099967956543,20.69499969482422,163388000,NVDA,20.83099937438965,-0.0122893101213823,0.0058322686481213,-0.0065287160313889
2021-10-12,20.827999114990234,21.05699920654297,20.527999877929688,20.67099952697754,162134000,NVDA,20.69499969482422,0.0064266451861449,-0.0075379102498472,-0.001159708538323
2021-10-13,20.917999267578125,20.989999771118164,20.71299934387207,20.93899917602539,180652000,NVDA,20.67099952697754,0.0119490951696954,0.0010039157272471,0.0129650067815099
2021-10-14,21.288000106811523,21.7549991607666,21.121999740600582,21.746000289916992,243589000,NVDA,20.93899917602539,0.0166675077377016,0.0215144767384195,0.0385405771836313
2021-10-15,21.809999465942383,21.93099975585937,21.66200065612793,21.86199951171875,226994000,NVDA,21.746000289916992,0.0029430320597882,0.002384229575868,0.0053342784997361
2021-10-18,21.749000549316406,22.291000366210938,21.643999099731445,22.222000122070312,189494000,NVDA,21.86199951171875,-0.0051687386756079,0.0217481061569412,0.0164669572039186
2021-10-19,22.275999069213867,22.378999710083008,22.03700065612793,22.290000915527344,161473000,NVDA,22.222000122070312,0.0024299769078808,0.0006285619904171,0.0030600662894197
2021-10-20,22.30500030517578,22.433000564575195,21.98200035095215,22.10300064086914,146276000,NVDA,22.290000915527344,0.0006729201001507,-0.0090562502372962,-0.0083894242699621
2021-10-21,22.097000122070312,22.711000442504883,22.08300018310547,22.691999435424805,187590000,NVDA,22.10300064086914,-0.0002714798273919,0.0269267009126823,0.0266479110291744
2021-10-22,22.822999954223636,23.1299991607666,22.56100082397461,22.72599983215332,249384000,NVDA,22.691999435424805,0.0057729826396135,-0.004250103941851,0.0014983429214896
2021-10-25,22.972999572753903,23.354999542236328,22.770000457763672,23.166000366210938,230235000,NVDA,22.72599983215332,0.0108685973081423,0.0084012012817834,0.0193611078635622
2021-10-26,23.98900032043457,25.25900077819824,23.923999786376957,24.71699905395508,485898000,NVDA,23.166000366210938,0.0355261996552511,0.0303471892865988,0.0669515092474215
2021-10-27,24.474000930786133,25.09000015258789,24.28199958801269,24.451000213623047,245990000,NVDA,24.71699905395508,-0.0098312146486109,-0.0009398020874532,-0.0107617773400152
2021-10-28,24.87800025939941,24.950000762939453,24.52300071716309,24.94099998474121,234204000,NVDA,24.451000213623047,0.0174635001450149,0.0025323468399753,0.0200400706243975
2021-10-29,25.000999450683597,25.708999633789062,25.0,25.566999435424805,292503000,NVDA,24.94099998474121,0.0024056559872935,0.0226390943233165,0.0250992121834159
2021-11-01,25.64900016784668,25.893999099731445,25.226999282836918,25.82699966430664,265740000,NVDA,25.566999435424805,0.0032072880757472,0.0069398220318583,0.0101693681160561
2021-11-02,25.82200050354004,26.67799949645996,25.799999237060547,26.400999069213867,294112000,NVDA,25.82699966430664,-0.0001935633574003,0.0224226843150456,0.0222247807475872
2021-11-03,26.670000076293945,26.78400039672852,26.23500061035156,26.597999572753903,239910000,NVDA,26.400999069213867,0.0101890464968714,-0.0026996814148507,0.007461857902558
2021-11-04,27.22900009155273,31.364999771118164,27.118000030517575,29.801000595092773,1153631000,NVDA,26.597999572753903,0.0237236081259737,0.0944581326854507,0.1204226285355651
2021-11-05,30.187000274658203,31.399999618530277,29.40999984741211,29.75200080871582,851260000,NVDA,29.801000595092773,0.0129525744725829,-0.0144101587433171,-0.0016442329250186
2021-11-08,30.14900016784668,31.100000381469727,29.90699958801269,30.804000854492188,503101000,NVDA,29.75200080871582,0.0133436188605695,0.0217254530166493,0.0353589680418462
2021-11-09,32.28200149536133,32.310001373291016,29.964000701904297,30.65699958801269,646746000,NVDA,30.804000854492188,0.0479808011904272,-0.0503377062163302,-0.0047721485002508
2021-11-10,29.356000900268555,30.850000381469727,28.777999877929688,29.458999633789062,636206000,NVDA,30.65699958801269,-0.0424372477811836,0.0035086091552601,-0.0390775343420126
2021-11-11,30.468000411987305,30.59000015258789,29.777000427246094,30.38999938964844,332172000,NVDA,29.458999633789062,0.034251019747491,-0.0025600965368301,0.0316032372936225
2021-11-12,30.01000022888184,30.68000030517578,29.6299991607666,30.38999938964844,413054000,NVDA,30.38999938964844,-0.0125040858308157,0.0126624177896835,0.0
2021-11-15,30.552000045776367,30.643999099731445,29.246999740600582,30.024999618530277,384909000,NVDA,30.38999938964844,0.0053307225857697,-0.0172492938745903,-0.0120105224892663
2021-11-16,29.75900077819824,30.38999938964844,29.70599937438965,30.202999114990234,264484000,NVDA,30.024999618530277,-0.0088592454192028,0.0149197998985661,0.0059283763104565
2021-11-17,30.417999267578125,30.50900077819824,28.799999237060547,29.26099967956543,428508000,NVDA,30.202999114990234,0.0071185034230982,-0.0380366761743569,-0.0311889369608091
2021-11-18,32.367000579833984,32.7599983215332,31.32099914550781,31.674999237060547,781711000,NVDA,29.26099967956543,0.1061481471679741,-0.0213798415168745,0.0824988750873383
2021-11-19,32.24300003051758,33.0880012512207,31.905000686645508,32.98500061035156,533867000,NVDA,31.674999237060547,0.0179321486073615,0.0230127649142973,0.0413575818419682
2021-11-22,33.516998291015625,34.64699935913086,31.899999618530277,31.95599937438965,754335000,NVDA,32.98500061035156,0.0161284726639387,-0.0465733507240834,-0.031196035074166
2021-11-23,31.53499984741211,32.36000061035156,30.8799991607666,31.746000289916992,532163000,NVDA,31.95599937438965,-0.0131743502071457,0.006690992342662,-0.0065715073408392
2021-11-24,31.461000442504883,32.85499954223633,30.92799949645996,32.67399978637695,435162000,NVDA,31.746000289916992,-0.0089775040889995,0.0385556507043961,0.0292320131035439
2021-11-26,32.599998474121094,32.709999084472656,31.350000381469727,31.50300025939941,283069000,NVDA,32.67399978637695,-0.0022648378753651,-0.0336502535603647,-0.0358388790669508
2021-11-29,32.36600112915039,33.4119987487793,32.0359992980957,33.375999450683594,454964000,NVDA,31.50300025939941,0.027394243806778,0.0312055331612637,0.0594546289515818
2021-11-30,33.16899871826172,33.35300064086914,31.86400032043457,32.67599868774414,622066000,NVDA,33.375999450683594,-0.006202083408101,-0.0148632774448554,-0.0209731775665257
2021-12-01,33.21900177001953,33.28900146484375,31.3799991607666,31.434999465942383,484368000,NVDA,32.67599868774414,0.0166177960607842,-0.053704271923283,-0.0379789225009126
2021-12-02,31.214000701904297,32.47800064086914,31.024999618530277,32.125999450683594,472890000,NVDA,31.434999465942383,-0.0070303409509366,0.0292176180006191,0.0219818672333638
2021-12-03,32.0,32.12900161743164,30.1299991607666,30.69300079345703,544325000,NVDA,32.125999450683594,-0.0039220398692035,-0.0408437252044677,-0.0446055743550126
2021-12-06,29.8799991607666,30.24099922180176,28.038000106811523,30.03700065612793,658938000,NVDA,30.69300079345703,-0.0264881768374938,0.0052544009294175,-0.0213729554090698
2021-12-07,30.957000732421875,32.44900131225586,30.650999069213867,32.426998138427734,593053000,NVDA,30.03700065612793,0.0306288929053324,0.0474851365192591,0.0795684465856352
2021-12-08,31.999000549316406,32.290000915527344,31.42099952697754,31.826000213623047,475551000,NVDA,32.426998138427734,-0.0131988038881751,-0.0054064293485271,-0.0185338748359957
2021-12-09,31.733999252319336,32.20500183105469,30.42799949645996,30.489999771118164,488507000,NVDA,31.826000213623047,-0.0028907484662282,-0.0392008417000971,-0.041978270393306
2021-12-10,31.149999618530277,31.30500030517578,29.86100006103516,30.197999954223636,488825000,NVDA,30.489999771118164,0.0216464366141877,-0.0305617873504024,-0.0095769045289114
2021-12-13,30.249000549316406,30.29400062561035,28.11599922180176,28.160999298095703,598344000,NVDA,30.197999954223636,0.0016888732753852,-0.0690271153857309,-0.0674548201607976
2021-12-14,27.698999404907227,28.67799949645996,27.25,28.33699989318848,667035000,NVDA,28.160999298095703,-0.0164056640283968,0.0230333406255902,0.0062497993494383
2021-12-15,28.399999618530277,30.5,27.83799934387207,30.458999633789062,698297000,NVDA,28.33699989318848,0.0022232320139485,0.0725000015111037,0.0748844178494232
2021-12-16,31.152000427246094,31.15999984741211,28.093000411987305,28.386999130249023,707366000,NVDA,30.458999633789062,0.0227519223148833,-0.0887583865907613,-0.0680258881923853
2021-12-17,27.98500061035156,28.92200088500977,27.76000022888184,27.801000595092773,713758000,NVDA,28.386999130249023,-0.0141613602076414,-0.0065749512683851,-0.0206432012227673
2021-12-20,27.30500030517578,28.143999099731445,27.145000457763672,27.7189998626709,461847000,NVDA,27.801000595092773,-0.0178410948994599,0.0151620418556319,-0.0029495604714439
2021-12-21,28.374000549316406,29.1200008392334,27.400999069213867,29.075000762939453,524385000,NVDA,27.7189998626709,0.0236300259710162,0.0247057235515538,0.048919546411726
2021-12-22,28.891000747680664,29.55500030517578,28.448999404907227,29.399999618530277,395184000,NVDA,29.075000762939453,-0.0063284612357886,0.017617903765084,0.0111779483082621
2021-12-23,29.7549991607666,30.05900001525879,29.43099975585937,29.63999938964844,343022000,NVDA,29.399999618530277,0.0120748145184526,-0.0038648890728182,0.0081632576269454
2021-12-27,29.65999984741211,31.08699989318848,29.63999938964844,30.94499969482422,403686000,NVDA,29.63999938964844,0.0006747792906722,0.0433243376272042,0.0440283512836894
2021-12-28,31.312000274658203,31.32999992370605,30.011999130249023,30.32200050354004,420591000,NVDA,30.94499969482422,0.0118597700259588,-0.0316172637466218,-0.0201324671975479
2021-12-29,30.27300071716309,30.54800033569336,29.36599922180176,30.000999450683597,343139000,NVDA,30.32200050354004,-0.001615981319281,-0.0089849456623334,-0.0105864074772694
2021-12-30,29.82699966430664,30.457000732421875,29.540000915527344,29.586000442504883,308864000,NVDA,30.000999450683597,-0.0057997996587739,-0.0080799015829324,-0.0138328394312627
2021-12-31,29.673999786376957,30.030000686645508,29.33099937438965,29.410999298095703,266530000,NVDA,29.586000442504883,0.0029743575527581,-0.0088629942095635,-0.0059149983705727
2022-01-03,29.815000534057617,30.711000442504883,29.78499984741211,30.121000289916992,391547000,NVDA,29.410999298095703,0.0137363994969077,0.0102632819177659,0.0241406619552453
2022-01-04,30.277000427246094,30.468000411987305,28.349000930786133,29.290000915527344,527154000,NVDA,30.121000289916992,0.0051791154286906,-0.0325989859560379,-0.0275887044384719
2022-01-05,28.948999404907227,29.416000366210938,27.53300094604492,27.60400009155273,498064000,NVDA,29.290000915527344,-0.0116422499133259,-0.0464609948876677,-0.0575623342872898
2022-01-06,27.63999938964844,28.4379997253418,27.065000534057617,28.17799949645996,454186000,NVDA,27.60400009155273,0.0013041333856074,0.019464548433131,0.0207940661861858
2022-01-07,28.141000747680664,28.42200088500977,27.05699920654297,27.246999740600582,409939000,NVDA,28.17799949645996,-0.0013130367464143,-0.0317686288094697,-0.0330399521788741
2022-01-10,26.58099937438965,27.4689998626709,25.643999099731445,27.399999618530277,594681000,NVDA,27.246999740600582,-0.0244430716244524,0.030811491795516,0.0056152926702495
2022-01-11,27.322999954223636,28.065000534057617,26.839000701904297,27.816999435424805,404089000,NVDA,27.399999618530277,-0.0028102067656441,0.0180799868985399,0.0152189716313908
2022-01-12,28.066999435424805,28.59499931335449,27.607999801635746,27.999000549316406,383413000,NVDA,27.816999435424805,0.008987310100802,-0.0024227344381734,0.0065428017969408
2022-01-13,28.378999710083008,28.479999542236328,26.49799919128418,26.575000762939453,540171000,NVDA,27.999000549316406,0.0135718830426565,-0.0635680949143037,-0.0508589506210684
2022-01-14,26.299999237060547,27.19700050354004,26.209999084472656,26.941999435424805,395832000,NVDA,26.575000762939453,-0.0103481286165159,0.0244106546383311,0.0138099214280045
2022-01-18,26.26000022888184,26.63800048828125,25.770000457763672,25.902999877929688,424270000,NVDA,26.941999435424805,-0.0253136077809518,-0.0135948342665855,-0.038564307745066
2022-01-19,26.07900047302246,26.542999267578125,25.052000045776367,25.066999435424805,488315000,NVDA,25.902999877929688,0.0067946027843182,-0.0388052079927114,-0.0322742711826665
2022-01-20,25.304000854492188,25.57900047302246,24.077999114990234,24.149999618530277,435181000,NVDA,25.066999435424805,0.009454718331084,-0.0456054851799076,-0.036581953865552
2022-01-21,23.506999969482425,24.822999954223636,23.26300048828125,23.374000549316406,718958000,NVDA,24.149999618530277,-0.0266252446875601,-0.0056578644803113,-0.0321324671416741
2022-01-24,22.32999992370605,23.3799991607666,20.88800048828125,23.371999740600582,913982000,NVDA,23.374000549316406,-0.0446650381224913,0.0466636731058973,-8.559975480448845e-05
2022-01-25,22.54599952697754,22.94300079345703,22.0,22.323999404907227,664616000,NVDA,23.371999740600582,-0.0353414437271348,-0.0098465415917656,-0.0448399943233281
2022-01-26,23.239999771118164,24.05699920654297,22.299999237060547,22.77199935913086,755959000,NVDA,22.323999404907227,0.0410320906033343,-0.0201377115575069,0.0200680866406561
2022-01-27,23.56800079345703,23.9950008392334,21.674999237060547,21.944000244140625,573353000,NVDA,22.77199935913086,0.0349552721204957,-0.0689070135200972,-0.0363604048082072
2022-01-28,22.011999130249023,22.857999801635746,21.29599952697754,22.84000015258789,543774000,NVDA,21.944000244140625,0.0030987461425386,0.0376158938331513,0.0408312020816037
2022-01-31,23.18199920654297,24.50900077819824,23.052000045776367,24.48600006103516,564680000,NVDA,22.84000015258789,0.0149736887771574,0.0562505779969202,0.0720665454225386
2022-02-01,25.10400009155273,25.145000457763672,23.88999938964844,24.63800048828125,518925000,NVDA,24.48600006103516,0.0252389132147805,-0.0185627629689297,0.0062076462822513
2022-02-02,25.79400062561035,25.816999435424805,24.55299949645996,25.242000579833984,543419000,NVDA,24.63800048828125,0.0469193974518726,-0.0214003269127743,0.0245149800950779
2022-02-03,24.45800018310547,25.07699966430664,23.780000686645508,23.947999954223636,410178000,NVDA,25.242000579833984,-0.0310593605387545,-0.0208520821434175,-0.0512637903448959
2022-02-04,23.972000122070312,24.63500022888184,23.631999969482425,24.319000244140625,354829000,NVDA,23.947999954223636,0.0010021783820175,0.0144752261097662,0.0154919112504658
2022-02-07,24.371999740600582,25.18199920654297,24.20199966430664,24.72800064086914,376868000,NVDA,24.319000244140625,0.0021793452003739,0.0146069630747411,0.0168181418899842
2022-02-08,24.358999252319336,25.229999542236328,23.979999542236328,25.107999801635746,410359000,NVDA,24.72800064086914,-0.0149224109910421,0.0307484121805656,0.0153671607456431
2022-02-09,25.621999740600582,26.725000381469727,25.35300064086914,26.70499992370605,524282000,NVDA,25.107999801635746,0.0204715605793242,0.0422683706997837,0.0636052307904777
2022-02-10,25.9950008392334,26.924999237060547,25.600000381469727,25.823999404907227,513200000,NVDA,26.70499992370605,-0.026586747294554,-0.0065782430777261,-0.0329900962859304
2022-02-11,25.916000366210938,26.152000427246094,23.77300071716309,23.948999404907227,605472000,NVDA,25.823999404907227,0.003562614754639,-0.0758990945172338,-0.0726068789965856
2022-02-14,23.93400001525879,24.875,23.7549991607666,24.267000198364254,440424000,NVDA,23.948999404907227,-0.0006263054833666,0.0139132691106028,0.0132782496705006
2022-02-15,24.948999404907227,26.545000076293945,24.78400039672852,26.4950008392334,699869000,NVDA,24.267000198364254,0.0281039766336235,0.0619664704477923,0.0918119513189488
2022-02-16,26.25900077819824,26.582000732421875,25.552000045776367,26.51099967956543,732676000,NVDA,26.4950008392334,-0.0089073430292438,0.0095966675767956,0.0006038437375075
2022-02-17,25.6299991607666,25.78499984741211,24.165000915527344,24.506999969482425,810595000,NVDA,26.51099967956543,-0.0332315087868188,-0.0438158106927768,-0.075591253981557
2022-02-18,24.667999267578125,24.98600006103516,23.100000381469727,23.642000198364254,761255000,NVDA,24.506999969482425,0.0065695229239071,-0.0415923098620473,-0.0352960285712373
2022-02-22,23.03499984741211,24.06399917602539,23.0,23.38999938964844,633422000,NVDA,23.642000198364254,-0.0256746614440069,0.0154113108134537,-0.010659030818097
2022-02-23,23.802000045776367,24.155000686645508,22.301000595092773,22.386999130249023,566511000,NVDA,23.38999938964844,0.0176143936245789,-0.0594488241662882,-0.0428815855310926
2022-02-24,21.01499938964844,23.799999237060547,20.88999938964844,23.74799919128418,735801000,NVDA,22.386999130249023,-0.0612855583107946,0.1300499586491524,0.0607942160142487
2022-02-25,23.72100067138672,24.21699905395508,23.381000518798828,24.15699958801269,528866000,NVDA,23.74799919128418,-0.0011368755607575,0.018380291905303,0.0172225202398788
2022-02-28,23.992000579833984,24.665000915527344,23.707000732421875,24.38500022888184,477319000,NVDA,24.15699958801269,-0.0068302773934139,0.0163804451296229,0.0094382847521461
2022-03-01,24.291000366210938,24.37700080871582,23.131999969482425,23.476999282836918,412056000,NVDA,24.38500022888184,-0.0038548231203034,-0.0335103977235251,-0.0372360441879133
2022-03-02,23.756000518798828,24.40900039672852,23.415000915527344,24.21999931335449,389642000,NVDA,23.476999282836918,0.0118840245552964,0.0195318565592928,0.0316479981775505
2022-03-03,24.261999130249023,24.326000213623047,23.4689998626709,23.714000701904297,365095000,NVDA,24.21999931335449,0.0017340965353114,-0.0225866972215616,-0.0208917681996463
2022-03-04,23.38400077819824,23.68000030517578,22.48200035095215,22.93600082397461,431415000,NVDA,23.714000701904297,-0.0139158266820644,-0.0191583963100668,-0.0328076180695741
2022-03-07,22.816999435424805,23.03300094604492,21.32999992370605,21.351999282836918,450821000,NVDA,22.93600082397461,-0.0051884105456351,-0.064206520964075,-0.0690618017192415
2022-03-08,21.30900001525879,22.37299919128418,20.649999618530277,21.513999938964844,557467000,NVDA,21.351999282836918,-0.0020138286353675,0.0096203446224252,0.0075871422615749
2022-03-09,22.386999130249023,23.21999931335449,22.246999740600582,23.013999938964844,492742000,NVDA,21.513999938964844,0.0405781906554278,0.0280073628925381,0.0697220416591752
2022-03-10,22.5310001373291,22.788000106811523,21.881999969482425,22.65800094604492,428066000,NVDA,23.013999938964844,-0.0209872166036629,0.0056367142133831,-0.0154688013324091
2022-03-11,23.02199935913086,23.145000457763672,22.04599952697754,22.100000381469727,367209000,NVDA,22.65800094604492,0.0160648953079629,-0.040048605826038,-0.0246270871779002
2022-03-14,21.86899948120117,22.261999130249023,21.15900039672852,21.32999992370605,385354000,NVDA,22.100000381469727,-0.0104525292434946,-0.0246467406045917,-0.03484164907116
2022-03-15,21.51799964904785,23.038000106811523,21.32200050354004,22.972999572753903,491996000,NVDA,21.32999992370605,0.008813864323218,0.0676178059037396,0.0770276443940269
2022-03-16,23.5,24.597000122070312,23.17200088500977,24.496000289916992,671422000,NVDA,22.972999572753903,0.0229399920361779,0.0423829910602975,0.0662952485738681
2022-03-17,24.1200008392334,24.84199905395508,23.9060001373291,24.766000747680664,471941000,NVDA,24.496000289916992,-0.0153494222009118,0.0267827481745559,0.0110222262642121
2022-03-18,24.798999786376957,26.569000244140625,24.624000549316406,26.452999114990234,730719000,NVDA,24.766000747680664,0.0013324330816464,0.0666962112529186,0.0681175125728588
2022-03-21,26.506999969482425,27.152000427246094,25.96699905395508,26.733999252319336,591727000,NVDA,26.452999114990234,0.0020413887384733,0.0085637485606918,0.0106226192390361
2022-03-22,26.726999282836918,27.238000869750977,26.07200050354004,26.52400016784668,547007000,NVDA,26.733999252319336,-0.0002618377226825,-0.0075952826893138,-0.0078551316804738
2022-03-23,26.125999450683597,26.61199951171875,25.575000762939453,25.63400077819824,502120000,NVDA,26.52400016784668,-0.0150053051818916,-0.018831764634079,-0.0335544934405228
2022-03-24,26.166000366210938,28.31999969482422,25.90699958801269,28.149999618530277,877379000,NVDA,25.63400077819824,0.0207536698081542,0.0758235582263976,0.0981508451256618
2022-03-25,27.88599967956543,28.357999801635746,27.270999908447266,27.691999435424805,579016000,NVDA,28.149999618530277,-0.0093783283318789,-0.0069569047683374,-0.0162699889631252
2022-03-28,27.756000518798828,28.25,27.20599937438965,28.2189998626709,425494000,NVDA,27.691999435424805,0.0023111759598026,0.0166810540141936,0.019030782825018
2022-03-29,28.69499969482422,28.94599914550781,27.979999542236328,28.6560001373291,488984000,NVDA,28.2189998626709,0.0168680617481058,-0.0013591063917018,0.0154860298658665
2022-03-30,28.304000854492188,28.496000289916992,27.50300025939941,27.690000534057617,463487000,NVDA,28.6560001373291,-0.0122836153388475,-0.0216930575854304,-0.033710203749375
2022-03-31,27.78199958801269,28.24799919128418,27.270000457763672,27.285999298095703,523440000,NVDA,27.690000534057617,0.0033224648674861,-0.0178532970006595,-0.0145901490852269
2019-11-04,20.98666763305664,21.46266746520996,20.617332458496094,21.1646671295166,131805000,TSLA,20.88733291625977,0.0047557396243513,0.00848155121967,0.0132776268932326
2019-11-05,21.308000564575195,21.567333221435547,21.07466697692871,21.14800071716309,104151000,TSLA,21.1646671295166,0.0067722981033184,-0.0075089094787293,-0.0007874639488315
2019-11-06,21.200000762939453,21.781333923339844,20.96666717529297,21.77199935913086,119113500,TSLA,21.14800071716309,0.0024588634392359,0.0269810648870984,0.0295062710803368
2019-11-07,21.94266700744629,22.76666641235352,21.868000030517575,22.369333267211918,217009500,TSLA,21.77199935913086,0.0078388596977361,0.0194445943886782,0.0274358775337066
2019-11-08,22.299999237060547,22.497333526611328,22.166667938232425,22.47599983215332,91038000,TSLA,22.369333267211918,-0.0030995125926704,0.007892403637408,0.0047684284402769
2019-11-11,22.93000030517578,23.279333114624023,22.799999237060547,23.006000518798828,149800500,TSLA,22.47599983215332,0.0201993449195967,0.0033144445098804,0.023580739037349
2019-11-12,23.12666702270508,23.357999801635746,22.93600082397461,23.32866668701172,110391000,TSLA,23.006000518798828,0.0052450013555225,0.0087344909713242,0.0140253047438312
2019-11-13,23.666667938232425,23.755332946777344,23.011999130249023,23.073999404907227,126301500,TSLA,23.32866668701172,0.0144886656299516,-0.0250423310485447,-0.01091649537975
2019-11-14,23.073999404907227,23.589332580566406,22.86066627502441,23.290000915527344,96973500,TSLA,23.073999404907227,0.0,0.0093612514601252,0.0093612514601253
2019-11-15,23.375999450683597,23.520000457763672,23.224000930786133,23.47800064086914,72135000,TSLA,23.290000915527344,0.0036925088783021,0.0043635007093809,0.008072121852793
2019-11-18,23.527999877929688,23.543333053588867,23.07333374023437,23.332666397094727,66006000,TSLA,23.47800064086914,0.0021296207383822,-0.0083021711088239,-0.0061902308462086
2019-11-19,23.450000762939453,23.99933242797852,23.18666648864746,23.968000411987305,115872000,TSLA,23.332666397094727,0.0050287594159978,0.0220895365541523,0.0272293789350919
2019-11-20,24.0,24.07999992370605,23.30466651916504,23.481332778930664,100876500,TSLA,23.968000411987305,0.0013350962726406,-0.0216111342112223,-0.0203048908833145
2019-11-21,23.63400077819824,24.05599975585937,23.600000381469727,23.655332565307617,91650000,TSLA,23.481332778930664,0.0065016752117479,0.0009025889145714,0.0074101324662916
2019-11-22,22.67733383178711,22.733333587646484,22.0,22.202667236328125,253059000,TSLA,23.655332565307617,-0.0413436898771323,-0.0209313228345052,-0.0614096345916497
2019-11-25,22.954666137695312,22.971332550048828,22.297332763671875,22.422666549682617,185092500,TSLA,22.202667236328125,0.0338697550777487,-0.0231760978278427,0.009908688492819
2019-11-26,22.351333618164062,22.36666679382324,21.80666732788086,21.92799949645996,119211000,TSLA,22.422666549682617,-0.0031812867287884,-0.0189399938695413,-0.0220610270471893
2019-11-27,22.07466697692871,22.261999130249023,21.90466690063477,22.086000442504883,83334000,TSLA,21.92799949645996,0.0066885937539549,0.0005134150194889,0.0072054427979364
2019-11-29,22.073999404907227,22.083999633789062,21.833332061767575,21.996000289916992,36984000,TSLA,22.086000442504883,-0.0005433775856745,-0.0035335289069951,-0.0040749864522633
2019-12-02,21.959999084472656,22.42533302307129,21.91266632080078,22.32466697692871,91117500,TSLA,21.996000289916992,-0.0016367159924451,0.0166060067240122,0.0149421114147911
2019-12-03,22.17466735839844,22.527332305908203,22.145999908447266,22.413333892822266,98605500,TSLA,22.32466697692871,-0.0067190081126535,0.0107630265909461,0.0039717016153113
2019-12-04,22.51666641235352,22.52400016784668,22.190000534057617,22.20199966430664,82995000,TSLA,22.413333892822266,0.0046103145576366,-0.0139748372287576,-0.0094289510666373
2019-12-05,22.18866729736328,22.294666290283203,21.81666755676269,22.024667739868164,55869000,TSLA,22.20199966430664,-0.0006005029792336,-0.0073911404996642,-0.0079872050770078
2019-12-06,22.333332061767575,22.59066772460937,22.31800079345703,22.392667770385746,114186000,TSLA,22.024667739868164,0.0140144825586032,0.0026568229252159,0.0167085394823658
2019-12-09,22.439332962036133,22.96333312988281,22.338666915893555,22.635332107543945,135346500,TSLA,22.392667770385746,0.0020839496271232,0.0087346244132752,0.0108367765576875
2019-12-10,22.66399955749512,23.381999969482425,22.62066650390625,23.256000518798828,132424500,TSLA,22.635332107543945,0.0012664912454107,0.0261207630101604,0.0274203359732472
2019-12-11,23.458667755126957,23.812667846679688,23.4060001373291,23.51333236694336,103467000,TSLA,23.256000518798828,0.0087146212507305,0.0023302521859733,0.0110651807019233
2019-12-12,23.661333084106445,24.182666778564453,23.548667907714844,23.978666305541992,116458500,TSLA,23.51333236694336,0.0062943318647235,0.0134114684201247,0.0197902165178778
2019-12-13,24.06999969482422,24.34733390808105,23.642667770385746,23.892667770385746,98563500,TSLA,23.978666305541992,0.0038089436717803,-0.0073673421972085,-0.0035864603168681
2019-12-16,24.170000076293945,25.573999404907227,24.166667938232425,25.433332443237305,272613000,TSLA,23.892667770385746,0.0116074231882949,0.0522686124516169,0.0644827395441027
2019-12-17,25.266000747680664,25.700000762939453,25.059999465942383,25.266000747680664,127452000,TSLA,25.433332443237305,-0.0065792281027307,0.0,-0.0065792281027307
2019-12-18,25.375333786010746,26.347999572753903,25.371999740600582,26.209999084472656,211815000,TSLA,25.266000747680664,0.0043272791535919,0.0328927810566204,0.0373623964559823
2019-12-19,26.488000869750977,27.12333297729492,26.433332443237305,26.93600082397461,271606500,TSLA,26.209999084472656,0.0106067071724169,0.016913316955348,0.0276994187280248
2019-12-20,27.3526668548584,27.53333282470703,26.679332733154297,27.03933334350586,221290500,TSLA,26.93600082397461,0.0154687413921124,-0.0114553185258016,0.0038362235064708
2019-12-23,27.45199966430664,28.13400077819824,27.333332061767575,27.947999954223636,199794000,TSLA,27.03933334350586,0.0152617047010108,0.0180679111169412,0.0336053629419828
2019-12-24,27.89066696166992,28.36466789245605,27.512666702270508,28.350000381469727,120820500,TSLA,27.947999954223636,-0.0020514166540581,0.0164690726267344,0.0143838710428128
2019-12-26,28.527332305908203,28.898666381835938,28.42333221435547,28.72933387756348,159508500,TSLA,28.350000381469727,0.0062550942522874,0.0070809835805585,0.0133803700525412
2019-12-27,29.0,29.020666122436523,28.40733337402344,28.691999435424805,149185500,TSLA,28.72933387756348,0.0094212460194875,-0.0106207091232825,-0.0012995234173469
2019-12-30,28.586000442504883,28.600000381469727,27.28400039672852,27.64666748046875,188796000,TSLA,28.691999435424805,-0.0036943745645362,-0.0328598946160872,-0.0364328724217604
2019-12-31,27.0,28.086000442504883,26.80533218383789,27.8886661529541,154285500,TSLA,27.64666748046875,-0.0233904314480432,0.0329135612205222,0.0087532673750394
2020-01-02,28.299999237060547,28.71333312988281,28.11400032043457,28.68400001525879,142981500,TSLA,27.8886661529541,0.0147491128421313,0.0135689324576154,0.0285181750157113
2020-01-03,29.36666679382324,30.26666641235352,29.12800025939941,29.53400039672852,266677500,TSLA,28.68400001525879,0.0237995669432888,0.0056980795294231,0.0296332582979208
2020-01-06,29.36466789245605,30.10400009155273,29.333332061767575,30.1026668548584,151995000,TSLA,29.53400039672852,-0.0057334767386004,0.0251322087178087,0.0192546370451349
2020-01-07,30.76000022888184,31.441999435424805,30.224000930786133,31.270666122436523,268231500,TSLA,30.1026668548584,0.0218363833740313,0.0166016219036046,0.0388005246581539
2020-01-08,31.57999992370605,33.232666015625,31.215333938598636,32.80933380126953,467164500,TSLA,31.270666122436523,0.0098921398111051,0.0389276086299372,0.0492048257881216
2020-01-09,33.13999938964844,33.25333404541016,31.524667739868164,32.089332580566406,426606000,TSLA,32.80933380126953,0.0100783999572131,-0.0317038873998958,-0.0219450119000973
2020-01-10,32.11933135986328,32.3293342590332,31.57999992370605,31.87666702270508,194392500,TSLA,32.089332580566406,0.0009348520796297,-0.0075550868241746,-0.0066272976331742
2020-01-13,32.900001525878906,35.04199981689453,32.79999923706055,34.990665435791016,397764000,TSLA,31.87666702270508,0.0321029329209647,0.0635460125516288,0.0976889588509333
2020-01-14,36.28400039672852,36.49399948120117,34.99333190917969,35.861331939697266,434943000,TSLA,34.990665435791016,0.0369622853646727,-0.0116488935180741,0.0248828221202008
2020-01-15,35.31733322143555,35.85599899291992,34.452667236328125,34.56666564941406,260532000,TSLA,35.861331939697266,-0.015169506787324,-0.0212549335850157,-0.0361020135130578
2020-01-16,32.91666793823242,34.297332763671875,32.81133270263672,34.232666015625,326050500,TSLA,34.56666564941406,-0.0477337828275493,0.0399796868827071,-0.0096624776360147
2020-01-17,33.840667724609375,34.37799835205078,33.54399871826172,34.03333282470703,204436500,TSLA,34.232666015625,-0.0114510009485298,0.0056933007842971,-0.0058228941569139
2020-01-21,35.349998474121094,36.571998596191406,35.227333068847656,36.47999954223633,267052500,TSLA,34.03333282470703,0.0386875319027881,0.0319660853434684,0.0718903061927893
2020-01-22,38.1259994506836,39.633331298828125,37.27333450317383,37.97066879272461,470535000,TSLA,36.47999954223633,0.0451206120916074,-0.0040741399621511,0.0408626444406172
2020-01-23,37.61666870117188,38.79999923706055,37.040000915527344,38.14666748046875,294765000,TSLA,37.97066879272461,-0.0093229880538886,0.014089466122245,0.004635122144013
2020-01-24,38.04199981689453,38.25733184814453,36.95066833496094,37.654666900634766,215304000,TSLA,38.14666748046875,-0.0027438219505756,-0.0101817180517347,-0.0128976031808254
2020-01-27,36.13266754150391,37.62933349609375,35.95199966430664,37.20133209228516,204121500,TSLA,37.654666900634766,-0.0404199395295992,0.0295761321677599,-0.0120392728355795
2020-01-28,37.89933395385742,38.45399856567383,37.2053337097168,37.79333114624024,176827500,TSLA,37.20133209228516,0.0187628190259621,-0.0027969570057945,0.0159133832220446
2020-01-29,38.37933349609375,39.31999969482422,37.82866668701172,38.732666015625,267022500,TSLA,37.79333114624024,0.0155054432112902,0.0092063224487004,0.0248545137699038
2020-01-30,42.16133117675781,43.391998291015625,41.20000076293945,42.72066879272461,435085500,TSLA,38.732666015625,0.0885212796803005,0.0132666023665576,0.1029622586653555
2020-01-31,42.66666793823242,43.53333282470703,42.167999267578125,43.37133407592773,235789500,TSLA,42.72066879272461,-0.001264045157022,0.0165156121100302,0.0152306904735053
2020-02-03,44.91266632080078,52.40933227539063,44.90133285522461,52.0,705975000,TSLA,43.37133407592773,0.0355380409137224,0.1578025590504031,0.198948593763949
2020-02-04,58.86399841308594,64.59933471679688,55.59199905395508,59.137332916259766,914082000,TSLA,52.0,0.1319999694824218,0.0046434919567588,0.1372564022357647
2020-02-05,54.88399887084961,56.39866638183594,46.94066619873047,48.97999954223633,726357000,TSLA,59.137332916259766,-0.0719229940828242,-0.1075723243582576,-0.1717583947927872
2020-02-06,46.66133117675781,53.05533218383789,45.79999923706055,49.93066787719727,598212000,TSLA,48.97999954223633,-0.0473390850785755,0.0700652257016602,0.0194093169425442
2020-02-07,48.70333480834961,51.31666564941406,48.66666793823242,49.87133407592773,255952500,TSLA,49.93066787719727,-0.0245807460830733,0.0239819156567875,-0.001188323805631
2020-02-10,53.33333206176758,54.66600036621094,50.15999984741211,51.41866683959961,370338000,TSLA,49.87133407592773,0.0694185958725115,-0.0358999737715714,0.0310264963298576
2020-02-11,51.25266647338867,52.23400115966797,50.53333282470703,51.62533187866211,175462500,TSLA,51.41866683959961,-0.0032284066548978,0.0072711417944846,0.0040192609370288
2020-02-12,51.858001708984375,52.650001525878906,50.891334533691406,51.15266799926758,180337500,TSLA,51.62533187866211,0.0045068926795304,-0.0136012512336085,-0.0091556579336954
2020-02-13,49.45600128173828,54.53333282470703,49.0,53.59999847412109,394339500,TSLA,51.15266799926758,-0.0331686847214615,0.0837915942450646,0.04784365255178
2020-02-14,52.4813346862793,54.198001861572266,52.36666870117188,53.33533477783203,235405500,TSLA,53.59999847412109,-0.0208705936508917,0.0162724537525148,-0.0049377556683485
2020-02-18,56.106666564941406,57.33333206176758,55.490665435791016,57.22666549682617,245725500,TSLA,53.33533477783203,0.0519605210814433,0.0199619581852792,0.0729597130158357
2020-02-19,61.56666564941406,62.98533248901367,60.06800079345703,61.16133117675781,381345000,TSLA,57.22666549682617,0.0758387740209778,-0.0065836677750975,0.0687558089532556
2020-02-20,60.79666519165039,60.79999923706055,57.3293342590332,59.96066665649414,264523500,TSLA,61.16133117675781,-0.0059623618075533,-0.0137507301185174,-0.0196311050979861
2020-02-21,60.46533203125,60.87066650390625,58.6966667175293,60.06666564941406,214722000,TSLA,59.96066665649414,0.008416607134257,-0.0065933050963798,0.0017678087791648
2020-02-24,55.93333435058594,57.56666564941406,54.81333160400391,55.58599853515625,227883000,TSLA,60.06666564941406,-0.0688123979272095,-0.006209817802969,-0.0745949032764651
2020-02-25,56.59999847412109,57.106666564941406,52.46666717529297,53.32733154296875,259357500,TSLA,55.58599853515625,0.0182420027648424,-0.0578209720738541,-0.0406337396414488
2020-02-26,52.16666793823242,54.22066879272461,51.740665435791016,51.91999816894531,211282500,TSLA,53.32733154296875,-0.0217648918697744,-0.0047284938646872,-0.0263904705767898
2020-02-27,48.66666793823242,49.31800079345703,44.59999847412109,45.26666641235352,364158000,TSLA,51.91999816894531,-0.062660445790593,-0.0698630432269202,-0.1281458395846271
2020-02-28,41.97999954223633,46.03466796875,40.76800155639648,44.53266525268555,363343500,TSLA,45.26666641235352,-0.0726067795710319,0.060806711250222,-0.0162150478009941
2020-03-02,47.41733169555664,49.5793342590332,45.77799987792969,49.574668884277344,302925000,TSLA,44.53266525268555,0.0647764158399912,0.0454968070023826,0.1132203429321523
2020-03-03,53.66666793823242,53.79866790771485,47.740665435791016,49.70066833496094,386760000,TSLA,49.574668884277344,0.0825421358538385,-0.0739006119745713,0.0025416095259802
2020-03-04,50.93066787719727,51.10133361816406,48.31533432006836,49.96666717529297,225735000,TSLA,49.70066833496094,0.0247481489372871,-0.0189277058810355,0.0053520173720666
2020-03-05,48.2513313293457,49.71666717529297,47.87133407592773,48.30266571044922,162790500,TSLA,49.96666717529297,-0.0343296029717076,0.0010638956416171,-0.0333022304450705
2020-03-06,46.0,47.133331298828125,45.61800003051758,46.89866638183594,189943500,TSLA,48.30266571044922,-0.047671607282558,0.0195362256920855,-0.0290667048694489
2020-03-09,40.35933303833008,44.20000076293945,40.33333206176758,40.53333282470703,256105500,TSLA,46.89866638183594,-0.1394353794682437,0.0043112651592062,-0.1357252572024996
2020-03-10,43.96200180053711,44.53333282470703,40.53333282470703,43.02199935913086,233916000,TSLA,40.53333282470703,0.0845888738204161,-0.021382157383806,0.0613980238236631
2020-03-11,42.68000030517578,43.571998596191406,40.86666870117188,42.28200149536133,199837500,TSLA,43.02199935913086,-0.0079493993549719,-0.0093251829186652,-0.0172004526705585
2020-03-12,38.72600173950195,39.633331298828125,36.41666793823242,37.369998931884766,283636500,TSLA,42.28200149536133,-0.0841019731823597,-0.0350153061691885,-0.116172423011135
2020-03-13,39.66666793823242,40.50466537475586,33.46666717529297,36.44133377075195,339604500,TSLA,37.369998931884766,0.0614575614661871,-0.0813109427921409,-0.0248505535904755
2020-03-16,31.299999237060547,32.9913330078125,29.47800064086914,29.67133331298828,307342500,TSLA,36.44133377075195,-0.1410852458374581,-0.0520340563505143,-0.1857780645558401
2020-03-17,29.333999633789062,31.456666946411133,26.399999618530277,28.68000030517578,359919000,TSLA,29.67133331298828,-0.0113690097994872,-0.0222949252327649,-0.033410463808802
2020-03-18,25.933332443237305,26.99066734313965,23.367332458496094,24.08133316040039,356793000,TSLA,28.68000030517578,-0.0957694502340292,-0.0714138565450682,-0.1603440409986845
2020-03-19,24.979999542236328,30.13333320617676,23.8973331451416,28.50933265686035,452932500,TSLA,24.08133316040039,0.037317966403692,0.1412863562569969,0.1838768421567878
2020-03-20,29.21333312988281,31.799999237060547,28.38599967956543,28.50200080871582,424282500,TSLA,28.50933265686035,0.0246936847486345,-0.0243495775714602,-0.0002571736151377
2020-03-23,28.906667709350582,29.46666717529297,27.36666679382324,28.952667236328125,246817500,TSLA,28.50200080871582,0.014197841876105,0.0015913119920999,0.0158117470642444
2020-03-24,31.81999969482422,34.24599838256836,31.600000381469727,33.66666793823242,343428000,TSLA,28.952667236328125,0.0990351747247082,0.058034829073508,0.1628174932356298
2020-03-25,36.34999847412109,37.133331298828125,34.07400131225586,35.95000076293945,318340500,TSLA,33.66666793823242,0.0797028841942935,-0.0110040640432602,0.0678217645089267
2020-03-26,36.49266815185547,37.33333206176758,34.150001525878906,35.21066665649414,260710500,TSLA,35.95000076293945,0.0150950591766174,-0.0351303853701951,-0.020565621439638
2020-03-27,33.66666793823242,35.0533332824707,32.935333251953125,34.29066848754883,215661000,TSLA,35.21066665649414,-0.0438503119899591,0.0185346690816343,-0.026128393930185
2020-03-30,34.017333984375,34.44333267211914,32.7486686706543,33.47533416748047,179971500,TSLA,34.29066848754883,-0.0079711045374655,-0.0159330480496644,-0.0237771485955257
2020-03-31,33.41666793823242,36.19733428955078,33.133331298828125,34.93333435058594,266572500,TSLA,33.47533416748047,-0.0017525210937263,0.0453865243284259,0.0435544623934431
2020-04-01,33.599998474121094,34.26333236694336,31.67333221435547,32.104000091552734,200298000,TSLA,34.93333435058594,-0.0381680106194179,-0.0445237634079235,-0.0809923905527714
2020-04-02,32.06866836547852,32.95066833496094,29.76000022888184,30.29800033569336,297876000,TSLA,32.104000091552734,-0.0011005396827018,-0.0552148910458426,-0.0562546645498724
2020-04-03,33.96666717529297,34.36600112915039,31.22599983215332,32.000667572021484,338431500,TSLA,30.29800033569336,0.121086104658783,-0.0578802622325434,0.0561973469358718
2020-04-06,34.08000183105469,34.733333587646484,33.19733428955078,34.41600036621094,223527000,TSLA,32.000667572021484,0.0649778400514116,0.0098591114173614,0.0754775752334993
2020-04-07,36.33333206176758,37.66666793823242,35.48933410644531,36.36333465576172,268797000,TSLA,34.41600036621094,0.0557104740572655,0.0008257594966279,0.056582237006908
2020-04-08,36.9466667175293,37.14733123779297,35.55533218383789,36.589332580566406,189840000,TSLA,36.36333465576172,0.0160417647965944,-0.0096716204385862,0.0062149944977303
2020-04-09,37.4726676940918,38.345333099365234,37.14066696166992,38.20000076293945,204750000,TSLA,36.589332580566406,0.02414187554748,0.0194096954821909,0.0440201574824166
2020-04-13,39.34400177001953,43.46666717529297,38.70199966430664,43.39666748046875,337131000,TSLA,38.20000076293945,0.0299476697442884,0.1030059355461239,0.1360383930298492
2020-04-14,46.59799957275391,49.45866775512695,46.1619987487793,47.32600021362305,458647500,TSLA,43.39666748046875,0.0737690767090804,0.0156230020074682,0.0905445731500638
2020-04-15,49.46666717529297,50.20866775512695,47.33333206176758,48.65533447265625,353655000,TSLA,47.32600021362305,0.0452323659723459,-0.0164016043320976,0.0280888782705652
2020-04-16,47.79600143432617,50.630001068115234,47.11466598510742,49.68066787719727,309868500,TSLA,48.65533447265625,-0.0176616407562261,0.0394314667820216,0.0210734016250004
2020-04-17,51.48533248901367,51.663333892822266,49.84400177001953,50.25933456420898,196923000,TSLA,49.68066787719727,0.0363252888684437,-0.0238125669105137,0.0116477235862064
2020-04-20,48.8466682434082,51.03799819946289,47.48066711425781,49.75733184814453,221199000,TSLA,50.25933456420898,-0.0281075412766562,0.018643310536522,-0.0099882483605731
2020-04-21,48.67466735839844,50.22200012207031,44.91933441162109,45.78133392333984,303136500,TSLA,49.75733184814453,-0.0217588936048721,-0.0594422847054006,-0.0799077799617374
2020-04-22,46.93199920654297,48.93333435058594,45.91400146484375,48.80733489990234,212482500,TSLA,45.78133392333984,0.0251339396342162,0.0399585725105426,0.0660968284941083
2020-04-23,48.50666809082031,48.93333435058594,46.87533187866211,47.04199981689453,198550500,TSLA,48.80733489990234,-0.0061602791813701,-0.0301951944252993,-0.0361694627790739
2020-04-24,47.387332916259766,48.71533203125,46.54533386230469,48.34333419799805,198180000,TSLA,47.04199981689453,0.007340952780694,0.020174194724731,0.0276632453162877
2020-04-27,49.17399978637695,53.29933166503906,49.0,53.25,310221000,TSLA,48.34333419799805,0.017182629253017,0.0828893364650042,0.1014962224555282
2020-04-28,53.042667388916016,53.66666793823242,50.44599914550781,51.27466583251953,228330000,TSLA,53.25,-0.0038935701612016,-0.0333316864220507,-0.0370954773235768
2020-04-29,52.678001403808594,53.54666519165039,52.21066665649414,53.367332458496094,243240000,TSLA,51.27466583251953,0.0273689852191885,0.0130857480602455,0.0408128769246769
2020-04-30,57.01266860961914,57.98799896240234,50.900001525878906,52.12533187866211,427078500,TSLA,53.367332458496094,0.0683065085547987,-0.0857236970334071,-0.0232726749233698
2020-05-01,50.33333206176758,51.51800155639648,45.5359992980957,46.75466537475586,487977000,TSLA,52.12533187866211,-0.0343786744814588,-0.0710993399487259,-0.1030337133662409
2020-05-04,46.73333358764648,50.79999923706055,46.53333282470703,50.74599838256836,288556500,TSLA,46.75466537475586,-0.0004562493804285,0.0858630122628912,0.085367587936316
2020-05-05,52.65266799926758,53.26133346557617,50.8120002746582,51.2140007019043,254875500,TSLA,50.74599838256836,0.0375728072650192,-0.0273237302501611,0.0092224477644073
2020-05-06,51.76666641235352,52.6533317565918,50.740665435791016,52.172000885009766,166848000,TSLA,51.2140007019043,0.0107913012628335,0.00783002848643,0.0187058259455572
2020-05-07,51.81399917602539,53.09333419799805,51.4900016784668,52.00266647338867,172915500,TSLA,52.172000885009766,-0.0068619509106701,0.003641241756351,-0.003245695176505
2020-05-08,52.917999267578125,54.93333435058594,52.46733474731445,54.62799835205078,241297500,TSLA,52.00266647338867,0.0176016511510588,0.0323141295615902,0.0504845627484422
2020-05-11,52.70066833496094,54.93333435058594,52.33333206176758,54.08599853515625,247794000,TSLA,54.62799835205078,-0.035280992810118,0.0262867672073961,-0.0099216488475673
2020-05-12,55.133331298828125,56.21933364868164,53.86666870117188,53.96066665649414,238603500,TSLA,54.08599853515625,0.0193642124031621,-0.0212696134027894,-0.0023172703112921
2020-05-13,54.72200012207031,55.06666564941406,50.88666534423828,52.73066711425781,285982500,TSLA,53.96066665649414,0.0141090448422869,-0.0363899894625628,-0.0227943726134135
2020-05-14,52.0,53.55733489990234,50.93333435058594,53.55533218383789,205233000,TSLA,52.73066711425781,-0.0138565877172498,0.0299102343045748,0.0156391928020402
2020-05-15,52.68999862670898,53.66999816894531,52.436668395996094,53.27799987792969,157776000,TSLA,53.55533218383789,-0.0161577479187039,0.0111596368674536,-0.0051784256506188
2020-05-18,55.185333251953125,55.64799880981445,53.59199905395508,54.242000579833984,174987000,TSLA,53.27799987792969,0.0357996429744642,-0.0170939018853483,0.0180937855045799
2020-05-19,54.34466552734375,54.80466842651367,53.73866653442383,53.867332458496094,144547500,TSLA,54.242000579833984,0.0018927205193817,-0.0087834392615312,-0.0069073433378705
2020-05-20,54.70000076293945,55.06666564941406,54.119998931884766,54.37066650390625,109639500,TSLA,53.867332458496094,0.0154577601384831,-0.0060207359129752,0.009343957133908
2020-05-21,54.400001525878906,55.5,53.06666564941406,55.17333221435547,183819000,TSLA,54.37066650390625,0.0005395376562202,0.0142156372570812,0.014762844784909
2020-05-22,54.81133270263672,55.45199966430664,54.133331298828125,54.45866775512695,149812500,TSLA,55.17333221435547,-0.0065611319307729,-0.0064341611509986,-0.012953077701596
2020-05-26,55.633331298828125,55.63999938964844,54.38066864013672,54.5913314819336,121345500,TSLA,54.45866775512695,0.021569817847602,-0.0187297757040208,0.0024360442933191
2020-05-27,54.7239990234375,55.18066787719727,52.33333206176758,54.68199920654297,173242500,TSLA,54.5913314819336,0.0024301942799802,-0.0007674844244577,0.0016608447192643
2020-05-28,54.23400115966797,54.98333358764648,53.44599914550781,53.72066879272461,108834000,TSLA,54.68199920654297,-0.0081927883650126,-0.0094651391372006,-0.0175803816204168
2020-05-29,53.91666793823242,55.66666793823242,53.61399841308594,55.66666793823242,176467500,TSLA,53.72066879272461,0.003648486698184,0.0324574953705377,0.0362244028088376
2020-06-01,57.20000076293945,59.93333435058594,56.93999862670898,59.87333297729492,224092500,TSLA,55.66666793823242,0.0275449004134469,0.0467365765506694,0.07556883131087
2020-06-02,59.64666748046875,60.57733154296875,58.06666564941406,58.77066802978516,203484000,TSLA,59.87333297729492,-0.0037857504427242,-0.0146864776807596,-0.0184166287841018
2020-06-03,59.20800018310547,59.86266708374024,58.67333221435547,58.86399841308594,119242500,TSLA,58.77066802978516,0.0074413337125702,-0.0058100555491771,0.001588043601163
2020-06-04,59.32533264160156,59.71666717529297,57.22933197021485,57.62533187866211,133315500,TSLA,58.86399841308594,0.0078372900406484,-0.0286555622571821,-0.021042854169221
2020-06-05,58.52266693115234,59.10133361816406,57.74666595458984,59.04399871826172,117178500,TSLA,57.62533187866211,0.0155718851976365,0.0089082028288745,0.0246188055382796
2020-06-08,61.26666641235352,63.33333206176758,60.61066818237305,63.32799911499024,212620500,TSLA,59.04399871826172,0.037644260929847,0.0336452564394964,0.0725560681818036
2020-06-09,62.66733169555664,63.62933349609375,61.595333099365234,62.711334228515625,170823000,TSLA,63.32799911499024,-0.0104324695026912,0.0007021606276895,-0.009737634144336
2020-06-10,66.12533569335938,68.49866485595703,65.5,68.336669921875,278451000,TSLA,62.711334228515625,0.0544399430636155,0.033441557692352,0.0897020572526978
2020-06-11,66.01333618164062,67.9306640625,64.80000305175781,64.85600280761719,238747500,TSLA,68.336669921875,-0.033998345879167,-0.0175318116151401,-0.0509341048991272
2020-06-12,65.33333587646484,65.8653335571289,60.84000015258789,62.35200119018555,251451000,TSLA,64.85600280761719,0.0073598903445155,-0.0456326719933073,-0.0386086331107897
2020-06-15,61.18600082397461,66.5893325805664,60.56666564941406,66.05999755859375,235458000,TSLA,62.35200119018555,-0.0187002877847403,0.0796586910238028,0.0594687627923617
2020-06-16,67.4566650390625,67.52532958984375,64.15933227539062,65.47533416748047,210766500,TSLA,66.05999755859375,0.0211424089023002,-0.0293719066964649,-0.0088504906557814
2020-06-17,65.84733581542969,67.0,65.50466918945312,66.11933135986328,148362000,TSLA,65.47533416748047,0.0056815540184593,0.0041306993071974,0.0098357221169047
2020-06-18,66.86666870117188,67.94667053222656,66.2979965209961,66.9306640625,146278500,TSLA,66.11933135986328,0.0113028569094431,0.0009570592130755,0.012270733625858
2020-06-19,67.51866912841797,67.73133087158203,66.0893325805664,66.72666931152344,130195500,TSLA,66.9306640625,0.0087852865970206,-0.0117300863171366,-0.0030478518902198
2020-06-22,66.663330078125,67.2586669921875,66.00133514404297,66.28800201416016,95436000,TSLA,66.72666931152344,-0.0009492341525804,-0.0056302027445221,-0.0065740925163715
2020-06-23,66.59200286865234,67.46666717529297,66.267333984375,66.78533172607422,95479500,TSLA,66.28800201416016,0.0045860615081934,0.0029031843028238,0.0075025599927995
2020-06-24,66.27400207519531,66.72533416748047,63.542667388916016,64.0566635131836,164394000,TSLA,66.78533172607422,-0.0076563167040356,-0.0334571399429884,-0.0408572981876094
2020-06-25,63.61800003051758,65.73200225830078,62.47666549682617,65.73200225830078,138817500,TSLA,64.0566635131836,-0.0068480538730484,0.033229624112187,0.0261540119830372
2020-06-26,66.31866455078125,66.33333587646484,63.65800094604492,63.982666015625,132823500,TSLA,65.73200225830078,0.0089250634747914,-0.0352238476299162,-0.0266131592310482
2020-06-29,64.60066986083984,67.33333587646484,63.23466873168945,67.29000091552734,135396000,TSLA,63.982666015625,0.0096589261389001,0.0416300800050641,0.0516911080118898
2020-06-30,67.0999984741211,72.51266479492188,66.91533660888672,71.98733520507812,253777500,TSLA,67.29000091552734,-0.0028236355895546,0.0728366146363172,0.0698073149894527
2020-07-01,72.19999694824219,75.68866729736328,72.03333282470703,74.64199829101562,199903500,TSLA,71.98733520507812,0.0029541549573717,0.0338227347090336,0.0368768072658178
2020-07-02,81.43199920654297,81.86666870117188,79.04000091552734,80.57733154296875,258751500,TSLA,74.64199829101562,0.0909675661288482,-0.0104954768629277,0.0795173412803385
2020-07-06,85.11266326904297,91.85266876220705,84.40266418457031,91.43866729736328,308548500,TSLA,80.57733154296875,0.0562854544724615,0.0743250626328502,0.1347939370342961
2020-07-07,93.6673355102539,95.3000030517578,89.11399841308594,92.65733337402344,322345500,TSLA,91.43866729736328,0.0243733671843977,-0.0107828639592283,0.0133276885225916
2020-07-08,93.66666412353516,94.48400115966795,87.42266845703125,91.05867004394533,244669500,TSLA,92.65733337402344,0.0108931555955471,-0.0278433539188521,-0.0172535003098449
2020-07-09,93.1326675415039,93.90399932861328,90.08533477783205,92.9520034790039,175764000,TSLA,91.05867004394533,0.0227764966977628,-0.0019398570584214,0.0207924564914561
2020-07-10,93.06666564941406,103.2613296508789,91.73400115966795,102.97666931152344,350064000,TSLA,92.9520034790039,0.0012335631951823,0.1064828485361317,0.1078477650541864
2020-07-13,110.5999984741211,119.66600036621094,98.0739974975586,99.8040008544922,584781000,TSLA,102.97666931152344,0.0740296730663883,-0.0976129997158636,-0.0308095851054702
2020-07-14,103.73332977294922,106.0,95.4000015258789,101.12000274658205,351271500,TSLA,99.8040008544922,0.0393704549398348,-0.0251927421214302,0.0131858630999019
2020-07-15,102.86666870117188,103.33333587646484,97.13333129882812,103.06732940673828,245517000,TSLA,101.12000274658205,0.0172731992399879,0.0019506873130044,0.0192575811636048
2020-07-16,98.47733306884766,102.11399841308594,97.73332977294922,100.04266357421876,214512000,TSLA,103.06732940673828,-0.0445339601240365,0.0158953381107176,-0.0293465043668996
2020-07-17,100.89666748046876,102.50066375732422,99.33333587646484,100.05599975585938,139950000,TSLA,100.04266357421876,0.0085363971303746,-0.0083319672056771,0.0001333049437526
2020-07-20,101.267333984375,110.0,99.1999969482422,109.53333282470705,256821000,TSLA,100.05599975585938,0.012106562639635,0.0816255204428254,0.0947202875586943
2020-07-21,109.32866668701172,111.66666412353516,103.86666870117188,104.55733489990234,241608000,TSLA,109.53333282470705,-0.0018685283503867,-0.0436420925242675,-0.0454290743875025
2020-07-22,106.5999984741211,108.4280014038086,104.13333129882812,106.15533447265624,212416500,TSLA,104.55733489990234,0.0195363010751401,-0.0041713321560017,0.0152834765182543
2020-07-23,111.93000030517578,112.5999984741211,98.71800231933594,100.87133026123048,364927500,TSLA,106.15533447265624,0.0543982632734012,-0.0987998750450637,-0.0497761533857429
2020-07-24,94.40066528320312,97.66666412353516,91.10266876220705,94.46666717529295,290949000,TSLA,100.87133026123048,-0.0641477113593129,0.0006991676583193,-0.0634933937061312
2020-07-27,95.66666412353516,103.1959991455078,94.1999969482422,102.63999938964844,240730500,TSLA,94.46666717529295,0.0127028610633153,0.0728920082036994,0.0865208063198523
2020-07-28,100.26667022705078,104.3133316040039,98.29467010498048,98.43267059326172,237130500,TSLA,102.63999938964844,-0.0231228485649914,-0.0182912191023799,-0.0409911225779979
2020-07-29,100.06666564941406,102.32066345214844,99.13333129882812,99.94066619873048,141403500,TSLA,98.43267059326172,0.0166001292691149,-0.0012591550829227,0.0153200720490456
2020-07-30,99.1999969482422,100.8826675415039,98.06666564941406,99.16600036621094,114315000,TSLA,99.94066619873048,-0.0074110897861684,-0.0003427074906966,-0.0077512574408811
2020-07-31,101.0,101.13666534423828,94.73200225830078,95.38400268554688,183123000,TSLA,99.16600036621094,0.0184942382168915,-0.0556039338064665,-0.0381380479871881
2020-08-03,96.61333465576172,100.65399932861328,96.29199981689452,99.0,132139500,TSLA,95.38400268554688,0.0128882405393238,0.0247032705448175,0.0379098927770311
2020-08-04,99.6673355102539,101.82733154296876,97.46666717529295,99.13333129882812,126225000,TSLA,99.0,0.0067407627298374,-0.0053578658312867,0.0013467807962437
2020-08-05,99.5326690673828,99.98933410644533,97.88733673095705,99.00133514404295,74217000,TSLA,99.13333129882812,0.0040282896107961,-0.0053382866984119,-0.0013315012524623
2020-08-06,99.38866424560548,101.15399932861328,98.48400115966795,99.30533599853516,89884500,TSLA,99.00133514404295,0.0039123624039913,-0.00083840795832,0.003070674289896
2020-08-07,99.96932983398438,99.98332977294922,94.33399963378906,96.84733581542967,133446000,TSLA,99.30533599853516,0.0066863862729291,-0.0312295183306647,-0.0247519446804119
2020-08-10,96.53333282470705,97.16666412353516,92.38933563232422,94.5713348388672,112834500,TSLA,96.84733581542967,-0.0032422470693574,-0.0203245648775288,-0.0235009146859761
2020-08-11,93.06666564941406,94.66666412353516,91.0,91.6259994506836,129387000,TSLA,94.5713348388672,-0.015910415053534,-0.0154799378346433,-0.0311440606522254
2020-08-12,98.0,105.66666412353516,95.66666412353516,103.65066528320312,327441000,TSLA,91.6259994506836,0.069565413611091,0.0576598498286033,0.1312363947417745
2020-08-13,107.4000015258789,110.07866668701172,104.48400115966795,108.06666564941406,306379500,TSLA,103.65066528320312,0.0361728140618444,0.0062073008758246,0.0426046504780761
2020-08-14,110.99933624267578,111.25333404541016,108.44266510009766,110.04733276367188,188664000,TSLA,108.06666564941406,0.0271376059919881,-0.008576659205624,0.0183281967881143
2020-08-17,111.8000030517578,123.05733489990234,111.52200317382812,122.3759994506836,303634500,TSLA,110.04733276367188,0.0159265131109522,0.0945974607355746,0.1120305815451947
2020-08-18,126.59933471679688,128.25999450683594,123.00733184814452,125.80599975585938,247117500,TSLA,122.3759994506836,0.034511140134265,-0.0062665018162393,0.0280283741956939
2020-08-19,124.33333587646484,127.4000015258789,122.74732971191406,125.23533630371094,183079500,TSLA,125.80599975585938,-0.0117058318542231,0.0072546949769151,-0.0045360591168615
2020-08-20,124.04533386230467,134.79933166503906,123.8040008544922,133.45533752441406,309177000,TSLA,125.23533630371094,-0.0095021299621086,0.0758593924424022,0.0656364366744592
2020-08-21,136.3173370361328,139.69932556152344,135.00332641601562,136.6653289794922,322344000,TSLA,133.45533752441406,0.021445373147366,0.0025528076686763,0.0240529267290705
2020-08-24,141.7519989013672,141.93333435058594,128.50132751464844,134.27999877929688,300954000,TSLA,136.6653289794922,0.0372199003204265,-0.0527117795867515,-0.0174538064482562
2020-08-25,131.65933227539062,135.19667053222656,131.1999969482422,134.8893280029297,159883500,TSLA,134.27999877929688,-0.0195164322887252,0.0245329797114792,0.0045377511853743
2020-08-26,137.3333282470703,144.39999389648438,136.90866088867188,143.54466247558594,213591000,TSLA,134.8893280029297,0.0181185589721935,0.045228163533189,0.0641661916535625
2020-08-27,145.36399841308594,153.0399932861328,142.8333282470703,149.25,355395000,TSLA,143.54466247558594,0.0126743544909546,0.0267329024334558,0.0397460792064241
2020-08-28,153.00799560546875,154.5659942626953,145.76800537109375,147.55999755859375,301218000,TSLA,149.25,0.0251792000366415,-0.0356059696443751,-0.0113232994399078
2020-08-31,148.20333862304688,166.7133331298828,146.70333862304688,166.10667419433594,355123200,TSLA,147.55999755859375,0.0043598609046986,0.1208025118572122,0.1256890549105465
2020-09-01,167.3800048828125,167.49667358398438,156.836669921875,158.35000610351562,269523300,TSLA,166.10667419433594,0.0076657406732907,-0.0539490889943457,-0.046696908046846
2020-09-02,159.663330078125,159.67999267578125,135.0399932861328,149.1233367919922,288528300,TSLA,158.35000610351562,0.0082938043826208,-0.0660138635526108,-0.0582675652408364
2020-09-03,135.7433319091797,143.93333435058594,134.0,135.6666717529297,262788300,TSLA,149.1233367919922,-0.0897244198704853,-0.000564743440225,-0.0902384920331604
2020-09-04,134.27000427246094,142.6666717529297,124.00666809082033,139.44000244140625,330965700,TSLA,135.6666717529297,-0.0102948459074185,0.0385044909841094,0.0278132472752659
2020-09-08,118.66666412353516,122.913330078125,109.95999908447266,110.06999969482422,346397100,TSLA,139.44000244140625,-0.1489768929586774,-0.0724438029180763,-0.2106282432039079
2020-09-09,118.86666870117188,123.0,113.836669921875,122.09333038330078,238397400,TSLA,110.06999969482422,0.0799188610042422,0.0271452183979401,0.1092334943382573
2020-09-10,128.73666381835938,132.99667358398438,120.1866683959961,123.77999877929688,254791800,TSLA,122.09333038330078,0.05441192745093,-0.0385023573863626,0.0138145825877706
2020-09-11,127.3133316040039,127.5,120.16666412353516,124.23999786376952,182152500,TSLA,123.77999877929688,0.0285452646594952,-0.0241399207884504,0.0037162634432792
2020-09-14,126.98332977294922,140.0,124.43333435058594,139.8733367919922,249061800,TSLA,124.23999786376952,0.022080907568815,0.1015094425551036,0.1258317707423399
2020-09-15,145.52000427246094,153.97999572753906,143.56666564941406,149.9199981689453,291894600,TSLA,139.8733367919922,0.0403698632632607,0.030236350792336,0.0718268514026634
2020-09-16,146.6233367919922,152.59666442871094,145.10333251953125,147.25332641601562,216837900,TSLA,149.9199981689453,-0.0219894704990464,0.0042966531645448,-0.017787298462508
2020-09-17,138.53334045410156,145.92999267578125,136.0,141.14332580566406,230337600,TSLA,147.25332641601562,-0.0592175822044156,0.0188401242834913,-0.0414931245294233
2020-09-18,149.31333923339844,150.3333282470703,142.93333435058594,147.38333129882812,259220400,TSLA,141.14332580566406,0.057884518315683,-0.0129258909115509,0.0442104184349159
2020-09-21,151.0433349609375,151.89332580566406,135.69000244140625,149.79666137695312,328430400,TSLA,147.38333129882812,0.0248332265925548,-0.0082537477360837,0.016374511668703
2020-09-22,143.1999969482422,145.9199981689453,139.1999969482422,141.41000366210938,238742400,TSLA,149.79666137695312,-0.0440374596341027,-0.012499953381841,-0.0559869468234628
2020-09-23,135.05332946777344,137.38333129882812,125.2933349609375,126.7866668701172,285222600,TSLA,141.41000366210938,-0.0449520828068488,-0.0612103576434141,-0.1034109073848393
2020-09-24,121.26667022705078,133.1666717529297,117.0999984741211,129.26333618164062,289683300,TSLA,126.7866668701172,-0.0435376745783624,0.0659428179203525,0.0195341463945935
2020-09-25,131.1566619873047,136.2433319091797,130.43333435058594,135.77999877929688,201625500,TSLA,129.26333618164062,0.0146470442554844,0.035250491449986,0.0504138512137659
2020-09-28,141.5399932861328,142.69332885742188,138.51666259765625,140.39999389648438,149158800,TSLA,135.77999877929688,0.0424215242202092,-0.0080542563496089,0.0340255940397897
2020-09-29,138.6666717529297,142.8333282470703,137.1999969482422,139.69000244140625,150657900,TSLA,140.39999389648438,-0.0123455998497595,0.0073797883481323,-0.0050569194155491
2020-09-30,140.44000244140625,144.64332580566406,140.1566619873047,143.00332641601562,144436800,TSLA,139.69000244140625,0.0053690313328944,0.0182520929225904,0.023719120314277
2020-10-01,146.9199981689453,149.6266632080078,144.80667114257812,149.3866729736328,152224500,TSLA,143.00332641601562,0.027388675851746,0.0167892379215186,0.044637748768495
2020-10-02,140.4633331298828,146.3766632080078,138.3333282470703,138.3633270263672,214290000,TSLA,149.3866729736328,-0.0597331720837306,-0.0149505643695198,-0.0737906918190171
2020-10-05,141.11666870117188,144.54666137695312,139.77667236328125,141.89332580566406,134168400,TSLA,138.3633270263672,0.0198993601410002,0.0055036524858507,0.0255125317897579
2020-10-06,141.26333618164062,142.92666625976562,135.35000610351562,137.9933319091797,147438900,TSLA,141.89332580566406,-0.0044398820060519,-0.0231482871695474,-0.0274853935119243
2020-10-07,139.9566650390625,143.3000030517578,137.9499969482422,141.76666259765625,129383100,TSLA,137.9933319091797,0.0142277391430405,0.0129325570746385,0.0273442972661894
2020-10-08,146.14666748046875,146.3333282470703,141.76666259765625,141.97332763671875,121263300,TSLA,141.76666259765625,0.0308958735612141,-0.0285558330935444,0.0014577830589765
2020-10-09,143.3766632080078,144.8633270263672,142.15333557128906,144.6666717529297,86777100,TSLA,141.97332763671875,0.0098845015091841,0.0089973397068835,0.0189707754339791
2020-10-12,147.3333282470703,149.5800018310547,146.19332885742188,147.43333435058594,116373300,TSLA,144.6666717529297,0.0184331087584215,0.0006787744816836,0.0191243951639483
2020-10-13,147.78334045410156,149.6300048828125,145.53334045410156,148.88333129882812,103391100,TSLA,147.43333435058594,0.0023739957117385,0.0074432668888561,0.0098349328842701
2020-10-14,149.92666625976562,155.3000030517578,149.11666870117188,153.76666259765625,143639100,TSLA,148.88333129882812,0.0070077351966513,0.0256124973207726,0.0327997181163728
2020-10-15,150.10333251953125,152.19000244140625,147.5,149.6266632080078,107017200,TSLA,153.76666259765625,-0.0238239551814324,-0.0031756077864654,-0.0269239074303192
2020-10-16,151.47999572753906,151.98333740234375,146.28334045410156,146.55667114257812,98327700,TSLA,149.6266632080078,0.0123863787362201,-0.0325014835214038,-0.0205176804695688
2020-10-19,148.74667358398438,149.0,142.9566650390625,143.61000061035156,108863400,TSLA,146.55667114257812,0.0149430416529841,-0.0345330275283942,-0.0201060143441705
2020-10-20,143.9166717529297,143.9166717529297,139.68333435058594,140.64666748046875,94968900,TSLA,143.61000061035156,0.0021354441979997,-0.0227215112233469,-0.0206345875446588
2020-10-21,140.89999389648438,144.31666564941406,140.4166717529297,140.8800048828125,97111500,TSLA,140.64666748046875,0.0018011547699898,-0.0001418666752147,0.0016590325709362
2020-10-22,147.30667114257812,148.41000366210938,141.50332641601562,141.92999267578125,119979600,TSLA,140.8800048828125,0.0456180155949843,-0.0364998979685909,0.007453064711647
2020-10-23,140.6133270263672,140.9633331298828,135.7933349609375,140.2100067138672,101151000,TSLA,141.92999267578125,-0.0092768668876197,-0.0028682936463367,-0.0121185517556048
2020-10-26,137.2100067138672,141.9199981689453,136.6666717529297,140.0933380126953,84717600,TSLA,140.2100067138672,-0.0213964756889444,0.0210140015869317,-0.0008320996760948
2020-10-27,141.25332641601562,143.5,140.03334045410156,141.55999755859375,68059500,TSLA,140.0933380126953,0.0082801111014656,0.0021710720048809,0.0104691598237565
2020-10-28,138.82666015625,139.53334045410156,135.3333282470703,135.33999633789062,76354200,TSLA,141.55999755859375,-0.0193086850062453,-0.0251152322935315,-0.0439389751905624
2020-10-29,136.65333557128906,139.35333251953125,135.48666381835938,136.94332885742188,67965900,TSLA,135.33999633789062,0.009703999327143,0.0021221090939381,0.0118467013663008
2020-10-30,135.63333129882812,135.8633270263672,126.37000274658205,129.34666442871094,127533900,TSLA,136.94332885742188,-0.009565983020302,-0.0463504568524263,-0.0554730521894949
2020-11-02,131.3333282470703,135.66000366210938,130.76666259765625,133.50332641601562,87063300,TSLA,129.34666442871094,0.0153592195603491,0.0165228293374474,0.0321358266613487
2020-11-03,136.57666015625,142.58999633789062,135.56333923339844,141.3000030517578,103055100,TSLA,133.50332641601562,0.0230206529136016,0.0345838219363695,0.0584006170111943
2020-11-04,143.5399932861328,145.13333129882812,139.03334045410156,140.32666015625,96429300,TSLA,141.3000030517578,0.0158527260155436,-0.0223863263214548,-0.0068884846035798
2020-11-05,142.76666259765625,146.6666717529297,141.3333282470703,146.02999877929688,85243500,TSLA,140.32666015625,0.0173880176346346,0.0228578305485597,0.0406433005438622
2020-11-06,145.36666870117188,145.52333068847656,141.42666625976562,143.31666564941406,65118000,TSLA,146.02999877929688,-0.0045424233628018,-0.0141022909176791,-0.0185806557047475
2020-11-09,146.5,150.8333282470703,140.3333282470703,140.4199981689453,104499000,TSLA,143.31666564941406,0.0222118923585141,-0.0415017189833084,-0.0202116583395449
2020-11-10,140.02999877929688,140.02999877929688,132.00999450683594,136.7866668701172,90852600,TSLA,140.4199981689453,-0.0027773778288987,-0.0231616934760639,-0.0258747425310226
2020-11-11,138.81666564941406,139.56666564941406,136.86000061035156,139.0433349609375,52073100,TSLA,136.7866668701172,0.0148406187952836,0.0016328681463643,0.0164977197153513
2020-11-12,138.35000610351562,141.0,136.5066680908203,137.25332641601562,59565300,TSLA,139.0433349609375,-0.004986422812835,-0.0079268495780148,-0.01287374576728
2020-11-13,136.9499969482422,137.50999450683594,133.8866729736328,136.1666717529297,59313300,TSLA,137.25332641601562,-0.0022099972051244,-0.0057197897975021,-0.0079171462831602
2020-11-16,136.30999755859375,137.48333740234375,134.69667053222656,136.02999877929688,80515800,TSLA,136.1666717529297,0.0010525762568693,-0.0020541323770218,-0.0010037182511209
2020-11-17,153.38999938964844,154.0,144.336669921875,147.20333862304688,183564900,TSLA,136.02999877929688,0.1276189132260263,-0.0403328821384627,0.0821387925017795
2020-11-18,149.4499969482422,165.3333282470703,147.8333282470703,162.2133331298828,234132000,TSLA,147.20333862304688,0.0152622783301707,0.085402050466825,0.1019677586611877
2020-11-19,164.0,169.5366668701172,162.52333068847656,166.42333984375,187425900,TSLA,162.2133331298828,0.0110143034215728,0.0147764624618902,0.0259535183245156
2020-11-20,165.99667358398438,167.5,163.02000427246094,163.20333862304688,98735700,TSLA,166.42333984375,-0.0025637405196062,-0.0168276562453177,-0.0193482550207578
2020-11-23,167.8333282470703,175.3333282470703,167.26333618164062,173.9499969482422,150780900,TSLA,163.20333862304688,0.0283694540999397,0.0364448990260588,0.0658482750160953
2020-11-24,180.13333129882812,186.663330078125,175.39999389648438,185.1266632080078,160945500,TSLA,173.9499969482422,0.0355466194829872,0.0277201996608618,0.0642521785331859
2020-11-25,183.35333251953125,191.3333282470703,181.7899932861328,191.3333282470703,146790600,TSLA,185.1266632080078,-0.0095790128647436,0.0435225017068561,0.0335265862383566
2020-11-27,193.72000122070312,199.5933380126953,192.8166656494141,195.2533264160156,112683300,TSLA,191.3333282470703,0.0124739008906533,0.0079151620155401,0.0204877958527087
2020-11-30,200.73666381835935,202.6000061035156,184.836669921875,189.1999969482422,189009300,TSLA,195.2533264160156,0.0280831958307368,-0.057471647932519,-0.0310024396453862
2020-12-01,199.19667053222656,199.2833404541016,190.68333435058597,194.9199981689453,120310500,TSLA,189.1999969482422,0.0528365419938092,-0.0214695976185473,0.0302325650790993
2020-12-02,185.47999572753903,190.51333618164065,180.40333557128903,189.60667419433597,143327100,TSLA,194.9199981689453,-0.0484301381596782,0.0222486443921357,-0.0272589986893191
2020-12-03,196.67333984375,199.6566619873047,194.1433258056641,197.7933349609375,127656000,TSLA,189.60667419433597,0.0372701313360475,0.0056946971972779,0.043177070645787
2020-12-04,197.0033264160156,199.67999267578125,195.1666717529297,199.67999267578125,88203900,TSLA,197.7933349609375,-0.0039941110506979,0.0135869089545892,0.0095385302806909
2020-12-07,201.63999938964844,216.26333618164065,201.01666259765625,213.9199981689453,168929100,TSLA,199.67999267578125,0.0098157391113773,0.0609006090878181,0.0713141326897253
2020-12-08,208.5033264160156,217.0933380126953,206.1666717529297,216.6266632080078,192795000,TSLA,213.9199981689453,-0.0253210162644627,0.0389602263504617,0.012652697560912
2020-12-09,217.89666748046875,218.10667419433597,196.0,201.4933319091797,213873600,TSLA,216.6266632080078,0.0058626406078252,-0.0752803416452405,-0.0698590426253157
2020-12-10,191.4566650390625,209.25,188.77999877929688,209.02333068847656,201249600,TSLA,201.4933319091797,-0.0498114095142417,0.0917526984282838,0.0373709576785941
2020-12-11,205.0033264160156,208.0,198.93333435058597,203.3300018310547,139425000,TSLA,209.02333068847656,-0.0192323232972124,-0.0081624265040716,-0.0272377673758681
2020-12-14,206.3333282470703,214.25,203.3999938964844,213.27667236328125,156121800,TSLA,203.3300018310547,0.0147706997932901,0.0336511031698027,0.0489188533057269
2020-12-15,214.4266662597656,215.63333129882807,207.93333435058597,211.0833282470703,135214500,TSLA,213.27667236328125,0.005392028503359,-0.0155919880256173,-0.0102840319661164
2020-12-16,209.41000366210935,210.8333282470703,201.6666717529297,207.58999633789065,126287400,TSLA,211.0833282470703,-0.0079273176089128,-0.0086911192989394,-0.0165495396447927
2020-12-17,209.39666748046875,219.60667419433597,206.5,218.63333129882807,168810300,TSLA,207.58999633789065,0.0087030742061262,0.0441108444059689,0.0531978185642552
2020-12-18,222.96665954589844,231.6666717529297,209.51333618164065,231.6666717529297,666378600,TSLA,218.63333129882807,0.0198200714471459,0.0390193413883043,0.059612778969587
2020-12-21,222.0800018310547,222.8333282470703,215.35667419433597,216.6199951171875,174135900,TSLA,231.6666717529297,-0.0413813081067573,-0.0245857648993574,-0.0649496818937741
2020-12-22,216.0,216.6266632080078,204.7433319091797,213.44667053222656,155148000,TSLA,216.6199951171875,-0.0028621324492786,-0.0118209697582103,-0.0146492690263622
2020-12-23,210.73333740234372,217.1666717529297,207.52333068847656,215.32666015625,99519000,TSLA,213.44667053222656,-0.012711995568341,0.0217968490914962,0.0088077720741002
2020-12-24,214.3300018310547,222.02999877929688,213.6666717529297,220.58999633789065,68596800,TSLA,215.32666015625,-0.0046285876745224,0.029207271279596,0.0244434951892225
2020-12-28,224.836669921875,227.13333129882807,220.26666259765625,221.22999572753903,96835800,TSLA,220.58999633789065,0.0192514332222006,-0.0160413076549708,0.0029013074041133
2020-12-29,220.3333282470703,223.3000030517578,218.3333282470703,221.9966735839844,68732400,TSLA,221.22999572753903,-0.004053100835264,0.0075492225808384,0.0034655239852263
2020-12-30,224.0,232.1999969482422,222.7866668701172,231.5933380126953,128538000,TSLA,221.9966735839844,0.0090241280811702,0.0338988304138183,0.0432288658824449
2020-12-31,233.3300018310547,239.5733337402344,230.3733367919922,235.22332763671875,148949700,TSLA,231.5933380126953,0.0074987641408932,0.008114369308731,0.0156739811912225
2021-01-04,239.82000732421875,248.163330078125,239.06333923339844,243.2566680908203,145914600,TSLA,235.22332763671875,0.0195417679601879,0.0143301670488044,0.0341519718082907
2021-01-05,241.22000122070312,246.94667053222656,239.73333740234372,245.0366668701172,96735600,TSLA,243.2566680908203,-0.0083725017122934,0.0158223432140771,0.0073173689061312
2021-01-06,252.8300018310547,258.0,249.6999969482422,251.9933319091797,134100000,TSLA,245.0366668701172,0.0318047705287649,-0.0033092193007777,0.0283903022674965
2021-01-07,259.2099914550781,272.3299865722656,258.3999938964844,272.0133361816406,154496700,TSLA,251.9933319091797,0.0286382956692654,0.0493937160936227,0.079446563608581
2021-01-08,285.3333435058594,294.8299865722656,279.4633178710937,293.3399963378906,225166500,TSLA,272.0133361816406,0.0489682142471283,0.0280606981772771,0.0784029947046744
2021-01-11,283.1333312988281,284.8099975585937,267.8733215332031,270.39666748046875,177904800,TSLA,293.3399963378906,-0.0347946586435001,-0.0449846853421743,-0.0782141172150082
2021-01-12,277.0,289.3333435058594,275.7799987792969,283.14666748046875,138812100,TSLA,270.39666748046875,0.0244209094034348,0.0221901353085514,0.0471529479960064
2021-01-13,284.2533264160156,286.8233337402344,277.3333435058594,284.8033447265625,99937500,TSLA,283.14666748046875,0.0039084300210709,0.0019349582201261,0.0058509508899942
2021-01-14,281.1300048828125,287.6666564941406,279.5833435058594,281.6666564941406,93798900,TSLA,284.8033447265625,-0.0128978114610162,0.0019089090527772,-0.0110135231572978
2021-01-15,284.0,286.6333312988281,273.0333251953125,275.3866577148437,116332800,TSLA,281.6666564941406,0.0082840600832989,-0.0303286700181558,-0.0222958544595338
2021-01-19,279.26666259765625,283.3333435058594,277.6666564941406,281.51666259765625,76101000,TSLA,275.3866577148437,0.0140892987155178,0.0080568155864762,0.0222596291834877
2021-01-20,286.2466735839844,286.5,279.09332275390625,283.4833374023437,76997700,TSLA,281.51666259765625,0.0168018864058794,-0.0096536883627046,0.0069859978679069
2021-01-21,285.0,285.239990234375,280.47332763671875,281.663330078125,61563300,TSLA,283.4833374023437,0.00535009433554,-0.0117076137609649,-0.0064201562634901
2021-01-22,278.10333251953125,282.6666564941406,276.2066650390625,282.2133178710937,60199500,TSLA,281.663330078125,-0.0126391943090579,0.0147786267583609,0.001952642514083
2021-01-25,285.0,300.1333312988281,279.6066589355469,293.6000061035156,123520200,TSLA,282.2133178710937,0.009874382080647,0.0301754600123355,0.0403478061146036
2021-01-26,297.1266784667969,298.6333312988281,290.5333251953125,294.36334228515625,69394800,TSLA,293.6000061035156,0.0120118266007045,-0.0093001954449183,0.0025999188207492
2021-01-27,290.1166687011719,297.1666564941406,286.2200012207031,288.0533447265625,82002000,TSLA,294.36334228515625,-0.0144266386942655,-0.0071120490382255,-0.0214360847706407
2021-01-28,273.3333435058594,282.6666564941406,267.0,278.4766540527344,79134000,TSLA,288.0533447265625,-0.0511016500595618,0.0188169891053366,-0.0332462401466606
2021-01-29,276.6666564941406,280.8033447265625,260.0333251953125,264.510009765625,104972400,TSLA,278.4766540527344,-0.0064996384158328,-0.0439396885861201,-0.0501537349140389
2021-02-01,271.42999267578125,280.6666564941406,265.1866760253906,279.9366760253906,76174200,TSLA,264.510009765625,0.0261615162174311,0.0313402482376753,0.0583216728676345
2021-02-02,281.5599975585937,293.5,280.7333374023437,290.92999267578125,73038600,TSLA,279.9366760253906,0.0057988883637951,0.0332788577867407,0.0392707265317158
2021-02-03,292.3399963378906,292.6933288574219,284.35333251953125,284.89666748046875,55030500,TSLA,290.92999267578125,0.0048465393655054,-0.025461205961085,-0.0207380653325632
2021-02-04,285.0,285.5,277.8066711425781,283.3299865722656,47438100,TSLA,284.89666748046875,0.0003627017488307,-0.0058596962376644,-0.0054991198109066
2021-02-05,281.6666564941406,288.25665283203125,279.6566772460937,284.07666015625,55699800,TSLA,283.3299865722656,-0.0058706460909697,0.0085562263283354,0.0026353496607176
2021-02-08,289.8900146484375,292.5899963378906,284.9166564941406,287.8066711425781,60485100,TSLA,284.07666015625,0.0204640342117159,-0.0071866687384383,0.0131302972383458
2021-02-09,285.0400085449219,286.6000061035156,280.5833435058594,283.1533203125,45473100,TSLA,287.8066711425781,-0.0096129203213836,-0.0066190295251992,-0.0161683216431521
2021-02-10,281.2133178710937,281.6066589355469,266.67333984375,268.2733459472656,108648300,TSLA,283.1533203125,-0.0068514204222122,-0.0460147905575358,-0.0525509443039983
2021-02-11,270.8133239746094,276.6266784667969,267.24334716796875,270.5533447265625,64868400,TSLA,268.2733459472656,0.0094678732185455,-0.0009599943024636,0.0084987898117356
2021-02-12,267.086669921875,272.4433288574219,261.77667236328125,272.0400085449219,71304900,TSLA,270.5533447265625,-0.012813276465649,0.0185458099593505,0.0054949009034128
2021-02-16,272.6666564941406,273.6666564941406,264.14666748046875,265.4066772460937,59406900,TSLA,272.0400085449219,0.0023035139300668,-0.026625841756353,-0.0243836608236717
2021-02-17,259.6966552734375,266.61334228515625,254.0033264160156,266.04998779296875,77989500,TSLA,265.4066772460937,-0.0215142363104969,0.0244644372213487,0.0024238672272682
2021-02-18,260.29998779296875,264.89666748046875,258.75665283203125,262.4599914550781,53871300,TSLA,266.04998779296875,-0.0216124798489916,0.0082981320146174,-0.0134936910453242
2021-02-19,265.0,265.5966796875,259.1233215332031,260.4333190917969,56874900,TSLA,262.4599914550781,0.0096776980401471,-0.0172327581441627,-0.0077218335337335
2021-02-22,254.2133331298828,256.1666564941406,236.73333740234372,238.1666717529297,111809100,TSLA,260.4333190917969,-0.0238832188738555,-0.0631228157051642,-0.0854984585555993
2021-02-23,220.7100067138672,237.8699951171875,206.3333282470703,232.94667053222656,199820700,TSLA,238.1666717529297,-0.0732960027974517,0.0554422701559844,-0.0219174294299173
2021-02-24,237.2833404541016,248.3333282470703,231.38999938964844,247.33999633789065,110301000,TSLA,232.94667053222656,0.0186165782578766,0.0423824776933058,0.0617880726639226
2021-02-25,242.0500030517578,245.73666381835935,223.52667236328125,227.4066619873047,117071700,TSLA,247.33999633789065,-0.0213875368499082,-0.0604971736411088,-0.0805908249604526
2021-02-26,233.3333282470703,235.5666656494141,219.836669921875,225.1666717529297,123267600,TSLA,227.4066619873047,0.0260619728902071,-0.0349999571663983,-0.0098501522110203
2021-03-01,230.0366668701172,239.6666717529297,228.3500061035156,239.47666931152344,81408600,TSLA,225.1666717529297,0.0216284012161942,0.0410369467174389,0.0635529114819255
2021-03-02,239.4266662597656,240.3699951171875,228.3333282470703,228.81333923339844,71196600,TSLA,239.47666931152344,-0.0002088013496327,-0.0443280909021732,-0.044527636486599
2021-03-03,229.3300018310547,233.5666656494141,217.23666381835935,217.73333740234372,90624000,TSLA,228.81333923339844,0.002258009080184,-0.0505675852968164,-0.0484237582833956
2021-03-04,218.6000061035156,222.8166656494141,200.0,207.14666748046875,197758500,TSLA,217.73333740234372,0.0039804134337517,-0.0523940453031061,-0.0486221818311275
2021-03-05,208.6866607666016,209.27999877929688,179.8300018310547,199.3166656494141,268189500,TSLA,207.14666748046875,0.0074343135946322,-0.0448998277262534,-0.037799313531283
2021-03-08,200.18333435058597,206.7100067138672,186.26333618164065,187.6666717529297,155361000,TSLA,199.3166656494141,0.0043481998775571,-0.0625259971728491,-0.0584496728285431
2021-03-09,202.72666931152344,226.02999877929688,198.40333557128903,224.52667236328125,202569900,TSLA,187.6666717529297,0.0802486526665791,0.1075339674143142,0.1964120760817838
2021-03-10,233.43333435058597,239.2833404541016,218.35333251953125,222.6866607666016,181817100,TSLA,224.52667236328125,0.0396686143947024,-0.04603744196981,-0.0081950691083265
2021-03-11,233.13333129882807,234.1666717529297,225.72666931152344,233.1999969482422,108761700,TSLA,222.6866607666016,0.0469119726177749,0.0002859550328674,0.0472113423653142
2021-03-12,223.3333282470703,231.6266632080078,222.04666137695312,231.2433319091797,100751400,TSLA,233.1999969482422,-0.0423099006444744,0.0354179276518847,-0.008390501992574
2021-03-15,231.3633270263672,237.72666931152344,228.01333618164065,235.97999572753903,88006800,TSLA,231.2433319091797,0.0005189127668971,0.0199541939533301,0.0204834612062227
2021-03-16,234.4499969482422,235.97332763671875,223.6666717529297,225.6266632080078,96587100,TSLA,235.97999572753903,-0.006483595249588,-0.0376341815102784,-0.0438737719594043
2021-03-17,218.9566650390625,234.57666015625,217.0033264160156,233.9366607666016,121117500,TSLA,225.6266632080078,-0.0295621008355566,0.0684153447663563,0.0368307426101173
2021-03-18,228.0966644287109,229.7433319091797,217.3333282470703,217.72000122070312,99674400,TSLA,233.9366607666016,-0.0249640065766227,-0.0454923934727284,-0.0693207276395116
2021-03-19,215.5333404541016,219.07666015625,208.2066650390625,218.2899932861328,128682000,TSLA,217.72000122070312,-0.0100434537678738,0.0127899137378158,0.0026180050626212
2021-03-22,228.19667053222656,233.2066650390625,222.9166717529297,223.3333282470703,118536600,TSLA,218.2899932861328,0.0453831029858897,-0.0213120650437773,0.0231038302993886
2021-03-23,225.2566680908203,225.93333435058597,219.1699981689453,220.72000122070312,91475700,TSLA,223.3333282470703,0.0086119696457585,-0.0201399892334732,-0.0117014645636592
2021-03-24,222.6366729736328,222.67333984375,210.0366668701172,210.08999633789065,101385600,TSLA,220.72000122070312,0.0086837248202675,-0.0563549412958938,-0.0481605872781022
2021-03-25,204.3333282470703,215.1666717529297,203.1666717529297,213.4633331298828,117674700,TSLA,210.08999633789065,-0.0274009624026161,0.0446819173413204,0.0160566274015578
2021-03-26,213.9566650390625,214.60667419433597,199.9633331298828,206.23666381835935,101558400,TSLA,213.4633331298828,0.0023110850090564,-0.0360820786737055,-0.0338543824157675
2021-03-29,205.2133331298828,205.4933319091797,198.67333984375,203.76333618164065,85911000,TSLA,206.23666381835935,-0.0049619241774481,-0.0070658028215177,-0.0119926670211126
2021-03-30,200.5833282470703,212.55332946777344,197.0033264160156,211.8733367919922,118297200,TSLA,203.76333618164065,-0.0156063794113361,0.0562858770147402,0.0398010788512124
2021-03-31,215.5399932861328,224.0,213.70333862304688,222.6433258056641,100011900,TSLA,211.8733367919922,0.0173058892150284,0.0329559837653955,0.0508322055844401
2021-04-01,229.4566650390625,230.80667114257807,219.80667114257807,220.5833282470703,105895200,TSLA,222.6433258056641,0.0306020367273236,-0.0386710788744428,-0.0092524559231199
2021-04-05,235.90333557128903,236.05332946777344,228.23333740234372,230.3500061035156,125528400,TSLA,220.5833282470703,0.0694522448544214,-0.0235406992204026,0.0442765912277189
2021-04-06,230.1000061035156,232.18333435058597,227.1233367919922,230.5399932861328,84815400,TSLA,230.3500061035156,-0.0010853049419398,0.0019121563274502,0.0008247761127986
2021-04-07,229.0,230.4600067138672,222.6133270263672,223.6566619873047,78928200,TSLA,230.5399932861328,-0.0066799398411601,-0.0233333537672284,-0.0298574282089308
2021-04-08,225.7933349609375,229.8500061035156,223.88333129882807,227.93333435058597,71772900,TSLA,223.6566619873047,0.0095533616331719,0.00947769069454,0.0191215961343642
2021-04-09,225.92333984375,226.9900054931641,223.1433258056641,225.67333984375,64311300,TSLA,227.93333435058597,-0.0088183438046158,-0.0011065700435063,-0.0099151557330346
2021-04-12,228.5666656494141,234.93333435058597,227.3633270263672,233.9933319091797,87407100,TSLA,225.67333984375,0.0128208578278112,0.023742159620464,0.0368674123012944
2021-04-13,237.5666656494141,254.3333282470703,236.8866729736328,254.10667419433597,133958400,TSLA,233.9933319091797,0.0152710921763414,0.0696225983544786,0.0859569036478478
2021-04-14,256.8999938964844,260.2633361816406,242.6766662597656,244.07666015625,147052200,TSLA,254.10667419433597,0.0109927049771709,-0.0499156638571249,-0.0394716670464749
2021-04-15,247.6999969482422,247.89666748046875,240.4366607666016,246.2833404541016,83546700,TSLA,244.07666015625,0.0148450769101504,-0.0057192430827386,0.0090409312239807
2021-04-16,242.88333129882807,249.80332946777344,241.5333404541016,246.5933380126953,83938500,TSLA,246.2833404541016,-0.013805274644255,0.015274851073673,0.0012587029151958
2021-04-19,239.86666870117188,241.8000030517578,230.6000061035156,238.2100067138672,119058600,TSLA,246.5933380126953,-0.0272783902668819,-0.0069065952192322,-0.0339965846863086
2021-04-20,239.13999938964844,245.75,236.89666748046875,239.663330078125,106827000,TSLA,238.2100067138672,0.0039040873580862,0.0021883862583099,0.0061010172675219
2021-04-21,234.92333984375,248.27999877929688,232.6666717529297,248.0399932861328,93646500,TSLA,239.663330078125,-0.0197777033008339,0.0558337602858312,0.0349517934398941
2021-04-22,247.1666717529297,251.2566680908203,239.3466644287109,239.89666748046875,106770900,TSLA,248.0399932861328,-0.0035208900050068,-0.0294133679953748,-0.0328306967669932
2021-04-23,239.93333435058597,245.7866668701172,238.48666381835935,243.13333129882807,85110000,TSLA,239.89666748046875,0.0001528444329896,0.0133370252903934,0.0134919082134514
2021-04-26,247.0,249.76666259765625,244.20333862304688,246.0666656494141,93115500,TSLA,243.13333129882807,0.0159034908151669,-0.0037786815813195,0.0120647150060255
2021-04-27,239.32000732421875,241.3333282470703,234.4499969482422,234.913330078125,88311000,TSLA,246.0666656494141,-0.0274180101046587,-0.0184133257196662,-0.0453264790736828
2021-04-28,232.1366729736328,236.1666717529297,231.1999969482422,231.46665954589844,66813000,TSLA,234.913330078125,-0.0118199214304643,-0.0028862885779812,-0.0146720943042283
2021-04-29,233.1699981689453,234.0833282470703,222.8333282470703,225.6666717529297,86536200,TSLA,231.46665954589844,0.0073588940471538,-0.0321796392114693,-0.0250575517197484
2021-04-30,222.52999877929688,238.4900054931641,222.04666137695312,236.47999572753903,122276100,TSLA,225.6666717529297,-0.0138995845034085,0.0626881635049918,0.047917239575582
2021-05-03,234.6000061035156,235.3333282470703,226.8333282470703,228.3000030517578,81129300,TSLA,236.47999572753903,-0.0079498886078697,-0.0268542322585361,-0.0345906327113006
2021-05-04,226.31333923339844,227.8166656494141,219.23333740234372,224.5333404541016,89217900,TSLA,228.3000030517578,-0.0087019876995313,-0.0078651960389358,-0.016498740899282
2021-05-05,227.0200042724609,228.43333435058597,222.44667053222656,223.64666748046875,65705700,TSLA,224.5333404541016,0.011074808816055,-0.014859205041436,-0.0039489590803735
2021-05-06,226.9199981689453,227.0066680908203,216.6666717529297,221.17999267578125,83353800,TSLA,223.64666748046875,0.0146361701936041,-0.0252952826523933,-0.0110293385207849
2021-05-07,221.93333435058597,230.0,220.0733337402344,224.1233367919922,70407600,TSLA,221.17999267578125,0.0034060118444301,0.0098678391320283,0.0133074609534211
2021-05-10,221.63333129882807,221.68333435058597,209.20333862304688,209.67999267578125,94177200,TSLA,224.1233367919922,-0.0111099786787264,-0.0539329466059876,-0.0644437313978407
2021-05-11,199.7466735839844,209.0333404541016,198.5333404541016,205.73333740234372,139511700,TSLA,209.67999267578125,-0.047373709646949,0.0299712816786521,-0.0188222787642883
2021-05-12,200.8300018310547,206.80332946777344,195.58999633789065,196.6300048828125,101470800,TSLA,205.73333740234372,-0.0238334517545876,-0.0209131947913607,-0.0442482129268542
2021-05-13,200.51333618164065,202.15333557128903,186.5500030517578,190.56333923339844,132554700,TSLA,196.6300048828125,0.0197494339744461,-0.0496226193116088,-0.0308532039808964
2021-05-14,194.47000122070312,197.6233367919922,190.15333557128903,196.5800018310547,100112700,TSLA,190.56333923339844,0.0205005957757691,0.0108500056415227,0.0315730329971135
2021-05-17,191.8500061035156,196.57666015625,187.0666656494141,192.27667236328125,97171200,TSLA,196.5800018310547,-0.0240614288507542,0.0022239574990443,-0.0218909829468402
2021-05-18,189.3333282470703,198.75,187.7933349609375,192.6233367919922,110491800,TSLA,192.27667236328125,-0.0153078586186985,0.0173768061618215,0.0018029458511532
2021-05-19,184.18333435058597,188.73666381835935,182.32666015625,187.82000732421875,118735200,TSLA,192.6233367919922,-0.0438160950898713,0.0197448536071702,-0.0249363838658884
2021-05-20,191.6666717529297,196.2833404541016,190.35667419433597,195.5933380126953,92463300,TSLA,187.82000732421875,0.0204805892807296,0.0204869538551143,0.0413871280233637
2021-05-21,198.70333862304688,198.8933258056641,193.3333282470703,193.6266632080078,78091800,TSLA,195.5933380126953,0.0159003401749282,-0.0255490192073211,-0.0100549171289251
2021-05-24,193.86666870117188,204.82666015625,191.21665954589844,202.14666748046875,103674300,TSLA,193.6266632080078,0.0012395270836549,0.0427097594174878,0.0440022264046771
2021-05-25,202.4366607666016,204.663330078125,198.57000732421875,201.56333923339844,84017700,TSLA,202.14666748046875,0.0014345687205594,-0.0043140483047683,-0.0028856683829658
2021-05-26,202.5200042724609,208.72332763671875,200.5,206.3766632080078,85917900,TSLA,201.56333923339844,0.0047462253934715,0.0190433480850529,0.0238799575007826
2021-05-27,206.7466735839844,210.3766632080078,205.40333557128903,210.2833404541016,79111800,TSLA,206.3766632080078,0.0017928886446023,0.0171062818511589,0.0189298401542434
2021-05-28,209.5,211.8633270263672,207.4600067138672,208.4066619873047,68211000,TSLA,210.2833404541016,-0.0037251664939788,-0.0052187971966363,-0.0089245228021593
2021-06-01,209.26666259765625,211.26666259765625,206.8500061035156,207.96665954589844,54254700,TSLA,208.4066619873047,0.0041265504766059,-0.0062121841846221,-0.0021112685996239
2021-06-02,206.7100067138672,207.7866668701172,199.7133331298828,201.7066650390625,69908400,TSLA,207.96665954589844,-0.0060425687212324,-0.024204641828155,-0.0301009523377681
2021-06-03,200.6000061035156,201.51666259765625,190.4066619873047,190.94667053222656,90335700,TSLA,201.7066650390625,-0.0054864767871332,-0.0481223094594905,-0.0533447643128309
2021-06-04,193.23666381835935,200.20333862304688,192.3999938964844,199.68333435058597,72110700,TSLA,190.94667053222656,0.0119928421886064,0.0333615288364032,0.0457544705755152
2021-06-07,197.27667236328125,203.3333282470703,194.2933349609375,201.7100067138672,67631100,TSLA,199.68333435058597,-0.0120523928305368,0.0224726740241341,0.0101494316983059
2021-06-08,207.6699981689453,207.69667053222656,198.5,201.19667053222656,78160200,TSLA,201.7100067138672,0.0295473266407282,-0.0311712221013866,-0.0025449217418787
2021-06-09,200.72332763671875,203.92999267578125,199.2100067138672,199.5933380126953,49753800,TSLA,201.19667053222656,-0.0023526378158031,-0.0056295879374247,-0.007968981371759
2021-06-10,201.2933349609375,205.52999877929688,200.1666717529297,203.3733367919922,71758800,TSLA,199.5933380126953,0.0085173030581513,0.0103331877901388,0.0189385017402556
2021-06-11,203.41000366210935,204.1866607666016,200.5066680908203,203.29666137695312,48615900,TSLA,203.3733367919922,0.0001802933988082,-0.0005572109685643,-0.0003770180312155
2021-06-14,204.07666015625,208.4966735839844,203.05999755859372,205.89666748046875,61272000,TSLA,203.29666137695312,0.0038367515433546,0.0089182531840009,0.0127892218490233
2021-06-15,205.56333923339844,205.5966644287109,199.41000366210935,199.7866668701172,53292300,TSLA,205.89666748046875,-0.0016189103551271,-0.0281016663030676,-0.0296750825796204
2021-06-16,199.17999267578125,202.8333282470703,197.8333282470703,201.6233367919922,66432300,TSLA,199.7866668701172,-0.0030366100192779,0.0122670157950459,0.009193155632698
2021-06-17,200.6300048828125,207.1566619873047,200.44667053222656,205.5333404541016,68104200,TSLA,201.6233367919922,-0.0049266713118852,0.024439692229251,0.0193926145867886
2021-06-18,204.4566650390625,209.4499969482422,203.93333435058597,207.7700042724609,73682700,TSLA,205.5333404541016,-0.0052384465345636,0.0162055819151965,0.0108822433062087
2021-06-21,208.16000366210935,210.4633331298828,202.9600067138672,206.94332885742188,74438100,TSLA,207.7700042724609,0.0018770726362262,-0.0058449019181534,-0.0039788005873793
2021-06-22,206.0833282470703,209.52333068847656,205.1666717529297,207.90333557128903,57476700,TSLA,206.94332885742188,-0.0041557300498634,0.0088314146500815,0.004638983624974
2021-06-23,210.6666717529297,219.0666656494141,210.01333618164065,218.85667419433597,93297600,TSLA,207.90333557128903,0.0132914470758602,0.0388765929288117,0.052684766182075
2021-06-24,224.9966735839844,232.5399932861328,222.5366668701172,226.60667419433597,137947200,TSLA,218.85667419433597,0.0280548875754018,0.0071556640580759,0.0354113029841545
2021-06-25,229.8600006103516,231.2700042724609,222.8999938964844,223.9566650390625,97490100,TSLA,226.60667419433597,0.014356710487819,-0.0256823090386053,-0.0116943120263122
2021-06-28,223.8800048828125,231.5666656494141,223.44000244140625,229.5733337402344,64884600,TSLA,223.9566650390625,-0.0003422990614574,0.0254302694892381,0.0250792656704019
2021-06-29,228.21665954589844,229.1699981689453,225.29666137695312,226.9199981689453,52143900,TSLA,229.5733337402344,-0.0059095460793849,-0.0056817121919723,-0.0115576819313489
2021-06-30,226.58999633789065,230.9366607666016,226.04666137695312,226.5666656494141,56774700,TSLA,226.9199981689453,-0.0014542650877733,-0.0001029643358207,-0.0015570796861552
2021-07-01,227.97332763671875,229.3300018310547,224.26666259765625,225.97332763671875,55903500,TSLA,226.5666656494141,0.0062086008251598,-0.0087729561204942,-0.0026188230779431
2021-07-02,226.32666015625,233.3333282470703,224.4199981689453,226.3000030517578,81163500,TSLA,225.97332763671875,0.0015636027633283,-0.0001177815484653,0.0014456370513082
2021-07-06,227.23666381835935,228.0,217.13333129882807,219.8600006103516,69853500,TSLA,226.3000030517578,0.0041390223330546,-0.032462469233857,-0.0284578097859474
2021-07-07,221.42333984375,221.8999938964844,212.77333068847656,214.88333129882807,56376000,TSLA,219.8600006103516,0.0071106123399367,-0.0295362202988036,-0.0226356285713987
2021-07-08,209.4566650390625,218.1433258056641,206.82000732421875,217.60333251953125,68319900,TSLA,214.88333129882807,-0.0252540121514545,0.0388942862188197,0.0126580372905731
2021-07-09,217.72666931152344,219.6366729736328,214.89666748046875,218.98333740234372,54421500,TSLA,217.60333251953125,0.0005667964298345,0.0057717692315509,0.0063418370795798
2021-07-12,220.73333740234372,229.0800018310547,220.72000122070312,228.5666656494141,77781000,TSLA,218.98333740234372,0.0079914756106975,0.0354877443491557,0.0437628194032984
2021-07-13,228.77333068847656,231.0933380126953,222.1000061035156,222.8466644287109,62898300,TSLA,228.5666656494141,0.000904178386972,-0.0259062813044237,-0.0250255268170938
2021-07-14,223.5833282470703,226.20333862304688,217.6133270263672,217.7933349609375,64923600,TSLA,222.8466644287109,0.0033056982039552,-0.0258963552046894,-0.0226762625356234
2021-07-15,219.4633331298828,222.04666137695312,212.6266632080078,216.86666870117188,60628800,TSLA,217.7933349609375,0.0076678111809291,-0.0118318827645535,-0.0042547962265779
2021-07-16,218.22666931152344,218.8999938964844,214.0666656494141,214.7400054931641,49113000,TSLA,216.86666870117188,0.0062711370931121,-0.0159772580929697,-0.0098063165757307
2021-07-19,209.9633331298828,215.73333740234372,207.0966644287109,215.4066619873047,63891300,TSLA,214.7400054931641,-0.0222439798877313,0.025925140243676,0.0031044820577776
2021-07-20,217.3300018310547,220.79666137695312,213.5,220.1666717529297,46461300,TSLA,215.4066619873047,0.00892887817863,0.0130523622968546,0.0220977834283766
2021-07-21,219.8699951171875,221.6199951171875,216.76333618164065,218.42999267578125,41859900,TSLA,220.1666717529297,-0.0013475092909389,-0.0065493358502088,-0.0078880198502402
2021-07-22,218.81333923339844,220.72332763671875,214.86666870117188,216.4199981689453,45317100,TSLA,218.42999267578125,0.0017550087921589,-0.0109378206686944,-0.0092020078479763
2021-07-23,215.45333862304688,216.26666259765625,212.43333435058597,214.4600067138672,43814700,TSLA,216.4199981689453,-0.0044665906758941,-0.0046104270907474,-0.0090564248759862
2021-07-26,216.9900054931641,222.73333740234372,215.70333862304688,219.2066650390625,76009800,TSLA,214.4600067138672,0.011797065653702,0.0102154914502192,0.0221330699272443
2021-07-27,221.13333129882807,222.1666717529297,209.0800018310547,214.9266662597656,98439900,TSLA,219.2066650390625,0.0087892686083348,-0.0280675237993639,-0.0195249481968724
2021-07-28,215.6666717529297,218.3233337402344,213.13333129882807,215.66000366210935,48019800,TSLA,214.9266662597656,0.003443060398423,-3.091850384723118e-05,0.0034120354402995
2021-07-29,216.5966644287109,227.89666748046875,216.26666259765625,225.7833404541016,91183800,TSLA,215.66000366210935,0.0043432289283882,0.0424137465349299,0.0469411880742298
2021-07-30,223.9199981689453,232.50999450683597,223.0,229.0666656494141,88969200,TSLA,225.7833404541016,-0.0082527890738468,0.0229844030124796,0.0145419285085826
2021-08-02,233.3333282470703,242.31333923339844,232.8000030517578,236.55667114257807,100847400,TSLA,229.0666656494141,0.0186262919816817,0.0138143269961619,0.0326979286660045
2021-08-03,239.6666717529297,240.88333129882807,233.6699981689453,236.5800018310547,64860900,TSLA,236.55667114257807,0.013146957958658,-0.0128790119180902,9.862621233169833e-05
2021-08-04,237.0,241.63333129882807,236.30999755859372,236.97332763671875,51007800,TSLA,236.5800018310547,0.0017752902430241,-0.0001125416172204,0.0016625488317687
2021-08-05,238.6666717529297,240.3166656494141,237.1366729736328,238.2100067138672,38758800,TSLA,236.97332763671875,0.0071457160731895,-0.0019134009608817,0.0052186424923073
2021-08-06,237.3000030517578,238.77667236328125,232.5433349609375,233.0333404541016,46869000,TSLA,238.2100067138672,-0.0038201739492935,-0.017980035999939,-0.0217315230840983
2021-08-09,236.72332763671875,239.6766662597656,235.0433349609375,237.9199981689453,44145900,TSLA,233.0333404541016,0.0158345890567703,0.0050551440965843,0.020969779282747
2021-08-10,237.9966735839844,238.8633270263672,233.9600067138672,236.663330078125,40296900,TSLA,237.9199981689453,0.0003222739392618,-0.0056023619396884,-0.0052818934956782
2021-08-11,237.57000732421875,238.3933258056641,234.73666381835935,235.94000244140625,29401800,TSLA,236.663330078125,0.0038310846289302,-0.0068611560069027,-0.0030563570472872
2021-08-12,235.44667053222656,240.93333435058597,233.13333129882807,240.75,52377300,TSLA,235.94000244140625,-0.0020909210141345,0.0225245464537055,0.020386528392057
2021-08-13,241.23666381835935,243.3000030517578,238.1133270263672,239.05667114257807,50194500,TSLA,240.75,0.0020214488820742,-0.0090367386170731,-0.0070335570401739
2021-08-16,235.02333068847656,236.5,225.46665954589844,228.72332763671875,68032200,TSLA,239.05667114257807,-0.0168719008544044,-0.0268058623512083,-0.0432254973537064
2021-08-17,224.22000122070312,224.8600006103516,216.27999877929688,221.90333557128903,71163900,TSLA,228.72332763671875,-0.019688968600388,-0.0103321096994096,-0.0298176497163502
2021-08-18,223.25,231.92333984375,223.11666870117188,229.663330078125,61048200,TSLA,221.90333557128903,0.0060686984503588,0.0287271224104143,0.0349701571040286
2021-08-19,226.07000732421875,228.8500061035156,222.52999877929688,224.4900054931641,42940500,TSLA,229.663330078125,-0.015646044811263,-0.0069889935854636,-0.0225256882899029
2021-08-20,227.61666870117188,230.7100067138672,224.5666656494141,226.7533264160156,44525700,TSLA,224.4900054931641,0.0139278503786353,-0.0037929659988552,0.0100820565168566
2021-08-23,228.47999572753903,237.3766632080078,226.9166717529297,235.43333435058597,60794700,TSLA,226.7533264160156,0.0076147474386134,0.0304330302567875,0.038279517534598
2021-08-24,236.8933258056641,238.4066619873047,234.2133331298828,236.163330078125,39249300,TSLA,235.43333435058597,0.0062012945579916,-0.0030815377556812,0.0031006472789958
2021-08-25,235.6766662597656,238.9900054931641,234.6666717529297,237.0666656494141,37936800,TSLA,236.163330078125,-0.0020607086553123,0.0058979084001314,0.0038250458739306
2021-08-26,236.10333251953125,238.46665954589844,232.5399932861328,233.72000122070312,39642900,TSLA,237.0666656494141,-0.0040635537149176,-0.010094441587905,-0.014116975997208
2021-08-27,235.0,238.3333282470703,234.0333404541016,237.30667114257807,41501400,TSLA,233.72000122070312,0.0054766334614562,0.0098156218833111,0.0153460119080184
2021-08-30,238.2400054931641,243.6666717529297,237.57666015625,243.6366729736328,55812600,TSLA,237.30667114257807,0.0039330303951934,0.0226522303393062,0.0266743526449431
2021-08-31,244.3333282470703,246.79666137695312,242.14666748046875,245.2400054931641,62566200,TSLA,243.6366729736328,0.0028594023425729,0.0037108210025973,0.006580834075438
2021-09-01,244.69332885742188,247.3300018310547,243.7566680908203,244.69667053222656,39612900,TSLA,245.2400054931641,-0.0022291495004774,1.3656583202701983e-05,-0.0022155233598404
2021-09-02,244.8333282470703,246.9900054931641,243.51333618164065,244.1300048828125,38331900,TSLA,244.69667053222656,0.0005584780313787,-0.0028726618605946,-0.0023157881477566
2021-09-03,244.0833282470703,244.6666717529297,241.3999938964844,244.52333068847656,45738300,TSLA,244.1300048828125,-0.0001911958170179,0.0018026730648349,0.0016111325842673
2021-09-07,246.6666717529297,253.3999938964844,246.4199981689453,250.97332763671875,60119400,TSLA,244.52333068847656,0.008765384711628,0.0174594153850779,0.0263778385893962
2021-09-08,253.8600006103516,254.8166656494141,246.92333984375,251.2899932861328,56379000,TSLA,250.97332763671875,0.0115019113816399,-0.0101237190500264,0.0012617502122473
2021-09-09,251.1366729736328,254.0333404541016,250.5433349609375,251.6199951171875,42233100,TSLA,251.2899932861328,-0.0006101329802075,0.0019245382915677,0.0013132310870769
2021-09-10,253.1999969482422,254.20333862304688,244.83999633789065,245.42333984375,45552600,TSLA,251.6199951171875,0.0062793174696582,-0.0307134960435321,-0.0246270383661343
2021-09-13,246.73666381835935,248.25999450683597,236.2833404541016,247.6666717529297,68857500,TSLA,245.42333984375,0.0053512594826781,0.0037692328338157,0.0091406624594381
2021-09-14,247.52333068847656,251.4900054931641,245.46665954589844,248.163330078125,55574700,TSLA,247.6666717529297,-0.0005787660626219,0.0025856123859852,0.0020053498586631
2021-09-15,248.3333282470703,252.2866668701172,246.1199951171875,251.94332885742188,46073100,TSLA,248.163330078125,0.0006850253375136,0.0145369155072086,0.015231899000174
2021-09-16,250.94332885742188,252.97000122070312,249.20333862304688,252.3300018310547,41770200,TSLA,251.94332885742188,-0.0039691465717114,0.0055258411528472,0.0015347617076681
2021-09-17,252.38333129882807,253.67999267578125,250.0,253.163330078125,84612600,TSLA,252.3300018310547,0.0002113481052052,0.0030905320699382,0.0033025333532406
2021-09-20,244.85333251953125,247.3333282470703,239.5399932861328,243.38999938964844,74273100,TSLA,253.163330078125,-0.0328246494309792,-0.0059763659935732,-0.0386048433059422
2021-09-21,244.92999267578125,248.2466735839844,243.47999572753903,246.4600067138672,48992100,TSLA,243.38999938964844,0.0063272660750017,0.0062467402271605,0.0126135310896808
2021-09-22,247.8433380126953,251.22332763671875,246.3733367919922,250.64666748046875,45378900,TSLA,246.4600067138672,0.0056128023255073,0.011310892962674,0.0169871810945057
2021-09-23,251.6666717529297,252.73333740234372,249.30667114257807,251.2133331298828,35842500,TSLA,250.64666748046875,0.0040694906607541,-0.0018013454856348,0.0022608146164888
2021-09-24,248.6300048828125,258.26666259765625,248.1866607666016,258.1300048828125,64119000,TSLA,251.2133331298828,-0.0102834042082259,0.0382093866927994,0.0275330599166629
2021-09-27,257.7066650390625,266.3333435058594,256.4366760253906,263.78668212890625,84212100,TSLA,258.1300048828125,-0.0016400257069772,0.023592781695895,0.0219140632204373
2021-09-28,262.3999938964844,265.2133178710937,255.3933258056641,259.1866760253906,76144200,TSLA,263.78668212890625,-0.005256854596413,-0.012245876317975,-0.0174383561231787
2021-09-29,259.9333190917969,264.5,256.8933410644531,260.4366760253906,62828700,TSLA,259.1866760253906,0.0028807154667669,0.0019364848467771,0.0048227787753933
2021-09-30,260.3333435058594,263.0433349609375,258.3333435058594,258.49334716796875,53868000,TSLA,260.4366760253906,-0.0003967663890824,-0.0070678473725714,-0.0074618094773734
2021-10-01,259.4666748046875,260.260009765625,254.52999877929688,258.4066772460937,51094200,TSLA,258.49334716796875,0.0037653875714112,-0.0040852936485645,-0.0003352887910832
2021-10-04,265.5,268.989990234375,258.7066650390625,260.510009765625,91449900,TSLA,258.4066772460937,0.0274502301159613,-0.018794690148305,0.0081396213981272
2021-10-05,261.6000061035156,265.7699890136719,258.0666809082031,260.1966552734375,55297800,TSLA,260.510009765625,0.0041840862041011,-0.005364490815504,-0.001202850103416
2021-10-06,258.7333374023437,262.2200012207031,257.739990234375,260.9166564941406,43898400,TSLA,260.1966552734375,-0.0056238919349519,0.0084384915902881,0.0027671424905384
2021-10-07,261.82000732421875,268.3333435058594,261.1266784667969,264.53668212890625,57587400,TSLA,260.9166564941406,0.0034622198606106,0.0103761161434976,0.0138742603994963
2021-10-08,265.4033203125,265.4599914550781,260.3033447265625,261.8299865722656,50215800,TSLA,264.53668212890625,0.003276060532019,-0.013463786873604,-0.0102318345223733
2021-10-11,262.54998779296875,267.0799865722656,261.8333435058594,263.9800109863281,42600900,TSLA,261.8299865722656,0.002749880676881,0.0054466701955705,0.0082115285655759
2021-10-12,266.9766540527344,270.7733459472656,265.5233459472656,268.5733337402344,66060000,TSLA,263.9800109863281,0.011351780217031,0.0059805966673948,0.0174002673033608
2021-10-13,270.1566772460937,271.8033447265625,268.59332275390625,270.3599853515625,42360300,TSLA,268.5733337402344,0.0058953861271677,0.0007525562852683,0.00665237902232
2021-10-14,271.8299865722656,273.4166564941406,271.1166687011719,272.7733459472656,36741600,TSLA,270.3599853515625,0.005437199661006,0.0034704021690013,0.0089264710995042
2021-10-15,274.5799865722656,281.07000732421875,274.1166687011719,281.010009765625,56773800,TSLA,272.7733459472656,0.0066232300620356,0.0234176688316906,0.0301959995019152
2021-10-18,283.92999267578125,291.7533264160156,283.8233337402344,290.03668212890625,72621600,TSLA,281.010009765625,0.010391028108186,0.0215077294074325,0.0321222449364344
2021-10-19,292.510009765625,292.6499938964844,287.5033264160156,288.0899963378906,52143300,TSLA,290.03668212890625,0.0085276373269898,-0.0151106399103262,-0.0067118606402704
2021-10-20,288.45001220703125,289.8299865722656,285.7933349609375,288.6000061035156,42096300,TSLA,288.0899963378906,0.0012496645968864,0.0005199996191254,0.0017703140411262
2021-10-21,285.3333435058594,300.0,285.1666564941406,298.0,94444500,TSLA,288.6000061035156,-0.0113189969804939,0.0443924861304564,0.0325710107334951
2021-10-22,298.5,303.3333435058594,296.9866638183594,303.2266540527344,68642400,TSLA,298.0,0.0016778523489933,0.0158346869438337,0.0175391075595112
2021-10-25,316.84332275390625,348.3399963378906,314.7333374023437,341.6199951171875,188556300,TSLA,303.2266540527344,0.0449059095537287,0.0781984993337713,0.1266159836258198
2021-10-26,341.5633239746094,364.9800109863281,333.8133239746094,339.4766540527344,187245000,TSLA,341.6199951171875,-0.000165889419203,-0.0061091744207001,-0.0062740503925067
2021-10-27,346.5533447265625,356.9599914550781,343.59332275390625,345.9533386230469,115579500,TSLA,339.4766540527344,0.0208458831832625,-0.0017313527993476,0.0190784388057105
2021-10-28,356.10333251953125,360.3333435058594,351.3999938964844,359.0133361816406,81639600,TSLA,345.9533386230469,0.0293391991442635,0.0081717956457196,0.0377507487297992
2021-10-29,360.6199951171875,371.7366638183594,357.7366638183594,371.3333435058594,89755200,TSLA,359.0133361816406,0.0044752068339155,0.0297081374680581,0.0343162943617936
2021-11-01,381.6666564941406,403.25,372.88665771484375,402.86334228515625,168146100,TSLA,371.3333435058594,0.0278275925633868,0.0555371694916216,0.0849102277797451
2021-11-02,386.4533386230469,402.86334228515625,382.0,390.6666564941406,128213400,TSLA,402.86334228515625,-0.0407334248110714,0.0109025267736229,-0.0302749952920325
2021-11-03,392.4433288574219,405.1300048828125,384.2066650390625,404.6199951171875,103885500,TSLA,390.6666564941406,0.0045477962701634,0.0310278334841806,0.0357167380197345
2021-11-04,411.4700012207031,414.4966735839844,405.6666564941406,409.9700012207031,76192200,TSLA,404.6199951171875,0.0169294799717738,-0.003645466244319,0.0132222978796836
2021-11-05,409.3333435058594,413.2900085449219,402.6666564941406,407.36334228515625,64886400,TSLA,409.9700012207031,-0.0015529373196772,-0.0048127064456329,-0.006358169933862
2021-11-08,383.2633361816406,399.0,377.6666564941406,387.6466674804688,100337100,TSLA,407.36334228515625,-0.0591609592761184,0.0114368656874361,-0.0484007095338631
2021-11-09,391.2000122070313,391.5,337.17333984375,341.1666564941406,177317400,TSLA,387.6466674804688,0.0091664524027967,-0.1278971220645359,-0.1199030325435984
2021-11-10,336.8033447265625,359.3666687011719,329.10333251953125,355.9833374023437,128408100,TSLA,341.1666564941406,-0.0127893851421938,0.0569471561850216,0.0434294519296247
2021-11-11,367.5899963378906,368.3233337402344,351.5599975585937,354.5033264160156,67189800,TSLA,355.9833374023437,0.0326045005933204,-0.0356012678588937,-0.0041575288246016
2021-11-12,349.1666564941406,351.5,339.7333374023437,344.47332763671875,76719300,TSLA,354.5033264160156,-0.0150539346861088,-0.0134415150190626,-0.0282931020159921
2021-11-15,339.2099914550781,343.99334716796875,326.20001220703125,337.7966613769531,104326800,TSLA,344.47332763671875,-0.0152793721875365,-0.0041665343407556,-0.0193822444993675
2021-11-16,334.4366760253906,352.3999938964844,334.0599975585937,351.57666015625,79627200,TSLA,337.7966613769531,-0.0099467689759462,0.0512503124195568,0.0407937684260282
2021-11-17,354.5033264160156,373.21331787109375,351.8333435058594,363.0033264160156,94336200,TSLA,351.57666015625,0.0083244042948269,0.0239772080164492,0.0325012082846662
2021-11-18,368.8500061035156,370.6666564941406,358.3399963378906,365.4599914550781,62696700,TSLA,363.0033264160156,0.0161064080189707,-0.0091907674999091,0.0067676102677005
2021-11-19,366.2900085449219,379.5733337402344,364.23333740234375,379.0199890136719,64926900,TSLA,365.4599914550781,0.0022711571970956,0.0347538294023348,0.0371039180092043
2021-11-22,387.4433288574219,400.6499938964844,377.4766540527344,385.6233215332031,99217500,TSLA,379.0199890136719,0.0222239989655166,-0.0046974800923427,0.0174221220804611
2021-11-23,389.1700134277344,393.5,354.2333374023437,369.6766662597656,108515100,TSLA,385.6233215332031,0.0091972961604862,-0.0500895405488082,-0.0413529327272921
2021-11-24,360.1300048828125,377.5899963378906,354.0,372.0,67680600,TSLA,369.6766662597656,-0.0258243547626153,0.0329603058791228,0.0062847724844008
2021-11-26,366.489990234375,369.5933227539063,360.3333435058594,360.6400146484375,35042700,TSLA,372.0,-0.0148118542086693,-0.0159621701596716,-0.030537595031082
2021-11-29,366.9966735839844,380.8900146484375,366.7300109863281,378.9966735839844,58393500,TSLA,360.6400146484375,0.0176260500148424,0.0326978440507687,0.0509002279002275
2021-11-30,381.4566650390625,389.3333435058594,372.6666564941406,381.586669921875,81276000,TSLA,378.9966735839844,0.0064907995941367,0.0003408116693915,0.0068338234037736
2021-12-01,386.8999938964844,390.9466552734375,363.586669921875,365.0,68450400,TSLA,381.586669921875,0.0139242913692378,-0.05660375870242,-0.0434676345619486
2021-12-02,366.3533325195313,371.0,352.2166748046875,361.5333251953125,73114800,TSLA,365.0,0.0037077603274828,-0.0131567175629875,-0.0094977391909246
2021-12-03,361.5966796875,363.5266723632813,333.4033203125,338.3233337402344,92322000,TSLA,361.5333251953125,0.0001752383190491,-0.0643627202754709,-0.0641987607713322
2021-12-06,333.836669921875,340.5466613769531,316.8333435058594,336.336669921875,81663000,TSLA,338.3233337402344,-0.013261467273801,0.0074886920019453,-0.005872086315763
2021-12-07,348.0666809082031,352.5566711425781,342.2699890136719,350.5833435058594,56084700,TSLA,336.336669921875,0.0348758016455736,0.0072304036430306,0.042358371411876
2021-12-08,350.9033203125,357.4599914550781,344.3333435058594,356.32000732421875,41906400,TSLA,350.5833435058594,0.0009126982572555,0.0154364085437973,0.0163631955842291
2021-12-09,353.5466613769531,354.163330078125,334.1199951171875,334.6000061035156,59438400,TSLA,356.32000732421875,-0.0077833012187332,-0.0535902536871547,-0.0609564458190524
2021-12-10,336.25,340.32666015625,327.510009765625,339.010009765625,59664300,TSLA,334.6000061035156,0.0049312428762295,0.0082082074814126,0.0131799270223116
2021-12-13,333.6966552734375,335.0,317.1400146484375,322.1366577148437,78595500,TSLA,339.010009765625,-0.0156731492850635,-0.0346422338249727,-0.0497724302077294
2021-12-14,315.0,322.1366577148437,310.0,319.5033264160156,70806300,TSLA,322.1366577148437,-0.0221541309997732,0.0142962743365575,-0.0081745781976764
2021-12-15,317.7366638183594,326.25,309.4166564941406,325.3299865722656,75169200,TSLA,319.5033264160156,-0.0055294028311803,0.0238981635378633,0.0182366181335567
2021-12-16,331.5,331.6600036621094,307.2833251953125,308.97332763671875,82771500,TSLA,325.3299865722656,0.0189654003085997,-0.0679537627851621,-0.0502771327902586
2021-12-17,304.92333984375,320.2200012207031,303.0133361816406,310.8566589355469,100437300,TSLA,308.97332763671875,-0.0131078880625274,0.0194583959851589,0.0060954494461815
2021-12-20,303.5666809082031,307.2300109863281,297.7966613769531,299.9800109863281,56480100,TSLA,310.8566589355469,-0.02345125258795,-0.0118150974644005,-0.0349892712173617
2021-12-21,305.6233215332031,313.1666564941406,295.3733215332031,312.84332275390625,71517900,TSLA,299.9800109863281,0.018812288619898,0.0236238556157395,0.0428805630257957
2021-12-22,321.8866577148437,338.5533447265625,319.01666259765625,336.2900085449219,93634200,TSLA,312.84332275390625,0.0289069137910011,0.044746653782829,0.0749470552371662
2021-12-23,335.6000061035156,357.6600036621094,332.5199890136719,355.6666564941406,92713200,TSLA,336.2900085449219,-0.0020518077369939,0.0597933552612494,0.0576188630553096
2021-12-27,357.8900146484375,372.3333435058594,356.9066772460937,364.6466674804688,71145900,TSLA,355.6666564941406,0.0062512414748485,0.0188791320111807,0.0252483914990666
2021-12-28,369.8299865722656,373.0,359.47332763671875,362.8233337402344,60324000,TSLA,364.6466674804688,0.0142146344778386,-0.0189456049710077,-0.0050002753427934
2021-12-29,366.21331787109375,368.0,354.7133178710937,362.0633239746094,56154000,TSLA,362.8233337402344,0.0093433465149914,-0.0113321763408537,-0.002094710276184
2021-12-30,353.77667236328125,365.1833190917969,351.04998779296875,356.7799987792969,47040900,TSLA,362.0633239746094,-0.0228872991618153,0.0084893285810874,-0.0145922683836461
2021-12-31,357.8133239746094,360.6666564941406,351.5299987792969,352.260009765625,40733700,TSLA,356.7799987792969,0.0028962531499747,-0.0155201437087302,-0.0126688408238599
2022-01-03,382.5833435058594,400.3566589355469,378.6799926757813,399.9266662597656,103931400,TSLA,352.260009765625,0.0860822486220047,0.0453321427822187,0.1353166841897706
2022-01-04,396.51666259765625,402.6666564941406,374.3500061035156,383.1966552734375,100248300,TSLA,399.9266662597656,-0.0085265723688814,-0.033592553808349,-0.041832696836128
2022-01-05,382.2166748046875,390.11334228515625,360.336669921875,362.7066650390625,80119800,TSLA,383.1966552734375,-0.0025573826265542,-0.0510443710379579,-0.0534712136768363
2022-01-06,359.0,362.6666564941406,340.1666564941406,354.8999938964844,90336600,TSLA,362.7066650390625,-0.0102194566473249,-0.0114206298148067,-0.0215233738308541
2022-01-07,360.1233215332031,360.30999755859375,336.6666564941406,342.32000732421875,84164700,TSLA,354.8999938964844,0.0147177450733972,-0.0494367155484067,-0.0354465674517168
2022-01-10,333.3333435058594,353.0333251953125,326.6666564941406,352.7066650390625,91815000,TSLA,342.32000732421875,-0.0262522307375622,0.0581199628259288,0.0303419534138018
2022-01-11,351.22332763671875,358.6166687011719,346.2733459472656,354.79998779296875,66063300,TSLA,352.7066650390625,-0.0042055837027618,0.010183435651374,0.0059350246575986
2022-01-12,359.6166687011719,371.61334228515625,357.5299987792969,368.739990234375,83739000,TSLA,354.79998779296875,0.0135757640189484,0.025369573568861,0.0392897489318417
2022-01-13,369.6900024414063,371.8666687011719,342.17999267578125,343.85333251953125,97209900,TSLA,368.739990234375,0.0025763742262601,-0.0698873914665029,-0.0674910733143576
2022-01-14,339.9599914550781,350.6666564941406,337.7933349609375,349.8699951171875,72924300,TSLA,343.85333251953125,-0.0113226794573293,0.0291504997976177,0.017497758575059
2022-01-18,342.2033386230469,356.92999267578125,338.6866760253906,343.5033264160156,66743400,TSLA,349.8699951171875,-0.0219128722129278,0.003798875248265,-0.0181972412325309
2022-01-19,347.2366638183594,351.5566711425781,331.6666564941406,331.8833312988281,75442500,TSLA,343.5033264160156,0.0108684170290167,-0.0442157586433978,-0.0338278969185718
2022-01-20,336.57666015625,347.2200012207031,331.3333435058594,332.0899963378906,70488600,TSLA,331.8833312988281,0.0141415021931186,-0.0133302880130681,0.0006227038828787
2022-01-21,332.11334228515625,334.8500061035156,313.5,314.6333312988281,103416000,TSLA,332.0899963378906,7.03000617996441e-05,-0.0526326671071214,-0.052566067125072
2022-01-24,301.586669921875,311.1700134277344,283.8233337402344,310.0,151565700,TSLA,314.6333312988281,-0.0414662404745727,0.0278968897408643,-0.0147261298721956
2022-01-25,304.7333374023437,317.086669921875,301.07000732421875,306.1333312988281,86595900,TSLA,310.0,-0.0169892341859878,0.0045941606140582,-0.0124731248424899
2022-01-26,317.4766540527344,329.2300109863281,302.0,312.4700012207031,104867400,TSLA,306.1333312988281,0.0370535371165892,-0.015770144885046,0.0206990525827113
2022-01-27,311.1199951171875,311.7966613769531,276.3333435058594,276.3666687011719,147109500,TSLA,312.4700012207031,-0.0043204342760637,-0.1117039308351921,-0.1155417556197044
2022-01-28,277.1866760253906,285.8333435058594,264.0033264160156,282.1166687011719,134789100,TSLA,276.3666687011719,0.0029670992094397,0.017785821261227,0.0208056927668702
2022-01-31,290.9033203125,312.663330078125,287.3500061035156,312.239990234375,104436000,TSLA,282.1166687011719,0.0311454535876263,0.0733462577840441,0.1067761138393095
2022-02-01,311.7366638183594,314.5666809082031,301.6666564941406,310.4166564941406,73138200,TSLA,312.239990234375,-0.0016119857537716,-0.0042343666222972,-0.0058395266373975
2022-02-02,309.3933410644531,310.5,296.4700012207031,301.8866577148437,66792900,TSLA,310.4166564941406,-0.0032965867271584,-0.0242625885992988,-0.0274791915989143
2022-02-03,294.0,312.3333435058594,293.50665283203125,297.0466613769531,78855600,TSLA,301.8866577148437,-0.0261245653403249,0.0103627937991602,-0.0160324950248791
2022-02-04,299.0733337402344,312.1666564941406,293.72332763671875,307.7733459472656,73625400,TSLA,297.0466613769531,0.0068227407569123,0.0290898961075139,0.0361111096842132
2022-02-07,307.92999267578125,315.92333984375,300.9033203125,302.4466552734375,60994500,TSLA,307.7733459472656,0.0005089678186183,-0.0178070910036916,-0.0173071864213375
2022-02-08,301.84332275390625,308.7633361816406,298.26666259765625,307.3333435058594,50729100,TSLA,302.4466552734375,-0.0019948394502355,0.0181883127374301,0.0161571905234128
2022-02-09,311.6666564941406,315.42333984375,306.6666564941406,310.6666564941406,52259400,TSLA,307.3333435058594,0.0140997164149181,-0.003208556254457,0.010845920427172
2022-02-10,302.7900085449219,314.60333251953125,298.8999938964844,301.51666259765625,66126900,TSLA,310.6666564941406,-0.0253540178341196,-0.0042053763708544,-0.0294527710174682
2022-02-11,303.2099914550781,305.32000732421875,283.5666809082031,286.6666564941406,79645800,TSLA,301.51666259765625,0.0056160374117746,-0.0545606524427097,-0.0492510296962641
2022-02-14,287.19000244140625,299.6266784667969,284.3833312988281,291.9200134277344,67756500,TSLA,286.6666564941406,0.0018256254622215,0.0164699709116551,0.018325664372135
2022-02-15,300.0,307.6666564941406,297.7933349609375,307.4766540527344,57286200,TSLA,291.9200134277344,0.0276787688428421,0.0249221801757812,0.0532907642827684
2022-02-16,304.6833190917969,308.8099975585937,300.4033203125,307.7966613769531,51294300,TSLA,307.4766540527344,-0.0090847058601672,0.0102182892533681,0.0010407532409399
2022-02-17,304.4200134277344,306.1666564941406,291.3666687011719,292.1166687011719,55178400,TSLA,307.7966613769531,-0.010970385234567,-0.0404156894549351,-0.0509426990066609
2022-02-18,295.3333435058594,295.6233215332031,279.2033386230469,285.6600036621094,68501700,TSLA,292.1166687011719,0.0110116099125383,-0.0327539712547157,-0.0221030352967207
2022-02-22,278.0433349609375,285.57666015625,267.0333251953125,273.84332275390625,83288100,TSLA,285.6600036621094,-0.0266634061595167,-0.0151056029004302,-0.0413662422345285
2022-02-23,276.8099975585937,278.4333190917969,253.5200042724609,254.67999267578125,95256900,TSLA,273.84332275390625,0.0108334750500875,-0.0799465520681858,-0.0699791759952694
2022-02-24,233.4633331298828,267.49334716796875,233.3333282470703,266.92333984375,135322200,TSLA,254.67999267578125,-0.0833071311294882,0.1433201790846203,0.0480734550026278
2022-02-25,269.74334716796875,273.1666564941406,260.79998779296875,269.9566650390625,76067700,TSLA,266.92333984375,0.0105648585315525,0.0007908179138924,0.0113640313248295
2022-02-28,271.6700134277344,292.28668212890625,271.57000732421875,290.1433410644531,99006900,TSLA,269.9566650390625,0.0063467534258654,0.0679991413245641,0.0747774685335871
2022-03-01,289.8933410644531,296.6266784667969,284.59332275390625,288.1233215332031,74766900,TSLA,290.1433410644531,-0.0008616430729818,-0.0061057612594711,-0.0069621433455585
2022-03-02,290.7099914550781,295.49334716796875,281.42333984375,293.2966613769531,74643300,TSLA,288.1233215332031,0.0089776485572581,0.0088977675274525,0.0179552971145164
2022-03-03,292.92333984375,295.4800109863281,277.5333251953125,279.7633361816406,61623600,TSLA,293.2966613769531,-0.0012728461737357,-0.0449264427652952,-0.0461421044882577
2022-03-04,283.0333251953125,285.2166748046875,275.0533447265625,279.42999267578125,66999600,TSLA,279.7633361816406,0.0116884115635109,-0.0127311245664965,-0.0011915196265851
2022-03-07,285.4333190917969,288.7133178710937,268.19000244140625,268.1933288574219,72494100,TSLA,279.42999267578125,0.0214841877156015,-0.0603993615364523,-0.0402128050420025
2022-03-08,265.1766662597656,283.3299865722656,260.72332763671875,274.79998779296875,80399100,TSLA,268.1933288574219,-0.0112480896169493,0.0362902274507673,0.0246339421032322
2022-03-09,279.82666015625,286.85333251953125,277.336669921875,286.3233337402344,59184000,TSLA,274.79998779296875,0.0182921127604571,0.0232167784883568,0.0419335751788576
2022-03-10,283.8166809082031,284.8166809082031,270.1199951171875,279.4333190917969,58648500,TSLA,286.3233337402344,-0.0087546229616947,-0.0154443417574317,-0.0240637553301487
2022-03-11,280.0666809082031,281.26666259765625,264.5899963378906,265.1166687011719,67037100,TSLA,279.4333190917969,0.0022665937564809,-0.0533801884556606,-0.0512345859010529
2022-03-14,260.2033386230469,266.8999938964844,252.01333618164065,255.4566650390625,71152200,TSLA,265.1166687011719,-0.0185327090227702,-0.0182421701777655,-0.0364368023686874
2022-03-15,258.42333984375,268.5233459472656,252.19000244140625,267.2966613769531,66841200,TSLA,255.4566650390625,0.0116132213823187,0.034336378202403,0.0463483555462533
2022-03-16,269.6666564941406,280.6666564941406,267.4200134277344,280.07666015625,84028800,TSLA,267.2966613769531,0.0088665346771585,0.0386032288805997,0.0478120404252786
2022-03-17,276.9966735839844,291.6666564941406,275.239990234375,290.5333251953125,66582900,TSLA,280.07666015625,-0.0109969412322589,0.0488693652388712,0.0373350104690226
2022-03-18,291.4966735839844,302.6166687011719,289.1300048828125,301.7966613769531,100414200,TSLA,290.5333251953125,0.0033157930782097,0.0353348381864164,0.0387677942765043
2022-03-21,304.99334716796875,314.2833251953125,302.36334228515625,307.0533447265625,81981600,TSLA,301.7966613769531,0.0105921840766252,0.006754237683287,0.017417963888751
2022-03-22,310.0,332.6199951171875,307.25,331.32666015625,105868500,TSLA,307.0533447265625,0.0095965581357257,0.0687956779233871,0.0790524377817913
2022-03-23,326.64666748046875,346.8999938964844,325.4666748046875,333.03668212890625,120676200,TSLA,331.32666015625,-0.0141250108686521,0.0195624669852772,0.0051611360578402
2022-03-24,336.57666015625,341.4966735839844,329.6000061035156,337.97332763671875,68920800,TSLA,333.03668212890625,0.0106293937494055,0.0041496266550995,0.0148231284201352
2022-03-25,336.0,340.6000061035156,332.44000244140625,336.8800048828125,62031600,TSLA,337.97332763671875,-0.0058387081919074,0.0026190621512276,-0.0032349379803172
2022-03-28,355.0333251953125,365.9599914550781,351.20001220703125,363.9466552734375,102506100,TSLA,336.8800048828125,0.0538866066533536,0.0251056152918083,0.0803450783611821
2022-03-29,369.3299865722656,371.5899963378906,357.7033386230469,366.5233459472656,73614900,TSLA,363.9466552734375,0.0147915394215769,-0.0075992763302224,0.0070798580959405
2022-03-30,363.7233276367188,371.3166809082031,361.3333435058594,364.663330078125,59865000,TSLA,366.5233459472656,-0.0076393996221723,0.0025843886547334,-0.0050747541451513
2022-03-31,364.8566589355469,367.71331787109375,358.8800048828125,359.20001220703125,48992700,TSLA,364.663330078125,0.0005301571106162,-0.0155037508292123,-0.0149818131423394
