Date,Ticker,Volume,StockChange,Target,Daily_Volatility
2023-01-03,AAPL,112117500,-0.0399907824170212,0,0.05165793514428981
2023-01-04,AAPL,89113600,-0.004176836487085,0,0.028213427758489954
2023-01-05,AAPL,80962700,-0.016597189144475,0,0.023676508863882836
2023-01-06,AAPL,87754700,0.0286484637707904,1,0.04285369260327783
2023-01-09,AAPL,70790800,-0.0024527272263714,0,0.0269794147277313
2023-01-10,AAPL,63896200,0.003608177802268,1,0.024105631214990236
2023-01-11,AAPL,69458900,0.0170667085193452,1,0.023238002232142837
2023-01-12,AAPL,71379600,-0.0035106155031479,0,0.021063579045265922
2023-01-13,AAPL,57809700,0.0206770866680272,1,0.024691316647555087
2023-01-17,AAPL,63646600,0.0082325936014033,1,0.023436834238716744
2023-01-18,AAPL,69672800,-0.0117672893156363,0,0.02616577722124563
2023-01-19,AAPL,58280400,0.0088753164167293,1,0.018496387930125126
2023-01-20,AAPL,80223600,0.0191454491518445,1,0.028089910452744397
2023-01-23,AAPL,81760300,0.0216478829920836,1,0.03924133810702646
2023-01-24,AAPL,66435100,0.0158221171643599,1,0.02038344138062735
2023-01-25,AAPL,65799300,0.0068848124416585,1,0.025693769131022306
2023-01-26,AAPL,54105100,0.005517975518793,1,0.016414096064613633
2023-01-27,AAPL,70555800,0.0193489029254965,1,0.02898850091034732
2023-01-30,AAPL,64015300,-0.0135210169915072,0,0.018625805899496427
2023-01-31,AAPL,65874500,0.0111422310574213,1,0.014435862667473725
2023-02-01,AAPL,77663600,0.010140942159471,1,0.036743719117035806
2023-02-02,AAPL,118339000,0.0128946508155612,1,0.020214873272113777
2023-02-03,AAPL,154357300,0.0437073652236495,1,0.06451397102283475
2023-02-06,AAPL,69858300,-0.005505745273346,0,0.015206182164549742
2023-02-07,AAPL,83322600,0.0266197193513231,1,0.030469970502443093
2023-02-08,AAPL,64120100,-0.0127372410428492,0,0.022160147867854883
2023-02-09,AAPL,56007100,-0.0189231609130505,0,0.025425957167036817
2023-02-10,AAPL,57450700,0.0103705855970963,1,0.014184363856253053
2023-02-13,AAPL,62199000,0.0192117205293339,1,0.0221265081511453
2023-02-14,AAPL,61707600,0.0070996704294048,1,0.019129659186930808
2023-02-15,AAPL,65573800,0.014499387445976,1,0.017111848388369436
2023-02-16,AAPL,68167900,0.00130292628616,1,0.019412388992081874
2023-02-17,AAPL,59144100,0.0013127465719056,1,0.014112200921236332
2023-02-21,AAPL,58867200,-0.0114514064956728,0,0.01924100831136705
2023-02-22,AAPL,51011300,0.0002687482114201,1,0.018741139098826264
2023-02-23,AAPL,48394200,-0.0045972580334593,0,0.02065421360759888
2023-02-24,AAPL,55469600,-0.0027190122685392,0,0.009992530858569243
2023-02-27,AAPL,44998500,0.0014216467776953,1,0.01164444616155898
2023-02-28,AAPL,50547000,0.0024481509886459,1,0.015300917737540328
2023-03-01,AAPL,55479000,-0.0103521368487749,0,0.015119534107596626
2023-03-02,AAPL,52238100,0.0105970267873222,1,0.01946261755333489
2023-03-03,AAPL,70732300,0.0201972820100373,1,0.025533632469104957
2023-03-06,AAPL,87558000,0.0002601505082806,1,0.01846671735401343
2023-03-07,AAPL,56182000,-0.0136629205362555,0,0.01886788519235265
2023-03-08,AAPL,47204800,0.0003926284899699,1,0.010732278096003526
2023-03-09,AAPL,53833600,-0.0193409824688873,0,0.028067189548822234
2023-03-10,AAPL,68572400,-0.0113841065004715,0,0.022168974650257238
2023-03-13,AAPL,84457100,0.0179961011166034,1,0.036804022266827864
2023-03-14,AAPL,73695900,0.0086594233815728,1,0.02181377458749938
2023-03-15,AAPL,77167900,0.0119055693014847,1,0.022025277976599093
2023-03-16,AAPL,76161100,0.0242508041048708,1,0.03167722928636484
2023-03-17,AAPL,98944600,-0.0069195400972874,0,0.015761190959812856
2023-03-20,AAPL,73641400,0.015025385066205,1,0.023666816627287233
2023-03-21,AAPL,73938300,0.0124586280436587,1,0.018179509771172535
2023-03-22,AAPL,75701800,-0.0092278794258749,0,0.02718142968049937
2023-03-23,AAPL,67622100,0.0006295463298736,1,0.024365739037723086
2023-03-24,AAPL,59196500,0.0087498387530402,1,0.01567411698859551
2023-03-27,AAPL,52390300,-0.0103789148228724,0,0.018131856389934965
2023-03-28,AAPL,45992200,-0.0020257474314484,0,0.01588915456244265
2023-03-29,AAPL,51305700,0.0087846470362503,1,0.010666982495620777
2023-03-30,AAPL,49501700,0.0051383757650411,1,0.007428941727918916
2023-03-31,AAPL,68749800,0.0151440003577041,1,0.01902238544354393
2023-04-03,AAPL,56976200,0.0115662862791005,1,0.012601156702938649
2023-04-04,AAPL,46278300,-0.0058223360454165,0,0.010384127636010636
2023-04-05,AAPL,51511700,-0.0059488342457825,0,0.019728055673367457
2023-04-06,AAPL,45390100,0.0137290592063211,1,0.01822327677977257
2023-04-10,AAPL,47716900,0.0037789655387873,1,0.012080268680224372
2023-04-11,AAPL,47644200,-0.0095472928456159,0,0.01139517113621812
2023-04-12,AAPL,50133100,-0.0069469985653595,0,0.014142158305628906
2023-04-13,AAPL,68445600,0.0243147469965778,1,0.027098959045309404
2023-04-14,AAPL,49386500,0.0037669991480147,1,0.01518925849459095
2023-04-17,AAPL,41516200,0.0008480186125991,1,0.008237934705432135
2023-04-18,AAPL,49923000,0.0022275442720749,1,0.010596084894350603
2023-04-19,AAPL,47720200,0.0110374052917442,1,0.015802233581133814
2023-04-20,AAPL,52456400,0.0033716513392805,1,0.013908107709836586
2023-04-21,AAPL,58337300,-0.0001817557027701,0,0.011875137345277656
2023-04-24,AAPL,41949600,0.0020000110973011,1,0.010363677053740469
2023-04-25,AAPL,48714100,-0.0085961507836952,0,0.015618389690198206
2023-04-26,AAPL,45498800,0.0042928796683604,1,0.015209099501230493
2023-04-27,AAPL,64902300,0.0194927124711755,1,0.020400720790489994
2023-04-28,AAPL,55275900,0.0070626573910668,1,0.011692095415018587
2023-05-01,AAPL,52472900,0.0018312710351441,1,0.010692329700176759
2023-05-02,AAPL,48425700,-0.0091128407615381,0,0.016520741242186825
2023-05-03,AAPL,65136000,-0.0120944132847069,0,0.022182858447409547
2023-05-04,AAPL,81235400,0.0054581472485641,1,0.016556466357234175
2023-05-05,AAPL,113453200,0.0151480387261614,1,0.02070422642051618
2023-05-08,AAPL,55962800,0.0059137540452645,1,0.0100881582575681
2023-05-09,AAPL,45326900,-0.0073966989698002,0,0.01121055849988606
2023-05-10,AAPL,53724500,0.0031209875898653,1,0.012310743441309129
2023-05-11,AAPL,49514700,-0.0005752436008318,0,0.013920034995594788
2023-05-12,AAPL,45533100,-0.0060476202194341,0,0.017624684049370943
2023-05-15,AAPL,37266700,-0.006294735012928,0,0.010048541559050503
2023-05-16,AAPL,42110300,0.0004651539537153,1,0.0077911291068823475
2023-05-17,AAPL,57951600,0.005707272082122,1,0.014617636763700745
2023-05-18,AAPL,65496700,0.0118497286228774,1,0.015375743711614879
2023-05-19,AAPL,55809500,-0.006973160223341,0,0.008220403386016924
2023-05-22,AAPL,43570900,0.0012645202098273,1,0.007242268057060044
2023-05-23,AAPL,50747300,-0.0090683722055079,0,0.012129648497018647
2023-05-24,AAPL,45143500,0.0043836578178352,1,0.01110523079755068
2023-05-25,AAPL,56058300,0.0033640845585234,1,0.012818232168298698
2023-05-26,AAPL,54835000,0.012173928354477,1,0.01534735489096463
2023-05-30,AAPL,55964400,0.0019213173880603,1,0.013675396005484352
2023-05-31,AAPL,99625300,-0.0004511466205866,0,0.014605602943303422
2023-06-01,AAPL,68901800,0.013449631011218,1,0.01795161787388988
2023-06-02,AAPL,61996900,-0.0004419258222071,0,0.01392036838896079
2023-06-05,AAPL,121946500,-0.016700448832134,0,0.03783608102372492
2023-06-06,AAPL,64848400,-0.004222895491921,0,0.014946949064624572
2023-06-07,AAPL,61944600,-0.0034745298627256,0,0.02180004111424379
2023-06-08,AAPL,50214900,0.0150085076972402,1,0.01899938021352691
2023-06-09,AAPL,48900000,-0.0029751696205665,0,0.008815376554967195
2023-06-12,AAPL,54274900,0.0139018533363311,1,0.01610855684957317
2023-06-13,AAPL,54929100,0.0027899042577781,1,0.00935443887598798
2023-06-14,AAPL,57462900,0.003163013832683,1,0.012924661505678134
2023-06-15,AAPL,65433200,0.011143660133462,1,0.01489457160884918
2023-06-16,AAPL,101256200,-0.0096931269748153,0,0.014566493241246016
2023-06-20,AAPL,49799100,0.0032535699409555,1,0.00916437507643458
2023-06-21,AAPL,49515700,-0.0050837599440021,0,0.015251527405660797
2023-06-22,AAPL,51245300,0.0177424317479799,1,0.018395584966597
2023-06-23,AAPL,53117000,0.0060899466744186,1,0.013742942655983189
2023-06-26,AAPL,48088700,-0.0083498236006249,0,0.015093974718090462
2023-06-27,AAPL,50730800,0.011673560579215,1,0.014632316045155734
2023-06-28,AAPL,51216800,0.0070239311215003,1,0.012238535000300444
2023-06-29,AAPL,46347300,0.0026972419182204,1,0.005976332091545733
2023-06-30,AAPL,85213200,0.0122110122541697,1,0.016803220469948085
2023-07-03,AAPL,31458200,-0.0068118075846056,0,0.010940295125045726
2023-07-05,AAPL,46920300,-0.0012528343894556,0,0.012319259383632986
2023-07-06,AAPL,45094300,0.0103771663437919,1,0.01485465327969943
2023-07-07,AAPL,46815000,-0.0038138601554849,0,0.012695222973146151
2023-07-10,AAPL,59922200,-0.0034343966783792,0,0.015587088093911553
2023-07-11,AAPL,46638100,-0.0057094618848911,0,0.014273614379206564
2023-07-12,AAPL,60750200,0.0004745444968122,1,0.017028658014870326
2023-07-13,AAPL,41342300,0.0002099385098835,1,0.00740159402682092
2023-07-14,AAPL,41616200,0.0024181607748444,1,0.008147967343639982
2023-07-17,AAPL,50520200,0.0108911498861593,1,0.013079780330680652
2023-07-18,AAPL,48288200,0.0019652940885867,1,0.009878477382032253
2023-07-19,AAPL,80507300,0.0103573274820501,1,0.028896953157336716
2023-07-20,AAPL,59581200,-0.010046601526833,0,0.020349588883210742
2023-07-21,AAPL,71951700,-0.0111283029066851,0,0.019268446035851504
2023-07-24,AAPL,45377800,-0.0034124587643481,0,0.013753185521657062
2023-07-25,AAPL,37283200,0.0014999911208102,1,0.007862226545620563
2023-07-26,AAPL,47471900,0.0042856500175656,1,0.011979098917561154
2023-07-27,AAPL,47460200,-0.0142842719657627,0,0.0237220375223593
2023-07-28,AAPL,48291400,0.0059588209432388,1,0.012790905206682864
2023-07-31,AAPL,38824100,0.0019891838952608,1,0.0062736458310957725
2023-08-01,AAPL,35175100,-0.0032103794597297,0,0.0073888957789124445
2023-08-02,AAPL,50389300,-0.0126127539979413,0,0.017073352578413702
2023-08-03,AAPL,61235200,-0.0020880573157595,0,0.008769601772463298
2023-08-04,AAPL,115956800,-0.0190275910845311,0,0.029430824644917787
2023-08-07,AAPL,97576100,-0.0180091071836697,0,0.031735565938275166
2023-08-08,AAPL,67823000,0.0006121687843341,1,0.014970239884566763
2023-08-09,AAPL,60378500,-0.0148172319794935,0,0.021673015285954337
2023-08-10,AAPL,54686900,-0.0084131632648809,0,0.01755066843920736
2023-08-11,AAPL,52036700,0.0026504959536501,1,0.011673764831538888
2023-08-14,AAPL,43675600,0.0083722283696356,1,0.013373067744495993
2023-08-15,AAPL,43622600,-0.0079942301852413,0,0.013584484623494831
2023-08-16,AAPL,46964900,-0.0031615059174431,0,0.011516926719910843
2023-08-17,AAPL,66062900,-0.0177260889718165,0,0.022750360128613572
2023-08-18,AAPL,61172200,0.0127104028010282,1,0.018224023993227676
2023-08-21,AAPL,46311900,0.0043981777658002,1,0.01365167812680965
2023-08-22,AAPL,42038900,0.0009601161825897,1,0.008076317042238924
2023-08-23,AAPL,52722800,0.0145641428551524,1,0.018037201118305396
2023-08-24,AAPL,54945800,-0.0237449124348871,0,0.028172976411501332
2023-08-25,AAPL,51449600,0.0069342411415066,1,0.018773178941254413
2023-08-28,AAPL,43820700,0.0005553118193638,1,0.011327632448308237
2023-08-29,AAPL,53003900,0.0245965400334335,1,0.030050050017750875
2023-08-30,AAPL,60813900,0.0146533547058685,1,0.01681626781278375
2023-08-31,AAPL,60794500,0.0001597038963039,1,0.008730831673880531
2023-09-01,AAPL,45766500,-0.0001583132536135,0,0.008654806808307504
2023-09-05,AAPL,45280000,0.0075419491085181,1,0.012587609584412924
2023-09-06,AAPL,81755800,-0.0291400764980462,0,0.03917200170859584
2023-09-07,AAPL,112488800,0.0135860542431769,1,0.026658372091483723
2023-09-08,AAPL,65551300,-0.0009532572016606,0,0.013737101896196294
2023-09-11,AAPL,58953100,-0.0039429482145174,0,0.016438088484872847
2023-09-12,AAPL,90370200,-0.0177725909174799,0,0.029583806318374532
2023-09-13,AAPL,84267900,-0.0130303544532697,0,0.01880917470704585
2023-09-14,AAPL,60895800,0.0100000315699083,1,0.014482783175062859
2023-09-15,AAPL,109259500,-0.0083295628756281,0,0.01518581562025189
2023-09-18,AAPL,67257600,0.0084429143769043,1,0.018189068401967694
2023-09-19,AAPL,51826900,0.0087314275262118,1,0.014082919895399268
2023-09-20,AAPL,58436200,-0.0210308441883172,0,0.023987521943128386
2023-09-21,AAPL,63149100,-0.0035520502156206,0,0.013978816377807401
2023-09-22,AAPL,56725400,0.0006869818425911,1,0.01734699038793246
2023-09-25,AAPL,46172700,0.0107922211007333,1,0.016188331651099893
2023-09-26,AAPL,64588900,-0.0163596870525663,0,0.020249360129402108
2023-09-27,AAPL,66921800,-0.0126868410575467,0,0.023114299312001863
2023-09-28,AAPL,56294400,0.0079721632969798,1,0.026042303988893133
2023-09-29,AAPL,51861100,-0.0047087404864308,0,0.015870311118026014
2023-10-02,AAPL,52164500,0.0147763039438115,1,0.019682340567400296
2023-10-03,AAPL,49594600,0.0008127214333731,1,0.016312537142698272
2023-10-04,AAPL,53020300,0.0150213769316072,1,0.018937433879917136
2023-10-05,AAPL,48527900,0.0064446194789394,1,0.01593880188429675
2023-10-06,AAPL,57266700,0.0212313140196398,1,0.027675562329825664
2023-10-09,AAPL,42390800,0.0123296644119225,1,0.01838131352794679
2023-10-10,AAPL,43698000,0.001628260955613,1,0.009938260594062926
2023-10-11,AAPL,47551100,0.0089787100500362,1,0.012626262842493272
2023-10-12,AAPL,56743100,0.0035541698429329,1,0.018326222677472977
2023-10-13,AAPL,51427100,-0.0141659799987232,0,0.020890713947662013
2023-10-16,AAPL,52517000,0.0111456929035537,1,0.01454035261227028
2023-10-17,AAPL,57549400,0.0028304558011646,1,0.02049247235926186
2023-10-18,AAPL,54764400,0.0014807751687239,1,0.014067668270557268
2023-10-19,AAPL,59302900,-0.0032946295977354,0,0.015053362858160878
2023-10-20,AAPL,64244000,-0.0138611186448113,0,0.015857616895851738
2023-10-23,AAPL,55980100,0.012228636669054,1,0.023872223647721104
2023-10-24,AAPL,43816600,0.0022536803396171,1,0.012828669064161403
2023-10-25,AAPL,57157000,-0.0045380425712034,0,0.014021431194120063
2023-10-26,AAPL,70625300,-0.0204261068690257,0,0.03351533061874894
2023-10-27,AAPL,58499100,0.0078485263306666,1,0.012761397376303817
2023-10-30,AAPL,51131000,0.0075138384899378,1,0.013607874769960336
2023-10-31,AAPL,44846000,0.0083849903617796,1,0.017714791212739764
2023-11-01,AAPL,56934900,0.0173684281912462,1,0.024035091288605696
2023-11-02,AAPL,77334800,0.0116795977772173,1,0.013217821381933942
2023-11-03,AAPL,79829200,0.0138314297942033,1,0.01991506606580797
2023-11-06,AAPL,63841300,0.0161582422373789,1,0.018255958004159443
2023-11-07,AAPL,70530000,0.0147338696079449,1,0.019366008274048472
2023-11-08,AAPL,49340300,0.0029613011684039,1,0.010200167524511495
2023-11-09,AAPL,53763500,-0.0030061381262297,0,0.012625696730577616
2023-11-10,AAPL,66133400,0.0132086354278275,1,0.016524479669242004
2023-11-13,AAPL,43627500,-0.0054892058565105,0,0.00979438162573202
2023-11-14,AAPL,60108400,-0.0013851598884556,0,0.009643034565913554
2023-11-15,AAPL,53790500,0.0008516816509025,1,0.009156247882979893
2023-11-16,AAPL,54412900,0.0007385102296745,1,0.012185539526999545
2023-11-17,AAPL,50922700,-0.0029434825681669,0,0.009513784802069564
2023-11-20,AAPL,46505100,0.0082152697014479,1,0.010690393310978897
2023-11-21,AAPL,38134500,-0.0040228005732668,0,0.009299403088874359
2023-11-22,AAPL,39617700,-0.000940038275662,0,0.010966581985927787
2023-11-24,AAPL,24048300,-0.0047152193613868,0,0.008644595476996409
2023-11-27,AAPL,40552600,-0.0006845244527479,0,0.009319736149567624
2023-11-28,AAPL,38415400,0.0032669149603511,1,0.008852397225084201
2023-11-29,AAPL,43014200,-0.0080146612268962,0,0.016343610355898302
2023-11-30,AAPL,48794400,0.0005794385402103,1,0.011220000652661901
2023-12-01,AAPL,45704800,0.0047811887424723,1,0.012241905157563751
2023-12-04,AAPL,43389500,-0.0028950577120056,0,0.013685683556096685
2023-12-05,AAPL,66628400,0.0168760388085517,1,0.022186010576463727
2023-12-06,AAPL,41089700,-0.0109539195549094,0,0.0136281508772136
2023-12-07,AAPL,47477700,0.0033052697077386,1,0.007281948182373311
2023-12-08,AAPL,53406400,0.007775539595026,1,0.01194648486445172
2023-12-11,AAPL,60943700,0.0003624466118196,1,0.010719317061137497
2023-12-12,AAPL,52696900,0.0084421217492982,1,0.015537600847057109
2023-12-13,AAPL,70404200,0.0147112124140173,1,0.016146362989461854
2023-12-14,AAPL,66831600,0.0004544810420607,1,0.0174729389982107
2023-12-15,AAPL,128538400,0.0002025441460493,1,0.0070875001525649295
2023-12-18,AAPL,55751900,-0.0010199242795514,0,0.011423354250587282
2023-12-19,AAPL,40714100,0.003976339542899,1,0.005403739492274977
2023-12-20,AAPL,52242800,-0.0105129107648319,0,0.014474306414782794
2023-12-21,AAPL,46482500,-0.0072412717161506,0,0.018256000610040162
2023-12-22,AAPL,37149600,-0.008095023217314,0,0.012501293846544206
2023-12-26,AAPL,28919300,-0.0028923999629584,0,0.005474911188740898
2023-12-27,AAPL,48087700,0.0034286892019635,1,0.012520149583532234
2023-12-28,AAPL,34049900,-0.0028845037619979,0,0.007674902121399254
2023-12-29,AAPL,42672100,-0.0070654727195034,0,0.013769975518260013
2024-01-02,AAPL,82488700,-0.0080683652475624,0,0.02431206625779775
2024-01-03,AAPL,58414500,0.0001628421403653,1,0.013299382210382111
2024-01-04,AAPL,71983600,-0.0013175418194709,0,0.012132811030090142
2024-01-05,AAPL,62379700,-0.0044508642943759,0,0.014231530631982738
2024-01-08,AAPL,59144500,0.0190565176038782,1,0.02251637204664216
2024-01-09,AAPL,42841800,0.006633325537457,1,0.013157884912125425
2024-01-10,AAPL,46792900,0.009980994179395,1,0.01345264792747795
2024-01-11,AAPL,49128400,-0.0050927253266541,0,0.018387520413968482
2024-01-12,AAPL,40477800,-0.0007524421771764,0,0.00833066253948377
2024-01-16,AAPL,65603000,0.008069835261037,1,0.018280642095459872
2024-01-17,AAPL,47317400,0.0077783878749238,1,0.014508686280331104
2024-01-18,AAPL,78005800,0.013649355660741,1,0.01778707949772688
2024-01-19,AAPL,68903000,0.0117783536997426,1,0.016531926233310082
2024-01-22,AAPL,60133900,0.0082683115582825,1,0.015964676419648757
2024-01-23,AAPL,42355600,0.0008203691919562,1,0.009845134483039263
2024-01-24,AAPL,53631300,-0.0047077994962928,0,0.010439098168234821
2024-01-25,AAPL,54822100,-0.0053785628787633,0,0.016186884757453057
2024-01-26,AAPL,44594000,-0.0095228602606144,0,0.014515838798637805
2024-01-29,AAPL,47145600,-0.001458251066649,0,0.013645097610240539
2024-01-30,AAPL,55859400,-0.0151880649324038,0,0.022677290120929356
2024-01-31,AAPL,55467800,-0.0141146251305182,0,0.01470273791013803
2024-02-01,AAPL,64885400,0.0155986468367931,1,0.017011737217105232
2024-02-02,AAPL,102551700,0.0333037110688151,1,0.04492383967327582
2024-02-05,AAPL,69668800,-0.0024980134783405,0,0.01812385741551218
2024-02-06,AAPL,43490800,0.0130579173361678,1,0.013593028351901367
2024-02-07,AAPL,53439000,-0.0064519289313733,0,0.012799005713481432
2024-02-08,AAPL,40962000,-0.0056496756369289,0,0.01156337287963948
2024-02-09,AAPL,45155200,0.0010602290670679,1,0.01054866449800154
2024-02-12,AAPL,41781900,-0.0067402838594775,0,0.009977735384153981
2024-02-13,AAPL,56529500,-0.003929649402696,0,0.014534166684257908
2024-02-14,AAPL,54630500,-0.0063134760494986,0,0.016673841008891577
2024-02-15,AAPL,65434500,0.0016888997735746,1,0.017107051688596497
2024-02-16,AAPL,49752500,-0.0060516880461921,0,0.017337302182509274
2024-02-20,AAPL,53665600,-0.0012651726499435,0,0.013367032100367073
2024-02-21,AAPL,41371400,0.0020886274470337,1,0.012256764304800322
2024-02-22,AAPL,52292200,0.0048506617090292,1,0.013625463583029539
2024-02-23,AAPL,45119700,-0.0134586795757296,0,0.015188355451196539
2024-02-26,AAPL,40867400,-0.0059262609663123,0,0.011578141718343649
2024-02-27,AAPL,54318900,0.0084483640404868,1,0.024075099190551275
2024-02-28,AAPL,48953900,-0.0059722556062528,0,0.01638261094935819
2024-02-29,AAPL,136682600,-0.0028686724786486,0,0.0167706099921118
2024-03-01,AAPL,73563100,0.0006126461068333,1,0.0175438253575319
2024-03-04,AAPL,81510100,-0.0059607597465247,0,0.01765541140000927
2024-03-05,AAPL,95132400,-0.0037479468859014,0,0.014171926954755495
2024-03-06,AAPL,68587700,-0.0113410643580871,0,0.014965584320822466
2024-03-07,AAPL,71765100,-0.0008867508241009,0,0.01324262675259576
2024-03-08,AAPL,76267000,0.0102366611096985,1,0.02816564796944338
2024-03-11,AAPL,60139500,-0.0010986610311321,0,0.013472891165501759
2024-03-12,AAPL,59825400,0.0004620377353435,1,0.017441549979299566
2024-03-13,AAPL,52488700,-0.009492384957415,0,0.014064987407988696
2024-03-14,AAPL,72913500,0.0005204808049537,1,0.013070351390728456
2024-03-15,AAPL,121752700,0.0084710928536146,1,0.013612209242153301
2024-03-18,AAPL,75604200,-0.0105371420307529,0,0.023865137931382112
2024-03-19,AAPL,55215200,0.0099805295956972,1,0.02053459852159358
2024-03-20,AAPL,53423100,0.0167880544488331,1,0.02037333147157352
2024-03-21,AAPL,106181300,-0.0320813772192359,0,0.037560062358933714
2024-03-22,AAPL,71160100,0.0030275051763595,1,0.0174080437167518
2024-03-25,AAPL,54288300,0.0016415475597926,1,0.014598143789904844
2024-03-26,AAPL,57388400,-0.0017058428596047,0,0.010823507869944739
2024-03-27,AAPL,60273300,0.0170177444643126,1,0.020480050573111256
2024-03-28,AAPL,65672700,-0.001572077277793,0,0.010014563148198671
2024-04-01,AAPL,46240500,-0.0067761180300609,0,0.010339413792968174
2024-04-02,AAPL,49329500,-0.0014194788890756,0,0.006564943212271111
2024-04-03,AAPL,47691700,0.0050950923903036,1,0.012441441603511695
2024-04-04,AAPL,53704400,-0.0086322509828518,0,0.018204186781062014
2024-04-05,AAPL,42104800,-5.893335132816124e-05,0,0.008491081269541359
2024-04-08,AAPL,37425500,-0.0034313544059832,0,0.005679414672016716
2024-04-09,AAPL,42373800,0.0057498591478974,1,0.010254865197595954
2024-04-10,AAPL,49709300,-0.0060426792299772,0,0.011729832297052595
2024-04-11,AAPL,91070300,0.0398003866816891,1,0.043364638294902204
2024-04-12,AAPL,101670900,0.0131413325898621,1,0.02381495482212693
2024-04-15,AAPL,73531800,-0.0152258106731991,0,0.023551578857423282
2024-04-16,AAPL,73711200,-0.0137990982077874,0,0.031965008642649305
2024-04-17,AAPL,50901200,-0.0094923684013789,0,0.015624042727128215
2024-04-18,AAPL,43122900,-0.0058918377691854,0,0.012438233369481773
2024-04-19,AAPL,68149400,-0.0072799871547458,0,0.013958197290874223
2024-04-22,AAPL,48116400,0.0019332531245162,1,0.015043439887037897
2024-04-23,AAPL,49537800,0.0093739808633475,1,0.012881795005674249
2024-04-24,AAPL,48251800,0.0148913839696583,1,0.018554079875466954
2024-04-25,AAPL,50558300,0.00212352157697,1,0.014510745777033606
2024-04-26,AAPL,44838400,-0.0034141853919463,0,0.012714878738079733
2024-04-29,AAPL,68169400,0.0007498695649418,1,0.01690022932630739
2024-04-30,AAPL,65934800,-0.0173080249714882,0,0.028789046561182485
2024-05-01,AAPL,50383100,-0.0016511308896895,0,0.021228954267273625
2024-05-02,AAPL,94214900,0.0030143428729883,1,0.014665809865274994
2024-05-03,AAPL,163224100,-0.0175193630892129,0,0.023252057218376004
2024-05-06,AAPL,78569700,-0.0035097305633492,0,0.02072935921455925
2024-05-07,AAPL,77305800,-0.0057236471475878,0,0.019514781312728335
2024-05-08,AAPL,45057100,-0.0006015893173626,0,0.008859777532954666
2024-05-09,AAPL,48983000,0.0110101325181047,1,0.01396802742035189
2024-05-10,AAPL,50759500,-0.0100053591443721,0,0.01600860764081621
2024-05-13,AAPL,72044800,0.0045297472326988,1,0.013373656997830071
2024-05-14,AAPL,52393600,-0.0004266536899277,0,0.010719480691743924
2024-05-15,AAPL,70400000,0.009632257587778,1,0.017455157870119812
2024-05-16,AAPL,52845200,-0.0033076331116441,0,0.007560258477331854
2024-05-17,AAPL,41282900,0.0018996391788643,1,0.00860115524278426
2024-05-20,AAPL,44361300,0.0090318039325008,1,0.015370008102075982
2024-05-21,AAPL,42309400,0.0065938028665667,1,0.00947196396086209
2024-05-22,AAPL,34648500,-0.0071254503850489,0,0.013262615047037296
2024-05-23,AAPL,51005900,-0.021468169109061,0,0.02288195211514136
2024-05-24,AAPL,36327000,0.006143355356027,1,0.013452009566764182
2024-05-28,AAPL,52280100,-0.0079368652147165,0,0.020364440542789446
2024-05-29,AAPL,53068000,0.003586270099638,1,0.014450743549095592
2024-05-30,AAPL,49889100,0.0027783539240869,1,0.008125329406597546
2024-05-31,AAPL,75158300,0.0042310778743416,1,0.013894711806241062
2024-06-03,AAPL,50080500,0.0058579829889413,1,0.012804568682509105
2024-06-04,AAPL,47471400,-0.0014898956383178,0,0.011765354254535934
2024-06-05,AAPL,54156800,0.0024053287378919,1,0.010388939829611057
2024-06-06,AAPL,41181800,-0.0061832832478475,0,0.011906596157115272
2024-06-07,AAPL,53103900,0.0115078631564474,1,0.014384809347832966
2024-06-10,AAPL,97010200,-0.0191975566097992,0,0.02615545614481273
2024-06-11,AAPL,172373300,0.0697134026620028,1,0.06986831503092836
2024-06-12,AAPL,198134300,0.0274871598651969,1,0.06413658371473531
2024-06-13,AAPL,97862700,-0.0023283970718531,0,0.02398246141727084
2024-06-14,AAPL,70122700,-0.0063596005215601,0,0.018096773470813912
2024-06-17,AAPL,93728300,0.0154661064220645,1,0.029198087219889535
2024-06-18,AAPL,79943300,-0.0151661524302491,0,0.025874373719230213
2024-06-20,AAPL,86172500,-0.0198663120904277,0,0.0251951553039934
2024-06-21,AAPL,241805100,-0.0137838961210009,0,0.022719705276695246
2024-06-24,AAPL,80727000,0.0020219438016421,1,0.029414599337786774
2024-06-25,AAPL,55549700,-0.0003824364073623,0,0.013244104008111575
2024-06-26,AAPL,66213200,0.0082742316784868,1,0.019952724447769292
2024-06-27,AAPL,49772700,-0.0027481314042635,0,0.015790206116252068
2024-06-28,AAPL,82542700,-0.0238680495587808,0,0.02674145691342204
2024-07-01,AAPL,60402900,0.0219718220688038,1,0.02635671853652585
2024-07-02,AAPL,58046200,0.0190608859232707,1,0.0244274759583176
2024-07-03,AAPL,37369800,0.007045468417081,1,0.011454564874822219
2024-07-05,AAPL,60412400,0.021159497272969,1,0.021655777955940342
2024-07-08,AAPL,59085900,0.0032146329565392,1,0.020256313257723757
2024-07-09,AAPL,48076100,0.0032904840262371,1,0.013293550110392653
2024-07-10,AAPL,62627700,0.0160488121535288,1,0.016703016921417787
2024-07-11,AAPL,64710600,-0.0165088900795449,0,0.028609685529406747
2024-07-12,AAPL,53046500,0.0070766867470964,1,0.017298649071911316
2024-07-15,AAPL,62631300,-0.0087956777259552,0,0.017506763635171983
2024-07-16,AAPL,43234300,-0.0007659262799202,0,0.0167659678357711
2024-07-17,AAPL,57345900,-0.0024841668032719,0,0.021006787484534335
2024-07-18,AAPL,66034600,-0.0264895176995459,0,0.03547854009142824
2024-07-19,AAPL,49151500,-0.0022685248154516,0,0.01565698851430346
2024-07-22,AAPL,48201800,-0.0134354780263954,0,0.020659894079090985
2024-07-23,AAPL,39960300,0.0028524285937349,1,0.018986539458629586
2024-07-24,AAPL,61777600,-0.0243750299726214,0,0.034241063254220175
2024-07-25,AAPL,51391200,-0.0065773865198529,0,0.02845663543027797
2024-07-26,AAPL,41601300,-0.0033835859382757,0,0.015912258961538524
2024-07-29,AAPL,36311800,0.0058996992057848,1,0.016362476686496537
2024-07-30,AAPL,41643800,-0.0017792754473493,0,0.01920711103141058
2024-07-31,AAPL,50036300,0.0028901706222559,1,0.01440571895879705
2024-08-01,AAPL,62501000,-0.0267860883256557,0,0.03324861442004225
2024-08-02,AAPL,105568600,0.0032398208242823,1,0.03600273606840814
2024-08-05,AAPL,119548600,0.0511326943684957,1,0.08789994636545878
2024-08-06,AAPL,69660500,0.0094008409502783,1,0.04344860222284796
2024-08-07,AAPL,63516400,0.0141131634310018,1,0.03504108368232876
2024-08-08,AAPL,47161100,0.0009384681510459,1,0.025198231438260565
2024-08-09,AAPL,42201600,0.019519091327267,1,0.022677969920690395
2024-08-12,AAPL,38028100,0.0067570296921746,1,0.018095933127142978
2024-08-13,AAPL,44155300,0.0103192083571987,1,0.013150107095786609
2024-08-14,AAPL,41960600,0.0052137364931669,1,0.015097255839320962
2024-08-15,AAPL,46414000,0.0005342614155237,1,0.01153166307344619
2024-08-16,AAPL,44340200,0.0095123477144967,1,0.01420153608687986
2024-08-19,AAPL,40687800,0.0007531373738523,1,0.01306934339481422
2024-08-20,AAPL,30299000,0.00327762865027,1,0.007618377942835133
2024-08-21,AAPL,34765500,-0.0005298003430734,0,0.012934807613092925
2024-08-22,AAPL,43695300,-0.0143114034984889,0,0.019491648326399876
2024-08-23,AAPL,38677300,0.0052290731925544,1,0.017238320156517828
2024-08-26,AAPL,30602200,0.0018521704847398,1,0.014949724253703178
2024-08-27,AAPL,35934600,0.0089822954836144,1,0.017522153601182082
2024-08-28,AAPL,38052200,-0.0062740991894939,0,0.018339803300067983
2024-08-29,AAPL,51906300,-0.0013472959980859,0,0.017557554015515252
2024-08-30,AAPL,52990800,-0.0051696530204831,0,0.01268516502878344
2024-09-03,AAPL,50190600,-0.0252898652466346,0,0.03425946937870515
2024-09-04,AAPL,43840200,-0.0036542341658916,0,0.019399093118813375
2024-09-05,AAPL,36615400,0.0033840183345056,1,0.017867578251293346
2024-09-06,AAPL,48423000,-0.0139762878619141,0,0.024425100670875617
2024-09-09,AAPL,67180000,0.0004075551802626,1,0.020650291673519176
2024-09-10,AAPL,51591000,0.0054357868233119,1,0.021697423897904168
2024-09-11,AAPL,44587100,0.0054185718046718,1,0.023480523754163655
2024-09-12,AAPL,37455600,0.0012135023481389,1,0.016764025741748487
2024-09-13,AAPL,36766600,-0.004830493882323,0,0.009526744818764987
2024-09-16,AAPL,59357400,-0.001015913774521,0,0.01523969314710952
2024-09-17,AAPL,45519300,0.0048203628557721,1,0.011123957805257744
2024-09-18,AAPL,59894900,0.0144334605635532,1,0.023764713193335896
2024-09-19,AAPL,66781300,0.0172451643597178,1,0.02306770218539308
2024-09-20,AAPL,318679900,-0.007696674623062,0,0.023785716361559312
2024-09-23,AAPL,54146000,-0.0038268458309221,0,0.016011258240008094
2024-09-24,AAPL,43556100,-0.0055980704721835,0,0.015832103532071196
2024-09-25,AAPL,42308700,0.0064020027932953,1,0.014537807851998362
2024-09-26,AAPL,36636700,0.0009678892113918,1,0.013594352381891774
2024-09-27,AAPL,34026000,-0.0029327383701495,0,0.009717242210727875
2024-09-30,AAPL,54541900,0.0128673569825114,1,0.014562711707910578
2024-10-01,AAPL,63285000,-0.0144213902796222,0,0.025749339026260216
2024-10-02,AAPL,32880600,0.0039399680908991,1,0.019257120087122742
2024-10-03,AAPL,34044200,0.0023540853723624,1,0.015501422420877417
2024-10-04,AAPL,37245100,-0.0048266383246424,0,0.016981111105010917
2024-10-07,AAPL,39505400,-0.0125166929113306,0,0.019420938130742093
2024-10-08,AAPL,31855700,0.0065537280459328,1,0.012171180073096711
2024-10-09,AAPL,33591100,0.0191359838403032,1,0.021844329184719527
2024-10-10,AAPL,28183500,0.0055316292632733,1,0.01022917658943503
2024-10-11,AAPL,31759200,-0.0076319231430843,0,0.00902750674517651
2024-10-14,AAPL,39882100,0.0113686319991689,1,0.01368600640922522
2024-10-15,AAPL,64751400,0.0010273767926758,1,0.021916914355547556
2024-10-16,AAPL,34082200,0.0007771704276242,1,0.009844554055312966
2024-10-17,AAPL,32993800,-0.0054834375164236,0,0.014265526862607751
2024-10-18,AAPL,46431500,-0.0049961584908721,0,0.009187900060290835
2024-10-21,AAPL,36254500,0.0086585574993418,1,0.01023676343149309
2024-10-22,AAPL,38846600,0.0084227680783444,1,0.015477340316534013
2024-10-23,AAPL,52287000,-0.0141832164142536,0,0.031527703456440535
2024-10-24,AAPL,31109500,0.0025654909454763,1,0.010479188220198747
2024-10-25,AAPL,38802300,0.0072690786498436,1,0.015887498081360484
2024-10-28,AAPL,36087100,0.0003428191743303,1,0.009343359366314108
2024-10-29,AAPL,35417200,0.0024452683419346,1,0.008622884831428814
2024-10-30,AAPL,47070900,-0.0107905700539525,0,0.016852234034046502
2024-10-31,AAPL,64370100,-0.014955928885286,0,0.019447138680931234
2024-11-01,AAPL,65276700,0.0087794833266466,1,0.02298955425166868
2024-11-04,AAPL,44944500,0.0046155436368973,1,0.013937221121798293
2024-11-05,AAPL,28111300,0.0074391067348152,1,0.012669060053791217
2024-11-06,AAPL,54561100,0.0004941404701045,1,0.021921768426542
2024-11-07,AAPL,42137700,0.0126874895729685,1,0.014735331374455264
2024-11-08,AAPL,38328800,-0.0009243802296549,0,0.009904476903356906
2024-11-11,AAPL,42005600,-0.0034222412109375,0,0.018666653103298514
2024-11-12,AAPL,40398300,-0.001425104964906,0,0.009930953895489585
2024-11-13,AAPL,48566200,0.0049551387776035,1,0.0173652938933032
2024-11-14,AAPL,44923900,0.0142209443048784,1,0.017198449220992805
2024-11-15,AAPL,47923700,-0.0061837187907543,0,0.011704920353027825
2024-11-18,AAPL,44633700,0.0122974662484391,1,0.020288600773446304
2024-11-19,AAPL,36211800,0.0057273904142561,1,0.015419861070934696
2024-11-20,AAPL,35169600,0.004121733102995,1,0.017714607249764685
2024-11-21,AAPL,42108300,-0.0015728792497006,0,0.019442488873244484
2024-11-22,AAPL,38168300,0.0079364973163638,1,0.011663613481474143
2024-11-25,AAPL,90152800,0.0060917150368157,1,0.015164583103010974
2024-11-26,AAPL,45986200,0.0074143732651735,1,0.009600160611947127
2024-11-27,AAPL,33498400,0.001961835000995,1,0.008018104120035575
2024-11-29,AAPL,28481400,0.0107320995641681,1,0.016353632203979566
2024-12-02,AAPL,48137100,0.0097778565501503,1,0.01529898241943389
2024-12-03,AAPL,38861000,0.0118426936608291,1,0.016096078769228347
2024-12-04,AAPL,44383900,0.0005764375693296,1,0.011775849910861056
2024-12-05,AAPL,40033900,-0.003893652140017,0,0.00987740624231351
2024-12-06,AAPL,36870600,-0.0002882027218448,0,0.010497727608225097
2024-12-09,AAPL,44649200,0.0203448626377734,1,0.022701920570630776
2024-12-10,AAPL,36914800,0.0035643601805987,1,0.011624652205726017
2024-12-11,AAPL,45205800,-0.0059283803069074,0,0.018309438707835027
2024-12-12,AAPL,32777500,0.0043339435654096,1,0.012394235590536951
2024-12-13,AAPL,33155300,0.0012508980285364,1,0.012307270207520062
2024-12-16,AAPL,51694800,0.0122988335231631,1,0.015040973038048293
2024-12-17,AAPL,51356400,0.0135956248863965,1,0.01619482974289894
2024-12-18,AAPL,56774100,-0.0162991773106844,0,0.025935886703492693
2024-12-19,AAPL,60882300,0.0092524981257891,1,0.019838398634785374
2024-12-20,AAPL,147495300,0.0260039202613213,1,0.037534259839516936
2024-12-23,AAPL,40858800,0.0019625544279744,1,0.008635227504606123
2024-12-24,AAPL,23234700,0.0106070948201522,1,0.011429011335722973
2024-12-26,AAPL,27237100,0.0032146348209357,1,0.009566602879070464
2024-12-27,AAPL,42355300,-0.0086878577009395,0,0.021874936749673606
2024-12-30,AAPL,35557500,-0.0001189342259247,0,0.010902747677047124
2024-12-31,AAPL,39480700,-0.0080019182891975,0,0.015251172818417535
2025-01-02,AAPL,55740700,-0.0204072900885111,0,0.029245165281383847
2025-01-03,AAPL,40244100,0.0,0,0.009409900067346466
2025-01-06,AAPL,45045600,0.0028242906483626,1,0.016904772314206912
2025-01-07,AAPL,40856000,-0.0031689399424275,0,0.01728536102598235
2025-01-08,AAPL,37628900,0.0032242013277139,1,0.01512898350616476
2025-01-10,AAPL,61710900,-0.0131660700622628,0,0.029832106270497167
2025-01-13,AAPL,49630700,0.0037254105328441,1,0.021196407203000662
2025-01-14,AAPL,39435300,-0.0062619860306842,0,0.015548429803980407
2025-01-15,AAPL,39832000,0.0137657506645968,1,0.01930623103422058
2025-01-16,AAPL,71759100,-0.038297920214568,0,0.04204758993427803
2025-01-17,AAPL,68488300,-0.009219366856216,0,0.016413913659916398
2025-01-21,AAPL,98070400,-0.0060714312962122,0,0.022499970027378618
2025-01-22,AAPL,64126500,0.0183812214765501,1,0.01970063225498023
2025-01-23,AAPL,60234800,-0.0048055611135398,0,0.021046523146422885
2025-01-24,AAPL,54697900,-0.0088975888017676,0,0.018773917802386735
2025-01-27,AAPL,94863400,0.0260690841287004,1,0.03646994917029229
2025-01-28,AAPL,75707600,0.0320987143487343,1,0.040632465387964514
2025-01-29,AAPL,45486100,0.022381708536006,1,0.024987212649596312
2025-01-30,AAPL,55658300,-0.0045250841720382,0,0.014999734360124454
2025-01-31,AAPL,100959800,-0.0452688309838044,0,0.05562522700835884
2025-02-03,AAPL,73063300,-0.008609117522661,0,0.02665335334754252
2025-02-04,AAPL,45067300,0.0244224556733017,1,0.02851489982982706
2025-02-05,AAPL,39620300,0.0172406356384366,1,0.019253463090128674
2025-02-06,AAPL,29925300,0.0083445371204739,1,0.014570497962734972
2025-02-07,AAPL,39707200,-0.0213671585996918,0,0.02897680703483946
2025-02-10,AAPL,33115600,-0.0083635203488179,0,0.014766734684382327
2025-02-11,AAPL,53718400,0.0193689668188199,1,0.0311130190169849
2025-02-12,AAPL,45243300,0.0245242138572113,1,0.02716269083468809
2025-02-13,AAPL,53614100,0.0195010554462559,1,0.028576205770219316
2025-02-14,AAPL,40896200,0.013886035662241,1,0.018901544284326555
2025-02-18,AAPL,48822500,0.001310699701899,1,0.013680100026161433
2025-02-19,AAPL,32204200,0.0008582990760031,1,0.011648781174149771
2025-02-20,AAPL,32316900,0.0036335403804094,1,0.010165777203989949
2025-02-21,AAPL,53197400,-0.0016263220225554,0,0.014108563788408319
2025-02-24,AAPL,51326400,0.0088597292803044,1,0.018127638811811744
2025-02-25,AAPL,48013300,-0.0038709948139806,0,0.020524178781817025
2025-02-26,AAPL,44433600,-0.0162485212251921,0,0.023942990221772615
2025-02-27,AAPL,41153600,-0.0088133351909953,0,0.0225554867076263
2025-02-28,AAPL,56833400,0.0206372629357601,1,0.05017936080516438
2025-03-03,AAPL,47184000,-0.0155506621913272,0,0.032755690429144065
2025-03-04,AAPL,53798100,-0.0074881746153351,0,0.022674748627328493
2025-03-05,AAPL,47227600,0.0013593039109154,1,0.031093396402822444
2025-03-06,AAPL,45170400,0.0037962778552303,1,0.02004776019150956
2025-03-07,AAPL,46273600,0.0168432083007396,1,0.02811450211897357
2025-03-10,AAPL,72071200,-0.0342192315035115,0,0.0506920386420392
2025-03-11,AAPL,76137400,-0.0132701901304724,0,0.037487151964477855
2025-03-12,AAPL,62547500,-0.014354518355913,0,0.03107112000024954
2025-03-13,AAPL,61368300,-0.0290345189213579,0,0.038990499133757205
2025-03-14,AAPL,60107600,0.0106035762990014,1,0.020686367418639186
2025-03-17,AAPL,48073400,0.0032347402808286,1,0.024612067226515683
2025-03-18,AAPL,42432400,-0.0068640324783632,0,0.01708997170683118
2025-03-19,AAPL,54385400,0.0047614800982567,1,0.023387146290202578
2025-03-20,AAPL,48862900,0.000514045551324,1,0.024627338367114955
2025-03-21,AAPL,94127800,0.0317168027571411,1,0.03573453226430446
2025-03-24,AAPL,44299500,-0.0012217387894159,0,0.013122144327983419
2025-03-25,AAPL,34493600,0.0134981911938604,1,0.01820901478762337
2025-03-26,AAPL,34466100,-0.0088586451442935,0,0.020357045159421962
2025-03-27,AAPL,37094800,0.0111116433472569,1,0.02000997310982181
2025-03-28,AAPL,39818600,-0.0170072824631307,0,0.027653741748761645
2025-03-31,AAPL,65299300,0.0235934312039959,1,0.043269893679264176
2025-04-01,AAPL,36412700,0.015376938812401,1,0.02174604809784696
2025-04-02,AAPL,35905900,0.0116121090745529,1,0.01884148757882788
2025-04-03,AAPL,103419000,-0.0114332534858806,0,0.03035908191588463
2025-04-04,AAPL,125910900,-0.0284181470121254,0,0.06467589140438874
2025-04-07,AAPL,160466300,0.0240406875789579,1,0.11021444196187724
2025-04-08,AAPL,120859500,-0.0764863364366075,0,0.11317616480669365
2025-04-09,AAPL,184395900,0.1564408818417745,1,0.16702530811528904
2025-04-10,AAPL,121880000,0.0071401639204021,1,0.062304957544621904
2025-04-11,AAPL,87435900,0.0647500666188377,1,0.07243414984113987
2025-04-14,AAPL,101352900,-0.0421868996687001,0,0.05571319827505835
2025-04-15,AAPL,51343900,0.0013870939188063,1,0.018379032219659464
2025-04-16,AAPL,59732400,-0.0206190579013196,0,0.04199436280209387
2025-04-17,AAPL,52164700,-0.0011156248687005,0,0.022363102080913497
2025-04-21,AAPL,46742500,-0.0005691551090177,0,0.020644721917319187
2025-04-22,AAPL,52976400,0.018458140251398,1,0.028655900760294322
2025-04-23,AAPL,52929200,-0.0067960868761377,0,0.025242703632243575
2025-04-24,AAPL,47311000,0.0169847027083103,1,0.028747129714453173
2025-04-25,AAPL,38222300,0.0141009048357874,1,0.017202127904989054
2025-04-28,AAPL,38743100,0.0006666637602305,1,0.019238063267299058
2025-04-29,AAPL,36827600,0.0120753473716044,1,0.018544301742787875
2025-04-30,AAPL,52286500,0.0152890439636107,1,0.03301482829123792
2025-05-01,AAPL,57365700,0.0202793450164123,1,0.027070994894494334
2025-05-02,AAPL,101010600,-0.0035906169514495,0,0.02343637205532151
2025-05-05,AAPL,69018500,-0.0207287375054111,0,0.02900048849159776
2025-05-06,AAPL,51216500,0.001513484601218,1,0.01831385652119824
2025-05-07,AAPL,68536700,-0.014660833437717,0,0.03107899030131828
2025-05-08,AAPL,50478900,-0.0011632395615977,0,0.027159671974623746
2025-05-09,AAPL,36453900,-0.0023618151794126,0,0.01507537688442215
2025-05-12,AAPL,63775800,-0.0008532394820531,0,0.021424867262205504
2025-05-13,AAPL,51909300,0.0118804357126594,1,0.020909537849310544
2025-05-14,AAPL,49325800,-0.0004707002220687,0,0.0158169784220617
2025-05-15,AAPL,45029500,0.002370229946591,1,0.016212436488318813
2025-05-16,AAPL,54737900,-0.0051799119436525,0,0.01318517161287531
2025-05-19,AAPL,46140500,0.0041844793509858,1,0.025107022888550254
2025-05-20,AAPL,42496600,-0.0039004072120941,0,0.016564754041205686
2025-05-21,AAPL,59211800,-0.015011950375505,0,0.030852398638972683
2025-05-22,AAPL,46742400,0.0032384727952852,1,0.015196068704765071
2025-05-23,AAPL,78432900,0.0082615072992352,1,0.02189286040410004
2025-05-27,AAPL,56288500,0.0096318892219626,1,0.01669194536784191
2025-05-28,AAPL,45339700,-0.0008474907624952,0,0.014108389664096624
2025-05-29,AAPL,51396800,-0.0178308520000159,0,0.026034006307535856
2025-05-30,AAPL,70819900,0.0074234389455554,1,0.025981883239379142
2025-06-02,AAPL,35423300,0.0070900647972846,1,0.010035998491491826
2025-06-03,AAPL,46381600,0.0095356250844025,1,0.013955785812835146
2025-06-04,AAPL,43604000,-0.0004435283439277,0,0.02040313101833322
2025-06-05,AAPL,55126100,-0.0141031701090294,0,0.02260445259712836
2025-06-06,AAPL,46607700,0.0045320106844597,1,0.017980265499922973
2025-06-09,AAPL,72862600,-0.0143842773628148,0,0.029257770660974677
2025-06-10,AAPL,54672600,0.0103190030032278,1,0.018843462932629503
2025-06-11,AAPL,60989900,-0.0231941091926443,0,0.02992627193066658
2025-06-12,AAPL,43904600,0.0006027482222415,1,0.011653566626940908
2025-06-13,AAPL,51447300,-0.0164221641689277,0,0.02338155644541201
2025-06-16,AAPL,43020700,0.0056766097306835,1,0.01079576710525278
2025-06-17,AAPL,38856200,-0.0079107382491653,0,0.016125723757571445
2025-06-18,AAPL,45394700,0.0032663028563543,1,0.012759007700571876
2025-06-20,AAPL,96813500,0.0139224900643532,1,0.024414831536399978
2025-06-23,AAPL,55814300,-0.0006447695266786,0,0.01656497672472811
2025-06-24,AAPL,54064000,-0.01130358520918,0,0.015992919451759097
2025-06-25,AAPL,39525700,0.0005460442393544,1,0.015140248686831377
2025-06-26,AAPL,50799100,-0.0021347003495817,0,0.015787086290072593
2025-06-27,AAPL,73188600,-0.0040120737086656,0,0.015949285405110734
2025-06-30,AAPL,91912800,0.0156428085146174,1,0.04024555766490725
2025-07-01,AAPL,78788900,0.0055644707285154,1,0.019596473061595877
2025-07-02,AAPL,67941800,0.016897222332188,1,0.024891086386905212
2025-07-03,AAPL,34955800,0.0065991477518333,1,0.013386737777972196
2025-07-07,AAPL,50229000,-0.0128361661724371,0,0.03493508055131377
2025-07-08,AAPL,42848900,-0.0004284226276287,0,0.014183701289712544
2025-07-09,AAPL,48749400,0.0076838668435607,1,0.01961533257431418
2025-07-10,AAPL,44443600,0.0090257432181527,1,0.016388756060369217
2025-07-11,AAPL,39765800,0.0028019011130213,1,0.010780283010418399
2025-07-14,AAPL,38840100,-0.0062401638846189,0,0.01605302002359058
2025-07-15,AAPL,42296300,-0.0005257652696194,0,0.014195589347932911
2025-07-16,AAPL,47490500,-0.0006657127323672,0,0.017879193781611846
2025-07-17,AAPL,48068100,-0.0026119724207017,0,0.010495353739834257
2025-07-18,AAPL,48974600,0.0014700885179111,1,0.009911302633308045
2025-07-21,AAPL,51377400,0.0017915587604367,1,0.019566212998876432
2025-07-22,AAPL,46404100,0.0059115816385665,1,0.012761570932214654
2025-07-23,AAPL,46989300,-0.0039535167605377,0,0.012744140625000162
2025-07-24,AAPL,46022600,-0.0006545086191829,0,0.010098194126899716
2025-07-25,AAPL,40268800,-0.003819245817816,0,0.008570151946128162
2025-07-28,AAPL,37858000,9.346480668614263e-05,1,0.00836335352581886
2025-07-29,AAPL,51411700,-0.0135866490934348,0,0.01862914544223992
2025-07-30,AAPL,45512500,-0.0134496976253751,0,0.022038689492490666
2025-07-31,AAPL,80698400,-0.0044126727646687,0,0.012854298072667667
2025-08-01,AAPL,104434500,-0.0402617272773058,0,0.057286489831526094
2025-08-04,AAPL,75109300,-0.005672037721763,0,0.03031642645134382
2025-08-05,AAPL,44155100,-0.0023598610714971,0,0.01563418274928582
2025-08-06,AAPL,108483100,0.0370568250559061,1,0.04760982498882493
2025-08-07,AAPL,90224800,0.0052539924654153,1,0.019508425517200924
2025-08-08,AAPL,113854000,0.0385817334683497,1,0.05320834987353464
2025-08-11,AAPL,61806100,-0.0032467773741185,0,0.021060034618813207
2025-08-12,AAPL,55626200,0.0071926644847109,1,0.01635891328187912
2025-08-13,AAPL,69878500,0.0097805618868782,1,0.019777587654664596
2025-08-14,AAPL,51916300,-0.005468678085312,0,0.018243138760193085
2025-08-15,AAPL,56038700,-0.0102991609491853,0,0.0211111215444711
2025-08-18,AAPL,37476200,-0.0034958893796389,0,0.012990913018908343
2025-08-19,AAPL,39402600,-0.0031131149451024,0,0.015219599758952266
2025-08-20,AAPL,42263900,-0.017262376269484,0,0.020436546810837897
2025-08-21,AAPL,30621200,-0.0060547591377904,0,0.01210945083938182
2025-08-22,AAPL,42477800,0.0070300939592478,1,0.016270914381103525
2025-08-25,AAPL,30983100,0.0030025077154645,1,0.013555313414576583
2025-08-26,AAPL,54575100,0.0107550689554424,1,0.021157504981116796
2025-08-27,AAPL,31259500,0.0082236336021749,1,0.011548048565679935
2025-08-28,AAPL,38074700,0.0075382990172551,1,0.017632818625215003
2025-08-29,AAPL,39418400,-0.0015913084423414,0,0.008644831676540714
2025-09-02,AAPL,44075600,0.0020501689016494,1,0.016924775933751406
2025-09-03,AAPL,66427800,0.0053117257753624,1,0.018928398322504706
2025-09-04,AAPL,47549400,0.005577696993401,1,0.013252205677344656
2025-09-05,AAPL,54870400,-0.0012916564941406,0,0.011791674296061127
2025-09-08,AAPL,48999500,-0.005933966363712,0,0.015921427120791476
2025-09-09,AAPL,66313900,-0.0111814088459257,0,0.02286919058626715
2025-09-10,AAPL,83440800,-0.0232568547245532,0,0.02786511543422657
2025-09-11,AAPL,50208600,0.0138839643366166,1,0.016748955262587188
2025-09-12,AAPL,55824200,0.0211587386689079,1,0.023950746903142115
2025-09-15,AAPL,42699500,-0.0012658356614254,0,0.013333348785271766
2025-09-16,AAPL,63421100,0.0040897261601196,1,0.020659389694739155
2025-09-17,AAPL,46508000,8.371039192682348e-05,1,0.009917606242917931
2025-09-18,AAPL,44249600,-0.0087094067060842,0,0.01896071604205692
2025-09-19,AAPL,163741300,0.0177009673261519,1,0.025245601483030587
2025-09-22,AAPL,105517400,0.0313329980865369,1,0.034313408886563666
2025-09-23,AAPL,60275200,-0.0056667663723678,0,0.014694366246232934
2025-09-24,AAPL,42303700,-0.0114019420429079,0,0.018415532421249575
2025-09-25,AAPL,55202100,0.014454359252303,1,0.021563155361537925
2025-09-26,AAPL,46076300,0.0053522258074937,1,0.015033479860140272
2025-09-29,AAPL,40127700,-0.0005107042899879,0,0.007817432087718176
2025-09-30,AAPL,37704300,-0.0009024394843767,0,0.011025651541490197
2025-10-01,AAPL,48713900,0.0016076053674036,1,0.01513494342359887
2025-10-02,AAPL,42630200,0.0021436524254863,1,0.015706598293712914
2025-10-03,AAPL,49155600,0.0131542422303871,1,0.020771953210693545
2025-10-06,AAPL,44664100,-0.0050389078730836,0,0.01558201645268845
2025-10-07,AAPL,31955800,-0.0012849444157264,0,0.007671045673576713
2025-10-08,AAPL,36496900,0.006003464099789,1,0.00939499362749847
2025-10-09,AAPL,38322000,-0.014623188814096,0,0.01885109443533906
2025-10-10,AAPL,61999100,-0.0379304859039051,0,0.04856046428279863
2025-10-13,AAPL,38142900,-0.0068971095798614,0,0.0165610907127589
2025-10-14,AAPL,35478000,0.0047445180048137,1,0.01682890937776932
2025-10-15,AAPL,33893600,-0.0006012631847793,0,0.017435592639941856
2025-10-16,AAPL,39777000,-0.0032225701984201,0,0.015750205048621565
2025-10-17,AAPL,49147000,0.0172163089271665,1,0.024635112108293753
2025-10-20,AAPL,90483000,0.0248153146268811,1,0.03419438047938807
2025-10-21,AAPL,46695900,0.003398442470847,1,0.013212241897599578
2025-10-22,AAPL,45015300,-0.0159907930213332,0,0.028250575290927886
2025-10-23,AAPL,32754900,-0.001384996021233,0,0.010040722193771803
2025-10-24,AAPL,38253700,0.0062406863493107,1,0.018951767528474776
2025-10-27,AAPL,44888200,0.0148368793541812,1,0.01687557059159959
2025-10-28,AAPL,41534800,3.721240934028383e-05,1,0.006468719339470577
2025-10-29,AAPL,51086700,0.0015597646674034,1,0.015968576686124936
2025-10-30,AAPL,69886500,-0.0021691840107139,0,0.020809602799103058
2025-10-31,AAPL,86167100,-0.0238997629899405,0,0.029459561535797
2025-11-03,AAPL,50194600,-0.0050662878734444,0,0.017010597866658622
2025-11-04,AAPL,49274800,0.0063728321776504,1,0.014422521935114584
2025-11-05,AAPL,43683100,0.0056960998485311,1,0.01775816161490382
2025-11-06,AAPL,51204000,0.0070177097406991,1,0.020568065051912547
2025-11-07,AAPL,48227400,-0.0049295279186082,0,0.020459673020763316
2025-11-10,AAPL,41312400,0.0017474763371325,1,0.023312090015057862
2025-11-11,AAPL,46208300,0.0201623456900438,1,0.022645624418768058
2025-11-12,AAPL,48398000,-0.005563631924716,0,0.014654541015624861
2025-11-13,AAPL,49602800,-0.0042317799661457,0,0.01681812453212181
2025-11-14,AAPL,47431300,0.0050175832148696,1,0.023464252492128267
2025-11-17,AAPL,45018300,-0.0050592062796142,0,0.017706938168132562
2025-11-18,AAPL,45677300,-0.0094447493803572,0,0.019963644304666277
2025-11-19,AAPL,40424500,0.0114111354394097,1,0.02527018222395015
2025-11-20,AAPL,45823600,-0.0169109286243809,0,0.0351142034470003
2025-11-21,AAPL,59030800,0.0208308996918981,1,0.02880230416597339
2025-11-24,AAPL,65585800,0.018530895697134,1,0.02251755718328496
2025-11-25,AAPL,46914200,0.0061757993057021,1,0.018636266529431553
2025-11-26,AAPL,33431400,0.0021302583625559,1,0.01047080439759025
2025-11-28,AAPL,20135600,0.0057346760509555,1,0.010856270863473794
2025-12-01,AAPL,46587700,0.0183086801161645,1,0.02618610310266984
2025-12-02,AAPL,53669500,0.0112720934325309,1,0.016855084853964086
2025-12-03,AAPL,43538700,-0.007162886873198,0,0.018588424518900186
2025-12-04,AAPL,43989100,-0.0119675952954593,0,0.021612159509071985
2025-12-05,AAPL,47265800,-0.0062736497897525,0,0.011014567481821067
2025-12-08,AAPL,38211800,-0.0008628707085238,0,0.012656022253813017
2025-12-09,AAPL,32193300,-0.0035231915927013,0,0.011180562663999355
2025-12-10,AAPL,33038300,0.0037083664421129,1,0.011917182929230344
2025-12-11,AAPL,33248000,-0.0038337775020395,0,0.020709418319228283
2025-12-12,AAPL,39532900,0.0013674159451547,1,0.008636178298652132
2025-12-15,AAPL,50409100,-0.0215599096074,0,0.026093156230068762
2025-12-16,AAPL,37648600,0.006561021843301,1,0.013598678086204938
2025-12-17,AAPL,50138700,-0.0115269019859894,0,0.016435725439681227
2025-12-18,AAPL,51630700,-0.0051898066085992,0,0.02441428688064175
2025-12-19,AAPL,144632000,0.0055852271370181,1,0.017269933170819582
2025-12-22,AAPL,36571800,-0.0069265712538401,0,0.012350638782177757
2025-12-23,AAPL,29642000,0.0056121290585737,1,0.010855126573471149
2025-12-24,AAPL,17910600,0.0053976692387088,1,0.01186010322458322
2025-12-26,AAPL,21521800,-0.0027721394640834,0,0.009155273315207813
2025-12-29,AAPL,23715200,0.0039238964195199,1,0.007370931204120126
2025-12-30,AAPL,22139600,0.0009896595289324,1,0.006597953920593297
2025-12-31,AAPL,27293600,-0.0043946832848475,0,0.007068016893859029
2026-01-02,AAPL,37838100,-0.0045911994239479,0,0.032468948875380176
2026-01-05,AAPL,45647200,-0.012488932529815,0,0.01984183722485809
2026-01-06,AAPL,52352100,-0.0173783320166198,0,0.020337051220154435
2026-01-07,AAPL,48309800,-0.0109043522099387,0,0.014703628182750075
2026-01-08,AAPL,50419300,0.0078593868866071,1,0.01396783032501305
2026-01-09,AAPL,39997000,0.0011193784157503,1,0.015400611553073701
2026-01-12,AAPL,45263800,0.0042058817814793,1,0.017363790463080352
2026-01-13,AAPL,45730800,0.0090058231341688,1,0.01321885781547585
2026-01-14,AAPL,40019400,0.0018112499070911,1,0.01969253559463009
2026-01-15,AAPL,39388600,-0.0093612219395458,0,0.015307964110437512
2026-01-16,AAPL,72142800,-0.0091895896598538,0,0.015393568494214986
2026-01-20,AAPL,80267500,-0.0238594503273669,0,0.04498870458354761
2026-01-21,AAPL,54641700,-0.0042219664842871,0,0.02565341761600532
2026-01-22,AAPL,39708300,-0.0034108782308818,0,0.011436621743247957
2026-01-23,AAPL,41689000,0.0029111513043513,1,0.01912506407185818
2026-01-26,AAPL,55969200,0.0156275171040967,1,0.026880843890899356
2026-01-27,AAPL,49648300,-0.0034727181673487,0,0.01443076188671791
2026-01-28,AAPL,41288000,-0.0046962603677151,0,0.01688333377750544
2026-01-29,AAPL,67253000,0.0010852665864218,1,0.020310039668120113
2026-01-30,AAPL,92443400,0.0168907506693995,1,0.03809225728123256
2026-02-02,AAPL,73913400,0.0383802293319194,1,0.04337960555416887
2026-02-03,AAPL,64394700,0.0010401142890049,1,0.01586188461227134
2026-02-04,AAPL,90545700,0.0154246632548041,1,0.024459228958489856
2026-02-05,AAPL,52977400,-0.0079818832262939,0,0.022543375053380794
2026-02-06,AAPL,50453400,0.0036085450982241,1,0.014362049135592294
2026-02-09,AAPL,44623400,-0.0118383955293741,0,0.023388866591153218
2026-02-10,AAPL,34376900,-0.004401840402256,0,0.008839872480959472
2026-02-11,AAPL,51931300,0.0029122233615549,1,0.020859047011732773
2026-02-12,AAPL,81077200,-0.0502920480994865,0,0.056388144531446825
2026-02-13,AAPL,56290700,-0.0237777594524003,0,0.02587692754238988
2026-02-17,AAPL,58469100,0.0225925881249068,1,0.04165865439766519
2026-02-18,AAPL,34203300,0.0028452199644694,1,0.016578129802741218
2026-02-19,AAPL,30845300,-0.0076923818899444,0,0.016869851829375344
2026-02-20,AAPL,42070500,0.0216626841916776,1,0.02544694870767832
2026-02-23,AAPL,37308200,0.0102091257395147,1,0.02296097771147698
2026-02-24,AAPL,47014600,0.0159786064770276,1,0.026805135466335762
2026-02-25,AAPL,33714300,0.0090146891531219,1,0.014313101280114612
2026-02-26,AAPL,32345100,-0.0072740495042933,0,0.01931259255444394
2026-02-27,AAPL,72366500,-0.0316337559475215,0,0.03636224111627594
2026-03-02,AAPL,41827900,0.0088030087510238,1,0.02412250479755517
2026-03-03,AAPL,38568900,0.0010247039715126,1,0.020608746202242463
2026-03-04,AAPL,39803100,-0.0080483844017984,0,0.01787258861830986
2026-03-05,AAPL,49658600,-0.0019172513655324,0,0.016526697409311685
2026-03-06,AAPL,41120000,-0.0045238889751577,0,0.01701269695477944
2026-03-09,AAPL,38218500,0.0163870405623952,1,0.029215069613114743
2026-03-10,AAPL,30590800,0.0123422967246755,1,0.02146322107625856
2026-03-11,AAPL,26218900,-0.0010724224720371,0,0.00988171560010601
2026-03-12,AAPL,40794000,-0.011211664401976,0,0.01844127218633003
2026-03-13,AAPL,36930000,-0.0209801186002359,0,0.02665563806830196
2026-03-16,AAPL,32074200,0.0028162576341608,1,0.015905733596953128
2026-03-17,AAPL,32361600,0.0050205130454017,1,0.011661970780891638
2026-03-18,AAPL,35757900,-0.0106479926747182,0,0.02351265616355281
2026-03-19,AAPL,34864100,-0.001764182812289,0,0.018163588172247756
2026-03-20,AAPL,88331100,4.036521411990107e-05,1,0.01290425438896332
2026-03-23,AAPL,40546100,-0.0097649159964524,0,0.017009911814209282
2026-03-24,AAPL,45152300,0.0051527591559131,1,0.02109046794715761
2026-03-25,AAPL,28476700,-0.0058245216480837,0,0.013380534493569782
2026-03-26,AAPL,41796700,0.0030541182269301,1,0.024710438871154695
2026-03-27,AAPL,47900000,-0.0200866127110103,0,0.029224097468747712
2026-03-30,AAPL,39446200,-0.0137561576384737,0,0.021434000293374878
2026-03-31,AAPL,49598100,0.0237182426572733,1,0.03380254729633653
2026-04-01,AAPL,40059400,0.0061004527730932,1,0.01121690343272921
2026-04-02,AAPL,31289400,0.0067663306111421,1,0.021557871959549602
2026-04-06,AAPL,29329900,0.0091613406747154,1,0.022221402635473654
2026-04-07,AAPL,62148000,-0.0103841490634036,0,0.040990065227509975
2026-04-08,AAPL,41032800,0.0017410782286698,1,0.01245889366847372
2026-04-09,AAPL,28121600,0.00575285804778,1,0.01949802236667484
2026-04-10,AAPL,31291500,0.0019232247821788,1,0.012193296768116126
2026-04-13,AAPL,36234700,-0.0020405758167267,0,0.013552492452854023
2026-04-14,AAPL,48370700,-0.0016201096537488,0,0.018283472456605398
2026-04-15,AAPL,49913500,0.0320343542623123,1,0.033893708846751955
2026-04-16,AAPL,43323100,-0.0127436058922263,0,0.022076517683381716
2026-04-17,AAPL,61436200,0.0122490996251032,1,0.02090195816178901
2026-04-20,AAPL,36590200,0.0100617813628158,1,0.014759702706190207
2026-04-21,AAPL,50209800,-0.0196316264171846,0,0.02725596278631438
2026-04-22,AAPL,43249200,0.0199761255963187,1,0.025651538082704883
2026-04-23,AAPL,33399600,-0.0058898207201772,0,0.014979077622387175
2026-04-24,AAPL,38157100,-0.0062326299536799,0,0.012501846091879237
2026-04-27,AAPL,41466800,0.005712311753884,1,0.01236415525808061
2026-04-28,AAPL,40018900,-0.005985183611408,0,0.016780522088825824
2026-04-29,AAPL,30047900,0.0097926583977011,1,0.014950477228559073
2026-04-30,AAPL,91848200,0.0031423515841612,1,0.029057247140711825
2026-05-01,AAPL,79915400,0.0045902222051013,1,0.031736378714781556
2026-05-04,AAPL,46668400,-0.0101194917141709,0,0.020632265807381922
2026-05-05,AAPL,49311700,0.0261799017504327,1,0.02914096536183709
2026-05-06,AAPL,58336100,0.0198283061565033,1,0.024687823224945435
2026-05-07,AAPL,45224300,-0.0063262233960231,0,0.021951831661374
2026-05-08,AAPL,52692800,0.0114133907352672,1,0.01641326025081633
2026-05-11,AAPL,42247300,0.0023973616792755,1,0.012500834848777738
2026-05-12,AAPL,45748100,0.0076565157679371,1,0.009263028020552856
2026-05-13,AAPL,52684300,0.0182964058507239,1,0.025281136039980775
2026-05-14,AAPL,35324900,-0.0053699413975385,0,0.016910170103278516
2026-05-15,AAPL,54862800,0.0078214741107156,1,0.022423710406924504
2026-05-18,AAPL,34483000,-0.007993585047118,0,0.019151346213112316
2026-05-19,AAPL,42243600,0.0067346869777383,1,0.014008161245275758
2026-05-20,AAPL,38229800,0.0136494983707514,1,0.015829369295864676
2026-05-21,AAPL,42965100,0.013053852081482,1,0.01707305749724238
2026-05-22,AAPL,43670200,0.008820110577872,1,0.018162804283546514
2026-05-26,AAPL,48000500,-0.0039734170953251,0,0.0134061052113133
2026-05-27,AAPL,50430900,0.0081731250316106,1,0.016086732360343216
2026-05-28,AAPL,48220400,0.0058903602838484,1,0.010396486883275885
2026-05-29,AAPL,70026800,0.00089806523957,1,0.017544426333054183
2026-06-01,AAPL,48849900,-0.0107224986980033,0,0.0191196374200718
2026-06-02,AAPL,44534700,0.0251740745692565,1,0.028491543644971876
2026-06-03,AAPL,50836700,-0.0124768699520644,0,0.02574955925420471
2026-06-04,AAPL,44869100,-0.0063850842187892,0,0.012419035571298668
2026-06-05,AAPL,65310500,-0.0176436401972883,0,0.02563453271992528
2026-06-08,AAPL,77949100,-0.0233205348098488,0,0.05256844264466442
2026-06-09,AAPL,70108800,-0.032403127167586,0,0.043193024088947
2026-06-10,AAPL,52793300,0.0028891668367101,1,0.025349093226722328
2026-06-11,AAPL,42572500,0.006502804215482,1,0.02522812076574058
2026-06-12,AAPL,38742100,-0.0165523558986923,0,0.025402896876192894
2026-06-15,AAPL,45732600,0.0078199998256849,1,0.0206717893145725
2026-06-16,AAPL,39874400,0.0135139381350549,1,0.02204914399872998
2026-06-17,AAPL,42745100,-0.0162871656874702,0,0.025627461579653125
2026-06-18,AAPL,85962200,-0.0003353647675356,0,0.016604650800923992
2026-06-22,AAPL,44879900,-0.0010090067452563,0,0.01903738087715634
2026-06-23,AAPL,52010900,-0.0108893616283671,0,0.025072332319738915
2026-06-24,AAPL,53081900,-0.0077193895326851,0,0.022887358142229895
2026-06-25,AAPL,107013700,-0.0426235221299697,0,0.052365998999949315
2026-06-26,AAPL,261775500,0.0319272682883523,1,0.0426909845525569
2026-06-29,AAPL,66427000,-0.0174032035739399,0,0.02971432597642562
2026-06-30,AAPL,65100200,0.0291281841330959,1,0.03286264463884521
2026-07-01,AAPL,50164200,0.0032033888821751,1,0.025183969702068904
2026-07-02,AAPL,75352800,0.0493336393530256,1,0.05351564331993733
2026-07-06,AAPL,53590000,0.0172436835083936,1,0.023425340155439556
2026-07-07,AAPL,42490000,-0.0146849083616071,0,0.016905125266867663
2026-07-08,AAPL,41323500,0.0047449936486533,1,0.02491109435421391
2026-07-09,AAPL,48124500,0.0183890737029317,1,0.026955637029238567
2026-07-10,AAPL,34132300,0.0019064759188751,1,0.015060975521066399
2026-07-13,AAPL,43257800,0.000914795769895,1,0.024194100351834894
2026-07-14,AAPL,36336800,0.0035057864345401,1,0.013640995174923669
2026-07-15,AAPL,60957600,0.0311063693555161,1,0.03592344259655204
2026-07-16,AAPL,62970600,0.0160056091085492,1,0.02405409559451276
2026-07-17,AAPL,63407100,0.0053014615031125,1,0.018043225604392234
2026-07-20,AAPL,53468000,-0.0207490426826992,0,0.030074056207025024
2026-07-21,AAPL,41338900,0.0142666582548852,1,0.022839119770040998
2026-07-22,AAPL,38755900,-0.0060389193834046,0,0.017262951006194783
2026-07-23,AAPL,40840800,-0.0002175964996369,0,0.012277318107016705
2026-07-24,AAPL,47489400,0.0348984746901558,1,0.03962211274878686
2026-07-27,AAPL,49604300,0.0070843398596651,1,0.016589998711026132
2026-07-28,AAPL,51859000,0.000147009949558,1,0.021439309975863685
2026-07-29,AAPL,56090800,-0.0045330365146453,0,0.021252173747445827
2026-07-30,AAPL,74817800,0.0009906531558666,1,0.015490854300692448
2026-07-31,AAPL,132489100,0.0134510223954432,1,0.03507103614392198
2026-08-03,AAPL,75052000,-0.0198978403375998,0,0.029846859083760724
2026-08-04,AAPL,68001000,0.0219667481093729,1,0.030059808321833636
2026-08-05,AAPL,49438800,0.0053013147339458,1,0.01952410884840115
2026-08-06,AAPL,46139900,-0.0061398253428326,0,0.022459749445962334
2026-08-07,AAPL,34437200,0.00603619936282,1,0.01306793117578449
2026-08-10,AAPL,44812500,0.004660637017049,1,0.011895918175529542
2026-08-11,AAPL,37476700,-0.009228257799807,0,0.023330601708468724
2026-08-12,AAPL,41657800,-0.0093412194247831,0,0.016683042399427778
2026-08-13,AAPL,40349300,0.0034516233524234,1,0.012984492021901712
2026-08-14,AAPL,28229400,-0.00022878210529,0,0.010424844579758986
2026-08-17,AAPL,38169300,-0.0020247383641577,0,0.015414262605456369
2026-08-18,AAPL,53424500,0.0079654474087689,1,0.01869432424417199
2026-08-19,AAPL,50505600,0.0215708119167132,1,0.031211685750238027
2026-08-20,AAPL,40959200,-0.0194040314619646,0,0.030334546531905846
2026-08-21,AAPL,46876800,-0.0086524012019652,0,0.017208765669781894
2026-08-24,AAPL,34673600,-0.0036279734111915,0,0.010883822254385524
2026-08-25,AAPL,25869800,-0.002863717056428,0,0.017310739518303624
2026-08-26,AAPL,34024500,0.0101515454011689,1,0.02136643617026508
2026-08-27,AAPL,32419200,0.0129769729116315,1,0.019320561055696964
2023-01-03,AMZN,76706000,0.0042125042617391,1,0.032178797442786906
2023-01-04,AMZN,68885100,-0.0162912029161475,0,0.04182556463247299
2023-01-05,AMZN,67930800,-0.0258994379122157,0,0.027540119813589926
2023-01-06,AMZN,83303400,0.0367337480019127,1,0.05985789827498312
2023-01-09,AMZN,65266100,-0.0011433623961567,0,0.02744113367255905
2023-01-10,AMZN,67756600,0.0262647374645789,1,0.03311638159170047
2023-01-11,AMZN,103126200,0.045749433836503,1,0.04761906759620055
2023-01-12,AMZN,85254800,-0.0171257985854017,0,0.0380687344453583
2023-01-13,AMZN,85549400,0.0418348102425066,1,0.045126353644388724
2023-01-17,AMZN,72755000,-0.0266517758946543,0,0.032022659332613536
2023-01-18,AMZN,79570400,-0.0184061790799726,0,0.040514163921915314
2023-01-19,AMZN,69002700,-0.0111884904210992,0,0.027232445527015554
2023-01-20,AMZN,67481500,0.0361176152525462,1,0.04421480395154823
2023-01-23,AMZN,76501100,-0.0004100134945505,0,0.019680178525959647
2023-01-24,AMZN,66929500,-0.0062932075562883,0,0.021561914075213566
2023-01-25,AMZN,94261600,0.0499136005665666,1,0.0617977676272317
2023-01-26,AMZN,68523600,0.0099756044202339,1,0.026160420915196242
2023-01-27,AMZN,87775600,0.0272279626013253,1,0.039786990184273535
2023-01-30,AMZN,70691900,-0.0053417084350057,0,0.027005597254293055
2023-01-31,AMZN,66527300,0.0194740363779413,1,0.02184656983459992
2023-02-01,AMZN,80450100,0.025553523629916,1,0.04876621534701133
2023-02-02,AMZN,158154200,0.0241270173433956,1,0.046439934209360954
2023-02-03,AMZN,144374800,-0.0177655586987526,0,0.05947180324135464
2023-02-06,AMZN,81945200,-0.0072865053704103,0,0.0320605791565062
2023-02-07,AMZN,119501300,0.009291316184829,1,0.04279926766257291
2023-02-08,AMZN,75878300,-0.0195021349070442,0,0.0381222986549044
2023-02-09,AMZN,64622500,-0.0303987548394359,0,0.04155151102598866
2023-02-10,AMZN,52740100,0.0005125364187076,1,0.026547728605006305
2023-02-13,AMZN,52841500,0.0172713588938196,1,0.02830860180134803
2023-02-14,AMZN,56202900,0.0131083552294338,1,0.034549348636880674
2023-02-15,AMZN,47957600,0.0208901745960324,1,0.027449806450977075
2023-02-16,AMZN,56339200,-0.0106843823039572,0,0.025501449477312116
2023-02-17,AMZN,60029400,-0.0061350315418506,0,0.02341514155490786
2023-02-21,AMZN,56580400,-0.007971413216154,0,0.014055003343361818
2023-02-22,AMZN,59534100,0.007255546293137,1,0.0232386868552272
2023-02-23,AMZN,48467000,-0.0031211302869888,0,0.028714128769920348
2023-02-24,AMZN,57053800,-0.0003207396523939,0,0.01945899410432881
2023-02-27,AMZN,47470300,-0.0055154502524303,0,0.01739498738738389
2023-02-28,AMZN,43959300,0.0117028556412713,1,0.019003696414642956
2023-03-01,AMZN,52299500,-0.0181102005741511,0,0.03291790643308219
2023-03-02,AMZN,55509400,0.0078765295095053,1,0.02012913131572121
2023-03-03,AMZN,55759600,0.0232909608784153,1,0.02458484830510851
2023-03-06,AMZN,52112400,-0.0151276647176539,0,0.029519961297594953
2023-03-07,AMZN,49100700,-0.0054220127585931,0,0.024558766941863458
2023-03-08,AMZN,44899100,0.0034188002141121,1,0.02126066128430278
2023-03-09,AMZN,56218700,-0.0152647342070597,0,0.04301877419052719
2023-03-10,AMZN,69827500,-0.0209344431892071,0,0.035826046837419544
2023-03-13,AMZN,72397100,0.0273424369355969,1,0.06557734596458713
2023-03-14,AMZN,60912700,0.0111904018104342,1,0.02515187641795909
2023-03-15,AMZN,70731800,0.0319673427216952,1,0.03861830537416458
2023-03-16,AMZN,84446900,0.0448041871073351,1,0.05618796087120579
2023-03-17,AMZN,87300200,-0.0084177168010673,0,0.03206738699547198
2023-03-20,AMZN,62388900,-0.0071131445136429,0,0.028249225741689234
2023-03-21,AMZN,58597300,0.0251681397601848,1,0.029040131361787073
2023-03-22,AMZN,57475400,-0.0174216033167398,0,0.03474363334792121
2023-03-23,AMZN,57559300,-0.0171263687690587,0,0.03425266157083178
2023-03-24,AMZN,56095400,0.0006117829996986,1,0.019373932209557937
2023-03-27,AMZN,46721300,-0.0103966769200533,0,0.022812097646085105
2023-03-28,AMZN,38720100,-0.0088676255342947,0,0.021914193379915705
2023-03-29,AMZN,49783300,0.0158070475225689,1,0.018846900033829397
2023-03-30,AMZN,53633400,0.0044312844383946,1,0.01999014001272078
2023-03-31,AMZN,56750300,0.0110610533761861,1,0.015074401530180189
2023-04-03,AMZN,41135700,0.0010752747514182,1,0.01818182360571887
2023-04-04,AMZN,48662500,0.0116788024159823,1,0.02034059696243931
2023-04-05,AMZN,45175400,-0.0270426820224715,0,0.03041096670908564
2023-04-06,AMZN,43808000,0.013002457157258,1,0.02560788289488989
2023-04-10,AMZN,37261200,0.0119849355729515,1,0.026049893792267957
2023-04-11,AMZN,60417800,-0.0087302069064486,0,0.01974204170160305
2023-04-12,AMZN,56735000,-0.0255976061331212,0,0.027888476187284753
2023-04-13,AMZN,67925100,0.0348661413243025,1,0.03900960817988316
2023-04-14,AMZN,51450500,0.0043107910524326,1,0.020476108005677
2023-04-17,AMZN,39919500,-0.0040714015454626,0,0.02074454190649658
2023-04-18,AMZN,39790500,-0.0158729576231341,0,0.025781629474315386
2023-04-19,AMZN,58398900,0.026776936125941,1,0.0367198591228346
2023-04-20,AMZN,57696900,0.0027045183289702,1,0.01970444257297999
2023-04-21,AMZN,86774200,0.0081055666608829,1,0.02893496455207809
2023-04-24,AMZN,69575600,-0.0134683682733984,0,0.03864019617875488
2023-04-25,AMZN,65026800,-0.022304869751237,0,0.02859593837840574
2023-04-26,AMZN,73803800,-0.0005711877196383,0,0.023990901090028806
2023-04-27,AMZN,149961200,0.0153475959366703,1,0.03753695840541158
2023-04-28,AMZN,130715900,-0.0211640799929916,0,0.047804709601797876
2023-05-01,AMZN,74728100,-0.0276321484593711,0,0.03249169853517074
2023-05-02,AMZN,73469400,0.0212870405709045,1,0.027101606060086575
2023-05-03,AMZN,65051900,-0.0008675182161542,0,0.025833818781210452
2023-05-04,AMZN,45345500,-0.0003844763088749,0,0.019992328073348234
2023-05-05,AMZN,56951700,0.0133308436155531,1,0.021194966487223358
2023-05-08,AMZN,49430900,0.0075209530525676,1,0.013328270312990253
2023-05-09,AMZN,44089400,0.0108077299333295,1,0.015453139946367123
2023-05-10,AMZN,78627600,0.0193339870193013,1,0.024236772934041712
2023-05-11,AMZN,74924800,0.0103575748763616,1,0.025128352212929982
2023-05-12,AMZN,49852700,-0.0169400986433881,0,0.029600566926031607
2023-05-15,AMZN,53011100,0.0004498013646148,1,0.027350435211820887
2023-05-16,AMZN,71472900,0.0211616245793871,1,0.03367850302558227
2023-05-17,AMZN,65655200,0.005309431748561,1,0.014013409512617762
2023-05-18,AMZN,73174100,0.0125117752500328,1,0.01936757296209063
2023-05-19,AMZN,55056300,-0.0161645531729266,0,0.02208869777810033
2023-05-22,AMZN,70741100,-0.015072317867883,0,0.02158085737357122
2023-05-23,AMZN,67576300,0.0063008772368491,1,0.02940404926103967
2023-05-24,AMZN,63487900,0.0121369878144645,1,0.02011269809721509
2023-05-25,AMZN,66496700,-0.0139757977518961,0,0.021949800636844805
2023-05-26,AMZN,96779900,0.035074109468398,1,0.047225123351410735
2023-05-30,AMZN,64314800,-0.0058020680602827,0,0.025006108440895937
2023-05-31,AMZN,72800800,-0.0071634017212718,0,0.02363114712802433
2023-06-01,AMZN,54375100,0.0172341880817342,1,0.029497037754407852
2023-06-02,AMZN,61264400,-0.0053634180176594,0,0.01897216443580773
2023-06-05,AMZN,47950100,0.0157263491553797,1,0.022454638932844516
2023-06-06,AMZN,45695200,0.0123131120115535,1,0.019189266264771774
2023-06-07,AMZN,95663300,-0.0455082173221071,0,0.05306673001969392
2023-06-08,AMZN,62159300,0.01008046372031,1,0.027396106484538444
2023-06-09,AMZN,51396000,-0.005238567990706,0,0.021034820856186777
2023-06-12,AMZN,51338000,0.0205612249700087,1,0.026205451443073378
2023-06-13,AMZN,50564800,-0.0113955003958805,0,0.025210767093607887
2023-06-14,AMZN,52422500,-0.0022099351700162,0,0.022336182082279197
2023-06-15,AMZN,60458500,0.0151745191260409,1,0.026914805296887286
2023-06-16,AMZN,84247100,-0.0173831433452186,0,0.020358613207736083
2023-06-20,AMZN,56930100,0.0064815359740875,1,0.02200528105255729
2023-06-21,AMZN,52137700,-0.006446972003571,0,0.022922675078027623
2023-06-22,AMZN,90354600,0.038624183482467,1,0.041417305422733364
2023-06-23,AMZN,71927800,0.0017039828027503,1,0.019828034594467338
2023-06-26,AMZN,59989300,-0.015464315871677,0,0.0339442276106799
2023-06-27,AMZN,46801000,0.0042757348370608,1,0.019746506955720562
2023-06-28,AMZN,52149500,0.0007754835026624,1,0.023576804936964894
2023-06-29,AMZN,40761000,-0.0067562531468214,0,0.015531508148230897
2023-06-30,AMZN,54350700,0.0068741745675222,1,0.017764756546476548
2023-07-03,AMZN,28264800,-0.0045865010695848,0,0.01360647209631629
2023-07-05,AMZN,35895400,0.0010749338432405,1,0.013513470766310086
2023-07-06,AMZN,40639900,0.0008577045641447,1,0.010604233769645357
2023-07-07,AMZN,41992300,0.009254238084581,1,0.022085670882422952
2023-07-10,AMZN,61889300,-0.015030680721413,0,0.026032388778838136
2023-07-11,AMZN,49951500,0.0080626127537915,1,0.018943293920468444
2023-07-12,AMZN,54022800,0.0037603062109162,1,0.018647783909969046
2023-07-13,AMZN,61170900,0.0019397924399321,1,0.014622437729418307
2023-07-14,AMZN,54487100,0.0046247585296017,1,0.019319680628508234
2023-07-17,AMZN,48450200,-0.0074316291479163,0,0.01791014006425565
2023-07-18,AMZN,54882900,0.000904190423607,1,0.01891337789054352
2023-07-19,AMZN,54531000,0.0147687325115619,1,0.02593902638652907
2023-07-20,AMZN,59820600,-0.0306556305349669,0,0.04072492844633281
2023-07-21,AMZN,133307300,-0.0102025001922742,0,0.022460766183157985
2023-07-24,AMZN,45591100,-0.0115877103455317,0,0.025400948665549726
2023-07-25,AMZN,39236700,-0.0013919470975141,0,0.008120045407022984
2023-07-26,AMZN,53910100,0.0129633367525194,1,0.023476414279915366
2023-07-27,AMZN,52610700,-0.0209923664122137,0,0.0369465951701157
2023-07-28,AMZN,46317400,0.0194309833065156,1,0.028375299610653222
2023-07-31,AMZN,41901500,0.0036035716106328,1,0.01118611312696928
2023-08-01,AMZN,42098500,-0.0139273722789112,0,0.015499867292526462
2023-08-02,AMZN,51027600,-0.0149057800506711,0,0.026200508587245926
2023-08-03,AMZN,88585200,0.0112174479723843,1,0.026906123199397405
2023-08-04,AMZN,153128500,-0.0105628119960521,0,0.03055435724648624
2023-08-07,AMZN,71213100,0.0087239923371639,1,0.025462771813741698
2023-08-08,AMZN,51710500,-0.0048356755752591,0,0.017209488358526648
2023-08-09,AMZN,50017300,-0.0151460677195016,0,0.023004938148324106
2023-08-10,AMZN,58928400,-0.0036672879755876,0,0.020996606134763618
2023-08-11,AMZN,42905800,0.0073508719831962,1,0.016957801561549447
2023-08-14,AMZN,47148700,0.0164136241675381,1,0.020535041758659806
2023-08-15,AMZN,42781500,-0.0169939652334954,0,0.028918264644814513
2023-08-16,AMZN,41675900,-0.0154529854906369,0,0.01647357478975371
2023-08-17,AMZN,48354100,-0.010925815096513,0,0.01889854888314929
2023-08-18,AMZN,48497700,0.0121562540865547,1,0.022185181097557016
2023-08-21,AMZN,41442500,0.0070284667564578,1,0.01854340979271026
2023-08-22,AMZN,32905400,-0.0061445204308834,0,0.014213785482077983
2023-08-23,AMZN,42801000,0.0075836748881854,1,0.0202973660040079
2023-08-24,AMZN,43646300,-0.0334310686410615,0,0.0362903018309429
2023-08-25,AMZN,44147500,0.0059635636661362,1,0.02483576097090452
2023-08-28,AMZN,34108400,-0.0047839691694441,0,0.015697345372165952
2023-08-29,AMZN,38646100,0.0114709755831927,1,0.014170035391054218
2023-08-30,AMZN,36137000,0.0010376836584727,1,0.01304376048596526
2023-08-31,AMZN,58781300,0.0218421220314503,1,0.028061553047848836
2023-09-01,AMZN,40991500,-0.0096085725811631,0,0.022085197782716212
2023-09-05,AMZN,40636700,-0.0033398059198962,0,0.01437592237682153
2023-09-06,AMZN,41785500,-0.0070423023935433,0,0.020833305349933533
2023-09-07,AMZN,48498900,0.0294997190969622,1,0.036370390882559736
2023-09-08,AMZN,38348200,0.0100101937094677,1,0.015344191832166254
2023-09-11,AMZN,56764500,0.0313513953406531,1,0.03589186109938063
2023-09-12,AMZN,42668500,-0.0076588781659948,0,0.0167931370619156
2023-09-13,AMZN,60465200,0.0276694518603327,1,0.029159281300735203
2023-09-14,AMZN,64033600,-0.0024813937538461,0,0.0200579240790062
2023-09-15,AMZN,102909300,-0.0161188801766422,0,0.024388611162559515
2023-09-18,AMZN,42823500,-0.0035592256207762,0,0.018009672951612325
2023-09-19,AMZN,61482500,-0.0077144346717539,0,0.023648153218927985
2023-09-20,AMZN,46263700,-0.0235294817309182,0,0.03009742386932706
2023-09-21,AMZN,70343300,-0.0197817232231039,0,0.022207123543684266
2023-09-22,AMZN,59904300,-0.0151781365563272,0,0.02677137129506513
2023-09-25,AMZN,46017800,0.0147650251476307,1,0.023268355694450064
2023-09-26,AMZN,73048200,-0.0318167223763371,0,0.03927144791044174
2023-09-27,AMZN,66553400,0.0017493735445774,1,0.026638088793022756
2023-09-28,AMZN,54555000,0.0156401356585559,1,0.02853918807964304
2023-09-29,AMZN,62411700,-0.0084242919451564,0,0.022074838291943965
2023-10-02,AMZN,48029700,0.0171276552127443,1,0.030876809733400373
2023-10-03,AMZN,51565000,-0.0260814961858984,0,0.03334377911812157
2023-10-04,AMZN,44203900,0.0074567861305036,1,0.013326989827957936
2023-10-05,AMZN,39660600,-0.0059190277438168,0,0.01894090082250677
2023-10-06,AMZN,46836700,0.0306056323315247,1,0.03479381094882
2023-10-09,AMZN,38773700,0.016162203029659,1,0.03192830859552641
2023-10-10,AMZN,42178600,0.0051233377254763,1,0.020881868409120305
2023-10-11,AMZN,40741800,0.0161091124510607,1,0.01880686247955194
2023-10-12,AMZN,55528600,0.0012105898791407,1,0.024589544110046154
2023-10-13,AMZN,45786600,-0.0239885888396492,0,0.032786890889098155
2023-10-16,AMZN,42832900,0.0142321568261158,1,0.02020058611308947
2023-10-17,AMZN,49344600,0.0082828578580423,1,0.02968015288981385
2023-10-18,AMZN,42699500,-0.0136257821157586,0,0.024326375528800945
2023-10-19,AMZN,60961400,-0.0166195397565231,0,0.036532159032637
2023-10-20,AMZN,56406400,-0.0224912519654404,0,0.024990213760078935
2023-10-23,AMZN,48260000,0.0154858408706484,1,0.03129257789001038
2023-10-24,AMZN,46477400,0.0064192868994621,1,0.019257920424350587
2023-10-25,AMZN,74577500,-0.0368930616637757,0,0.04403360347547852
2023-10-26,AMZN,100419500,-0.0087871804918217,0,0.02727348910251363
2023-10-27,AMZN,125309300,0.0122028601645603,1,0.03565774752942425
2023-10-30,AMZN,72485500,0.0230496875194822,1,0.0342275855660232
2023-10-31,AMZN,51589400,0.0025611776865583,1,0.014011304032780132
2023-11-01,AMZN,61529400,0.0226932900401095,1,0.02717228431783614
2023-11-02,AMZN,52236700,-0.0047573590690257,0,0.016867270308912122
2023-11-03,AMZN,44059800,-0.0028059527608812,0,0.014677375813343706
2023-11-06,AMZN,44970400,0.0070626335047876,1,0.01707981558813584
2023-11-07,AMZN,53553500,0.0153682220932713,1,0.020419744253798548
2023-11-08,AMZN,44521700,-0.0062250778628346,0,0.013289458489626435
2023-11-09,AMZN,36235400,-0.0099985785539133,0,0.01978592785564812
2023-11-10,AMZN,49287800,0.0220702740748232,1,0.02662672686605932
2023-11-13,AMZN,35680600,0.0035894883182952,1,0.018018000602490186
2023-11-14,AMZN,56674600,0.0055172624259159,1,0.017793116076239224
2023-11-15,AMZN,63875700,-0.0262477946037881,0,0.031959724100835425
2023-11-16,AMZN,49653500,0.0136257051951351,1,0.02696758890781032
2023-11-17,AMZN,49636700,0.0176642993760218,1,0.018856037938829222
2023-11-20,AMZN,41951200,0.0068903739154936,1,0.013091773522695253
2023-11-21,AMZN,71226000,-6.955573184823363e-05,0,0.017719428718416554
2023-11-22,AMZN,45669100,0.0148025128396734,1,0.021927080364851487
2023-11-24,AMZN,22378400,0.0002727235566064,1,0.012815198794358013
2023-11-27,AMZN,53762400,0.0013556358021894,1,0.016132241874304315
2023-11-28,AMZN,42711700,0.0003402031107042,1,0.014083599022930852
2023-11-29,AMZN,40610900,-0.0103483173225279,0,0.017382427861587876
2023-11-30,AMZN,65814000,0.0091876338872883,1,0.017960700078665615
2023-12-01,AMZN,39951800,0.0070547861595676,1,0.011643814713987585
2023-12-04,AMZN,48294200,-0.0028227446616824,0,0.017487150051097244
2023-12-05,AMZN,46822400,0.0231975044253676,1,0.03789621961515963
2023-12-06,AMZN,39679000,-0.0207345000720134,0,0.024190319012907933
2023-12-07,AMZN,52352800,0.004994943666198,1,0.01765310939993648
2023-12-08,AMZN,41906000,0.0133351835192486,1,0.016772082162938656
2023-12-11,AMZN,50907300,0.0015789902633298,1,0.017506542548722633
2023-12-12,AMZN,44944300,0.0134688798621004,1,0.015118175396168044
2023-12-13,AMZN,52766200,0.0048609319770331,1,0.017823382910320512
2023-12-14,AMZN,58400800,-0.0167411100476988,0,0.03348222009539771
2023-12-15,AMZN,110089300,0.0107157048494935,1,0.018129143771970887
2023-12-18,AMZN,62512800,0.0233130301709722,1,0.0318809984696618
2023-12-19,AMZN,43171300,-0.0039507813113032,0,0.015738295154405314
2023-12-20,AMZN,50322100,-0.0051013656666654,0,0.02661875400056724
2023-12-21,AMZN,36305700,0.0035224610266347,1,0.012198271884940173
2023-12-22,AMZN,29514100,-0.0022761663119645,0,0.010665275047678132
2023-12-26,AMZN,25067200,-0.0009767771481446,0,0.006186487127806173
2023-12-27,AMZN,31434700,-0.0014326727285807,0,0.010810130818580984
2023-12-28,AMZN,27057000,-0.0022117898464135,0,0.007351059548783754
2023-12-29,AMZN,39823200,-0.007576770841701,0,0.018680604156330525
2024-01-02,AMZN,47339400,-0.0106242621201098,0,0.026329719347619778
2024-01-03,AMZN,49425500,-0.0048927328583813,0,0.018230571557227977
2024-01-04,AMZN,56039800,-0.0070059004006336,0,0.022872463183021836
2024-01-05,AMZN,45153100,0.0038012512438828,1,0.014237317878462044
2024-01-08,AMZN,46757100,0.0160828712144317,1,0.022148016071536828
2024-01-09,AMZN,43812600,0.0204947970646916,1,0.02359603557469405
2024-01-10,AMZN,44421800,0.0109824950398398,1,0.016703888773601152
2024-01-11,AMZN,49072700,0.0009029888784248,1,0.026122311836555372
2024-01-12,AMZN,40484200,-0.0049553013416913,0,0.014093586781699547
2024-01-16,AMZN,41384600,-0.0024099206678127,0,0.01849808909828934
2024-01-17,AMZN,34953400,0.0014522490773363,1,0.014786389551461722
2024-01-18,AMZN,37850200,0.0047783969832005,1,0.01282968776764931
2024-01-19,AMZN,51651600,0.009815994857065,1,0.019631989714130067
2024-01-22,AMZN,43687500,-0.0134489171939583,0,0.020077819921779375
2024-01-23,AMZN,37986000,0.0075556869410982,1,0.014724016456039218
2024-01-24,AMZN,48547300,-0.0058935862901426,0,0.012864377313294748
2024-01-25,AMZN,43638600,0.005097184245385,1,0.025230911322566142
2024-01-26,AMZN,51047400,0.004418614798213,1,0.01773764418048445
2024-01-29,AMZN,45270400,0.0120496938187059,1,0.014999368925428436
2024-01-30,AMZN,45207400,-0.0105786993187667,0,0.020161731772891864
2024-01-31,AMZN,50284400,-0.011464987590814,0,0.026751572918740047
2024-02-01,AMZN,76542400,0.021877229543413,1,0.026560592284203693
2024-02-02,AMZN,117218300,0.0154855197079085,1,0.030557350282773253
2024-02-05,AMZN,55081300,0.0006463020700582,1,0.016745042036530187
2024-02-06,AMZN,42505500,-0.001416881126565,0,0.018064896560651456
2024-02-07,AMZN,47174100,0.0061954394514254,1,0.011446793074771219
2024-02-08,AMZN,42316500,0.0011199672752253,1,0.015030874651988968
2024-02-09,AMZN,56986000,0.020772400108499,1,0.025863068032773273
2024-02-12,AMZN,51050400,-0.0140732647077745,0,0.022025206157322827
2024-02-13,AMZN,56345100,0.0054254080086401,1,0.0310021885214203
2024-02-14,AMZN,42815500,0.0104603093401261,1,0.0173158076846184
2024-02-15,AMZN,49855200,-0.0045726273357025,0,0.020987230581697273
2024-02-16,AMZN,48107700,0.0045631681202183,1,0.01926039998932952
2024-02-20,AMZN,41980300,-0.0044688076733442,0,0.017696485659893298
2024-02-21,AMZN,44420100,-0.0020717775450312,0,0.0182904954021315
2024-02-22,AMZN,55392400,0.0085499461314519,1,0.017504325086417985
2024-02-23,AMZN,59715200,0.004073942614415,1,0.011762698336679912
2024-02-26,AMZN,44368600,-0.0055207810902174,0,0.012009110113833
2024-02-27,AMZN,31141700,-0.0031020711123725,0,0.010110262455902425
2024-02-28,AMZN,28180500,0.0041753723643548,1,0.01032242376534241
2024-02-29,AMZN,53805400,0.0216750483732997,1,0.025258628148299454
2024-03-01,AMZN,31981200,0.0083168385895509,1,0.015049439339860325
2024-03-04,AMZN,37381500,0.0002816597313222,1,0.014927020304770097
2024-03-05,AMZN,37228300,-0.0158819740853264,0,0.020516530686096175
2024-03-06,AMZN,32090900,-0.0115643093137638,0,0.018229533607279923
2024-03-07,AMZN,34063300,0.0113825171442089,1,0.024423750087168766
2024-03-08,AMZN,37893200,-0.0061777166334635,0,0.025277666024512997
2024-03-11,AMZN,28484800,-0.0134816756218278,0,0.017210716780553907
2024-03-12,AMZN,36610600,0.0108933682400486,1,0.02755042524090418
2024-03-13,AMZN,30772600,0.0037521528425849,1,0.011768005328345037
2024-03-14,AMZN,43705800,0.005965431617028,1,0.017220988893861894
2024-03-15,AMZN,72147400,-0.0125679417367186,0,0.022814757660902955
2024-03-18,AMZN,31250700,-0.0075085739550876,0,0.013708780547630812
2024-03-19,AMZN,26880900,0.0096429380324307,1,0.014751418019874786
2024-03-20,AMZN,29947200,0.0114113461666905,1,0.022084701959395197
2024-03-21,AMZN,32824300,-0.0102228542725922,0,0.01816769916474685
2024-03-22,AMZN,27995400,0.0063009570587201,1,0.01412092549556083
2024-03-25,AMZN,29815500,0.0095500941491572,1,0.021066232884221683
2024-03-26,AMZN,29659000,-0.0102691696220072,0,0.013877324922012041
2024-03-27,AMZN,33272600,-0.0002779800444768,0,0.014954427220294561
2024-03-28,AMZN,38051600,0.001165603130385,1,0.01354277885443647
2024-04-01,AMZN,29174500,0.0009956742145867,1,0.016870419630640905
2024-04-02,AMZN,32611500,0.0090467138600959,1,0.013458358768907962
2024-04-03,AMZN,31046600,0.0139522504212494,1,0.017064992604703372
2024-04-04,AMZN,41624300,-0.0217391304347826,0,0.027717424475628243
2024-04-05,AMZN,42374000,0.0147494372704655,1,0.0235771627186913
2024-04-08,AMZN,39221300,-0.009149232268168,0,0.013269105449584179
2024-04-09,AMZN,36520100,-0.0083849993492767,0,0.016769917205343723
2024-04-10,AMZN,35879200,0.0173988761910884,1,0.019696919731691617
2024-04-11,AMZN,40020700,0.0123701268643173,1,0.022812518155253494
2024-04-12,AMZN,38608800,-0.0084700422307224,0,0.01757938967770401
2024-04-15,AMZN,48052400,-0.0203275767351937,0,0.030358014532118602
2024-04-16,AMZN,32891300,0.0002728381655051,1,0.014023065773480227
2024-04-17,AMZN,31359700,-0.0164396875884804,0,0.025771797856434426
2024-04-18,AMZN,30723800,-0.0123987435105792,0,0.020609497261288284
2024-04-19,AMZN,56000700,-0.0229942960951108,0,0.031106620721271003
2024-04-22,AMZN,37924900,0.0016389356964592,1,0.024358525483919372
2024-04-23,AMZN,37046500,0.0081985143759332,1,0.022181024863137454
2024-04-24,AMZN,34185100,-0.0186173505505341,0,0.02300775031825183
2024-04-25,AMZN,49249400,0.0235148848738344,1,0.044790141282292285
2024-04-26,AMZN,43919800,0.0102361756703675,1,0.026377966034348065
2024-04-29,AMZN,54063900,-0.0097947649035995,0,0.022653895428992817
2024-04-30,AMZN,94639800,-0.0336296673535045,0,0.04522614504958511
2024-05-01,AMZN,94645100,-0.0145342402472992,0,0.04729132551615827
2024-05-02,AMZN,54303500,0.0213989216841517,1,0.028697828400600377
2024-05-03,AMZN,39172000,-0.0041713394105728,0,0.013102288230756555
2024-05-06,AMZN,34725300,0.0129911863045076,1,0.021204621935402276
2024-05-07,AMZN,34048900,-0.0008469387235875,0,0.013921262483078135
2024-05-08,AMZN,26136400,0.0029876096420176,1,0.010883446753958054
2024-05-09,AMZN,43368400,0.0032824814758564,1,0.022553972875418875
2024-05-10,AMZN,34141800,-0.0088814120429562,0,0.01564816375852136
2024-05-13,AMZN,24898600,-0.007606344020113,0,0.015691473128947503
2024-05-14,AMZN,38698200,0.0176803387580531,1,0.02322926831859806
2024-05-15,AMZN,75459900,0.000107567200783,1,0.021455102796008926
2024-05-16,AMZN,38834500,-0.0106142303659429,0,0.020743484472620435
2024-05-17,AMZN,33175700,0.0051153813098926,1,0.01061165110216454
2024-05-20,AMZN,30511800,-0.0043398235198585,0,0.01838992870236719
2024-05-21,AMZN,50839100,0.0046625936944457,1,0.013768483076346079
2024-05-22,AMZN,28148800,-0.0040787469006104,0,0.017674569902645144
2024-05-23,AMZN,33670200,-0.0142110451829966,0,0.025481828283044957
2024-05-24,AMZN,27471600,-0.0049545495553236,0,0.0117808943658316
2024-05-28,AMZN,29927000,0.0123381387821394,1,0.015283722069367822
2024-05-29,AMZN,32009300,0.001761185083068,1,0.013924044148539821
2024-05-30,AMZN,29184700,-0.0109756233035737,0,0.016435915104880246
2024-05-31,AMZN,58903900,-0.0104318596663828,0,0.029949587803033084
2024-06-03,AMZN,30786600,0.003601572316486,1,0.01564433779988523
2024-06-04,AMZN,27198400,0.0095698995388605,1,0.019027273668238157
2024-06-05,AMZN,32116400,0.0065518747128916,1,0.015269294318731946
2024-06-06,AMZN,31371200,0.0178817056396148,1,0.01931221186704764
2024-06-07,AMZN,28021500,-0.0032449478882214,0,0.015846364372632524
2024-06-10,AMZN,34445600,0.0162437665855495,1,0.018688554922188065
2024-06-11,AMZN,27265100,0.000908789538993,1,0.017267245955759965
2024-06-12,AMZN,33984200,-0.0060100247693591,0,0.015530333801625372
2024-06-13,AMZN,39721500,-0.0121446319055881,0,0.026868719965587567
2024-06-14,AMZN,25456400,0.0031680239526647,1,0.00813854860313504
2024-06-17,AMZN,35601900,0.0084373945325683,1,0.02071005199876171
2024-06-18,AMZN,36659200,-0.0050615429779385,0,0.015565475807379176
2024-06-20,AMZN,44726800,0.0174402841700181,1,0.02072053583867461
2024-06-21,AMZN,70792500,0.0068157548375763,1,0.018210852573856084
2024-06-24,AMZN,50610400,-0.0198594753629755,0,0.029947700386148184
2024-06-25,AMZN,45366400,-0.0025159318390104,0,0.01830736156330522
2024-06-26,AMZN,65103900,0.0357907260161621,1,0.04568804102599587
2024-06-27,AMZN,74397500,0.0145634156026814,1,0.02892159144925651
2024-06-28,AMZN,76930200,-0.0226571376338481,0,0.032114531131966204
2024-07-01,AMZN,41192000,0.019174072819018,1,0.028321854214494135
2024-07-02,AMZN,45600000,0.0137875164108555,1,0.02281021911924425
2024-07-03,AMZN,31597900,-0.0117535564410344,0,0.016354927640951717
2024-07-05,AMZN,39858900,0.0067959030706998,1,0.01198089582651943
2024-07-08,AMZN,34767300,-0.0037492502758046,0,0.016196712373113258
2024-07-09,AMZN,32700100,-0.0003008904735719,0,0.007622890265734037
2024-07-10,AMZN,32883800,-0.0010500335693359,0,0.012099990844726705
2024-07-11,AMZN,44565000,-0.0251886320074783,0,0.03703335397935684
2024-07-12,AMZN,30598500,-0.0015913632122037,0,0.013552358050769625
2024-07-15,AMZN,40683200,-0.0094572181382583,0,0.027549345588048457
2024-07-16,AMZN,33994700,-0.0131396907487533,0,0.022393730282896356
2024-07-17,AMZN,48076100,-0.0178730771813209,0,0.029213463075964303
2024-07-18,AMZN,51043600,-0.0308032936900451,0,0.04340944082762372
2024-07-19,AMZN,43081800,0.0109860080593429,1,0.02660920879800519
2024-07-22,AMZN,39931900,-0.013243226747255,0,0.013945955843538851
2024-07-23,AMZN,47537700,0.0125475148398142,1,0.031667580867849765
2024-07-24,AMZN,41532400,-0.0129366547853004,0,0.02751088084109927
2024-07-25,AMZN,44464200,-0.0167295254350686,0,0.03881685365794669
2024-07-26,AMZN,29506000,0.0116968824075102,1,0.016353439537798695
2024-07-29,AMZN,33270100,-0.0034812848259208,0,0.012891618605298178
2024-07-30,AMZN,39508600,-0.0162949030259024,0,0.03508009790340356
2024-07-31,AMZN,41667300,0.010429573866267,1,0.018805704783294276
2024-08-01,AMZN,70435600,-0.0275766609279946,0,0.04611977017259289
2024-08-02,AMZN,141448400,0.0068965151213455,1,0.049295359644396554
2024-08-05,AMZN,83149400,0.0441605425206259,1,0.07360097016645151
2024-08-06,AMZN,59950800,0.0013603732161319,1,0.04044281907979815
2024-08-07,AMZN,48408200,-0.0226958793757703,0,0.03692590238717818
2024-08-08,AMZN,44616200,0.0038142815874351,1,0.02506508104101212
2024-08-09,AMZN,36401000,0.0032452437784211,1,0.01622594379373491
2024-08-12,AMZN,30072800,-0.0079695274340123,0,0.014511730999545067
2024-08-13,AMZN,39237900,0.0144210607481853,1,0.02347885847052392
2024-08-14,AMZN,28843800,-0.0116785456958219,0,0.019871002015089276
2024-08-15,AMZN,51698500,0.0156124655038886,1,0.02241792379768099
2024-08-16,AMZN,31489200,0.0001129929576341,1,0.011748768131124923
2024-08-19,AMZN,31129800,0.0032650407174482,1,0.012046832903632294
2024-08-20,AMZN,26255200,0.0053957212440818,1,0.008880406066294946
2024-08-21,AMZN,35599100,0.0010560384801017,1,0.019453090460313877
2024-08-22,AMZN,32047500,-0.0289447560848394,0,0.03192197810702856
2024-08-23,AMZN,29150100,-0.0016916829702996,0,0.021033020212948478
2024-08-26,AMZN,22366200,-0.0067911543235265,0,0.017940001265952753
2024-08-27,AMZN,29842000,-0.0059144347711496,0,0.015159342418453752
2024-08-28,AMZN,29045000,-0.0166388355635113,0,0.027462745151783177
2024-08-29,AMZN,26407800,-0.0063503411601647,0,0.020090034078138176
2024-08-30,AMZN,43429400,0.0331056908271521,1,0.03646248314317987
2024-09-03,AMZN,37817500,-0.0073218982225466,0,0.016896648540892824
2024-09-04,AMZN,30309200,-0.0065909784768688,0,0.01971574120610376
2024-09-05,AMZN,40170500,0.0165142822265625,1,0.0278857421875
2024-09-06,AMZN,41466500,-0.033006126846127,0,0.04073573119462351
2024-09-09,AMZN,29037400,0.0049847884218899,1,0.013407503655797107
2024-09-10,AMZN,36233800,0.0116062735637984,1,0.020902623241003147
2024-09-11,AMZN,42564700,0.0245419101563208,1,0.05141593254751294
2024-09-12,AMZN,33544200,0.0119047451943278,1,0.02094161424279112
2024-09-13,AMZN,26495400,-0.0027272433520638,0,0.013850247796206703
2024-09-16,AMZN,26065500,-0.0021587452694581,0,0.01322250006485099
2024-09-17,AMZN,26091700,0.0001605500578911,1,0.017714730802631064
2024-09-18,AMZN,34448100,-0.0001072902804417,0,0.02005902684032922
2024-09-19,AMZN,39543200,-0.0008945389126032,0,0.013260389189062607
2024-09-20,AMZN,100378600,0.0072018630434013,1,0.023287561243108358
2024-09-23,AMZN,36993100,0.0116886114605417,1,0.020246241058133805
2024-09-24,AMZN,43478900,-0.0015957046984926,0,0.026972718994878842
2024-09-25,AMZN,26391100,-0.0062967804939516,0,0.009238675025201759
2024-09-26,AMZN,36334900,-0.0162111776854636,0,0.025680642045499167
2024-09-27,AMZN,36002300,-0.0142122485796714,0,0.018670010988761247
2024-09-30,AMZN,41583900,-0.0043282973241184,0,0.020519459277566376
2024-10-01,AMZN,36044900,0.0012439750888087,1,0.014818851182320994
2024-10-02,AMZN,23704100,0.0017349385230643,1,0.013879921836349252
2024-10-03,AMZN,30204300,-0.0059546370921524,0,0.013985236361181074
2024-10-04,AMZN,40890300,0.0040914912884841,1,0.021534320323014805
2024-10-07,AMZN,42364200,-0.0117518116006999,0,0.01831104760533741
2024-10-08,AMZN,26372100,0.0043975541986036,1,0.011928310195617464
2024-10-09,AMZN,26343100,0.0128541229109515,1,0.020785487908983283
2024-10-10,AMZN,27785000,-0.0025651203644692,0,0.012290936737794437
2024-10-11,AMZN,25751600,0.0117344606124903,1,0.019450193050698127
2024-10-14,AMZN,22614400,-0.011803169499274,0,0.013015076597063132
2024-10-15,AMZN,32178900,0.000319765266921,1,0.020412523217950944
2024-10-16,AMZN,23456800,-0.0008554058246398,0,0.01160116617771363
2024-10-17,AMZN,25039400,-0.0036659358034811,0,0.015620031996274722
2024-10-18,AMZN,37417700,0.0098317480987866,1,0.023831188134230533
2024-10-21,AMZN,24639400,0.0054241119697307,1,0.016272335909192002
2024-10-22,AMZN,29650600,0.0071674584602063,1,0.024104106173624035
2024-10-23,AMZN,31937100,-0.0219221565043484,0,0.028964792395636933
2024-10-24,AMZN,21647400,0.0060998914051956,1,0.017543859649122806
2024-10-25,AMZN,29362100,-0.0001064906670799,0,0.01554430702193448
2024-10-28,AMZN,27930800,-0.0062246552143249,0,0.010550192133397083
2024-10-29,AMZN,35690200,0.0119312757352486,1,0.019302149508458724
2024-10-30,AMZN,37707600,-0.0101181368853684,0,0.016384193587092293
2024-10-31,AMZN,75146800,-0.0215736744992876,0,0.028187551996301557
2024-11-01,AMZN,99687800,-0.0053769212272299,0,0.01748741571627684
2024-11-04,AMZN,38492100,-0.0034105277645885,0,0.015372890401503204
2024-11-05,AMZN,30564800,0.0176494941459066,1,0.019536839227822907
2024-11-06,AMZN,72292200,0.0353982402155043,1,0.04204791706957393
2024-11-07,AMZN,52878400,0.0125819542018603,1,0.024392583392988547
2024-11-08,AMZN,36075800,-0.0073431648672422,0,0.012016041664089825
2024-11-11,AMZN,35456000,-0.0079616482595173,0,0.019472410352967626
2024-11-12,AMZN,38942900,0.0025915849574127,1,0.01694101291940604
2024-11-13,AMZN,46212900,0.0224451401338372,1,0.02841450392392829
2024-11-14,AMZN,42620300,-0.0125140450538966,0,0.023440366678327967
2024-11-15,AMZN,86591100,-0.0200715515899627,0,0.037386321981564434
2024-11-18,AMZN,36409900,-0.0120009650819998,0,0.018221902189178494
2024-11-19,AMZN,31197900,0.0264887309024961,1,0.03270959821686587
2024-11-20,AMZN,32769000,-0.0004926142813638,0,0.01812990448334625
2024-11-21,AMZN,58800000,-0.025111801427138,0,0.03803629310641551
2024-11-22,AMZN,31530800,-0.0056998985261664,0,0.012660754132842199
2024-11-25,AMZN,40685700,0.0108891920023975,1,0.014803276627421686
2024-11-26,AMZN,41673700,0.029519598286481,1,0.030757835074780155
2024-11-27,AMZN,28061600,-0.0059908699389832,0,0.012513268873094395
2024-11-29,AMZN,24892400,0.0100082472927566,1,0.017538748376024517
2024-12-02,AMZN,39523200,0.0035721088589128,1,0.016574637431168843
2024-12-03,AMZN,32214800,0.0148828154588345,1,0.020778899846446874
2024-12-04,AMZN,48745700,0.0101870572321153,1,0.01967956967898677
2024-12-05,AMZN,41140200,0.0115580621316786,1,0.022244603365961783
2024-12-06,AMZN,44178100,0.0284484655913788,1,0.029671518880945897
2024-12-09,AMZN,46819400,-0.00492940602474,0,0.01940937252672605
2024-12-10,AMZN,31199900,-0.0046441818247835,0,0.021495867526523736
2024-12-11,AMZN,35385800,0.0170045085572818,1,0.02181883468708654
2024-12-12,AMZN,28204100,-0.0037418988099897,0,0.015054568278781776
2024-12-13,AMZN,28768100,-0.0041155306818581,0,0.019001735787513078
2024-12-16,AMZN,37552100,0.0117273899941232,1,0.021674002457392014
2024-12-17,AMZN,35948100,-0.0053358814769173,0,0.020999137815053547
2024-12-18,AMZN,43281400,-0.04441651778928,0,0.04892314025701178
2024-12-19,AMZN,39918700,-0.0072029271690838,0,0.014094518328796735
2024-12-20,AMZN,88279200,0.0231077234155644,1,0.034024795810274185
2024-12-23,AMZN,28070000,0.0002222259143084,1,0.013243904977907821
2024-12-24,AMZN,15007500,0.0092976142929951,1,0.01326339329538471
2024-12-26,AMZN,16146700,-0.0063457196859614,0,0.008008760748598194
2024-12-27,AMZN,27367100,-0.0082003814426616,0,0.022739382730595278
2024-12-30,AMZN,28321200,0.0056348518900346,1,0.020767097041350865
2024-12-31,AMZN,24819700,-0.0160559797795896,0,0.019240226320339865
2025-01-02,AMZN,33956600,-0.0081520405735484,0,0.03134707694160081
2025-01-03,AMZN,27515600,0.0075502583076945,1,0.01680825844004589
2025-01-06,AMZN,31849800,0.003659942832359,1,0.01763823979862005
2025-01-07,AMZN,28084200,-0.025405850992531,0,0.030364187601025033
2025-01-08,AMZN,25033300,-0.0047493057350184,0,0.014875251077119005
2025-01-10,AMZN,36811500,-0.0113790490204258,0,0.0235257227305997
2025-01-13,AMZN,27262700,0.0018343995219295,1,0.013436635369098249
2025-01-14,AMZN,24711700,-0.0121575390350608,0,0.02549451240126157
2025-01-15,AMZN,31291300,0.0023336367104425,1,0.012655420280240467
2025-01-16,AMZN,24757300,-0.0167542756328042,0,0.01933872370243714
2025-01-17,AMZN,42370100,0.0004428183897328,1,0.015187711350515136
2025-01-21,AMZN,39951500,0.0079074393431454,1,0.021144589195923786
2025-01-22,AMZN,41448200,0.0128867777748329,1,0.01831738609490425
2025-01-23,AMZN,26404400,0.0056385819351324,1,0.017129473135732324
2025-01-24,AMZN,25890700,0.001492563341218,1,0.0147974465701627
2025-01-27,AMZN,49428300,0.0407143414602689,1,0.04310154153495414
2025-01-28,AMZN,41587200,0.0164753114557369,1,0.033249429203782176
2025-01-29,AMZN,26091700,-0.0081583001982518,0,0.017739123995374112
2025-01-30,AMZN,32020700,-0.0105422957174433,0,0.02416292376776141
2025-01-31,AMZN,36110200,0.0049893982062632,1,0.01640587578868273
2025-02-03,AMZN,37285900,0.0143552962718904,1,0.027129822138556414
2025-02-04,AMZN,29713800,0.0127609854058658,1,0.018785848275627716
2025-02-05,AMZN,38727300,-0.0035862209441972,0,0.013163489662206006
2025-02-06,AMZN,60897100,0.0034452642458054,1,0.01533552892531388
2025-02-07,AMZN,77539300,-0.0144086284022177,0,0.02903225806451613
2025-02-10,AMZN,35419900,0.0112339896057567,1,0.020472787500434336
2025-02-11,AMZN,23713700,0.0036219228377137,1,0.014272152400512425
2025-02-12,AMZN,32285200,-0.0066389568407223,0,0.013104178276890527
2025-02-13,AMZN,31346500,0.006641856994246,1,0.012672028923489086
2025-02-14,AMZN,27031100,-0.0022687795784672,0,0.011605600774550114
2025-02-18,AMZN,42975100,-0.0094834951414875,0,0.024385987468081377
2025-02-19,AMZN,28566700,0.0049219607543573,1,0.013834671240153458
2025-02-20,AMZN,30001700,-0.008452682208393,0,0.014770029994877658
2025-02-21,AMZN,55323900,-0.030007152386564,0,0.038382264924234064
2025-02-24,AMZN,42387600,-0.0217980699052537,0,0.024373433553182933
2025-02-25,AMZN,58958000,0.0055285079712264,1,0.043377557359433105
2025-02-26,AMZN,39120600,-0.00274493501065,0,0.02358801184810074
2025-02-27,AMZN,40548600,-0.0440119090530075,0,0.05312574206211051
2025-02-28,AMZN,51771700,0.0173975796261629,1,0.026982936921707095
2025-03-03,AMZN,42948400,-0.0390438321666278,0,0.05371451196264725
2025-03-04,AMZN,60853100,0.018439870222135,1,0.0468242983728813
2025-03-05,AMZN,38610100,0.0173828003200471,1,0.032812505471519766
2025-03-06,AMZN,49863800,-0.018101746862654,0,0.036545995321732624
2025-03-07,AMZN,59802800,-0.0012030953258572,0,0.048824528672930405
2025-03-10,AMZN,62350900,-0.0054192882633236,0,0.030061295708301895
2025-03-11,AMZN,54002900,0.0138731435073811,1,0.034966472370888374
2025-03-12,AMZN,43679300,-0.0091171872256143,0,0.03103831680171147
2025-03-13,AMZN,41270800,-0.0215976122462697,0,0.03562596570533805
2025-03-14,AMZN,38096700,0.0027353896768933,1,0.016868378048183013
2025-03-17,AMZN,47341800,-0.0152437425877576,0,0.02354476316942783
2025-03-18,AMZN,40414900,0.0015582954763144,1,0.02399748085736132
2025-03-19,AMZN,39442900,0.0111696574039764,1,0.02073634504904464
2025-03-20,AMZN,38921100,0.0097373468312269,1,0.036359890227136
2025-03-21,AMZN,60056900,0.0171592168072284,1,0.023172635366188302
2025-03-24,AMZN,41625400,0.0162999725341796,1,0.01845001220703125
2025-03-25,AMZN,31171200,0.0103634604474362,1,0.014685684693171695
2025-03-26,AMZN,32855300,-0.0228818088752128,0,0.029537514279169855
2025-03-27,AMZN,27317700,0.0023395949132913,1,0.022450069792116945
2025-03-28,AMZN,52548200,-0.0287269277333069,0,0.03719377931724277
2025-03-31,AMZN,63547600,0.010999479454676,1,0.03682452757673974
2025-04-01,AMZN,41267300,0.0229426037719083,1,0.035824527337770175
2025-04-02,AMZN,53679200,0.0444953143012887,1,0.056911395435178265
2025-04-03,AMZN,95553600,-0.0250819472015881,0,0.039398943791623973
2025-04-04,AMZN,123159400,0.0230332410655062,1,0.0726293738135983
2025-04-07,AMZN,109327100,0.0818518179434317,1,0.135987646785783
2025-04-08,AMZN,87710400,-0.0786589235085939,0,0.09355928830099909
2025-04-09,AMZN,116804300,0.1102719702809986,1,0.13200094042086333
2025-04-10,AMZN,68302000,-0.0227566930821009,0,0.059426169481171555
2025-04-11,AMZN,50594300,0.0274551361223457,1,0.043683659924972335
2025-04-14,AMZN,48002500,-0.02526226350469,0,0.04394137697915497
2025-04-15,AMZN,43642000,-0.0100325631854826,0,0.024364772275551987
2025-04-16,AMZN,51875300,-0.0111179960844226,0,0.04362132131302971
2025-04-17,AMZN,44726500,-0.019261360168457,0,0.0239204926924272
2025-04-21,AMZN,48126100,-0.0134433885450763,0,0.02541281050869886
2025-04-22,AMZN,56607200,0.0196054545340207,1,0.04374443573027026
2025-04-23,AMZN,63470100,-0.0155355186270766,0,0.03919325462531791
2025-04-24,AMZN,43763200,0.0310634267856861,1,0.036259191265616865
2025-04-25,AMZN,36414300,0.00730204888408,1,0.023718138066588745
2025-04-28,AMZN,33224700,-0.0126768905074536,0,0.02803640952050192
2025-04-29,AMZN,41667300,0.01847923145266,1,0.02358830081583375
2025-04-30,AMZN,55176500,0.0123511007444449,1,0.03403412752132918
2025-05-01,AMZN,74266000,-0.0022557201046847,0,0.022609229650092287
2025-05-02,AMZN,77903500,-0.0076264453366482,0,0.03384878240539839
2025-05-05,AMZN,35217500,-0.000857800697187,0,0.014208321133092132
2025-05-06,AMZN,29314100,0.0023838498410215,1,0.022105360623942985
2025-05-07,AMZN,43948600,0.0169756908639685,1,0.032226832641770405
2025-05-08,AMZN,41043600,0.0033955450041432,1,0.02878333969415146
2025-05-09,AMZN,29663100,-0.0016548108187952,0,0.018254207726574774
2025-05-12,AMZN,75205000,-0.0098239630689666,0,0.028048044581645393
2025-05-13,AMZN,56193700,0.0013738548589028,1,0.022455894415657977
2025-05-14,AMZN,38492100,-0.0056750861459502,0,0.014566027981639362
2025-05-15,AMZN,64347300,-0.0062000426167009,0,0.02039237963719928
2025-05-16,AMZN,43318500,-0.0060914175897797,0,0.011989417032393052
2025-05-19,AMZN,34314800,0.022365533856352,1,0.026580712980844683
2025-05-20,AMZN,29470400,-0.0027366346343706,0,0.01436740639814738
2025-05-21,AMZN,42460900,-0.0024304622373921,0,0.01686428820485254
2025-05-22,AMZN,38938900,0.0085410724947793,1,0.027808077807850776
2025-05-23,AMZN,33393500,0.0105078514872525,1,0.022724932892779718
2025-05-27,AMZN,34892000,0.0144271406145259,1,0.022157664489358363
2025-05-28,AMZN,28549800,-0.0058274910592105,0,0.01578282842317027
2025-05-29,AMZN,34650000,-0.0112003165155359,0,0.022016064307694882
2025-05-30,AMZN,51679400,0.0008299071079111,1,0.020943217250626124
2025-06-02,AMZN,29113300,0.0081471275429485,1,0.021075263022060635
2025-06-03,AMZN,33139100,-0.0067596634269644,0,0.018927131270306156
2025-06-04,AMZN,29915600,0.0032921455615319,1,0.014524328035222796
2025-06-05,AMZN,51864200,-0.0078262914138128,0,0.02505368610614277
2025-06-06,AMZN,39832500,0.0055085379536526,1,0.015866267486005232
2025-06-09,AMZN,38102500,0.0103841477417418,1,0.023143195439828155
2025-06-10,AMZN,31303300,0.0038287749595372,1,0.016329959243730412
2025-06-11,AMZN,39326000,-0.0193643652221736,0,0.02534379473816392
2025-06-12,AMZN,27640000,0.006893978290125,1,0.01062423275554365
2025-06-13,AMZN,29337800,0.0101924143704416,1,0.02109929411751026
2025-06-16,AMZN,33284200,0.0178512956926387,1,0.02571707181886838
2025-06-17,AMZN,32086300,-0.0017657510660412,0,0.013243522973660082
2025-06-18,AMZN,44360500,-0.0119484499938919,0,0.026128646016376832
2025-06-20,AMZN,75350700,-0.0232438531983327,0,0.03083657230781316
2025-06-23,AMZN,37311700,-0.0062919686718772,0,0.014681357212562078
2025-06-24,AMZN,38378800,0.0029697599916333,1,0.015508594775141585
2025-06-25,AMZN,31755700,-0.0122541686881849,0,0.022924230178361763
2025-06-26,AMZN,50480800,0.0187687691987818,1,0.028293913839389652
2025-06-27,AMZN,119217100,0.0153692475034304,1,0.0298290178847412
2025-06-30,AMZN,58887800,-0.0184771152642705,0,0.021027255356089493
2025-07-01,AMZN,39256800,0.0043736068968892,1,0.017995499804242598
2025-07-02,AMZN,30894200,0.0008647087111486,1,0.011559680491103438
2025-07-03,AMZN,29632400,0.0071679572869485,1,0.011946595478247663
2025-07-07,AMZN,36604100,0.0021076287923906,1,0.00860985725984445
2025-07-08,AMZN,45692000,-0.0203644051263044,0,0.02487498825368977
2025-07-09,AMZN,38155100,0.0066494138201126,1,0.017279558234362072
2025-07-10,AMZN,30370600,0.0032046555869929,1,0.013947173528897447
2025-07-11,AMZN,50518300,0.006440658509764,1,0.01927720513147926
2025-07-14,AMZN,35702600,0.0027546767539505,1,0.010752201938036063
2025-07-15,AMZN,34907300,0.0006631704566634,1,0.008001757661419752
2025-07-16,AMZN,39535900,-0.0119089887695098,0,0.01735440651228986
2025-07-17,AMZN,31855800,0.0025076013802056,1,0.008911004065457152
2025-07-18,AMZN,37833800,0.004397288335471,1,0.015190540011623609
2025-07-21,AMZN,40297600,0.015320610919115,1,0.017888808937445187
2025-07-22,AMZN,37483700,-0.0096220460011846,0,0.015891649307202712
2025-07-23,AMZN,28294900,-0.0007878843332102,0,0.007440788458699897
2025-07-24,AMZN,42902300,0.0133525225074963,1,0.03211589941596863
2025-07-25,AMZN,28712100,-0.0033588785427468,0,0.005598152807355531
2025-07-28,AMZN,26300100,-0.0023998834486183,0,0.008742203697341487
2025-07-29,AMZN,33716200,-0.0134102048750708,0,0.0188340968484459
2025-07-30,AMZN,32993300,-0.006259700190221,0,0.010835821845271373
2025-07-31,AMZN,104357300,-0.0070407754677352,0,0.021758513762777588
2025-08-01,AMZN,122258800,-0.0113254759809835,0,0.03517333066387075
2025-08-04,AMZN,77890100,-0.0264489427848736,0,0.027690912794263365
2025-08-05,AMZN,51505100,0.0032855993345005,1,0.01609954417009342
2025-08-06,AMZN,54823000,0.0354448100536587,1,0.041499713693373956
2025-08-07,AMZN,40603500,0.0096380311439479,1,0.024434361522553735
2025-08-08,AMZN,32970500,-0.0020166574772477,0,0.008604455383154321
2025-08-11,AMZN,31646200,-0.0021642877183741,0,0.011948819415003023
2025-08-12,AMZN,37185800,-0.0034198556515643,0,0.02002428580207518
2025-08-13,AMZN,36508300,0.011531520534206,1,0.013153144905159066
2025-08-14,AMZN,61545800,0.015743192291748,1,0.026780987253073242
2025-08-15,AMZN,39649200,-0.0066643866177442,0,0.018359292453538987
2025-08-18,AMZN,25248900,0.0054728305998673,1,0.015549675965295759
2025-08-19,AMZN,29891000,-0.0090399489945672,0,0.014820303865369849
2025-08-20,AMZN,36604300,-0.0145737831532,0,0.027958815780350702
2025-08-21,AMZN,32140500,-0.0031439342799516,0,0.0102402822447725
2025-08-22,AMZN,37315300,0.0271556319138072,1,0.03734455009720381
2025-08-25,AMZN,22633700,0.002595101482522,1,0.010072612638854306
2025-08-26,AMZN,26105400,0.0070450711074618,1,0.013121376071200909
2025-08-27,AMZN,21254500,0.0024062115559571,1,0.00901254535846316
2025-08-28,AMZN,33679600,0.0113096007109086,1,0.020479466197560567
2025-08-29,AMZN,26199200,-0.0100294278521573,0,0.015778980550387643
2025-09-02,AMZN,38843900,0.0081424124491837,1,0.01941659026008412
2025-09-03,AMZN,29223100,0.0034634286046084,1,0.012477232249115231
2025-09-04,AMZN,59391800,0.0194212127988231,1,0.02158400207824178
2025-09-05,AMZN,36721800,-0.0121603834374893,0,0.017305188494280175
2025-09-08,AMZN,33947100,0.0038307392829317,1,0.01638718848858352
2025-09-09,AMZN,27033800,0.0079539891604238,1,0.015950263423276528
2025-09-10,AMZN,60907700,-0.0302711447965391,0,0.03612321664672711
2025-09-11,AMZN,37485600,-0.0066525919408099,0,0.009460462177365547
2025-09-12,AMZN,38496200,-0.0095507364824752,0,0.01953548895491573
2025-09-15,AMZN,33243300,0.0034687064823817,1,0.014785536708690459
2025-09-16,AMZN,38203900,0.0047651781519611,1,0.015755122050659896
2025-09-17,AMZN,42815200,-0.009197113042645,0,0.023912376420096384
2025-09-18,AMZN,37931700,-0.0054623839675739,0,0.02017205351142461
2025-09-19,AMZN,97943200,-0.0038300960035722,0,0.019193556860118338
2025-09-22,AMZN,45914500,-0.0127081571252907,0,0.013272089043135607
2025-09-23,AMZN,70956200,-0.0312513499537574,0,0.03419213107810727
2025-09-24,AMZN,49509000,-0.0175774583533414,0,0.022797237338812525
2025-09-25,AMZN,52226300,-0.0086794677965076,0,0.01908569024283428
2025-09-26,AMZN,41650100,0.0031951658863961,1,0.013830558489923291
2025-09-29,AMZN,44259200,0.0094965299913756,1,0.014994561179125421
2025-09-30,AMZN,48396400,-0.0110795454154977,0,0.01959197463149862
2025-10-01,AMZN,43933800,0.0150441859738622,1,0.025487639264705517
2025-10-02,AMZN,41258600,0.0063345965796589,1,0.01746527626031022
2025-10-03,AMZN,43639000,-0.0175886497119104,0,0.021750808079345575
2025-10-06,AMZN,43690900,-0.0004525163055005,0,0.0257918413947609
2025-10-07,AMZN,31194700,0.0040745829255204,1,0.01231438410256382
2025-10-08,AMZN,46686000,0.010317616502108,1,0.024851934916732623
2025-10-09,AMZN,46412100,0.0121778021918402,1,0.028711140950520832
2025-10-10,AMZN,72367500,-0.0434994531834584,0,0.054153218851609036
2025-10-13,AMZN,37809700,0.010886588926044,1,0.016720254665478204
2025-10-14,AMZN,45665600,0.0038504446115011,1,0.031174620972411714
2025-10-15,AMZN,45909500,-0.0048471416149775,0,0.023312728121085407
2025-10-16,AMZN,42414600,-0.00556404209408,0,0.026800198582879218
2025-10-17,AMZN,45986900,-0.0070842854667997,0,0.01757086276733106
2025-10-20,AMZN,38882800,0.012156306271599,1,0.0144941370522884
2025-10-21,AMZN,50494600,0.0164812810704945,1,0.02440141926372747
2025-10-22,AMZN,44308500,-0.0061559784985365,0,0.015914227933464146
2025-10-23,AMZN,31540000,0.0095433622734731,1,0.014246622721354166
2025-10-24,AMZN,38685100,0.0100914784918924,1,0.015767896475884488
2025-10-27,AMZN,38267000,-0.0030308461315424,0,0.012562595819845345
2025-10-28,AMZN,47100000,0.0045131836551906,1,0.023135565467773404
2025-10-29,AMZN,52036200,-0.0059135629473628,0,0.02184146785244402
2025-10-30,AMZN,102252900,-0.0184973002439954,0,0.02505946667218616
2025-10-31,AMZN,166340800,-0.0235106147113758,0,0.026069588617932127
2025-11-03,AMZN,95997800,-0.0053258169137724,0,0.02232147632130041
2025-11-04,AMZN,51546300,-0.0042335551478636,0,0.03334933277688759
2025-11-05,AMZN,40610700,0.004698221799303,1,0.019435394778201425
2025-11-06,AMZN,46004200,-0.024562571383953,0,0.032950740862088504
2025-11-07,AMZN,46374300,0.0062165903810953,1,0.02638941360390494
2025-11-10,AMZN,36476500,0.0002415944248952,1,0.024804718341575813
2025-11-11,AMZN,23564100,0.0027776757426597,1,0.01014453619141969
2025-11-12,AMZN,31190100,-0.0241368622615654,0,0.026454583487324695
2025-11-13,AMZN,41401700,-0.0225056620120193,0,0.02982925286553526
2025-11-14,AMZN,38956700,-0.0015740454395915,0,0.02484470517547271
2025-11-17,AMZN,59919000,-0.0016291742028403,0,0.02319401355673889
2025-11-18,AMZN,60608400,-0.0243314463097345,0,0.034107841171061526
2025-11-19,AMZN,58335600,-0.0046929606953544,0,0.023330656532332426
2025-11-20,AMZN,50309000,-0.0436467893807969,0,0.04699404547690293
2025-11-21,AMZN,68490500,0.0200600703279578,1,0.032493708526739454
2025-11-24,AMZN,54318400,0.016714599485578,1,0.022735431407711195
2025-11-25,AMZN,39379300,0.0145330559906821,1,0.029684605865176836
2025-11-26,AMZN,38497900,-0.0068475417935339,0,0.012914950405630359
2025-11-28,AMZN,20292300,0.0085625137541245,1,0.013276215155255401
2025-12-01,AMZN,42904000,0.0028299616613276,1,0.01522169210692327
2025-12-02,AMZN,45785400,-0.0025105159426462,0,0.023062841137114515
2025-12-03,AMZN,35495100,-0.00415685106206,0,0.011870598671559995
2025-12-04,AMZN,45683200,-0.0157236911755403,0,0.028783764339325
2025-12-05,AMZN,33117400,-0.0034300474114252,0,0.011679412798991422
2025-12-08,AMZN,35019200,-0.0117600809761265,0,0.019861481908309147
2025-12-09,AMZN,25841700,0.0047610732167618,1,0.015253071635185925
2025-12-10,AMZN,38790700,0.0129802073877587,1,0.01730689872527991
2025-12-11,AMZN,28249600,-0.0018638460493983,0,0.01482379640856634
2025-12-12,AMZN,35639100,-0.0160090170703018,0,0.021577442986147805
2025-12-15,AMZN,47286100,-0.0236476091907546,0,0.028210384251306432
2025-12-16,AMZN,39298900,-0.0021520612535317,0,0.011343251683347972
2025-12-17,AMZN,44034400,-0.015089465567476,0,0.01869490287447423
2025-12-18,AMZN,50272400,0.0046519328418603,1,0.021354800062276354
2025-12-19,AMZN,85544400,0.0026019210221047,1,0.01565533223564615
2025-12-22,AMZN,32261300,-0.0007874018375824,0,0.012116657216554068
2025-12-23,AMZN,29230200,0.0134462667592879,1,0.016240291890126185
2025-12-24,AMZN,11420500,0.0010769827025429,1,0.006978826877659918
2025-12-26,AMZN,15994700,0.0020686562670953,1,0.007800434708472348
2025-12-29,AMZN,19797900,0.0005605108279902,1,0.007889979355833588
2025-12-30,AMZN,21910500,0.0057090611439808,1,0.011115467538562124
2025-12-31,AMZN,24383700,-0.0089734073463098,0,0.012322400630503681
2026-01-02,AMZN,51456200,-0.0209215717753423,0,0.04651167085655669
2026-01-05,AMZN,49733300,0.0184408376517894,1,0.02980251456632939
2026-01-06,AMZN,53764700,0.0380438877210864,1,0.04786723420682503
2026-01-07,AMZN,42236500,0.008138211857915,1,0.02408075205114218
2026-01-08,AMZN,39509800,0.0132888824157929,1,0.018637368653000228
2026-01-09,AMZN,34560000,0.0114895427666591,1,0.022979085533318275
2026-01-12,AMZN,35867800,-0.0010537612424029,0,0.012077962870918361
2026-01-13,AMZN,38371800,-0.015941235124491,0,0.030057208854095952
2026-01-14,AMZN,41410600,-0.0186605851706206,0,0.020982781201171398
2026-01-15,AMZN,43003600,-0.0047219292730794,0,0.016798249361427667
2026-01-16,AMZN,45888300,0.0001254706585652,1,0.013216795811245786
2026-01-20,AMZN,47737900,-0.011806958297799,0,0.0245978787436695
2026-01-21,AMZN,47276100,0.0009520153368363,1,0.023454057963722522
2026-01-22,AMZN,31913300,0.0012390227829592,1,0.020593921219273923
2026-01-23,AMZN,33778500,0.0178753695447281,1,0.025025491385791677
2026-01-26,AMZN,32825500,-0.006500531654167,0,0.014209532972827111
2026-01-27,AMZN,38029200,0.0208185163484022,1,0.02836999033124094
2026-01-28,AMZN,40882700,-0.0136380268577484,0,0.025368348921820397
2026-01-29,AMZN,47229600,-0.0044889694580409,0,0.02578039007501315
2026-01-30,AMZN,46585000,-0.0024594453265736,0,0.02367755199892427
2026-02-02,AMZN,37546100,0.0195124384327608,1,0.031303792498394795
2026-02-03,AMZN,53831300,-0.0259613059077076,0,0.04449346618242308
2026-02-04,AMZN,51299900,-0.0245750443866201,0,0.02947330347544069
2026-02-05,AMZN,103509200,-0.009870620179431,0,0.026366069001937636
2026-02-06,AMZN,179210900,0.0375925529881594,1,0.05490875703197216
2026-02-09,AMZN,91178400,-0.0011963439658305,0,0.045269614776366776
2026-02-10,AMZN,67175000,-0.0088122428687633,0,0.029885010264239672
2026-02-11,AMZN,65545500,-0.0191290770654662,0,0.029222348853207177
2026-02-12,AMZN,83975400,-0.021376742826196,0,0.0313787455608979
2026-02-13,AMZN,66321600,-0.0004525924902944,0,0.019509275882704825
2026-02-17,AMZN,69879200,0.0152424617132478,1,0.028970904717632844
2026-02-18,AMZN,51003300,0.0134606119826079,1,0.026476002917798724
2026-02-19,AMZN,35669600,0.0052011655678167,1,0.013886171681440055
2026-02-20,AMZN,65881600,0.0261281805383962,1,0.03623753842549353
2026-02-23,AMZN,53581500,-0.0135992395389308,0,0.025564593509830678
2026-02-24,AMZN,41137200,0.0150386738673911,1,0.034603594530154644
2026-02-25,AMZN,41346400,0.0008552345815799,1,0.012638998276408095
2026-02-26,AMZN,47756800,-0.0133345874605668,0,0.027048816323291546
2026-02-27,AMZN,57422800,0.0153265877333147,1,0.024803001679625042
2026-03-02,AMZN,46001000,0.0187728979740908,1,0.030652597996223618
2026-03-03,AMZN,43184900,0.0277202828893759,1,0.03298865951204046
2026-03-04,AMZN,54731100,0.0301705994521132,1,0.03511188932763442
2026-03-05,AMZN,60943400,0.0137050040393614,1,0.022594707747696445
2026-03-06,AMZN,51152700,-0.008279448968866,0,0.02228014522784028
2026-03-09,AMZN,54642900,0.0144452772107643,1,0.031884090335802716
2026-03-10,AMZN,35678800,0.0006536224289307,1,0.015033387104909418
2026-03-11,AMZN,34199300,-0.0141857712769061,0,0.026192544252149366
2026-03-12,AMZN,44349500,-0.0040876496641782,0,0.01692101729032061
2026-03-13,AMZN,35662100,-0.0092552952423895,0,0.020705101499228114
2026-03-16,AMZN,42209300,0.0162706949380369,1,0.02529399624707769
2026-03-17,AMZN,44969900,0.0111831103379188,1,0.015365116811970026
2026-03-18,AMZN,37846600,-0.0189781596671525,0,0.029495619009143718
2026-03-19,AMZN,36440600,0.0082101659822589,1,0.014826582157960969
2026-03-20,AMZN,63694600,-0.0097878439683564,0,0.015525487254937879
2026-03-23,AMZN,44277400,0.0016683641485142,1,0.0156823902483976
2026-03-24,AMZN,35351400,-0.0034142412382667,0,0.013032011318286614
2026-03-25,AMZN,36388800,0.0007090620013449,1,0.014983992552072037
2026-03-26,AMZN,46746000,-0.0145767404934324,0,0.027396630054315373
2026-03-27,AMZN,56009800,-0.0344861481373687,0,0.03613293844461595
2026-03-30,AMZN,46373800,-0.0026305280451444,0,0.01895973498721216
2026-03-31,AMZN,58470100,0.0166951333514586,1,0.029973147213604424
2026-04-01,AMZN,45955400,0.0006177764745497,1,0.02561299813303889
2026-04-02,AMZN,31453000,0.0156386709176144,1,0.03539272322554869
2026-04-06,AMZN,25385500,0.0142516215008698,1,0.01601525529779244
2026-04-07,AMZN,28154600,0.0119768922245116,1,0.02314902131455721
2026-04-08,AMZN,51092700,-0.0113498966099222,0,0.028955767374472825
2026-04-09,AMZN,65964200,0.0373840000384806,1,0.0467522043202232
2026-04-10,AMZN,56912800,0.0130896803702003,1,0.022184385440767916
2026-04-13,AMZN,42166200,0.0102758579606893,1,0.01789850517844558
2026-04-14,AMZN,72685000,0.0299446005861424,1,0.04301428550331726
2026-04-15,AMZN,43045200,-0.0030090270812437,0,0.012999019029745486
2026-04-16,AMZN,41895700,0.0047885496266167,1,0.023339113838330018
2026-04-17,AMZN,52029300,-0.0173732610656737,0,0.023804823462354827
2026-04-20,AMZN,39463100,-0.0036518465957451,0,0.019302530243863848
2026-04-21,AMZN,42922400,-0.0203065300487905,0,0.023481870400126365
2026-04-22,AMZN,36065100,0.011567097689373,1,0.022223104722294152
2026-04-23,AMZN,39091400,-0.0012138202722683,0,0.022397122966338712
2026-04-24,AMZN,53777400,0.0154241829317322,1,0.02619431214252805
2026-04-27,AMZN,44906800,-0.0088817900773735,0,0.014461389517062148
2026-04-28,AMZN,42204400,0.0050698459086204,1,0.017028498188952683
2026-04-29,AMZN,72367900,0.0195744738234189,1,0.031822906957047564
2026-04-30,AMZN,100974900,-0.0296885290130356,0,0.06486803217656557
2026-05-01,AMZN,50825200,0.0100912091605597,1,0.03983740351219905
2026-05-04,AMZN,49083700,0.0120907743586029,1,0.027157807448151338
2026-05-05,AMZN,41908500,-0.0091640064559139,0,0.022384790554760267
2026-05-06,AMZN,44552000,0.0076953185283927,1,0.020484429762269545
2026-05-07,AMZN,35892900,-0.0139988936794921,0,0.022325703198731006
2026-05-08,AMZN,34732700,0.003865507396437,1,0.014909942643177469
2026-05-11,AMZN,38176700,-0.0031500374853669,0,0.019085361571216486
2026-05-12,AMZN,36776200,-0.0033368983516662,0,0.018821900845500908
2026-05-13,AMZN,39670900,0.0215558460269673,1,0.028438487395384706
2026-05-14,AMZN,31338400,-0.0071706955955701,0,0.01541888906035224
2026-05-15,AMZN,40770300,0.0062476748511904,1,0.013218936011904762
2026-05-18,AMZN,33690800,0.0037518105608609,1,0.023951216285170912
2026-05-19,AMZN,40340700,-0.0103038166653409,0,0.026942441338622704
2026-05-20,AMZN,34933200,0.0190733405325326,1,0.02326471092852068
2026-05-21,AMZN,36591700,0.0188234969832186,1,0.030815920748339658
2026-05-22,AMZN,27535500,-0.0087098797960027,0,0.013213795362750358
2026-05-26,AMZN,38028100,-0.0098902510723977,0,0.026983579916668356
2026-05-27,AMZN,40061900,0.0214165408143807,1,0.02521131545728267
2026-05-28,AMZN,40630400,0.0063540274585358,1,0.025930134952329383
2026-05-29,AMZN,54749600,-0.0023959374691705,0,0.018835877439682253
2026-06-01,AMZN,53604400,-0.018889175777875,0,0.022268926679541143
2026-06-02,AMZN,41811000,-0.0024887799009306,0,0.02655940656626341
2026-06-03,AMZN,51394200,-0.018374529767789,0,0.03682760006443798
2026-06-04,AMZN,35609800,0.0026469586831143,1,0.016118844460176925
2026-06-05,AMZN,55607800,-0.032368425648329,0,0.04168963396729184
2026-06-08,AMZN,33899500,-0.0059185645306753,0,0.02456623049506311
2026-06-09,AMZN,44425400,-0.0142897240834178,0,0.04048762342985766
2026-06-10,AMZN,38590200,-0.0230286137527031,0,0.02717462484869458
2026-06-11,AMZN,41335400,0.0150464503898549,1,0.029252330215263536
2026-06-12,AMZN,51186600,-0.0191604108937499,0,0.040171062056485185
2026-06-15,AMZN,41711600,0.0040812994145898,1,0.012570409670019198
2026-06-16,AMZN,35187400,-0.0080645161290322,0,0.01637095789755556
2026-06-17,AMZN,44780800,-0.0302163906937957,0,0.04046551208285517
2026-06-18,AMZN,75624400,0.0177827934336622,1,0.0404380795124508
2026-06-22,AMZN,68388500,-0.0303649137342638,0,0.040653092437511966
2026-06-23,AMZN,60492600,0.0067082242017711,1,0.020941711689006527
2026-06-24,AMZN,70282600,0.0017960152148099,1,0.04049604863602677
2026-06-25,AMZN,77674100,-0.021593007815575,0,0.029178536970074904
2026-06-26,AMZN,248372100,0.024118637232559,1,0.034197389129330465
2026-06-29,AMZN,77619200,0.0252753741699751,1,0.0679276047271366
2026-06-30,AMZN,66228300,0.0041710141517469,1,0.01841160735121958
2026-07-01,AMZN,53829900,0.0081334596381321,1,0.04171011470281543
2026-07-02,AMZN,48246400,0.0043872255118413,1,0.023343402075248355
2026-07-06,AMZN,40044000,0.0014766226654851,1,0.021164841422191723
2026-07-07,AMZN,40579600,-0.0040489109130245,0,0.025224697689329497
2026-07-08,AMZN,29653000,-0.0026610273218336,0,0.017521589652583602
2026-07-09,AMZN,38091700,0.0301058533125352,1,0.038570593434661564
2026-07-10,AMZN,31654000,-0.0168703933575749,0,0.02652773005903154
2026-07-13,AMZN,34636100,0.010748753316735,1,0.022355735591145377
2026-07-14,AMZN,30108100,0.0079006410804129,1,0.019385031348717118
2026-07-15,AMZN,45240600,0.0208608877432119,1,0.02694699093624875
2026-07-16,AMZN,45343700,-0.020500140434452,0,0.03951076656157608
2026-07-17,AMZN,43572400,0.0113310518595954,1,0.027202851070265516
2026-07-20,AMZN,32406500,0.004944569116777,1,0.019657499186486193
2026-07-21,AMZN,27732100,-0.006262283949948,0,0.011721721977403433
2026-07-22,AMZN,34112700,-0.013775317638421,0,0.024167236866099107
2026-07-23,AMZN,47465300,-0.0110047866976113,0,0.02666555150358094
2026-07-24,AMZN,35017400,-0.0096851447443049,0,0.015402340366689965
2026-07-27,AMZN,34999500,-0.0181609827833437,0,0.02079175938624006
2026-07-28,AMZN,44521600,-0.0085462977925771,0,0.021515973268253878
2026-07-29,AMZN,44957500,-0.0116431769686778,0,0.02904240122709098
2026-07-30,AMZN,101839800,0.0092136012009814,1,0.03754021656952102
2026-07-31,AMZN,129054800,0.0248301380085495,1,0.04233962724793632
2026-08-03,AMZN,90830200,0.0205899611657278,1,0.03305908198118501
2026-08-04,AMZN,69748100,0.0049265227891337,1,0.01901760503669384
2026-08-05,AMZN,45119800,-0.0317482955988209,0,0.042828217321053186
2026-08-06,AMZN,30672900,-0.0018696310759513,0,0.016204177899911455
2026-08-07,AMZN,33861400,0.0059003038001638,1,0.020375994642451916
2026-08-10,AMZN,35731900,0.0148899179842205,1,0.02386777238727842
2026-08-11,AMZN,31895700,-0.0230363966109052,0,0.02683989709283086
2026-08-12,AMZN,29941100,-0.0215974597505999,0,0.023281299956365156
2026-08-13,AMZN,32170200,-0.007895470096792,0,0.018223302256957927
2026-08-14,AMZN,27251700,-0.0084189479961491,0,0.012798188116762931
2026-08-17,AMZN,43896500,-0.0155590899820164,0,0.027915926740337767
2026-08-18,AMZN,33171300,-0.0045274628925085,0,0.017073942393754617
2026-08-19,AMZN,35762400,0.0191297301806263,1,0.029978942462111583
2026-08-20,AMZN,28374100,-0.0115899766989782,0,0.01641589627641717
2026-08-21,AMZN,35723000,-0.0080922966579306,0,0.015532668346456103
2026-08-24,AMZN,28070500,0.0095146423830137,1,0.01644845697556466
2026-08-25,AMZN,25550200,-0.0055236453967064,0,0.015466183860176463
2026-08-26,AMZN,21528400,-0.0038273117141457,0,0.014582048286872712
2026-08-27,AMZN,35927800,-0.0114570115142253,0,0.01789915979247164
2023-01-03,BRK-B,3549900,-0.0005160243117034,0,0.016157672936055308
2023-01-04,BRK-B,5121200,0.0081730377979767,1,0.018076970027043268
2023-01-05,BRK-B,3416300,-0.0021367267662229,0,0.013489845608717495
2023-01-06,BRK-B,3647900,0.0117142934647817,1,0.021523805648561507
2023-01-09,BRK-B,4397400,-0.0109397227589567,0,0.018023948962500837
2023-01-10,BRK-B,3049100,0.0042857336619543,1,0.010984099857390872
2023-01-11,BRK-B,2999500,0.0058081318828508,1,0.012463899779089595
2023-01-12,BRK-B,3070300,-0.0069126615690321,0,0.01120973430463775
2023-01-13,BRK-B,2773000,0.0004725327370218,1,0.008283741105888089
2023-01-17,BRK-B,3478900,-0.0111181175024543,0,0.013410769772376626
2023-01-18,BRK-B,3406000,-0.0212698800223214,0,0.02473018585689484
2023-01-19,BRK-B,3614600,-0.002907304798952,0,0.011041437791473182
2023-01-20,BRK-B,3770100,0.0152681884360763,1,0.01851192481322844
2023-01-23,BRK-B,3086700,0.0025514599117126,1,0.018990423376565008
2023-01-24,BRK-B,2234300,0.0064662142868841,1,0.01723241766124244
2023-01-25,BRK-B,2299800,0.011578527810113,1,0.015697455806025662
2023-01-26,BRK-B,2856600,-0.0065177101217076,0,0.013099479956037682
2023-01-27,BRK-B,3031200,-0.0020013399402376,0,0.010942943784276123
2023-01-30,BRK-B,3474600,-0.0008778268071917,0,0.008777672800574265
2023-01-31,BRK-B,3653400,0.0122830925432148,1,0.019724367970564132
2023-02-01,BRK-B,3518300,0.0030358893730664,1,0.0203145962785567
2023-02-02,BRK-B,4421400,-0.0015688194089252,0,0.013766666324705657
2023-02-03,BRK-B,5385700,-0.0080063994674437,0,0.018102811463776125
2023-02-06,BRK-B,2973100,0.0005839178451946,1,0.010381124702199918
2023-02-07,BRK-B,3786700,0.0184510694857375,1,0.024471166001926985
2023-02-08,BRK-B,3370000,-0.0084854209703397,0,0.017356627607461858
2023-02-09,BRK-B,3461200,-0.0095432241819401,0,0.014282564405251616
2023-02-10,BRK-B,2808000,0.0091508017423681,1,0.015305498282367512
2023-02-13,BRK-B,3261500,0.0110860540661748,1,0.013277458199374306
2023-02-14,BRK-B,2907100,-0.0095289382561253,0,0.01612594039861921
2023-02-15,BRK-B,2410700,-0.0011291247535669,0,0.00674235842253327
2023-02-16,BRK-B,2801700,0.0019507319387136,1,0.010826507689769229
2023-02-17,BRK-B,2720500,0.0035487428277728,1,0.009539289383052098
2023-02-21,BRK-B,4131100,-0.0112682890411328,0,0.022209842553943506
2023-02-22,BRK-B,2899500,-0.0001319542985194,0,0.011543535155302459
2023-02-23,BRK-B,2736400,-0.0063604549991555,0,0.017409256708243732
2023-02-24,BRK-B,3656200,0.0120505831915393,1,0.01867505148317566
2023-02-27,BRK-B,3652200,0.0009528158148776,1,0.01238620453445277
2023-02-28,BRK-B,4736800,0.000951090601239,1,0.008986815253803663
2023-03-01,BRK-B,3397200,0.0019735745187749,1,0.011643999318619407
2023-03-02,BRK-B,3152100,0.0134689991719873,1,0.021899472489910133
2023-03-03,BRK-B,4493000,0.0093358788965957,1,0.013438440673595002
2023-03-06,BRK-B,4889800,0.013266395368961,1,0.015536141408319567
2023-03-07,BRK-B,3609700,-0.0166567188825661,0,0.01981727843288255
2023-03-08,BRK-B,2701600,0.0020918958996227,1,0.011038853830799712
2023-03-09,BRK-B,3929500,-0.0198713590861133,0,0.02971057953175241
2023-03-10,BRK-B,5294800,0.0022445705508556,1,0.015844157780355243
2023-03-13,BRK-B,4993000,0.0037448380540596,1,0.019320585160780862
2023-03-14,BRK-B,5251500,-0.0051805903359349,0,0.019125488271782627
2023-03-15,BRK-B,7162800,-0.0071328051770639,0,0.01883205820738466
2023-03-16,BRK-B,6325700,0.0190303159609912,1,0.030603662562508675
2023-03-17,BRK-B,15609400,-0.0258545580582514,0,0.029472202870901017
2023-03-20,BRK-B,6056000,0.0185742467041078,1,0.02182228252935053
2023-03-21,BRK-B,4724000,-0.0023312039032359,0,0.011097993531347555
2023-03-22,BRK-B,3086300,-0.0131370677543083,0,0.02436452609884934
2023-03-23,BRK-B,4015800,-0.0100203038736129,0,0.019177804500388217
2023-03-24,BRK-B,3905400,0.0143885599882519,1,0.020734306717202042
2023-03-27,BRK-B,3833900,0.0041877484218858,1,0.014091964123792149
2023-03-28,BRK-B,2436500,0.0012917386741909,1,0.007054631651317078
2023-03-29,BRK-B,2650000,0.0016404200132042,1,0.006627360932251975
2023-03-30,BRK-B,2694000,-0.0065453443277044,0,0.015923718475860167
2023-03-31,BRK-B,5020200,0.0093821352548267,1,0.01248776528420387
2023-04-03,BRK-B,4862300,0.0034276396397534,1,0.010541664561438966
2023-04-04,BRK-B,2740300,-0.0054382880303062,0,0.012646391273913423
2023-04-05,BRK-B,2314500,0.0082507990728049,1,0.010459643192666979
2023-04-06,BRK-B,3131400,0.0086824684585047,1,0.013459471077252162
2023-04-10,BRK-B,2330900,0.0038855253230432,1,0.010821828442037525
2023-04-11,BRK-B,3109500,0.0036473466129452,1,0.013341481508530689
2023-04-12,BRK-B,2662600,-0.0044941400204081,0,0.010127582348540934
2023-04-13,BRK-B,3323300,0.0088178351133076,1,0.017603920405909662
2023-04-14,BRK-B,2975400,0.0026654192570895,1,0.01179092976545612
2023-04-17,BRK-B,3425500,0.0112117307964668,1,0.015552813230713454
2023-04-18,BRK-B,3581200,-0.0009847893897442,0,0.009909220186924033
2023-04-19,BRK-B,2406200,-0.0023467955883936,0,0.0055271823177659605
2023-04-20,BRK-B,2428400,0.0050279176158024,1,0.00946613183555364
2023-04-21,BRK-B,2405700,0.0061111841116218,1,0.010050939630176467
2023-04-24,BRK-B,2261900,0.0049933580549269,1,0.006472909875549835
2023-04-25,BRK-B,2552200,-0.0050614863827508,0,0.009172124425671502
2023-04-26,BRK-B,2718600,-0.0085985549481594,0,0.014660821719612825
2023-04-27,BRK-B,2950000,0.010438040598608,1,0.01486718245780793
2023-04-28,BRK-B,2909600,0.0095562479358155,1,0.011123387076053148
2023-05-01,BRK-B,2461300,0.0030684462097096,1,0.00993434493040229
2023-05-02,BRK-B,3366500,-0.0129941197159826,0,0.02268662841994
2023-05-03,BRK-B,2653800,-0.0119524458281044,0,0.015315042004232502
2023-05-04,BRK-B,3185600,-0.0106356740521897,0,0.026527289474096386
2023-05-05,BRK-B,3869500,0.0016081752684539,1,0.007855049047458158
2023-05-08,BRK-B,3302400,-0.0064582801867981,0,0.014927172822491936
2023-05-09,BRK-B,2283400,0.0,0,0.010465706121176026
2023-05-10,BRK-B,2639800,-0.0094761913184936,0,0.018431090570144713
2023-05-11,BRK-B,2548900,0.0051090799016744,1,0.009813065098082342
2023-05-12,BRK-B,1937300,-0.0041072727433796,0,0.01142604411638033
2023-05-15,BRK-B,2190000,0.0019820499297762,1,0.011458953580468147
2023-05-16,BRK-B,2139500,0.0040005227907524,1,0.007225755602515869
2023-05-17,BRK-B,3046800,0.0072919380803558,1,0.01058397193306639
2023-05-18,BRK-B,2805000,0.0088414803793826,1,0.012635007631495315
2023-05-19,BRK-B,4322900,-0.0018428560470166,0,0.014561955662292295
2023-05-22,BRK-B,2762500,-0.0048979444208238,0,0.009493527228599773
2023-05-23,BRK-B,4029300,-0.0154788904355814,0,0.019196159986907355
2023-05-24,BRK-B,3071500,-0.0077778169703687,0,0.010659733297675607
2023-05-25,BRK-B,4245400,-0.0048041195303552,0,0.008890710398120179
2023-05-26,BRK-B,3229400,0.0004993248685879,1,0.009237271977675045
2023-05-30,BRK-B,3231800,0.0010253436427745,1,0.010781089227083939
2023-05-31,BRK-B,6175000,-0.0001245906375505,0,0.00940454988662347
2023-06-01,BRK-B,3375300,0.0052889727410683,1,0.0114803132575809
2023-06-02,BRK-B,3962200,0.0132857893823494,1,0.01922130621727603
2023-06-05,BRK-B,3091800,-0.0069812565321024,0,0.010033567582104816
2023-06-06,BRK-B,3181400,0.0132810448690189,1,0.016654543046487832
2023-06-07,BRK-B,3727800,0.0042214413367395,1,0.013143362534308405
2023-06-08,BRK-B,2759300,0.00137119433082,1,0.006617190632579592
2023-06-09,BRK-B,2619200,-0.001399812982586,0,0.00795205751876173
2023-06-12,BRK-B,2873400,-0.00465448604114,0,0.009338837715158893
2023-06-13,BRK-B,2953000,0.0095132747617834,1,0.013264458597816109
2023-06-14,BRK-B,5164600,-0.0039143802842075,0,0.018652536985210442
2023-06-15,BRK-B,4095200,0.0114593746153737,1,0.018275393959432524
2023-06-16,BRK-B,8486200,-0.0079467231903801,0,0.010673814580157774
2023-06-20,BRK-B,3751700,0.0015378368790069,1,0.007866342481507376
2023-06-21,BRK-B,4507000,0.0038837758849781,1,0.01476433787891153
2023-06-22,BRK-B,3303300,-0.0055483558704143,0,0.009414480214505685
2023-06-23,BRK-B,4451700,0.0004476093516931,1,0.009788119127290173
2023-06-26,BRK-B,3220900,-0.0031327931153759,0,0.011904377105726009
2023-06-27,BRK-B,2625600,0.002840939166356,1,0.007057674469202792
2023-06-28,BRK-B,3175100,-0.0056539025903935,0,0.011278109455718225
2023-06-29,BRK-B,2498900,0.0079279417790434,1,0.00858611569837466
2023-06-30,BRK-B,4520600,0.0065529288290403,1,0.012102267307069191
2023-07-03,BRK-B,2047400,0.0036683785766691,1,0.010770309347487161
2023-07-05,BRK-B,2870700,0.0044405523300425,1,0.009380980902573671
2023-07-06,BRK-B,2548300,0.0050330874321651,1,0.008506207890682488
2023-07-07,BRK-B,2940800,0.0011159547018464,1,0.010806979896952534
2023-07-10,BRK-B,2966500,0.0019090515610635,1,0.010602724837451864
2023-07-11,BRK-B,2754900,0.0062713831197723,1,0.008527982792890888
2023-07-12,BRK-B,2897100,0.0001737599035853,1,0.006168741724640565
2023-07-13,BRK-B,2831800,-0.0059606409786252,0,0.007986050923911714
2023-07-14,BRK-B,2669300,-0.0113046581259788,0,0.013014842057662734
2023-07-17,BRK-B,2359500,0.0092644278519942,1,0.013574144456074648
2023-07-18,BRK-B,2565300,0.0037494799903848,1,0.01078329192474962
2023-07-19,BRK-B,3032100,-0.0051712583117424,0,0.009848681713470602
2023-07-20,BRK-B,3146000,0.0102596667091547,1,0.01148387444536843
2023-07-21,BRK-B,3301900,-0.002883838885216,0,0.007267242307944145
2023-07-24,BRK-B,3269400,0.0082475876222029,1,0.014159252004693496
2023-07-25,BRK-B,3014000,-0.0049811654513625,0,0.011794329070202834
2023-07-26,BRK-B,2682900,0.0064449023193394,1,0.010271628925353809
2023-07-27,BRK-B,2706700,-0.0039351132715654,0,0.0076135130501827014
2023-07-28,BRK-B,2473300,-0.0003429117814964,0,0.007658653821835527
2023-07-31,BRK-B,2621600,0.003506915377133,1,0.006044521571523401
2023-08-01,BRK-B,2293300,0.0006533846181453,1,0.006164285530378484
2023-08-02,BRK-B,3085900,-0.0007398200500611,0,0.009105170282783188
2023-08-03,BRK-B,2942000,0.010048785086088,1,0.014416591023951885
2023-08-04,BRK-B,2842000,-0.0112997545420751,0,0.016158566233293307
2023-08-07,BRK-B,5379900,0.0192561082123621,1,0.026649455186654108
2023-08-08,BRK-B,3428800,0.0119915346880379,1,0.015024188121817283
2023-08-09,BRK-B,4424600,-0.0169687616315792,0,0.022981863911716863
2023-08-10,BRK-B,3098800,-0.0066228140645821,0,0.017892901096071608
2023-08-11,BRK-B,2475200,0.0058664915528003,1,0.01698194472331849
2023-08-14,BRK-B,1990700,0.000642040436366,1,0.005973523094033655
2023-08-15,BRK-B,2863700,-0.0070028011204481,0,0.011904761904761904
2023-08-16,BRK-B,2196100,-0.001381897189844,0,0.01505921107156372
2023-08-17,BRK-B,2847700,-0.002316339373459,0,0.012485474388372613
2023-08-18,BRK-B,2870600,0.0031012499903403,1,0.00867780402986237
2023-08-21,BRK-B,2540000,-0.0056482815687667,0,0.012906344069256951
2023-08-22,BRK-B,2363300,-0.0069119922209181,0,0.0108778681387537
2023-08-23,BRK-B,2239500,0.0074794666163059,1,0.007906034014996425
2023-08-24,BRK-B,2521100,-0.0001411551000009,0,0.008748429660277827
2023-08-25,BRK-B,2136800,0.002647968864659,1,0.012479204478009187
2023-08-28,BRK-B,1728000,-0.0065383966014458,0,0.010841333158243899
2023-08-29,BRK-B,2285600,0.0091538979320095,1,0.012899916803844197
2023-08-30,BRK-B,3058300,0.0067757651136169,1,0.011376590125521918
2023-08-31,BRK-B,2842300,-0.00546684109777,0,0.008890610430779999
2023-09-01,BRK-B,2637900,0.0012706946272876,1,0.00770720592519855
2023-09-05,BRK-B,2976800,-0.0093712312200489,0,0.017780590122798277
2023-09-06,BRK-B,2655800,0.0045831466707806,1,0.009832726335674032
2023-09-07,BRK-B,3263800,0.0023271175691923,1,0.006732027740763403
2023-09-08,BRK-B,3019100,0.0017378486756732,1,0.008440907126029806
2023-09-11,BRK-B,2921600,0.0017814397050533,1,0.005755407717927143
2023-09-12,BRK-B,2898400,0.0058252561694709,1,0.013564861309644537
2023-09-13,BRK-B,3261400,-0.0040884285136468,0,0.013186026843868534
2023-09-14,BRK-B,3670100,-0.0016211999287236,0,0.005295842806687019
2023-09-15,BRK-B,11595000,-0.0017909575648144,0,0.007272395726843475
2023-09-18,BRK-B,3130900,0.0029783828649407,1,0.00958486490684962
2023-09-19,BRK-B,2603700,-0.0031213099138603,0,0.013130999597631775
2023-09-20,BRK-B,2268400,-0.0121454754830826,0,0.012414794167627335
2023-09-21,BRK-B,3178600,-0.008948054346199,0,0.011621589355079717
2023-09-22,BRK-B,3969400,-0.0072219943933056,0,0.010088769156030561
2023-09-25,BRK-B,2556200,0.0075206306676957,1,0.012868793373704952
2023-09-26,BRK-B,3063900,-0.0010560710898439,0,0.007893264130750269
2023-09-27,BRK-B,3535400,-0.0061943027300266,0,0.017360628400496136
2023-09-28,BRK-B,2731700,-0.0020681672991089,0,0.007825567044426192
2023-09-29,BRK-B,4932900,-0.0195913804622238,0,0.025049013469928185
2023-10-02,BRK-B,3527600,-0.0044618121805665,0,0.013127777558600834
2023-10-03,BRK-B,3151700,-0.0125219664356728,0,0.01758825842402486
2023-10-04,BRK-B,3244600,0.002245389547187,1,0.013122593677222962
2023-10-05,BRK-B,3027300,0.0039568964307842,1,0.010386986317790175
2023-10-06,BRK-B,3174700,0.0065097070463321,1,0.02005238096969625
2023-10-09,BRK-B,2762800,0.0035150534713657,1,0.008918218136505705
2023-10-10,BRK-B,2858600,0.0044956701976765,1,0.011556224108429394
2023-10-11,BRK-B,2620800,-0.0027191373111059,0,0.013395135984816854
2023-10-12,BRK-B,2677500,-0.007323132177549,0,0.016197164891418998
2023-10-13,BRK-B,2804800,-0.0026300683875993,0,0.01317918369535766
2023-10-16,BRK-B,3117800,-0.0050861753266433,0,0.011810390428565014
2023-10-17,BRK-B,2998600,-0.0022819863771954,0,0.012305765369909058
2023-10-18,BRK-B,2977100,-0.0111104274736107,0,0.01412739353661565
2023-10-19,BRK-B,2741300,-0.0048485025662529,0,0.012459199743742379
2023-10-20,BRK-B,3466100,-0.0067721679321481,0,0.016708543541224995
2023-10-23,BRK-B,2794200,0.0082916423292785,1,0.016134386596419085
2023-10-24,BRK-B,2355700,0.0013306884404089,1,0.006150621369957556
2023-10-25,BRK-B,2623200,-0.0049912946622313,0,0.00906703493140147
2023-10-26,BRK-B,2685400,-0.0026997467657633,0,0.008484931340656634
2023-10-27,BRK-B,3608200,-0.0131203252593522,0,0.01669051514529716
2023-10-30,BRK-B,2634700,0.0133650057701651,1,0.018560766561693746
2023-10-31,BRK-B,3066900,0.0100014032938213,1,0.011806450925442476
2023-11-01,BRK-B,2789700,0.0074441212406767,1,0.013921046038962078
2023-11-02,BRK-B,3433700,0.007592523612159,1,0.01411707740305544
2023-11-03,BRK-B,4409100,0.0046833939742753,1,0.013022238866078149
2023-11-06,BRK-B,5486200,-0.0209021662627452,0,0.02816145878902907
2023-11-07,BRK-B,3062900,-0.001845345103557,0,0.007641141929925988
2023-11-08,BRK-B,2602400,-0.0015857526333233,0,0.009543022921573477
2023-11-09,BRK-B,3052100,0.0015532677614509,1,0.009291164229228401
2023-11-10,BRK-B,3701100,0.002745970933404,1,0.007437088266942908
2023-11-13,BRK-B,2196200,-0.0002284743154683,0,0.005255780962432307
2023-11-14,BRK-B,3387500,0.0049075542954843,1,0.01333261191849455
2023-11-15,BRK-B,3572900,0.0049856897809262,1,0.007971344318183124
2023-11-16,BRK-B,2822500,0.005785451681725,1,0.0077419406565795495
2023-11-17,BRK-B,3260000,-0.0042722238735727,0,0.0069076212332311844
2023-11-20,BRK-B,3215300,0.0055098940729658,1,0.01232779351756886
2023-11-21,BRK-B,2918800,0.001164827343101,1,0.007709797778085284
2023-11-22,BRK-B,2110200,0.00011050980281,1,0.006661885219626001
2023-11-24,BRK-B,1282000,0.0004689054248906,1,0.005379195482883509
2023-11-27,BRK-B,2580300,-0.0035848727609587,0,0.008438197530789395
2023-11-28,BRK-B,2953500,-0.0041488039016583,0,0.008048689698132987
2023-11-29,BRK-B,3141100,-0.0062612818650598,0,0.008920906252404331
2023-11-30,BRK-B,4606800,0.0015300814419001,1,0.005591818555536036
2023-12-01,BRK-B,4705700,-0.0079735375277014,0,0.013724516330219287
2023-12-04,BRK-B,3053400,0.0021072742892386,1,0.011351122434814133
2023-12-05,BRK-B,3061200,-0.0005630498574033,0,0.01213297701572751
2023-12-06,BRK-B,3039100,-0.0105853968223501,0,0.015611393103687018
2023-12-07,BRK-B,2830000,0.0019886710427024,1,0.0061647241765802555
2023-12-08,BRK-B,3289000,0.0002265908562765,1,0.007507151314624646
2023-12-11,BRK-B,3108400,0.0058028100242077,1,0.009239433181117957
2023-12-12,BRK-B,3188800,0.0059234287603834,1,0.010198362555826321
2023-12-13,BRK-B,3132700,0.0051084048014074,1,0.008634291153232148
2023-12-14,BRK-B,5512300,-0.0162889517226232,0,0.021068488304738363
2023-12-15,BRK-B,8578200,-0.0031597037927026,0,0.01062547253051075
2023-12-18,BRK-B,4526400,0.0062391035335822,1,0.011583052131675207
2023-12-19,BRK-B,3084600,0.0045814075369903,1,0.00960708458618679
2023-12-20,BRK-B,3926700,-0.0170667821909092,0,0.01809030964723377
2023-12-21,BRK-B,2851200,0.0003371317298732,1,0.010027547425382496
2023-12-22,BRK-B,2332200,-8.414804851858345e-05,0,0.007994407022484221
2023-12-26,BRK-B,1964400,-0.0001961538958138,0,0.004735226871134158
2023-12-27,BRK-B,2478500,0.002865786958783,1,0.004439037464608509
2023-12-28,BRK-B,2740600,0.0002517520843817,1,0.0054547992321945585
2023-12-29,BRK-B,3269400,-0.0025170430211139,0,0.007131636118078164
2024-01-02,BRK-B,4737000,0.0172316569506369,1,0.01860688354998785
2024-01-03,BRK-B,4321800,0.0128977397285732,1,0.018725140937729333
2024-01-04,BRK-B,4142800,-0.0101521759047106,0,0.016221636307320757
2024-01-05,BRK-B,2965200,0.0020831888649439,1,0.005783475671467465
2024-01-08,BRK-B,3445700,0.0059287529090961,1,0.011201812727916717
2024-01-09,BRK-B,2998800,-0.0029891470204228,0,0.008777203767195992
2024-01-10,BRK-B,2448100,0.0045323093372154,1,0.008409289821830541
2024-01-11,BRK-B,3577800,-0.0121530171838002,0,0.015660286027726598
2024-01-12,BRK-B,2623100,-0.0078852270645639,0,0.011677713200885788
2024-01-16,BRK-B,3046500,-0.0050696983675357,0,0.01022205166176763
2024-01-17,BRK-B,2550300,0.0007799191434235,1,0.012673707331834982
2024-01-18,BRK-B,3007800,0.0087126092771398,1,0.012080798484255393
2024-01-19,BRK-B,4063700,0.0130848591701173,1,0.020124247190950656
2024-01-22,BRK-B,3552500,2.719675575870574e-05,1,0.007444614387315963
2024-01-23,BRK-B,2896300,0.0111951137377284,1,0.012798277575301144
2024-01-24,BRK-B,4589300,0.0108984446135814,1,0.01546186826429912
2024-01-25,BRK-B,4055800,0.0042453747247109,1,0.00817417905749253
2024-01-26,BRK-B,3621400,0.0114158410782552,1,0.015037425980554922
2024-01-29,BRK-B,3797400,-0.0059923671615682,0,0.016939476885837534
2024-01-30,BRK-B,3090900,0.0102024938987138,1,0.019726615877295187
2024-01-31,BRK-B,3856400,-0.0072180905847748,0,0.011305786481169837
2024-02-01,BRK-B,2947100,0.0063541730244954,1,0.013203064600626776
2024-02-02,BRK-B,3806800,0.0105255182613787,1,0.014559855667353024
2024-02-05,BRK-B,3651900,0.0020771830574112,1,0.010462845094359142
2024-02-06,BRK-B,2573400,0.0088395337157498,1,0.010069416561374693
2024-02-07,BRK-B,3426800,0.0077546819849542,1,0.012138896276816857
2024-02-08,BRK-B,3357700,0.0006796964222399,1,0.00956645632468392
2024-02-09,BRK-B,2509800,0.0026427419380855,1,0.006392937612824875
2024-02-12,BRK-B,2817900,-0.0023579642689028,0,0.008252874941159838
2024-02-13,BRK-B,3458500,-0.0059922577337758,0,0.01916004202602054
2024-02-14,BRK-B,2669200,0.008933313510873,1,0.013437928990541068
2024-02-15,BRK-B,3076000,0.0107982096517934,1,0.014957160398867663
2024-02-16,BRK-B,3532200,0.003832429491673,1,0.010261086617132067
2024-02-20,BRK-B,3530700,0.0016729221682759,1,0.012424011065521984
2024-02-21,BRK-B,2717600,0.0024249013145895,1,0.006809383022581044
2024-02-22,BRK-B,3687600,0.0093849160799965,1,0.012788742819687777
2024-02-23,BRK-B,4015600,-0.0011013011471564,0,0.009672497164732233
2024-02-26,BRK-B,7432300,-0.0304738989373518,0,0.05011846894901511
2024-02-27,BRK-B,4609100,-0.0007330900985629,0,0.020160798055454277
2024-02-28,BRK-B,4067400,0.0089106845738984,1,0.01703799748508262
2024-02-29,BRK-B,4845200,-0.008956698504875,0,0.013096111310038865
2024-03-01,BRK-B,3282100,-0.0057878909132996,0,0.012064086912342913
2024-03-04,BRK-B,4179400,-0.0039752724729938,0,0.011160542052469136
2024-03-05,BRK-B,4711700,-0.0044963299303952,0,0.01130291375218922
2024-03-06,BRK-B,3839100,0.0044258760050548,1,0.014272192398696251
2024-03-07,BRK-B,4181300,-0.0091600079714973,0,0.016818071011854004
2024-03-08,BRK-B,3410600,0.0051610835581938,1,0.008352387798172795
2024-03-11,BRK-B,2431700,0.0036201884871014,1,0.005628612943115928
2024-03-12,BRK-B,2616700,-0.0044249663168551,0,0.0076208420099770574
2024-03-13,BRK-B,3584600,0.00698252448823,1,0.011966460028597522
2024-03-14,BRK-B,3734700,-0.0057445381418637,0,0.014031461872459527
2024-03-15,BRK-B,7548800,0.0095481138200691,1,0.014742601768731753
2024-03-18,BRK-B,3775700,-0.000709587805872,0,0.011255214010577136
2024-03-19,BRK-B,2795800,0.0065513427234992,1,0.010022504737692416
2024-03-20,BRK-B,2932900,0.0099266939637603,1,0.011552861250785078
2024-03-21,BRK-B,3401600,-0.0070074714235516,0,0.010367114663040394
2024-03-22,BRK-B,2999600,-0.0033898157299863,0,0.007142886699833535
2024-03-25,BRK-B,2804200,-0.0018262838178516,0,0.005235332082172506
2024-03-26,BRK-B,2935100,0.003829286156631,1,0.009902433069740854
2024-03-27,BRK-B,2926000,0.0079294060865324,1,0.009210679595820807
2024-03-28,BRK-B,4377400,0.0065102951176986,1,0.013379599093384072
2024-04-01,BRK-B,2716100,-0.0030605187720506,0,0.009134276478012631
2024-04-02,BRK-B,3174900,-0.0019773354908055,0,0.006956553728968136
2024-04-03,BRK-B,2740800,0.0029594039006563,1,0.008090727084576373
2024-04-04,BRK-B,3800600,-0.020101899507567,0,0.023523030640918693
2024-04-05,BRK-B,2738300,0.0049452601562011,1,0.00926633708033751
2024-04-08,BRK-B,2485700,-0.0056177234231454,0,0.007028118162963357
2024-04-09,BRK-B,2233100,-0.0045369057366646,0,0.012482626085373023
2024-04-10,BRK-B,3121300,-0.0087948950155064,0,0.014609679027885647
2024-04-11,BRK-B,2889900,-0.0019343990125575,0,0.017384931953047925
2024-04-12,BRK-B,3467300,-0.0042962721836419,0,0.014246886453510662
2024-04-15,BRK-B,3002300,-0.0165359852336279,0,0.022605008545132033
2024-04-16,BRK-B,3435500,-0.010100475797788,0,0.011846272752423418
2024-04-17,BRK-B,2465600,-0.0030080017037336,0,0.009074033927493098
2024-04-18,BRK-B,2669500,0.0004753626109669,1,0.009732259224561876
2024-04-19,BRK-B,3996100,0.0100737530951134,1,0.01346497551722339
2024-04-22,BRK-B,2980600,0.0047684653890199,1,0.012535655661740653
2024-04-23,BRK-B,2287600,-0.0036807063147471,0,0.012382660748971664
2024-04-24,BRK-B,2506900,-0.002824843722041,0,0.009186907831742974
2024-04-25,BRK-B,2670200,0.000148197005531,1,0.014301614073438928
2024-04-26,BRK-B,3023100,-0.004505860724191,0,0.00826895481000519
2024-04-29,BRK-B,2363600,-0.0042219544816221,0,0.011895913429090892
2024-04-30,BRK-B,3070500,-0.0096110033326464,0,0.010559716231766911
2024-05-01,BRK-B,2605000,0.0049670994010826,1,0.01505257416908266
2024-05-02,BRK-B,2672200,-0.0009974910136767,0,0.009177039091723816
2024-05-03,BRK-B,4119100,-0.0089740540984239,0,0.013077895043070149
2024-05-06,BRK-B,3918900,0.0023765273615295,1,0.01458061257413994
2024-05-07,BRK-B,3084200,-0.00194131187566,0,0.00896966180856232
2024-05-08,BRK-B,2398100,-0.0002460356316955,0,0.008561544458083058
2024-05-09,BRK-B,2356600,0.006326171875,1,0.00839385516826923
2024-05-10,BRK-B,3084500,0.0053677727380525,1,0.007758918210136671
2024-05-13,BRK-B,2710300,-0.0068589005328599,0,0.009926062347959355
2024-05-14,BRK-B,2672400,-0.0005116870907785,0,0.008259188768520402
2024-05-15,BRK-B,2854600,0.0054809869344832,1,0.008038751100984924
2024-05-16,BRK-B,3549700,-0.0016432882934773,0,0.00828901106081553
2024-05-17,BRK-B,2988700,0.007150083039096,1,0.008768477387557245
2024-05-20,BRK-B,3287900,-0.0096873404521012,0,0.011173996658901895
2024-05-21,BRK-B,2731900,0.0018859227404031,1,0.00759209525433555
2024-05-22,BRK-B,2664400,-0.0023135846352916,0,0.010362738122782518
2024-05-23,BRK-B,3392300,-0.0178342289587114,0,0.020278293727313976
2024-05-24,BRK-B,2067700,0.0012534032275133,1,0.006045690567653212
2024-05-28,BRK-B,3315400,-0.0106309926555675,0,0.015603554942107502
2024-05-29,BRK-B,3426800,0.0027047055530784,1,0.010645182493602667
2024-05-30,BRK-B,2905300,0.0119870135710525,1,0.015528691338765383
2024-05-31,BRK-B,5190000,0.0154622696346841,1,0.020877720821702007
2024-06-03,BRK-B,4903000,-0.0002410424449486,0,0.019137607946853857
2024-06-04,BRK-B,4154800,-0.0128239297238705,0,0.022779346915745676
2024-06-05,BRK-B,2634400,-0.0006096074037533,0,0.010997341376499768
2024-06-06,BRK-B,3438900,0.0016080432799056,1,0.009404963757309938
2024-06-07,BRK-B,2942100,0.0059327038724185,1,0.01466154152206347
2024-06-10,BRK-B,2667300,-0.0061208661192049,0,0.011298237453693844
2024-06-11,BRK-B,3605900,-0.0009293799605618,0,0.0068480196564010935
2024-06-12,BRK-B,3551900,-0.005643550913148,0,0.01150602308123389
2024-06-13,BRK-B,4563300,-0.0041949597296443,0,0.01086768055029401
2024-06-14,BRK-B,2768600,0.0015806733961105,1,0.007433958535436607
2024-06-17,BRK-B,3406500,0.0052816394864538,1,0.010538574481555912
2024-06-18,BRK-B,4005300,0.0029502451309926,1,0.007916413572718193
2024-06-20,BRK-B,4844700,0.0046654239324355,1,0.017065714443293294
2024-06-21,BRK-B,9009400,-0.0004880489079514,0,0.006807887597138646
2024-06-24,BRK-B,4933300,0.0079863615334967,1,0.01704407059153274
2024-06-25,BRK-B,3879800,-0.0073188376311518,0,0.011183586673460144
2024-06-26,BRK-B,3334300,0.0005853879283556,1,0.008365427949091857
2024-06-27,BRK-B,3218600,-0.0056305696475593,0,0.00955494889685645
2024-06-28,BRK-B,6819800,-0.0035517751550061,0,0.010434731777212325
2024-07-01,BRK-B,2974100,-0.007106260683938,0,0.014335088230567348
2024-07-02,BRK-B,3220900,0.0076234274877412,1,0.00858868698346928
2024-07-03,BRK-B,1970300,-0.0034139272913236,0,0.007220754531297419
2024-07-05,BRK-B,5149200,0.0121357407243808,1,0.015680374336146503
2024-07-08,BRK-B,3559500,-0.0053249750769766,0,0.014078363847573126
2024-07-09,BRK-B,2989700,0.0026866678468605,1,0.012383314543404736
2024-07-10,BRK-B,3791800,0.0072539884716488,1,0.011100016030995833
2024-07-11,BRK-B,4065200,0.0115703486990351,1,0.017391754334338167
2024-07-12,BRK-B,4834600,0.0100183027033142,1,0.018442281125543268
2024-07-15,BRK-B,4594900,0.0207477082775068,1,0.022110490714256335
2024-07-16,BRK-B,4293700,0.0034293553290606,1,0.011499768745966964
2024-07-17,BRK-B,4776600,0.0177229168433819,1,0.018979096591879723
2024-07-18,BRK-B,4638300,-0.0085274176082907,0,0.021722527673462194
2024-07-19,BRK-B,4158800,-0.0185239839119346,0,0.021347688803854084
2024-07-22,BRK-B,2995700,0.0021377386954483,1,0.013768510291800103
2024-07-23,BRK-B,2393000,-0.0076141825585347,0,0.010175177766254777
2024-07-24,BRK-B,3143700,-0.0027420043507537,0,0.010783641975829521
2024-07-25,BRK-B,3334300,0.0039156682518695,1,0.01860518689930451
2024-07-26,BRK-B,2717600,0.0045907358563747,1,0.01124728883830412
2024-07-29,BRK-B,2620000,0.0006848879849327,1,0.009018086616661845
2024-07-30,BRK-B,3736400,0.0039817068123959,1,0.010807489919360438
2024-07-31,BRK-B,3798800,-0.0030692419797259,0,0.007070628227770683
2024-08-01,BRK-B,3892300,-0.0178770796940704,0,0.021970961970366302
2024-08-02,BRK-B,4251500,-0.0032808332320861,0,0.029690322944394977
2024-08-05,BRK-B,7695100,0.0007014695354947,1,0.028324074644094584
2024-08-06,BRK-B,5138700,0.0137605027159185,1,0.029682248848161327
2024-08-07,BRK-B,4745600,0.00222963755515,1,0.017767050470788803
2024-08-08,BRK-B,3150000,0.0053583504866147,1,0.010856406132068229
2024-08-09,BRK-B,2602600,-0.0005788108729113,0,0.010511225235645339
2024-08-12,BRK-B,2376000,-0.0086834093004244,0,0.011861972206201712
2024-08-13,BRK-B,3472000,0.0013431607527947,1,0.01600167630080271
2024-08-14,BRK-B,2860200,0.0126327972764506,1,0.01678988344399538
2024-08-15,BRK-B,3226400,-0.0021729096460002,0,0.008759608927379628
2024-08-16,BRK-B,3345000,0.0067037075178091,1,0.010757558897787017
2024-08-19,BRK-B,3385300,0.0061881553947572,1,0.010582724865712113
2024-08-20,BRK-B,2906500,-0.0020921488247166,0,0.0091698091010987
2024-08-21,BRK-B,3028500,-0.0072025392600735,0,0.0165392195046565
2024-08-22,BRK-B,3502800,0.0061169864687393,1,0.011091221918938252
2024-08-23,BRK-B,2805400,0.0075111219618055,1,0.010911119249131945
2024-08-26,BRK-B,3575800,-0.0018009868630508,0,0.013024077458387283
2024-08-27,BRK-B,3764700,0.0102864464979884,1,0.01640569142052719
2024-08-28,BRK-B,4838100,0.0074158831029289,1,0.01262009054092748
2024-08-29,BRK-B,4459400,0.0026974584255069,1,0.014664653546980124
2024-08-30,BRK-B,7465800,0.011476716271677,1,0.014770918067902447
2024-09-03,BRK-B,7511900,0.0038526033100328,1,0.01930529142680921
2024-09-04,BRK-B,5309400,-0.0002297680146347,0,0.022144243055287376
2024-09-05,BRK-B,6213200,-0.0302650636583334,0,0.03452013442171291
2024-09-06,BRK-B,4400300,-0.0094864253956356,0,0.020740859563742345
2024-09-09,BRK-B,4571000,-0.0093971934773141,0,0.014526780215621945
2024-09-10,BRK-B,3544100,-0.0062794895207916,0,0.01756098856810047
2024-09-11,BRK-B,5772700,-0.00987716678008,0,0.0270311508438782
2024-09-12,BRK-B,3848700,-0.0087283467871499,0,0.0125978608575826
2024-09-13,BRK-B,3882600,-0.0087913577633002,0,0.011559416661322375
2024-09-16,BRK-B,3264400,0.0066399533586948,1,0.010360949249021404
2024-09-17,BRK-B,3824300,0.0070121117437293,1,0.01722160431883958
2024-09-18,BRK-B,3065200,-0.0032308341602619,0,0.01082778466746145
2024-09-19,BRK-B,3891300,-0.0049567284522118,0,0.010692645977069929
2024-09-20,BRK-B,8468800,-0.0053521761507425,0,0.008519801491745266
2024-09-23,BRK-B,3485100,-0.0050949828009545,0,0.01362310140169584
2024-09-24,BRK-B,3009900,0.0005062641540864,1,0.008430033682653585
2024-09-25,BRK-B,2843300,-0.0055836636161834,0,0.010112126105155297
2024-09-26,BRK-B,3262000,0.0031806389372866,1,0.012501664938366273
2024-09-27,BRK-B,2728000,0.0031356737325391,1,0.007082669082161972
2024-09-30,BRK-B,3631100,0.0040576262956073,1,0.013263562763521064
2024-10-01,BRK-B,3043700,-0.0037027765539696,0,0.01082529541782303
2024-10-02,BRK-B,2803400,-0.0044255476897189,0,0.009832155320696692
2024-10-03,BRK-B,2564700,-0.0055108124769972,0,0.011087421299831602
2024-10-04,BRK-B,3090200,0.0152963480048784,1,0.018395188979466473
2024-10-07,BRK-B,3222100,-0.0191201202749288,0,0.021477684722141455
2024-10-08,BRK-B,2234100,-0.004737265774605,0,0.01032983494899938
2024-10-09,BRK-B,2206100,0.0069574685731294,1,0.012192202167310878
2024-10-10,BRK-B,2375800,-0.0056175023480191,0,0.01046996403261612
2024-10-11,BRK-B,3242000,0.0094538223652013,1,0.016560689650417546
2024-10-14,BRK-B,2969800,-0.0041998666111265,0,0.008443006977645306
2024-10-15,BRK-B,3929900,0.003666028497814,1,0.013340840423362806
2024-10-16,BRK-B,3166300,0.0052671396468564,1,0.008202887842350121
2024-10-17,BRK-B,2520900,-0.0005363655797603,0,0.007659316192812688
2024-10-18,BRK-B,5635500,-0.0047109469101311,0,0.008029978586723769
2024-10-21,BRK-B,3131500,-0.0007964934840802,0,0.008847686650896533
2024-10-22,BRK-B,3315200,-0.0057313422000957,0,0.01626766936990086
2024-10-23,BRK-B,3655200,0.0009996554627394,1,0.009801173151030346
2024-10-24,BRK-B,3793500,-0.0067910716516856,0,0.01538293866734799
2024-10-25,BRK-B,2838900,-0.0100087140793769,0,0.013999156873725162
2024-10-28,BRK-B,4103400,0.0063653590285015,1,0.00930659204209214
2024-10-29,BRK-B,3985200,-0.0086786108446534,0,0.009877886434816923
2024-10-30,BRK-B,2692100,0.0006377768904476,1,0.00846769302969986
2024-10-31,BRK-B,3660300,-0.0093806739839843,0,0.013774443595076352
2024-11-01,BRK-B,2971300,0.0014397316178041,1,0.009789769442865645
2024-11-04,BRK-B,5733200,-0.0179407746072497,0,0.028421116968985315
2024-11-05,BRK-B,3154400,0.0062628342493758,1,0.009337775674380919
2024-11-06,BRK-B,6906800,0.0171366461962784,1,0.02121474789435331
2024-11-07,BRK-B,4238000,-0.0173831001811685,0,0.01785291722233008
2024-11-08,BRK-B,3541300,0.0030953561664458,1,0.01482749456819755
2024-11-11,BRK-B,4119100,0.0028968810919243,1,0.013969677966572313
2024-11-12,BRK-B,4400500,-0.0029934227569035,0,0.006991852539459999
2024-11-13,BRK-B,2861700,0.0036234266592415,1,0.009433746836339192
2024-11-14,BRK-B,3777300,-0.0023676657011218,0,0.007359084117228346
2024-11-15,BRK-B,5817700,0.0075845408985509,1,0.015147635668990921
2024-11-18,BRK-B,3357100,0.0025903460704164,1,0.00915119108164654
2024-11-19,BRK-B,3656200,-0.0040571907867599,0,0.012235230330027679
2024-11-20,BRK-B,3019500,-0.0024893902717752,0,0.009574468085106383
2024-11-21,BRK-B,4116800,0.0055596661704025,1,0.016316974039679546
2024-11-22,BRK-B,3885200,0.0091050001282685,1,0.01234466984027442
2024-11-25,BRK-B,5246600,-0.0035481230348891,0,0.01191741572618625
2024-11-26,BRK-B,3332000,0.0007527924349082,1,0.013697171948487961
2024-11-27,BRK-B,5359300,0.0043242964080366,1,0.022453260520887475
2024-11-29,BRK-B,2969700,-0.0048416798054198,0,0.00815876962419172
2024-12-02,BRK-B,5031500,-0.0154084187475127,0,0.021328375821466117
2024-12-03,BRK-B,4931600,-0.0166680633253782,0,0.019846892591796814
2024-12-04,BRK-B,3941100,-0.0058799571954508,0,0.010274037605373229
2024-12-05,BRK-B,3320200,0.0038184405255835,1,0.008575427757455366
2024-12-06,BRK-B,3270900,-0.0001699744454672,0,0.00905261458116138
2024-12-09,BRK-B,3748200,-0.0143009156375738,0,0.01759455731387224
2024-12-10,BRK-B,3648500,-0.0041557709348365,0,0.011821174961550758
2024-12-11,BRK-B,3876900,-0.0041870200074467,0,0.014482166419439566
2024-12-12,BRK-B,2571300,-0.0076380447276387,0,0.011879047750672516
2024-12-13,BRK-B,3474300,-0.0056676637071775,0,0.00760026910551046
2024-12-16,BRK-B,4514000,-0.0086460376431527,0,0.012718659068941731
2024-12-17,BRK-B,5057500,0.0021112633149458,1,0.010028584640806033
2024-12-18,BRK-B,4361900,-0.0229072797370785,0,0.027655044667996977
2024-12-19,BRK-B,4645200,-0.0052908033345383,0,0.010869264881938318
2024-12-20,BRK-B,12943900,0.009106960408077,1,0.025517115692957053
2024-12-23,BRK-B,3836000,0.0025596408920325,1,0.010437080348791558
2024-12-24,BRK-B,1761200,0.0071364264593786,1,0.010803414221455192
2024-12-26,BRK-B,2159600,0.0039582688610243,1,0.008047812630995316
2024-12-27,BRK-B,3237700,-0.0017274831586074,0,0.014541863271369677
2024-12-30,BRK-B,2831400,-0.0046009825820376,0,0.012129905923225097
2024-12-31,BRK-B,3380700,0.0023661735575009,1,0.007120588402618245
2025-01-02,BRK-B,3746400,-0.0106587977950721,0,0.01504521448745681
2025-01-03,BRK-B,2884600,0.0022760895014149,1,0.009745218381113724
2025-01-06,BRK-B,4072900,-0.0053762309322294,0,0.012493076641851944
2025-01-07,BRK-B,3507200,0.0002650742888723,1,0.01196992724442033
2025-01-08,BRK-B,3933300,-0.0039459659318265,0,0.009633390803406871
2025-01-10,BRK-B,5471900,-0.0220916359278443,0,0.028498196863254676
2025-01-13,BRK-B,3639200,0.0042303752625085,1,0.00870963267824743
2025-01-14,BRK-B,4055600,0.0101683474282758,1,0.014320930112759667
2025-01-15,BRK-B,4719400,0.0064976886224865,1,0.01277578197820902
2025-01-16,BRK-B,3475700,0.008454459165308,1,0.01015406213688338
2025-01-17,BRK-B,6467000,0.0069721349046275,1,0.016633988102012286
2025-01-21,BRK-B,4910200,-0.0051592201184315,0,0.011571151182656583
2025-01-22,BRK-B,5838500,-0.0172431904979023,0,0.029044614642875822
2025-01-23,BRK-B,4424500,-0.0040071177717566,0,0.014642197783892866
2025-01-24,BRK-B,3070300,0.0086890028926569,1,0.014655946880275529
2025-01-27,BRK-B,4535600,0.0223993639618613,1,0.02289469128212085
2025-01-28,BRK-B,3261300,-0.0083556464378214,0,0.009769385677981173
2025-01-29,BRK-B,2524200,-0.0013194754208409,0,0.012598989882982612
2025-01-30,BRK-B,2552200,0.000317649073712,1,0.010398143869502134
2025-01-31,BRK-B,5439800,-0.0067183429441326,0,0.011741221749621578
2025-02-03,BRK-B,4232000,0.0071753688406323,1,0.02631689670953946
2025-02-04,BRK-B,3238400,0.005484552371443,1,0.011205728540715644
2025-02-05,BRK-B,3782800,0.0083438271814245,1,0.011387530307441492
2025-02-06,BRK-B,3832700,0.003701698980473,1,0.009927231114143228
2025-02-07,BRK-B,3205100,-0.0097819764812461,0,0.012379304197178545
2025-02-10,BRK-B,2907300,-0.0079964091815183,0,0.01019076963651603
2025-02-11,BRK-B,2322600,0.0054462240720688,1,0.013466624266893277
2025-02-12,BRK-B,3297600,0.0027421319152861,1,0.008630213284422865
2025-02-13,BRK-B,3274700,0.0189587587166502,1,0.02118543207080104
2025-02-14,BRK-B,2825800,-0.0039047186284628,0,0.01059250954993497
2025-02-18,BRK-B,3351000,0.0050374967911757,1,0.013384664357774268
2025-02-19,BRK-B,2436500,0.0019675690216689,1,0.008367525130765571
2025-02-20,BRK-B,2651000,-0.0048127921557098,0,0.01251729390344372
2025-02-21,BRK-B,4085100,-0.0045951178221509,0,0.012267437913116751
2025-02-24,BRK-B,9862400,0.0308583524875581,1,0.04285419073568381
2025-02-25,BRK-B,6757500,-0.0066182780734579,0,0.030010943628516126
2025-02-26,BRK-B,3543500,-0.0100576796417327,0,0.013724166874755774
2025-02-27,BRK-B,4507700,0.012005219676765,1,0.018813630024796527
2025-02-28,BRK-B,6850300,0.0125527642415717,1,0.02175542649828616
2025-03-03,BRK-B,5112300,-0.0118941235893999,0,0.023807696800614064
2025-03-04,BRK-B,6126600,-0.0224929601774684,0,0.029806663043805873
2025-03-05,BRK-B,4715800,0.0050403225806451,1,0.017358841434601816
2025-03-06,BRK-B,3989700,0.0020127204077183,1,0.015035023902590426
2025-03-07,BRK-B,3842200,-0.0013500441600643,0,0.016442006733187676
2025-03-10,BRK-B,6262000,0.0144898083745216,1,0.021326555524553686
2025-03-11,BRK-B,5358300,0.0005040322580645,1,0.015806444229618195
2025-03-12,BRK-B,3871100,-0.0033360201803615,0,0.019232329595727456
2025-03-13,BRK-B,5104200,0.0156911104197743,1,0.02548038938527235
2025-03-14,BRK-B,5775600,0.0150901729849098,1,0.0254857739750049
2025-03-17,BRK-B,5343400,0.0163033203685118,1,0.022346586042350063
2025-03-18,BRK-B,4857800,-0.0043962270528668,0,0.013245830832551106
2025-03-19,BRK-B,3798000,-0.0007989174384252,0,0.011508776655495446
2025-03-20,BRK-B,4065400,0.009026680283874,1,0.015152676414897424
2025-03-21,BRK-B,8546300,-0.0121141459439307,0,0.015578053684273641
2025-03-24,BRK-B,4858900,0.0052571212547269,1,0.01112599425702441
2025-03-25,BRK-B,3964800,0.0032057408567961,1,0.01405586943260274
2025-03-26,BRK-B,5004400,0.0041619999485051,1,0.012523586467161016
2025-03-27,BRK-B,5154600,0.0023816587552742,1,0.015058657846929207
2025-03-28,BRK-B,5321400,-0.0168861089746936,0,0.021145059942944924
2025-03-31,BRK-B,7139300,0.0214422557581294,1,0.033601877082646094
2025-04-01,BRK-B,4130600,0.0020869093430332,1,0.016751848279189133
2025-04-02,BRK-B,4079000,0.0105048874692633,1,0.015372169583977276
2025-04-03,BRK-B,6410900,0.0048140291324243,1,0.025889794304511316
2025-04-04,BRK-B,12605000,-0.0490558602217304,0,0.0539884181380961
2025-04-07,BRK-B,12749700,0.049120685455262,1,0.09359890193654274
2025-04-08,BRK-B,9470100,-0.0321984640790604,0,0.062491400575363225
2025-04-09,BRK-B,10153700,0.0641019860092474,1,0.07830611248405613
2025-04-10,BRK-B,7475900,-0.0048041487420787,0,0.04398994468445954
2025-04-11,BRK-B,6231000,0.0176892919447815,1,0.030699083643052183
2025-04-14,BRK-B,5512100,-0.0027871571916195,0,0.017966175258945387
2025-04-15,BRK-B,4329200,-0.0083549477072338,0,0.016071491188967422
2025-04-16,BRK-B,5889300,-0.0242773018747237,0,0.0325713029132324
2025-04-17,BRK-B,5322200,-0.0013297406223586,0,0.01794179441233698
2025-04-21,BRK-B,4908400,-0.0205012564846827,0,0.039785123900664354
2025-04-22,BRK-B,4768500,0.0127569332939591,1,0.02055496024756372
2025-04-23,BRK-B,4294500,-0.0013080615002962,0,0.015886265180687205
2025-04-24,BRK-B,3173400,0.0091684233636939,1,0.018925289543641106
2025-04-25,BRK-B,2742800,-0.0014856192333685,0,0.010625339753761166
2025-04-28,BRK-B,4238700,-0.0050409505027682,0,0.01918930746149431
2025-04-29,BRK-B,3177700,0.0067231776350635,1,0.013276928113229756
2025-04-30,BRK-B,5251600,0.0032736735007912,1,0.022050329227652828
2025-05-01,BRK-B,4693100,-0.0014501309439736,0,0.009359758452507062
2025-05-02,BRK-B,4945600,0.0056823247190847,1,0.01268746634111551
2025-05-05,BRK-B,16380200,-0.0152476396231377,0,0.035340725040080324
2025-05-06,BRK-B,6088600,0.0054163505032762,1,0.015228544957685509
2025-05-07,BRK-B,5573800,0.0062132558939892,1,0.014077122684665056
2025-05-08,BRK-B,5018600,-0.0148373848488285,0,0.01577801843918322
2025-05-09,BRK-B,3621400,-0.0009917545272241,0,0.011006267660731648
2025-05-12,BRK-B,6368000,-0.0115318088425315,0,0.01931575634971515
2025-05-13,BRK-B,4504100,-0.0072919278155489,0,0.007660406669029177
2025-05-14,BRK-B,6384100,-0.0165087664477283,0,0.01768099678153869
2025-05-15,BRK-B,5040900,0.0098530627042128,1,0.016242691951907633
2025-05-16,BRK-B,4997300,0.0091831184014712,1,0.014775482653550677
2025-05-19,BRK-B,3441500,-0.0023947285550465,0,0.007184245081787015
2025-05-20,BRK-B,3737000,-0.0046369571816471,0,0.010819646368425303
2025-05-21,BRK-B,3815800,-0.000748910900593,0,0.00906565907316803
2025-05-22,BRK-B,3244800,-0.0030291006945331,0,0.009423835261390515
2025-05-23,BRK-B,3166800,0.0048900853110684,1,0.010478832553577075
2025-05-27,BRK-B,4928300,0.0053906976794636,1,0.009359615944803574
2025-05-28,BRK-B,3613900,-0.010385784820196,0,0.012333089460039555
2025-05-29,BRK-B,3656000,0.0043253822932167,1,0.010615030924479166
2025-05-30,BRK-B,9153100,-0.0024347492634135,0,0.0109463741415552
2025-06-02,BRK-B,4914000,0.0022124483248058,1,0.007494537919352085
2025-06-03,BRK-B,5923100,-0.0063273721112462,0,0.018522951655283185
2025-06-04,BRK-B,5297600,-0.0119531581523397,0,0.012295217373415058
2025-06-05,BRK-B,5154900,-0.0040957916772796,0,0.011003553533335457
2025-06-06,BRK-B,3948300,0.0038646825409634,1,0.009092205879030141
2025-06-09,BRK-B,3987500,-0.0007494948868068,0,0.011444184234929836
2025-06-10,BRK-B,3951500,-0.0031055875612468,0,0.006901298808937328
2025-06-11,BRK-B,4595900,-0.0059260222316879,0,0.011363377886118997
2025-06-12,BRK-B,3535200,0.0084320627382773,1,0.013696947589397592
2025-06-13,BRK-B,4001000,0.0026117579944138,1,0.010755301760156445
2025-06-16,BRK-B,3937600,0.0010209707160747,1,0.006758821155206181
2025-06-17,BRK-B,3956300,-0.0115106510475096,0,0.012573846538961746
2025-06-18,BRK-B,4893600,0.0021483340876048,1,0.008159496296694265
2025-06-20,BRK-B,7620400,-0.0002062194061208,0,0.006701721658298534
2025-06-23,BRK-B,4141000,0.0048411180440283,1,0.013967283160454673
2025-06-24,BRK-B,5111700,0.0082749695996456,1,0.018082209342246195
2025-06-25,BRK-B,4260600,-0.0167644257733506,0,0.019939303036526794
2025-06-26,BRK-B,4212900,-0.0030624835075932,0,0.007666401366422749
2025-06-27,BRK-B,6129300,-0.0001852653311773,0,0.01086933919079206
2025-06-30,BRK-B,6384300,-0.0002675548146645,0,0.00866431674822157
2025-07-01,BRK-B,4776000,0.0078841998062701,1,0.01500681082638371
2025-07-02,BRK-B,6707200,-0.018286541126183,0,0.023108509343206553
2025-07-03,BRK-B,3443300,0.0085466223593084,1,0.01287197124675506
2025-07-07,BRK-B,4674400,-0.0131910624485186,0,0.01915692688588971
2025-07-08,BRK-B,4116200,0.0002513776383224,1,0.013449279031416132
2025-07-09,BRK-B,3367400,0.0040042005494955,1,0.007672963652220912
2025-07-10,BRK-B,4573300,0.0008370349688648,1,0.006382463481978738
2025-07-11,BRK-B,4416600,-0.0008189283956692,0,0.011443595185367455
2025-07-14,BRK-B,4294700,0.0041954591913614,1,0.0098457019641219
2025-07-15,BRK-B,4482300,-0.0108773049504225,0,0.012034507400817867
2025-07-16,BRK-B,3796900,0.0002334154259617,1,0.008573871902080544
2025-07-17,BRK-B,4040000,0.0070840226357365,1,0.013827727569771945
2025-07-18,BRK-B,4015800,-0.0004219666815005,0,0.010843912760416666
2025-07-21,BRK-B,3791300,0.0028961506266703,1,0.01342382460005516
2025-07-22,BRK-B,4521500,0.0055310302477655,1,0.017118853098711882
2025-07-23,BRK-B,4385600,0.0049557623796199,1,0.010931806350858927
2025-07-24,BRK-B,5044800,-0.0042886594705114,0,0.011539990405997522
2025-07-25,BRK-B,4220500,0.0049826516693558,1,0.010941077639790827
2025-07-28,BRK-B,3626100,-0.0054712374586365,0,0.011974786249366067
2025-07-29,BRK-B,4193200,-0.0124541717769606,0,0.018069919573025842
2025-07-30,BRK-B,3803000,0.0018310675146733,1,0.01163891718575174
2025-07-31,BRK-B,6315300,-0.0015445726738231,0,0.01231460930705781
2025-08-01,BRK-B,5287500,-0.0013306120370629,0,0.01127842592798491
2025-08-04,BRK-B,10874300,-0.0191005291626258,0,0.029227631732857185
2025-08-05,BRK-B,6780700,0.007794173448369,1,0.01563174466792125
2025-08-06,BRK-B,4557100,0.0084086100260416,1,0.01408599525369636
2025-08-07,BRK-B,5755700,-0.016474873796289,0,0.024147520876117358
2025-08-08,BRK-B,3330600,0.0053138450816625,1,0.007085148749296002
2025-08-11,BRK-B,3712100,-0.0037087435159304,0,0.010697573909413312
2025-08-12,BRK-B,3767300,0.0104397479902142,1,0.015917349432989784
2025-08-13,BRK-B,4629400,0.0118931210650472,1,0.01717194380728677
2025-08-14,BRK-B,4187100,0.001818741729041,1,0.010034467924580785
2025-08-15,BRK-B,5229800,-0.0106768815824978,0,0.012833009978396958
2025-08-18,BRK-B,3911300,0.0011506742924537,1,0.009080060101693762
2025-08-19,BRK-B,4726400,0.0115472177747324,1,0.012776966094554561
2025-08-20,BRK-B,4779800,0.0034496769523228,1,0.0131211799762577
2025-08-21,BRK-B,3082200,0.0027707210626661,1,0.011021252821642152
2025-08-22,BRK-B,4205100,-0.005086469989827,0,0.013367258035032947
2025-08-25,BRK-B,3935100,-0.0057872375479596,0,0.014703180503099125
2025-08-26,BRK-B,8217500,0.0148241363330771,1,0.017030246077944976
2025-08-27,BRK-B,4385900,0.0094485924397464,1,0.013460099234953851
2025-08-28,BRK-B,4530400,0.0036744504884264,1,0.008172213188351183
2025-08-29,BRK-B,4663600,0.004252779987732,1,0.011720065979143246
2025-09-02,BRK-B,4977800,-0.0061478177970307,0,0.016420749919990006
2025-09-03,BRK-B,3206200,0.0038835001277394,1,0.011049923228022486
2025-09-04,BRK-B,2976700,0.007973771752422,1,0.012169407817585347
2025-09-05,BRK-B,4222900,-0.0123122746765377,0,0.019584987474524456
2025-09-08,BRK-B,5146300,-0.0104609242899862,0,0.012404814511836173
2025-09-09,BRK-B,3748700,0.0005482566899772,1,0.010417310905976362
2025-09-10,BRK-B,5561600,0.0001632379025829,1,0.01108167998644782
2025-09-11,BRK-B,3669000,0.0154906040869095,1,0.016778026445075936
2025-09-12,BRK-B,2951700,-0.0040544826336359,0,0.008653572455717348
2025-09-15,BRK-B,3629800,-0.0041734147753671,0,0.01168960482642664
2025-09-16,BRK-B,4070000,-0.0005699488785362,0,0.009607754038017804
2025-09-17,BRK-B,5060700,0.0028312708761703,1,0.011590015914592935
2025-09-18,BRK-B,4058900,0.0017563624823023,1,0.014051149164662036
2025-09-19,BRK-B,7356300,0.0019924187205089,1,0.011425773421793175
2025-09-22,BRK-B,3582900,0.0064006850887322,1,0.01117063902589599
2025-09-23,BRK-B,3933200,0.0006683619847025,1,0.011665370301526187
2025-09-24,BRK-B,2811500,0.0076829690628585,1,0.00821005151179248
2025-09-25,BRK-B,4056100,-0.0023984731553872,0,0.00860624622835883
2025-09-26,BRK-B,3707600,0.0062180470936327,1,0.010967143277369496
2025-09-29,BRK-B,5161900,-0.0015,0,0.01046002197265625
2025-09-30,BRK-B,3873500,0.0102483229559834,1,0.013624303873728219
2025-10-01,BRK-B,4481100,-0.0085571896377487,0,0.013870649195429104
2025-10-02,BRK-B,3461400,-0.0020926795823115,0,0.012858146009198382
2025-10-03,BRK-B,4678800,0.0057471388154736,1,0.015124017125044716
2025-10-06,BRK-B,3519500,0.0010410190463901,1,0.013913938352414916
2025-10-07,BRK-B,3057400,0.0042785990786761,1,0.011696269315184357
2025-10-08,BRK-B,2944600,-0.0057090472955995,0,0.009826744097740269
2025-10-09,BRK-B,3172200,-0.0064803005735397,0,0.013420519436049232
2025-10-10,BRK-B,4763800,-0.0163298041572398,0,0.017958758523441427
2025-10-13,BRK-B,3183500,0.0077435190547158,1,0.012250293031895636
2025-10-14,BRK-B,3056000,0.0121836759606186,1,0.014510174186862129
2025-10-15,BRK-B,3566200,0.0050415484566193,1,0.01291760470065864
2025-10-16,BRK-B,4254300,-0.0137005820445927,0,0.02058113817880124
2025-10-17,BRK-B,3794300,0.0049388029137436,1,0.00857145348373736
2025-10-20,BRK-B,4605300,0.0034933814117225,1,0.008327252874922439
2025-10-21,BRK-B,2714500,-0.0048815142850325,0,0.009013595497269728
2025-10-22,BRK-B,3376000,0.0001626635968489,1,0.009741135252887783
2025-10-23,BRK-B,3063000,-0.0041244209943873,0,0.00881778750876898
2025-10-24,BRK-B,3166800,0.0024240745401988,1,0.00729261384599499
2025-10-27,BRK-B,6451500,-0.0078264880436323,0,0.01575459381291978
2025-10-28,BRK-B,5029100,-0.0072583080577646,0,0.009402895406876612
2025-10-29,BRK-B,6204500,-0.0032682425514464,0,0.010642727089407568
2025-10-30,BRK-B,4786600,0.0077499635754411,1,0.012783268829568862
2025-10-31,BRK-B,7146400,0.0015520569859461,1,0.007130859864788179
2025-11-03,BRK-B,5868100,-0.0079873558671189,0,0.014264553812409212
2025-11-04,BRK-B,7803200,0.0255730886689997,1,0.027949544784273132
2025-11-05,BRK-B,6551200,0.0029342813775329,1,0.013440346287534152
2025-11-06,BRK-B,4964700,0.006428558972417,1,0.01485714036591199
2025-11-07,BRK-B,6377800,0.0083446243790644,1,0.013759516819290527
2025-11-10,BRK-B,5084000,-0.000201125751666,0,0.012372242018619849
2025-11-11,BRK-B,2960200,-0.0030485750312603,0,0.011011031658674668
2025-11-12,BRK-B,5456000,0.0105398467209287,1,0.01500527379054098
2025-11-13,BRK-B,7340700,0.0164216510975555,1,0.018699739123737593
2025-11-14,BRK-B,5462500,-0.0111910037478454,0,0.01981733329617703
2025-11-17,BRK-B,5371000,-0.0146261254674988,0,0.016486231955458307
2025-11-18,BRK-B,5457400,0.0019467618352231,1,0.011998665784302765
2025-11-19,BRK-B,4695000,-0.0048243813933232,0,0.017272552889399974
2025-11-20,BRK-B,5486900,1.9975186920247605e-05,1,0.011255043430197675
2025-11-21,BRK-B,6059000,0.0015101131923946,1,0.010630277611850338
2025-11-24,BRK-B,13404500,0.0117752614743571,1,0.02396891597049529
2025-11-25,BRK-B,4064000,-0.0007073376628282,0,0.010806987363984711
2025-11-26,BRK-B,3686700,0.00388809226574,1,0.00991657989307192
2025-11-28,BRK-B,2312200,0.0037507723440842,1,0.010334208279051644
2025-12-01,BRK-B,3995200,-0.0099290107635282,0,0.012284624274654158
2025-12-02,BRK-B,3378000,-0.0018518931582341,0,0.009850469938480858
2025-12-03,BRK-B,3803200,-0.0077238000374614,0,0.011822194455159417
2025-12-04,BRK-B,3574800,-0.0022800148406984,0,0.011499242112732563
2025-12-05,BRK-B,3463700,0.0009526674081753,1,0.010360023364548247
2025-12-08,BRK-B,7032200,-0.0096992532523161,0,0.024596705742659326
2025-12-09,BRK-B,4574000,-0.012459080333171,0,0.016859945272820264
2025-12-10,BRK-B,4558800,-0.0008759986322235,0,0.014179178712425005
2025-12-11,BRK-B,4493400,0.0081735958379986,1,0.012849983727639465
2025-12-12,BRK-B,4113700,0.0056572197196236,1,0.011072859605437217
2025-12-15,BRK-B,5173900,0.0119099782086129,1,0.012669350081471478
2025-12-16,BRK-B,4376700,-0.0142194884698863,0,0.01703976897040231
2025-12-17,BRK-B,4128600,0.0087417386888234,1,0.01138228147805209
2025-12-18,BRK-B,3646700,0.0023097059847762,1,0.008800714440532764
2025-12-19,BRK-B,14652800,-0.0169366647856441,0,0.01846736660442034
2025-12-22,BRK-B,4070000,0.0072732721436437,1,0.009590220011978437
2025-12-23,BRK-B,3680800,5.994001486244072e-05,1,0.008331966948966048
2025-12-24,BRK-B,2000200,0.0020987582702732,1,0.0045173993624181485
2025-12-26,BRK-B,2247600,-0.0042961821592943,0,0.009451515378066102
2025-12-29,BRK-B,3056200,0.0037058804901836,1,0.008593766907086325
2025-12-30,BRK-B,2897100,0.0054492802285169,1,0.00954129640798647
2025-12-31,BRK-B,3105200,-0.0025202799996196,0,0.006766954221393299
2026-01-02,BRK-B,5876600,-0.0082042187433465,0,0.017905623949427664
2026-01-05,BRK-B,5145300,0.0072331728181325,1,0.018042576133939565
2026-01-06,BRK-B,4040000,0.0045289856185295,1,0.009279420254458126
2026-01-07,BRK-B,4445100,-0.0035350079303531,0,0.012171602593319869
2026-01-08,BRK-B,4807700,0.0096975327416428,1,0.020142637323706376
2026-01-09,BRK-B,3432100,0.0003206871794733,1,0.007756433836234604
2026-01-12,BRK-B,4209300,0.0025533163386292,1,0.00989140122743983
2026-01-13,BRK-B,4257600,-0.00478277582526,0,0.009364582829940269
2026-01-14,BRK-B,5033700,-0.0020641064887259,0,0.011372594379422715
2026-01-15,BRK-B,4165200,-0.0006694737431209,0,0.009899593796465865
2026-01-16,BRK-B,4807400,0.0032948828949187,1,0.008664367663843986
2026-01-20,BRK-B,5521500,-0.0110227654423115,0,0.01680929137162091
2026-01-21,BRK-B,5730200,-0.0003512674126743,0,0.013285108834258664
2026-01-22,BRK-B,4054200,0.0025451732895228,1,0.008608210027821098
2026-01-23,BRK-B,5436600,-0.0068220637794968,0,0.01032640253283352
2026-01-26,BRK-B,5077200,0.0104499759383946,1,0.016322921094836528
2026-01-27,BRK-B,6314500,-0.0164318122160991,0,0.0182966980120005
2026-01-28,BRK-B,4563900,0.0010147363878997,1,0.01050717980189414
2026-01-29,BRK-B,5380500,0.0064593702903109,1,0.00895028951854931
2026-01-30,BRK-B,5082200,0.008880980673396,1,0.011274396923817794
2026-02-02,BRK-B,5064600,0.0124455036440385,1,0.019779804223359
2026-02-03,BRK-B,6641200,0.0202293166244526,1,0.028597987372236885
2026-02-04,BRK-B,10591700,0.0161960447297347,1,0.03319885409507376
2026-02-05,BRK-B,5033900,-0.0039927832994996,0,0.017829296645563767
2026-02-06,BRK-B,4421600,0.0077551741816612,1,0.013427722464237873
2026-02-09,BRK-B,4573000,-0.018213397103513,0,0.020342144322420385
2026-02-10,BRK-B,3789100,0.0048202328296941,1,0.008093992425584711
2026-02-11,BRK-B,3614400,0.0013417100269692,1,0.012075695815745824
2026-02-12,BRK-B,4689900,-0.0023941695295606,0,0.0156221677655191
2026-02-13,BRK-B,4685900,-0.0051984527346685,0,0.013755883168592917
2026-02-17,BRK-B,4263300,0.006779758255514,1,0.013759459689569296
2026-02-18,BRK-B,3732500,-0.0112334727183463,0,0.015037438056703548
2026-02-19,BRK-B,2610400,-0.0018679428061583,0,0.00968125689736368
2026-02-20,BRK-B,4326700,0.0031209470041188,1,0.013148089921567395
2026-02-23,BRK-B,3556500,-0.004853985220764,0,0.019778402430293416
2026-02-24,BRK-B,3224300,0.0020669508023162,1,0.014103612216678581
2026-02-25,BRK-B,3475500,-0.0032888198597134,0,0.012771916291123488
2026-02-26,BRK-B,4577000,0.0162135239668644,1,0.01874050162348077
2026-02-27,BRK-B,6364900,0.0039965199742869,1,0.010657305693608952
2026-03-02,BRK-B,11725300,-0.0304101068685223,0,0.03602365757753549
2026-03-03,BRK-B,6348700,0.0089712394142707,1,0.02297313297797723
2026-03-04,BRK-B,4369100,0.0134719563125324,1,0.019334693956276107
2026-03-05,BRK-B,8963400,0.0134683420688291,1,0.01691134295886076
2026-03-06,BRK-B,5564400,-0.0005407892111604,0,0.017666514420067714
2026-03-09,BRK-B,5833600,0.004647440571656,1,0.017397486311025483
2026-03-10,BRK-B,3598700,-0.0019994551423101,0,0.012845143308666812
2026-03-11,BRK-B,3845700,0.0009734754099517,1,0.009227499699367094
2026-03-12,BRK-B,4170900,-0.0009342773420854,0,0.008896120297582799
2026-03-13,BRK-B,3565700,-0.006669116387083,0,0.009486789758931542
2026-03-16,BRK-B,3752000,-0.0011364278894391,0,0.01126289837913179
2026-03-17,BRK-B,4424900,-0.0045671525793194,0,0.011215721918280555
2026-03-18,BRK-B,4356400,-0.0135806760369725,0,0.01543351562439794
2026-03-19,BRK-B,4045600,-0.0050009980175241,0,0.011241997334205325
2026-03-20,BRK-B,7786400,-0.0014326400648027,0,0.011336485268202133
2026-03-23,BRK-B,4958000,-0.0072802254677805,0,0.014436423963450103
2026-03-24,BRK-B,3434400,0.0027823986867481,1,0.012447724282492035
2026-03-25,BRK-B,4402000,-0.0133435600278725,0,0.015539854389743292
2026-03-26,BRK-B,3774600,-0.00245574137717,0,0.00814374289087884
2026-03-27,BRK-B,5382300,-0.0120205237935938,0,0.016006234418298487
2026-03-30,BRK-B,4590900,0.0084558745820107,1,0.014957101755908506
2026-03-31,BRK-B,4725300,0.0029721073116548,1,0.010548806056760089
2026-04-01,BRK-B,3600800,-0.0010021524391794,0,0.008037926458742175
2026-04-02,BRK-B,2972800,-0.0009836365440934,0,0.00855970088149815
2026-04-06,BRK-B,3663500,0.0015136888011601,1,0.008724706438492926
2026-04-07,BRK-B,3206500,0.0049820166903332,1,0.011414502056541214
2026-04-08,BRK-B,4655100,-0.0082687338501291,0,0.012547818758074819
2026-04-09,BRK-B,3518500,0.0146170529199613,1,0.02229146996630832
2026-04-10,BRK-B,3758900,-0.0085120350619881,0,0.01227216242852388
2026-04-13,BRK-B,3612400,0.0026936908777675,1,0.007746902280980297
2026-04-14,BRK-B,4864000,-0.0047310164965761,0,0.009357850518374596
2026-04-15,BRK-B,6993900,-0.0081799239793083,0,0.010523009998529027
2026-04-16,BRK-B,4534000,0.0023205901206919,1,0.02584279204235558
2026-04-17,BRK-B,6492900,-0.0019138229632569,0,0.01165115703527469
2026-04-20,BRK-B,5147000,-0.0048484722940948,0,0.009844456721754161
2026-04-21,BRK-B,5919000,-0.0085495587079751,0,0.012972456875532074
2026-04-22,BRK-B,5720500,-0.0073795835924956,0,0.013586135128189973
2026-04-23,BRK-B,4749100,0.0082061762132506,1,0.013455602423019325
2026-04-24,BRK-B,3857000,0.0011092567081713,1,0.00789251771197837
2026-04-27,BRK-B,4888000,0.0064070026475851,1,0.013090664232189275
2026-04-28,BRK-B,4902400,0.0028733721190351,1,0.008599122281211166
2026-04-29,BRK-B,3175600,-0.002245791366994,0,0.007262024066387596
2026-04-30,BRK-B,5109300,0.0002957264625616,1,0.014066601750368182
2026-05-01,BRK-B,4818300,-0.0043571122024643,0,0.012839955956738114
2026-05-04,BRK-B,6895400,-0.0095342996792244,0,0.029765525671945743
2026-05-05,BRK-B,5372700,-0.0064243693540803,0,0.011354678116832308
2026-05-06,BRK-B,5698900,0.0081971990442047,1,0.010707903542425333
2026-05-07,BRK-B,5899500,0.0124024563898966,1,0.017516943804371302
2026-05-08,BRK-B,5225600,0.002295453983111,1,0.009266071053867043
2026-05-11,BRK-B,4290700,0.0066120779530673,1,0.009445843949733116
2026-05-12,BRK-B,5622300,0.0068094976523233,1,0.021840266756379526
2026-05-13,BRK-B,4432500,0.0063216112613259,1,0.01312002212329906
2026-05-14,BRK-B,3375100,-0.0062410357356387,0,0.011496624991471556
2026-05-15,BRK-B,4680300,-0.008218614957212,0,0.01343739030884151
2026-05-18,BRK-B,5030700,0.0150686923002564,1,0.017375730606530596
2026-05-19,BRK-B,5599900,-0.0134291756569237,0,0.01646821258983573
2026-05-20,BRK-B,4647500,-0.002282170339244,0,0.010580925525966027
2026-05-21,BRK-B,3294000,-2.079053365675859e-05,0,0.010416883897013233
2026-05-22,BRK-B,4338200,0.0140310874011614,1,0.01605339790475028
2026-05-26,BRK-B,4348600,-0.0038723066587281,0,0.009412991399008754
2026-05-27,BRK-B,4152500,-0.0056974743064533,0,0.014979200665447194
2026-05-28,BRK-B,4120000,-0.0040470043038852,0,0.010034207496618848
2026-05-29,BRK-B,7902300,-0.0050952856034089,0,0.01052613594326422
2026-06-01,BRK-B,6203600,-0.0058344346670922,0,0.011478751365565693
2026-06-02,BRK-B,4704700,0.0032127867353723,1,0.01206385835688165
2026-06-03,BRK-B,6586300,0.0095138574388643,1,0.021618620822489824
2026-06-04,BRK-B,5276000,-0.006166945978121,0,0.017213472674126314
2026-06-05,BRK-B,8475800,0.0148444142152695,1,0.0242208655752017
2026-06-08,BRK-B,5188400,0.0017896346830046,1,0.012013239831387135
2026-06-09,BRK-B,4912200,0.0027341225343115,1,0.012725109798411082
2026-06-10,BRK-B,5062700,-0.009116448820022,0,0.014729687520709656
2026-06-11,BRK-B,5664300,0.0060263494712637,1,0.011203619133955027
2026-06-12,BRK-B,4591300,0.0053013058151953,1,0.0112601564048567
2026-06-15,BRK-B,6253600,0.0163261783061304,1,0.019587307902185016
2026-06-16,BRK-B,4345900,-0.0041247239295145,0,0.014808885048572572
2026-06-17,BRK-B,5412000,-0.0039737075133481,0,0.013928301137795121
2026-06-18,BRK-B,8882300,-0.0066768311413939,0,0.015829565318207877
2026-06-22,BRK-B,6076300,-0.0001227571531329,0,0.010475755774456521
2026-06-23,BRK-B,4428100,0.003849882015734,1,0.008840536582706445
2026-06-24,BRK-B,4707800,0.0036917733833774,1,0.01419907125633949
2026-06-25,BRK-B,7054100,-0.0106878988342381,0,0.01926665096679539
2026-06-26,BRK-B,7250800,0.017175288828863,1,0.01913349598087273
2026-06-29,BRK-B,5200700,-0.0035959109548104,0,0.01008455157295279
2026-06-30,BRK-B,5910500,0.0078348734107502,1,0.01166158716484139
2026-07-01,BRK-B,4101300,-0.0041647498033473,0,0.009465357047403105
2026-07-02,BRK-B,4386500,0.0111110841032104,1,0.015133424768581226
2026-07-06,BRK-B,4126100,0.0001579201821631,1,0.007699889232940523
2026-07-07,BRK-B,3761400,-0.0097648215195064,0,0.017348796724101657
2026-07-08,BRK-B,4429600,-0.0193633840592709,0,0.020948960233398747
2026-07-09,BRK-B,3393300,0.0016983621041772,1,0.009401334453810433
2026-07-10,BRK-B,2736900,-0.0049178725615692,0,0.013302379657621247
2026-07-13,BRK-B,3228900,0.0020167389083206,1,0.015508727128664902
2026-07-14,BRK-B,4110200,-0.0058101772751538,0,0.012308661991744635
2026-07-15,BRK-B,5134500,-0.0035706998127038,0,0.010569256501268253
2026-07-16,BRK-B,4195000,0.0065111393241794,1,0.014246893582955451
2026-07-17,BRK-B,5591300,-0.0092833767489206,0,0.02524667312768124
2026-07-20,BRK-B,3426600,0.0015494908780133,1,0.006809509682949179
2026-07-21,BRK-B,4473100,0.0013292308721561,1,0.007811875918647866
2026-07-22,BRK-B,3179300,-0.0022629670775993,0,0.009194719195973613
2026-07-23,BRK-B,2883000,0.0050164050729913,1,0.010114665239846984
2026-07-24,BRK-B,3933000,0.0071220724257037,1,0.014325557352716338
2026-07-27,BRK-B,3482400,-0.0001407889878707,0,0.009653067456950729
2026-07-28,BRK-B,6362100,0.0240641354067289,1,0.027861616963853142
2026-07-29,BRK-B,5057500,-0.0044579985304494,0,0.012044371021284979
2026-07-30,BRK-B,4055100,0.0073125056506493,1,0.017075802325857016
2026-07-31,BRK-B,3939800,0.0050099576798605,1,0.012436427456911099
2026-08-03,BRK-B,4249000,-0.0034761580269238,0,0.01910938666974531
2026-08-04,BRK-B,4771300,0.0100571470799802,1,0.017497650408146603
2026-08-05,BRK-B,3749400,-0.0002890643816233,0,0.014585755923350192
2026-08-06,BRK-B,4352800,0.0009539982331468,1,0.01570277365204079
2026-08-07,BRK-B,3645100,0.0029600161427696,1,0.008764843487870632
2026-08-10,BRK-B,6094800,0.0091879671150102,1,0.028097580862278107
2026-08-11,BRK-B,4718600,-0.0234132775818276,0,0.027706262024996757
2026-08-12,BRK-B,4599100,-0.0077434542588998,0,0.012490784994931748
2026-08-13,BRK-B,4713400,-0.0085274810699876,0,0.012615173579056069
2026-08-14,BRK-B,3969500,-0.0063283485467991,0,0.01064589645537878
2026-08-17,BRK-B,4789800,-0.0123302628014416,0,0.014352245136637205
2026-08-18,BRK-B,3380700,0.0038319952047983,1,0.00977964596223468
2026-08-19,BRK-B,3562300,-0.0075286714951054,0,0.015216232507073607
2026-08-20,BRK-B,3288700,-0.0055839259061412,0,0.00792553087851853
2026-08-21,BRK-B,4645800,-0.0053761136926404,0,0.010672030740659364
2026-08-24,BRK-B,3194900,0.0124264797958968,1,0.012747688437297598
2026-08-25,BRK-B,3032800,0.0007341901145455,1,0.007123715152160356
2026-08-26,BRK-B,3002200,-0.002016067496369,0,0.006028538245807255
2026-08-27,BRK-B,6302000,0.0063936307832792,1,0.012347637713848652
2023-01-03,GOOGL,28131200,-0.0052460498997679,0,0.028239831589560886
2023-01-04,GOOGL,34854800,-0.025124479041542,0,0.037410126617552095
2023-01-05,GOOGL,27194400,-0.0145193123898155,0,0.019092239003536716
2023-01-06,GOOGL,41381500,0.006337082804027,1,0.032607464007393255
2023-01-09,GOOGL,29003900,-0.0038479398476296,0,0.024784998033937168
2023-01-10,GOOGL,30467800,0.0283786312717672,1,0.033030893545104766
2023-01-11,GOOGL,26862000,0.026239025901358,1,0.02904234502161449
2023-01-12,GOOGL,30258100,-0.0038260394695218,0,0.023174493537241055
2023-01-13,GOOGL,26329200,0.0139791336685899,1,0.022674796065902888
2023-01-17,GOOGL,32602400,-0.0083640741199925,0,0.023897425663540302
2023-01-18,GOOGL,29116700,-0.0110700743414699,0,0.023442627267393355
2023-01-19,GOOGL,37000400,0.025683441354749,1,0.032848361076229286
2023-01-20,GOOGL,63191100,0.0307045027949175,1,0.03449007845761373
2023-01-23,GOOGL,40005100,0.0187851355243781,1,0.02593160790877336
2023-01-24,GOOGL,33078500,-0.0040774875851238,0,0.024566806315956417
2023-01-25,GOOGL,42330000,-0.0036622211493012,0,0.02511249904303263
2023-01-26,GOOGL,30114000,0.0105699133996518,1,0.022694325817681334
2023-01-27,GOOGL,33879800,0.0211695122769669,1,0.03093209548605759
2023-01-30,GOOGL,27226200,-0.0055396070674113,0,0.0193885856028134
2023-01-31,GOOGL,29870700,0.0203364667642492,1,0.021265587903231766
2023-02-01,GOOGL,35531100,0.0174247921857562,1,0.036571782431709395
2023-02-02,GOOGL,69883800,0.018336434367234,1,0.02117200188239814
2023-02-03,GOOGL,65309300,0.0179733650892456,1,0.05081118927458205
2023-02-06,GOOGL,31999600,0.0048828124272404,1,0.02421878242166648
2023-02-07,GOOGL,49010200,0.0428211404444237,1,0.049021483227601935
2023-02-08,GOOGL,94743500,-0.0262616386578307,0,0.0499754857580402
2023-02-09,GOOGL,119455000,-0.0498999786376952,0,0.06400001525878886
2023-02-10,GOOGL,54980700,-0.0092194581619017,0,0.026191724252810814
2023-02-13,GOOGL,50076100,-0.0013721475232128,0,0.014355083819055725
2023-02-14,GOOGL,54726100,0.0026474637211908,1,0.027427685370331176
2023-02-15,GOOGL,50169000,0.0259287187324207,1,0.0314319111847702
2023-02-16,GOOGL,42462600,0.0014679604237869,1,0.03082732889521296
2023-02-17,GOOGL,34284100,-0.0052714813710453,0,0.024775946356628307
2023-02-21,GOOGL,33629300,-0.0130107428437919,0,0.01483868014427917
2023-02-22,GOOGL,30884000,-0.000545206368889,0,0.01635768865779387
2023-02-23,GOOGL,41206400,-0.0112053829396707,0,0.023716278814203382
2023-02-24,GOOGL,36585100,-0.0034660686440765,0,0.014646662822398335
2023-02-27,GOOGL,27502300,0.0,0,0.00912437186110951
2023-02-28,GOOGL,30142000,0.0081718987190851,1,0.02138143538518743
2023-03-01,GOOGL,31111200,0.0042231300204623,1,0.015114476101503318
2023-03-02,GOOGL,32204400,0.0260985527806699,1,0.030002256653297865
2023-03-03,GOOGL,35160100,0.012651363824346,1,0.013840899245549631
2023-03-06,GOOGL,32639300,0.0118060056369233,1,0.020953002457359746
2023-03-07,GOOGL,27835500,-0.0117919847020122,0,0.022531051947917508
2023-03-08,GOOGL,34103300,0.0013811862476033,1,0.02082446905308669
2023-03-09,GOOGL,28813500,-0.0183945061222542,0,0.03859646077225841
2023-03-10,GOOGL,35941000,-0.0167082667475435,0,0.025930339992712336
2023-03-13,GOOGL,37335600,0.0113220592066106,1,0.03496505332361826
2023-03-14,GOOGL,36050200,0.015233402109986,1,0.020743282406958507
2023-03-15,GOOGL,50622100,0.031001923962715,1,0.04602017656458252
2023-03-16,GOOGL,65492000,0.0428274727368097,1,0.05914763640239609
2023-03-17,GOOGL,61028500,0.0135647374962512,1,0.027328922854464862
2023-03-20,GOOGL,32960400,0.0109868002791145,1,0.018777439091532195
2023-03-21,GOOGL,42110300,0.0362468954957561,1,0.038320960527584644
2023-03-22,GOOGL,43427400,-0.0086313793560885,0,0.031264933459194955
2023-03-23,GOOGL,40797800,0.0051399288794592,1,0.017513839806239898
2023-03-24,GOOGL,30393300,0.0042861661757591,1,0.01571579730880549
2023-03-27,GOOGL,31120900,-0.0206461824259504,0,0.02705029398546014
2023-03-28,GOOGL,32057900,-0.0137641900478856,0,0.026454500389364134
2023-03-29,GOOGL,28779600,-0.0087015975779283,0,0.01798979624414167
2023-03-30,GOOGL,33086200,-0.0001982387447722,0,0.013675600363997072
2023-03-31,GOOGL,36863400,0.0239881562879539,1,0.028134238778501693
2023-04-03,GOOGL,25035400,0.0192401722086765,1,0.025393090044143078
2023-04-04,GOOGL,24420100,0.0037381326828689,1,0.014760863495633329
2023-04-05,GOOGL,28290500,-0.012384170672255,0,0.02306669351644263
2023-04-06,GOOGL,48711500,0.0300208623274117,1,0.04598134371711817
2023-04-10,GOOGL,27067400,-0.0050476808616808,0,0.023088367113502324
2023-04-11,GOOGL,26311800,-0.0112623608002507,0,0.019239821614664705
2023-04-12,GOOGL,24370300,-0.018202311954183,0,0.022612156321122987
2023-04-13,GOOGL,24843600,0.0150227137405515,1,0.01558958411724933
2023-04-14,GOOGL,26578000,0.0185237474809579,1,0.019646422635483683
2023-04-17,GOOGL,37571200,0.0125166970452535,1,0.01566985440147378
2023-04-18,GOOGL,26596400,-0.0186871809906061,0,0.02319467809420894
2023-04-19,GOOGL,20905700,0.0057926092248938,1,0.01843988828292075
2023-04-20,GOOGL,27820800,0.0132806968028352,1,0.02290440929207499
2023-04-21,GOOGL,25800100,-0.0005688589921241,0,0.01156728175389114
2023-04-24,GOOGL,23542800,0.0045502262456528,1,0.0182955763035297
2023-04-25,GOOGL,46664100,-0.0187092820814123,0,0.02693003925356967
2023-04-26,GOOGL,53347600,-0.0115325877391293,0,0.03545559746115386
2023-04-27,GOOGL,50089200,0.0300622257672672,1,0.04624224003996922
2023-04-28,GOOGL,36139800,0.0028026477933238,1,0.021113622168351717
2023-05-01,GOOGL,26681700,0.0033695303509093,1,0.010950937935687256
2023-05-02,GOOGL,30997200,-0.0169871169049125,0,0.03257418222560444
2023-05-03,GOOGL,21795400,-0.0011370711510995,0,0.023974214048728026
2023-05-04,GOOGL,23419500,-0.0075836139782313,0,0.015451675859572338
2023-05-05,GOOGL,26639300,0.0071551230889483,1,0.016886058464220678
2023-05-08,GOOGL,26511400,0.0246244184291295,1,0.0266209870150143
2023-05-09,GOOGL,36360100,-0.0095949895874495,0,0.027308784031189352
2023-05-10,GOOGL,63153400,0.0350097132218246,1,0.04640179753253378
2023-05-11,GOOGL,78900000,0.0101386321791593,1,0.030415896537478133
2023-05-12,GOOGL,41102300,0.0071134884203275,1,0.01645524651974264
2023-05-15,GOOGL,36266800,0.003445022166706,1,0.021272941242951954
2023-05-16,GOOGL,45035600,0.0259250092526631,1,0.037084726363170444
2023-05-17,GOOGL,33323600,0.01028338534623,1,0.023242193504815385
2023-05-18,GOOGL,35234200,0.0155436538259443,1,0.02050430582979107
2023-05-19,GOOGL,41353400,-0.0063941796520748,0,0.030918653180639116
2023-05-22,GOOGL,35253000,0.0171628482873765,1,0.03001466055090536
2023-05-23,GOOGL,34046300,-0.0128866467165216,0,0.019490964059014824
2023-05-24,GOOGL,34182600,-0.0018163904864123,0,0.016925388088431744
2023-05-25,GOOGL,42317000,-0.0083520182634916,0,0.026983622718710108
2023-05-26,GOOGL,35635900,0.0116911785565757,1,0.022814039374539602
2023-05-30,GOOGL,35076700,-0.0156797296264984,0,0.029130879336910748
2023-05-31,GOOGL,37325800,0.0009776191167579,1,0.01270873774821796
2023-06-01,GOOGL,30772700,0.0073278092176776,1,0.014655556316852314
2023-06-02,GOOGL,26980100,0.0054843158068517,1,0.019275743453713214
2023-06-05,GOOGL,32305500,0.0161277313567248,1,0.028949309776975688
2023-06-06,GOOGL,26638300,0.0103166050339229,1,0.023252064329096902
2023-06-07,GOOGL,52539000,-0.0352051758504219,0,0.05450098820998073
2023-06-08,GOOGL,29389200,-0.0007363492171584,0,0.016280826626117906
2023-06-09,GOOGL,23778300,-0.0001635717224246,0,0.015132911853751138
2023-06-12,GOOGL,28306400,0.006922375338248,1,0.01946412062731909
2023-06-13,GOOGL,22278300,-0.0092014841973926,0,0.01584256123980782
2023-06-14,GOOGL,30592300,0.004630379381719,1,0.021121089648609582
2023-06-15,GOOGL,35246300,0.0158356095331124,1,0.02484974479260068
2023-06-16,GOOGL,45535600,-0.0190582190110601,0,0.022472816836310156
2023-06-20,GOOGL,26097500,0.0013828859393418,1,0.01976734970424846
2023-06-21,GOOGL,30306300,-0.0151143664302156,0,0.020915074804529643
2023-06-22,GOOGL,26952200,0.0262500127156575,1,0.03674996693929036
2023-06-23,GOOGL,34913600,0.0079090386076411,1,0.014252787906410113
2023-06-26,GOOGL,33969900,-0.020039795921913,0,0.030887738414626224
2023-06-27,GOOGL,39535900,0.0106764603728289,1,0.0254527102009591
2023-06-28,GOOGL,27091400,0.0263899911514919,1,0.030233162748693296
2023-06-29,GOOGL,24090900,-0.0011740975524704,0,0.014760101797776926
2023-06-30,GOOGL,29532200,-0.003911136122698,0,0.011566941922511117
2023-07-03,GOOGL,14467900,0.0055350861618046,1,0.011489456316053089
2023-07-05,GOOGL,27584800,0.0210500015196085,1,0.028346170026601097
2023-07-06,GOOGL,24745200,0.0025876256318609,1,0.015859778610005894
2023-07-07,GOOGL,21709500,-0.0051623241054502,0,0.01373856408694659
2023-07-10,GOOGL,35315200,-0.0156382591360223,0,0.018343179315016125
2023-07-11,GOOGL,23078800,0.0073092997457152,1,0.02029409744407732
2023-07-12,GOOGL,30404400,0.0010942529467893,1,0.01616160033353562
2023-07-13,GOOGL,44297900,0.0298519854563917,1,0.03621934070751043
2023-07-14,GOOGL,33283100,0.0049679094713673,1,0.026362186178496387
2023-07-17,GOOGL,25716200,-0.0102429799151982,0,0.023026849846442734
2023-07-18,GOOGL,26193600,-0.0067415437253402,0,0.013804183320759802
2023-07-19,GOOGL,37224000,-0.0206260010136195,0,0.027126784067497214
2023-07-20,GOOGL,37906800,-0.0182836538805921,0,0.0483445495446301
2023-07-21,GOOGL,72937900,-0.0049743499407491,0,0.018736481971270588
2023-07-24,GOOGL,29686100,-0.0010685918042018,0,0.016603621422506282
2023-07-25,GOOGL,52509600,0.0070039425663004,1,0.01755112781888692
2023-07-26,GOOGL,61682100,-0.0061505574437594,0,0.02045043633072076
2023-07-27,GOOGL,44952100,-0.0172401025596452,0,0.03379670592325411
2023-07-28,GOOGL,36591200,0.013763595875203,1,0.02423916652801757
2023-07-31,GOOGL,28055500,-7.529953407401807e-05,0,0.013184661013568497
2023-08-01,GOOGL,23166800,0.00588778314458,1,0.014910630258699386
2023-08-02,GOOGL,26273300,-0.0082656785682079,0,0.01954421660054915
2023-08-03,GOOGL,20089500,0.0037508456900865,1,0.015394242415498223
2023-08-04,GOOGL,26147200,-0.0090501096843502,0,0.027846464099000698
2023-08-07,GOOGL,22746300,0.0183492958345492,1,0.020052618956764755
2023-08-08,GOOGL,23535200,0.0059715113187463,1,0.015081926920420534
2023-08-09,GOOGL,24912900,-0.0151906421416541,0,0.02308972506133774
2023-08-10,GOOGL,20857800,-0.0124124641478899,0,0.019799009735785397
2023-08-11,GOOGL,19591100,0.0069951334592525,1,0.013679422172706193
2023-08-14,GOOGL,24695600,0.0149934496526588,1,0.018625770265774687
2023-08-15,GOOGL,19770700,-0.0100687052842429,0,0.016323411823174906
2023-08-16,GOOGL,25216100,0.0,0,0.01872568834390923
2023-08-17,GOOGL,33446300,0.0009244615898787,1,0.020801326221499633
2023-08-18,GOOGL,30504800,-0.0081705351120174,0,0.022332914709053093
2023-08-21,GOOGL,25248700,0.0093567762946709,1,0.01706241676158401
2023-08-22,GOOGL,22054900,0.0044355096769413,1,0.015251665542432647
2023-08-23,GOOGL,27819700,0.0168228803550521,1,0.0271931843915402
2023-08-24,GOOGL,28500700,-0.0311310060765181,0,0.034938355971665815
2023-08-25,GOOGL,26762900,0.0026247615740464,1,0.027095836720347276
2023-08-28,GOOGL,20543300,-0.0022846931485466,0,0.018277312779732824
2023-08-29,GOOGL,43075600,0.0176194928483659,1,0.03274350915902306
2023-08-30,GOOGL,28315800,0.0081614936450392,1,0.016397028306084232
2023-08-31,GOOGL,30053800,0.0011764110622129,1,0.016248855254207842
2023-09-01,GOOGL,21543700,-0.0130947400250362,0,0.018987345284977794
2023-09-05,GOOGL,19403100,0.002436516724056,1,0.013585324163639547
2023-09-06,GOOGL,18684500,-0.0114688833229921,0,0.021026323485645086
2023-09-07,GOOGL,18844300,0.012500922334943,1,0.01968713941843662
2023-09-08,GOOGL,23558300,0.0108961617433858,1,0.01341633318109612
2023-09-11,GOOGL,20763400,0.0027831031309352,1,0.012377343815043853
2023-09-12,GOOGL,18405500,-0.0067517848674151,0,0.012329317066697675
2023-09-13,GOOGL,20749500,0.0119920824627499,1,0.020356799722768645
2023-09-14,GOOGL,24751000,0.0036337207690517,1,0.017877844084014594
2023-09-15,GOOGL,38919600,-0.0042035211553417,0,0.014784813799749316
2023-09-18,GOOGL,21861300,0.0117122179662327,1,0.01866629851668843
2023-09-19,GOOGL,20353700,0.0045116804355162,1,0.01302582279706656
2023-09-20,GOOGL,29927500,-0.031431027522731,0,0.032300164069552516
2023-09-21,GOOGL,31503900,-0.0076080339426787,0,0.016433265088253452
2023-09-22,GOOGL,26397300,-0.0039002334678844,0,0.01858360949727812
2023-09-25,GOOGL,20094600,0.0098590369039856,1,0.017022193821994613
2023-09-26,GOOGL,25718700,-0.0092471057157608,0,0.024196650121516568
2023-09-27,GOOGL,22746500,0.0153222824118403,1,0.01812231811101979
2023-09-28,GOOGL,22513100,0.0190234233700631,1,0.027033347694270588
2023-09-29,GOOGL,30859800,-0.0181572493330576,0,0.027686093001220966
2023-10-02,GOOGL,22288000,0.0225591898759142,1,0.02476945228032306
2023-10-03,GOOGL,22989400,-0.0112737773488212,0,0.018067777548413745
2023-10-04,GOOGL,26752300,0.01845027736203,1,0.02289335566401684
2023-10-05,GOOGL,19832600,0.0,0,0.015103342224784844
2023-10-06,GOOGL,27597600,0.0266398587460328,1,0.030967907808262196
2023-10-09,GOOGL,19278100,0.0108076215945178,1,0.02431723215778028
2023-10-10,GOOGL,27786600,-0.0031769129343412,0,0.017256313282660262
2023-10-11,GOOGL,25884300,0.0142156241497586,1,0.018256593634493133
2023-10-12,GOOGL,24765500,-0.0147465564413454,0,0.020985513291914025
2023-10-13,GOOGL,23420500,-0.0144927837688003,0,0.02425028529489812
2023-10-16,GOOGL,28501900,0.0067308963370843,1,0.011869431941680633
2023-10-17,GOOGL,23515800,0.0078626292974023,1,0.01962058086200328
2023-10-18,GOOGL,23375000,-0.0106847634778222,0,0.02395121126557123
2023-10-19,GOOGL,26066000,-0.0054151624548736,0,0.016462085049074898
2023-10-20,GOOGL,26335700,-0.0125973618617388,0,0.020315977928589274
2023-10-23,GOOGL,26317900,0.010811661629556,1,0.027473392315757503
2023-10-24,GOOGL,44814300,0.007110177135021,1,0.014075327690876691
2023-10-25,GOOGL,84366200,-0.0198970269888634,0,0.025280881485550688
2023-10-26,GOOGL,57061100,-0.0080311340206824,0,0.02482360080570663
2023-10-27,GOOGL,44566500,-0.0057779874702342,0,0.025227852729585415
2023-10-30,GOOGL,28940100,0.0101452804909364,1,0.021508007025160883
2023-10-31,GOOGL,26292300,-0.0078362045951576,0,0.021429716595989398
2023-11-01,GOOGL,30082400,0.0191826973424039,1,0.022326079228498344
2023-11-02,GOOGL,27124600,-0.0072418651178634,0,0.01596321018215868
2023-11-03,GOOGL,26393100,0.0084361958679219,1,0.013044822006028911
2023-11-06,GOOGL,19052700,0.009298697558038,1,0.01294070615616749
2023-11-07,GOOGL,29757300,0.0019890941280807,1,0.015530553706883898
2023-11-08,GOOGL,26425800,0.0066427052689832,1,0.010918591442635338
2023-11-09,GOOGL,23747800,-0.0130342613912763,0,0.018793540477127314
2023-11-10,GOOGL,26913300,0.0191390477906188,1,0.026056873409761094
2023-11-13,GOOGL,18324800,0.0023523870197702,1,0.010168434893786979
2023-11-14,GOOGL,32395200,-0.0042477629767362,0,0.017735968259354133
2023-11-15,GOOGL,23861500,-0.00185363690258,0,0.010825176154337007
2023-11-16,GOOGL,28013200,0.012870701996837,1,0.021451245240869547
2023-11-17,GOOGL,37240600,-0.0050735473632812,0,0.017720615162568856
2023-11-20,GOOGL,27815500,0.0191487584100819,1,0.022739236213674442
2023-11-21,GOOGL,22635300,0.004989419385638,1,0.008951397916300145
2023-11-22,GOOGL,17813900,0.0074198316971233,1,0.014184890746538887
2023-11-24,GOOGL,12514300,-0.0097080080398553,0,0.015503871684228638
2023-11-27,GOOGL,23436500,0.0027935373536908,1,0.017790180038681554
2023-11-28,GOOGL,18730000,0.0082304166822247,1,0.01344798505607506
2023-11-29,GOOGL,23967200,-0.018754101139024,0,0.025078118518314724
2023-11-30,GOOGL,38988300,-0.0186597868605388,0,0.031617950210815336
2023-12-01,GOOGL,31442300,0.0,0,0.010920691906118439
2023-12-04,GOOGL,36669900,-0.0046966475779082,0,0.016399731855105775
2023-12-05,GOOGL,27384800,0.0158201519441733,1,0.030166727271888252
2023-12-06,GOOGL,23576200,-0.0108033942678777,0,0.014911681517594698
2023-12-07,GOOGL,56767100,0.0139958492566256,1,0.028584129163667156
2023-12-08,GOOGL,32260100,0.0058868000215122,1,0.017660172660820078
2023-12-11,GOOGL,31138000,0.0068740623187457,1,0.014956909310373594
2023-12-12,GOOGL,29032800,0.0053865922693123,1,0.013200861280576109
2023-12-13,GOOGL,30104800,-0.0060728559674699,0,0.01446988008042839
2023-12-14,GOOGL,38722400,-0.0107962392314457,0,0.030214414693099073
2023-12-15,GOOGL,50847100,0.0074457606950645,1,0.01770249139562853
2023-12-18,GOOGL,32258000,0.0239010635017787,1,0.035587733144348245
2023-12-19,GOOGL,25476800,-0.0013885007782161,0,0.01015784439379982
2023-12-20,GOOGL,49107200,-0.0045333876180368,0,0.02612067059176691
2023-12-21,GOOGL,27488300,0.0066670918285026,1,0.010825218339381189
2023-12-22,GOOGL,26532200,0.005114734665416,1,0.00909283753958988
2023-12-26,GOOGL,16780300,-0.0004943291704213,0,0.010523273344956582
2023-12-27,GOOGL,19628600,-0.0086164365580723,0,0.015467211653710369
2023-12-28,GOOGL,16045700,-0.0039068266552556,0,0.009873557335567064
2023-12-29,GOOGL,18733000,0.0004296895831529,1,0.011315632570382874
2024-01-02,GOOGL,23711200,-0.0027427273507207,0,0.021436312921578313
2024-01-03,GOOGL,24212100,0.0121675640724613,1,0.01857925720770725
2024-01-04,GOOGL,27137700,-0.0146655021395044,0,0.020300517235696366
2024-01-05,GOOGL,22513900,-0.0074588977876484,0,0.014698426074040104
2024-01-08,GOOGL,21404000,0.0187101267692063,1,0.020177563544423627
2024-01-09,GOOGL,24759600,0.0176895086515681,1,0.024115607196243432
2024-01-10,GOOGL,21320200,0.0090780055269281,1,0.014822669063054171
2024-01-11,GOOGL,24008700,-0.0098264938889875,0,0.03191861213827119
2024-01-12,GOOGL,18785500,-0.0001402135888251,0,0.00967259859630263
2024-01-16,GOOGL,22670500,0.0034507429096059,1,0.020422599685024075
2024-01-17,GOOGL,20968600,0.0008489219101951,1,0.02079945040294672
2024-01-18,GOOGL,25746400,0.0100668260827859,1,0.01562830815212483
2024-01-19,GOOGL,34271900,0.0113306572295651,1,0.014301450786717388
2024-01-22,GOOGL,32200400,-0.0075458909877301,0,0.017335166185944006
2024-01-23,GOOGL,21636100,0.0078826095091886,1,0.011515475240316316
2024-01-24,GOOGL,25233500,0.0010771756384905,1,0.011781338892543129
2024-01-25,GOOGL,29149100,0.0119943206844786,1,0.02338914902590635
2024-01-26,GOOGL,26115500,0.007213741190347,1,0.01012573605224538
2024-01-29,GOOGL,27784300,0.0095356896719893,1,0.015454466271512934
2024-01-30,GOOGL,36331800,-0.0087696093660202,0,0.01590309311026759
2024-01-31,GOOGL,71910000,-0.0245090456297517,0,0.028756475582961866
2024-02-01,GOOGL,40466500,-0.0067547951594464,0,0.015972448286317137
2024-02-02,GOOGL,62499600,0.0224042115399007,1,0.043946541423187296
2024-02-05,GOOGL,38505400,0.0060214627325304,1,0.01883491320161901
2024-02-06,GOOGL,29128200,-0.0038021971391325,0,0.015001716284192938
2024-02-07,GOOGL,25208900,0.0053882205643497,1,0.011674513025257403
2024-02-08,GOOGL,22563800,0.0005485965168358,1,0.008434449098917347
2024-02-09,GOOGL,26829500,0.0158167946554705,1,0.022225319937333704
2024-02-12,GOOGL,21564100,-0.0059964923907043,0,0.013273152169566083
2024-02-13,GOOGL,27837700,0.0015180873825753,1,0.020563040057901622
2024-02-14,GOOGL,22704200,-0.0009583747802135,0,0.01663477480908506
2024-02-15,GOOGL,37590700,-0.0025848478326476,0,0.021377655244108156
2024-02-16,GOOGL,31468900,-0.017273943113606,0,0.02133018347148488
2024-02-20,GOOGL,25144700,0.0104538981583474,1,0.018545011241420276
2024-02-21,GOOGL,23223300,0.0077766428225383,1,0.014210037532630634
2024-02-22,GOOGL,27191900,-0.0057958764944517,0,0.015179721654742141
2024-02-23,GOOGL,19493800,0.0020185741533932,1,0.008700494298956774
2024-02-26,GOOGL,53641800,-0.0321513443439799,0,0.03552837395133389
2024-02-27,GOOGL,33099200,0.0062309852465578,1,0.015649931859481662
2024-02-28,GOOGL,37328600,-0.011022400877065,0,0.018854176648319943
2024-02-29,GOOGL,42133000,0.0085956289704473,1,0.017919629485298058
2024-03-01,GOOGL,31151100,-0.0093187412727393,0,0.01408652063436357
2024-03-04,GOOGL,55999400,-0.0170278453209193,0,0.027642635255562795
2024-03-05,GOOGL,40194800,0.0059902430761568,1,0.019487467614991805
2024-03-06,GOOGL,35318600,-0.0129206827207962,0,0.02050778115741209
2024-03-07,GOOGL,37738200,0.011973881143691,1,0.025077204604410923
2024-03-08,GOOGL,39370400,0.0089411883482022,1,0.030474600501365114
2024-03-11,GOOGL,32437800,0.0113126660610827,1,0.021817388629787073
2024-03-12,GOOGL,27563400,0.0107275869065044,1,0.017149573994381922
2024-03-13,GOOGL,23347200,0.0056834049362073,1,0.01510784780378827
2024-03-14,GOOGL,42753400,0.0135278959493044,1,0.022168634959280367
2024-03-15,GOOGL,49475400,-0.0092632092927632,0,0.02210522032620621
2024-03-18,GOOGL,69273700,-0.0062580440801473,0,0.03351050203274263
2024-03-19,GOOGL,24070400,-0.0076269226166433,0,0.01829097859135097
2024-03-20,GOOGL,21311500,0.0050000371159733,1,0.014324291332348145
2024-03-21,GOOGL,24755600,-0.0125108389771557,0,0.023215368919274847
2024-03-22,GOOGL,29211800,0.0110649759207459,1,0.01743566381874136
2024-03-25,GOOGL,19229300,0.000867046023047,1,0.017073479504538074
2024-03-26,GOOGL,22149100,0.0029955861042834,1,0.01517773106623192
2024-03-27,GOOGL,22879200,-0.0020505197354955,0,0.018124127701475794
2024-03-28,GOOGL,24485400,0.0005302391052654,1,0.008352631460759003
2024-04-01,GOOGL,31730800,0.0318534937553286,1,0.03404343220982582
2024-04-02,GOOGL,24586000,0.0069055215543567,1,0.01661239773132143
2024-04-03,GOOGL,24705000,0.0085936980011582,1,0.015299518295148274
2024-04-04,GOOGL,34724700,-0.0193485421544178,0,0.028143370190350132
2024-04-05,GOOGL,23459200,0.0164633822622143,1,0.02546152167240323
2024-04-08,GOOGL,20702000,0.0135489418821703,1,0.017410679953937875
2024-04-09,GOOGL,31079500,0.0032674084027843,1,0.0215900774953727
2024-04-10,GOOGL,22838600,-0.0004481615851088,0,0.012355213184937267
2024-04-11,GOOGL,27166400,0.0159326999021904,1,0.020521228008177204
2024-04-12,GOOGL,25353700,-0.0014561343159776,0,0.019498618005467018
2024-04-15,GOOGL,27136500,-0.0251794031514019,0,0.029271113794585045
2024-04-16,GOOGL,20779500,0.0013619005885801,1,0.014397828559259291
2024-04-17,GOOGL,21763100,-0.0009638471995286,0,0.01606477366945934
2024-04-18,GOOGL,19883000,0.0043131079228814,1,0.014935028832963082
2024-04-19,GOOGL,32615600,-0.0135083268346714,0,0.025992302419436543
2024-04-22,GOOGL,26446200,0.0127665170881431,1,0.023200064076828873
2024-04-23,GOOGL,21151600,0.0082822868078655,1,0.017138139184142785
2024-04-24,GOOGL,22779100,0.0104133553396797,1,0.015239120398517093
2024-04-25,GOOGL,57109700,0.0308596980931705,1,0.03713744999653643
2024-04-26,GOOGL,64665300,-0.0138785240391784,0,0.029018827545313427
2024-04-29,GOOGL,45610000,-0.0172128457596885,0,0.025671337989854406
2024-04-30,GOOGL,33562900,-0.0170883510695295,0,0.03321055479578454
2024-05-01,GOOGL,33493200,-0.0026780428072643,0,0.024528294001475826
2024-05-02,GOOGL,24294500,0.0111050543456068,1,0.017234033943792984
2024-05-03,GOOGL,34662400,-0.0019097163409648,0,0.02930295854410232
2024-05-06,GOOGL,21871300,0.0038218043950158,1,0.012600027025896693
2024-05-07,GOOGL,28039700,0.016320474777448,1,0.019999971021884395
2024-05-08,GOOGL,19569100,0.0022485496024407,1,0.008343126646865663
2024-05-09,GOOGL,15346700,0.0033650588952866,1,0.01481793361278213
2024-05-10,GOOGL,29799900,0.0036897882621653,1,0.02178184662678409
2024-05-13,GOOGL,31327600,0.0297090286497568,1,0.032144155338305044
2024-05-14,GOOGL,25127100,0.0033574368326864,1,0.014431271052513116
2024-05-15,GOOGL,26948400,0.0110179310216547,1,0.012541753082162566
2024-05-16,GOOGL,27867900,0.0051358960362984,1,0.0140226947309583
2024-05-17,GOOGL,24479300,0.0107934605687573,1,0.014812274311304443
2024-05-20,GOOGL,22554400,0.0041432301346486,1,0.015267622476484315
2024-05-21,GOOGL,16989400,0.0053703348773837,1,0.013227792078160902
2024-05-22,GOOGL,17880000,-0.0014718891968653,0,0.010982717330845137
2024-05-23,GOOGL,21024900,-0.0198791671478034,0,0.02993168143972234
2024-05-24,GOOGL,16579400,5.720519984811632e-05,1,0.012115729956226753
2024-05-28,GOOGL,20572200,0.0111779706641137,1,0.01662372717687032
2024-05-29,GOOGL,23388700,0.0026791383476356,1,0.012084564816151748
2024-05-30,GOOGL,22931500,-0.0176369657061322,0,0.01957767120043734
2024-05-31,GOOGL,37638900,0.003723957799229,1,0.02106362797818752
2024-06-03,GOOGL,27459100,0.0036513556701472,1,0.01953167525397349
2024-06-04,GOOGL,26879600,0.0029431816160473,1,0.011311211493968321
2024-06-05,GOOGL,22068500,0.0011986684790253,1,0.015525121393162403
2024-06-06,GOOGL,23251000,0.0047186006813799,1,0.007959033229462594
2024-06-07,GOOGL,19661400,-0.0146286150423475,0,0.02016375037500603
2024-06-10,GOOGL,23726700,0.0002285722458351,1,0.024575658808699944
2024-06-11,GOOGL,21540600,0.0022698552588443,1,0.017421359914671353
2024-06-12,GOOGL,27864700,-0.0025806828267443,0,0.024123439280548768
2024-06-13,GOOGL,20913300,-0.0053943384529541,0,0.010561584259299709
2024-06-14,GOOGL,18063600,0.0147514180198746,1,0.016703040074158643
2024-06-17,GOOGL,19618500,0.0101447549936528,1,0.020232548249852902
2024-06-18,GOOGL,21869900,-0.0115727845705164,0,0.01857284237026527
2024-06-20,GOOGL,20160100,0.0053031188941349,1,0.013115058772920886
2024-06-21,GOOGL,57759000,0.0148587846486582,1,0.02395483329471209
2024-06-24,GOOGL,18298000,-0.0052175978147137,0,0.0123223866317563
2024-06-25,GOOGL,23130200,0.0245518527000971,1,0.02711276722844924
2024-06-26,GOOGL,19839000,0.0068444393942937,1,0.011115362892310302
2024-06-27,GOOGL,18848900,0.0066783094540206,1,0.011021820284629455
2024-06-28,GOOGL,29156600,-0.0117730758545236,0,0.017198340076936335
2024-07-01,GOOGL,16006100,-0.0002185067278563,0,0.014096059926032847
2024-07-02,GOOGL,17372500,0.01752267172717,1,0.022026968955803656
2024-07-03,GOOGL,10242100,0.0052475044018116,1,0.011306444516535634
2024-07-05,GOOGL,20967500,0.0255030962961271,1,0.027224779629705417
2024-07-08,GOOGL,21035900,-0.0045813330444956,0,0.012585568543784037
2024-07-09,GOOGL,15121400,-0.0069886072624492,0,0.013872100381040616
2024-07-10,GOOGL,15952500,0.0107322169960407,1,0.014380128514260754
2024-07-11,GOOGL,25625800,-0.0225441066194289,0,0.030445080818934808
2024-07-12,GOOGL,22898400,-5.400100895317737e-05,0,0.014156014108855816
2024-07-15,GOOGL,16474000,0.0087064710485268,1,0.01795374949758313
2024-07-16,GOOGL,18290700,-0.0183603887179759,0,0.028341148277624094
2024-07-17,GOOGL,20734100,-0.0106574680834703,0,0.0199486753616551
2024-07-18,GOOGL,25315700,-0.0233056142751081,0,0.03314461068573239
2024-07-19,GOOGL,18881900,-0.0068202213070285,0,0.01766540874923655
2024-07-22,GOOGL,24100300,0.0059804078462573,1,0.013677397811569063
2024-07-23,GOOGL,36352700,-0.0014282326902849,0,0.01137054265047283
2024-07-24,GOOGL,49585200,-0.0055875644389363,0,0.025172782048070306
2024-07-25,GOOGL,44852000,-0.030373321141869,0,0.03611172949949635
2024-07-26,GOOGL,41336900,-0.0008973610646809,0,0.024110074343123476
2024-07-29,GOOGL,20293800,0.0041461644296056,1,0.014452331671824793
2024-07-30,GOOGL,18959700,0.0002936312932082,1,0.016388587853075776
2024-07-31,GOOGL,25729100,-0.0098130463699294,0,0.024474748087741135
2024-08-01,GOOGL,24531400,0.0029955624483754,1,0.030367096440207346
2024-08-02,GOOGL,29130100,0.0013218049596013,1,0.023071354731819725
2024-08-05,GOOGL,53630700,0.0241157556270096,1,0.06109324758842465
2024-08-06,GOOGL,49004600,-0.0065273867631322,0,0.0261093555156073
2024-08-07,GOOGL,25138600,-0.014325566254845,0,0.02796895818192829
2024-08-08,GOOGL,25578800,0.0094698419069238,1,0.021680866280204335
2024-08-09,GOOGL,28602300,0.0228735940738564,1,0.029560626772829415
2024-08-12,GOOGL,15895300,-0.0125343032605994,0,0.018618785792234208
2024-08-13,GOOGL,18551700,0.0045896822911209,1,0.010770420827326849
2024-08-14,GOOGL,40591100,-0.0124999929531451,0,0.033928538878813363
2024-08-15,GOOGL,31524300,0.0049844426900798,1,0.012647967472254792
2024-08-16,GOOGL,24208600,0.0092277542695219,1,0.024338840936835023
2024-08-19,GOOGL,22416200,0.0084099673276531,1,0.014702371445532181
2024-08-20,GOOGL,18341500,0.0016776440355685,1,0.010904686231196024
2024-08-21,GOOGL,22902000,0.0042386450675258,1,0.013200169634500547
2024-08-22,GOOGL,22493300,-0.0206863061623304,0,0.025588897045682592
2024-08-23,GOOGL,13955700,0.0054637802927072,1,0.014266578601938423
2024-08-26,GOOGL,14190400,-0.0013222816098488,0,0.0185719211876873
2024-08-27,GOOGL,11821900,-0.0069947159172986,0,0.011939193024974086
2024-08-28,GOOGL,16407400,-0.013269433299239,0,0.02466073369963429
2024-08-29,GOOGL,19699800,-0.0153977166142594,0,0.034812253092897434
2024-08-30,GOOGL,22123800,0.0046735320898104,1,0.012114138973399483
2024-09-03,GOOGL,38945300,-0.0269601816562031,0,0.033205604349754954
2024-09-04,GOOGL,19353800,-0.0013405253986852,0,0.019405037757369112
2024-09-05,GOOGL,18688700,0.0060140909984177,1,0.02220090308989973
2024-09-06,GOOGL,37912100,-0.040559470813953,0,0.04628098307729519
2024-09-09,GOOGL,39260500,-0.0249163197812483,0,0.04052188642301881
2024-09-10,GOOGL,31118800,-0.0118975960281912,0,0.019474961741463376
2024-09-11,GOOGL,29607700,0.0082711146498726,1,0.02654746382169774
2024-09-12,GOOGL,29621500,0.005786731937508,1,0.014109319796333978
2024-09-13,GOOGL,29591200,0.0130606326561465,1,0.02039502231437245
2024-09-16,GOOGL,18379800,0.0047676562941947,1,0.01048880504794241
2024-09-17,GOOGL,20715600,0.0018865742906395,1,0.013646070372550601
2024-09-18,GOOGL,23677300,-0.0003127927659632,0,0.011885361498999993
2024-09-19,GOOGL,26587700,-0.0095901732321276,0,0.014965468497746213
2024-09-20,GOOGL,40896400,0.0005504363173738,1,0.010214056079176215
2024-09-23,GOOGL,24150900,-0.0152114384372177,0,0.02324312249682975
2024-09-24,GOOGL,23332100,-0.0045390756223083,0,0.015518608834205565
2024-09-25,GOOGL,18869200,0.0001238884765572,1,0.009351548246859976
2024-09-26,GOOGL,20319300,-0.005561009933412,0,0.010999774251231614
2024-09-27,GOOGL,21101300,0.0070020232586648,1,0.018856287153525966
2024-09-30,GOOGL,20413900,0.0154910523257225,1,0.017695317536395208
2024-10-01,GOOGL,28338100,-0.0041743511124747,0,0.027312312984520557
2024-10-02,GOOGL,17760200,-0.0033649655375266,0,0.01676486345162405
2024-10-03,GOOGL,15073100,0.0088193961191203,1,0.016544012895305337
2024-10-04,GOOGL,19047400,-0.0059502559474413,0,0.01636320385546383
2024-10-07,GOOGL,22463100,-0.028261420573964,0,0.03416405727304366
2024-10-08,GOOGL,23072700,0.0026839235992052,1,0.01134561780317362
2024-10-09,GOOGL,31181800,-0.0097277232644679,0,0.031202147078298912
2024-10-10,GOOGL,14144100,0.0075216432560077,1,0.01659733641310405
2024-10-11,GOOGL,15344300,0.0068463614193676,1,0.016406515285328858
2024-10-14,GOOGL,19016100,0.0080665321995976,1,0.01729407138603122
2024-10-15,GOOGL,20247200,-0.0019903889597009,0,0.01839669410990841
2024-10-16,GOOGL,16406000,0.0038291186257019,1,0.012520498230581467
2024-10-17,GOOGL,21453400,-0.0168949684664267,0,0.021782421428927137
2024-10-18,GOOGL,19757700,0.0014093738838055,1,0.009988386901322413
2024-10-21,GOOGL,20946500,0.006873337814988,1,0.011537311555824251
2024-10-22,GOOGL,16568100,0.0132531827140329,1,0.01711871774488243
2024-10-23,GOOGL,18280500,-0.0120174544401123,0,0.023610189233625577
2024-10-24,GOOGL,22412500,-0.0006755549291566,0,0.014248033520419031
2024-10-25,GOOGL,19828900,0.0097758057152541,1,0.013258374737105966
2024-10-28,GOOGL,32138600,-0.0120296223958333,0,0.02844446252893511
2024-10-29,GOOGL,42169000,0.0116258093239909,1,0.019614908655134926
2024-10-30,GOOGL,68890800,-0.0344254273525206,0,0.04405582818542029
2024-10-31,GOOGL,44769000,-0.0116675574163371,0,0.033616399006966904
2024-11-01,GOOGL,31796500,0.007173433935287,1,0.020226978851410834
2024-11-04,GOOGL,21492700,-0.0040604202457282,0,0.016006598822685566
2024-11-05,GOOGL,18242100,0.0018297398972095,1,0.009974635628062715
2024-11-06,GOOGL,33695500,0.0155925857738396,1,0.019792879062158743
2024-11-07,GOOGL,25352900,0.0188264261819862,1,0.021926606782880387
2024-11-08,GOOGL,22006200,-0.0127317346840691,0,0.015610252757858361
2024-11-11,GOOGL,17450400,0.0099115480698418,1,0.011647451056823674
2024-11-12,GOOGL,25134900,0.0100099417175718,1,0.017239494924089497
2024-11-13,GOOGL,23184000,-0.0087554126802172,0,0.01341024790923059
2024-11-14,GOOGL,31007500,-0.015144699162718,0,0.02524119380083041
2024-11-15,GOOGL,32504600,-0.0071374561956456,0,0.01680767996750978
2024-11-18,GOOGL,20135300,0.0108407617498703,1,0.014646572320035493
2024-11-19,GOOGL,23434900,0.0253280788945792,1,0.03056641446742592
2024-11-20,GOOGL,18997100,-0.0076688882284643,0,0.02199162048618522
2024-11-21,GOOGL,59734400,-0.0360551422296434,0,0.059977046007137255
2024-11-22,GOOGL,38604600,-0.0065722734794435,0,0.01543571132451431
2024-11-25,GOOGL,33135300,0.0093924835510268,1,0.0181829390032444
2024-11-26,GOOGL,20486700,0.0088885652387627,1,0.013362795608876847
2024-11-27,GOOGL,19266500,0.001360921464728,1,0.008639002692770013
2024-11-29,GOOGL,14257200,0.0026706050340782,1,0.013471744888260419
2024-12-02,GOOGL,23789100,0.0161166152269094,1,0.020797502032229652
2024-12-03,GOOGL,22248700,-0.0008747399292574,0,0.010671097519665967
2024-12-04,GOOGL,31615100,0.0188139137337666,1,0.022494923989563195
2024-12-05,GOOGL,21356200,-0.015510955812249,0,0.02127050475910451
2024-12-06,GOOGL,21462400,0.0155787243712568,1,0.018717672752146926
2024-12-09,GOOGL,25389600,0.0081052445901516,1,0.015003451998277531
2024-12-10,GOOGL,54813000,0.01268795180743,1,0.029040182561370278
2024-12-11,GOOGL,67894100,0.0544492821262935,1,0.05806483540335544
2024-12-12,GOOGL,34817500,-0.0155897091596555,0,0.01779479980468757
2024-12-13,GOOGL,25143500,-0.0062299733879872,0,0.01617714479218041
2024-12-16,GOOGL,44934900,0.0196505866172654,1,0.0330793023504564
2024-12-17,GOOGL,43504000,-0.0092775758228374,0,0.03264893506416377
2024-12-18,GOOGL,34166100,-0.0349349824893633,0,0.04743363614861989
2024-12-19,GOOGL,32265200,-0.0162814292985305,0,0.02426547919428379
2024-12-20,GOOGL,63462900,0.0303046879093848,1,0.04128538173830601
2024-12-23,GOOGL,25675000,0.0104351044365987,1,0.025698330041072467
2024-12-24,GOOGL,10403300,0.0065181908044101,1,0.011958539698461139
2024-12-26,GOOGL,12046600,0.0023059811483773,1,0.012144479586531034
2024-12-27,GOOGL,18891400,-0.0112336623528528,0,0.023954929473398213
2024-12-30,GOOGL,14264700,0.0075869463553884,1,0.01807169588735442
2024-12-31,GOOGL,17466900,-0.009315463482519,0,0.018055328521932874
2025-01-02,GOOGL,20370800,-0.0063991673735145,0,0.02360346259671685
2025-01-03,GOOGL,18596200,0.0021946918517091,1,0.016878356423378583
2025-01-06,GOOGL,29563600,0.0148984403201435,1,0.022528071004422046
2025-01-07,GOOGL,26487200,-0.0082187363003967,0,0.03246914858031963
2025-01-08,GOOGL,24864800,0.0071661711145912,1,0.020304243935231954
2025-01-10,GOOGL,26665200,-0.0116315477618544,0,0.0319609192811643
2025-01-13,GOOGL,21823700,0.0049454787520146,1,0.020097816163670575
2025-01-14,GOOGL,17174900,-0.0082618792390233,0,0.019190535785027236
2025-01-15,GOOGL,21776000,0.0127402079886229,1,0.023305194910902483
2025-01-16,GOOGL,17815400,-0.0063356120913052,0,0.013752952391776471
2025-01-17,GOOGL,27735100,-0.0026967830997245,0,0.01770719864221385
2025-01-21,GOOGL,29971300,-0.0051238470635091,0,0.02220323507471719
2025-01-22,GOOGL,26200600,-0.0034663038775691,0,0.014819637217034833
2025-01-23,GOOGL,26951400,-0.0008075283264472,0,0.02573940708199137
2025-01-24,GOOGL,23877500,0.0106511890224223,1,0.014639039914864942
2025-01-27,GOOGL,41728900,-0.0031183727046193,0,0.03196304266005543
2025-01-28,GOOGL,24157900,0.013229587817161,1,0.024902739568133946
2025-01-29,GOOGL,18218300,-0.0007669968212156,0,0.017181431030365932
2025-01-30,GOOGL,24354700,0.0144949248342803,1,0.01883836226029851
2025-01-31,GOOGL,32001100,0.0100000211507967,1,0.018217785523669768
2025-02-03,GOOGL,27838300,0.0026906835396071,1,0.018187223339887253
2025-02-04,GOOGL,43856400,0.0147008481347989,1,0.020846676365051695
2025-02-05,GOOGL,70373900,0.0013607290357966,1,0.02470299387540171
2025-02-06,GOOGL,29297400,0.0110818264037764,1,0.017836437376319434
2025-02-07,GOOGL,49315000,-0.0298874986791822,0,0.04155973334617628
2025-02-10,GOOGL,23105600,-0.0046971169156315,0,0.012489972039807357
2025-02-11,GOOGL,21239500,0.0015673596002548,1,0.014376067014312778
2025-02-12,GOOGL,22072600,0.0021285852366011,1,0.01790196898506664
2025-02-13,GOOGL,21402500,0.0098740885042843,1,0.017035586289475182
2025-02-14,GOOGL,20448400,0.0009186111055225,1,0.011239525557689093
2025-02-18,GOOGL,29916700,-0.0098599233344531,0,0.022737074794865364
2025-02-19,GOOGL,19549400,0.0065192421388267,1,0.010159234538860817
2025-02-20,GOOGL,20441500,-0.001298731002168,0,0.014015131467098313
2025-02-21,GOOGL,35199200,-0.0296515820434993,0,0.03381039542640108
2025-02-24,GOOGL,29854200,-0.015055802024617,0,0.02324301115369734
2025-02-25,GOOGL,41913400,-0.0147157673331117,0,0.0227477151453771
2025-02-26,GOOGL,35431300,-0.0133661478196327,0,0.025704003037289414
2025-02-27,GOOGL,39991000,-0.0315535681351522,0,0.038048134422569296
2025-02-28,GOOGL,48130600,0.0094854527684915,1,0.02276497809240157
2025-03-03,GOOGL,40770500,-0.0286162878993617,0,0.04327344127464899
2025-03-04,GOOGL,45388000,0.0281520243090566,1,0.04505528144176449
2025-03-05,GOOGL,30954900,0.0146610364611852,1,0.027680043997426677
2025-03-06,GOOGL,28302000,0.0106726519512513,1,0.025274131176015773
2025-03-07,GOOGL,27385800,0.0151816313611515,1,0.027443635986188084
2025-03-10,GOOGL,43604000,-0.0142042046099754,0,0.02834901003320277
2025-03-11,GOOGL,39587400,-0.0052756676772571,0,0.03262388432078275
2025-03-12,GOOGL,28372400,0.0031816470973172,1,0.02467283326434296
2025-03-13,GOOGL,31756200,-0.0197542695249603,0,0.02421106019640342
2025-03-14,GOOGL,31995900,0.0135971162038952,1,0.024744340290332942
2025-03-17,GOOGL,31184300,-0.0044840665251031,0,0.015936526099898693
2025-03-18,GOOGL,42074800,-0.0183895078294521,0,0.04600439342768281
2025-03-19,GOOGL,34275600,0.0131676864190452,1,0.030106301202808838
2025-03-20,GOOGL,28138500,0.0076127726173264,1,0.024323776057613284
2025-03-21,GOOGL,36625800,0.0172445795144163,1,0.0207803856088263
2025-03-24,GOOGL,30879100,0.0036510763441744,1,0.019033984528408654
2025-03-25,GOOGL,24174400,0.0093502300331588,1,0.013670242732863857
2025-03-26,GOOGL,28901600,-0.0233136239136464,0,0.028224877351840028
2025-03-27,GOOGL,24508300,-0.0145173985225215,0,0.020773844788377155
2025-03-28,GOOGL,48669300,-0.0383824752400033,0,0.05103123036378173
2025-03-31,GOOGL,54603500,0.0099928076102001,1,0.0318724420649863
2025-04-01,GOOGL,30672900,0.0224580934558646,1,0.02916294186125056
2025-04-02,GOOGL,25041700,0.0121817561327745,1,0.02391238710806842
2025-04-03,GOOGL,46883400,-0.0025808972806114,0,0.01581628866385372
2025-04-04,GOOGL,62259500,-0.0162826058561134,0,0.0384433663440441
2025-04-07,GOOGL,76794100,0.0367361132895263,1,0.0870364327700786
2025-04-08,GOOGL,52200200,-0.0431160178536508,0,0.06090468614945557
2025-04-09,GOOGL,70406200,0.0989475746163985,1,0.10829524711219331
2025-04-10,GOOGL,48022000,-0.0237638055542424,0,0.049763695407108205
2025-04-11,GOOGL,33636200,0.02773057987193,1,0.031720019871355046
2025-04-14,GOOGL,30333000,-0.0058124542236328,0,0.026000022888183514
2025-04-15,GOOGL,27551500,-0.0177214053772918,0,0.0279016341756974
2025-04-16,GOOGL,28187400,0.0015022581212932,1,0.028608783201818207
2025-04-17,GOOGL,33046600,-0.0202864071568065,0,0.040054397204622054
2025-04-21,GOOGL,26049100,-0.0081273957158962,0,0.019142871784360013
2025-04-22,GOOGL,26971800,0.0173282412628853,1,0.024514804017973478
2025-04-23,GOOGL,31128800,-0.0016708084687113,0,0.023905926393625612
2025-04-24,GOOGL,45894000,0.0200448607438785,1,0.02433559526282746
2025-04-25,GOOGL,56034000,-0.0188404947740936,0,0.03065373837080104
2025-04-28,GOOGL,29745800,-0.011204778350649,0,0.028011992846978417
2025-04-29,GOOGL,26809000,-0.0009980267889197,0,0.02008483703591175
2025-04-30,GOOGL,34981100,0.0051905769489509,1,0.02449683808481026
2025-05-01,GOOGL,30203200,0.0052976386393438,1,0.01894667088783709
2025-05-02,GOOGL,25715000,0.0037941074799158,1,0.01897072415423017
2025-05-05,GOOGL,21341800,0.0074233540728047,1,0.016380356864695248
2025-05-06,GOOGL,21277200,0.0065363357622379,1,0.022260594753110513
2025-05-07,GOOGL,127490100,-0.0774012482113376,0,0.1045831513323494
2025-05-08,GOOGL,57498700,-0.0046451691658265,0,0.019548379221270014
2025-05-09,GOOGL,32435300,-0.0092105998949886,0,0.01848612659638538
2025-05-12,GOOGL,44138800,0.0061591287502065,1,0.0180964251959426
2025-05-13,GOOGL,42382100,0.0046602778792906,1,0.027772553993139385
2025-05-14,GOOGL,48755900,0.0338208813219017,1,0.04619904400771562
2025-05-15,GOOGL,33146700,-0.0113361653734787,0,0.023154918484536494
2025-05-16,GOOGL,42846900,-0.0091813827303398,0,0.022238186855898807
2025-05-19,GOOGL,30426100,0.0123396683914697,1,0.014710341315127672
2025-05-20,GOOGL,46607700,-0.0147208859944792,0,0.033647818001319385
2025-05-21,GOOGL,73416000,0.0297513290033138,1,0.058525271477614486
2025-05-22,GOOGL,74864400,-0.0057027113850541,0,0.035263295568016724
2025-05-23,GOOGL,35211400,-0.0034898636366425,0,0.012244217166165175
2025-05-27,GOOGL,37995700,0.0161024340350618,1,0.018629513991078928
2025-05-28,GOOGL,34784000,-0.0046200221462161,0,0.01940402251843345
2025-05-29,GOOGL,29317300,-0.0122988470669449,0,0.021781570609958667
2025-05-30,GOOGL,52639900,0.0022760395433708,1,0.027837782915392996
2025-06-02,GOOGL,38612300,0.0070901004967289,1,0.014775951987906473
2025-06-03,GOOGL,45084900,-0.0078214387391388,0,0.01910559939872223
2025-06-04,GOOGL,26900800,0.0078565282202024,1,0.011155095052625512
2025-06-05,GOOGL,36379100,-0.0125043423142873,0,0.019607822059977777
2025-06-06,GOOGL,35731800,0.0166831985844331,1,0.02148333506765875
2025-06-09,GOOGL,28935900,0.0088805036746896,1,0.012031661420273934
2025-06-10,GOOGL,61766100,0.013620937553015,1,0.03518727046325314
2025-06-11,GOOGL,31646800,-0.013461634930361,0,0.020136813879700514
2025-06-12,GOOGL,20941900,-0.0027244621835261,0,0.011181753335229512
2025-06-13,GOOGL,27663100,0.0129320093711829,1,0.0274878533174149
2025-06-16,GOOGL,27389200,0.0116752051439576,1,0.01310598409498467
2025-06-17,GOOGL,24973000,0.0014228799336498,1,0.015822417914530765
2025-06-18,GOOGL,28707500,-0.0152831501992501,0,0.019089828505284463
2025-06-20,GOOGL,75659900,-0.0420235566935295,0,0.051049093301597626
2025-06-23,GOOGL,57671000,-0.0064954700385099,0,0.03211641427000973
2025-06-24,GOOGL,40524300,-0.0008985975205472,0,0.012520946326486844
2025-06-25,GOOGL,35479000,0.0181947605090207,1,0.028694132425494685
2025-06-26,GOOGL,31796700,0.006437398698025,1,0.02174795661594149
2025-06-27,GOOGL,108140200,0.0287542104772156,1,0.04004838779026006
2025-06-30,GOOGL,63378900,-0.0251687304042558,0,0.03678500907947752
2025-07-01,GOOGL,35904500,0.0005689703061404,1,0.014566959591300053
2025-07-02,GOOGL,29128900,0.0176598280852305,1,0.02159048325788123
2025-07-03,GOOGL,21689700,0.0057703012845762,1,0.014677843793767513
2025-07-07,GOOGL,34175600,-0.0126773388998742,0,0.020216745366546614
2025-07-08,GOOGL,40442500,-0.0196233082563558,0,0.02890075464297018
2025-07-09,GOOGL,43025600,0.0078173758470043,1,0.038059903959745046
2025-07-10,GOOGL,29252400,0.0113305823552347,1,0.023059771567341732
2025-07-11,GOOGL,34282900,0.0192319095219973,1,0.027999305029842
2025-07-14,GOOGL,32536600,0.0030385231117005,1,0.022043012067012514
2025-07-15,GOOGL,33448300,-0.0044308165276033,0,0.014331793403955849
2025-07-16,GOOGL,33104200,-0.0014735006787096,0,0.012551860853571066
2025-07-17,GOOGL,31992600,0.0079060197992296,1,0.01965522039668013
2025-07-18,GOOGL,34014500,-0.0018338530155531,0,0.014616998620783172
2025-07-21,GOOGL,45803100,0.0206711737101509,1,0.022228184642407715
2025-07-22,GOOGL,44660200,-0.0008355282616678,0,0.021879828629854717
2025-07-23,GOOGL,58681900,-0.0066318760964017,0,0.017493504457000687
2025-07-24,GOOGL,74881700,-0.0246662977235029,0,0.03527380089986812
2025-07-25,GOOGL,39785900,0.0062506353523689,1,0.015991287595275006
2025-07-28,GOOGL,38139500,-0.0055253916816627,0,0.016576332636411697
2025-07-29,GOOGL,41389200,0.0172530657931921,1,0.019955290152510057
2025-07-30,GOOGL,32445400,0.0047545636337509,1,0.014877318871704678
2025-07-31,GOOGL,51329200,-0.0194676444059048,0,0.025037090527707903
2025-08-01,GOOGL,34832200,0.000529048850243,1,0.015923369445451137
2025-08-04,GOOGL,31547400,0.0249619011382147,1,0.027064004083123417
2025-08-05,GOOGL,31602300,-0.0002054776002378,0,0.02038930246937535
2025-08-06,GOOGL,21562900,0.0081747883696175,1,0.015218543516026632
2025-08-07,GOOGL,26321800,-0.0027402481113513,0,0.016289411828109116
2025-08-08,GOOGL,39161800,0.0212959989972927,1,0.027583421598900155
2025-08-11,GOOGL,25832400,0.0002985844424444,1,0.011993572081412933
2025-08-12,GOOGL,30397900,0.0097829928413946,1,0.019417012250678038
2025-08-13,GOOGL,28342900,-0.0106304713517793,0,0.03438986971313212
2025-08-14,GOOGL,25230400,0.0071464141012717,1,0.01593055441125152
2025-08-15,GOOGL,34931400,0.0002452185012119,1,0.025312747155323292
2025-08-18,GOOGL,18526600,-0.0034279968594691,0,0.013614098045268289
2025-08-19,GOOGL,24240200,-0.007191013465282,0,0.01714030314959489
2025-08-20,GOOGL,28955500,-0.0070243034590313,0,0.023314864621098247
2025-08-21,GOOGL,19774600,0.0,0,0.015269101635833783
2025-08-22,GOOGL,42827000,0.0165737714258488,1,0.03571247662879267
2025-08-25,GOOGL,29928900,0.0099792321390926,1,0.02538393488873504
2025-08-26,GOOGL,28464100,-0.0017830231168712,0,0.010360990854358942
2025-08-27,GOOGL,23022900,0.0086533729008501,1,0.015848370510405274
2025-08-28,GOOGL,32339300,0.0211821442202578,1,0.025669516642792607
2025-08-29,GOOGL,39728400,0.0114009273568979,1,0.021139124337859843
2025-09-02,GOOGL,47523000,0.0139608694493629,1,0.026290518438654764
2025-09-03,GOOGL,103336100,0.0196719721328286,1,0.02882279332897998
2025-09-04,GOOGL,51684200,0.0115393391060482,1,0.02725884900157092
2025-09-05,GOOGL,46588900,0.0120585834993871,1,0.01662360319157099
2025-09-08,GOOGL,32474700,-0.006072994127307,0,0.018940870135244425
2025-09-09,GOOGL,38061000,0.023316422925912,1,0.030917733056224625
2025-09-10,GOOGL,35141100,0.0011301979043915,1,0.01594808562550498
2025-09-11,GOOGL,30599300,0.002042647258634,1,0.02501250574399125
2025-09-12,GOOGL,26771600,0.0017889418118125,1,0.016973839971438785
2025-09-15,GOOGL,58383800,0.0284067556781392,1,0.03167661196761529
2025-09-16,GOOGL,34109700,-0.0036496277462022,0,0.014162139160179348
2025-09-17,GOOGL,34108000,-0.0067271810890628,0,0.021176686961103176
2025-09-18,GOOGL,31239500,0.0013906790913114,1,0.016648134787591008
2025-09-19,GOOGL,55571400,0.005804545787574,1,0.01654492573112044
2025-09-22,GOOGL,32290500,-0.0074676490633142,0,0.02153832443222286
2025-09-23,GOOGL,26628000,-0.0054536423515589,0,0.015333563807145175
2025-09-24,GOOGL,28201000,-0.0179607573976265,0,0.023484080013145132
2025-09-25,GOOGL,31020400,0.0056873953533614,1,0.023527005497534538
2025-09-26,GOOGL,18503200,-0.0021451978078035,0,0.013963641259438133
2025-09-29,GOOGL,32505800,-0.0153318658792798,0,0.03381072994819103
2025-09-30,GOOGL,34724300,0.0011943846951849,1,0.016638496465360444
2025-10-01,GOOGL,31658200,0.0172377731941199,1,0.031941858531282556
2025-10-02,GOOGL,25483300,0.0022027679313338,1,0.018396877907899428
2025-10-03,GOOGL,30249600,0.0035175286965895,1,0.01897827839747074
2025-10-06,GOOGL,28894700,0.0230819263202081,1,0.02753495190283549
2025-10-07,GOOGL,23181300,-0.0101100000903468,0,0.019817126854945858
2025-10-08,GOOGL,21307100,-0.0013880290143722,0,0.008940182571007435
2025-10-09,GOOGL,27892100,-0.0120260253884977,0,0.022947603314678263
2025-10-10,GOOGL,33180300,-0.0201299983390589,0,0.034171396472181446
2025-10-13,GOOGL,24995000,0.0164022608238398,1,0.01994085655156976
2025-10-14,GOOGL,22111600,0.0174936836025543,1,0.027401238351043727
2025-10-15,GOOGL,27007700,0.0152881649314332,1,0.02475225527679476
2025-10-16,GOOGL,27997200,-0.0012312728018954,0,0.02724703195436551
2025-10-17,GOOGL,29671600,0.0101292415080693,1,0.025562305800475752
2025-10-20,GOOGL,22350200,0.0073029382140369,1,0.01217162360128253
2025-10-21,GOOGL,47312100,-0.0168014394559308,0,0.04212142087990998
2025-10-22,GOOGL,35029400,-0.0105358050368581,0,0.027794127456630745
2025-10-23,GOOGL,19901400,0.0003953122982235,1,0.012609642013168762
2025-10-24,GOOGL,28655100,0.0130174878410792,1,0.024787534821120016
2025-10-27,GOOGL,35235200,0.0168037971693165,1,0.022128297360728695
2025-10-28,GOOGL,29738600,-0.0082316778545968,0,0.015684715592107226
2025-10-29,GOOGL,43580300,0.025471549296802,1,0.028646061289098725
2025-10-30,GOOGL,74876000,-0.0346719211170987,0,0.03954181873213524
2025-10-31,GOOGL,39267900,-0.0071324779302226,0,0.031672615696279
2025-11-03,GOOGL,29786000,0.0054575398146364,1,0.020306227000692328
2025-11-04,GOOGL,30078400,0.0028545927549119,1,0.018102906045336653
2025-11-05,GOOGL,31010300,0.019507306403187,1,0.032560036034095796
2025-11-06,GOOGL,37173600,-0.0020326870625591,0,0.025268958028889503
2025-11-07,GOOGL,34479600,-0.0154655733023714,0,0.030330837883779764
2025-11-10,GOOGL,29557300,0.0199704395176973,1,0.027916468836760126
2025-11-11,GOOGL,19842100,0.0123718420802563,1,0.015986120255484206
2025-11-12,GOOGL,24829900,-0.0170392256771192,0,0.028524436139392272
2025-11-13,GOOGL,29494000,-0.0133526565933653,0,0.019834264277647076
2025-11-14,GOOGL,31647200,0.0184223128570629,1,0.028959821839683233
2025-11-17,GOOGL,52670200,-0.0026594225238693,0,0.03632166326247639
2025-11-18,GOOGL,49158700,-0.012642450954008,0,0.03681569565013238
2025-11-19,GOOGL,68198900,0.0196754207564801,1,0.059827247724917494
2025-11-20,GOOGL,62025200,-0.0495501277812065,0,0.058284624357924836
2025-11-21,GOOGL,74137700,0.0109304031023698,1,0.0339720898321656
2025-11-24,GOOGL,85165100,0.023944915541846,1,0.03175523005739642
2025-11-25,GOOGL,88632100,-0.0084914290985269,0,0.03427237965922591
2025-11-26,GOOGL,51373400,-0.0022763517694352,0,0.024042633251751235
2025-11-28,GOOGL,26018600,-0.0098648683847436,0,0.031109867057851442
2025-12-01,GOOGL,41183000,-0.0088448141347964,0,0.018759808706567627
2025-12-02,GOOGL,35854700,-0.0029361391186919,0,0.01411252559992662
2025-12-03,GOOGL,41838300,0.0118395329416707,1,0.023679065883341233
2025-12-04,GOOGL,31240900,-0.0143065999812669,0,0.02377175583703232
2025-12-05,GOOGL,28851700,0.0055713757354058,1,0.012488623607418708
2025-12-08,GOOGL,33909400,-0.0197781184617956,0,0.028808003663063214
2025-12-09,GOOGL,30194000,0.0150782454419514,1,0.0194960989630451
2025-12-10,GOOGL,33428900,0.0138682362949418,1,0.020992322340157098
2025-12-11,GOOGL,42353700,-0.023900256865192,0,0.03911518851193529
2025-12-12,GOOGL,35940200,-0.0140580283407797,0,0.029678027402974497
2025-12-15,GOOGL,29151900,-0.0099576192682251,0,0.021007350607283447
2025-12-16,GOOGL,30585000,0.0053123300617798,1,0.0268240444280679
2025-12-17,GOOGL,43930400,-0.0366546806498685,0,0.0388623773292676
2025-12-18,GOOGL,33518000,0.0024525726878599,1,0.015676721628043892
2025-12-19,GOOGL,59943200,0.0179961968583471,1,0.020813305109319835
2025-12-22,GOOGL,26429900,-0.0003227252547432,0,0.015586733618615881
2025-12-23,GOOGL,25478700,0.0152440046063672,1,0.018150679935927058
2025-12-24,GOOGL,10097400,-0.0021602843330522,0,0.0100389911834768
2025-12-26,GOOGL,10899000,-0.0030844606551012,0,0.008935377322649228
2025-12-29,GOOGL,19621800,0.0070334408444911,1,0.010919465426348172
2025-12-30,GOOGL,17380900,0.0043200195312499,1,0.01436806640624998
2025-12-31,GOOGL,16377700,0.0004794434826853,1,0.010036707909861494
2026-01-02,GOOGL,32009400,-0.0055222468719001,0,0.03840332490416434
2026-01-05,GOOGL,30195600,-0.0035257668711068,0,0.013819757225492306
2026-01-06,GOOGL,31212100,-0.0065107383006705,0,0.02895070745515323
2026-01-07,GOOGL,35104400,0.0242398078312791,1,0.03804552746019101
2026-01-08,GOOGL,31896100,-0.0107304579937325,0,0.026810977570874327
2026-01-09,GOOGL,26214200,0.0045247821789061,1,0.01537802695164296
2026-01-12,GOOGL,33923900,0.0186003615274675,1,0.027747111367807647
2026-01-13,GOOGL,33517600,0.0030451977205523,1,0.02051050863357249
2026-01-14,GOOGL,28525600,0.0023279376379762,1,0.018026556650611616
2026-01-15,GOOGL,28442400,-0.0144232051094913,0,0.02058348092007359
2026-01-16,GOOGL,40341600,-0.013187415489416,0,0.020782816343243825
2026-01-20,GOOGL,35361000,0.003521690715892,1,0.022750704090860097
2026-01-21,GOOGL,35386600,0.0232456411035205,1,0.04091363683608079
2026-01-22,GOOGL,26253600,-0.0116908462233483,0,0.019135875804730626
2026-01-23,GOOGL,27280000,-0.0137146912464323,0,0.01876745290881198
2026-01-26,GOOGL,26042100,0.0166255216363775,1,0.02696682957727831
2026-01-27,GOOGL,21636200,-0.0024450825540675,0,0.013209269583682633
2026-01-28,GOOGL,27434400,-0.0001487466325414,0,0.016663709290598423
2026-01-29,GOOGL,39785600,-0.0060240607302516,0,0.04628269340280419
2026-01-30,GOOGL,31024000,-0.0058823529411764,0,0.022676445456112016
2026-02-02,GOOGL,32006100,0.0222175991719172,1,0.027362981547947886
2026-02-03,GOOGL,36506700,-0.0219669631002992,0,0.03319513704399458
2026-02-04,GOOGL,70618400,-0.0289246068267865,0,0.04312458862088337
2026-02-05,GOOGL,88205800,0.0609506076000712,1,0.08401130896090987
2026-02-06,GOOGL,56380500,-0.0132037637414451,0,0.03197014392455059
2026-02-09,GOOGL,39640100,0.0105630970174303,1,0.032530466705096094
2026-02-10,GOOGL,39170000,-0.0074462243803092,0,0.021995912544229602
2026-02-11,GOOGL,45406400,-0.025112110025929,0,0.03574001897625616
2026-02-12,GOOGL,47761300,-0.0099009784810442,0,0.028965933331475277
2026-02-13,GOOGL,38499700,-0.0065317313679694,0,0.015988084528918214
2026-02-17,GOOGL,39247600,0.0065990548338941,1,0.027296367844823737
2026-02-18,GOOGL,28482100,0.0041047047217944,1,0.013671438752950373
2026-02-19,GOOGL,25834400,0.0034126259171097,1,0.01799083077335
2026-02-20,GOOGL,53210800,0.0350289281202346,1,0.0414038045487156
2026-02-23,GOOGL,31423000,-0.0236953388116079,0,0.03024602496692858
2026-02-24,GOOGL,25615600,0.0012237694713939,1,0.0204173533498722
2026-02-25,GOOGL,29963600,0.0026917783261626,1,0.013458989424758306
2026-02-26,GOOGL,36431200,-0.0168244930884482,0,0.034512564097257926
2026-02-27,GOOGL,44640600,0.025054234070435,1,0.02817783557393805
2026-03-02,GOOGL,34790200,0.0108497770937721,1,0.02371138139664685
2026-03-03,GOOGL,35497000,0.0167118466645756,1,0.024213841973950486
2026-03-04,GOOGL,29536200,0.0007923345860494,1,0.015583218305105265
2026-03-05,GOOGL,35752300,-0.0071277837948885,0,0.017522430731474085
2026-03-06,GOOGL,25576900,0.008206939463798,1,0.0180688512603794
2026-03-09,GOOGL,29312100,0.0407664105080996,1,0.04321239928555925
2026-03-10,GOOGL,23239700,0.0028415425385635,1,0.012868675143250801
2026-03-11,GOOGL,24125700,0.0063570080098817,1,0.01792991035044799
2026-03-12,GOOGL,24928300,-0.0106577780235647,0,0.025780599287160685
2026-03-13,GOOGL,23693100,-0.0154066995728871,0,0.023614865214117178
2026-03-16,GOOGL,23519700,0.0039756577322576,1,0.01140135091544219
2026-03-17,GOOGL,21955200,0.0165436092281105,1,0.019355305405281464
2026-03-18,GOOGL,20009800,-0.0051087613683582,0,0.017913178587389608
2026-03-19,GOOGL,25075800,0.0102628039109397,1,0.018782248188078384
2026-03-20,GOOGL,44364100,-0.0146009021798,0,0.025306132398896803
2026-03-23,GOOGL,29326900,-0.0001654622335986,0,0.01671582720005181
2026-03-24,GOOGL,36864300,-0.0292781063109167,0,0.03205222748732002
2026-03-25,GOOGL,29460700,-0.0085537409512739,0,0.02303711051452451
2026-03-26,GOOGL,39080600,-0.0242783861118575,0,0.0328227990928781
2026-03-27,GOOGL,35890600,-0.0106030094285536,0,0.019546966726836697
2026-03-30,GOOGL,35141200,-0.0105636831122496,0,0.018016101383448013
2026-03-31,GOOGL,43875400,0.0342396371784521,1,0.03952665046979893
2026-04-01,GOOGL,37684500,0.0225210369722918,1,0.03476133089967752
2026-04-02,GOOGL,21666500,0.0174756150180623,1,0.029687895327511163
2026-04-06,GOOGL,16945500,0.0139250183701651,1,0.018386462065041742
2026-04-07,GOOGL,23205400,0.0090178719310166,1,0.02612890488239901
2026-04-08,GOOGL,33547100,-0.009767529298112,0,0.022031509719626786
2026-04-09,GOOGL,23739200,0.0081668403733903,1,0.026843122686922554
2026-04-10,GOOGL,19152600,-0.0086869535489488,0,0.01721760964066368
2026-04-13,GOOGL,18866400,0.0131487126113014,1,0.019423609060931525
2026-04-14,GOOGL,27721400,0.0250007540366329,1,0.029372851054321664
2026-04-15,GOOGL,24918800,0.0127068409463024,1,0.019766339632604584
2026-04-16,GOOGL,20541500,-0.0080590730223708,0,0.01582292507495412
2026-04-17,GOOGL,25581900,0.011935432702932,1,0.018006862726933037
2026-04-20,GOOGL,18784200,-0.0098016088806543,0,0.014056838853292808
2026-04-21,GOOGL,23123800,-0.0159909794706501,0,0.02366072485596126
2026-04-22,GOOGL,20293000,0.0068245753531657,1,0.013797383087255847
2026-04-23,GOOGL,18650300,-0.0067119352731796,0,0.016941200842305954
2026-04-24,GOOGL,26426100,0.0167389446646494,1,0.029167697118024763
2026-04-27,GOOGL,28576900,0.0126018417628607,1,0.030204004155217155
2026-04-28,GOOGL,27824100,0.0035289371091836,1,0.01807493481907388
2026-04-29,GOOGL,35376300,0.0068187561275295,1,0.03331707813051248
2026-04-30,GOOGL,72040000,0.0286844180465128,1,0.05351936434807483
2026-05-01,GOOGL,30105200,0.0106385700983874,1,0.02020287156148473
2026-05-04,GOOGL,26298600,-0.0061717315890286,0,0.019682068930806148
2026-05-05,GOOGL,23878600,0.0056960402528921,1,0.022784398053569025
2026-05-06,GOOGL,31308500,0.0096132112743737,1,0.01798350371056614
2026-05-07,GOOGL,24433500,-0.0048260230259972,0,0.018553743695238014
2026-05-08,GOOGL,21461800,0.0095717576649085,1,0.014206586016215288
2026-05-11,GOOGL,30753700,-0.0127269892689602,0,0.022786742943686853
2026-05-12,GOOGL,26017500,2.5842323849002727e-05,1,0.014844839299745463
2026-05-13,GOOGL,28144600,0.0441389749592037,1,0.0484958815120225
2026-05-14,GOOGL,21136700,0.0095398926615164,1,0.017846346052345235
2026-05-15,GOOGL,20309700,0.0011606566576937,1,0.016047678016764107
2026-05-18,GOOGL,26837200,0.0031590386218693,1,0.035583377101751745
2026-05-19,GOOGL,39545700,-0.0234280229573744,0,0.027811388509089104
2026-05-20,GOOGL,31744400,0.0031209476837262,1,0.028269257441306324
2026-05-21,GOOGL,24852800,0.005081647376319,1,0.024578715805794703
2026-05-22,GOOGL,20442100,-0.0113076153705855,0,0.01799406508551969
2026-05-26,GOOGL,27747400,0.0113651010538091,1,0.017320754968561
2026-05-27,GOOGL,23087300,0.0055860890928252,1,0.020637780818810663
2026-05-28,GOOGL,24357500,0.0054897033062177,1,0.017293792409995144
2026-05-29,GOOGL,44415800,-0.0127193282647091,0,0.01759941582173748
2026-06-01,GOOGL,28672100,-0.0003983690132289,0,0.013385766206263429
2026-06-02,GOOGL,50412300,-0.012929949757838,0,0.041190447787336174
2026-06-03,GOOGL,55441600,-0.0083971177945813,0,0.0231197018561664
2026-06-04,GOOGL,44055500,0.0370298377568517,1,0.041905847870423306
2026-06-05,GOOGL,37471200,0.0059780598987241,1,0.021728425873915158
2026-06-08,GOOGL,27942500,-0.0051207490954953,0,0.01552662670862271
2026-06-09,GOOGL,29535100,-0.0077092446007728,0,0.04026260297677117
2026-06-10,GOOGL,32357100,-0.0187505094105458,0,0.036785113196274935
2026-06-11,GOOGL,35538200,0.0051695456290661,1,0.03495070013034255
2026-06-12,GOOGL,24704600,-0.0081076677541075,0,0.032072155533105946
2026-06-15,GOOGL,27727500,0.0038594663550184,1,0.01750333642161405
2026-06-16,GOOGL,24876100,0.0098755244486173,1,0.024188317894406043
2026-06-17,GOOGL,24543600,-0.0144664380225224,0,0.027930532392962365
2026-06-18,GOOGL,44470100,0.006233762896232,1,0.02955570077537594
2026-06-22,GOOGL,52814800,-0.0231038392211781,0,0.048051436291286116
2026-06-23,GOOGL,34007700,0.0159676022261376,1,0.026681136143564918
2026-06-24,GOOGL,44997300,-0.0107437540344816,0,0.03309081488593985
2026-06-25,GOOGL,44491400,0.0207287151160203,1,0.02889558598542374
2026-06-26,GOOGL,114706300,-0.0150634165184961,0,0.04717551808613129
2026-06-29,GOOGL,34213900,0.0345786144824363,1,0.04001987307479588
2026-06-30,GOOGL,35237200,0.0098906379413178,1,0.02322887312890428
2026-07-01,GOOGL,26736400,0.007924760377782,1,0.018249319513435502
2026-07-02,GOOGL,25974800,0.0011961518377654,1,0.03001551601642217
2026-07-06,GOOGL,26915800,0.0135804282336774,1,0.029179887011944676
2026-07-07,GOOGL,24045600,-0.005527429767897,0,0.02075487986044949
2026-07-08,GOOGL,22094800,-0.0077859311927188,0,0.026921830960933885
2026-07-09,GOOGL,24729100,0.0129265815850605,1,0.024187878928822754
2026-07-10,GOOGL,18146100,-0.0009789559049887,0,0.014180648733054883
2026-07-13,GOOGL,15901700,-0.0103315439809027,0,0.017911802237801495
2026-07-14,GOOGL,18259400,0.0236617234332413,1,0.025825760276090227
2026-07-15,GOOGL,28284600,0.0361762498613593,1,0.04438915014295444
2026-07-16,GOOGL,41158500,-0.0498579483869595,0,0.06157186879061028
2026-07-17,GOOGL,29959300,0.0022254017736181,1,0.02069365220262825
2026-07-20,GOOGL,24736600,0.0031634329004675,1,0.026105801227313163
2026-07-21,GOOGL,23369800,-0.011869558638276,0,0.012296502431277685
2026-07-22,GOOGL,39334100,-0.0174345337211959,0,0.023581087341227033
2026-07-23,GOOGL,69419700,-0.010712180080032,0,0.02986328338079224
2026-07-24,GOOGL,31806600,0.0041453952357809,1,0.021543825960296865
2026-07-27,GOOGL,28471600,0.0046763136035969,1,0.018366973491751083
2026-07-28,GOOGL,29511900,0.0177188095966477,1,0.03488869366986867
2026-07-29,GOOGL,27501600,0.0060954909179045,1,0.03250964964377315
2026-07-30,GOOGL,30168000,-0.0016158244320689,0,0.01846203830750358
2026-07-31,GOOGL,46498000,0.04489047006814,1,0.054513943327360787
2026-08-03,GOOGL,38669700,0.0220549932668429,1,0.03650293033875569
2026-08-04,GOOGL,35705700,0.0256096698835463,1,0.03535926611946311
2026-08-05,GOOGL,46926300,-0.0545468875198675,0,0.0722857573886748
2026-08-06,GOOGL,25235900,-0.0083709540860878,0,0.020095906590847975
2026-08-07,GOOGL,19859900,-0.0067840699132457,0,0.0143529802076328
2026-08-10,GOOGL,18991400,0.0065881986208233,1,0.013795804937011848
2026-08-11,GOOGL,29081800,-0.0339712449291721,0,0.03770823107642678
2026-08-12,GOOGL,25012000,-0.0079985822910099,0,0.01617050083160864
2026-08-13,GOOGL,17866100,0.0017063260451655,1,0.012059990868644668
2026-08-14,GOOGL,17808600,-0.0025951382011629,0,0.017156898548056652
2026-08-17,GOOGL,18291300,-0.0065555464975113,0,0.015363755141970154
2026-08-18,GOOGL,19248800,0.0052276759609168,1,0.013667803585550241
2026-08-19,GOOGL,19733800,0.0065993395491906,1,0.017724719604260628
2026-08-20,GOOGL,18570400,-0.0069666651543981,0,0.015536601790347992
2026-08-21,GOOGL,20849800,0.0065386795485807,1,0.016930406147130223
2026-08-24,GOOGL,26338200,0.012921257506834,1,0.026511891038336587
2026-08-25,GOOGL,20649700,-0.0076650928986321,0,0.013041978513754555
2026-08-26,GOOGL,20420300,-0.0133287034281606,0,0.019329560618007818
2026-08-27,GOOGL,23391400,0.0028850956222501,1,0.009332626674178888
2023-01-03,JPM,11054800,-0.0008873881329635,0,0.02107369112506945
2023-01-04,JPM,11687600,0.0028678533266773,1,0.015515738409677366
2023-01-05,JPM,8381300,-0.0022851065179524,0,0.014816524483010896
2023-01-06,JPM,10029100,0.0132960955973805,1,0.028575620731058744
2023-01-09,JPM,8482300,-0.0088745377500884,0,0.014430013794561384
2023-01-10,JPM,9048700,0.0058786040848463,1,0.010232990280951424
2023-01-11,JPM,8703700,0.0052556588798136,1,0.011879006256213628
2023-01-12,JPM,11001700,-0.0036428179059708,0,0.011714281354631779
2023-01-13,JPM,20200000,0.0546459297182007,1,0.06408556084261836
2023-01-17,JPM,14292900,-0.0026209189061878,0,0.016363232900444308
2023-01-18,JPM,13392600,-0.016916145088547,0,0.03109697755809061
2023-01-19,JPM,13303400,-0.0042122915560671,0,0.01707062838874301
2023-01-20,JPM,13092500,-0.0005919046233136,0,0.014353376656130559
2023-01-23,JPM,10487100,0.0159118504512138,1,0.023238599046167492
2023-01-24,JPM,6945000,0.0148805073049692,1,0.038777256686234204
2023-01-25,JPM,8967000,0.0077507572747283,1,0.013545781063738183
2023-01-26,JPM,7487600,0.0040166229088252,1,0.012193350814580867
2023-01-27,JPM,7489900,-0.0020623944589576,0,0.010738884149643907
2023-01-30,JPM,6729300,-0.0007181702779208,0,0.008475132600667519
2023-01-31,JPM,9188700,0.0005719318577499,1,0.013011204322901832
2023-02-01,JPM,8841800,0.0099847301713862,1,0.019969681148623186
2023-02-02,JPM,11822100,-0.0075714111328124,0,0.017571476527622604
2023-02-03,JPM,11501200,0.0210595152435509,1,0.030395116303826054
2023-02-06,JPM,8406200,0.0120516472430751,1,0.01575987150538832
2023-02-07,JPM,10447900,0.0160559409766141,1,0.02235113561304958
2023-02-08,JPM,6958000,-7.006314240144094e-05,0,0.012337851960323963
2023-02-09,JPM,6443100,-0.018865267190873,0,0.024245397841593515
2023-02-10,JPM,6582900,0.0090141258966912,1,0.019244544748162416
2023-02-13,JPM,7134600,0.0089879989032677,1,0.014083440844980562
2023-02-14,JPM,9249400,0.0049122592859101,1,0.015508711965460633
2023-02-15,JPM,6728300,0.0154650267069213,1,0.01828964286934182
2023-02-16,JPM,8165300,-0.0076271521234283,0,0.011965619411152319
2023-02-17,JPM,7948800,0.008937507474891,1,0.019577206628449348
2023-02-21,JPM,9996300,-0.007534277775247,0,0.01840924225564138
2023-02-22,JPM,11107500,-0.0025914239497306,0,0.01432472113881643
2023-02-23,JPM,8068000,0.0067757692666003,1,0.016074358799222258
2023-02-24,JPM,9126900,0.0130831144953229,1,0.017468247601959256
2023-02-27,JPM,10014700,0.0003518615969534,1,0.011188490120763634
2023-02-28,JPM,11019800,0.0028683619358231,1,0.013012456825121296
2023-03-01,JPM,7139200,0.0031667623428136,1,0.011681939414556537
2023-03-02,JPM,11106800,-0.0082255211175559,0,0.020317767702753155
2023-03-03,JPM,9513100,0.0151933378470281,1,0.018797284752780467
2023-03-06,JPM,9261300,-0.0043223306374438,0,0.009620674850358682
2023-03-07,JPM,11747600,-0.0238715549664023,0,0.031687910527898606
2023-03-08,JPM,10002500,-0.0014492532481317,0,0.012318818465522886
2023-03-09,JPM,25888100,-0.04694353924257,0,0.05944724487690816
2023-03-10,JPM,37599700,0.0363677647212224,1,0.057692264459317105
2023-03-13,JPM,42901100,0.0003048036284307,1,0.03406753290128966
2023-03-14,JPM,29648100,-0.004878797073218,0,0.03134244183488953
2023-03-15,JPM,34280600,-0.0207665392382604,0,0.03252406684370352
2023-03-16,JPM,24558500,0.0214046215978686,1,0.04632451026985313
2023-03-17,JPM,38396000,-0.0200187507903952,0,0.023601796728880926
2023-03-20,JPM,22875500,0.001181207405325,1,0.027246233110299032
2023-03-21,JPM,17807800,-0.0003062507638741,0,0.011792582351776833
2023-03-22,JPM,17250200,-0.0258884598393245,0,0.027420357674624092
2023-03-23,JPM,16677600,-0.0082877652489613,0,0.027443331464857584
2023-03-24,JPM,22311100,-0.0057310642923619,0,0.020456895255995894
2023-03-27,JPM,18853900,0.013408033483408,1,0.02437103829144891
2023-03-28,JPM,10820500,0.0013207843996405,1,0.012431034035123863
2023-03-29,JPM,14595300,-0.0073789905367363,0,0.01883170224978579
2023-03-30,JPM,12134700,-0.0092342976254177,0,0.01900726163381413
2023-03-31,JPM,13105200,0.0050130639991206,1,0.011491517756376721
2023-04-03,JPM,11775400,0.0019244091521253,1,0.01562619291872871
2023-04-04,JPM,11579900,-0.015938711349078,0,0.0243677599676725
2023-04-05,JPM,9614700,0.006387993210561,1,0.013328034474272728
2023-04-06,JPM,8760200,0.0037007970134104,1,0.00960630882443409
2023-04-10,JPM,9477300,0.0106685511644834,1,0.01588426183257045
2023-04-11,JPM,10516300,0.0017147405726435,1,0.010911936808872303
2023-04-12,JPM,11821000,-0.0052639163518758,0,0.018346456506897087
2023-04-13,JPM,12450200,0.0041257881955229,1,0.017203731430597502
2023-04-14,JPM,43931300,0.0264891009451078,1,0.031224575740161322
2023-04-17,JPM,16050500,-0.0008574142179644,0,0.017148938541041797
2023-04-18,JPM,13760100,0.0080558179910549,1,0.019605046811422222
2023-04-19,JPM,9158100,-7.076759285063956e-05,0,0.00778875689862488
2023-04-20,JPM,10586200,0.0064326629470893,1,0.011364422101871585
2023-04-21,JPM,11842500,0.0057248301239538,1,0.016673835261647094
2023-04-24,JPM,7567500,0.0019221771377377,1,0.007546723385412979
2023-04-25,JPM,10629300,-0.0138252711331487,0,0.016690556799309628
2023-04-26,JPM,14416100,-0.0173666580035356,0,0.027684912758130946
2023-04-27,JPM,9041100,0.0077206106746897,1,0.016544117647058872
2023-04-28,JPM,9887300,0.012302343033138,1,0.019405456961409207
2023-05-01,JPM,20415800,-0.0074511289155351,0,0.017854585858364972
2023-05-02,JPM,14113400,-0.0175388672884569,0,0.028147179336102172
2023-05-03,JPM,12930900,-0.0177694789835645,0,0.021019962516549452
2023-05-04,JPM,17089200,-0.0062241520071989,0,0.02897157281859863
2023-05-05,JPM,11261400,0.0021987910172213,1,0.014438589749726376
2023-05-08,JPM,7484900,-0.0030547541796862,0,0.010837191313067042
2023-05-09,JPM,7343600,0.0035313103229031,1,0.012800635092545
2023-05-10,JPM,8133400,-0.0106560438798318,0,0.023124338615267515
2023-05-11,JPM,7057300,0.0077778003833912,1,0.014148175274884236
2023-05-12,JPM,9988600,-0.0198801423410071,0,0.028212252621830563
2023-05-15,JPM,7639500,0.0071497089784111,1,0.012735468836421838
2023-05-16,JPM,6477200,-0.0084157635696597,0,0.014616828801148795
2023-05-17,JPM,12711500,0.0187638202081168,1,0.023031565596739592
2023-05-18,JPM,10999600,0.0088956077929625,1,0.01424749518934887
2023-05-19,JPM,13492200,-0.0043636929655111,0,0.01688247173401683
2023-05-22,JPM,11402500,-0.0210638384447029,0,0.028226920053468562
2023-05-23,JPM,9514900,-0.0069070597252818,0,0.018685416539778326
2023-05-24,JPM,8578000,-0.000443113451243,0,0.00937964792990948
2023-05-25,JPM,8472500,0.0063046343164962,1,0.012535249589047271
2023-05-26,JPM,8579900,0.0060980223887499,1,0.014473596443091276
2023-05-30,JPM,7399900,0.0048245880656863,1,0.012426877999403322
2023-05-31,JPM,14219900,-0.0074598774632042,0,0.017845407135596136
2023-06-01,JPM,12248100,0.0077644119939978,1,0.020363307151299713
2023-06-02,JPM,12922500,0.006520519332392,1,0.015333902458331397
2023-06-05,JPM,8511900,-0.0072800247521059,0,0.01413172306697398
2023-06-06,JPM,9329500,0.0047591844315452,1,0.01362849357850086
2023-06-07,JPM,9281400,0.0081691104601813,1,0.017484789595463318
2023-06-08,JPM,7368100,0.0004265128270043,1,0.010023485323543874
2023-06-09,JPM,7249100,0.0047024465594504,1,0.01132879421977309
2023-06-12,JPM,7596600,-0.0004962594498053,0,0.011058430115463714
2023-06-13,JPM,7701600,0.0109624757386006,1,0.01943334147613381
2023-06-14,JPM,9068700,-0.0105594021457058,0,0.02034967595880684
2023-06-15,JPM,9343100,0.0177822040338599,1,0.02397037630677598
2023-06-16,JPM,13813500,0.0014679584103339,1,0.010276135542417658
2023-06-20,JPM,8428600,-0.0005609833161228,0,0.01374382375344395
2023-06-21,JPM,9926500,-0.0040586885726934,0,0.016305121977419717
2023-06-22,JPM,10075200,-0.0191834430073336,0,0.025648297504682255
2023-06-23,JPM,9919500,0.0022377135297136,1,0.011260268761323019
2023-06-26,JPM,8429700,0.0023043662091922,1,0.016706215503730196
2023-06-27,JPM,8154000,0.001438826965771,1,0.009352539940703796
2023-06-28,JPM,7558600,-0.0040960571228697,0,0.008982465989545687
2023-06-29,JPM,15423200,0.0239879001632746,1,0.02648669423205393
2023-06-30,JPM,14212800,0.0058091030597141,1,0.016182546605257236
2023-07-03,JPM,8021600,0.0028729609544512,1,0.010123782083745533
2023-07-05,JPM,8934900,-0.0020698430157614,0,0.007382310248423333
2023-07-06,JPM,9709500,0.0013285025571967,1,0.013634434974056777
2023-07-07,JPM,8981500,0.002987927627261,1,0.01973453037051365
2023-07-10,JPM,9100100,0.0044982276573314,1,0.010311456700097343
2023-07-11,JPM,11260900,0.0073800864977543,1,0.014418482049703566
2023-07-12,JPM,11323200,0.0047473513918613,1,0.019464192448880924
2023-07-13,JPM,11234900,0.0011432291354013,1,0.010894385678779607
2023-07-14,JPM,27028400,-0.0117452902900236,0,0.029561172136757147
2023-07-17,JPM,17262400,0.0201529674512333,1,0.022613859384504997
2023-07-18,JPM,13491700,0.0018255233432206,1,0.01030112480093347
2023-07-19,JPM,12510000,0.0098199672667757,1,0.01957450404690053
2023-07-20,JPM,9935900,0.0104833697662886,1,0.014107245796945776
2023-07-21,JPM,10636400,-0.0054557515203208,0,0.009306783824391032
2023-07-24,JPM,14381400,0.019552163356969,1,0.02619860312714088
2023-07-25,JPM,9944700,-0.003051466740157,0,0.011188776050161966
2023-07-26,JPM,8728600,0.0067001962094602,1,0.012570998253481631
2023-07-27,JPM,10778400,-0.0110920957888663,0,0.02047281257571001
2023-07-28,JPM,9103800,-0.0023524613432041,0,0.007375404826504003
2023-07-31,JPM,8892700,0.004962552961145,1,0.014187626226246234
2023-08-01,JPM,6853900,-0.001588007442234,0,0.011751293842245217
2023-08-02,JPM,8299400,-0.0010285655992576,0,0.011249678757167857
2023-08-03,JPM,6084000,0.008709716796875,1,0.016580593970513938
2023-08-04,JPM,6209400,-0.0024296012714357,0,0.013427149523455454
2023-08-07,JPM,7251800,0.0010216372738488,1,0.007024206908391894
2023-08-08,JPM,8623400,0.0101088483965418,1,0.02196733559327939
2023-08-09,JPM,6277800,-0.0098507208726314,0,0.01319857684192986
2023-08-10,JPM,5995100,-0.0053116161308661,0,0.01522221809294195
2023-08-11,JPM,5180700,0.0092792144041852,1,0.012350515616053956
2023-08-14,JPM,5044300,0.0075516155035494,1,0.013019985626282411
2023-08-15,JPM,10300300,-0.0132155982453341,0,0.019888834959306854
2023-08-16,JPM,6978200,-0.002722467765556,0,0.008499428859292984
2023-08-17,JPM,9953900,-0.0149125127729652,0,0.018955464725580393
2023-08-18,JPM,8517500,0.0089401109297991,1,0.01395189735014809
2023-08-21,JPM,8327000,-0.0011359717733293,0,0.013899110697548343
2023-08-22,JPM,9673300,-0.019295120796025,0,0.025391889492259335
2023-08-23,JPM,7858000,0.0069695180808562,1,0.014554079502510201
2023-08-24,JPM,6534000,-0.0018305374404132,0,0.016406767247087027
2023-08-25,JPM,6695500,-0.0015616222803188,0,0.018807638760391182
2023-08-28,JPM,5094100,-6.78306236239912e-05,0,0.010029109263967571
2023-08-29,JPM,6337000,0.0071084404931529,1,0.011306027701761692
2023-08-30,JPM,6277300,-0.0030950845794026,0,0.013187939170181434
2023-08-31,JPM,10933900,-0.0130176227390339,0,0.01612032563199803
2023-09-01,JPM,7903500,0.0049969950347571,1,0.01629136109571657
2023-09-05,JPM,7854700,-0.0133188819318563,0,0.021745121822494103
2023-09-06,JPM,8629200,0.0017968885356507,1,0.009882465141258678
2023-09-07,JPM,8373700,-0.002844679443692,0,0.013043813356844618
2023-09-08,JPM,7107900,0.0032085284894597,1,0.010253199907704152
2023-09-11,JPM,6854200,-0.0020034078489314,0,0.009395513715727393
2023-09-12,JPM,8363200,0.0127335386705233,1,0.02262978735267083
2023-09-13,JPM,8325900,-0.0063118820340441,0,0.012759533532986561
2023-09-14,JPM,10034900,0.0095373626693468,1,0.016098415063430516
2023-09-15,JPM,19863400,-0.0007386557326353,0,0.00953530879938872
2023-09-18,JPM,6512400,0.0064794238077061,1,0.009381745108608603
2023-09-19,JPM,7943400,-0.00381275802153,0,0.016789260915290496
2023-09-20,JPM,7332000,-0.0090209883046195,0,0.014099570306772526
2023-09-21,JPM,8052400,-0.0029814503045604,0,0.015042696796036937
2023-09-22,JPM,7071700,-0.0105913343044508,0,0.015751185899796696
2023-09-25,JPM,7044700,0.0075678761509178,1,0.019401494363959007
2023-09-26,JPM,7468400,0.0022820647187899,1,0.011134166959847838
2023-09-27,JPM,6717800,0.004063615455401,1,0.01088230459733155
2023-09-28,JPM,8868100,0.0089554113311843,1,0.019551549317871317
2023-09-29,JPM,11917800,-0.0240915321938872,0,0.02624491074224863
2023-10-02,JPM,9170600,-0.0073189086873744,0,0.02064482632447144
2023-10-03,JPM,9431100,-0.0034217195867127,0,0.00865914986592629
2023-10-04,JPM,8128700,0.001117422022357,1,0.010755000479534498
2023-10-05,JPM,8576200,0.0060546370811151,1,0.015981444520967475
2023-10-06,JPM,10270600,0.0153243466887327,1,0.026170354750020212
2023-10-09,JPM,6964900,0.0077265806909089,1,0.013225628901925886
2023-10-10,JPM,11288800,0.0015815962758564,1,0.010246221372063276
2023-10-11,JPM,8698200,-0.0024571744170993,0,0.015084236829829406
2023-10-12,JPM,10484400,-0.0033493197740448,0,0.012508556342321371
2023-10-13,JPM,29427000,-0.0033670033670034,0,0.03548824425899625
2023-10-16,JPM,12663500,-0.0107058606717848,0,0.018735383800158382
2023-10-17,JPM,11482700,-0.0002711156938141,0,0.017076669698364782
2023-10-18,JPM,9620300,-0.0046387386095152,0,0.014393892237284692
2023-10-19,JPM,11143600,-0.0013060382663338,0,0.014709921999559993
2023-10-20,JPM,13332900,-0.0112057155281416,0,0.020889562976144527
2023-10-23,JPM,10133400,-0.0135721450137899,0,0.020638008240215673
2023-10-24,JPM,8881400,-0.0001416833494937,0,0.009703202022083978
2023-10-25,JPM,8242600,-0.0012094573442131,0,0.011880188389643649
2023-10-26,JPM,9109400,0.0071551233493436,1,0.016027515606796244
2023-10-27,JPM,17434700,-0.0234616378440818,0,0.028139645541452176
2023-10-30,JPM,9855500,0.0071826129434432,1,0.014658457667932827
2023-10-31,JPM,9672500,0.0098031426832441,1,0.012853127486506091
2023-11-01,JPM,9432000,-0.0022261943166516,0,0.014793519271768332
2023-11-02,JPM,10186200,0.009493910099382,1,0.016061103996127597
2023-11-03,JPM,9538700,0.0056965858688098,1,0.013503046177501251
2023-11-06,JPM,7625100,0.0063561058444349,1,0.009778648971004153
2023-11-07,JPM,6297900,0.0034840778979764,1,0.010034055032652027
2023-11-08,JPM,7618200,0.0042328818802858,1,0.00846576376057198
2023-11-09,JPM,7992500,-0.0079071035201386,0,0.013407569551078483
2023-11-10,JPM,7983300,0.0102800483598539,1,0.016558533572914785
2023-11-13,JPM,6676300,0.0005490860173668,1,0.0074811006226571785
2023-11-14,JPM,9927700,0.0119989763669767,1,0.018611916170280938
2023-11-15,JPM,8365300,0.0086218423912904,1,0.011450874790263674
2023-11-16,JPM,8126200,0.0090612342163688,1,0.009594259954304109
2023-11-17,JPM,7812400,0.0040736556400024,1,0.008672847244981567
2023-11-20,JPM,7019000,0.0079562824862555,1,0.012033152347589069
2023-11-21,JPM,7083500,-0.0015012776248079,0,0.006919044253975126
2023-11-22,JPM,5174500,-0.0005214903144835,0,0.006388181754343831
2023-11-24,JPM,3496900,-0.0003255619047467,0,0.007552599060927347
2023-11-27,JPM,6259100,-0.0015641676714546,0,0.005344405296052183
2023-11-28,JPM,6582700,0.0020884483936842,1,0.007505507683868844
2023-11-29,JPM,9126100,0.000973011332004,1,0.01057277617027846
2023-11-30,JPM,9869800,0.0075527605789572,1,0.01129688179349024
2023-12-01,JPM,8916000,0.0065459438180461,1,0.013091985561829438
2023-12-04,JPM,9607500,0.0126265938133349,1,0.013908461155761838
2023-12-05,JPM,9135600,0.0045148590783927,1,0.009729103603843391
2023-12-06,JPM,9366000,-0.0159279705214482,0,0.020271979948006377
2023-12-07,JPM,8130900,0.0006381443817001,1,0.007403175978270363
2023-12-08,JPM,7369400,0.0080122714589706,1,0.011446032777774161
2023-12-11,JPM,8093900,0.0036588557621901,1,0.007254662656309479
2023-12-12,JPM,10223000,0.0081015422943879,1,0.011115927031113769
2023-12-13,JPM,12379100,0.0033640248676809,1,0.01407920786620401
2023-12-14,JPM,13643000,0.0133473622793648,1,0.01934121972816294
2023-12-15,JPM,20309300,0.0131836759403013,1,0.01772135980622794
2023-12-18,JPM,8469600,0.0018683556052002,1,0.009040501546249035
2023-12-19,JPM,10345700,0.014759017760495,1,0.017590350415333068
2023-12-20,JPM,10734700,-0.008571953058629,0,0.01762013582401855
2023-12-21,JPM,7601700,0.0039559079153461,1,0.014444999490580958
2023-12-22,JPM,6576300,-0.0005970513642722,0,0.00597014925373131
2023-12-26,JPM,4683600,0.0055535210706774,1,0.009494873599261745
2023-12-27,JPM,6428600,0.0092945519103397,1,0.011260721108713297
2023-12-28,JPM,6320100,0.0056096658636168,1,0.009802206095550332
2023-12-29,JPM,6435100,0.0005882711971507,1,0.006235279756433751
2024-01-02,JPM,9977400,0.0176829236378311,1,0.019279641477556876
2024-01-03,JPM,9852300,-0.0030838983906355,0,0.009717200995079717
2024-01-04,JPM,11972500,0.0045124488702245,1,0.016467491956363097
2024-01-05,JPM,10066000,0.0046655569257744,1,0.011138996025613626
2024-01-08,JPM,11229900,0.0,0,0.016684077699717526
2024-01-09,JPM,9923600,-0.0055937040111358,0,0.009847262735692603
2024-01-10,JPM,9670200,0.0060000251321231,1,0.012529440487132407
2024-01-11,JPM,11919500,-0.0001761215227757,0,0.01009805202966622
2024-01-12,JPM,19436500,-0.0273302641921441,0,0.04263523321056947
2024-01-16,JPM,17206400,0.0189240642225947,1,0.022987768535074813
2024-01-17,JPM,11107500,-0.0014939644165833,0,0.015417723721262596
2024-01-18,JPM,9382300,0.0017951355943222,1,0.013702688804694085
2024-01-19,JPM,13115700,0.0164726616327386,1,0.020829635509382646
2024-01-22,JPM,12837500,-0.0020533033540421,0,0.013316842216733312
2024-01-23,JPM,8360800,-0.0040077366836779,0,0.007720855618147378
2024-01-24,JPM,9967100,0.0067312198012519,1,0.012694815120076081
2024-01-25,JPM,8873500,0.0036562294221973,1,0.012071277700223808
2024-01-26,JPM,7443000,-0.0019118349451816,0,0.007415553993226283
2024-01-29,JPM,6971200,0.002844810838063,1,0.008940973275769681
2024-01-30,JPM,10822100,0.019903965775392,1,0.022739065174708056
2024-01-31,JPM,11521800,-0.010442658171164,0,0.022474499332882612
2024-02-01,JPM,9354800,0.0005182926641728,1,0.01963835334079513
2024-02-02,JPM,8607600,0.0082515444350809,1,0.014772145252751327
2024-02-05,JPM,7820200,0.0036811192189213,1,0.012481296222980115
2024-02-06,JPM,6764800,0.0028062853871555,1,0.012084076530416371
2024-02-07,JPM,7225500,-0.0014799348967605,0,0.010871355095787566
2024-02-08,JPM,6060300,-0.001142839704241,0,0.009942801339285821
2024-02-09,JPM,6296700,5.71114676340384e-05,1,0.00817147391183025
2024-02-12,JPM,8539300,0.0057786618256663,1,0.017793801533771168
2024-02-13,JPM,8397600,-0.0060461600108339,0,0.020590922082701045
2024-02-14,JPM,7056700,0.0054834718393554,1,0.009596206456192528
2024-02-15,JPM,8723400,0.0211183726914529,1,0.02304861174033698
2024-02-16,JPM,8152600,-0.0032292290467331,0,0.010133021876537964
2024-02-20,JPM,9668000,0.0030135235156849,1,0.011440387431370037
2024-02-21,JPM,7024000,0.0052792273651187,1,0.013726042026071965
2024-02-22,JPM,9296500,0.0068749309737459,1,0.011989839335414504
2024-02-23,JPM,7105800,0.0009793152546718,1,0.010935175091307073
2024-02-26,JPM,7145400,-0.0021224456579506,0,0.010775569993622456
2024-02-27,JPM,5717100,0.0007637302466478,1,0.007091745187292465
2024-02-28,JPM,6131600,0.0051791541458021,1,0.012211690147828105
2024-02-29,JPM,9643000,0.0021544430065419,1,0.013896297109640425
2024-03-01,JPM,6311800,-0.0022078819000932,0,0.007215920085685853
2024-03-04,JPM,7063600,0.0106652909442298,1,0.017974077985783758
2024-03-05,JPM,6617800,0.011751461870754,1,0.015775930627695736
2024-03-06,JPM,7572900,0.0014795179883586,1,0.012893011579425401
2024-03-07,JPM,7618300,-0.0107419751755231,0,0.020378047720292967
2024-03-08,JPM,6172200,-0.0011674868279176,0,0.013479136658956946
2024-03-11,JPM,5762600,0.0053929651506789,1,0.011853915181403506
2024-03-12,JPM,5708400,0.0047102376502935,1,0.011907912338396737
2024-03-13,JPM,7795500,0.0053582909707422,1,0.009928553181280319
2024-03-14,JPM,10310900,-0.0160184137473039,0,0.02371354660652285
2024-03-15,JPM,17214200,0.0204848102302622,1,0.0239168104678828
2024-03-18,JPM,9013800,0.0106488943361502,1,0.014740583783340805
2024-03-19,JPM,8478700,0.0056042059812139,1,0.008043110056397743
2024-03-20,JPM,9367000,0.011020131637797,1,0.015191291576054722
2024-03-21,JPM,11203800,0.0129248586958673,1,0.01577442895039124
2024-03-22,JPM,8108800,-0.0120094440260202,0,0.019798012914727575
2024-03-25,JPM,8620000,-0.0090539100917405,0,0.013123101479947457
2024-03-26,JPM,5961500,0.0058584686320097,1,0.01336145820672571
2024-03-27,JPM,8725800,0.0153689784858062,1,0.01638677466006712
2024-03-28,JPM,8628300,0.0040603415524068,1,0.010927905531813598
2024-04-01,JPM,7309000,-0.0052502776284672,0,0.011850567788841134
2024-04-02,JPM,7014700,0.002369077182061,1,0.008568964935088857
2024-04-03,JPM,9353400,-0.0037177967209395,0,0.00934485868715681
2024-04-04,JPM,9243800,-0.0175746929815085,0,0.02073808561686516
2024-04-05,JPM,6532300,0.0065762299248058,1,0.015344588349522556
2024-04-08,JPM,8001000,0.0043517894524873,1,0.0068818978036361425
2024-04-09,JPM,7351500,-0.0046448901586013,0,0.02004342441510942
2024-04-10,JPM,7681400,-0.0004091118885511,0,0.01477890362227486
2024-04-11,JPM,10137700,-0.0029082006337691,0,0.016989805260483045
2024-04-12,JPM,31532300,-0.0293649841918562,0,0.033931601216684135
2024-04-15,JPM,14766600,-0.0087262905710112,0,0.02850953802506777
2024-04-16,JPM,16451800,-0.0114816343072985,0,0.01919086868647758
2024-04-17,JPM,9017100,-0.0071124955663107,0,0.017753770234280437
2024-04-18,JPM,9557700,0.0008282379427344,1,0.01871893581113827
2024-04-19,JPM,13402300,0.0186404016943279,1,0.024506586459865396
2024-04-22,JPM,11529700,0.0183880749929384,1,0.02231307614766426
2024-04-23,JPM,9144400,0.0052843325539346,1,0.008946745206889827
2024-04-24,JPM,6964900,0.0133837352023061,1,0.016060450208359816
2024-04-25,JPM,9802300,0.0058257223260728,1,0.014356357688556807
2024-04-26,JPM,6413700,-0.000413296626686,0,0.009350609547490885
2024-04-29,JPM,5387800,-0.0010336828233334,0,0.0094583516201421
2024-04-30,JPM,8153700,-0.0055494636117326,0,0.017374649374691124
2024-05-01,JPM,7445300,-0.0021324369532356,0,0.01908781061102826
2024-05-02,JPM,6501700,-0.0073030693977319,0,0.020614262063270578
2024-05-03,JPM,8922800,-0.0077604452768961,0,0.021197875340779705
2024-05-06,JPM,7911100,0.0014082526390112,1,0.012413235680688948
2024-05-07,JPM,7688800,0.0002608401280845,1,0.006677093373363187
2024-05-08,JPM,9227600,0.0243455177826407,1,0.029581119876881355
2024-05-09,JPM,7977300,0.0119383196849638,1,0.012758058399014418
2024-05-10,JPM,7529800,0.0011585121089262,1,0.005389302415698343
2024-05-13,JPM,7049200,-0.0003521495127972,0,0.00910469210059102
2024-05-14,JPM,8596200,0.0126130377227936,1,0.017185920446961298
2024-05-15,JPM,8370000,0.0004950552261524,1,0.014454721292745498
2024-05-16,JPM,8497900,0.001236277314266,1,0.012313273758006877
2024-05-17,JPM,9260500,0.0048083790750124,1,0.010990655610601828
2024-05-20,JPM,17373300,-0.043103858236226,0,0.05127457809884831
2024-05-21,JPM,14420800,0.0127918998602078,1,0.01675120707090738
2024-05-22,JPM,9425300,-0.0034673489517902,0,0.016331658291457173
2024-05-23,JPM,8069400,-0.0044992639433444,0,0.011273422754471792
2024-05-24,JPM,7356200,0.0149684283887087,1,0.016182032608051466
2024-05-28,JPM,6910200,-0.0018012639310125,0,0.008756129263763074
2024-05-29,JPM,6120000,0.0005555586381391,1,0.010606091431896817
2024-05-30,JPM,6829100,0.0038779425963364,1,0.0073026401332593055
2024-05-31,JPM,14417900,0.0167084886104587,1,0.024836913559688548
2024-06-03,JPM,6444300,-0.0024219773628987,0,0.015965576424880244
2024-06-04,JPM,6848300,-0.0049960031060355,0,0.01848519624574012
2024-06-05,JPM,8351600,-0.0125150183657741,0,0.014517467135664458
2024-06-06,JPM,7640300,-0.0017742616570662,0,0.013636837251929598
2024-06-07,JPM,6964500,0.012764039740402,1,0.019804506950118435
2024-06-10,JPM,6070800,0.0018570322575111,1,0.012045742974880182
2024-06-11,JPM,9235300,-0.0179374614019952,0,0.021929140809376385
2024-06-12,JPM,12751300,-0.0228061286770566,0,0.027602059500557916
2024-06-13,JPM,8587800,0.0069675347694409,1,0.01923875211799791
2024-06-14,JPM,6874000,0.0121702892044682,1,0.017968150933615604
2024-06-17,JPM,8725400,0.0077527394724171,1,0.01519538198432874
2024-06-18,JPM,9023000,0.0123329589990234,1,0.01968140653098095
2024-06-20,JPM,8731100,0.0116095462415744,1,0.017006957320998144
2024-06-21,JPM,20972100,-0.0020843050587952,0,0.014996679617490153
2024-06-24,JPM,9785900,0.0054092681736259,1,0.01076785627780249
2024-06-25,JPM,6862500,-0.0001009087487576,0,0.011762339714925771
2024-06-26,JPM,7758600,-0.0001013131059513,0,0.00840721037106157
2024-06-27,JPM,7913500,0.0087621338439381,1,0.014991930091500343
2024-06-28,JPM,15307600,0.0112494378370831,1,0.016499190752415325
2024-07-01,JPM,10205800,0.0128672878005964,1,0.021839838078096502
2024-07-02,JPM,7802900,0.017243941062377,1,0.019923018518443074
2024-07-03,JPM,5560900,-0.0041040353033978,0,0.013027969203387915
2024-07-05,JPM,8093100,-0.0106285914713109,0,0.01376873650462667
2024-07-08,JPM,8707000,0.000634046464443,1,0.01428985940168489
2024-07-09,JPM,9058900,0.009726207034522,1,0.02095996428658366
2024-07-10,JPM,8328500,0.0080527974533055,1,0.01159405936123476
2024-07-11,JPM,10658100,0.0060132398719891,1,0.013190442423472382
2024-07-12,JPM,15443400,0.0046078551049326,1,0.02622544531728706
2024-07-15,JPM,10719700,0.0138037577906799,1,0.023601521946172686
2024-07-16,JPM,11557000,0.017238071986607,1,0.02695239839099711
2024-07-17,JPM,11572500,0.0143591769018192,1,0.020065450069681637
2024-07-18,JPM,12415100,-0.0262023328262873,0,0.03431801571634722
2024-07-19,JPM,8095900,-0.0067234762758699,0,0.016240568106688624
2024-07-22,JPM,7663200,-0.0008553070836639,0,0.011688640960762635
2024-07-23,JPM,5557300,-0.0032698437467347,0,0.010093780593773777
2024-07-24,JPM,7119000,-0.0045812774988606,0,0.01889759674257818
2024-07-25,JPM,6403800,9.587478095421916e-05,1,0.01025640763119366
2024-07-26,JPM,8027800,0.0143376023764154,1,0.021697612434206634
2024-07-29,JPM,6533600,-0.0084645560528205,0,0.014389831396295811
2024-07-30,JPM,8850700,0.0091919840226027,1,0.013271990943908978
2024-07-31,JPM,9071600,-0.0092187156103564,0,0.01732005420358404
2024-08-01,JPM,10918600,-0.02457781571004,0,0.03494370100788903
2024-08-02,JPM,18041700,-0.0232489963686657,0,0.03815969488409961
2024-08-05,JPM,13927000,0.0043802671031129,1,0.027157970572437008
2024-08-06,JPM,10605800,0.0252814871837881,1,0.04401231510821634
2024-08-07,JPM,9204400,-0.0152818077455507,0,0.02727140288715107
2024-08-08,JPM,7761200,0.0078529971270037,1,0.015409741478568892
2024-08-09,JPM,5540200,0.0114513285352927,1,0.017545620006884217
2024-08-12,JPM,6936000,-0.001065845728404,0,0.01685962727482781
2024-08-13,JPM,6387800,0.0010109599874185,1,0.012949513776212122
2024-08-14,JPM,6999800,0.0120342732930285,1,0.017521898976594653
2024-08-15,JPM,7001000,-0.0068074974095877,0,0.013098560028792436
2024-08-16,JPM,7931200,0.0107704603571345,1,0.01180972162675434
2024-08-19,JPM,6090800,0.0067756866740289,1,0.007990614276065964
2024-08-20,JPM,5640000,-0.0022325382676235,0,0.01079073174055237
2024-08-21,JPM,5202300,0.0007928621626705,1,0.01007323478938525
2024-08-22,JPM,5247100,0.0095535606033401,1,0.011464286946013038
2024-08-23,JPM,7214000,0.0032628282865965,1,0.01236214322589025
2024-08-26,JPM,5105200,0.0007305769879117,1,0.00744253534042498
2024-08-27,JPM,5185200,0.0030522444795762,1,0.005603370043821753
2024-08-28,JPM,6506400,0.0093044163563639,1,0.013774249817381698
2024-08-29,JPM,6416100,0.0002701454829243,1,0.018185880698314984
2024-08-30,JPM,8574100,0.0103370923674508,1,0.015955069895540845
2024-09-03,JPM,8956100,-0.0089968509786045,0,0.02186235062363006
2024-09-04,JPM,7389500,-0.0077361179289602,0,0.021986974113143296
2024-09-05,JPM,8067900,-0.0114466912720278,0,0.021667065204207133
2024-09-06,JPM,7777000,-0.0236213200619272,0,0.03515629108775941
2024-09-09,JPM,8935100,0.0075282080896328,1,0.018448818140536605
2024-09-10,JPM,28406900,-0.0596523704521166,0,0.08247940656853878
2024-09-11,JPM,13658700,0.0096467514131013,1,0.028599245394336097
2024-09-12,JPM,9054400,-0.0050565269628285,0,0.018733443313211185
2024-09-13,JPM,10226700,-0.0122788034353593,0,0.023349133794853982
2024-09-16,JPM,8634900,0.0098625018764907,1,0.012729001373313136
2024-09-17,JPM,7573300,0.0073172113018025,1,0.010927593801374673
2024-09-18,JPM,8259900,-0.0070809806537297,0,0.02219989240512917
2024-09-19,JPM,11635200,0.0033368145310108,1,0.021784761897280368
2024-09-20,JPM,20885000,0.0055256690448272,1,0.009145897374991002
2024-09-23,JPM,7223500,0.0020853196275177,1,0.008578187481486713
2024-09-24,JPM,7323200,0.0020838382861708,1,0.01221881082468559
2024-09-25,JPM,8976500,-0.0070388807914271,0,0.017148549737397056
2024-09-26,JPM,7807500,-0.0063941934935536,0,0.012740976550913776
2024-09-27,JPM,7032500,-0.0007120526979843,0,0.014763829577321766
2024-09-30,JPM,8663800,0.022054205349237,1,0.027628385800413692
2024-10-01,JPM,8540100,-0.0089037848956245,0,0.013882211494565226
2024-10-02,JPM,5810900,0.0010140595577619,1,0.015742681466149256
2024-10-03,JPM,7251300,-0.0045593561126966,0,0.010428331834739962
2024-10-04,JPM,10211700,0.0091734263781664,1,0.022742448339376692
2024-10-07,JPM,6718900,-0.0004738952001805,0,0.01724872961523961
2024-10-08,JPM,6021800,0.0008072854376822,1,0.014008913109464628
2024-10-09,JPM,7024000,0.0177396341194096,1,0.023175968913109066
2024-10-10,JPM,7927100,-0.0091709009966621,0,0.015548607494302197
2024-10-11,JPM,18320700,0.0306950209736715,1,0.04390968285391641
2024-10-14,JPM,9048900,-0.0077060987644277,0,0.021594946824965048
2024-10-15,JPM,9235800,-0.0056782806566505,0,0.01622994529458825
2024-10-16,JPM,6382500,0.0058921312814505,1,0.011874238150074313
2024-10-17,JPM,6470200,0.0006688094423102,1,0.011325672165396074
2024-10-18,JPM,7000500,0.0016444227430555,1,0.012533298068576145
2024-10-21,JPM,5870000,-0.0098570340496874,0,0.012432301911827046
2024-10-22,JPM,9586800,0.0049322519220414,1,0.01874268045782354
2024-10-23,JPM,6180500,-0.0011177680224742,0,0.010149352746547907
2024-10-24,JPM,6002200,0.0142000354797968,1,0.015327024606319092
2024-10-25,JPM,6369700,-0.01195556640625,0,0.02106662326388886
2024-10-28,JPM,6843000,0.0096261197122507,1,0.012043887924316918
2024-10-29,JPM,6580000,-0.0102571499867576,0,0.017494792966336173
2024-10-30,JPM,7110900,0.008403030611995,1,0.02125458735615855
2024-10-31,JPM,7829900,-0.0123720463598279,0,0.01722294245548616
2024-11-01,JPM,6923500,-0.0027732828947853,0,0.015432085283226442
2024-11-04,JPM,8229600,-0.0128901648141155,0,0.020615299634926688
2024-11-05,JPM,5600700,0.0066354893513027,1,0.008907906761537384
2024-11-06,JPM,23987800,0.0513191385472073,1,0.056297854159740736
2024-11-07,JPM,16451100,-0.033210613976227,0,0.038241333756710016
2024-11-08,JPM,9502100,-0.0098604522706677,0,0.01487422751343191
2024-11-11,JPM,9017100,-0.0029583613077799,0,0.012916692097981573
2024-11-12,JPM,6861000,-0.0041155912725182,0,0.011224328300882875
2024-11-13,JPM,11472600,0.0024108480615192,1,0.015712024069030134
2024-11-14,JPM,10172200,-0.0022688023096778,0,0.013365193708635432
2024-11-15,JPM,11518800,0.0159446315649648,1,0.020541668670438773
2024-11-18,JPM,9051400,-0.0110187108010438,0,0.02118986162576423
2024-11-19,JPM,6792700,0.0034674771429954,1,0.014860643321884678
2024-11-20,JPM,9015300,-0.0148117643518467,0,0.024427174180829587
2024-11-21,JPM,8783500,0.006290337565975,1,0.013896332451523339
2024-11-22,JPM,7997300,0.0202783236690996,1,0.025122101317081293
2024-11-25,JPM,10295400,0.0028045873573175,1,0.021034496883010633
2024-11-26,JPM,6212100,-0.0020759481857855,0,0.010619200781573426
2024-11-27,JPM,5472300,0.001764536482243,1,0.009705226026506093
2024-11-29,JPM,5494800,-0.0005603113315714,0,0.009285229002447189
2024-12-02,JPM,8899700,-0.0132238149124501,0,0.020917656409006224
2024-12-03,JPM,6657700,-0.013737213318342,0,0.01776573532298155
2024-12-04,JPM,7346300,-0.0053126402450784,0,0.012750349059613818
2024-12-05,JPM,6572500,0.0003667481890641,1,0.010432363034195133
2024-12-06,JPM,5519700,0.0067562217449236,1,0.011803049211613773
2024-12-09,JPM,7076500,-0.0134342542735475,0,0.016630925137157738
2024-12-10,JPM,9108300,-0.0042232103894153,0,0.02353522287723485
2024-12-11,JPM,7884400,-0.0019262345110783,0,0.008565621297867629
2024-12-12,JPM,6113800,-0.0060493877395189,0,0.01259264533902386
2024-12-13,JPM,10392700,-0.0087991276009657,0,0.014789117704531571
2024-12-16,JPM,9032000,-0.0042807812505052,0,0.013091699798403222
2024-12-17,JPM,8083600,-0.0012151405554134,0,0.010014663527228585
2024-12-18,JPM,11322400,-0.0361088070410565,0,0.039916353744443134
2024-12-19,JPM,11790800,0.0029706911297803,1,0.0176088012341573
2024-12-20,JPM,32348400,0.0244912382692958,1,0.03285620229448961
2024-12-23,JPM,8611500,0.009827559594402,1,0.01584271664480657
2024-12-24,JPM,3729100,0.0120285886100844,1,0.014283917109651347
2024-12-26,JPM,4451800,0.0070828263502603,1,0.010230714060535743
2024-12-27,JPM,5730200,-0.0063859716709064,0,0.013801936744675147
2024-12-30,JPM,5723800,0.0023034847004074,1,0.015621709849628919
2024-12-31,JPM,4871000,-0.0014163563156352,0,0.010039590216500692
2025-01-02,JPM,9220900,-0.0038186874312532,0,0.0158974010466702
2025-01-03,JPM,9491100,-0.0025011300663337,0,0.01894300868235043
2025-01-06,JPM,9917800,-0.0116946691851287,0,0.020968406542232386
2025-01-07,JPM,8753400,0.004253732476638,1,0.018006114732558066
2025-01-08,JPM,8675300,0.0015654166130278,1,0.015447991761071327
2025-01-10,JPM,10256800,-0.0132461280563243,0,0.020856440585002373
2025-01-13,JPM,10005300,0.0189427486944844,1,0.023115088782316405
2025-01-14,JPM,12407400,0.0198219627709698,1,0.022789082237866857
2025-01-15,JPM,18448500,0.0077875888760499,1,0.0398961890442135
2025-01-16,JPM,15292300,0.0010630089466965,1,0.01854333351916216
2025-01-17,JPM,17678100,0.0197529089655982,1,0.033367418540587584
2025-01-21,JPM,13712100,0.0113815179440819,1,0.01826431293970149
2025-01-22,JPM,9021900,-0.0002282143780397,0,0.011905686403495801
2025-01-23,JPM,10749700,0.0047603224678042,1,0.011522867372536655
2025-01-24,JPM,7666300,0.0043611585036861,1,0.015510623459451941
2025-01-27,JPM,7522300,0.0063595131558746,1,0.014043953766512563
2025-01-28,JPM,7375400,0.0048523923840707,1,0.009403798918953384
2025-01-29,JPM,7684900,-0.0023577145427154,0,0.018973868816095776
2025-01-30,JPM,8753500,-0.0014890142173762,0,0.011465648043253347
2025-01-31,JPM,7193800,-0.0071686777647435,0,0.014337242178163583
2025-02-03,JPM,8381400,0.0190200177280062,1,0.0247106960719237
2025-02-04,JPM,5626000,-0.0070411870822337,0,0.011154794717147358
2025-02-05,JPM,5704400,0.005652407842669,1,0.008590338941330091
2025-02-06,JPM,7264400,0.0163332042212265,1,0.021251636210323055
2025-02-07,JPM,6857900,-0.0053016961046968,0,0.013849303891670932
2025-02-10,JPM,8627400,-0.0185043833586974,0,0.023863829380930332
2025-02-11,JPM,7196400,0.0175015921624954,1,0.024272912460421812
2025-02-12,JPM,6683900,0.0049986343472197,1,0.011675468344302078
2025-02-13,JPM,8398700,0.0029764331187613,1,0.011470067739054068
2025-02-14,JPM,5688600,-0.0028121238527162,0,0.010022709118635453
2025-02-18,JPM,7919800,0.0115262405291419,1,0.014272337287371619
2025-02-19,JPM,7007200,0.0031252069183407,1,0.01088439803919232
2025-02-20,JPM,13846700,-0.0426295578980935,0,0.046648486944394
2025-02-21,JPM,12835600,-0.0152057877850075,0,0.023703099640481215
2025-02-24,JPM,10372800,-0.0156314514638413,0,0.031601999913559095
2025-02-25,JPM,9608400,-0.0184190096002992,0,0.03679973112226087
2025-02-26,JPM,5943600,0.0063384852216529,1,0.015476788496073953
2025-02-27,JPM,8204400,-0.0043431659413589,0,0.022215502573549956
2025-02-28,JPM,10467100,0.0150346440569966,1,0.026540799365513484
2025-03-03,JPM,9058300,-0.0128030487985322,0,0.032196969696969634
2025-03-04,JPM,13465600,-0.019703849903437,0,0.04418683050777539
2025-03-05,JPM,7861400,0.0011144230021766,1,0.020776124261504825
2025-03-06,JPM,9983200,-0.006327867963228,0,0.022207869466290383
2025-03-07,JPM,20498700,-0.0120295110697623,0,0.029767985886475407
2025-03-10,JPM,18887200,-0.0168917716428388,0,0.0372973087853375
2025-03-11,JPM,18143000,-0.0112621385559937,0,0.028608435308791775
2025-03-12,JPM,16054000,-0.0260684021517762,0,0.030170994946080568
2025-03-13,JPM,16467900,-0.0179241193007043,0,0.022983010040655893
2025-03-14,JPM,11962100,0.0189374338799171,1,0.0243731267648745
2025-03-17,JPM,9586000,0.0118954930665506,1,0.022536515356607376
2025-03-18,JPM,10344900,0.0027739581604954,1,0.011309294185953543
2025-03-19,JPM,10120600,0.0142953891518646,1,0.03156020305438568
2025-03-20,JPM,8328500,0.0103567677271189,1,0.023503540818293235
2025-03-21,JPM,19326900,0.016063274729556,1,0.02438923136664477
2025-03-24,JPM,9422700,0.0105100288249893,1,0.017435224269953423
2025-03-25,JPM,9287700,0.0073001778590567,1,0.016846545458106224
2025-03-26,JPM,12779300,-0.0062153890985076,0,0.0193586669496933
2025-03-27,JPM,8022500,-0.0056506378752339,0,0.013866095182116725
2025-03-28,JPM,11978400,-0.016562712794421,0,0.0340163351965526
2025-03-31,JPM,13603000,0.0246021440188491,1,0.03550394666045967
2025-04-01,JPM,8054700,0.0042865739256961,1,0.01982523145411193
2025-04-02,JPM,7758800,0.0174668920285334,1,0.023965203393463645
2025-04-03,JPM,17188500,-0.0238186781461148,0,0.03346564303969745
2025-04-04,JPM,27170700,-0.0233616591720411,0,0.0407319881654557
2025-04-07,JPM,22914400,0.0421344121539956,1,0.09666131591906858
2025-04-08,JPM,19485700,-0.0297512930751709,0,0.06527378337066461
2025-04-09,JPM,24022400,0.1027764533547793,1,0.12461174460018391
2025-04-10,JPM,18896400,-0.0125652147376019,0,0.04456521739130443
2025-04-11,JPM,20284500,0.0437011157100465,1,0.060006194943017045
2025-04-14,JPM,13017800,-0.0100379790027227,0,0.025938396196410494
2025-04-15,JPM,10912900,-0.0125794203469904,0,0.024692869214537613
2025-04-16,JPM,9322300,-0.0103017215071053,0,0.024353487738247512
2025-04-17,JPM,9557900,0.0050260123343639,1,0.01642111454081263
2025-04-21,JPM,8716200,-0.0071109541470189,0,0.023717647768696025
2025-04-22,JPM,10701400,0.0155616892699296,1,0.019915555052439905
2025-04-23,JPM,14126800,0.0027474967061671,1,0.028265728297513594
2025-04-24,JPM,9055200,0.0204387827822256,1,0.03291064990766995
2025-04-25,JPM,8588600,-0.0044961817787414,0,0.0158184966839808
2025-04-28,JPM,7394300,-0.0054792130817288,0,0.024533856967194623
2025-04-29,JPM,7216800,0.010033414473288,1,0.014699192876283207
2025-04-30,JPM,12991700,0.0141370105236362,1,0.0281497796771609
2025-05-01,JPM,8689600,0.0166776606524182,1,0.025860644350195118
2025-05-02,JPM,7165000,0.0049749264798539,1,0.01655650917085063
2025-05-05,JPM,5450700,0.0054940875987435,1,0.01819415342573733
2025-05-06,JPM,6369900,-0.0029999999999999,0,0.014599975585937484
2025-05-07,JPM,8724100,-0.0018411314894128,0,0.014488673319014015
2025-05-08,JPM,8320100,0.007552545379687,1,0.01721191598756161
2025-05-09,JPM,5087600,-0.0055795605852468,0,0.012455788483085577
2025-05-12,JPM,9603900,-0.0108406472791239,0,0.018638242716786404
2025-05-13,JPM,8589000,0.0075853771428097,1,0.01256560086823629
2025-05-14,JPM,8643100,0.0100380785111692,1,0.016539947161656295
2025-05-15,JPM,9214600,0.0019477432344242,1,0.0178296408820547
2025-05-16,JPM,8932900,0.0002242899386681,1,0.01401869158878515
2025-05-19,JPM,12145000,-0.0025230010956679,0,0.02406332119065806
2025-05-20,JPM,8436300,0.0120371925733426,1,0.016608319562719166
2025-05-21,JPM,7464000,-0.0125212690832985,0,0.01861162397034177
2025-05-22,JPM,6514100,0.0047410228752441,1,0.013220754870120288
2025-05-23,JPM,6671800,0.0151863008977855,1,0.023324599086171995
2025-05-27,JPM,7506600,0.0124026862082888,1,0.012631649559827976
2025-05-28,JPM,5535400,-0.0103290268211741,0,0.014347984766886254
2025-05-29,JPM,5081200,-0.0016238394849073,0,0.010876151871518027
2025-05-30,JPM,10977700,0.002087636240216,1,0.0098689522317968
2025-06-02,JPM,6011200,0.0062353232337496,1,0.011900254785007088
2025-06-03,JPM,6998400,0.009630978354888,1,0.01402942985371863
2025-06-04,JPM,5915700,-0.0063929457024236,0,0.011055965301405339
2025-06-05,JPM,8173800,-0.0105385590778097,0,0.01673337175792494
2025-06-06,JPM,7738100,0.0052965024219063,1,0.009041668566823709
2025-06-09,JPM,8285000,0.0027819181743419,1,0.017105217266799876
2025-06-10,JPM,7538100,0.0102301834314391,1,0.011471294331865967
2025-06-11,JPM,7434100,-0.0019726023289587,0,0.014254826100458055
2025-06-12,JPM,6618000,0.0051712694242805,1,0.011803919918284313
2025-06-13,JPM,7098300,-0.0004903213060898,0,0.01625923410637705
2025-06-16,JPM,8566000,0.0125842147998595,1,0.01827717184573971
2025-06-17,JPM,6739300,0.0050340288561058,1,0.010403879648064045
2025-06-18,JPM,9586400,0.0146666350188078,1,0.02962962962962991
2025-06-20,JPM,13969700,-0.0020684664842647,0,0.012664622932890036
2025-06-23,JPM,8094600,0.0116701500893249,1,0.023413082594950313
2025-06-24,JPM,9267900,0.0037472550678664,1,0.011419941426200413
2025-06-25,JPM,6826900,0.0090941298706705,1,0.011971563471358825
2025-06-26,JPM,8942100,0.0142254570401059,1,0.017351606004898858
2025-06-27,JPM,17868600,0.0045484335890043,1,0.012805723009598521
2025-06-30,JPM,12689200,-0.0016872942309691,0,0.012844285630665716
2025-07-01,JPM,9338300,-0.001650145973241,0,0.015607302816526135
2025-07-02,JPM,8158700,-0.0001369967941078,0,0.010683450985817787
2025-07-03,JPM,6541600,0.0131781830701655,1,0.01776485555308693
2025-07-07,JPM,8825700,-0.0111092253320809,0,0.020186357231689166
2025-07-08,JPM,15440900,-0.0224357537278721,0,0.03246107444624572
2025-07-09,JPM,11273800,-0.0139981513900598,0,0.016435689606106727
2025-07-10,JPM,8410900,0.0183392312417183,1,0.01876324225651501
2025-07-11,JPM,7384700,0.0046931787246126,1,0.013063922421730906
2025-07-14,JPM,9079900,0.0056780744808758,1,0.01407314565879014
2025-07-15,JPM,12526100,-0.0050347646077472,0,0.022465282016330405
2025-07-16,JPM,9979800,-0.0089458620903844,0,0.0267683820529971
2025-07-17,JPM,8509500,0.0227913893573069,1,0.02420260122944581
2025-07-18,JPM,12217000,0.0060444876568344,1,0.014748511935976167
2025-07-21,JPM,7898100,-0.0001030885886491,0,0.012371154994899066
2025-07-22,JPM,6717500,-0.000240162347234,0,0.015265908085870446
2025-07-23,JPM,7083500,0.0133861954540229,1,0.015161871660055538
2025-07-24,JPM,7001200,-0.0029252424029529,0,0.011397969127195703
2025-07-25,JPM,5918500,0.0064711251471621,1,0.009909006809729448
2025-07-28,JPM,5840400,0.0020828969614986,1,0.008768344149203355
2025-07-29,JPM,7635700,-0.0098666381835938,0,0.016966654459635407
2025-07-30,JPM,8061700,0.0074305404993033,1,0.010859997051055082
2025-07-31,JPM,14749700,-0.0096945385841166,0,0.018319217483386736
2025-08-01,JPM,12007100,-0.0035468278269455,0,0.02603304999134589
2025-08-04,JPM,6649500,0.0137807478309873,1,0.013987450637351228
2025-08-05,JPM,7182300,-0.0112661009763263,0,0.02901360154641457
2025-08-06,JPM,6330200,-0.0032500230213009,0,0.01070819368295489
2025-08-07,JPM,8057100,-0.0204820097972114,0,0.024066319840967774
2025-08-08,JPM,6634100,-0.0007613025549838,0,0.022562181754358326
2025-08-11,JPM,5510100,0.000552880668569,1,0.008776809255325774
2025-08-12,JPM,8570900,0.0046312387770691,1,0.015128657502947791
2025-08-13,JPM,8420400,-0.0116346769372664,0,0.025140274958228452
2025-08-14,JPM,6322400,0.0123202465939731,1,0.015692744749507215
2025-08-15,JPM,7340500,-0.0147537856381278,0,0.019264661329299205
2025-08-18,JPM,5386900,0.0052758578596445,1,0.012034449084051721
2025-08-19,JPM,6031500,-0.0005844751848311,0,0.01014342517358759
2025-08-20,JPM,7374200,0.004917274810998,1,0.02083833984205709
2025-08-21,JPM,6624000,-0.0016099240144298,0,0.0113036506315404
2025-08-22,JPM,8552800,0.0103682738771416,1,0.023976802478210418
2025-08-25,JPM,5856300,-0.0045233472254386,0,0.010835780316285262
2025-08-26,JPM,6714700,0.0149918534376106,1,0.017813401445269186
2025-08-27,JPM,6056500,0.0068292641860281,1,0.013557607331528677
2025-08-28,JPM,6410500,0.0034998278414677,1,0.008466029332558892
2025-08-29,JPM,6796400,-0.0020526920263787,0,0.010660843363816133
2025-09-02,JPM,7221900,-0.0018650420981164,0,0.01984943469405184
2025-09-03,JPM,6316900,-0.0035266245226202,0,0.013940188106947797
2025-09-04,JPM,6605800,0.0127333577473957,1,0.020499979654947573
2025-09-05,JPM,9837700,-0.0305285335089848,0,0.03569898421136141
2025-09-08,JPM,8188500,-0.0067144049915988,0,0.017023258721244255
2025-09-09,JPM,7848200,0.0179425833577825,1,0.022863985994038032
2025-09-10,JPM,7787300,0.0129423531510041,1,0.02069435253057253
2025-09-11,JPM,7942500,0.0143407497817857,1,0.016398893246420375
2025-09-12,JPM,6846700,0.0062623070888832,1,0.012622870773565699
2025-09-15,JPM,7122000,0.005631996591871,1,0.009050358621516015
2025-09-16,JPM,10525600,-0.0026128953503023,0,0.012161254882812559
2025-09-17,JPM,8657800,0.0043815370578299,1,0.0133381051356523
2025-09-18,JPM,8050700,0.0046185009203039,1,0.012283963516720417
2025-09-19,JPM,23568600,0.0037627316735183,1,0.021300996638298108
2025-09-22,JPM,7520200,0.0085216744753449,1,0.013363508107057038
2025-09-23,JPM,8584400,0.0029503652381089,1,0.018376020947142992
2025-09-24,JPM,7310500,-0.0020059684436276,0,0.015634368206911196
2025-09-25,JPM,7083200,-0.0021328884520906,0,0.012256482119450109
2025-09-26,JPM,7258100,0.0036837208148397,1,0.013051716199504062
2025-09-29,JPM,6462400,-0.0043209333493238,0,0.013719820024636623
2025-09-30,JPM,11823300,-0.0025929085350791,0,0.023083061851531618
2025-10-01,JPM,9235200,-0.0103831886898436,0,0.022868403503091612
2025-10-02,JPM,7600000,-0.0079032651839717,0,0.014258009387600749
2025-10-03,JPM,6029900,0.004926870978438,1,0.011182820971197058
2025-10-06,JPM,7214500,-0.0032239345657773,0,0.021342431083577564
2025-10-07,JPM,8454200,-0.00536610192131,0,0.017165015205517425
2025-10-08,JPM,6489900,-0.0135621582416821,0,0.01696898585810588
2025-10-09,JPM,7060300,0.0015735486167398,1,0.015243383322605551
2025-10-10,JPM,8597400,-0.0156055386917576,0,0.031603754323015605
2025-10-13,JPM,10788700,0.0077552194694156,1,0.01312165958101647
2025-10-14,JPM,16178800,-0.0122940420175488,0,0.04181928033634781
2025-10-15,JPM,11354800,-0.0022847095974536,0,0.021802253194987815
2025-10-16,JPM,10549400,-0.022302267635407,0,0.038021893301114336
2025-10-17,JPM,10153500,-0.0053483289341136,0,0.017883325044948533
2025-10-20,JPM,6894900,0.0129312742095896,1,0.01852595905962118
2025-10-21,JPM,7372700,-0.0151495301622338,0,0.02337064147511403
2025-10-22,JPM,8054100,-0.0122913785712008,0,0.025254355009317615
2025-10-23,JPM,5438800,0.0005435276155154,1,0.013112253847196845
2025-10-24,JPM,7228300,0.0147258040626682,1,0.02414885916221561
2025-10-27,JPM,5642200,0.0065858823479506,1,0.011649420740701784
2025-10-28,JPM,6336000,0.0016400971725542,1,0.01577772679168399
2025-10-29,JPM,7520300,0.0065895685007042,1,0.017264637296217623
2025-10-30,JPM,7514600,0.0119362758575815,1,0.02455926955816023
2025-10-31,JPM,7721300,0.0083619190406873,1,0.01821480184593072
2025-11-03,JPM,7770000,-0.0053054466124899,0,0.019646353276979334
2025-11-04,JPM,7085200,0.0082814665830469,1,0.023214095776303612
2025-11-05,JPM,6865200,0.0066858545336264,1,0.024127132760982932
2025-11-06,JPM,7206100,0.007813830893811,1,0.01472711893014289
2025-11-07,JPM,7302300,0.0074384452777551,1,0.02177042453570491
2025-11-10,JPM,5794100,0.0060000465029762,1,0.016984146360367065
2025-11-11,JPM,5030200,-0.0059212752214567,0,0.011873981145423389
2025-11-12,JPM,10578300,0.0131220950115062,1,0.01909823676220717
2025-11-13,JPM,8973300,-0.0305422412193494,0,0.03611815425395784
2025-11-14,JPM,10327000,-0.0126825933797568,0,0.020844861820904243
2025-11-17,JPM,8344000,-0.0119408055355675,0,0.026052575362356056
2025-11-18,JPM,8077300,-0.0003004886073142,0,0.019799743550448713
2025-11-19,JPM,5546600,0.011776869601339,1,0.01728172203284902
2025-11-20,JPM,7501600,-0.0259841729785042,0,0.038388750754745696
2025-11-21,JPM,11766800,-0.0108533951956872,0,0.029440057305667178
2025-11-24,JPM,10940200,-0.0008046883122092,0,0.017804445186646107
2025-11-25,JPM,8877200,0.0098317358008584,1,0.029795043509799404
2025-11-26,JPM,7910900,0.0086557857325819,1,0.01747536581070674
2025-11-28,JPM,4322400,0.0128760284379195,1,0.01772892551963548
2025-12-01,JPM,7727300,-0.0128774520597585,0,0.017574691757357992
2025-12-02,JPM,7249000,-0.0027854679625714,0,0.010980160509378998
2025-12-03,JPM,8535300,0.0160481526037791,1,0.01809894966685968
2025-12-04,JPM,9627800,0.0090659396327525,1,0.017525346559500193
2025-12-05,JPM,6518900,-0.0019009190079524,0,0.012039089260527902
2025-12-08,JPM,7417200,0.0004760804216551,1,0.00990286022143206
2025-12-09,JPM,18049200,-0.0458485533631736,0,0.05962850627531303
2025-12-10,JPM,18874100,0.03197998453099,1,0.04236276534551784
2025-12-11,JPM,9721900,0.0263226455358122,1,0.028327545085568406
2025-12-12,JPM,8982900,-0.0036286401673121,0,0.011480177034032781
2025-12-15,JPM,10864100,0.0013454509862899,1,0.01404922020659214
2025-12-16,JPM,8331300,-0.0110940756073508,0,0.01604561464147502
2025-12-17,JPM,8718700,-0.0108343490525587,0,0.014791293419001974
2025-12-18,JPM,11444900,-0.0094936708860759,0,0.017341806918759868
2025-12-19,JPM,24494400,0.0108989541318256,1,0.017113340039374602
2025-12-22,JPM,8354600,0.0175742067986598,1,0.01801518391475418
2025-12-23,JPM,6668300,0.0071691462848353,1,0.014492761823499232
2025-12-24,JPM,4289300,0.0089811895569712,1,0.013762844435929882
2025-12-26,JPM,4158300,-0.0036461418457761,0,0.013126240463430163
2025-12-29,JPM,8635300,-0.0099388379204893,0,0.01296633099197249
2025-12-30,JPM,7904300,-0.0042793760700318,0,0.007542908855782097
2025-12-31,JPM,5048500,-0.006536335762238,0,0.008756232256141415
2026-01-02,JPM,8054000,0.0092403441436532,1,0.01547293256419565
2026-01-05,JPM,10752600,0.0262365853914649,1,0.037050683743759326
2026-01-06,JPM,7660800,0.0059827739269668,1,0.015693588170681304
2026-01-07,JPM,9815200,-0.0125325367834764,0,0.022799986286720343
2026-01-08,JPM,11737100,0.0104169666469318,1,0.01761696051330927
2026-01-09,JPM,6738100,-0.0004554378397772,0,0.011325622488084231
2026-01-12,JPM,12805100,0.0081085662730517,1,0.014881253742641007
2026-01-13,JPM,19371200,-0.0413197483838293,0,0.0502312014817071
2026-01-14,JPM,25951500,-0.0010707886981589,0,0.018299852125407426
2026-01-15,JPM,14751400,0.0025610546950938,1,0.016824982723985926
2026-01-16,JPM,14652500,0.0068309813935701,1,0.023231807034903948
2026-01-20,JPM,12900600,-0.0113320966576368,0,0.030338685229625337
2026-01-21,JPM,10270100,-0.0045809055281643,0,0.014006525731097206
2026-01-22,JPM,10535800,-0.0040345749781874,0,0.017385090091226282
2026-01-23,JPM,11107900,-0.0141721813884002,0,0.01940392500517381
2026-01-26,JPM,11752700,0.0108458782875233,1,0.014539426506034793
2026-01-27,JPM,11527400,-0.0033849568882095,0,0.012677156255415219
2026-01-28,JPM,9556700,0.0016651680763781,1,0.012888486283553975
2026-01-29,JPM,11580000,0.0132937156494325,1,0.01524466086180063
2026-01-30,JPM,11953200,0.0020966900849713,1,0.01759212159602783
2026-02-02,JPM,9839400,0.0120870501761883,1,0.026046091106690778
2026-02-03,JPM,12688000,0.0165305102365862,1,0.023084601565458177
2026-02-04,JPM,9848800,0.0090963560899801,1,0.01558472643812659
2026-02-05,JPM,9388000,-0.0153650677393352,0,0.03323809911334325
2026-02-06,JPM,17797400,0.0244352027269649,1,0.030313650039559197
2026-02-09,JPM,11477500,0.0023651265771032,1,0.019574309505835247
2026-02-10,JPM,9902200,-0.013238224074628,0,0.03413427432120028
2026-02-11,JPM,8703500,-0.0384234107331545,0,0.05120031027401229
2026-02-12,JPM,13443400,-0.0308696815951778,0,0.043550679379653096
2026-02-13,JPM,9114500,0.0134999294104634,1,0.026028473191770575
2026-02-17,JPM,8896800,0.0144338584232786,1,0.018958878482064012
2026-02-18,JPM,7209600,0.0010374354311208,1,0.016404064380357873
2026-02-19,JPM,6737700,0.0028647795252363,1,0.013217428072772779
2026-02-20,JPM,7792700,0.0077497233973347,1,0.01725034834470342
2026-02-23,JPM,12955400,-0.0360426645246382,0,0.05148961957584125
2026-02-24,JPM,13554100,0.001617075860475,1,0.02819889128310981
2026-02-25,JPM,8095500,0.0156039811008482,1,0.022267591649809033
2026-02-26,JPM,7007800,0.0050890353236624,1,0.017630820651157234
2026-02-27,JPM,18620800,0.0009999593098958,1,0.02833333333333349
2026-03-02,JPM,8508900,0.0093280418668752,1,0.02296400931893246
2026-03-03,JPM,10278200,0.0272674432505558,1,0.04410008646072643
2026-03-04,JPM,8055700,-0.0019999853510736,0,0.01726721838863428
2026-03-05,JPM,12732500,-0.014866846869009,0,0.029565733384035568
2026-03-06,JPM,13496500,0.0109660357917032,1,0.021931965005287872
2026-03-09,JPM,12241100,0.0154816582407509,1,0.03730295585458658
2026-03-10,JPM,8344900,-0.0019357652945238,0,0.01925406049187429
2026-03-11,JPM,10205000,-0.0044666339663679,0,0.019459248925846023
2026-03-12,JPM,13760500,0.0002122408479361,1,0.016900608161205467
2026-03-13,JPM,9091200,-0.0043208308859703,0,0.014894404167551561
2026-03-16,JPM,8149000,-0.0006285977442316,0,0.016274372150967116
2026-03-17,JPM,8961200,-0.0073009873756488,0,0.020103797780601045
2026-03-18,JPM,10057000,0.0031726238702734,1,0.014956624989559839
2026-03-19,JPM,9846700,0.0037994852179951,1,0.017045505316534745
2026-03-20,JPM,22436500,-0.0052762742450718,0,0.018883652787319197
2026-03-23,JPM,11470800,-0.0149502019400764,0,0.026434707770156312
2026-03-24,JPM,11092300,0.0217702071371053,1,0.03532870459781302
2026-03-25,JPM,12188200,0.0043175915607767,1,0.01767809728006056
2026-03-26,JPM,8669200,-0.0031443808612282,0,0.01456005004974832
2026-03-27,JPM,9873300,-0.021788815077038,0,0.028913277056194796
2026-03-30,JPM,11734400,-0.0034066209663935,0,0.01727896887151209
2026-03-31,JPM,12956900,0.0197247631203528,1,0.03508162053025744
2026-04-01,JPM,11267200,-3.38866079712154e-05,0,0.01966890304504242
2026-04-02,JPM,6669300,0.0092151773069071,1,0.02363740128779981
2026-04-06,JPM,7142600,0.004726976331286,1,0.012344332433421331
2026-04-07,JPM,7849100,0.014532233864953,1,0.018694071757218735
2026-04-08,JPM,10590200,0.0,0,0.019255197486295658
2026-04-09,JPM,6586600,0.0110114814491509,1,0.01677805573954142
2026-04-10,JPM,6069700,-0.0004193705897178,0,0.011709693170362955
2026-04-13,JPM,8318200,0.0201970645279979,1,0.02692945245527688
2026-04-14,JPM,11455500,0.0041959452657566,1,0.017590898193117502
2026-04-15,JPM,9885800,-0.0255455302418057,0,0.031788437906378496
2026-04-16,JPM,8208600,0.0150646995630194,1,0.015555919125771017
2026-04-17,JPM,11082400,-0.0069766462932917,0,0.015393469900479581
2026-04-20,JPM,10772000,0.0197522406636683,1,0.02174685421551461
2026-04-21,JPM,7084300,-0.0141421473825377,0,0.02359126418078832
2026-04-22,JPM,5545900,-0.0058123457340574,0,0.01019530377275196
2026-04-23,JPM,6969700,-0.0058369055766515,0,0.019456416814531967
2026-04-24,JPM,5215300,-0.0092238315072643,0,0.010477195282000838
2026-04-27,JPM,7925300,0.0154783626317195,1,0.018573975491266728
2026-04-28,JPM,7398600,-0.0118972076610735,0,0.01357867580438335
2026-04-29,JPM,8031800,-0.0042502730240808,0,0.015326590255953933
2026-04-30,JPM,8865400,0.0200605839553889,1,0.024522091378811645
2026-05-01,JPM,6135400,-0.0047141612638387,0,0.013537186923876895
2026-05-04,JPM,7338200,-0.0095615261972514,0,0.013328131465900811
2026-05-05,JPM,6316800,0.0054921922860375,1,0.013551764790007194
2026-05-06,JPM,8629500,0.0110771602319277,1,0.01576498144057075
2026-05-07,JPM,8359600,-0.0266327826008775,0,0.032289761136540134
2026-05-08,JPM,9464300,-0.0199513183989761,0,0.02754254739456604
2026-05-11,JPM,9512000,-0.0069513606788741,0,0.014266790703463015
2026-05-12,JPM,9498200,0.0161989735587889,1,0.03503103176617351
2026-05-13,JPM,7709500,-0.0066827309593759,0,0.009693296662834807
2026-05-14,JPM,7364300,-0.0077419233677108,0,0.016344094098945414
2026-05-15,JPM,8699300,-0.0079943838139827,0,0.014456535296694502
2026-05-18,JPM,7546300,0.0091611106923763,1,0.013557075654100345
2026-05-19,JPM,8066900,-0.0179015716112022,0,0.021687863624564617
2026-05-20,JPM,9327000,0.0177957484397155,1,0.031209905180541377
2026-05-21,JPM,7874400,0.0058758720881639,1,0.012515418098301891
2026-05-22,JPM,5973900,0.0055796647233095,1,0.01184854915295402
2026-05-26,JPM,7725400,-0.0056727934629918,0,0.014554735571691494
2026-05-27,JPM,11779200,-0.018754102362961,0,0.03327866851306357
2026-05-28,JPM,9757700,-0.0028228528319906,0,0.017878170491901577
2026-05-29,JPM,13969000,0.0098178263226471,1,0.015789449298759858
2026-06-01,JPM,7930000,-0.0037287643523034,0,0.014377368215915166
2026-06-02,JPM,8296200,0.0150421296967221,1,0.022934294470647248
2026-06-03,JPM,7003900,0.003100802327769,1,0.01800478012376965
2026-06-04,JPM,10345200,0.0168444579661121,1,0.027703282171920657
2026-06-05,JPM,9118800,-0.0061090501623755,0,0.01718156400034758
2026-06-08,JPM,6827000,-0.0068316509128092,0,0.017621672828960197
2026-06-09,JPM,11594600,-0.0025836417765394,0,0.023635620654182357
2026-06-10,JPM,7446200,-0.0109418445638269,0,0.018300490355074344
2026-06-11,JPM,9116600,0.0126954151271995,1,0.01886547481570267
2026-06-12,JPM,7426200,0.0150330727019942,1,0.018197930112940443
2026-06-15,JPM,7988900,-0.0139541224496101,0,0.021857300556772537
2026-06-16,JPM,11094900,0.0210916654731278,1,0.02383598913751082
2026-06-17,JPM,12246400,0.0038533289406933,1,0.01887527591040558
2026-06-18,JPM,20111000,-0.0348123180334563,0,0.04134142208376676
2026-06-22,JPM,10182500,0.0053988435347072,1,0.01825898935633549
2026-06-23,JPM,7582200,0.0141743206071318,1,0.024767061134173422
2026-06-24,JPM,7907400,0.0011409159469666,1,0.01429131912496538
2026-06-25,JPM,10043100,0.0004776799205611,1,0.025943404176888618
2026-06-26,JPM,17640900,-0.020684560139974,0,0.026488077072870254
2026-06-29,JPM,7981800,0.0033813082529189,1,0.01580968216371747
2026-06-30,JPM,8080100,-0.0047433123740149,0,0.0114324229929699
2026-07-01,JPM,15210200,0.0173585050150426,1,0.03237203471961215
2026-07-02,JPM,8413900,-0.0105023013678198,0,0.02434770502875568
2026-07-06,JPM,8673500,0.0081194066289645,1,0.01674631602728545
2026-07-07,JPM,7115800,-0.0051616215288806,0,0.012640029971629519
2026-07-08,JPM,18505200,-0.0175615953512223,0,0.019017602946837495
2026-07-09,JPM,15570600,0.0120980204821144,1,0.018674961084240604
2026-07-10,JPM,6299000,-0.002963226350143,0,0.00835632001072144
2026-07-13,JPM,7120300,-0.0112608547609866,0,0.017290317925266478
2026-07-14,JPM,14537900,0.0485933169676987,1,0.05804284705299121
2026-07-15,JPM,10750000,0.0030649054210988,1,0.020789366241197132
2026-07-16,JPM,12432400,-0.0175504034134113,0,0.0235627892094918
2026-07-17,JPM,9250900,0.0061056759923073,1,0.03268152414163404
2026-07-20,JPM,7723300,-0.0085722433599265,0,0.02015803070364895
2026-07-21,JPM,6015300,0.0150241560111159,1,0.024814778791521115
2026-07-22,JPM,8040200,0.0090995567977866,1,0.013968201298033988
2026-07-23,JPM,10913000,0.0095793394103744,1,0.012984015737624545
2026-07-24,JPM,7520800,0.0073293882594014,1,0.016740802167353713
2026-07-27,JPM,7884900,-0.0047221279505838,0,0.01807818311739917
2026-07-28,JPM,6533800,2.801501809958075e-05,1,0.014413641400593747
2026-07-29,JPM,8265300,-0.0330715527206784,0,0.038120606838402876
2026-07-30,JPM,7606500,0.0095240762997389,1,0.019882613489710526
2026-07-31,JPM,6603400,-0.0042739295222724,0,0.013501243075239092
2026-08-03,JPM,6436600,-0.0031377677782685,0,0.013512364040415194
2026-08-04,JPM,8477200,0.0070985606018926,1,0.02571832361355634
2026-08-05,JPM,5269500,0.0007521213827165,1,0.011059423370206012
2026-08-06,JPM,5820100,-0.0179433031323058,0,0.021664191737971922
2026-08-07,JPM,4566200,0.0049470969185276,1,0.015516132729158045
2026-08-10,JPM,5327500,0.005112350914986,1,0.00974966565450087
2026-08-11,JPM,4576500,0.0055270679611782,1,0.01255378188283928
2026-08-12,JPM,4366800,0.0060886339026523,1,0.013196706418746887
2026-08-13,JPM,5102700,-0.0092496989043315,0,0.013588024519312757
2026-08-14,JPM,5058600,-0.0004407814383178,0,0.012258902725766027
2026-08-17,JPM,5282600,-0.0027076614348168,0,0.013234261238359028
2026-08-18,JPM,5525100,0.00251146346334,1,0.011867357603373884
2026-08-19,JPM,6696200,-0.0158397836018694,0,0.02038509599573353
2026-08-20,JPM,6799700,-0.0169183954342426,0,0.017897159689113273
2026-08-21,JPM,8112100,-0.007032566160491,0,0.01832968085441977
2026-08-24,JPM,4394400,0.008746184438816,1,0.015454264488335168
2026-08-25,JPM,4298000,-0.0008683405002626,0,0.012044783733806023
2026-08-26,JPM,5796500,0.0,0,0.010518934081346423
2026-08-27,JPM,5209900,-0.0012969196587827,0,0.015055814954783768
2023-01-03,META,35528500,0.0156326182520436,1,0.033300797732028486
2023-01-04,META,32397100,-7.846213731700421e-05,0,0.02512171963130494
2023-01-05,META,25447100,0.0064219868835867,1,0.031554772406258265
2023-01-06,META,27584500,0.0081414518246066,1,0.03326355644663419
2023-01-09,META,26649100,-0.0128850441767293,0,0.027981077054556026
2023-01-10,META,28684400,0.044943890948152,1,0.049422496121909146
2023-01-11,META,25423000,0.014737267691182,1,0.026802150165538483
2023-01-12,META,30757700,0.024505427252947,1,0.04436449385966411
2023-01-13,META,22423800,0.0148921574324443,1,0.018893109792508838
2023-01-17,META,21147600,-0.0060213842673786,0,0.0183580565021179
2023-01-18,META,20215500,-0.0205433571628562,0,0.03276634289255687
2023-01-19,META,28625200,0.0276246377203837,1,0.040078476401510306
2023-01-20,META,28688600,0.0256089170885975,1,0.03922291452641453
2023-01-23,META,27470100,0.0285735600414043,1,0.03661419405951192
2023-01-24,META,21970200,0.0102335868675124,1,0.025689881621349428
2023-01-25,META,26622000,0.0019827133329313,1,0.020252093086176
2023-01-26,META,25482100,0.020083166744123,1,0.029155066710710154
2023-01-27,META,35771900,0.0236103607009201,1,0.03912576117669722
2023-01-30,META,28040100,-0.0157285726920277,0,0.02790976552263361
2023-01-31,META,29842100,0.0068942500405577,1,0.015951339364860852
2023-02-01,META,55661000,0.0343848975198566,1,0.044045155213314556
2023-02-02,META,150475700,0.029392514157107,1,0.0927036729596757
2023-02-03,META,76809700,0.0166784626273194,1,0.07565272137386486
2023-02-06,META,42483800,-0.0025197084853855,0,0.027770292766206628
2023-02-07,META,47080700,0.0325465741272672,1,0.050544265493389307
2023-02-08,META,36139100,-0.0345789859169407,0,0.04163159822162807
2023-02-09,META,37118800,-0.0441089910196704,0,0.0503948282273407
2023-02-10,META,33433600,-0.0124752601694828,0,0.03141476095487563
2023-02-13,META,31463200,0.0067893134709369,1,0.029065159018636114
2023-02-14,META,24034600,0.0130954618281365,1,0.031779123434436646
2023-02-15,META,25308900,0.0041945669473107,1,0.016211317537894513
2023-02-16,META,25827500,-0.0017944865909912,0,0.023502244963142273
2023-02-17,META,24171300,0.0156268572613889,1,0.02044410587817461
2023-02-21,META,34592600,-0.0127932749628399,0,0.036085097666405816
2023-02-22,META,22433200,0.0002922066454,1,0.017945822961305737
2023-02-23,META,20017800,0.0002325191054233,1,0.025058125340661406
2023-02-24,META,19791300,0.0103771347624151,1,0.018145146878965093
2023-02-27,META,19277000,-0.0136142164894345,0,0.023621116146475874
2023-02-28,META,46051100,0.0176847507438104,1,0.03304251388159283
2023-03-01,META,30998400,-0.0067014043959366,0,0.027493001617734207
2023-03-02,META,17352000,0.0124724088385192,1,0.02076808057575154
2023-03-03,META,45877700,0.035378950904513,1,0.05348754842034597
2023-03-06,META,33209400,-0.0164893941676363,0,0.02670215038543065
2023-03-07,META,36701500,-0.0237566428209737,0,0.03359791589161668
2023-03-08,META,19432400,0.0114836012445337,1,0.02143598334124356
2023-03-09,META,26582800,-0.0250067266406248,0,0.04631064846453278
2023-03-10,META,25665000,-0.0082868352329758,0,0.03298161097108734
2023-03-13,META,24728000,0.0165204937722003,1,0.05034834298182745
2023-03-14,META,41642600,0.0343320310189914,1,0.04136906754385344
2023-03-15,META,42123600,0.024876927326645,1,0.03596788054507125
2023-03-16,META,50447100,0.0336426831118232,1,0.04877432884530806
2023-03-17,META,50141100,-0.0246808785824603,0,0.03225967939500447
2023-03-20,META,25186300,-0.0033756458251089,0,0.028819031357473414
2023-03-21,META,31827000,-0.0051180772724012,0,0.027559085568992687
2023-03-22,META,28477800,-0.0132839626736111,0,0.038024676287615786
2023-03-23,META,27389700,0.0070992036452588,1,0.02824892077390415
2023-03-24,META,27716400,0.0040452376483229,1,0.019641285325830687
2023-03-27,META,18527200,-0.0096186770381632,0,0.02197158368068728
2023-03-28,META,19127300,0.0026480079713167,1,0.015638296169178407
2023-03-29,META,18851100,0.0087935182078523,1,0.015621968818578651
2023-03-30,META,22608300,0.021929350712957,1,0.025912031109982695
2023-03-31,META,25440300,0.0226790041674517,1,0.02605671565986577
2023-04-03,META,17924600,0.0202547934327877,1,0.025330437836069357
2023-04-04,META,21026400,0.0062327280325171,1,0.017339201544656336
2023-04-05,META,19396600,-0.0124678881393568,0,0.024515527198836817
2023-04-06,META,26104400,0.0327359909367532,1,0.039617723034274
2023-04-10,META,16106100,0.0001862665217374,1,0.02328722390038971
2023-04-11,META,16710100,-0.0075644591439682,0,0.012112496111480077
2023-04-12,META,18972200,-0.0039098694480031,0,0.019828684506845683
2023-04-13,META,23310400,0.0214157069831471,1,0.025309375437869014
2023-04-14,META,21591200,0.0165687558722665,1,0.020928940042232738
2023-04-17,META,15481900,-0.0042312785121683,0,0.017516679386374218
2023-04-18,META,12281000,-0.0091855951926802,0,0.01923512190031326
2023-04-19,META,15898100,0.0104464126799414,1,0.02061183833846679
2023-04-20,META,16475400,-0.0019205003350457,0,0.018643412999776735
2023-04-21,META,17717200,0.0127491203567163,1,0.018219883491407806
2023-04-24,META,15750900,-0.004165103987994,0,0.015022424022396497
2023-04-25,META,19198200,-0.0155108820740718,0,0.019590121812641446
2023-04-26,META,41992700,-0.014588264016544,0,0.024611744600183765
2023-04-27,META,71196500,-0.0055442154088899,0,0.020509392561020887
2023-04-28,META,39554000,0.0054809959729334,1,0.019580740485090516
2023-05-01,META,29143900,0.0191098719801511,1,0.03159832973104316
2023-05-02,META,24350100,-0.0162019380758439,0,0.024385199664379402
2023-05-03,META,34463900,-0.0101891778885384,0,0.037582995590772654
2023-05-04,META,17889400,-0.0107599479471414,0,0.022324850999597228
2023-05-05,META,27000500,0.0023251518832258,1,0.020797392602575515
2023-05-08,META,16400500,0.0079941496765766,1,0.023118100799658762
2023-05-09,META,16865600,0.0082519154407589,1,0.020737937062671904
2023-05-10,META,19119000,-0.0130837801661843,0,0.025532450463853038
2023-05-11,META,20449000,0.0117570916047852,1,0.025359380324902855
2023-05-12,META,16161400,-0.0123764799636068,0,0.023274519041033503
2023-05-15,META,20653200,0.0081884283994584,1,0.02080868104796165
2023-05-16,META,18163800,0.0128504776468991,1,0.017473155072309714
2023-05-17,META,21193100,0.0169427913467274,1,0.023904369977741657
2023-05-18,META,22943300,0.0230004267781436,1,0.024450865403506997
2023-05-19,META,21733600,-0.0073948431002859,0,0.021335914467418397
2023-05-22,META,27738500,0.0118577222553486,1,0.03443222395557098
2023-05-23,META,17748100,-0.0002835868324705,0,0.02009645785393967
2023-05-24,META,17724300,0.0160225373211394,1,0.018917153509216866
2023-05-25,META,22371400,-0.0028018605847644,0,0.025453816509865702
2023-05-26,META,25727200,0.0360179343412954,1,0.03795513036301817
2023-05-30,META,23816500,-0.0102922186100965,0,0.027747352880537552
2023-05-31,META,25473700,0.0181538508488581,1,0.025192260742187413
2023-06-01,META,25609500,0.025235019214368,1,0.03050013365069778
2023-06-02,META,19416900,-0.0001834457194861,0,0.015513866828705092
2023-06-05,META,20742900,0.0040326559552184,1,0.022234591332013973
2023-06-06,META,19419000,0.0036276760776271,1,0.02546829240298288
2023-06-07,META,26163600,-0.029705182483695,0,0.04214676497624209
2023-06-08,META,20899400,0.0151945036039829,1,0.033650484145425985
2023-06-09,META,16949800,0.0094102450370279,1,0.023811337010061093
2023-06-12,META,15442500,0.0145224919348361,1,0.024029693098289735
2023-06-13,META,16164000,-0.0129510968253637,0,0.024119633167348765
2023-06-14,META,19175100,0.0053697869595025,1,0.02453191566737274
2023-06-15,META,25973500,0.0349981608759475,1,0.046162237863182305
2023-06-16,META,43127700,-0.0131694468832308,0,0.027111505603874035
2023-06-20,META,20701600,0.0200910392322704,1,0.030782428278548175
2023-06-21,META,20556200,-0.0066659053327564,0,0.01989212666285723
2023-06-22,META,17563100,0.0207826379160478,1,0.026766524222863946
2023-06-23,META,51092000,0.0256474049598245,1,0.038080355400606204
2023-06-26,META,24232700,-0.0354347438648255,0,0.04222376836154939
2023-06-27,META,26108300,0.01787162814374,1,0.030850012076740537
2023-06-28,META,16722100,0.0016501692599428,1,0.01927529700582296
2023-06-29,META,15395700,-0.0104393716017684,0,0.02066785547561493
2023-06-30,META,19694900,0.0077960427889095,1,0.01625921550236312
2023-07-03,META,8629300,-0.0023718980272254,0,0.015870204392189384
2023-07-05,META,33865500,0.023361729057159,1,0.04088305237321517
2023-07-06,META,47600500,-0.0131806557199855,0,0.023015300353021687
2023-07-07,META,25586000,-0.0056471830304797,0,0.02580603988613505
2023-07-10,META,37058300,-0.0049060455061458,0,0.03748948586526503
2023-07-11,META,27585900,0.0149371035713042,1,0.028172844339061823
2023-07-12,META,36677100,0.0251532604403997,1,0.03098593572001868
2023-07-13,META,30281000,-0.0006695729173761,0,0.01897194624733611
2023-07-14,META,23054100,-0.0093653207213458,0,0.024118859890170128
2023-07-17,META,25323100,0.0100149134639037,1,0.02276126619466348
2023-07-18,META,20731900,0.003763455004439,1,0.021165777748633607
2023-07-19,META,21763700,0.0095198894609114,1,0.026067800830369248
2023-07-20,META,23836900,-0.0350239584890848,0,0.0424880616402512
2023-07-21,META,42139300,-0.0338509942235336,0,0.046820037774983586
2023-07-24,META,24915700,-0.0140983617720748,0,0.031171821146644848
2023-07-25,META,19585600,-0.0024391111309606,0,0.021816465287250137
2023-07-26,META,47256900,-0.0086988117000901,0,0.0327699958072401
2023-07-27,META,64229200,-0.0412463209384456,0,0.04770549335187599
2023-07-28,META,39220300,0.027139630052379,1,0.0377114744474035
2023-07-31,META,25799600,-0.0157249105610297,0,0.024931283831293467
2023-08-01,META,22817900,0.0162813591076189,1,0.02985454031373516
2023-08-02,META,20461100,-0.0116037812622837,0,0.024339687899223368
2023-08-03,META,15180200,0.0105185359360664,1,0.019423804321989653
2023-08-04,META,17612800,-0.0134302152130752,0,0.026066775710619425
2023-08-07,META,16236500,0.0106311223556767,1,0.0211027540059983
2023-08-08,META,15183500,-0.0055978984803235,0,0.024745640737628548
2023-08-09,META,19955800,-0.024514233278049,0,0.03445409937056997
2023-08-10,META,14358900,-0.0071442884639512,0,0.027505361932686035
2023-08-11,META,14046300,-0.0030736446219691,0,0.014409940719830388
2023-08-14,META,15641900,0.0173100912515908,1,0.026446910640320346
2023-08-15,META,11623600,-0.0136865559577956,0,0.023518690345982855
2023-08-16,META,18547700,-0.0196868868147599,0,0.022651524038843487
2023-08-17,META,23950100,-0.0271625722117471,0,0.037877413575527194
2023-08-18,META,35347900,0.0151238262522482,1,0.04053326741953501
2023-08-21,META,20181500,0.0227552704592656,1,0.030516823157398204
2023-08-22,META,12980200,-0.0169201227003848,0,0.02102202752726355
2023-08-23,META,18287000,0.0198959800151646,1,0.033726102144714075
2023-08-24,META,18360900,-0.0393634840871021,0,0.04294799600214629
2023-08-25,META,23701400,-0.0022018134136982,0,0.04319720287357758
2023-08-28,META,14239300,0.0078472561306423,1,0.019618140326605794
2023-08-29,META,20844500,0.0326079565457077,1,0.038013728363508865
2023-08-30,META,17717000,-0.0069657341948538,0,0.016354327992526223
2023-08-31,META,17229900,0.0003043504367275,1,0.01839081361022128
2023-09-01,META,12842300,-0.0099876082544764,0,0.024284294125154347
2023-09-05,META,14956000,0.0105380277374814,1,0.019796663862046773
2023-09-06,META,15418100,-0.0084186076009415,0,0.025322277508986357
2023-09-07,META,33748700,0.0022483672071623,1,0.04976505561162964
2023-09-08,META,17548000,-0.0044448451535318,0,0.028306935318992053
2023-09-11,META,19489300,0.0204040802287992,1,0.02574569414200412
2023-09-12,META,13480400,-0.0152449421044665,0,0.027519319182918417
2023-09-13,META,13210900,0.0089297934179083,1,0.01938082297744824
2023-09-14,META,19343100,0.0162352844261454,1,0.025559094306223946
2023-09-15,META,28131100,-0.0362632403458444,0,0.04252110209193445
2023-09-18,META,14234200,0.0146215007742226,1,0.01945074705073849
2023-09-19,META,15924400,0.0085625371721097,1,0.021026235249072812
2023-09-20,META,19379500,-0.017636369711595,0,0.028290461328159426
2023-09-21,META,21319600,0.0001014500441612,1,0.02363889233477333
2023-09-22,META,25369600,-0.0007350525548811,0,0.023755483324839753
2023-09-25,META,18987000,0.0175550387859364,1,0.02452306738186771
2023-09-26,META,19417200,0.0043673579821776,1,0.01441234285615867
2023-09-27,META,36429800,-0.0090198763939102,0,0.048294154296950095
2023-09-28,META,22167100,0.0167926305368109,1,0.03221373615637757
2023-09-29,META,25373700,-0.0233262193826431,0,0.03669734243506008
2023-10-02,META,16265600,0.0134769677659205,1,0.018332522864495195
2023-10-03,META,17362300,-0.0109117439612789,0,0.023433820207679264
2023-10-04,META,16880500,0.0229303228133012,1,0.028119015792051737
2023-10-05,META,19130000,0.0005252393380322,1,0.022026692536932964
2023-10-06,META,21803900,0.046410529860231,1,0.051088089741764896
2023-10-09,META,22503700,0.0187519531249999,1,0.027231933593750014
2023-10-10,META,19038000,0.0085234434141435,1,0.02036851372353873
2023-10-11,META,22036300,0.0148911718311265,1,0.018234679894697688
2023-10-12,META,20530500,-0.0117073059082031,0,0.02393294543754755
2023-10-13,META,21341000,-0.0273235754682552,0,0.03919263352277635
2023-10-16,META,16536100,0.007877162731166,1,0.01977158555399189
2023-10-17,META,16387800,0.0182915565346347,1,0.022314432921464004
2023-10-18,META,16851000,-0.0137528025958409,0,0.03229722271915295
2023-10-19,META,18709200,-0.0221020608237418,0,0.03169943257988972
2023-10-20,META,22312300,-0.0174763497038006,0,0.028108442606865864
2023-10-23,META,17796800,0.0145719216983037,1,0.03263320060076739
2023-10-24,META,19525500,-0.0133531504597144,0,0.024370229340400066
2023-10-25,META,42192500,-0.0337741974861389,0,0.03883873724168349
2023-10-26,META,66684100,-0.0225423521914723,0,0.05288137662208674
2023-10-27,META,29596300,0.0076405865120145,1,0.02152946244689224
2023-10-30,META,28435100,0.0119362311275219,1,0.034604989234821894
2023-10-31,META,19434200,-0.0067258203202741,0,0.022485270446455582
2023-11-01,META,20434600,0.0331290369315765,1,0.03607746864555223
2023-11-02,META,21631800,-0.020264711387183,0,0.03306026207223699
2023-11-03,META,16764300,0.0065590094084559,1,0.014493677671481945
2023-11-06,META,12887700,-0.0005697296889048,0,0.01227917662615151
2023-11-07,META,14055600,0.0055510306540633,1,0.01854540127448855
2023-11-08,META,13609700,0.0051549131053873,1,0.02027403467803544
2023-11-09,META,16103100,0.0035375816095819,1,0.01684304256667897
2023-11-10,META,19096200,0.0275988826182581,1,0.030130695051810645
2023-11-13,META,16908900,0.0091661254521269,1,0.020324874669307068
2023-11-14,META,17179400,0.0052908141581343,1,0.01425844266578814
2023-11-15,META,14531200,-0.0154469900092926,0,0.024798050082676344
2023-11-16,META,18932600,0.0146340206930623,1,0.0248959583781626
2023-11-17,META,14494400,0.0144734410402551,1,0.018621672968667458
2023-11-20,META,16960500,0.0151691192632257,1,0.022932880467766658
2023-11-21,META,12027900,-0.0039901150932986,0,0.011822777048305285
2023-11-22,META,10702700,0.0067214965264336,1,0.012794513619282686
2023-11-24,META,5467500,-0.0055860814077222,0,0.014964855392996905
2023-11-27,META,15684500,-0.0044023454726448,0,0.016955148472950158
2023-11-28,META,12637200,0.0167666359934794,1,0.01793644599821089
2023-11-29,META,16024500,-0.022049486827823,0,0.02684799391103838
2023-11-30,META,23146400,-0.0142819022650444,0,0.03344483296755262
2023-12-01,META,15276400,-0.0020277855469811,0,0.01874147529813647
2023-12-04,META,19037100,0.0086040543201142,1,0.02269211603123561
2023-12-05,META,16952100,-0.0021631526040539,0,0.020346071888038185
2023-12-06,META,11294300,-0.0139160083579469,0,0.01618361623213258
2023-12-07,META,15905100,0.0277559481044614,1,0.03294836385651464
2023-12-08,META,14087400,0.0298988014844225,1,0.03147733926462546
2023-12-11,META,25802500,-0.0125075749651721,0,0.030024331608049445
2023-12-12,META,18485500,0.0296364600625412,1,0.03052989364069534
2023-12-13,META,16353300,0.0024256508141218,1,0.017159226767370066
2023-12-14,META,19607300,-0.002036820917626,0,0.0181518569651149
2023-12-15,META,31776900,0.0088256371563818,1,0.02241032157672527
2023-12-18,META,18993900,0.0211567615812025,1,0.031231504687099555
2023-12-19,META,17729400,0.0138318159761179,1,0.02453848983107973
2023-12-20,META,16369900,0.0018069837769723,1,0.02056498791244789
2023-12-21,META,15289600,0.0031446124908343,1,0.020397790194726286
2023-12-22,META,11772800,-0.0061588728458513,0,0.016817625322433055
2023-12-26,META,9898600,-0.0004507272500945,0,0.009943938917731938
2023-12-27,META,13207900,0.0049427899341275,1,0.010363137488427376
2023-12-28,META,11798800,-0.0038365438865156,0,0.0113705760330544
2023-12-29,META,14987100,-0.0140115293354361,0,0.02278613024959475
2024-01-02,META,19042200,-0.0143174276284665,0,0.03743024485465398
2024-01-03,META,15451100,-0.0014783748315354,0,0.013826944690540424
2024-01-04,META,12099900,0.0076052107900943,1,0.013788098693759169
2024-01-05,META,13920700,0.0142944237939141,1,0.020865127058808677
2024-01-08,META,13890200,0.0111643397766977,1,0.01953770215636314
2024-01-09,META,13463900,0.0028900078477443,1,0.014814897270757398
2024-01-10,META,22117200,0.0285975717271515,1,0.03848187065112663
2024-01-11,META,17205400,-0.0066105700233787,0,0.026469260673074417
2024-01-12,META,19310000,0.0116976078707253,1,0.020315509345348513
2024-01-16,META,15306900,-0.0165663121705312,0,0.022427337085828943
2024-01-17,META,12724800,0.0056511258345679,1,0.027108991330274963
2024-01-18,META,16354300,0.0124902817583592,1,0.015881972735690822
2024-01-19,META,21670800,0.0117414570106365,1,0.016860116440262172
2024-01-22,META,17680500,-0.0159041454661476,0,0.023688625215204095
2024-01-23,META,15506100,0.0015080263564223,1,0.016379851257154136
2024-01-24,META,15698500,0.0017949030949518,1,0.021384605994591258
2024-01-25,META,15091100,0.0077145324972656,1,0.02519411085928131
2024-01-26,META,13163700,-0.0005325001948218,0,0.013186286614805426
2024-01-29,META,18742400,0.0152662065580924,1,0.02488667261272317
2024-01-30,META,18614700,-0.0087464972158069,0,0.016823950268725234
2024-01-31,META,20180800,0.0029306289162917,1,0.028020549862427597
2024-02-01,META,29727100,0.002132295102515,1,0.018911540236737977
2024-02-02,META,84707600,0.033485604713837,1,0.07169273553497707
2024-02-05,META,40832400,-0.0222822872050371,0,0.02698559748024093
2024-02-06,META,21655200,-0.0199999973691743,0,0.03043102395945578
2024-02-07,META,23066000,0.0253056688600232,1,0.033493441785787316
2024-02-08,META,18815100,0.0035872750459243,1,0.011872218721470542
2024-02-09,META,18413100,-0.0102336964384093,0,0.012940046430337188
2024-02-12,META,19382000,0.0015164600939273,1,0.026848090003356917
2024-02-13,META,20916600,0.007113621018527,1,0.028016762858903914
2024-02-14,META,16858400,0.0114333472683006,1,0.01713929249931349
2024-02-15,META,24212300,0.0184102003502638,1,0.034505962671700655
2024-02-16,META,23324600,-0.0100185693127106,0,0.020392797261556173
2024-02-20,META,18015500,0.004321720969985,1,0.02048027567952675
2024-02-21,META,12921800,0.0032797401485464,1,0.01545550151142149
2024-02-22,META,21625800,0.0122647317345708,1,0.02900631550692569
2024-02-23,META,18374300,-0.0082368386727163,0,0.024608092507814067
2024-02-26,META,12101400,-0.003578321264939,0,0.011458846528086484
2024-02-27,META,10809600,0.014729731748854,1,0.01531308683216572
2024-02-28,META,12715500,-0.002020641208924,0,0.01711337689271907
2024-02-29,META,17732000,0.003460000067478,1,0.018610324318306056
2024-03-01,META,16273600,0.0207067581327913,1,0.025197606765946543
2024-03-04,META,12324100,-0.0095626194007828,0,0.015904572564612304
2024-03-05,META,15325300,-0.0096565631904987,0,0.015535296815814255
2024-03-06,META,11757900,-0.003094685870649,0,0.01744266340576722
2024-03-07,META,18586400,0.0177038699803698,1,0.03669919477810328
2024-03-08,META,18597100,-0.0160251856225345,0,0.047103213025739485
2024-03-11,META,20428300,-0.0270014952698092,0,0.04289653509045537
2024-03-12,META,15448200,0.0131573411707524,1,0.03564040510930299
2024-03-13,META,12090700,0.000363335292313,1,0.02008520945682041
2024-03-14,META,12620000,-0.0168512833902291,0,0.026366293895020442
2024-03-15,META,29153600,-0.0100407017526342,0,0.021533299051165945
2024-03-18,META,11755300,0.0103067782449517,1,0.02156901829633986
2024-03-19,META,10903100,0.0165310784863176,1,0.03144397583074404
2024-03-20,META,11711100,0.012052030057401,1,0.02608608364223603
2024-03-21,META,9712500,-0.0135027722607671,0,0.017543797237735796
2024-03-22,META,8120600,0.0050887309117664,1,0.011104546119945678
2024-03-25,META,8380600,-0.0054766197126331,0,0.013800215244283789
2024-03-26,META,11205400,-0.0182923012789918,0,0.029279608025567838
2024-03-27,META,9989700,-0.010895258510725,0,0.02367315764710134
2024-03-28,META,15212800,-0.0147309670878406,0,0.01570493630684667
2024-04-01,META,9247000,0.0085180496562074,1,0.03212231835871556
2024-04-02,META,11081000,0.025293730899384,1,0.026551236282738925
2024-04-03,META,12099200,0.0156534938232684,1,0.01701639580503644
2024-04-04,META,26476300,-0.0106501871818131,0,0.03760507739901478
2024-04-05,META,19263300,0.0202763645879411,1,0.0315173151804734
2024-04-08,META,13260600,-0.0189503263710883,0,0.023805877585587363
2024-04-09,META,10863800,-0.01020614720339,0,0.03663138003996161
2024-04-10,META,11418500,0.020695494449293,1,0.03290857759709361
2024-04-11,META,10369500,0.0039338869923701,1,0.01260771719771653
2024-04-12,META,11984500,-0.0112989012139364,0,0.020975404865554163
2024-04-15,META,13512900,-0.0319127586540891,0,0.04112484851062031
2024-04-16,META,9847900,0.0033125704414416,1,0.015378137133113196
2024-04-17,META,12193700,-0.0177499355345741,0,0.031842553805049315
2024-04-18,META,14808700,0.0039613869787843,1,0.02634951229391546
2024-04-19,META,25215400,-0.0432179415201128,0,0.05383845955419335
2024-04-22,META,17271100,-0.0163154255788179,0,0.0380013391790253
2024-04-23,META,15079200,0.0098727859613549,1,0.019928770574904553
2024-04-24,META,37772700,-0.0286580278482061,0,0.05003348728474275
2024-04-25,META,82890700,0.0474134107159863,1,0.07420500585330657
2024-04-26,META,32691400,0.0041453747231133,1,0.032800279224853846
2024-04-29,META,21502600,-0.0157885214304132,0,0.025480053392570843
2024-04-30,META,18429500,-0.0020414670923433,0,0.02296715967253267
2024-05-01,META,20344900,0.0247083438802679,1,0.05331312594054608
2024-05-02,META,15221300,0.0064715986728428,1,0.026615606538261134
2024-05-03,META,16489100,0.0135222991912119,1,0.02314266251142712
2024-05-06,META,15094600,0.0221695561727962,1,0.028139970371998023
2024-05-07,META,13406800,0.0041819075118896,1,0.021917692923755856
2024-05-08,META,11683900,0.0196332386267866,1,0.027141287103054194
2024-05-09,META,9437700,0.0115319434632646,1,0.017978684445644936
2024-05-10,META,10750000,-0.0018654428675738,0,0.016558707910717344
2024-05-13,META,14668800,-0.0100264203794288,0,0.022210470650449426
2024-05-14,META,10478600,0.0183007339182233,1,0.02689000605122283
2024-05-15,META,13100500,0.0138111023766483,1,0.023790449138067077
2024-05-16,META,16608200,-0.0037262926603617,0,0.010400005139802737
2024-05-17,META,10807300,0.0022938579118685,1,0.009302666546626375
2024-05-20,META,11745100,-0.002361987105666,0,0.013107784875204252
2024-05-21,META,11742200,-0.0053305152003829,0,0.018046804421730154
2024-05-22,META,10078600,-0.000192353300767,0,0.017248396794920597
2024-05-23,META,11747900,-0.0150143927216274,0,0.027110422674390008
2024-05-24,META,12024300,0.0226679915619502,1,0.0289765588555536
2024-05-28,META,10175800,0.0070083237852504,1,0.012631644599618408
2024-05-29,META,9226200,-0.0006320699200104,0,0.012956629690801285
2024-05-30,META,10719600,-0.0097950378511257,0,0.014883328028919946
2024-05-31,META,16919800,0.0022112469005788,1,0.0314727437662046
2024-06-03,META,11279400,0.0140806292508849,1,0.02412610164921699
2024-06-04,META,7088700,-2.098483359546244e-05,0,0.01186583576962122
2024-06-05,META,15690500,0.0219010941979877,1,0.026297842735795985
2024-06-06,META,10667300,0.0015822117771799,1,0.02419974930000156
2024-06-07,META,9380700,-0.0059486846106078,0,0.017624145852742336
2024-06-10,META,11220900,0.0176973656728464,1,0.01873000501025652
2024-06-11,META,9673700,0.014615318108347,1,0.018654064742343483
2024-06-12,META,11983200,-0.0100196385033413,0,0.018560689363953987
2024-06-13,META,9954600,-0.0031836138869435,0,0.015819343369075225
2024-06-14,META,10243300,0.0030040978493197,1,0.012732505668352791
2024-06-17,META,11266600,0.0098869601975773,1,0.029381844319659012
2024-06-18,META,13060400,-0.0100483735308999,0,0.02176155668197415
2024-06-20,META,11801200,-0.0005975852449576,0,0.013745068553909348
2024-06-21,META,22359200,-0.0172212001539669,0,0.021968412534362033
2024-06-24,META,13525300,-0.0005809465902048,0,0.027063259049849606
2024-06-25,META,12063200,0.0272608764577431,1,0.03060052676515381
2024-06-26,META,8882300,0.0127701594762577,1,0.01802033947064025
2024-06-27,META,10121200,0.0103257123161765,1,0.017462285792416255
2024-06-28,META,15855100,-0.0250024607617668,0,0.03488351096059863
2024-07-01,META,10328200,-0.0005347450732198,0,0.02655703103346622
2024-07-02,META,7739500,0.0174534508825208,1,0.022066434175006314
2024-07-03,META,6005600,0.0070896703448233,1,0.010387680582076562
2024-07-05,META,21354100,0.0553361350728512,1,0.05721264398841597
2024-07-08,META,14917500,-0.0240250186194654,0,0.029796208854020165
2024-07-09,META,8753200,-0.0070257611241216,0,0.017405111058255148
2024-07-10,META,10983300,0.0073475848744482,1,0.01981955192588064
2024-07-11,META,16458300,-0.0342632220224595,0,0.05102756900298494
2024-07-12,META,19750500,0.0022299608843328,1,0.027844714480154013
2024-07-15,META,12539200,-0.0049535751890494,0,0.026693134043792345
2024-07-16,META,14075800,-0.0233499331108238,0,0.036211373204604894
2024-07-17,META,28076600,-0.0358537110251586,0,0.041843224218309195
2024-07-18,META,19267200,0.0017894865337171,1,0.030947329872532937
2024-07-19,META,15149400,0.0015334432425994,1,0.023106331253228453
2024-07-22,META,12023100,0.0016852467155406,1,0.016770117734584363
2024-07-23,META,9455500,-0.0023476929305117,0,0.015311122113488
2024-07-24,META,17649700,-0.0233744968389162,0,0.03328322775711074
2024-07-25,META,18240500,-0.0212623707979866,0,0.04511504005506161
2024-07-26,META,14222400,0.0032313657056324,1,0.022296370775021623
2024-07-29,META,11339600,-0.0088746347671771,0,0.019026139330265496
2024-07-30,META,11390400,-0.0081584530162607,0,0.03432547918479008
2024-07-31,META,24285800,0.0080888235052869,1,0.020699758454873058
2024-08-01,META,43083100,-0.0446449323716411,0,0.06731281536783226
2024-08-02,META,24044700,-0.001758661250639,0,0.05112474437627819
2024-08-05,META,21396200,0.0540157406738154,1,0.07240505760814003
2024-08-06,META,20955000,0.0315031238786861,1,0.04991650033843294
2024-08-07,META,20105300,-0.0282431803255063,0,0.04629023973703682
2024-08-08,META,16156800,0.0243819193624371,1,0.03063314619974885
2024-08-09,META,13696600,0.0198145166443154,1,0.024896131376519855
2024-08-12,META,9767400,-0.0017605795966431,0,0.017258084743524926
2024-08-13,META,13743800,0.0164034693592981,1,0.025672535788213945
2024-08-14,META,11444200,-0.0024618183520416,0,0.02058477288081523
2024-08-15,META,13482100,0.0104177199484852,1,0.024577385554916804
2024-08-16,META,14776700,-0.0084227134767317,0,0.016920472996620552
2024-08-19,META,9879700,0.0045742483003827,1,0.016892143149899168
2024-08-20,META,7944400,-0.0030661402328843,0,0.009860929712125717
2024-08-21,META,13423300,0.0151948180963701,1,0.023655565134691824
2024-08-22,META,15708300,-0.0094413544212638,0,0.029124680844099176
2024-08-23,META,11323900,-0.016613244420163,0,0.027583248956990204
2024-08-26,META,9584000,-0.0122819953915908,0,0.024734625467857166
2024-08-27,META,6282700,0.000231213383374,1,0.016763675930569395
2024-08-28,META,9106100,-0.001719152438158,0,0.016690198260803875
2024-08-29,META,8317400,-0.0015991081964437,0,0.022194431754509376
2024-08-30,META,9157500,-7.66817478005737e-05,0,0.01599686623354934
2024-09-03,META,12459100,-0.0151643535152768,0,0.032464772999825614
2024-09-04,META,8335200,0.0131799609018976,1,0.024739698757189833
2024-09-05,META,8640900,0.0100445245810169,1,0.02047997139319959
2024-09-06,META,14744500,-0.04140801653053,0,0.05045224351095069
2024-09-09,META,11047800,-0.002706644356084,0,0.018274853668949525
2024-09-10,META,9899000,-0.0066317598648089,0,0.027845548241717064
2024-09-11,META,10782500,0.0095066699153903,1,0.034555509114644174
2024-09-12,META,11970500,0.0165360951451995,1,0.02222232190465111
2024-09-13,META,10321400,0.0082253296706453,1,0.020121519002783615
2024-09-16,META,9527600,0.0166623167644919,1,0.0318373276993665
2024-09-17,META,11690800,-0.0023808934520946,0,0.02144711455604533
2024-09-18,META,10323500,0.0016385291876507,1,0.019178110213759945
2024-09-19,META,15647000,0.01654541015625,1,0.028272705078125068
2024-09-20,META,22066800,0.0024106706891741,1,0.014642878941127297
2024-09-23,META,12830700,-0.0089377117743085,0,0.020316079585985414
2024-09-24,META,12993000,-0.0059115826025891,0,0.02392884473398362
2024-09-25,META,16543400,0.0075525394163975,1,0.023331326060621875
2024-09-26,META,14400800,-0.0137042604709544,0,0.026140811385002828
2024-09-27,META,9398400,-0.0048061574315256,0,0.011103345660272821
2024-09-30,META,12792300,0.0083494629777221,1,0.01740356644418975
2024-10-01,META,15259300,-0.0026125641313741,0,0.022388322915461
2024-10-02,META,6524700,-0.0035660645117176,0,0.011585383074555661
2024-10-03,META,11581000,0.0221345164900359,1,0.02565992152301957
2024-10-04,META,14169500,0.020917243213808,1,0.026416294221814074
2024-10-07,META,12014200,-0.0224665542182639,0,0.031610503001866394
2024-10-08,META,7857400,0.0054266007457863,1,0.012871215085968587
2024-10-09,META,9529700,-0.0058586517045125,0,0.021515563405087517
2024-10-10,META,7740400,-0.0063651823404104,0,0.013121774156940073
2024-10-11,META,8587100,0.0087546722424833,1,0.01453413770089403
2024-10-14,META,8252000,-0.0063949176741272,0,0.017064309705516856
2024-10-15,META,9564200,-0.0065913545314748,0,0.01774090277139287
2024-10-16,META,11268400,-0.007929216018463,0,0.01384586765554677
2024-10-17,META,8701200,-0.0109715327971487,0,0.016748595494596324
2024-10-18,META,7694300,-0.0079676563024184,0,0.015005973273931827
2024-10-21,META,8171900,-0.001510435408039,0,0.014113855995904007
2024-10-22,META,8544500,0.0134427415306795,1,0.019868071211829964
2024-10-23,META,14248400,-0.0280703641293388,0,0.03879511205161562
2024-10-24,META,7184700,0.0011461647390651,1,0.012977598237080163
2024-10-25,META,11337900,-0.0011848007325961,0,0.016674520318412635
2024-10-28,META,10925100,-0.0065979842877469,0,0.016546400142289606
2024-10-29,META,13019100,0.0226320853749399,1,0.031491782689393163
2024-10-30,META,26864900,-0.0152750390597388,0,0.01966788862916773
2024-10-31,META,26838400,-0.0297777485643697,0,0.045965837005876115
2024-11-01,META,15303200,-0.0007928193982573,0,0.019573273265587936
2024-11-04,META,12064600,-0.0060627247973267,0,0.019145520759419825
2024-11-05,META,9775400,0.0090428432808016,1,0.012004226520588211
2024-11-06,META,18305400,0.0165259667578298,1,0.03168372650349843
2024-11-07,META,14653700,0.0256721336520603,1,0.033957886811840296
2024-11-08,META,9415700,-0.0037190236562054,0,0.014504439891450314
2024-11-11,META,10209100,-0.0054403481156607,0,0.017890017218834535
2024-11-12,META,16287700,-0.0063206763210777,0,0.03275897811791976
2024-11-13,META,10757600,-0.0044798156866253,0,0.017970910217000955
2024-11-14,META,11053700,0.0002772498172117,1,0.013431542461005044
2024-11-15,META,17712900,-0.0300058725050935,0,0.03688597809051264
2024-11-18,META,14327300,-0.0047392534062459,0,0.017610939870660605
2024-11-19,META,9522400,0.0167253320568735,1,0.019624573945045916
2024-11-20,META,9797300,0.0046009750575868,1,0.02158343583924825
2024-11-21,META,11154700,-0.0112901960515338,0,0.03678538328516416
2024-11-22,META,9164000,-0.0078253451158823,0,0.01639604371310794
2024-11-25,META,13599800,0.0053549366595992,1,0.02882051754253193
2024-11-26,META,10356600,0.0133215159493706,1,0.021731427196057907
2024-11-27,META,7200200,-0.0098975496119651,0,0.018925367645263313
2024-11-29,META,7130500,0.0093497492517026,1,0.020316340173275497
2024-12-02,META,12522400,0.0265454841382575,1,0.032779208096590996
2024-12-03,META,14907200,0.0313445788471638,1,0.03857144908744754
2024-12-04,META,14697000,0.001337782717998,1,0.020686591712996128
2024-12-05,META,8081200,-0.0132074029110488,0,0.02082393897908847
2024-12-06,META,16935500,0.0224062358504174,1,0.03484666379481619
2024-12-09,META,11426000,-0.0165886265377525,0,0.032424096130960756
2024-12-10,META,10938900,0.0028499413378179,1,0.020807754180798513
2024-12-11,META,10837200,0.0149349465510343,1,0.027062571585621607
2024-12-12,META,7474700,-0.0011243419994557,0,0.014964293225455186
2024-12-13,META,8453300,-0.010953087334713,0,0.02262364577693375
2024-12-16,META,10885600,-0.009111385142912,0,0.019953026626125202
2024-12-17,META,12897800,-0.0107478490704266,0,0.02528070255982719
2024-12-18,META,17075500,-0.0383413809317129,0,0.04998386155771956
2024-12-19,META,14958100,-0.0242795703870655,0,0.027064694924219704
2024-12-20,META,48989400,-0.0090250549216142,0,0.03913099780354878
2024-12-23,META,10205800,0.0173846682910962,1,0.02516965310373512
2024-12-24,META,4726100,0.008345549411623,1,0.014451090657140652
2024-12-26,META,6081400,-0.0035178782974186,0,0.012155621307024009
2024-12-27,META,8084200,0.0006673636275419,1,0.02010308191863074
2024-12-30,META,7025900,0.0042292827760084,1,0.019295091892250503
2024-12-31,META,6019500,-0.0114137294522778,0,0.01708679281993195
2025-01-02,META,12682300,0.0161432883473477,1,0.028979798326883893
2025-01-03,META,11436800,-0.0002149693774608,0,0.021644994120133258
2025-01-06,META,14560800,0.030024671238858,1,0.04146575749561837
2025-01-07,META,12071500,-0.0218616388977805,0,0.03778691571303065
2025-01-08,META,10085800,-0.0043691777050344,0,0.022253054892036182
2025-01-10,META,19256600,0.0095568345404359,1,0.053390726234580244
2025-01-13,META,10785000,0.0020260938121749,1,0.01732821432901642
2025-01-14,META,13598000,-0.0178822403907734,0,0.027996764401394668
2025-01-15,META,15524300,0.0113239260184435,1,0.026154965336461538
2025-01-16,META,8355300,-0.0003270845576963,0,0.010694976332532878
2025-01-17,META,17280600,-0.0180754242165948,0,0.034131861564966746
2025-01-21,META,11674000,-0.002217430489442,0,0.020215900634298022
2025-01-22,META,12274000,0.0003208923647495,1,0.02289430420459088
2025-01-23,META,9910200,0.0144893315922513,1,0.02462693116013304
2025-01-24,META,19065300,0.0174260927009284,1,0.027969810041030902
2025-01-27,META,28399200,0.0530952591069605,1,0.061872648756942386
2025-01-28,META,20950100,0.0125075331679335,1,0.03469976934942743
2025-01-29,META,21377800,0.0022073929398148,1,0.022785192418981474
2025-01-30,META,29322900,-0.0140926024238704,0,0.049783304263342584
2025-01-31,META,19303900,-0.002633874564716,0,0.028538307819283553
2025-02-03,META,21415700,0.0318830165027272,1,0.04253525046574852
2025-02-04,META,13826300,0.0024056974254893,1,0.022918201595862938
2025-02-05,META,17778200,0.0018762097180323,1,0.027190683270172652
2025-02-06,META,13080700,0.0086558413743094,1,0.021816773824920997
2025-02-07,META,16427100,-0.0031807593478605,0,0.018498897867524646
2025-02-10,META,12904300,-0.0016143024221672,0,0.013735798194614556
2025-02-11,META,12998000,0.0090842544751512,1,0.019093807796416992
2025-02-12,META,12016500,0.014092013507431,1,0.020271215220818373
2025-02-13,META,12569100,0.0097571485707595,1,0.015190184161177612
2025-02-14,META,16901200,0.0145012918298088,1,0.021056514885419788
2025-02-18,META,21938700,-0.0266712022864299,0,0.041521735813306794
2025-02-19,META,17535500,-0.0004686210284453,0,0.016489114833303106
2025-02-20,META,12587400,-0.0034993149651319,0,0.01719537306477218
2025-02-21,META,15660400,-0.0187057179034672,0,0.030879452809296826
2025-02-24,META,15677000,-0.0264469657271799,0,0.036166005514757515
2025-02-25,META,20579700,-0.0127182471818998,0,0.039251041035437445
2025-02-26,META,14488700,0.0212991545106797,1,0.03791405872809648
2025-02-27,META,12500000,-0.0354751579450654,0,0.045541822161203394
2025-02-28,META,17534200,0.0154398433513797,1,0.0410765761951196
2025-03-03,META,10843800,-0.0276540866366182,0,0.04514008650271223
2025-03-04,META,21495200,-0.0085359013528319,0,0.04043310745160082
2025-03-05,META,13770000,0.0241341196616614,1,0.034071804766721885
2025-03-06,META,13446500,-0.030972233525029,0,0.04081792007257909
2025-03-07,META,21375700,0.0004636903426897,1,0.05465563257376344
2025-03-10,META,21999900,-0.0165770667331551,0,0.038219267443631064
2025-03-11,META,17401500,0.0179145187771961,1,0.03629943034878711
2025-03-12,META,15747000,-0.0164153460147697,0,0.03806959926095036
2025-03-13,META,16480300,-0.0477387913769648,0,0.05480046793127775
2025-03-14,META,12364500,0.0079628199903304,1,0.02335759180460239
2025-03-17,META,15473900,-0.0042142650808203,0,0.02485756270330705
2025-03-18,META,20297700,-0.0294808812620285,0,0.04264649175244704
2025-03-19,META,20537500,-0.0003765861012673,0,0.030036946178168204
2025-03-20,META,24336500,0.0055597333037282,1,0.05266319226974625
2025-03-21,META,25015900,0.021991048413951,1,0.028435717504155637
2025-03-24,META,15741300,0.0063092590982552,1,0.016813773538389677
2025-03-25,META,15312500,-0.0007179976386808,0,0.020262958722877554
2025-03-26,META,12609800,-0.0222599719208398,0,0.032229695108455615
2025-03-27,META,10436500,0.0009634835379463,1,0.023505023943625383
2025-03-28,META,17602800,-0.0392630597859035,0,0.04635940964339418
2025-03-31,META,21124700,0.0228216244038375,1,0.045075464798691255
2025-04-01,META,12836600,0.0265573057797671,1,0.03487837609112193
2025-04-02,META,13470800,0.0156894469614329,1,0.03357045223516548
2025-04-03,META,34777500,-0.0267291134872707,0,0.04075283028734845
2025-04-04,META,38589800,-0.0037305754788106,0,0.04697798749033501
2025-04-07,META,36606100,0.0642135508236569,1,0.11847041949622152
2025-04-08,META,28034200,-0.0603773360201909,0,0.08204327165065574
2025-04-09,META,39216600,0.1502150768116917,1,0.16843723594042787
2025-04-10,META,28173500,-0.0507393920007874,0,0.07993188548990386
2025-04-11,META,17642300,0.0150510679755946,1,0.03512538928418212
2025-04-14,META,14130900,-0.0443929072047648,0,0.05302334023866013
2025-04-15,META,15558700,-0.0199018362967118,0,0.038413115716860124
2025-04-16,META,18735100,-0.0121925076949593,0,0.034886216384514175
2025-04-17,META,14593500,-0.0074616309028637,0,0.01838689367114044
2025-04-21,META,16166000,-0.01357536297894,0,0.027883525494970533
2025-04-22,META,17399400,0.0170980213178193,1,0.041718380334139195
2025-04-23,META,18173900,-0.0156282695547377,0,0.03560820820201215
2025-04-24,META,13910000,0.0277987478808952,1,0.03161572500444765
2025-04-25,META,17098900,0.0008596045149495,1,0.0248902444319651
2025-04-28,META,15179000,-0.0106184296640254,0,0.03221503654705617
2025-04-29,META,11835000,0.0154578799293155,1,0.022802220159397812
2025-04-30,META,29244000,0.0196879181004373,1,0.03640411347913307
2025-05-01,META,31159000,-0.0335596448852493,0,0.037917192877706306
2025-05-02,META,24739300,0.0232406626811342,1,0.044578906499345365
2025-05-05,META,13887700,0.0136159961216318,1,0.025641952117513897
2025-05-06,META,10600700,-0.0088097336509266,0,0.015948579379588698
2025-05-07,META,13139100,0.0109255579088583,1,0.027796657271605747
2025-05-08,META,14622800,-0.0136567790360957,0,0.024212824238897864
2025-05-09,META,10427300,-0.0186013069199466,0,0.025276534603777052
2025-05-12,META,21965100,0.0134882552401844,1,0.030685325993739188
2025-05-13,META,18570800,0.0162500412469991,1,0.028022998475775693
2025-05-14,META,12348200,-0.0027979561101847,0,0.012643464366467511
2025-05-15,META,14341800,-0.0158953719330833,0,0.028626856437721716
2025-05-16,META,18519000,0.0037306489448243,1,0.022399488267552073
2025-05-19,META,9592400,0.0193871749713987,1,0.024194209641116286
2025-05-20,META,6743500,0.0017137557641807,1,0.011147569553072294
2025-05-21,META,11464600,0.0058722393543502,1,0.026021309316645744
2025-05-22,META,8228400,0.003974480844991,1,0.019777585787823255
2025-05-23,META,8454100,0.004903842241336,1,0.015705108642578056
2025-05-27,META,9508400,0.0108749224465127,1,0.016257247330762403
2025-05-28,META,9042900,0.0015251191116411,1,0.01296299005030041
2025-05-29,META,8858800,-0.0101281920875062,0,0.02120771396678014
2025-05-30,META,16241000,0.0077665217655641,1,0.025883181085846307
2025-06-02,META,15766300,0.0411396967100556,1,0.04500380102230739
2025-06-03,META,11585000,-0.0068508996015557,0,0.015712246036441793
2025-06-04,META,14031900,0.0278342267957757,1,0.030523505127921426
2025-06-05,META,13083100,-0.0101783799853813,0,0.017537526174407805
2025-06-06,META,11728000,0.0022121595304385,1,0.015714556372675482
2025-06-09,META,12773200,-0.0062996081030316,0,0.016106863164804478
2025-06-10,META,10850100,0.0014971823835135,1,0.016639314630911138
2025-06-11,META,9582500,-0.0135993619891782,0,0.023987159988846093
2025-06-12,META,7322700,8.65391023367286e-05,1,0.01208712682873283
2025-06-13,META,9274400,-0.007384282287526,0,0.019710730893210588
2025-06-16,META,13720300,0.0039895013214987,1,0.019504403236112137
2025-06-17,META,10066100,-0.0067948996171652,0,0.014116770861155635
2025-06-18,META,10068300,-0.0034517934770587,0,0.009582059800606316
2025-06-20,META,22538600,-0.0262576160029432,0,0.03303606766188007
2025-06-23,META,11080100,0.0217057830339425,1,0.029691801431173493
2025-06-24,META,13823200,0.0103704087257351,1,0.015718788547983368
2025-06-25,META,9320400,-0.0065048149509263,0,0.015701245012101014
2025-06-26,META,13964800,0.0164203507257387,1,0.024035476877538466
2025-06-27,META,18775700,0.0097863584766044,1,0.013172393143954011
2025-06-30,META,15402100,-0.0086763293847454,0,0.01833325449984161
2025-07-01,META,13431200,-0.0239659565501387,0,0.03037130161561598
2025-07-02,META,9336700,-0.0024604164841077,0,0.010484671159910188
2025-07-03,META,8601700,-0.0104594978587589,0,0.02010713681515093
2025-07-07,META,9457100,0.0010451505372301,1,0.01879876072091561
2025-07-08,META,7770700,-0.0012473140581328,0,0.01122548817678055
2025-07-09,META,11418000,0.0139197185653561,1,0.020492112013096146
2025-07-10,META,9913600,-0.0058915967883434,0,0.02214477817969137
2025-07-11,META,10873900,-0.0069065608780276,0,0.021397869809688698
2025-07-14,META,8939400,0.0046265432513538,1,0.01595598187929435
2025-07-15,META,11529500,-0.0186628115899846,0,0.020237550607577637
2025-07-16,META,13067600,-0.0146628286082286,0,0.020606349121062024
2025-07-17,META,11803300,-0.0042306697169658,0,0.0124789376335596
2025-07-18,META,12779800,0.0029764406331648,1,0.018598951157359364
2025-07-21,META,9404400,0.0087294609744157,1,0.01590264633347367
2025-07-22,META,8921100,-0.0158896449880888,0,0.021209458927973587
2025-07-23,META,8771600,0.0102071464282116,1,0.013732197395250395
2025-07-24,META,10920800,-0.0031378565487817,0,0.01341607319009544
2025-07-25,META,8271700,-0.0059141749922549,0,0.012204988295181223
2025-07-28,META,8715700,0.0033976407079224,1,0.016862412405975455
2025-07-29,META,13267000,-0.0277777777777777,0,0.034111107720269235
2025-07-30,META,27077300,-0.0181897843414218,0,0.024431904329729987
2025-07-31,META,38831100,-0.002270394398749,0,0.024819388456403402
2025-08-01,META,19028700,-0.0140916895328872,0,0.027197564145766198
2025-08-04,META,15801700,0.0215394672594573,1,0.024263161107113428
2025-08-05,META,11640300,-0.0167299762124434,0,0.025925693304574303
2025-08-06,META,9733900,0.0025844029017856,1,0.01711687360491076
2025-08-07,META,9019700,-0.0150744977850304,0,0.019974417771521143
2025-08-08,META,7320800,0.0085873324063831,1,0.014841045328375971
2025-08-11,META,7612000,-0.0054669928828513,0,0.011414448975988136
2025-08-12,META,14563100,0.0219922380336351,1,0.027477348298027178
2025-08-13,META,8811800,-0.0139922985307589,0,0.02177847560159927
2025-08-14,META,8116200,0.0054635676110998,1,0.019668827707267873
2025-08-15,META,13375400,0.001377231423916,1,0.019677347695437476
2025-08-18,META,16513700,-0.009960174264661,0,0.024835824656520365
2025-08-19,META,12286700,-0.0203879637449005,0,0.023216703608244446
2025-08-20,META,11898200,0.0002006011175369,1,0.025683229689422656
2025-08-21,META,8876300,-0.0075331957690838,0,0.016637367945737638
2025-08-22,META,10612700,0.0210489265447907,1,0.030450618021946686
2025-08-25,META,6861200,-0.0020137509823545,0,0.011592167556631271
2025-08-26,META,7601800,0.0043952954803173,1,0.009230144896715345
2025-08-27,META,8315400,-0.0065399215605334,0,0.01503389305079478
2025-08-28,META,7468000,0.0095564319241431,1,0.016465053763440846
2025-08-29,META,9070500,-0.008828919105818,0,0.015819609541427228
2025-09-02,META,9350900,0.0124924351257655,1,0.019654591982691948
2025-09-03,META,7699300,0.0014266138491422,1,0.008505448051120891
2025-09-04,META,11439100,0.0001068932619005,1,0.02049235965937984
2025-09-05,META,9663400,-0.0002258548952446,0,0.01716667507371299
2025-09-08,META,13087800,-0.0048941960410467,0,0.019166653749173236
2025-09-09,META,10999000,0.0108384560568463,1,0.016990317077596448
2025-09-10,META,12478300,-0.017186653679954,0,0.01921243725016735
2025-09-11,META,7923300,-0.0049691908549418,0,0.011568250429102284
2025-09-12,META,8248600,0.0091622434865289,1,0.018444563352395627
2025-09-15,META,10533800,0.0095449876345525,1,0.029149692983007423
2025-09-16,META,11782500,0.015645371577575,1,0.021199491219849972
2025-09-17,META,9400900,-0.0054744542682746,0,0.021769485097684216
2025-09-18,META,10955000,-0.0006404098623119,0,0.019750296439721454
2025-09-19,META,23696800,-0.0102235169528522,0,0.02747893723604845
2025-09-22,META,11706900,-0.021346809442436,0,0.027191929947548096
2025-09-23,META,10872600,-0.018004518148765,0,0.025388324032133622
2025-09-24,META,8828200,0.0041715817089521,1,0.011326674659653466
2025-09-25,META,10591100,-0.006025667249246,0,0.016218769049436796
2025-09-26,META,9696300,-0.0083333333333332,0,0.019440022786458223
2025-09-29,META,9246800,-0.0071053885260554,0,0.015533183750782867
2025-09-30,META,16226800,-0.0106028900197878,0,0.022458717292228005
2025-10-01,META,20419600,-0.0057519347947683,0,0.016147089407466075
2025-10-02,META,11415300,0.0061861255465209,1,0.013327250484447127
2025-10-03,META,16154300,-0.0261365448194275,0,0.028535020743236418
2025-10-06,META,21654700,0.0148470208977401,1,0.03739417040215138
2025-10-07,META,12062900,-0.0064648523138287,0,0.017764588586700845
2025-10-08,META,10790600,0.0061532196696684,1,0.01659545399521699
2025-10-09,META,12717200,0.0212034023605788,1,0.029333973471104665
2025-10-10,META,16980100,-0.0350517097852237,0,0.042083963340493365
2025-10-13,META,9251800,0.0037727414826763,1,0.017250792589871163
2025-10-14,META,8829800,0.001229188563079,1,0.0229166831949728
2025-10-15,META,10246800,0.0006833322679319,1,0.020068076168565853
2025-10-16,META,9017000,-0.0076370713706027,0,0.03011634829516233
2025-10-17,META,12232400,0.0139163398519042,1,0.01756517312039683
2025-10-20,META,8900200,0.0152248095946699,1,0.01884389246864647
2025-10-21,META,7647300,-0.0037363114141262,0,0.013246922286447374
2025-10-22,META,8734500,-0.0005723995142338,0,0.022580087899339622
2025-10-23,META,9856000,-0.000952786437186,0,0.012671835312247515
2025-10-24,META,9151300,0.0021308749725699,1,0.013653819756788825
2025-10-27,META,11321100,0.0014538925798154,1,0.010323703781374333
2025-10-28,META,12193800,-0.0015811254317339,0,0.017113328992003123
2025-10-29,META,26818600,-0.0040808441071133,0,0.022060236341710806
2025-10-30,META,88440100,-0.0040051611942841,0,0.04601365603993086
2025-10-31,META,56953200,-0.0387837597677422,0,0.04346860224417833
2025-11-03,META,33003600,-0.0278810640660727,0,0.0352896713629002
2025-11-04,META,27356600,-0.0011463771866663,0,0.025046145180371206
2025-11-05,META,20219900,0.0057566931765936,1,0.02481378200880384
2025-11-06,META,23628800,-0.0265942813459238,0,0.028308564427344748
2025-11-07,META,29946800,0.0084673422455678,1,0.033950255490481265
2025-11-10,META,19245000,0.0010616281063647,1,0.026763241264634467
2025-11-11,META,13302200,-0.0014649409397392,0,0.01619424030279656
2025-11-12,META,24493300,-0.030439550679886,0,0.03378276875514642
2025-11-13,META,20973800,-0.0051869976312502,0,0.02389616885354321
2025-11-14,META,20724100,0.0127453833153798,1,0.030708355312474754
2025-11-17,META,16501300,-0.0115427041168766,0,0.02674697657796837
2025-11-18,META,25500600,0.0102941634665164,1,0.03360369281281087
2025-11-19,META,24744700,-0.005726543735559,0,0.023714912390717026
2025-11-20,META,20603000,-0.0237779214348591,0,0.038724101271230424
2025-11-21,META,21052600,0.009770603228547,1,0.027629583289082424
2025-11-24,META,23554900,0.0239344230876663,1,0.03185129652819715
2025-11-25,META,25213000,0.0195832863832132,1,0.030048076923076893
2025-11-26,META,15209500,-0.0063981198924608,0,0.010553686654932764
2025-11-28,META,11033200,0.0186611665172164,1,0.01973020289237624
2025-12-01,META,13029900,0.0020639627072374,1,0.011820807916332953
2025-12-02,META,11640900,0.0074103255775149,1,0.015256697984312007
2025-12-03,META,11134300,-0.007464188574119,0,0.017535401784407847
2025-12-04,META,29874600,-0.0214052821052144,0,0.023742585492557183
2025-12-05,META,21207900,0.0141867212502352,1,0.01852407800145901
2025-12-08,META,13161000,-0.0037948411279584,0,0.017390286224360108
2025-12-09,META,12997100,-0.0102595738858511,0,0.016782851417646544
2025-12-10,META,16910900,0.0002769331062399,1,0.017093599727518078
2025-12-11,META,13056700,0.0146435422081332,1,0.02250935347743085
2025-12-12,META,14016900,-0.008571879699686,0,0.11140353340773133
2025-12-15,META,15549100,0.0028031555279162,1,0.022146488342304167
2025-12-16,META,14309100,0.0212121591516122,1,0.0300543369391025
2025-12-17,META,15598500,-0.0093195428502908,0,0.018349275530432686
2025-12-18,META,20260300,0.0112932173253888,1,0.021460169181348784
2025-12-19,META,49977100,-0.0114791926639114,0,0.019237129217277743
2025-12-22,META,15659400,-0.0002267428527572,0,0.025587534272025342
2025-12-23,META,8486800,0.0074085519867796,1,0.011741534949366493
2025-12-24,META,5627500,0.0075769524008161,1,0.009025976490599734
2025-12-26,META,7133800,-0.0071401065004369,0,0.011421137189318654
2025-12-29,META,8506500,0.0010334077988014,1,0.008905617338024587
2025-12-30,META,9187500,0.0110218915403544,1,0.02183112510339849
2025-12-31,META,7940400,-0.0070101137939543,0,0.008364042961404737
2026-01-02,META,13726500,-0.0185897842066912,0,0.03152115531828213
2026-01-05,META,12213700,0.0119506123485254,1,0.025790660320858114
2026-01-06,META,11074400,0.0015919277427857,1,0.020649809672883473
2026-01-07,META,12846300,-0.0106003478307496,0,0.021871799364103918
2026-01-08,META,11921700,0.0002786781978393,1,0.017619379446306337
2026-01-09,META,11634900,0.0118058922415165,1,0.01874695800589494
2026-01-12,META,14797200,-0.0161832530605969,0,0.019523990716722655
2026-01-13,META,18030400,-0.0174069975801466,0,0.028290350464394345
2026-01-14,META,15527900,-0.0175259065742219,0,0.021755793907122994
2026-01-15,META,13076100,0.0037511437677584,1,0.01607166400741484
2026-01-16,META,17012500,-0.0062962490337665,0,0.014418917789110973
2026-01-20,META,15169600,-0.0061854473505011,0,0.018753741400427036
2026-01-21,META,14494700,0.0102515605339918,1,0.029979897046805412
2026-01-22,META,21394700,0.0290458886247765,1,0.05405580495904003
2026-01-23,META,22797700,0.0216976438274003,1,0.03418269671311162
2026-01-26,META,16327400,0.0108700260335178,1,0.02103355910397724
2026-01-27,META,13297400,-0.002401541807393,0,0.01802581374701052
2026-01-28,META,25709600,-0.0085545137601926,0,0.01716829813171787
2026-01-29,META,59852900,0.001193340237789,1,0.04264813273042249
2026-01-30,META,23744600,-0.0151202749140893,0,0.02553945849441574
2026-02-02,META,14365200,-0.0114609609868666,0,0.024881008772971357
2026-02-03,META,13760700,-0.022152456307622,0,0.043244733402073375
2026-02-04,META,16882800,-0.0272490523411557,0,0.031073234734687514
2026-02-05,META,17131800,0.0099912666326038,1,0.04219536345111038
2026-02-06,META,18159300,-0.0060556406870964,0,0.03830258998395723
2026-02-09,META,14837500,0.0211706899822107,1,0.036988402142148304
2026-02-10,META,10455800,-0.0101534904526276,0,0.016027223698359464
2026-02-11,META,14323800,-0.0078783346566672,0,0.0328932402749445
2026-02-12,META,14960100,-0.0300908608237673,0,0.04585275765551818
2026-02-13,META,12336400,-0.008262217108048,0,0.026135461152744184
2026-02-17,META,12674700,-0.0003284159072027,0,0.02157933978572129
2026-02-18,META,14649200,0.0148627060454176,1,0.02658563570601015
2026-02-19,META,10035700,0.009724888268207,1,0.016396059348533474
2026-02-20,META,14183500,0.0249651716334082,1,0.03840914535992461
2026-02-23,META,8605900,-0.0234314808934251,0,0.03325468620732056
2026-02-24,META,10135600,0.0098249360826726,1,0.019160302892787605
2026-02-25,META,11330700,0.0173687962206897,1,0.018271504364118504
2026-02-26,META,10637700,0.0099300931425306,1,0.020751672051827343
2026-02-27,META,15703000,0.0073509680301756,1,0.017592675591676838
2026-03-02,META,9816100,0.0257392571807745,1,0.03992718236183908
2026-03-03,META,12263800,0.0104737683639058,1,0.031158820676729707
2026-03-04,META,10810100,0.0148488634108833,1,0.02294977827957048
2026-03-05,META,13341400,-0.0020545758110535,0,0.030803883906231636
2026-03-06,META,13159400,-0.0046921422255683,0,0.020620442735196365
2026-03-09,META,13489700,0.0198651261375223,1,0.03303501958993994
2026-03-10,META,9859300,0.0007803564592848,1,0.017289901210570443
2026-03-11,META,8977200,0.0001526904277085,1,0.016433517021720023
2026-03-12,META,11617500,-0.0162928821953275,0,0.025587630960982537
2026-03-13,META,18957600,-0.0163169668319145,0,0.031447842819288134
2026-03-16,META,15134900,-0.0071993477736848,0,0.018433582933643267
2026-03-17,META,10348800,-0.0084874236416642,0,0.02364683484906375
2026-03-18,META,11726300,-0.0010708929339783,0,0.013044810838458449
2026-03-19,META,13247700,-0.0089030662250612,0,0.01754470277879205
2026-03-20,META,21214900,-0.0163538774762251,0,0.027687142580334823
2026-03-23,META,13638000,-0.0028557429662065,0,0.015896606467758194
2026-03-24,META,10739700,-0.0103154614048131,0,0.016691704903208773
2026-03-25,META,12585000,-0.0064301293528605,0,0.01715261827103546
2026-03-26,META,35780100,-0.0600010520231747,0,0.06806988116329453
2026-03-27,META,30133000,-0.0266247093738748,0,0.04321415825837005
2026-03-30,META,22795200,0.0,0,0.020526510431779513
2026-03-31,META,32898300,0.0402742376098561,1,0.04894720510956093
2026-04-01,META,23608100,-0.0015514184863517,0,0.032285833022088685
2026-04-02,META,13518500,0.0148753520460807,1,0.03321318020413835
2026-04-06,META,9515700,-0.0080838908245255,0,0.018677799480246518
2026-04-07,META,9580800,0.0044892527457719,1,0.018288797967314155
2026-04-08,META,32036600,0.0105940312048782,1,0.0629042823715966
2026-04-09,META,19012900,0.0022649313550376,1,0.02312710445085378
2026-04-10,META,13294800,-0.0072658842253064,0,0.022459691802605042
2026-04-13,META,9538900,0.0079905151658062,1,0.016838722138105573
2026-04-14,META,17818000,0.0299586772938429,1,0.041805316801720505
2026-04-15,META,14952600,0.0068665923385962,1,0.021409339275674774
2026-04-16,META,9544800,0.0013018016472512,1,0.014541660722573057
2026-04-17,META,16283500,0.0146625590406776,1,0.02415268971132148
2026-04-20,META,12534000,-0.0153369913580106,0,0.022572509706270557
2026-04-21,META,8660100,-0.0032190359829078,0,0.0132190687290425
2026-04-22,META,9215600,0.0005338177818703,1,0.012797326458083787
2026-04-23,META,11667000,-0.0068554884876956,0,0.02487571110737746
2026-04-24,META,13348300,0.0222771108091437,1,0.04063174787541153
2026-04-27,META,12805200,0.011356177521889,1,0.0173770091572746
2026-04-28,META,10606800,-0.0043010848079452,0,0.018613532235912368
2026-04-29,META,18947500,0.0003139764409087,1,0.015607485103455724
2026-04-30,META,52765000,-0.0119647905639326,0,0.03366591639114029
2026-05-01,META,21404000,-0.0096634115046834,0,0.02077473113362918
2026-05-04,META,16203900,0.0040628527374509,1,0.018505115562097454
2026-05-05,META,17171300,-0.013614608630507,0,0.02281063457316039
2026-05-06,META,19915500,0.0196822516098586,1,0.036353110498057145
2026-05-07,META,12307400,0.0033999657650264,1,0.01861010376533081
2026-05-08,META,13557000,-0.0090539779156316,0,0.0174090080626527
2026-05-11,META,15940600,-0.0094447655415927,0,0.011297212848709553
2026-05-12,META,11351600,0.0137520469638853,1,0.01874520741866194
2026-05-13,META,14634400,0.0297246084614662,1,0.038809095413205534
2026-05-14,META,10651200,0.0039447933048396,1,0.014172046215503177
2026-05-15,META,13272600,0.0003908699460774,1,0.019365160405788943
2026-05-18,META,13772400,0.0034477133384731,1,0.019536741639843733
2026-05-19,META,11749900,-0.0103626054911796,0,0.021973338465370577
2026-05-20,META,11329700,0.007157579937197,1,0.01696185211359479
2026-05-21,META,13476100,0.0123000081380207,1,0.024649963378906334
2026-05-22,META,11688600,0.0039152544312939,1,0.01293015938742335
2026-05-26,META,12234200,0.0056660679663522,1,0.015060163066478923
2026-05-27,META,23143600,0.0424351564088412,1,0.04840826849057684
2026-05-28,META,16772400,-0.0065833025373827,0,0.021407353309470384
2026-05-29,META,19806500,-0.0015627312302683,0,0.01760066995116415
2026-06-01,META,29138800,-0.0474778752408148,0,0.05745553505774425
2026-06-02,META,18252000,-0.0092997570492348,0,0.020224143631941895
2026-06-03,META,23020100,0.0331342959680762,1,0.039601998147284316
2026-06-04,META,21469200,0.0062533463545323,1,0.032020190622446765
2026-06-05,META,30091600,-0.0488564156467952,0,0.07416682648427975
2026-06-08,META,19512400,-0.0111655157965582,0,0.02158788732580242
2026-06-09,META,16977400,-0.0108459782479379,0,0.028121819149217592
2026-06-10,META,17064000,-0.0167892141406751,0,0.03567928716467601
2026-06-11,META,17628000,0.004594976419437,1,0.02679245124269193
2026-06-12,META,14326400,-0.0104198125684375,0,0.02647697458233889
2026-06-15,META,17653300,0.0234177538937144,1,0.03788589552221526
2026-06-16,META,11344400,0.0110502775858023,1,0.02326286025545831
2026-06-17,META,20478300,-0.0412499711320206,0,0.046655397157411314
2026-06-18,META,28824600,0.0076812320146769,1,0.029887215701768433
2026-06-22,META,15405500,-0.0142827937246104,0,0.02797104900823476
2026-06-23,META,13103300,-8.890670158959537e-05,0,0.019884380036960872
2026-06-24,META,13963600,-0.0075104230868413,0,0.024008239838209967
2026-06-25,META,16968600,-0.0228242155600704,0,0.029088353046116344
2026-06-26,META,18867700,0.0127175853112131,1,0.03027561077559039
2026-06-29,META,15011400,0.0046428135463169,1,0.023035757882254464
2026-06-30,META,18111100,0.0041893528286618,1,0.025154179217297623
2026-07-01,META,45536300,0.0082249020757737,1,0.05458053852827466
2026-07-02,META,21705900,-0.0411251834116914,0,0.04865934512563161
2026-07-06,META,17674100,0.009162045131168,1,0.03668214366737709
2026-07-07,META,18560800,0.0131502985256794,1,0.03573136656803708
2026-07-08,META,13606500,-0.0183434288685483,0,0.029281058945381987
2026-07-09,META,26579700,0.0813198702520836,1,0.09623454707584334
2026-07-10,META,40608900,0.0134324662392893,1,0.03006023378661876
2026-07-13,META,19840700,-0.0070307907401682,0,0.033898791533815364
2026-07-14,META,16748200,0.0138649969744536,1,0.026763822403422163
2026-07-15,META,19003400,0.0266877978062293,1,0.04433400395974328
2026-07-16,META,15816000,-0.0188106111481796,0,0.032099058482649934
2026-07-17,META,22267900,-0.0026092363896174,0,0.04045084408406134
2026-07-20,META,10225200,-0.0013144218417327,0,0.02673570079013486
2026-07-21,META,9140500,-0.0158518989166441,0,0.019383033443007777
2026-07-22,META,11019600,-0.031696817832254,0,0.03859811568447058
2026-07-23,META,15494800,-0.0037967779302739,0,0.028648533851033522
2026-07-24,META,11503500,-0.0167024377258378,0,0.02565664724088922
2026-07-27,META,11195300,-0.0219854027041946,0,0.029857392308456226
2026-07-28,META,12009300,-0.0057136726950157,0,0.023457658637765118
2026-07-29,META,22371100,-0.0128782379240412,0,0.029919932574799833
2026-07-30,META,42271500,0.0247719188153517,1,0.029258582981820342
2026-07-31,META,24261500,0.0241170842080845,1,0.03331502428269653
2026-08-03,META,25938100,0.049800797677746,1,0.06787143362708892
2026-08-04,META,17959200,0.0110748107332867,1,0.025004261439972055
2026-08-05,META,14897200,-0.0194684109076933,0,0.034773347298320774
2026-08-06,META,11811500,0.0050260024630354,1,0.015861653232762677
2026-08-07,META,11250300,0.011030600327708,1,0.022402832438052404
2026-08-10,META,14967300,-0.0070268922243006,0,0.027005812668230485
2026-08-11,META,13146900,0.0018729015337583,1,0.03182268940086747
2026-08-12,META,16186900,-0.0369674604746926,0,0.04373862895668136
2026-08-13,META,11164200,0.0245560575690222,1,0.028344544290084674
2026-08-14,META,8758000,-0.011943457261689,0,0.021055994732601842
2026-08-17,META,17225600,-0.0352353188586265,0,0.04322168755298855
2026-08-18,META,27094900,-0.0247721856253596,0,0.03130148486624117
2026-08-19,META,16971700,0.008663690487935,1,0.031034076476029997
2026-08-20,META,13872200,-0.0020477101968937,0,0.01952645111513164
2026-08-21,META,13848000,0.0055038667465156,1,0.019455492628215786
2026-08-24,META,12990600,0.0160305473074034,1,0.027480906546214493
2026-08-25,META,9769100,0.0109420140042712,1,0.016670148431419878
2026-08-26,META,31416300,-0.024004307853095,0,0.053294069391961386
2026-08-27,META,15221400,-0.0093325094801,0,0.03602903870896156
2023-01-03,MSFT,25740000,-0.014398551808604,0,0.03435085585246544
2023-01-04,MSFT,50623400,-0.0136903422270238,0,0.029748529531747763
2023-01-05,MSFT,39585600,-0.0215228849266332,0,0.02548419288157324
2023-01-06,MSFT,43613600,0.008654675676149,1,0.028744342615786175
2023-01-09,MSFT,27369800,0.0029587024860876,1,0.021329220119877722
2023-01-10,MSFT,27033900,0.0047857904064314,1,0.01747451626066664
2023-01-11,MSFT,28669300,0.0193696706142656,1,0.020926094852287788
2023-01-12,MSFT,27269500,0.0138145034255094,1,0.02694889265461757
2023-01-13,MSFT,21333300,0.0094092646731605,1,0.018776358431401605
2023-01-17,MSFT,29831300,0.0100012811304109,1,0.016052474280890072
2023-01-18,MSFT,30028700,-0.0238440600694867,0,0.028397567588531784
2023-01-19,MSFT,28623000,-0.0079134490254752,0,0.020703274967714378
2023-01-20,MSFT,35389800,0.022822109326501,1,0.026526487993432584
2023-01-23,MSFT,31934000,0.0061385138534738,1,0.02289508142978213
2023-01-24,MSFT,40234400,-0.001896934902545,0,0.014474204151900563
2023-01-25,MSFT,66526600,0.026142975923351,1,0.052883015102413986
2023-01-26,MSFT,33454500,0.0178535038476698,1,0.025897794855987567
2023-01-27,MSFT,26498900,-0.0033334744879045,0,0.012048676387865526
2023-01-30,MSFT,25867400,-0.0073616123406293,0,0.013905399499644496
2023-01-31,MSFT,26541100,0.0179092243376717,1,0.020538098429563865
2023-02-01,MSFT,31259900,0.0191532258064515,1,0.03915319135112146
2023-02-02,MSFT,39940400,0.0223321173623814,1,0.028745855153640844
2023-02-03,MSFT,29077300,-0.0045850443177444,0,0.027356114162594397
2023-02-06,MSFT,22518000,-0.0026026003005763,0,0.013673046070115167
2023-02-07,MSFT,50841400,0.0269834522405699,1,0.033355093394706624
2023-02-08,MSFT,54686000,-0.0236822874509982,0,0.03861646354009708
2023-02-09,MSFT,42375100,-0.0371803985743007,0,0.0408328111461168
2023-02-10,MSFT,25818500,0.0060031634288488,1,0.013115102251332082
2023-02-13,MSFT,44630900,0.0137497850634001,1,0.027835943055141747
2023-02-14,MSFT,37047900,-0.0018337183238982,0,0.02086772347966405
2023-02-15,MSFT,28922400,0.0037268931600454,1,0.016957432119659274
2023-02-16,MSFT,29603600,-0.0070827785584471,0,0.01833193144190297
2023-02-17,MSFT,30000100,-0.0051274799133898,0,0.015767747819568204
2023-02-21,MSFT,28397400,-0.0071125337511072,0,0.015325405614392728
2023-02-22,MSFT,22491100,-0.0101538898352526,0,0.0157424536882624
2023-02-23,MSFT,29219100,-0.0030912243452799,0,0.024886526338666753
2023-02-24,MSFT,24990900,-0.0029604955724423,0,0.011601831567415765
2023-02-27,MSFT,21190000,-0.0091103659613087,0,0.01358634177039301
2023-02-28,MSFT,22491000,0.0014051906469452,1,0.011081261028881049
2023-03-01,MSFT,27565300,-0.0179055285242184,0,0.02049768504644112
2023-03-02,MSFT,24808200,0.0184952241011997,1,0.023484052786311965
2023-03-03,MSFT,30760100,0.0122922828610019,1,0.016773050821163444
2023-03-06,MSFT,24109800,0.001715877447934,1,0.016144754934664975
2023-03-07,MSFT,21473200,-0.0083885836866331,0,0.016777226908146623
2023-03-08,MSFT,17340200,-0.0013383575298227,0,0.014682710699562595
2023-03-09,MSFT,26653400,-0.0136814944093257,0,0.031193790552219783
2023-03-10,MSFT,28333900,-0.0099171796837866,0,0.02067065136517482
2023-03-13,MSFT,33339700,0.0263541003771769,1,0.04923204622093312
2023-03-14,MSFT,33620300,0.0157351842061221,1,0.02029213909977479
2023-03-15,MSFT,46028000,0.0210015817537805,1,0.027963763458846536
2023-03-16,MSFT,54768800,0.0414389393538916,1,0.05007352364982914
2023-03-17,MSFT,69527400,0.0042046390753084,1,0.025192190764139206
2023-03-20,MSFT,43466600,-0.0171492519734012,0,0.027547131851291245
2023-03-21,MSFT,34558700,-0.004001768349737,0,0.019936011674128066
2023-03-22,MSFT,34873300,-0.0040599318812815,0,0.03240678883297718
2023-03-23,MSFT,36610900,-0.0010074072707683,0,0.021083634237924625
2023-03-24,MSFT,28172000,0.012011315853202,1,0.01929738238337397
2023-03-27,MSFT,26840200,-0.0146880396334671,0,0.021176479292000935
2023-03-28,MSFT,21878600,-0.002030521560764,0,0.014830221287014177
2023-03-29,MSFT,25087000,0.0055564179739963,1,0.00978638898032696
2023-03-30,MSFT,25053400,-0.0006333715174365,0,0.010484397683442758
2023-03-31,MSFT,32766000,0.0161067797895402,1,0.02209843432450294
2023-04-03,MSFT,24883300,0.0024780887891991,1,0.015077401131809021
2023-04-04,MSFT,25824300,-0.0001741402661063,0,0.016641710811773163
2023-04-05,MSFT,22064800,-0.0052825248675283,0,0.014797902320905615
2023-04-06,MSFT,29770300,0.029624712762891,1,0.035485993065900945
2023-04-10,MSFT,23103000,0.0006224653320365,1,0.01690818019057627
2023-04-11,MSFT,27276600,-0.010218769650864,0,0.015188088671533364
2023-04-12,MSFT,27403400,-0.0045648311792576,0,0.017732427961040385
2023-04-13,MSFT,24222700,0.0220388592006372,1,0.023731374715811108
2023-04-14,MSFT,20987900,-0.0029964646395906,0,0.016689925243630253
2023-04-17,MSFT,23836200,-0.0038975094379977,0,0.018763158620466163
2023-04-18,MSFT,20161800,-0.0109751076127419,0,0.016291113216998637
2023-04-19,MSFT,17150300,0.0086017764839958,1,0.01576971013688571
2023-04-20,MSFT,23244400,0.0030148478582383,1,0.01384754498521028
2023-04-21,MSFT,21676400,0.002631486524339,1,0.011262732343042382
2023-04-24,MSFT,26611000,-0.0011344157126203,0,0.022085189362283267
2023-04-25,MSFT,45772200,-0.0146327365568058,0,0.02228904428700829
2023-04-26,MSFT,64599200,-0.0044826998150431,0,0.02305357619303973
2023-04-27,MSFT,46462600,0.0299354168159617,1,0.033618313227668915
2023-04-28,MSFT,36469600,0.0106904374711397,1,0.01848621735027784
2023-05-01,MSFT,21294100,-0.0045932946428065,0,0.011238923000006083
2023-05-02,MSFT,26404400,-0.0076358397093412,0,0.01712369653771876
2023-05-03,MSFT,22360800,-0.0072402363057068,0,0.01474133809161535
2023-05-04,MSFT,22519900,-0.0027102488203137,0,0.01423725185533003
2023-05-05,MSFT,28197100,0.0161258427845622,1,0.025186484941403773
2023-05-08,MSFT,21318600,-0.0047722276562288,0,0.01325255797385245
2023-05-09,MSFT,21340800,-0.0032467532467532,0,0.012110425280285818
2023-05-10,MSFT,30078000,0.0119564593992202,1,0.01727038641887679
2023-05-11,MSFT,31680200,3.218074121407659e-05,1,0.015672316207372736
2023-05-12,MSFT,19774700,-0.0050877045061065,0,0.013041339404813395
2023-05-15,MSFT,16336500,0.0011646242136984,1,0.007473301562537388
2023-05-16,MSFT,26730300,0.006164683035494,1,0.012523012784327811
2023-05-17,MSFT,24315000,0.0054756521447664,1,0.011815947806333646
2023-05-18,MSFT,27276000,0.0126855633798375,1,0.016914149190429887
2023-05-19,MSFT,27546700,0.0050514811922916,1,0.007514065025547887
2023-05-22,MSFT,24115700,0.0080978861357188,1,0.01437534992004221
2023-05-23,MSFT,30797200,-0.0149048183978572,0,0.02334156563196019
2023-05-24,MSFT,23384900,-0.0027960628224002,0,0.012359846575312902
2023-05-25,MSFT,43301700,0.0082911250907294,1,0.02134634978636548
2023-05-26,MSFT,36630600,0.0273749334470576,1,0.029380869503301456
2023-05-30,MSFT,29503100,-0.0119918247158782,0,0.015571401872238834
2023-05-31,MSFT,45950600,-0.0117367173137771,0,0.02591114883906191
2023-06-01,MSFT,26773900,0.0204031357835161,1,0.027030337055717
2023-06-02,MSFT,25873800,0.0034405202587415,1,0.014809311015800243
2023-06-05,MSFT,21307100,0.0021478468411228,1,0.011634132457140083
2023-06-06,MSFT,20396200,-0.0049205080444804,0,0.009542784175561632
2023-06-07,MSFT,40717100,-0.024935893761099,0,0.036152541700686276
2023-06-08,MSFT,23277700,0.0040748512510661,1,0.01015622806731617
2023-06-09,MSFT,22529000,0.0055386884662162,1,0.017169718268065758
2023-06-12,MSFT,24260300,0.0099519741459687,1,0.021121196436228756
2023-06-13,MSFT,22951300,-0.0005381429578865,0,0.01970280238538392
2023-06-14,MSFT,26003800,0.0089729019347363,1,0.018633759210884036
2023-06-15,MSFT,38899100,0.031468515975655,1,0.037454023110635205
2023-06-16,MSFT,46552000,-0.0255892649565403,0,0.027097770736655657
2023-06-20,MSFT,26375400,-0.0037134472154992,0,0.018331323171900074
2023-06-21,MSFT,25117800,-0.008353888870542,0,0.01682671981529584
2023-06-22,MSFT,23556800,0.016730505266319,1,0.02029210726200003
2023-06-23,MSFT,23146900,0.0019739313644706,1,0.013488394083116506
2023-06-26,MSFT,21520600,-0.0153421883568836,0,0.02283349840978831
2023-06-27,MSFT,24354100,0.0081661607071588,1,0.020641253558361227
2023-06-28,MSFT,20259500,0.0035558549823233,1,0.012460447564999857
2023-06-29,MSFT,16997000,0.0010157938112709,1,0.010426907841032888
2023-06-30,MSFT,26832800,0.0082605730419596,1,0.01637305338059757
2023-07-03,MSFT,12508700,-0.0035378761118955,0,0.01276566685662734
2023-07-05,MSFT,18172400,0.0091318678326289,1,0.020651117567766546
2023-07-06,MSFT,28161200,0.0117699417858854,1,0.022205723407770394
2023-07-07,MSFT,21214800,-0.0061888661387098,0,0.014116493108362493
2023-07-10,MSFT,32791400,-0.0082785997630645,0,0.022833277074340137
2023-07-11,MSFT,26698200,0.0042590577916614,1,0.01770067478637425
2023-07-12,MSFT,29995300,0.0017825492948181,1,0.017765835889233368
2023-07-13,MSFT,20567200,0.0091294796966792,1,0.013900345313463054
2023-07-14,MSFT,28352700,-0.0067608565501729,0,0.02048388961765808
2023-07-17,MSFT,20363900,0.0001446954165896,1,0.013856682853601983
2023-07-18,MSFT,64738600,0.0394991880186622,1,0.07116209208891124
2023-07-19,MSFT,39732900,-0.0184381850110142,0,0.027698656568546975
2023-07-20,MSFT,33778400,-0.0189496056459546,0,0.03563652414657904
2023-07-21,MSFT,69405400,-0.0154088643186617,0,0.029987115577058604
2023-07-24,MSFT,26678100,-0.002139715885191,0,0.013329523746663888
2023-07-25,MSFT,41637700,0.0111492777450523,1,0.01964797214724678
2023-07-26,MSFT,58383700,-0.0107486334392354,0,0.0338566892968426
2023-07-27,MSFT,39635300,-0.0286654412908161,0,0.03606672457429501
2023-07-28,MSFT,28484900,0.0140857179258364,1,0.020499283911144823
2023-07-31,MSFT,25446000,-0.0029680635169941,0,0.012881475372491125
2023-08-01,MSFT,18311900,0.0034308717089059,1,0.014439560555618548
2023-08-02,MSFT,27761300,-0.0183736618202719,0,0.021790664583071814
2023-08-03,MSFT,18253700,0.002024551110765,1,0.012055192256997633
2023-08-04,MSFT,23741500,-0.012353881050964,0,0.023803857713127364
2023-08-07,MSFT,17741500,0.0052988709694807,1,0.010932778241840928
2023-08-08,MSFT,22327600,-0.0027832263453995,0,0.017586249542063663
2023-08-09,MSFT,22373300,-0.0129873808267873,0,0.018562188059958833
2023-08-10,MSFT,20113700,-0.0094779352248891,0,0.021716512264365558
2023-08-11,MSFT,24355500,0.0023418471777006,1,0.009991919407524804
2023-08-14,MSFT,18836100,0.008245414529705,1,0.012383741886572928
2023-08-15,MSFT,16966300,-0.0035294571159055,0,0.01297214378144351
2023-08-16,MSFT,20698900,-0.0012468638145413,0,0.014401576716228656
2023-08-17,MSFT,21257200,-0.011418242854375,0,0.017657713580912417
2023-08-18,MSFT,24755000,0.0063277713559977,1,0.02171775669156801
2023-08-21,MSFT,24040000,0.0124241571982149,1,0.018022774197945197
2023-08-22,MSFT,16084600,-0.0093395039782545,0,0.014193533386136633
2023-08-23,MSFT,21166400,0.0098202476803645,1,0.017725960787240844
2023-08-24,MSFT,23281400,-0.0386961233187025,0,0.03911677720444702
2023-08-25,MSFT,21684100,0.0046972027246432,1,0.02040625107687742
2023-08-28,MSFT,14808500,-0.0060185206443457,0,0.013603121740358482
2023-08-29,MSFT,19284600,0.0202870594017613,1,0.022057928407514898
2023-08-30,MSFT,15222100,0.000365092987754,1,0.010222975064019044
2023-08-31,MSFT,26411000,-0.0043742478372103,0,0.012545579373232899
2023-09-01,MSFT,14942000,-0.0079985328423893,0,0.015725427827322686
2023-09-05,MSFT,18553900,0.013829750130604,1,0.018814597086340902
2023-09-06,MSFT,17535800,-0.0014997900074293,0,0.012838198801998761
2023-09-07,MSFT,18381000,-0.0041655493592267,0,0.012224901713024552
2023-09-08,MSFT,19530100,0.0126631910150421,1,0.02029753182878307
2023-09-11,MSFT,16583300,0.0020757093681113,1,0.008866151223273075
2023-09-12,MSFT,17565500,-0.0120600864219408,0,0.015812034550601334
2023-09-13,MSFT,16544400,0.0143370258519287,1,0.017144042490829764
2023-09-14,MSFT,20267000,-0.001326792562439,0,0.012649205674622922
2023-09-15,MSFT,37679800,-0.0198860617951042,0,0.023002492256703925
2023-09-18,MSFT,16834200,0.0038438371340659,1,0.012324614689959849
2023-09-19,MSFT,16505900,0.0076033368079664,1,0.014961537486319784
2023-09-20,MSFT,21436500,-0.0265242951440829,0,0.027556026533834512
2023-09-21,MSFT,35560400,0.0008456712566978,1,0.03241873641209787
2023-09-22,MSFT,21447900,-0.0134134117401687,0,0.01649451696046747
2023-09-25,MSFT,17836000,0.0030007650842426,1,0.008433663282540116
2023-09-26,MSFT,26297600,-0.0094881166123387,0,0.018595550339041207
2023-09-27,MSFT,19410100,0.0015690706727723,1,0.014761400998256029
2023-09-28,MSFT,19683600,0.0085212530862016,1,0.019389687670501535
2023-09-29,MSFT,24147300,-0.0062942564909519,0,0.014130575088512839
2023-10-02,MSFT,20570000,0.0174528551757197,1,0.02121544833234469
2023-10-03,MSFT,21033500,-0.0231897647826392,0,0.03173027341403573
2023-10-04,MSFT,20720100,0.0156991137628418,1,0.01923385844792126
2023-10-05,MSFT,16965600,0.0008461218363798,1,0.015920327017912596
2023-10-06,MSFT,25673600,0.0338335883293758,1,0.040720313206481264
2023-10-09,MSFT,19891200,0.0156120317912816,1,0.021924542316204745
2023-10-10,MSFT,20557100,-0.0077652189781055,0,0.010363768323479726
2023-10-11,MSFT,20063200,0.0036533377732367,1,0.011110753813960069
2023-10-12,MSFT,19313100,0.0017847848407854,1,0.014853143217236013
2023-10-13,MSFT,21072400,-0.0139899928641128,0,0.022474279773047223
2023-10-16,MSFT,22158000,0.004802981163265,1,0.016734658659424077
2023-10-17,MSFT,18338500,0.0074941631971467,1,0.018356102612915575
2023-10-18,MSFT,23153600,-0.0071581249141811,0,0.021925497786514227
2023-10-19,MSFT,25052100,-0.0024988306112217,0,0.01797381102034189
2023-10-20,MSFT,25027700,-0.015223645768676,0,0.019504404910448588
2023-10-23,MSFT,24374700,0.0118290659325769,1,0.025624470171170078
2023-10-24,MSFT,31153600,-0.002324144407011,0,0.012798039210990243
2023-10-25,MSFT,55053800,-0.0126078943958378,0,0.024868173911812855
2023-10-26,MSFT,37828500,-0.0371468655049841,0,0.043137376146122876
2023-10-27,MSFT,29856500,-0.0018763282115127,0,0.025179334529666496
2023-10-30,MSFT,22828100,0.0116972911839705,1,0.02285482004459607
2023-10-31,MSFT,20265300,-0.0021839183668983,0,0.012719484966681915
2023-11-01,MSFT,28158800,0.0184819995331518,1,0.022867121857182992
2023-11-02,MSFT,24348100,0.0031102900593758,1,0.01169219465722655
2023-11-03,MSFT,23637700,0.009066678677131,1,0.020192855240036396
2023-11-06,MSFT,23828300,0.008714065542206,1,0.011854582817080279
2023-11-07,MSFT,25833900,0.0031441427434692,1,0.013439027975211288
2023-11-08,MSFT,26767800,0.0042026641285977,1,0.009179405528231455
2023-11-09,MSFT,24847300,-0.0044437907971515,0,0.012227500255646834
2023-11-10,MSFT,28042100,0.0226286298772914,1,0.024979941418134945
2023-11-13,MSFT,19986500,-0.0041823055233732,0,0.006979542978922551
2023-11-14,MSFT,27683900,-0.0019946112839937,0,0.012398603763875648
2023-11-15,MSFT,26860100,-0.0043363104849598,0,0.01621423063737
2023-11-16,MSFT,27182300,0.0140447004870259,1,0.016632557606907367
2023-11-17,MSFT,40157000,-0.0100639153006277,0,0.01972644042222894
2023-11-20,MSFT,52465100,0.0167555659723332,1,0.0212003531364374
2023-11-21,MSFT,28423100,-0.0069209838703715,0,0.013575760431293141
2023-11-22,MSFT,23345300,-0.0003968092499586,0,0.012751342127563023
2023-11-24,MSFT,10176600,0.0002650361939799,1,0.007500030935716949
2023-11-27,MSFT,22179200,0.0048569100753608,1,0.011784071489439708
2023-11-28,MSFT,20453100,0.0114973068146997,1,0.012792378115004976
2023-11-29,MSFT,28963400,-0.0127944640847493,0,0.01787571705491714
2023-11-30,MSFT,30554400,0.0011097081523193,1,0.012206386526435293
2023-12-01,MSFT,33040500,-0.0059719713920798,0,0.018181351327007322
2023-12-04,MSFT,32063300,0.0001083948638858,1,0.01793550530403114
2023-12-05,MSFT,23065000,0.016564269625979,1,0.020357459971548423
2023-12-06,MSFT,21182100,-0.0126894593444415,0,0.01646408351394768
2023-12-07,MSFT,23118900,0.007386690762704,1,0.013931523042001553
2023-12-08,MSFT,20154400,0.0136240482475288,1,0.01687426940077275
2023-12-11,MSFT,27708800,0.0076529980529804,1,0.014926182794225192
2023-12-12,MSFT,24838300,0.0095186698697574,1,0.010678230841260702
2023-12-13,MSFT,30955500,-0.0043880483609725,0,0.018270373478777552
2023-12-14,MSFT,43277500,-0.0197691059202189,0,0.025796268371572176
2023-12-15,MSFT,78502300,0.0105765430509974,1,0.01668255421934112
2023-12-18,MSFT,21802900,0.0086614740390371,1,0.011693076685562288
2023-12-19,MSFT,20603700,0.0047646493250956,1,0.0092062061364741
2023-12-20,MSFT,26316700,-0.0116800130208333,0,0.014666666666666772
2023-12-21,MSFT,17708000,0.0026304782927587,1,0.011729641254628395
2023-12-22,MSFT,17107500,0.0024084615556745,1,0.006609937029318446
2023-12-26,MSFT,12673100,-0.0009066569010415,0,0.009173339843749795
2023-12-27,MSFT,14905400,0.0010168987137194,1,0.006021033437609062
2023-12-28,MSFT,14327000,-0.0002397536805319,0,0.006127255302466993
2023-12-29,MSFT,18730800,0.0001064057045793,1,0.009787214563248105
2024-01-02,MSFT,25258600,-0.0079976203699985,0,0.02442092023896847
2024-01-03,MSFT,23083500,0.004308816280893,1,0.012872279543356865
2024-01-04,MSFT,20901500,-0.0073650710535838,0,0.01599803723248131
2024-01-05,MSFT,21004600,-0.0033065051810902,0,0.015068969130820937
2024-01-08,MSFT,23134000,0.0145952202182556,1,0.016761447728171685
2024-01-09,MSFT,20830000,0.0101610136288492,1,0.012902845802436528
2024-01-10,MSFT,25514200,0.017004527405251,1,0.020857151753214096
2024-01-11,MSFT,27850800,-0.0035492101481542,0,0.026683906199400857
2024-01-12,MSFT,21661200,0.0077304497180751,1,0.010454224185812601
2024-01-16,MSFT,27202300,-0.0086115292813625,0,0.01628309607905024
2024-01-17,MSFT,22234100,0.0038403788653624,1,0.013660466113950276
2024-01-18,MSFT,23392100,0.0054885987179219,1,0.009879493273582255
2024-01-19,MSFT,29331100,0.0073529502483909,1,0.013063506418438087
2024-01-22,MSFT,27016900,-0.0087745096356345,0,0.01757411872499366
2024-01-23,MSFT,20525900,0.0079595550132265,1,0.01377135112326282
2024-01-24,MSFT,24867000,0.0025401927378745,1,0.012900315200351236
2024-01-25,MSFT,21021200,0.0013602784502517,1,0.011080359381611475
2024-01-26,MSFT,17803300,-0.0010881184230267,0,0.0092490065957274
2024-01-29,MSFT,24510200,0.0090134553615595,1,0.0139142600798721
2024-01-30,MSFT,33477600,-0.0089021814893489,0,0.016009254910971354
2024-01-31,MSFT,47871100,-0.0230489607818067,0,0.04450072795703706
2024-02-01,MSFT,30657700,0.0048528289878649,1,0.015429441341397416
2024-02-02,MSFT,28256700,0.0183502233894893,1,0.022510577729249224
2024-02-05,MSFT,25352300,-0.0103683826867128,0,0.01749210425591053
2024-02-06,MSFT,18382600,-0.0009609112145106,0,0.012466732772545803
2024-02-07,MSFT,22340500,0.0162232115451478,1,0.01693499375402279
2024-02-08,MSFT,21225300,0.0001449041428876,1,0.007317954036052191
2024-02-09,MSFT,22032800,0.0127633661480282,1,0.013798942772614512
2024-02-12,MSFT,21202900,-0.0126022156737109,0,0.014242891071779777
2024-02-13,MSFT,27824900,0.0034079243208681,1,0.016496252865874455
2024-02-14,MSFT,20401200,0.0034797531910451,1,0.012914423797592986
2024-02-15,MSFT,21825500,-0.003871262393139,0,0.011858666546233538
2024-02-16,MSFT,22296500,-0.0095597460000286,0,0.011888435643448513
2024-02-20,MSFT,24307900,-0.00111591533665,0,0.01606978629521266
2024-02-21,MSFT,18518900,0.005022813255871,1,0.01266963329108722
2024-02-22,MSFT,27009900,0.0035593053131192,1,0.010385380488778264
2024-02-23,MSFT,16295900,-0.0128227125307665,0,0.01657561023958048
2024-02-26,MSFT,16193500,-0.0095270086802212,0,0.01166582027470577
2024-02-27,MSFT,14835800,-0.0012499798040484,0,0.010956154140289748
2024-02-28,MSFT,13183100,-0.0011269328809153,0,0.009750552550750337
2024-02-29,MSFT,31947300,0.0122357082536364,1,0.020262329880788365
2024-03-01,MSFT,17823400,0.0102852410808595,1,0.012133125118957032
2024-03-04,MSFT,17596000,0.0035797479140588,1,0.01216621214588379
2024-03-05,MSFT,26919200,-0.0273214750025452,0,0.03287753800487609
2024-03-06,MSFT,22344100,-0.0021837975039003,0,0.016800230769446308
2024-03-07,MSFT,18718500,0.0074362739278043,1,0.01856596236475913
2024-03-08,MSFT,18002200,-0.0042651001834001,0,0.014928000252542654
2024-03-11,MSFT,16120800,0.0018822548783076,1,0.010947054694004778
2024-03-12,MSFT,22457000,0.0187920213774282,1,0.021539666563149623
2024-03-13,MSFT,17115900,-0.0071753168050833,0,0.016096580651768243
2024-03-14,MSFT,34157300,0.0118503976348151,1,0.02339143660354967
2024-03-15,MSFT,45079900,-0.0068448926964592,0,0.023396688112454087
2024-03-18,MSFT,20106000,0.0074110013861648,1,0.016777337856442524
2024-03-19,MSFT,19837900,0.0085681191032099,1,0.014647167104908229
2024-03-20,MSFT,17860100,0.0076540544699718,1,0.012559212779546625
2024-03-21,MSFT,21296200,-0.0010701706941072,0,0.008515003085979543
2024-03-22,MSFT,17648500,-0.0022341678970994,0,0.00882005566599246
2024-03-25,MSFT,18060500,-0.0055968510428681,0,0.013639399971178986
2024-03-26,MSFT,16725600,-0.0093042729056441,0,0.010901962572674798
2024-03-27,MSFT,16705000,-0.0070917202627256,0,0.012816893813295118
2024-03-28,MSFT,21871200,-0.0005701022407033,0,0.00653268732378708
2024-04-01,MSFT,16316000,0.0014624250485567,1,0.013374249945688216
2024-04-02,MSFT,17912000,0.0031658783085833,1,0.010806714201574353
2024-04-03,MSFT,16502300,0.0017153913274183,1,0.009934989918722353
2024-04-04,MSFT,19370900,-0.016729771323888,0,0.02611827656786489
2024-04-05,MSFT,16554800,0.0131186855549503,1,0.019499541084690993
2024-04-08,MSFT,14272400,-0.0013642003705003,0,0.009360987041962804
2024-04-09,MSFT,12496900,-0.0003752079101242,0,0.014351362635189036
2024-04-10,MSFT,16216600,0.0025344212748554,1,0.010256013991867369
2024-04-11,MSFT,17966400,0.0049551108808186,1,0.016462377636209998
2024-04-12,MSFT,19253800,-0.0050701425736959,0,0.012757938492738888
2024-04-15,MSFT,20273500,-0.0303797263704992,0,0.03138775071931971
2024-04-16,MSFT,16765600,2.40713217806386e-05,1,0.011264642467258895
2024-04-17,MSFT,15855500,-0.0129658565898367,0,0.02049135604684707
2024-04-18,MSFT,21029900,-0.0154884343411672,0,0.019336147741254927
2024-04-19,MSFT,30565800,-0.0121525720291662,0,0.019082795821970356
2024-04-22,MSFT,20286900,0.0021995723663961,1,0.01774646656121379
2024-04-23,MSFT,15734500,0.0082377230612761,1,0.01271525522612806
2024-04-24,MSFT,15065300,-0.0012208223532095,0,0.013892964340572083
2024-04-25,MSFT,40586500,0.0127147927344263,1,0.030099271390206083
2024-04-26,MSFT,29694700,-0.0141931870658544,0,0.01756554334014982
2024-04-29,MSFT,19582100,-0.0074028377544725,0,0.017594089778686033
2024-04-30,MSFT,28781400,-0.0302871901115412,0,0.03235445602713998
2024-05-01,MSFT,23562500,0.005934686270797,1,0.029061929364563557
2024-05-02,MSFT,17709400,0.0004526295682835,1,0.013277671203220305
2024-05-03,MSFT,17446700,0.0108879509200145,1,0.013150066026086869
2024-05-06,MSFT,16996600,0.0116939002473299,1,0.01849495395336853
2024-05-07,MSFT,20018200,-0.0128298058101447,0,0.013456849082533428
2024-05-08,MSFT,11792300,0.0058063920406223,1,0.013523824263556139
2024-05-09,MSFT,14689700,0.004262366877223,1,0.008816998447548345
2024-05-10,MSFT,13402300,0.0043589571906978,1,0.008669581703583526
2024-05-13,MSFT,15440200,-0.0102629325726606,0,0.018013919770770246
2024-05-14,MSFT,15109300,0.0110189036114245,1,0.01441678219453833
2024-05-15,MSFT,22239500,0.0123952925375355,1,0.01564969763206508
2024-05-16,MSFT,17530100,-0.0019203356615347,0,0.012019932363552532
2024-05-17,MSFT,15352200,-0.0055143111722543,0,0.011572903274359676
2024-05-20,MSFT,16272100,0.0122081934916602,1,0.016134787171098515
2024-05-21,MSFT,21453300,0.0051777570512423,1,0.019023956546250612
2024-05-22,MSFT,18073700,0.000999773720483,1,0.012276497533666983
2024-05-23,MSFT,17211700,-0.0137884869710868,0,0.018892746963343216
2024-05-24,MSFT,11855300,0.0069524127524741,1,0.015566829416604783
2024-05-28,MSFT,15718000,0.0016060387625731,1,0.009822408055168734
2024-05-29,MSFT,15517100,0.0081749887626434,1,0.01233291825011243
2024-05-30,MSFT,28394500,-0.0226961457513243,0,0.02370963433423971
2024-05-31,MSFT,47995300,-0.0038872108390822,0,0.02937010254199171
2024-06-03,MSFT,17484700,-0.0048372193861569,0,0.018073254085406394
2024-06-04,MSFT,14348900,0.008825775799722,1,0.016390684202589458
2024-06-05,MSFT,16988000,0.0148393103163161,1,0.018620901425906663
2024-06-06,MSFT,14861300,0.0012027528508789,1,0.011155422931979131
2024-06-07,MSFT,13621700,-0.0055138574289248,0,0.007695914325088102
2024-06-10,MSFT,13982900,0.0074640518461086,1,0.009865721222973727
2024-06-11,MSFT,14551100,0.0169220210198887,1,0.017791687338425836
2024-06-12,MSFT,22366200,0.013185679816687,1,0.02331616678698791
2024-06-13,MSFT,15960600,0.0016558477002233,1,0.009118792050795868
2024-06-14,MSFT,13582000,0.0097882827344858,1,0.014648200797699115
2024-06-17,MSFT,20790000,0.0130594880750178,1,0.023091351601405827
2024-06-18,MSFT,17112500,-0.0074937074586303,0,0.011674190255398129
2024-06-20,MSFT,19877400,-0.001344332517024,0,0.011785816512423903
2024-06-21,MSFT,34187100,0.005364553333386,1,0.009097359654476852
2024-06-24,MSFT,15913700,-0.0047353811094694,0,0.014095145642397769
2024-06-25,MSFT,16413400,0.0060234516609732,1,0.010418323318983486
2024-06-26,MSFT,16507000,0.0070378700715131,1,0.012049005928974043
2024-06-27,MSFT,14806300,0.0014817405426754,1,0.009730692390933325
2024-06-28,MSFT,28362300,-0.0135078354741059,0,0.019798267542976398
2024-07-01,MSFT,17662800,0.0179869104853313,1,0.026099922791194767
2024-07-02,MSFT,13979800,0.0134156805130185,1,0.014298346892735543
2024-07-03,MSFT,9932800,0.0056308224939839,1,0.00685301755631584
2024-07-05,MSFT,16000300,0.0172973008864247,1,0.020408618571760608
2024-07-08,MSFT,12962300,-0.0006644466117342,0,0.006944637952473611
2024-07-09,MSFT,17207200,-0.0159742857710452,0,0.019978557970590227
2024-07-10,MSFT,18196100,0.0109058557000652,1,0.016478049701662546
2024-07-11,MSFT,23111200,-0.0178841388025743,0,0.028575771463962393
2024-07-12,MSFT,16324300,-0.0017168111336468,0,0.012567938775421051
2024-07-15,MSFT,14429400,0.0014559975289715,1,0.012861277844345593
2024-07-16,MSFT,17175700,-0.0103474355915637,0,0.01682000816856859
2024-07-17,MSFT,21778000,0.0021012510076509,1,0.012810984149324689
2024-07-18,MSFT,20794800,-0.0089346024517771,0,0.023067921151544345
2024-07-19,MSFT,20940400,0.0092587836331926,1,0.021103704732465176
2024-07-22,MSFT,15808800,0.0026030328306245,1,0.012879427627045765
2024-07-23,MSFT,13107100,0.0021401491779536,1,0.011917117859108338
2024-07-24,MSFT,26805800,-0.0262232216833674,0,0.03153596154722912
2024-07-25,MSFT,29943800,-0.0242537177997907,0,0.028661330170740573
2024-07-26,MSFT,23583800,0.0169057307514869,1,0.02785754202296657
2024-07-29,MSFT,15125800,-0.0112377212494431,0,0.017262111129440916
2024-07-30,MSFT,32687600,-0.0112222663875192,0,0.02733096981212775
2024-07-31,MSFT,42891400,-0.0051129462460983,0,0.022758638107535464
2024-08-01,MSFT,30296400,-0.0087455099185571,0,0.03415003879697252
2024-08-02,MSFT,29437900,-0.0096972050103015,0,0.025843060230510008
2024-08-05,MSFT,40709200,0.0153659846915734,1,0.039725624892029285
2024-08-06,MSFT,24946500,-0.0009750366210938,0,0.01792503356933568
2024-08-07,MSFT,20650900,-0.0249853700241278,0,0.030858420368869564
2024-08-08,MSFT,20203000,0.0006212106114783,1,0.014710224814239508
2024-08-09,MSFT,19276700,0.0049253526727901,1,0.014330564673012193
2024-08-12,MSFT,16762900,-0.0006141600783653,0,0.011104062198102387
2024-08-13,MSFT,19414300,0.0107913119638012,1,0.013135098344477838
2024-08-14,MSFT,18267000,0.0049662430550067,1,0.01270489192083148
2024-08-15,MSFT,20752100,0.0029299929063711,1,0.008218155764107631
2024-08-16,MSFT,22775600,-0.0050642055442296,0,0.009605345901796283
2024-08-19,MSFT,15234000,0.0061342547656947,1,0.012626524376586356
2024-08-20,MSFT,16387600,0.0073511394266111,1,0.010007044299190694
2024-08-21,MSFT,16067300,0.0001415489484826,1,0.011035636728836111
2024-08-22,MSFT,19361900,-0.0207606698621574,0,0.02870210107880173
2024-08-23,MSFT,18493800,-0.0004556631886425,0,0.01719510105718124
2024-08-26,MSFT,13152800,-0.0069169366587088,0,0.014266163534993458
2024-08-27,MSFT,13492900,0.002373712689772,1,0.009954913281466951
2024-08-28,MSFT,14882700,-0.0103162329563358,0,0.01853548580529535
2024-08-29,MSFT,17045200,-0.0043861939401124,0,0.027594306699966716
2024-08-30,MSFT,24308300,0.0037055065503013,1,0.012896980925999928
2024-09-03,MSFT,20313600,-0.0202675244585706,0,0.03074826156567718
2024-09-04,MSFT,15135800,0.0073661407883505,1,0.016924921916697297
2024-09-05,MSFT,14195500,0.0018890622159706,1,0.017099262313418438
2024-09-06,MSFT,19609500,-0.0179924348396063,0,0.02407961218966359
2024-09-09,MSFT,15295100,-0.0037324158975573,0,0.015961104400034717
2024-09-10,MSFT,19594300,0.0146986766795021,1,0.02114153382449542
2024-09-11,MSFT,19266900,0.0181468316363943,1,0.0346811159136206
2024-09-12,MSFT,17395700,0.008717021716208,1,0.018000980749652028
2024-09-13,MSFT,15874600,0.0111781929777676,1,0.014959010210772136
2024-09-16,MSFT,13834700,0.0017185095770692,1,0.012331624438753935
2024-09-17,MSFT,18874200,-0.0115394611068474,0,0.021761390297721443
2024-09-18,MSFT,18898000,-0.009632189520474,0,0.012919529005028714
2024-09-19,MSFT,21706600,-0.0057566540844397,0,0.010425415291296291
2024-09-20,MSFT,55167100,-0.0044600251625883,0,0.011481608800275038
2024-09-23,MSFT,15128900,-0.0017730243525749,0,0.01397710422700202
2024-09-24,MSFT,17015800,-0.0088452345779806,0,0.016743648960738936
2024-09-25,MSFT,13396400,0.0053044200044742,1,0.010585552276734344
2024-09-26,MSFT,14492000,-0.0086878549521082,0,0.014180934891834963
2024-09-27,MSFT,14896100,-0.0081108641293766,0,0.010150178425856788
2024-09-30,MSFT,16807300,0.0048807743387508,1,0.011793321994628545
2024-10-01,MSFT,19092900,-0.0181118206197536,0,0.022569758786847232
2024-10-02,MSFT,16582300,-0.0128969233343499,0,0.014458838712883082
2024-10-03,MSFT,13686400,-0.0026099569598608,0,0.01259483079890952
2024-10-04,MSFT,19169700,-0.0052123008958555,0,0.011428842030668344
2024-10-07,MSFT,20919800,-0.0155288256131685,0,0.019495157095102182
2024-10-08,MSFT,19229300,0.0092723232299525,1,0.01822825589104751
2024-10-09,MSFT,14974300,0.0038474634729835,1,0.014620346520485205
2024-10-10,MSFT,13848400,0.0014690300205264,1,0.010114905223383538
2024-10-11,MSFT,14144900,0.0004325291234809,1,0.009323796669951109
2024-10-14,MSFT,16653100,0.0032793778174448,1,0.01560672069011772
2024-10-15,MSFT,18900200,-0.0081481891635922,0,0.017101713359135372
2024-10-16,MSFT,15508900,0.0022881751059279,1,0.01416281083666914
2024-10-17,MSFT,14820000,-0.0133535001573711,0,0.01636046003827202
2024-10-18,MSFT,17145300,0.0024451958044147,1,0.00812672966345948
2024-10-21,MSFT,14206100,0.0063923956871149,1,0.012520406412123736
2024-10-22,MSFT,25482200,0.0215537282652766,1,0.02996482190725947
2024-10-23,MSFT,19654400,-0.0145290337020714,0,0.01984400520738162
2024-10-24,MSFT,13581600,-0.0014106120068624,0,0.008417034309513663
2024-10-25,MSFT,16899100,0.0032570627496768,1,0.013942219405048927
2024-10-28,MSFT,14882400,-0.0117453720085389,0,0.013065872678934404
2024-10-29,MSFT,17644100,0.0092290004837178,1,0.017219686062536647
2024-10-30,MSFT,29749100,-0.0112244047977003,0,0.014630563873365823
2024-10-31,MSFT,53971000,-0.0216919769977861,0,0.02373848280256236
2024-11-01,MSFT,24230400,0.0033250661819787,1,0.019559423507958213
2024-11-04,MSFT,19672300,-0.003269878911191,0,0.01183505673007949
2024-11-05,MSFT,17626000,0.0075666586057673,1,0.016700559310831992
2024-11-06,MSFT,26681800,0.0188157194010824,1,0.02407745228178456
2024-11-07,MSFT,19901800,0.0098509160380493,1,0.01654481874501385
2024-11-08,MSFT,16891400,-0.0065362520723782,0,0.011097529247207546
2024-11-11,MSFT,24503300,-0.0106740020953208,0,0.020851078736321388
2024-11-12,MSFT,19401200,0.0114285685099747,1,0.01731019781081866
2024-11-13,MSFT,21502200,0.0084432156221275,1,0.02637319687615348
2024-11-14,MSFT,30246900,0.0044470932904412,1,0.019223561006433767
2024-11-15,MSFT,28247600,-0.0114811281981049,0,0.021818810406187238
2024-11-18,MSFT,24727000,0.0021452856531263,1,0.015185450543824539
2024-11-19,MSFT,18133500,0.0113287583435598,1,0.015468071155432209
2024-11-20,MSFT,19191700,-0.003310396284157,0,0.01609619797838886
2024-11-21,MSFT,20780200,-0.015804540841031,0,0.022622145969904733
2024-11-22,MSFT,24814600,0.0136859881606307,1,0.015411907560454206
2024-11-25,MSFT,27691100,0.0009799791035047,1,0.014890722300399983
2024-11-26,MSFT,23458900,0.0200195285154509,1,0.02428561817570215
2024-11-27,MSFT,18332400,-0.0049869332413687,0,0.012255703587737758
2024-11-29,MSFT,16271900,0.0080220789510943,1,0.016853572214438204
2024-12-02,MSFT,20207200,0.0223213309737957,1,0.027729682468648004
2024-12-03,MSFT,18302000,0.0031640049337604,1,0.011004120199670493
2024-12-04,MSFT,26009400,0.0101378995931294,1,0.016257553898730976
2024-12-05,MSFT,21697800,0.0107325117494971,1,0.019387079772676348
2024-12-06,MSFT,18821000,0.0028713985220467,1,0.009789774382427762
2024-12-09,MSFT,19144400,0.0077270286104703,1,0.01769088672455727
2024-12-10,MSFT,18469500,-0.0023853552987919,0,0.01804718546616459
2024-12-11,MSFT,19200200,0.0111248791289449,1,0.014187633112792803
2024-12-12,MSFT,20834800,0.0010020089103095,1,0.015697754537851386
2024-12-13,MSFT,20177800,-0.002609074617261,0,0.013045236980793247
2024-12-16,MSFT,23598800,0.0096586120918717,1,0.015426910067675931
2024-12-17,MSFT,22733500,0.0076494570292264,1,0.012682648049597879
2024-12-18,MSFT,24444500,-0.0308650014395976,0,0.0346317571327703
2024-12-19,MSFT,22963700,-0.0103935428391837,0,0.015533683772045113
2024-12-20,MSFT,64263700,0.0080580473089768,1,0.03488717845952553
2024-12-23,MSFT,19152500,-0.0034116185091623,0,0.01103633152904581
2024-12-24,MSFT,7164500,0.0107672673219818,1,0.012446804873067178
2024-12-26,MSFT,8194200,-0.0022091674646243,0,0.00981597360481016
2024-12-27,MSFT,18117700,-0.0093649499932343,0,0.020409560498429416
2024-12-30,MSFT,13158700,-0.002886943138,0,0.013261028796084751
2024-12-31,MSFT,13246500,-0.0107956020596679,0,0.014245499266066886
2025-01-02,MSFT,16896500,-0.016332602230086,0,0.026367121596337542
2025-01-03,MSFT,16662900,0.0053909461471411,1,0.010663034049480869
2025-01-06,MSFT,20573600,-0.000350453029169,0,0.0206541970511463
2025-01-07,MSFT,18139100,-0.0154545568363926,0,0.022960387187682226
2025-01-08,MSFT,15054600,0.0025976624137165,1,0.012822917832503802
2025-01-10,MSFT,20201100,-0.0133763337740317,0,0.022819872194572013
2025-01-13,MSFT,17604800,0.004696108883758,1,0.014955186400936564
2025-01-14,MSFT,16935900,-0.0051219074300856,0,0.02158873427246522
2025-01-15,MSFT,19637800,0.0171307054902661,1,0.023572649936085804
2025-01-16,MSFT,15300000,-0.0096105097211332,0,0.011896373782874059
2025-01-17,MSFT,26197500,-0.0116565633884249,0,0.01453615059509953
2025-01-21,MSFT,26085700,-0.0039516786582822,0,0.012319822507160124
2025-01-22,MSFT,27803800,0.0197458970121703,1,0.025756442719978505
2025-01-23,MSFT,18389300,0.0106560892648826,1,0.011877828054298737
2025-01-24,MSFT,15549500,-0.0024710353456428,0,0.011793512347944232
2025-01-27,MSFT,35647800,0.0248814592815871,1,0.027593716982055563
2025-01-28,MSFT,23491700,0.0289921903510384,1,0.03911642835078737
2025-01-29,MSFT,23581400,-0.0097607196160888,0,0.014506729389310764
2025-01-30,MSFT,54586300,-0.0090264318801829,0,0.0231630296915484
2025-01-31,MSFT,34161900,-0.0093560869849284,0,0.013795404620115572
2025-02-03,MSFT,25679100,-0.001652071588187,0,0.01639941666643809
2025-02-04,MSFT,20532100,-0.0007754181645439,0,0.01012872414798298
2025-02-05,MSFT,16316700,0.0022796227173336,1,0.00831815842127128
2025-02-06,MSFT,16309800,0.00439615295705,1,0.010144957021814517
2025-02-07,MSFT,22886800,-0.0161592652919639,0,0.025331318465882158
2025-02-10,MSFT,20817900,-0.0036015331153459,0,0.010973817701080912
2025-02-11,MSFT,18140600,0.0043940721819217,1,0.0077873311379113306
2025-02-12,MSFT,19121700,0.0044940377894573,1,0.01566760397998808
2025-02-13,MSFT,23891700,0.0086978096926828,1,0.011400527391738243
2025-02-14,MSFT,22758500,0.0015693963006669,1,0.007430291855625665
2025-02-18,MSFT,21423100,0.0040196437461702,1,0.010049034567440312
2025-02-19,MSFT,24114200,0.0168921840942875,1,0.019221330401187692
2025-02-20,MSFT,23508700,0.0020226740846325,1,0.01630183455988339
2025-02-21,MSFT,27524800,-0.0218766592297101,0,0.024344594895489943
2025-02-24,MSFT,26443700,-0.01104014505841,0,0.02460157047004734
2025-02-25,MSFT,29387400,-0.007978090646564,0,0.013014213765321775
2025-02-26,MSFT,19619000,0.0043215024207959,1,0.023491886822196995
2025-02-27,MSFT,21127400,-0.0217808220740805,0,0.03381757215384068
2025-02-28,MSFT,32845700,0.0110273176078092,1,0.028166855435857133
2025-03-03,MSFT,23007700,-0.02590145153236,0,0.03174365234845769
2025-03-04,MSFT,29342900,0.0135889189828333,1,0.03020340833753941
2025-03-05,MSFT,23433100,0.0299994677804555,1,0.033030297400989075
2025-03-06,MSFT,23304600,0.006619701423408,1,0.02401846720610372
2025-03-07,MSFT,22034100,0.0025234253055996,1,0.0236031277405496
2025-03-10,MSFT,32840100,-0.0147211090858687,0,0.02379222673364866
2025-03-11,MSFT,30380200,0.0038258897283146,1,0.023984159202877612
2025-03-12,MSFT,24253600,0.0008355576353072,1,0.01637286542318281
2025-03-13,MSFT,20473000,-0.011457392751016,0,0.020539709369372876
2025-03-14,MSFT,19952800,0.0231186444981775,1,0.028226871491810492
2025-03-17,MSFT,22474300,0.0051719677705343,1,0.0184638839034656
2025-03-18,MSFT,19486900,-0.0091715148251548,0,0.016198591714754008
2025-03-19,MSFT,19185500,0.0059398971602021,1,0.014732946058065011
2025-03-20,MSFT,18470500,0.0028516776361385,1,0.02206151807193842
2025-03-21,MSFT,39675900,0.0209801380912044,1,0.02332864258892764
2025-03-24,MSFT,21004500,-0.0058674945878379,0,0.014137573151693264
2025-03-25,MSFT,15775000,0.0031478223804499,1,0.009443467141350331
2025-03-26,MSFT,16108400,-0.0127341741248022,0,0.017063266416139262
2025-03-27,MSFT,13766800,0.0011534147177125,1,0.01240611149440934
2025-03-28,MSFT,21632000,-0.0239125930230592,0,0.0314368496937664
2025-03-31,MSFT,35184700,0.0076502014230559,1,0.026386473571625615
2025-04-01,MSFT,19689500,0.0201254735560069,1,0.02567728619754235
2025-04-02,MSFT,16092600,0.0110326571269328,1,0.022382706108303764
2025-04-03,MSFT,30198000,-0.0044825719871291,0,0.021692160136222226
2025-04-04,MSFT,49209900,-0.0117815299134784,0,0.041496128165613086
2025-04-07,MSFT,50425000,0.0198927849168299,1,0.0746978770244595
2025-04-08,MSFT,35868900,-0.0372020090254994,0,0.06354204441415463
2025-04-09,MSFT,50199700,0.1045142863505875,1,0.11350909066268647
2025-04-10,MSFT,38024400,-0.001858324502997,0,0.042139994258484095
2025-04-11,MSFT,23839200,0.0205180676177915,1,0.029318969932361643
2025-04-14,MSFT,19251200,-0.0137582107861112,0,0.02655002901428331
2025-04-15,MSFT,17199900,-0.0071555396499923,0,0.019896555537890534
2025-04-16,MSFT,21967800,-0.0238002147702442,0,0.035752711985406284
2025-04-17,MSFT,21120200,-0.0159732474132524,0,0.019879579065635443
2025-04-21,MSFT,20807300,-0.010197927711646,0,0.02428200590030043
2025-04-22,MSFT,19485000,0.0094666805965715,1,0.021767856117070317
2025-04-23,MSFT,20545500,-0.004440735310849,0,0.019598004793416664
2025-04-24,MSFT,22232300,0.0308756327097089,1,0.03529414249344772
2025-04-25,MSFT,18973200,0.0125323155129602,1,0.01953487741238711
2025-04-28,MSFT,16579400,-0.0020409934952772,0,0.015562750584039319
2025-04-29,MSFT,14974000,0.0070023532773602,1,0.012062359744310358
2025-04-30,MSFT,36461100,0.0127082298944043,1,0.03130925340224502
2025-05-01,MSFT,58938100,-0.0132448601264053,0,0.02804387916932955
2025-05-02,MSFT,30757400,0.0081993992333213,1,0.021888202206844863
2025-05-05,MSFT,20136100,0.0076235783209078,1,0.017072134201486754
2025-05-06,MSFT,15104200,0.0025682214720317,1,0.01517815218258591
2025-05-07,MSFT,23295300,-0.0011294261444566,0,0.016158053256494602
2025-05-08,MSFT,23491300,0.0005480801862565,1,0.018290616992645947
2025-05-09,MSFT,15324200,-0.002886338667436,0,0.011045421253551367
2025-05-12,MSFT,22821900,0.0074449641342838,1,0.02150512689013759
2025-05-13,MSFT,23618800,0.0030372412185631,1,0.011858564676063242
2025-05-14,MSFT,19902800,0.0107109109565551,1,0.012853079528204
2025-05-15,MSFT,21992300,0.0052355212783899,1,0.012778157166648334
2025-05-16,MSFT,23849800,0.0049109640098472,1,0.012454318144595845
2025-05-19,MSFT,21336500,0.017720879497532,1,0.019495228108876685
2025-05-20,MSFT,15441800,0.0056630240140968,1,0.008823699040771953
2025-05-21,MSFT,19216900,-0.0043997623419389,0,0.01313329327608939
2025-05-22,MSFT,18025600,-0.0001978829608817,0,0.013957590797087117
2025-05-23,MSFT,16883500,0.0004444234956455,1,0.010622691369822218
2025-05-27,MSFT,20974300,0.0092227290434502,1,0.010581004586394424
2025-05-28,MSFT,17086300,-0.0083691424025939,0,0.012120021514885953
2025-05-29,MSFT,13974800,-0.0062181674641812,0,0.013887994435360252
2025-05-30,MSFT,34770500,0.0013921172217001,1,0.013355921244574458
2025-06-02,MSFT,16626500,0.0105656613236539,1,0.011418756914420236
2025-06-03,MSFT,15743800,0.0032504821462545,1,0.007107784445789538
2025-06-04,MSFT,14162700,-0.0002801829370959,0,0.005754339283910252
2025-06-05,MSFT,20131700,0.0058499683213409,1,0.012087050973138351
2025-06-06,MSFT,15285600,0.0006169213282161,1,0.009700265043113337
2025-06-09,MSFT,16469900,0.0064934803357518,1,0.010240573629096745
2025-06-10,MSFT,15375900,-0.0005729939350855,0,0.01239414314317268
2025-06-11,MSFT,16399200,0.0055316926179494,1,0.012361171214836965
2025-06-12,MSFT,18950600,0.0081049349344429,1,0.014525755912692577
2025-06-13,MSFT,16814500,-0.0030436225013856,0,0.013475751686166498
2025-06-16,MSFT,15626100,0.0082700769428811,1,0.011973659105911636
2025-06-17,MSFT,15414100,0.0055532492266131,1,0.009802279600205672
2025-06-18,MSFT,17526500,0.0046861720384413,1,0.013682026244606396
2025-06-20,MSFT,37576200,-0.010016002695404,0,0.013665670297897382
2025-06-23,MSFT,24864000,0.016289932632354,1,0.03186882437985737
2025-06-24,MSFT,22305600,0.0023723757348841,1,0.010328291613598729
2025-06-25,MSFT,17495100,0.0004674019688563,1,0.010507240916130159
2025-06-26,MSFT,21578900,0.0090673072357635,1,0.010608971702248659
2025-06-27,MSFT,34539200,-0.0032358263311473,0,0.01260172679630506
2025-06-30,MSFT,28369000,0.0007443970522023,1,0.01092472054564715
2025-07-01,MSFT,19945400,-0.0089028811748275,0,0.014240491448138215
2025-07-02,MSFT,16319600,0.0022449562755139,1,0.009796093570549953
2025-07-03,MSFT,13984800,0.0101861015454634,1,0.013547725794296946
2025-07-07,MSFT,13981600,0.0006835746000097,1,0.0070770617618639365
2025-07-08,MSFT,11846600,-0.0012468729976751,0,0.008225458401969865
2025-07-09,MSFT,18659500,0.0064161943853265,1,0.014071574488694866
2025-07-10,MSFT,16492100,-0.0031209161012577,0,0.013298882027126783
2025-07-11,MSFT,16459500,0.0097297853263756,1,0.014504405417823654
2025-07-14,MSFT,12058800,0.002990907706291,1,0.005862183972344372
2025-07-15,MSFT,14927200,0.0055664155932196,1,0.010953797798077383
2025-07-16,MSFT,15154400,0.0008709815269518,1,0.009560922131303586
2025-07-17,MSFT,17503100,0.0119048007009242,1,0.015325898022959625
2025-07-18,MSFT,21209700,-0.0086106220726898,0,0.014014193450417786
2025-07-21,MSFT,14066800,0.006611288823999,1,0.012906868174672232
2025-07-22,MSFT,13868600,-0.0111552775963636,0,0.011605423369654887
2025-07-23,MSFT,16396600,-0.0017365661229648,0,0.0120177530101443
2025-07-24,MSFT,16107000,0.0041472883910295,1,0.01252038299180476
2025-07-25,MSFT,19125700,0.0024197540156936,1,0.015474063123934822
2025-07-28,MSFT,14308000,-0.0030734847442388,0,0.009492695145860207
2025-07-29,MSFT,16469200,-0.0057417062138812,0,0.011754887618979
2025-07-30,MSFT,26380400,-0.0037463220680655,0,0.012636624767713364
2025-07-31,MSFT,51617300,-0.0391369004433164,0,0.0424148346115726
2025-08-01,MSFT,28977600,-0.0203551675671729,0,0.027925238208235975
2025-08-04,MSFT,25349000,0.013951189438551,1,0.019156860588392378
2025-08-05,MSFT,19171600,-0.0175546237841229,0,0.018727424132986066
2025-08-06,MSFT,21355700,-0.0112262604983567,0,0.014447132336491121
2025-08-07,MSFT,16079100,-0.0113135176074496,0,0.02000766762857691
2025-08-08,MSFT,15531000,-0.0010715606290755,0,0.01004592469433948
2025-08-11,MSFT,20194400,-0.0010146817424946,0,0.015068076462340195
2025-08-12,MSFT,18667000,0.0104820815930787,1,0.01580900861426001
2025-08-13,MSFT,19619200,-0.0216683929622199,0,0.025051244022486648
2025-08-14,MSFT,20269100,-0.0001531251726454,0,0.011118335857581997
2025-08-15,MSFT,25213300,-0.004973576379581,0,0.013428387692140985
2025-08-18,MSFT,23760600,-0.0086083917221359,0,0.01687146482846219
2025-08-19,MSFT,21481000,-0.0101553611385012,0,0.012834923012742814
2025-08-20,MSFT,27723000,-0.0081393177402615,0,0.012866020007876773
2025-08-21,MSFT,18443300,0.0010919172314378,1,0.009748066545515004
2025-08-22,MSFT,24324200,0.0059097887681272,1,0.016499766632064903
2025-08-25,MSFT,21638600,-0.0046779604333455,0,0.008033490486139135
2025-08-26,MSFT,30835700,-0.0045998431160701,0,0.012828141424013255
2025-08-27,MSFT,17277900,0.0094422116222609,1,0.014721144718002925
2025-08-28,MSFT,18015600,0.0050287292767804,1,0.011023677016428132
2025-08-29,MSFT,20961600,-0.0038729233800968,0,0.010046034349763935
2025-09-02,MSFT,18128000,0.009291253991533,1,0.018362743858754315
2025-09-03,MSFT,16345100,0.0030965234167693,1,0.010857700883155345
2025-09-04,MSFT,15509500,0.0072774410401949,1,0.009914733533669453
2025-09-05,MSFT,31994800,-0.0276386491480292,0,0.03850159275054812
2025-09-08,MSFT,16771000,0.000180736901721,1,0.012386849509510701
2025-09-09,MSFT,14410500,-0.0060227530418678,0,0.009074024010188579
2025-09-10,MSFT,21611800,-0.0051891045610788,0,0.012942879683944336
2025-09-11,MSFT,18881600,-0.0024688705512692,0,0.010532620298500505
2025-09-12,MSFT,23624900,0.0064146847708519,1,0.01717158155385408
2025-09-15,MSFT,17143800,0.0129129438398957,1,0.01664728190584567
2025-09-16,MSFT,19711900,-0.0151679234325732,0,0.016696282084254735
2025-09-17,MSFT,15816600,-0.0011750540700583,0,0.010497073989259843
2025-09-18,MSFT,18913700,-0.005943377359058,0,0.010576949237326105
2025-09-19,MSFT,52474100,0.01443512055866,1,0.017608097534792314
2025-09-22,MSFT,20009300,-0.0022110874707765,0,0.01008555622913343
2025-09-23,MSFT,19799600,-0.0088944665535532,0,0.014168994686329914
2025-09-24,MSFT,13533700,-0.0004506661392053,0,0.01089377912109294
2025-09-25,MSFT,15786500,-0.0024985029395459,0,0.00977769297670613
2025-09-26,MSFT,16213100,0.0027447631713631,1,0.014351267222005398
2025-09-29,MSFT,17617800,0.0060605583302786,1,0.015581565402003844
2025-09-30,MSFT,19728200,0.0091770362058213,1,0.016561393586147312
2025-10-01,MSFT,22632300,0.0095377511579547,1,0.017132881766434113
2025-10-02,MSFT,21222900,-0.0036705516580918,0,0.02109570860276856
2025-10-03,MSFT,15112300,0.0004834655033909,1,0.010616883569089535
2025-10-06,MSFT,21388600,0.0192052259963803,1,0.024739240377615147
2025-10-07,MSFT,14615200,-0.0081583935676527,0,0.015824614698879847
2025-10-08,MSFT,13363400,0.0030002029528473,1,0.007376519521964433
2025-10-09,MSFT,18343600,0.0001148630308019,1,0.013267205880239191
2025-10-10,MSFT,24133800,-0.0167039160739609,0,0.02684553116347099
2025-10-13,MSFT,14284200,-0.0045699840713611,0,0.009159351512807024
2025-10-14,MSFT,14684300,0.0065460601414527,1,0.01818793308322994
2025-10-15,MSFT,14694700,-0.002971161316589,0,0.013962253640318455
2025-10-16,MSFT,15559600,-0.0018924493853438,0,0.017011920895068037
2025-10-17,MSFT,19867800,0.0089187656543919,1,0.016049785425530545
2025-10-20,MSFT,14665600,0.0042362036062941,1,0.010240803096056742
2025-10-21,MSFT,15586200,0.0003091268493357,1,0.01091792157306763
2025-10-22,MSFT,18962700,-0.0011705772966327,0,0.014429546471860231
2025-10-23,MSFT,14023500,-0.0036366886156926,0,0.010220929125459893
2025-10-24,MSFT,15532400,0.0015685215070742,1,0.008875368328194338
2025-10-27,MSFT,18734700,-0.0004889423282194,0,0.010474269467365061
2025-10-28,MSFT,29986700,-0.0144181685014203,0,0.023545365767045426
2025-10-29,MSFT,36023000,-0.0062208952054349,0,0.017506586082429734
2025-10-30,MSFT,41023100,-0.008897547272103,0,0.02422329976445644
2025-10-31,MSFT,34006400,-0.0209310377061269,0,0.026887066266443764
2025-11-03,MSFT,22374700,-0.0053480469301774,0,0.019949587668364504
2025-11-04,MSFT,20958700,0.0050218994747083,1,0.015065638791528732
2025-11-05,MSFT,23024300,-0.0119617850708694,0,0.016072532074373785
2025-11-06,MSFT,27406500,-0.0169283658913108,0,0.01955862551281825
2025-11-07,MSFT,24019800,-0.0002616055531121,0,0.012335254517025305
2025-11-10,MSFT,26101500,0.0119190291841271,1,0.016098748446092794
2025-11-11,MSFT,17980000,0.0076862222199651,1,0.014362123960615975
2025-11-12,MSFT,26574900,0.0034946390530588,1,0.024638799025182227
2025-11-13,MSFT,25273100,-0.0137563227200263,0,0.02392661620092245
2025-11-14,MSFT,28505700,0.0239848692891786,1,0.028420615679246572
2025-11-17,MSFT,19092800,-0.0018881344273925,0,0.014180334904077663
2025-11-18,MSFT,33815100,-0.0031895080199435,0,0.03270285315362891
2025-11-19,MSFT,23245300,-0.0060804140975641,0,0.02521937505654719
2025-11-20,MSFT,26802500,-0.0289825638346099,0,0.036674732880601975
2025-11-21,MSFT,31769200,-0.0133333435377481,0,0.022257104313610245
2025-11-24,MSFT,34421000,-0.0021052631578947,0,0.018694747121710504
2025-11-25,MSFT,28019800,0.0061593917882243,1,0.030079901760784514
2025-11-26,MSFT,25709100,-0.0016655992323007,0,0.01462027387316021
2025-11-28,MSFT,14386700,0.0090443060026811,1,0.01226417332131573
2025-12-01,MSFT,23964000,-0.0034804934045818,0,0.01066659452345547
2025-12-02,MSFT,19562700,0.0067389849832975,1,0.014751792935925538
2025-12-03,MSFT,34615100,0.0029602024698273,1,0.018978791334269045
2025-12-04,MSFT,22318200,0.0022510975285189,1,0.010067569183607714
2025-12-05,MSFT,22608700,0.0013264002798013,1,0.009367464802673333
2025-12-08,MSFT,21965900,0.0126419892760192,1,0.016333565697158225
2025-12-09,MSFT,14696100,0.0059701142378195,1,0.007401339341674904
2025-12-10,MSFT,35756200,-0.0113009549707627,0,0.018945134497574
2025-12-11,MSFT,24669200,0.0143507464234702,1,0.02133733362051955
2025-12-12,MSFT,21248100,-0.0026885259581312,0,0.012733974773611413
2025-12-15,MSFT,23727700,-0.0109977061282487,0,0.017079800255747585
2025-12-16,MSFT,20705600,0.0094933588005391,1,0.014854547924871415
2025-12-17,MSFT,24527200,-0.001656514937526,0,0.010484158356096273
2025-12-18,MSFT,28573500,0.0121081756526923,1,0.024488156162388502
2025-12-19,MSFT,70836100,-0.0029546371616646,0,0.010998063095545562
2025-12-22,MSFT,16963000,-0.0024684886478777,0,0.012424933361290422
2025-12-23,MSFT,14683600,0.0038558189509385,1,0.006371389063244721
2025-12-24,MSFT,5855900,0.0048179796845219,1,0.008915370522034892
2025-12-26,MSFT,8842200,0.0020546116117534,1,0.00443796860559982
2025-12-29,MSFT,10893400,0.0046199332170685,1,0.008600448693885801
2025-12-30,MSFT,13944500,0.0031897975714807,1,0.008602047082469748
2025-12-31,MSFT,15601600,-0.0086503797400413,0,0.009921340791656774
2026-01-02,MSFT,25571600,-0.0236380021486229,0,0.029934555960084926
2026-01-05,MSFT,25250300,-0.0025524015131197,0,0.013859020710572961
2026-01-06,MSFT,23037700,0.0099409499662426,1,0.018974230616281163
2026-01-07,MSFT,25564200,0.007733015215025,1,0.024491411874324798
2026-01-08,MSFT,18162600,-0.0065040415308962,0,0.014130202079081257
2026-01-09,MSFT,18491000,0.0110112670286167,1,0.016073904477134703
2026-01-12,MSFT,23519900,0.001069879022554,1,0.011139776803683464
2026-01-13,MSFT,28545800,-0.0084477528227859,0,0.020708659989762162
2026-01-14,MSFT,28184300,-0.0151781218152928,0,0.023646183984375214
2026-01-15,MSFT,23225800,-0.0160734110436128,0,0.017991050140831234
2026-01-16,MSFT,34246700,0.0044339576673325,1,0.014656076823004174
2026-01-20,MSFT,26130000,0.0073134785338442,1,0.016665903535587685
2026-01-21,MSFT,37980500,-0.018758331059349,0,0.0309545063559295
2026-01-22,MSFT,25349400,0.0078638567750496,1,0.018185032437454517
2026-01-23,MSFT,38000200,0.0311594424104043,1,0.04552195885209002
2026-01-26,MSFT,29291200,0.0106810540215768,1,0.026326535136304435
2026-01-27,MSFT,29213900,0.014523905822125,1,0.020498187048461358
2026-01-28,MSFT,36875400,-0.0032697721491806,0,0.011878873234989092
2026-01-29,MSFT,128855300,-0.0147503133671697,0,0.04881931740057573
2026-01-30,MSFT,58566800,-0.0202199708798508,0,0.029942831920258674
2026-02-02,MSFT,42219900,-0.0159678209211677,0,0.019733149932785323
2026-02-03,MSFT,61424100,-0.0255918534172802,0,0.031966043274345546
2026-02-04,MSFT,45012400,0.0077615631177766,1,0.025693424716773054
2026-02-05,MSFT,66289200,-0.0337963600313205,0,0.039220450552221335
2026-02-06,MSFT,53515300,0.0049352435163814,1,0.022221095820849586
2026-02-09,MSFT,45480500,0.0216129427394962,1,0.034630157638345704
2026-02-10,MSFT,44857900,-0.0151327538663696,0,0.026166485383242132
2026-02-11,MSFT,42491000,-0.0283771391379549,0,0.037123316741199314
2026-02-12,MSFT,40802400,-0.0078024781780477,0,0.020222228250385856
2026-02-13,MSFT,34091600,-0.0077389165245229,0,0.018519027137818802
2026-02-17,MSFT,32078800,-0.005911567210872,0,0.01500423379605051
2026-02-18,MSFT,23223400,0.0036922643424873,1,0.01567324782821055
2026-02-19,MSFT,28234000,-0.0055654270701557,0,0.019366540719172664
2026-02-20,MSFT,34015200,0.0028275622331801,1,0.012521753145596353
2026-02-23,MSFT,43238300,-0.0266582247577136,0,0.03103792214695405
2026-02-24,MSFT,33884700,0.0126515988083415,1,0.019914597815293013
2026-02-25,MSFT,43625500,0.025785489861714,1,0.028960637067436793
2026-02-26,MSFT,34405900,-0.0073879822527358,0,0.0216204200161716
2026-02-27,MSFT,51367200,0.004758456120364,1,0.01775481568438607
2026-03-02,MSFT,35474900,0.0144835377833515,1,0.02687979929832714
2026-03-03,MSFT,38199200,0.0274456367332452,1,0.03568702817453741
2026-03-04,MSFT,35808000,0.0097939624217087,1,0.026715183079235434
2026-03-05,MSFT,39001300,0.0154789056925973,1,0.017827978872678885
2026-03-06,MSFT,31123900,-0.0005865609599046,0,0.011094765131743949
2026-03-09,MSFT,30131900,0.0110885856106895,1,0.01657115290073366
2026-03-10,MSFT,31706400,-0.0104138453927372,0,0.017730457656497344
2026-03-11,MSFT,25512100,-0.0017013152574041,0,0.018295271577621102
2026-03-12,MSFT,27263900,-0.0068458085110426,0,0.010898854778173506
2026-03-13,MSFT,26848000,-0.0135910528853646,0,0.026309196491193555
2026-03-16,MSFT,27733700,0.0047227996287629,1,0.014670777075485933
2026-03-17,MSFT,26228300,-0.0021485131915125,0,0.016613770902162876
2026-03-18,MSFT,25908500,-0.0134464690963515,0,0.017626469704966292
2026-03-19,MSFT,25138800,-0.0027685646576409,0,0.01391948882548931
2026-03-20,MSFT,50853200,-0.0127201150987408,0,0.01778744210248494
2026-03-23,MSFT,29680100,-0.0023443446491094,0,0.014404789964096835
2026-03-24,MSFT,42733600,-0.0251595237099466,0,0.027774860142393918
2026-03-25,MSFT,31181200,-0.0156001397467313,0,0.01971238568154676
2026-03-26,MSFT,36836600,-0.0130791381471364,0,0.025699796642753632
2026-03-27,MSFT,37883400,-0.014175200246839,0,0.016413380883077314
2026-03-30,MSFT,44797000,-0.0081237979856037,0,0.02508976713291361
2026-03-31,MSFT,45244400,0.0154163374652402,1,0.026964715132148667
2026-04-01,MSFT,29417200,-0.0110310723845694,0,0.015502364665008452
2026-04-02,MSFT,24099100,0.0170202340498259,1,0.025843579893751474
2026-04-06,MSFT,16146600,-0.0016332040148646,0,0.011325634145305146
2026-04-07,MSFT,21443300,0.0052654647791596,1,0.015904343864235473
2026-04-08,MSFT,33064800,-0.0276638373685346,0,0.035300524572880285
2026-04-09,MSFT,30435300,0.0015302210046139,1,0.01731546901216454
2026-04-10,MSFT,28111100,-0.0056571821732772,0,0.015041063070123099
2026-04-13,MSFT,35745800,0.0288001129185557,1,0.03618752191146009
2026-04-14,MSFT,37504500,0.0133789743869323,1,0.021061077399803743
2026-04-15,MSFT,45063400,0.0332160834691032,1,0.044321568167988414
2026-04-16,MSFT,41642400,0.0009527566998974,1,0.020673541129462788
2026-04-17,MSFT,48568200,-0.0047784914653221,0,0.025634348531396272
2026-04-20,MSFT,27582200,-0.0073132770198322,0,0.01669238722825386
2026-04-21,MSFT,32048500,0.0093280352151829,1,0.023748288360619964
2026-04-22,MSFT,29378200,0.0157911047837247,1,0.023534101508342755
2026-04-23,MSFT,38308000,-0.0098597597085128,0,0.02917430653895542
2026-04-24,MSFT,27457400,0.0183466289519356,1,0.02194408323686436
2026-04-27,MSFT,30867300,0.005776794387043,1,0.023770012574646632
2026-04-28,MSFT,30438100,0.0110228998635022,1,0.018889745843788743
2026-04-29,MSFT,38288300,-0.0002826207569419,0,0.0153799024584629
2026-04-30,MSFT,70909400,-0.0073756695243637,0,0.039945482728347595
2026-05-01,MSFT,31372400,0.0039729038200941,1,0.016157904814429008
2026-05-04,MSFT,28066500,0.0050541539803622,1,0.024250402826238995
2026-05-05,MSFT,25700900,-0.0094866665990654,0,0.019214126084945906
2026-05-06,MSFT,30285900,0.0146078221938189,1,0.03262261783375455
2026-05-07,MSFT,34942400,0.0015710258863689,1,0.02194663669559652
2026-05-08,MSFT,33383800,-0.0054386052650589,0,0.011092754307292828
2026-05-11,MSFT,35657900,0.0117439591101709,1,0.0176281720339357
2026-05-12,MSFT,38594200,-0.0161890122437715,0,0.02137614629588192
2026-05-13,MSFT,29667100,0.0049850674285565,1,0.01309523467123748
2026-05-14,MSFT,27077500,0.012237889524831,1,0.0270964971256605
2026-05-15,MSFT,50771200,0.0184662771065707,1,0.03683590453162518
2026-05-18,MSFT,32564100,0.0166098927291953,1,0.022826580281990617
2026-05-19,MSFT,33018700,-0.0290299619584433,0,0.037706495005346445
2026-05-20,MSFT,27864000,0.0166356421456899,1,0.026076292248113895
2026-05-21,MSFT,31393500,-0.0133254942015524,0,0.02502649766406701
2026-05-22,MSFT,22390300,-0.0023120589239328,0,0.019235370071635328
2026-05-26,MSFT,30398000,-0.0009605309500264,0,0.0162092071145684
2026-05-27,MSFT,28901500,0.0040388399860527,1,0.015474114298986019
2026-05-28,MSFT,47250500,0.0339241098245567,1,0.04072830732526057
2026-05-29,MSFT,79654400,0.0408970129248348,1,0.041544334129779724
2026-06-01,MSFT,53628900,-0.0092935361807346,0,0.01731782629284612
2026-06-02,MSFT,37036800,-0.0124642124582848,0,0.029247241275980215
2026-06-03,MSFT,39037000,-0.0253392988021964,0,0.03681152742405759
2026-06-04,MSFT,26899500,-0.017805947107906,0,0.022349166583920506
2026-06-05,MSFT,34782200,-0.0272446724796406,0,0.03518234919237144
2026-06-08,MSFT,32086700,-0.0057952004857581,0,0.02076593856987276
2026-06-09,MSFT,35317300,-0.0137398115882936,0,0.03300491416348231
2026-06-10,MSFT,32576000,-0.0029858298277616,0,0.019771685169153487
2026-06-11,MSFT,47224100,-0.0123225505996375,0,0.032514375601195404
2026-06-12,MSFT,34865800,-0.0017627735593011,0,0.024193345931329893
2026-06-15,MSFT,32266400,0.0074597330234814,1,0.022429420792038846
2026-06-16,MSFT,31506800,-0.0049521764833378,0,0.015538527410265202
2026-06-17,MSFT,41987800,-0.0290582865801169,0,0.03344007121836957
2026-06-18,MSFT,59714200,0.0041818499328696,1,0.02141230263369392
2026-06-22,MSFT,45171100,-0.0223558687251913,0,0.03875019411564799
2026-06-23,MSFT,40647600,0.0041892624151092,1,0.01758952604082511
2026-06-24,MSFT,44509900,-0.0164437811144677,0,0.03794710505579764
2026-06-25,MSFT,66179000,-0.0274002887295939,0,0.04143120774726055
2026-06-26,MSFT,186201600,0.0442951353621022,1,0.05930279444977386
2026-06-29,MSFT,51229900,-0.0236556097371689,0,0.054569552592094374
2026-06-30,MSFT,44945700,0.0053634213969818,1,0.01805778969758874
2026-07-01,MSFT,48065800,0.0090591926284055,1,0.03660418668523869
2026-07-02,MSFT,42128900,0.0156314478680677,1,0.02210778130752376
2026-07-06,MSFT,34224500,-0.0007751609754113,0,0.02048881898694168
2026-07-07,MSFT,29297500,-0.0092995846704391,0,0.018726607776994694
2026-07-08,MSFT,25908300,-0.0017967409931503,0,0.010363802304453437
2026-07-09,MSFT,31083200,0.0264654101254296,1,0.030177560220564732
2026-07-10,MSFT,24644600,-0.006962304730382,0,0.026843744171716803
2026-07-13,MSFT,28914900,0.0083558742343648,1,0.024500322372662992
2026-07-14,MSFT,27863900,0.0055116903797963,1,0.02492034993573967
2026-07-15,MSFT,36253700,0.0201908647145804,1,0.03238782350168359
2026-07-16,MSFT,37047400,0.0070046159072656,1,0.03499787232771018
2026-07-17,MSFT,33049800,-0.0026337893580627,0,0.022792889464316787
2026-07-20,MSFT,27915800,0.0277969514856979,1,0.03456733004447374
2026-07-21,MSFT,24126600,-0.0026579011686837,0,0.012913402191547916
2026-07-22,MSFT,28142500,-0.0231242568318769,0,0.03513691630394672
2026-07-23,MSFT,30351800,-0.021514512968112,0,0.0369002335713392
2026-07-24,MSFT,27659400,-0.0138224409111703,0,0.02165096278802882
2026-07-27,MSFT,27856200,-0.0025122551847925,0,0.015919868197354563
2026-07-28,MSFT,32367500,0.0004832700163711,1,0.022942363025822907
2026-07-29,MSFT,47209000,-0.0072699171223552,0,0.03179972028397326
2026-07-30,MSFT,110160700,0.0301438967595684,1,0.05994519380195581
2026-07-31,MSFT,60846000,0.0327111138237846,1,0.0389111328125001
2026-08-03,MSFT,66762100,0.0241950494518975,1,0.03496942794139229
2026-08-04,MSFT,50455500,0.024766071560136,1,0.0421501128528503
2026-08-05,MSFT,33388900,-0.0179305225222389,0,0.025304210511042136
2026-08-06,MSFT,36441500,0.02315013374514,1,0.026691247304764566
2026-08-07,MSFT,28846200,0.0015624662820216,1,0.012920377796631993
2026-08-10,MSFT,31206100,0.0052041854133202,1,0.022763370807849122
2026-08-11,MSFT,23049800,-0.0010310491692274,0,0.01146074779051157
2026-08-12,MSFT,29001500,-0.0151202978184621,0,0.019960421570939444
2026-08-13,MSFT,23039000,0.0073185394399508,1,0.016887276253967905
2026-08-14,MSFT,16217600,-0.0019340629450583,0,0.012269313638522282
2026-08-17,MSFT,29635800,-0.0199739018491358,0,0.029073325119601038
2026-08-18,MSFT,24087600,0.0001868927530291,1,0.014785884850361912
2026-08-19,MSFT,19961900,0.0088320248498913,1,0.020705318578032365
2026-08-20,MSFT,20020800,-0.0044485701443993,0,0.009642052099752134
2026-08-21,MSFT,22510800,0.0070017198411569,1,0.016316550997322175
2026-08-24,MSFT,17230800,0.0084849365203922,1,0.018108069275743544
2026-08-25,MSFT,19519000,0.0129160946401994,1,0.01676832277418262
2026-08-26,MSFT,20758900,0.0174643618060425,1,0.02068257909532475
2026-08-27,MSFT,28688800,0.0205706283853433,1,0.033139395918705634
2023-01-03,TSLA,231402800,-0.0875327309844733,0,0.11952395978902751
2023-01-04,TSLA,180389000,0.0415177229764134,1,0.06479699069998418
2023-01-05,TSLA,157986300,-0.0015383747629492,0,0.041534668800678666
2023-01-06,TSLA,220911100,0.097669879209648,1,0.12213594010732692
2023-01-09,TSLA,190284000,0.0068089909618995,1,0.05388362543751493
2023-01-10,TSLA,167642500,-0.01833650967456,0,0.06475595925536555
2023-01-11,TSLA,183810800,0.0092555075494076,1,0.044557252643011316
2023-01-12,TSLA,169400900,0.0081592690920372,1,0.058175566216123895
2023-01-13,TSLA,180714100,0.0501930357867362,1,0.060317448264458326
2023-01-17,TSLA,186477000,0.0460621216029619,1,0.05314240626375127
2023-01-18,TSLA,195680300,-0.0569712867485861,0,0.07081129695686812
2023-01-19,TSLA,170291900,-0.0007072447412723,0,0.04463309633210528
2023-01-20,TSLA,138858100,0.0368356058669264,1,0.04787065886952146
2023-01-23,TSLA,203119200,0.0579966524324669,1,0.08176934576886691
2023-01-24,TSLA,158699100,0.0062237719555834,1,0.03776219508031031
2023-01-25,TSLA,192734300,0.0177576558991008,1,0.05876961540884973
2023-01-26,TSLA,234815100,0.0018753706911829,1,0.04163282872593643
2023-01-27,TSLA,306590600,0.0952410387137186,1,0.12011325116401936
2023-01-30,TSLA,230878800,-0.0639707901961532,0,0.07452964922782644
2023-01-31,TSLA,196813500,0.0525611807225787,1,0.0700006304901319
2023-02-01,TSLA,213806300,0.0432457547809307,1,0.07982060458641153
2023-02-02,TSLA,217448300,0.0050178958640805,1,0.07548176614230058
2023-02-03,TSLA,232662000,0.0327806408226988,1,0.08322912646147805
2023-02-06,TSLA,186188100,0.0090668879840728,1,0.04274390049634349
2023-02-07,TSLA,186010300,0.0019345563151331,1,0.040472418900733276
2023-02-08,TSLA,180673600,0.0264660225450352,1,0.04431413651674786
2023-02-09,TSLA,215431400,-0.0022138389536074,0,0.04442196449015844
2023-02-10,TSLA,204754100,-0.0264055602566748,0,0.0658161392463563
2023-02-13,TSLA,172475500,0.001131577115395,1,0.04469706060718539
2023-02-14,TSLA,216455700,0.0901844187684534,1,0.1061790383640009
2023-02-15,TSLA,181006400,0.0117114235486442,1,0.04037591270093156
2023-02-16,TSLA,229586500,-0.0414650609345317,0,0.07500710527637897
2023-02-17,TSLA,213738500,0.0416020392864786,1,0.054702745841867545
2023-02-21,TSLA,180018600,-0.0371725946230616,0,0.06092982661820834
2023-02-22,TSLA,191828500,0.0148032538927529,1,0.05158392912483806
2023-02-23,TSLA,146360000,-0.0090235707167148,0,0.04320532293840976
2023-02-24,TSLA,142228100,0.0028014213142579,1,0.02480514985874759
2023-02-27,TSLA,161028300,0.0277186860236198,1,0.04039005945361391
2023-02-28,TSLA,153144900,-0.0231729413024611,0,0.035519235754852364
2023-03-01,TSLA,156852800,-0.0166820344765301,0,0.04209297508934889
2023-03-02,TSLA,181500700,0.0222768998658543,1,0.04144803076728713
2023-03-03,TSLA,154193300,0.0153490256033546,1,0.039014326107106055
2023-03-06,TSLA,128100100,-0.0238238938626449,0,0.03173165742318887
2023-03-07,TSLA,148125800,-0.019176497415143,0,0.042324122886748014
2023-03-08,TSLA,151897800,-0.016428844554874,0,0.03512754126589736
2023-03-09,TSLA,170023800,-0.0406657521833824,0,0.0702912519775052
2023-03-10,TSLA,191488900,-0.0096499879762871,0,0.05624387923313108
2023-03-13,TSLA,167790300,0.0419203913306099,1,0.08025798341433661
2023-03-14,TSLA,143717900,0.0335570302304919,1,0.037561354429033335
2023-03-15,TSLA,145995600,-0.0019358744336714,0,0.0349004283854321
2023-03-16,TSLA,121136800,0.0208460934047378,1,0.038642797634798644
2023-03-17,TSLA,133197100,-0.0237914550617839,0,0.04817905475723667
2023-03-20,TSLA,129684400,0.0290318851964641,1,0.05665990697519787
2023-03-21,TSLA,153391400,0.0493945353306451,1,0.05289997226706155
2023-03-22,TSLA,150376400,-0.0408931712517681,0,0.04872055476760575
2023-03-23,TSLA,144193900,-0.0155689509969047,0,0.05459389512446246
2023-03-24,TSLA,116312400,-0.0064700770877391,0,0.027185008503998492
2023-03-27,TSLA,120851600,-0.0134245480656961,0,0.03831908763710797
2023-03-28,TSLA,98654600,-0.0146354039510091,0,0.03604173660278306
2023-03-29,TSLA,123660000,0.0038833945064884,1,0.03029042974589175
2023-03-30,TSLA,110252200,-0.0015339147609629,0,0.014878840550492914
2023-03-31,TSLA,170222100,0.0502708854145503,1,0.05361209134478344
2023-04-03,TSLA,169545900,-0.0257115666824564,0,0.052473639642838556
2023-04-04,TSLA,126463800,-0.0240219203183775,0,0.04267179128526154
2023-04-05,TSLA,133882500,-0.0262439632997779,0,0.03632163559606611
2023-04-06,TSLA,123857900,0.010814920841907,1,0.036322885241288974
2023-04-10,TSLA,142154600,0.0253973102335474,1,0.04996112799371248
2023-04-11,TSLA,115770900,0.0005355982828161,1,0.01896196099752529
2023-04-12,TSLA,150256300,-0.0534759982870861,0,0.059085687049877274
2023-04-13,TSLA,112933000,0.0160690154937251,1,0.03038914164060499
2023-04-14,TSLA,96438700,0.0057080895307285,1,0.023212853184565996
2023-04-17,TSLA,116662200,0.0038642439545485,1,0.03756977095765768
2023-04-18,TSLA,92067000,-0.0151749742479899,0,0.021960997832705612
2023-04-19,TSLA,125732700,0.0083193198414176,1,0.03266334954860056
2023-04-20,TSLA,210970800,-0.0191369844786791,0,0.05500390858977915
2023-04-21,TSLA,123539000,0.001699021687572,1,0.028398013283479316
2023-04-24,TSLA,140006600,-0.0127542722294106,0,0.042757324914077216
2023-04-25,TSLA,121999300,0.0053184257650685,1,0.02953323116252834
2023-04-26,TSLA,153364100,-0.040801007923547,0,0.04697734789878688
2023-04-27,TSLA,127015200,0.049462808450914,1,0.053131555573771555
2023-04-28,TSLA,122515800,0.0211933113204666,1,0.04773146654512742
2023-05-01,TSLA,109015000,-0.0082122715752144,0,0.027272151732420105
2023-05-02,TSLA,128259700,-0.0096985870821742,0,0.0405239227792939
2023-05-03,TSLA,119728000,0.0037498039129673,1,0.03181049004831489
2023-05-04,TSLA,95108500,-0.0092803743059295,0,0.020281500310924423
2023-05-05,TSLA,107607300,0.037140917805407,1,0.04439835777946979
2023-05-08,TSLA,112249400,-0.0111098775098345,0,0.026536959348133854
2023-05-09,TSLA,88965000,0.0011837641423779,1,0.019295707750877935
2023-05-10,TSLA,119840700,-0.0232396968687515,0,0.04491451673678222
2023-05-11,TSLA,103889900,0.0200355953998594,1,0.0401897697731795
2023-05-12,TSLA,157849600,-0.0459476984162474,0,0.057647576151814504
2023-05-15,TSLA,105592500,-0.0078134172132897,0,0.031074742581886073
2023-05-16,TSLA,98288800,0.0052521002597817,1,0.03121037343458083
2023-05-17,TSLA,125473600,0.0323614798986456,1,0.04340595807633979
2023-05-18,TSLA,109520300,0.0153254399623321,1,0.026460800011771216
2023-05-19,TSLA,136196700,0.0167635674854554,1,0.031833828796850025
2023-05-22,TSLA,132001400,0.0452130509514366,1,0.050968494019981665
2023-05-23,TSLA,156952100,-0.0023093054931723,0,0.041353449695123175
2023-05-24,TSLA,137605100,0.0036766623753153,1,0.03292542468678369
2023-05-25,TSLA,96870700,-0.0110967735602656,0,0.03323682412024129
2023-05-26,TSLA,162061500,0.0463113599712246,1,0.07621063642260302
2023-05-30,TSLA,128818700,0.0052973389618258,1,0.03473261737256915
2023-05-31,TSLA,150711700,0.020772819710891,1,0.044198627915747773
2023-06-01,TSLA,148029900,0.0243349031229941,1,0.05148333147296462
2023-06-02,TSLA,164398400,0.0181775276477067,1,0.035688794755303906
2023-06-05,TSLA,151143100,-0.0008723711604407,0,0.03108351202393275
2023-06-06,TSLA,146911600,0.0239196732837268,1,0.043397820437218466
2023-06-07,TSLA,185710800,-0.0150438275253563,0,0.03346493369654605
2023-06-08,TSLA,164489700,0.0474533910075904,1,0.05450004974656448
2023-06-09,TSLA,200242400,-0.018749802426654,0,0.04175530409386687
2023-06-12,TSLA,150337900,0.0076228094338874,1,0.0257320513833592
2023-06-13,TSLA,162384300,0.0205119997669439,1,0.03289809679541335
2023-06-14,TSLA,170575500,-0.0129915236513271,0,0.04254912846554312
2023-06-15,TSLA,160171200,0.0301932374568635,1,0.04694049600402773
2023-06-16,TSLA,167915600,0.0062567396615698,1,0.024679492959399908
2023-06-20,TSLA,165611200,0.0495220352085325,1,0.05212238960922562
2023-06-21,TSLA,211797100,-0.0569549418443429,0,0.06982150661197543
2023-06-22,TSLA,166875900,0.0551899383630606,1,0.0667942724991988
2023-06-23,TSLA,177460800,-0.0103744932421497,0,0.03721704977923042
2023-06-26,TSLA,179990600,-0.0360699164565,0,0.07066020574804859
2023-06-27,TSLA,164968200,0.02865483088019,1,0.039220494452755425
2023-06-28,TSLA,159770800,0.0261914031480281,1,0.04401283791542084
2023-06-29,TSLA,131283400,-0.0020540200046669,0,0.027632405758068336
2023-06-30,TSLA,112620800,0.0044895736099542,1,0.017498071572501907
2023-07-03,TSLA,119685900,0.0120438974554592,1,0.033057307574461174
2023-07-05,TSLA,131530900,0.0131267612293454,1,0.02241589497102461
2023-07-06,TSLA,120332100,-0.0055736912991485,0,0.02549533040115543
2023-07-07,TSLA,113879200,-0.0143662683806403,0,0.025176920410969625
2023-07-10,TSLA,119425400,-0.0248128760402628,0,0.04492343782442243
2023-07-11,TSLA,91972400,0.0042434940418303,1,0.016862084058123464
2023-07-12,TSLA,95672100,-0.0157058464473077,0,0.018311431275919318
2023-07-13,TSLA,112681500,0.0120543268244947,1,0.03222989264556254
2023-07-14,TSLA,120062400,0.0157755855858237,1,0.032453665634615096
2023-07-17,TSLA,131569600,0.0130830685417361,1,0.03021317906215011
2023-07-18,TSLA,112120300,0.0109943219317948,1,0.031880062707497714
2023-07-19,TSLA,142355400,-0.0161464621041974,0,0.033002362009348044
2023-07-20,TSLA,175158300,-0.0595936607798029,0,0.07057512033571521
2023-07-21,TSLA,161796100,-0.0297761603967467,0,0.045522376672545474
2023-07-24,TSLA,136508500,0.0516317808870148,1,0.06148137819454983
2023-07-25,TSLA,112757300,-0.0260665466489373,0,0.029003574986655983
2023-07-26,TSLA,95856200,0.0041785606971153,1,0.023893669686312916
2023-07-27,TSLA,103697300,-0.0469605715753285,0,0.051544862125513916
2023-07-28,TSLA,111446000,0.0253213940612737,1,0.03471095790861684
2023-07-31,TSLA,84582200,-0.0001869983119951,0,0.019814519123971665
2023-08-01,TSLA,83166000,-0.0194922340984466,0,0.023360628680883292
2023-08-02,TSLA,101752900,-0.0057127466918096,0,0.035332720044305724
2023-08-03,TSLA,97569100,0.0288843605459915,1,0.033685091495525434
2023-08-04,TSLA,99539900,-0.0272445130746603,0,0.04467942042679226
2023-08-07,TSLA,111097900,0.0,0,0.04330880700662727
2023-08-08,TSLA,96642200,0.009092746121434,1,0.023883627945024834
2023-08-09,TSLA,101596300,-0.0345995648930698,0,0.0366724294897588
2023-08-10,TSLA,109498600,-0.0002444888349062,0,0.0358598340286425
2023-08-11,TSLA,99038600,0.0036397799912008,1,0.02386561158004306
2023-08-14,TSLA,98595300,0.0172252762459105,1,0.02931694421543301
2023-08-15,TSLA,88197600,-0.0241695183551928,0,0.0330498870307576
2023-08-16,TSLA,112484500,-0.0106130958845771,0,0.037672117256986125
2023-08-17,TSLA,120718400,-0.0302574379003862,0,0.03499072700847555
2023-08-18,TSLA,136276600,0.0063983299421745,1,0.024378859236598615
2023-08-21,TSLA,135702700,0.0439178316114307,1,0.05213271447827305
2023-08-22,TSLA,130442800,-0.0293860460295265,0,0.04690948708620578
2023-08-23,TSLA,101077600,0.0327897636371354,1,0.04225169005030318
2023-08-24,TSLA,99777400,-0.0361183702493385,0,0.045001279344525504
2023-08-25,TSLA,106612200,0.0314729101903723,1,0.03739567674455252
2023-08-28,TSLA,107673700,-0.0155000184617633,0,0.037224827731619295
2023-08-29,TSLA,134047600,0.0779612318801881,1,0.0826138258135501
2023-08-30,TSLA,121988400,0.0106215459506552,1,0.039024443535906755
2023-08-31,TSLA,108861700,0.0082037302905566,1,0.02394714323906818
2023-09-01,TSLA,132541600,-0.0476172541155905,0,0.06635307244597076
2023-09-05,TSLA,129469600,0.0468979193239795,1,0.05363265056999351
2023-09-06,TSLA,116959800,-0.0126205268809519,0,0.040487582722295114
2023-09-07,TSLA,115312900,0.0261965886362091,1,0.038927624764428015
2023-09-08,TSLA,118367700,-0.0108271682488908,0,0.0392086250969846
2023-09-11,TSLA,174667900,0.0352291139578172,1,0.053884365777214394
2023-09-12,TSLA,135999900,-0.0121140443972361,0,0.043544128082753174
2023-09-13,TSLA,111673700,0.0045543023489957,1,0.02547489427270264
2023-09-14,TSLA,107709800,0.0173964362866276,1,0.02318287578338234
2023-09-15,TSLA,133692300,-0.0113852397172085,0,0.028751617140335126
2023-09-18,TSLA,101543300,-0.0216846319641577,0,0.02832273407604477
2023-09-19,TSLA,103704000,0.008133133523146,1,0.02515601945505662
2023-09-20,TSLA,122514600,-0.0166642153409108,0,0.04295236988345746
2023-09-21,TSLA,119951500,-0.008338216421877,0,0.025790104635582727
2023-09-22,TSLA,127524100,-0.0486402071116866,0,0.05170945273112779
2023-09-25,TSLA,104636600,0.0148327740074201,1,0.03611639563058709
2023-09-26,TSLA,101993600,0.0046917417470315,1,0.03247180643831999
2023-09-27,TSLA,136597200,-0.015393411084068,0,0.0440104816251404
2023-09-28,TSLA,117058900,0.0264977939219263,1,0.03708028079680593
2023-09-29,TSLA,128522700,0.0008800048828125,1,0.03367999267578125
2023-10-02,TSLA,123810400,0.0277358302873097,1,0.04762878876839426
2023-10-03,TSLA,101985300,-0.0083665251838146,0,0.022404598811568477
2023-10-04,TSLA,129721600,0.0524703969714126,1,0.05746747514758711
2023-10-05,TSLA,119159200,0.0001922607421875,1,0.028269254244290866
2023-10-06,TSLA,118121800,0.0257894446883306,1,0.04331049761808954
2023-10-09,TSLA,101377900,0.017077340922147,1,0.03646540436658006
2023-10-10,TSLA,122656000,0.0227739868756062,1,0.043802167002606696
2023-10-11,TSLA,103706300,-0.0120586845434091,0,0.028925664364893917
2023-10-12,TSLA,111508100,-0.0154039940046635,0,0.03339418199790305
2023-10-13,TSLA,102073800,-0.0300502084307021,0,0.0362302244262041
2023-10-16,TSLA,88917200,0.0154768849028426,1,0.027674457446469215
2023-10-17,TSLA,93562900,0.0189924025752881,1,0.04038380886942565
2023-10-18,TSLA,125147800,-0.0396517783675051,0,0.04966364544249795
2023-10-19,TSLA,170772700,-0.0258464103419677,0,0.06120824084021882
2023-10-20,TSLA,138010100,-0.0231325244953809,0,0.03889222918320664
2023-10-23,TSLA,150683400,0.0099047706240699,1,0.06890476771763365
2023-10-24,TSLA,118231100,9.239848711749424e-05,1,0.036674376172777
2023-10-25,TSLA,107065100,-0.016027453379693,0,0.03659444588007037
2023-10-26,TSLA,115112600,-0.0263108679948715,0,0.04694301450465836
2023-10-27,TSLA,94881200,-0.0156695297061661,0,0.031528961050384295
2023-10-30,TSLA,136448200,-0.0569571781272606,0,0.07745607228793032
2023-10-31,TSLA,118068300,0.0240669046411243,1,0.04451354244794179
2023-11-01,TSLA,121661700,0.0079396707963264,1,0.03989413672560493
2023-11-02,TSLA,125987600,0.026013021807666,1,0.036390101683704226
2023-11-03,TSLA,119534800,-0.0053809053378233,0,0.03603889414726226
2023-11-06,TSLA,117335800,-0.0210286255242526,0,0.050540260470354675
2023-11-07,TSLA,116900100,0.0100008954949114,1,0.033639394673185635
2023-11-08,TSLA,106584800,-0.0046605122768466,0,0.02917317806361153
2023-11-09,TSLA,142110500,-0.0444596326391851,0,0.0642548822570037
2023-11-10,TSLA,130994000,0.0219968344714521,1,0.046136278139908345
2023-11-13,TSLA,140447600,0.0376159572391557,1,0.06396100600995276
2023-11-14,TSLA,149771600,0.0101263876746535,1,0.03157043018969253
2023-11-15,TSLA,150354000,0.0148355683537207,1,0.042835054902373146
2023-11-16,TSLA,136816800,-0.0246357218253178,0,0.04142134511424722
2023-11-17,TSLA,142532800,0.0099138062575767,1,0.04676726768756735
2023-11-20,TSLA,116320100,0.0066655822172904,1,0.025978473788543455
2023-11-21,TSLA,122288000,0.026208321298794,1,0.043737232270859495
2023-11-22,TSLA,117950600,-0.0323499702093002,0,0.052098830607074
2023-11-24,TSLA,65125200,0.0072727142170788,1,0.027465232808322193
2023-11-27,TSLA,112031800,-0.0034192982425628,0,0.026299108208834448
2023-11-28,TSLA,148549900,0.0424201827599145,1,0.054884256781934836
2023-11-29,TSLA,135401300,-0.0203443167915802,0,0.04008669485184097
2023-11-30,TSLA,132353200,-0.0206412563073842,0,0.03389898661697021
2023-12-01,TSLA,121331700,0.0244059468829993,1,0.035558070543985465
2023-12-04,TSLA,104099800,-0.0007210950962685,0,0.0257900395802956
2023-12-05,TSLA,137971100,0.0207380433778406,1,0.05541543158357344
2023-12-06,TSLA,126436200,-0.0146138773197621,0,0.03046274168883741
2023-12-07,TSLA,107142300,0.0045125080692177,1,0.02939352520726033
2023-12-08,TSLA,103126800,0.0148582511422499,1,0.024971906161020966
2023-12-11,TSLA,97913900,-0.0123589022497755,0,0.024676630788544453
2023-12-12,TSLA,95328300,-0.0064557054085962,0,0.021463048880639546
2023-12-13,TSLA,146286300,0.0217771501411661,1,0.05166747503042115
2023-12-14,TSLA,160829200,0.0407511888786567,1,0.054265863238691564
2023-12-15,TSLA,135932800,0.0091158521751928,1,0.023207681522397182
2023-12-18,TSLA,116416500,-0.0066987034298184,0,0.029080265030821104
2023-12-19,TSLA,106737400,0.0147546376684656,1,0.021027307562304757
2023-12-20,TSLA,125097000,-0.0361530522993038,0,0.05007603507861124
2023-12-21,TSLA,109594200,0.0103215806530907,1,0.02481143370955527
2023-12-22,TSLA,93370100,-0.0164356454236946,0,0.026678633132038082
2023-12-26,TSLA,86892400,0.0083303069379492,1,0.01988289303852326
2023-12-27,TSLA,106494400,0.0119605042186549,1,0.02252760668365067
2023-12-28,TSLA,113619900,-0.0397482016262074,0,0.04710611392110131
2023-12-29,TSLA,100891600,-0.0259506476581198,0,0.030419480909287432
2024-01-02,TSLA,104654200,-0.0066378904748681,0,0.02735123275675404
2024-01-03,TSLA,121082600,-0.0266552326442171,0,0.03820714145971516
2024-01-04,TSLA,102629300,-0.0055172719925548,0,0.020773254840974517
2024-01-05,TSLA,92488900,0.002659819645314,1,0.022038339978265476
2024-01-08,TSLA,85166600,0.0182518741836783,1,0.025196904224702114
2024-01-09,TSLA,96705700,-0.013229154123766,0,0.029062254462207306
2024-01-10,TSLA,91628500,-0.0049340860569719,0,0.017907301593235614
2024-01-11,TSLA,105873600,-0.0145292362280449,0,0.024114140529889014
2024-01-12,TSLA,123043800,-0.0054071357302139,0,0.03721375124166592
2024-01-16,TSLA,115355000,0.0223616802515522,1,0.05258025335406064
2024-01-17,TSLA,103164400,0.0032114048191667,1,0.01703436494327653
2024-01-18,TSLA,108595400,-0.0230542230147111,0,0.04016041709231976
2024-01-19,TSLA,102260300,0.010476674559227,1,0.026810823065556825
2024-01-22,TSLA,117952500,-0.0163007233799146,0,0.05432016902707294
2024-01-23,TSLA,106605900,-0.0102224497440271,0,0.03738757114238803
2024-01-24,TSLA,123369900,-0.0191146071286802,0,0.028129088718751458
2024-01-25,TSLA,198076800,-0.0372693314663503,0,0.06821298181115314
2024-01-26,TSLA,107343200,-0.0121293800539083,0,0.025229071028470502
2024-01-29,TSLA,125013100,0.0285513529793559,1,0.042072926537518235
2024-01-30,TSLA,109982300,-0.0191471123642279,0,0.02943736213637731
2024-01-31,TSLA,103221400,0.0015507662360043,1,0.043422433781751486
2024-02-01,TSLA,91843300,0.0019098175615467,1,0.029708255191064323
2024-02-02,TSLA,110612700,0.0155102166024108,1,0.0361543595122234
2024-02-05,TSLA,134294400,-0.017366748310217,0,0.052480182661606235
2024-02-06,TSLA,122676000,0.0445234416270185,1,0.05293157568668224
2024-02-07,TSLA,111535200,-0.0031883880756669,0,0.03778297846254842
2024-02-08,TSLA,83034000,0.0029629500454695,1,0.031957636434565145
2024-02-09,TSLA,84476300,0.0178252959248809,1,0.02439793652510406
2024-02-12,TSLA,95498600,-0.0207172750762284,0,0.03877984969326332
2024-02-13,TSLA,86759500,0.0001630457003165,1,0.02799061765708636
2024-02-14,TSLA,81203000,0.0184026098540154,1,0.029897426847777308
2024-02-15,TSLA,120831800,0.0596848861681128,1,0.06354411101583542
2024-02-16,TSLA,111346700,-0.0104424459855776,0,0.028555895982269885
2024-02-20,TSLA,104545800,-0.012083874557555,0,0.04828430625064948
2024-02-21,TSLA,103500300,0.0072921165580193,1,0.03873606469549774
2024-02-22,TSLA,92739500,0.0175773384644813,1,0.03587632326735649
2024-02-23,TSLA,78841900,-0.017101000356567,0,0.03107883569758238
2024-02-26,TSLA,111747100,0.0369754062020881,1,0.05086067461006131
2024-02-27,TSLA,108645400,-0.021123297884791,0,0.0359733965800835
2024-02-28,TSLA,99806200,0.0080830013570897,1,0.03422812430408707
2024-02-29,TSLA,85907000,-0.0112645110954672,0,0.03345088684521648
2024-03-01,TSLA,82243100,0.0105724868941599,1,0.030021963615565743
2024-03-04,TSLA,134334900,-0.0532883639388269,0,0.06556634156607714
2024-03-05,TSLA,119660800,-0.0126194893203066,0,0.03835011688957462
2024-03-06,TSLA,107920900,-0.0191677987762619,0,0.04378023580376955
2024-03-07,TSLA,102129000,0.0246629632488555,1,0.03636361408629044
2024-03-08,TSLA,85544600,-0.0339394141163051,0,0.044242417516787036
2024-03-11,TSLA,85391500,0.0132231824712037,1,0.04599596583527065
2024-03-12,TSLA,87391700,-0.001293868373742,0,0.03948916490384182
2024-03-13,TSLA,106524500,-0.0206299177189323,0,0.03987292131517445
2024-03-14,TSLA,126325700,-0.0314120768805749,0,0.0635393895847876
2024-03-15,TSLA,97146800,0.0025128931901623,1,0.027089961202126204
2024-03-18,TSLA,108214400,0.0222326707699603,1,0.05187629162792213
2024-03-19,TSLA,77271400,-0.0060338435974126,0,0.03132982789598067
2024-03-20,TSLA,83846700,0.0153757437116148,1,0.031387240900469654
2024-03-21,TSLA,73178000,-0.0202391976743733,0,0.036169792199669634
2024-03-22,TSLA,75580600,0.0248365188614338,1,0.029395847529648862
2024-03-25,TSLA,74228600,0.0229320366315833,1,0.03857555094528816
2024-03-26,TSLA,113186200,-0.0050957758583196,0,0.038470125695747544
2024-03-27,TSLA,81804000,-0.0087095628640059,0,0.03257815744889792
2024-03-28,TSLA,77654800,-0.0093547686145836,0,0.02406314086162759
2024-04-01,TSLA,81562100,-0.0053925013232454,0,0.03712319551630478
2024-04-02,TSLA,116650600,0.0114112587727617,1,0.025857418911229134
2024-04-03,TSLA,82950100,0.0265821271599833,1,0.03377641995252677
2024-04-04,TSLA,123162000,0.0061150893240698,1,0.05397781818795181
2024-04-05,TSLA,143157600,-0.0247220717370643,0,0.06121366212106732
2024-04-08,TSLA,104423300,0.0214952135843053,1,0.039624464739437294
2024-04-09,TSLA,102951700,0.0229599279198505,1,0.04221851192614079
2024-04-10,TSLA,84532400,-0.0073971268432744,0,0.028432722837718662
2024-04-11,TSLA,94516000,0.011880631790791,1,0.042712316694459095
2024-04-12,TSLA,64722700,-0.0074851648691209,0,0.02001855066468788
2024-04-15,TSLA,100245300,-0.0514568226207955,0,0.05468748389442216
2024-04-16,TSLA,97000000,0.0023605659322478,1,0.02832718059078984
2024-04-17,TSLA,82439700,-0.013892428634138,0,0.028863252152845367
2024-04-18,TSLA,96098800,-0.0087273211518595,0,0.023140495867768594
2024-04-19,TSLA,87074500,-0.0128884886434335,0,0.03168423965916677
2024-04-22,TSLA,107097600,0.0106004945862562,1,0.04012520978664183
2024-04-23,TSLA,124545100,0.0094187596977624,1,0.042907931472250097
2024-04-24,TSLA,181178000,-0.0043600557052636,0,0.06423487441109263
2024-04-25,TSLA,126427500,0.0705837033720712,1,0.07876197624347943
2024-04-26,TSLA,109815700,-0.0033166289436761,0,0.034053892757782256
2024-04-29,TSLA,243869700,0.0298800814007247,1,0.07605350796259855
2024-04-30,TSLA,127031800,-0.0197881967739142,0,0.04337362710270437
2024-05-01,TSLA,92829700,-0.0110439258617359,0,0.03763739617316293
2024-05-02,TSLA,89148000,-0.015585727299589,0,0.046921151713968386
2024-05-03,TSLA,75491500,-0.0049972741988381,0,0.03492586709050515
2024-05-06,TSLA,84390300,0.0052230219757275,1,0.029162135589530788
2024-05-07,TSLA,75045900,-0.0251644544489159,0,0.03212719740373049
2024-05-08,TSLA,79969500,0.0182411850901201,1,0.03444258866042253
2024-05-09,TSLA,65950300,-0.017370398157541,0,0.02428432737213756
2024-05-10,TSLA,72627200,-0.026466349322657,0,0.03068475853771337
2024-05-13,TSLA,67018900,0.0111176434685202,1,0.03764702292049632
2024-05-14,TSLA,86407400,0.0174785275172367,1,0.031060161426620703
2024-05-15,TSLA,79663000,-0.0328515208662039,0,0.038299052937227934
2024-05-16,TSLA,59812200,0.0042503745458516,1,0.025043081318212087
2024-05-17,TSLA,77445800,0.0225295510997098,1,0.039642781687308164
2024-05-20,TSLA,61727400,-0.0146992602288715,0,0.0238229093585293
2024-05-21,TSLA,115266500,0.0631873508277486,1,0.069340770040713
2024-05-22,TSLA,88313500,-0.0149849898917306,0,0.031063755783276973
2024-05-23,TSLA,71975500,-0.0443344192700541,0,0.04752474832021146
2024-05-24,TSLA,65584500,0.0251659188254048,1,0.03631895582543819
2024-05-28,TSLA,59736600,0.0019841616532085,1,0.028854855521579854
2024-05-29,TSLA,54782600,0.0114817152073509,1,0.024226426095393404
2024-05-30,TSLA,77618400,0.0011758956933866,1,0.04082200252763744
2024-05-31,TSLA,67314600,-0.0023529309184611,0,0.036414565826330535
2024-06-03,TSLA,68568900,-0.0103295994287441,0,0.045753066148771865
2024-06-04,TSLA,60056300,-5.718335567994851e-05,0,0.021512727618129026
2024-06-05,TSLA,57953800,-0.0019960427221713,0,0.022925513964902437
2024-06-06,TSLA,69887000,0.0191294170740774,1,0.04009163662829364
2024-06-07,TSLA,56244900,0.0076647408578951,1,0.021404667960858215
2024-06-10,TSLA,50774600,-0.0128933562645624,0,0.030671414461858573
2024-06-11,TSLA,64761900,-0.0187442188429026,0,0.042203291255560944
2024-06-12,TSLA,90389400,0.036056558818389,1,0.06282141366728135
2024-06-13,TSLA,118984100,-0.031424163639923,0,0.052285185707457923
2024-06-14,TSLA,82038200,-0.0419268483152383,0,0.04886976147425194
2024-06-17,TSLA,109786100,0.0535072188086532,1,0.06637813444320884
2024-06-18,TSLA,68982300,-0.0091123336754346,0,0.025889804321731446
2024-06-20,TSLA,55893100,-0.0168398607044689,0,0.030051999522770365
2024-06-21,TSLA,61937300,0.0038946321623294,1,0.017882580648725357
2024-06-24,TSLA,61992100,-0.0129210108335174,0,0.033789262900758725
2024-06-25,TSLA,62905700,0.0159978975307736,1,0.032321078693814356
2024-06-26,TSLA,95737100,0.0526964843189229,1,0.06111286751789456
2024-06-27,TSLA,72746500,0.0115284112369173,1,0.023927848607667734
2024-06-28,TSLA,95438100,-0.0083688205632959,0,0.039789538060527124
2024-07-01,TSLA,135691400,0.0439757046562836,1,0.06158585892398897
2024-07-02,TSLA,205047900,0.0565123813407644,1,0.06048702786825549
2024-07-03,TSLA,166561500,0.0504348650843565,1,0.06011257780642403
2024-07-05,TSLA,154501200,0.006845229296582,1,0.039670103279176784
2024-07-08,TSLA,157219600,0.0211133809123032,1,0.06002985230372227
2024-07-09,TSLA,160210900,0.045139388734126,1,0.060995945417548554
2024-07-10,TSLA,128519400,0.0017504642086157,1,0.03702439664492425
2024-07-11,TSLA,221707300,-0.0845802888193927,0,0.11906573322048888
2024-07-12,TSLA,155955800,0.0527141328028434,1,0.07951653841108898
2024-07-15,TSLA,146912900,-0.0130093441230384,0,0.05418607770376011
2024-07-16,TSLA,126332500,0.0048960088204658,1,0.05021343538451719
2024-07-17,TSLA,115584800,-0.0167372128320664,0,0.048629006262364605
2024-07-18,TSLA,110869000,-0.007407704956308,0,0.039587470011426006
2024-07-19,TSLA,87403900,-0.034666437590849,0,0.05088987026118646
2024-07-22,TSLA,101225400,0.0298922549947836,1,0.03873717887797761
2024-07-23,TSLA,111928200,-0.0284700356740371,0,0.03994475307657745
2024-07-24,TSLA,167942900,-0.0418329906502517,0,0.05003992046367995
2024-07-25,TSLA,100636500,0.0159132698324665,1,0.045064594718333656
2024-07-26,TSLA,94604100,-0.0062841872340801,0,0.03142093617040064
2024-07-29,TSLA,129201800,0.0320142836924452,1,0.04255227916379378
2024-07-30,TSLA,100560300,-0.0414639607440796,0,0.05343381555267749
2024-07-31,TSLA,67497000,0.0182975583124783,1,0.03462044581375546
2024-08-01,TSLA,83861900,-0.0475646787954235,0,0.07703453422662489
2024-08-02,TSLA,82880100,-0.0335536418002189,0,0.04816644577591168
2024-08-05,TSLA,100308800,0.0737501542602436,1,0.11812981718286936
2024-08-06,TSLA,73783900,-0.0005479482458359,0,0.050958882827093856
2024-08-07,TSLA,71159800,-0.0448772703784859,0,0.05981974154528839
2024-08-08,TSLA,65033900,0.0160449639172906,1,0.04425142461499237
2024-08-09,TSLA,58648300,0.0149708038698549,1,0.029281929373760732
2024-08-12,TSLA,64044900,-0.0076876632823416,0,0.023062989847025078
2024-08-13,TSLA,76247400,0.0471607827519637,1,0.05759060746848055
2024-08-14,TSLA,70250000,-0.02897919149681,0,0.04672357620870851
2024-08-15,TSLA,89848500,0.044483440284527,1,0.053945943459720105
2024-08-16,TSLA,88765100,0.0235377758198735,1,0.04262372844023013
2024-08-19,TSLA,76435200,0.0260284410828137,1,0.040954526602886024
2024-08-20,TSLA,74001200,-0.0168089589880019,0,0.03850944269866158
2024-08-21,TSLA,70146000,0.0026945978733083,1,0.026047528178255733
2024-08-22,TSLA,79514500,-0.0587972622261878,0,0.06469482286524898
2024-08-23,TSLA,81525200,0.0273244447771093,1,0.033899043113299325
2024-08-26,TSLA,59301200,-0.02532568359375,0,0.03693715122767857
2024-08-27,TSLA,62821400,-0.0189448688681491,0,0.040890978760624135
2024-08-28,TSLA,64116400,-0.0189300076177532,0,0.044106427361048764
2024-08-29,TSLA,62308800,-0.0167779038191555,0,0.0425166732087451
2024-08-30,TSLA,63370600,0.0262665752733753,1,0.03614057598837281
2024-09-03,TSLA,76714200,-0.0216481860180124,0,0.047663266601589274
2024-09-04,TSLA,80651800,0.0418823661028375,1,0.055320737447528204
2024-09-05,TSLA,119355000,0.0298894470069963,1,0.057049531015336545
2024-09-06,TSLA,112177000,-0.0940241178078198,0,0.09926917880820571
2024-09-09,TSLA,67443500,0.0003238081646944,1,0.0286771370756608
2024-09-10,TSLA,78891100,0.0277184106952826,1,0.03526148156756106
2024-09-11,TSLA,83548600,0.015943005042977,1,0.05197059902179306
2024-09-12,TSLA,71894900,0.0229235013466393,1,0.03391789812595232
2024-09-13,TSLA,59515100,0.0100438302023368,1,0.027850837038274397
2024-09-16,TSLA,54323000,-0.0109899879586661,0,0.028041900780607164
2024-09-17,TSLA,66761600,-0.0068860398869872,0,0.034953167919501156
2024-09-18,TSLA,78010200,-0.0125603000375749,0,0.038245851332214524
2024-09-19,TSLA,102694600,0.0423931545681423,1,0.05175213936047689
2024-09-20,TSLA,99879100,-0.0135392688581274,0,0.033413411648978486
2024-09-23,TSLA,86927200,0.0304604071186549,1,0.03330448790539236
2024-09-24,TSLA,88491000,0.0007478055731933,1,0.03203715101931148
2024-09-25,TSLA,65034300,0.0177397475514428,1,0.018888053933965948
2024-09-26,TSLA,67142200,-0.0244819828602698,0,0.03921719486316333
2024-09-27,TSLA,70988100,0.0119666893847017,1,0.02556537790431581
2024-09-30,TSLA,80705700,0.0099984413698838,1,0.03509103142082871
2024-10-01,TSLA,87397600,-0.017702913070973,0,0.058819093985700996
2024-10-02,TSLA,93983900,0.0059381991621134,1,0.0390224340255396
2024-10-03,TSLA,80729200,-0.0156249678181722,0,0.049001946731421775
2024-10-04,TSLA,86573200,0.0137419407195215,1,0.025862437957241
2024-10-07,TSLA,68113300,-0.0328112376262864,0,0.03666668627635542
2024-10-08,TSLA,56303200,0.0038594286862731,1,0.023197607209345744
2024-10-09,TSLA,66289500,-0.0113608571456465,0,0.03248297076135223
2024-10-10,TSLA,83087100,-0.0125718262967856,0,0.04321573571708915
2024-10-11,TSLA,142628900,-0.0105846626056047,0,0.04070318110358494
2024-10-14,TSLA,86291900,-0.0044064925234499,0,0.03711442323955157
2024-10-15,TSLA,62988800,-0.0019998508867901,0,0.03245306835106811
2024-10-16,TSLA,49632800,-0.0003161339989124,0,0.017570075680563374
2024-10-17,TSLA,50791800,-0.0031589735990373,0,0.018863703252182985
2024-10-18,TSLA,49611900,-4.535256816867782e-05,0,0.013819051964018673
2024-10-21,TSLA,47329000,-0.000228359042314,0,0.021699406726553985
2024-10-22,TSLA,43268700,0.0030371527749496,1,0.013621125337636833
2024-10-23,TSLA,80938900,-0.0160273150097625,0,0.030442594121982476
2024-10-24,TSLA,204491900,0.0645742144167996,1,0.07957332762594227
2024-10-25,TSLA,161611900,0.051482333397227,1,0.05534933154812482
2024-10-28,TSLA,107653600,-0.0277407045717592,0,0.04185191966869213
2024-10-29,TSLA,80521800,-0.0188651490216746,0,0.03580211005202895
2024-10-30,TSLA,53993600,-0.001899010756961,0,0.029181516547601517
2024-10-31,TSLA,66575300,-0.0315515502111709,0,0.040699253449566444
2024-11-01,TSLA,57544800,-0.0121409206479379,0,0.02924137166128466
2024-11-04,TSLA,68802400,-0.0070330439886884,0,0.0409714962123813
2024-11-05,TSLA,69282500,0.0165763975265634,1,0.0366701390786761
2024-11-06,TSLA,165228700,0.0135595080952999,1,0.04907436878401495
2024-11-07,TSLA,117309200,0.0277613922496827,1,0.04925753838755981
2024-11-08,TSLA,204782800,0.0738115447317036,1,0.10379750709533146
2024-11-11,TSLA,210521600,0.0106844133336881,1,0.0653768854937776
2024-11-12,TSLA,155726000,-0.0415767065589733,0,0.06573495775584956
2024-11-13,TSLA,125405600,-0.0167039326103555,0,0.0658032029235812
2024-11-14,TSLA,120726100,-0.0503830133437687,0,0.05984319241673253
2024-11-15,TSLA,114440300,0.0326818226393906,1,0.0497794091202719
2024-11-18,TSLA,126085600,-0.0058404622069905,0,0.05441251850306685
2024-11-19,TSLA,88852500,0.0304979447716926,1,0.04357280336340494
2024-11-20,TSLA,66340700,-0.0086086991904438,0,0.03565222698709239
2024-11-21,TSLA,58011700,-0.0121287424442786,0,0.036968068250871705
2024-11-22,TSLA,89140700,0.0336274922860555,1,0.06986422008301633
2024-11-25,TSLA,95890900,-0.059837889248668,0,0.06589098545996022
2024-11-26,TSLA,62295900,-0.0081231349374541,0,0.033137794114277856
2024-11-27,TSLA,57896400,-0.0260677983111225,0,0.046693949751529046
2024-11-29,TSLA,37167600,0.0270174287450208,1,0.03213526166999117
2024-12-02,TSLA,77986500,0.013366227906843,1,0.025114949715886358
2024-12-03,TSLA,58267200,-0.00108008635139,0,0.0212904789490294
2024-12-04,TSLA,50810900,0.0139659849172273,1,0.026912181303116147
2024-12-05,TSLA,81403600,0.0267318621938871,1,0.044265965187216816
2024-12-06,TSLA,81455800,0.0312648703649843,1,0.04952043287705732
2024-12-09,TSLA,96359200,-0.0196674557851616,0,0.06737752826719479
2024-12-10,TSLA,97563600,0.0211622637098675,1,0.04807987479616996
2024-12-11,TSLA,104287600,0.0367829542534292,1,0.054918231217015945
2024-12-12,TSLA,87752200,-0.0158647733087127,0,0.033659702279056396
2024-12-13,TSLA,89000200,0.0386428833007812,1,0.049023800804501624
2024-12-16,TSLA,114083800,0.0497177284859167,1,0.06130270187358392
2024-12-17,TSLA,131223000,0.0083210580077029,1,0.055641901257325516
2024-12-18,TSLA,149340800,-0.0565273207228027,0,0.1318971034925978
2024-12-19,TSLA,118566100,-0.0347658477589692,0,0.08041957144643917
2024-12-20,TSLA,132216200,-0.0104580670369713,0,0.06918749558921997
2024-12-23,TSLA,72698100,-0.0009280600846505,0,0.044315559404908646
2024-12-24,TSLA,59551800,0.0605184795874925,1,0.06340900325275801
2024-12-26,TSLA,76366400,-0.0237122682355747,0,0.030763602730101626
2024-12-27,TSLA,82666800,-0.0397312372932526,0,0.052277986684336884
2024-12-30,TSLA,64941000,-0.0047448504132934,0,0.02682403472513332
2024-12-31,TSLA,76825100,-0.0470752301960336,0,0.05991171008971082
2025-01-02,TSLA,109710700,-0.0277364961674663,0,0.05047424284372192
2025-01-03,TSLA,95423300,0.0759148333360932,1,0.08501098810376058
2025-01-06,TSLA,85516500,-0.0287098867287334,0,0.05843567995137955
2025-01-07,TSLA,75699500,-0.0282630697587958,0,0.05995117999476171
2025-01-08,TSLA,73038800,0.0050642325297258,1,0.03842729516333485
2025-01-10,TSLA,62287300,0.0085334603729553,1,0.05618290898642888
2025-01-13,TSLA,67580500,0.0524516754565671,1,0.061898180500556316
2025-01-14,TSLA,84565000,-0.043394340747316,0,0.06781871494877438
2025-01-15,TSLA,81375500,0.044693846296678,1,0.05889237494586475
2025-01-16,TSLA,68335200,-0.0228340294532216,0,0.03511297896074921
2025-01-17,TSLA,94991400,0.0118623962040332,1,0.04742583685498221
2025-01-21,TSLA,87320900,-0.0198086331223493,0,0.062153323173974866
2025-01-22,TSLA,60963300,-0.0040786262733351,0,0.032172941485704744
2025-01-23,TSLA,50690600,-0.0088448605907204,0,0.028313221286403147
2025-01-24,TSLA,56427100,-0.0189890828880813,0,0.031608169182467644
2025-01-27,TSLA,58125500,0.0059523965961922,1,0.04480750503640557
2025-01-28,TSLA,48910700,0.0029729476830868,1,0.03549922200974677
2025-01-29,TSLA,68033600,-0.0154600983873581,0,0.03570250159823281
2025-01-30,TSLA,98092900,-0.0255611276868458,0,0.06838209363008145
2025-01-31,TSLA,83283600,0.0076457732511941,1,0.04644732386915739
2025-02-03,TSLA,93732100,-0.007758353307189,0,0.038300476768110436
2025-02-04,TSLA,57072200,0.0250372068317007,1,0.032930000111660376
2025-02-05,TSLA,57223300,-0.0241025937460032,0,0.033186280470325555
2025-02-06,TSLA,77918200,0.0034581898215781,1,0.03275876272871295
2025-02-07,TSLA,70298300,-0.0231502938158769,0,0.05459356363433132
2025-02-10,TSLA,77514900,-0.0153841290255921,0,0.03422139393567122
2025-02-11,TSLA,118543400,-0.0500288849151906,0,0.07018504878664823
2025-02-12,TSLA,105382700,0.0199127334533663,1,0.05237315466882684
2025-02-13,TSLA,89441500,0.031710152004076,1,0.04591303286345109
2025-02-14,TSLA,68277300,-0.0132549466031232,0,0.04020853029873749
2025-02-18,TSLA,51631700,-0.0025352085555466,0,0.02557679175254329
2025-02-19,TSLA,67094400,0.0185310665496998,1,0.038615770932644775
2025-02-20,TSLA,45965400,-0.0196675491053489,0,0.03955627066105253
2025-02-21,TSLA,74058600,-0.0442508333533364,0,0.05817111084363523
2025-02-24,TSLA,76052300,-0.0225055170623705,0,0.05234512605038983
2025-02-25,TSLA,134228800,-0.0740627546767196,0,0.09675254024644564
2025-02-26,TSLA,100118300,-0.0425076685829708,0,0.06901317719136786
2025-02-27,TSLA,101748200,-0.0316320625746601,0,0.05615471183497365
2025-02-28,TSLA,115697000,0.0482290196290809,1,0.07255813516743068
2025-03-03,TSLA,115551400,-0.0522408025328553,0,0.08869952378392774
2025-03-04,TSLA,126706600,0.0040970579084943,1,0.08308422977947098
2025-03-05,TSLA,94042900,0.0226439702906493,1,0.043382660689432
2025-03-06,TSLA,98451600,-0.0316473771551371,0,0.04642360139730711
2025-03-07,TSLA,102369600,0.0129184251461447,1,0.05984885020096751
2025-03-10,TSLA,189076900,-0.1203373730798193,0,0.13213746734909682
2025-03-11,TSLA,174896400,0.0233900152215412,1,0.08894409259811584
2025-03-12,TSLA,142215700,0.0035191129879933,1,0.04344304741260413
2025-03-13,TSLA,114813500,-0.0300246324927521,0,0.06323292981043274
2025-03-14,TSLA,100242300,0.0107961594569694,1,0.04387208851492154
2025-03-17,TSLA,111900600,-0.0287684776054572,0,0.05141594291297558
2025-03-18,TSLA,111477600,-0.0124912607721391,0,0.03427422509950369
2025-03-19,TSLA,111993800,0.0183498121359188,1,0.052717959853592976
2025-03-20,TSLA,99028300,0.0124704877960424,1,0.03406898110264251
2025-03-21,TSLA,132728700,0.0583854670410748,1,0.06370484220929377
2025-03-24,TSLA,169079900,0.0786966410914812,1,0.08644617652258281
2025-03-25,TSLA,150361500,0.0160084924090754,1,0.05966154112690136
2025-03-26,TSLA,153629800,-0.0375009055621,0,0.06506043972476094
2025-03-27,TSLA,162572100,0.0023854736871578,1,0.07350997494015035
2025-03-28,TSLA,123809400,-0.0436533832842111,0,0.056353870150234686
2025-03-31,TSLA,134008900,0.0395090698326313,1,0.06899040197615701
2025-04-01,TSLA,146486900,0.0176649123493006,1,0.06899170981506902
2025-04-02,TSLA,212787800,0.1106048821171671,1,0.13244298960544476
2025-04-03,TSLA,136174300,0.0075011880217043,1,0.055750226359690985
2025-04-04,TSLA,181229400,-0.0624559946043947,0,0.0978933335500243
2025-04-07,TSLA,183453800,0.0424970710461714,1,0.16869246673484414
2025-04-08,TSLA,171603500,-0.0944489771006058,0,0.1332244873046875
2025-04-09,TSLA,219433400,0.2114469235364153,1,0.2261337710023114
2025-04-10,TSLA,181722600,-0.0292307927058293,0,0.0890768784743089
2025-04-11,TSLA,128948100,0.0018662691690661,1,0.0650412558061134
2025-04-14,TSLA,100135200,-0.02326203587552,0,0.061425901908116524
2025-04-15,TSLA,79594300,0.0168060377203658,1,0.044856174421187514
2025-04-16,TSLA,112378700,-0.0244739612441178,0,0.07301805979761722
2025-04-17,TSLA,83404800,-0.0086253176694733,0,0.02735451443183005
2025-04-21,TSLA,97768000,-0.0119864265294855,0,0.04091033463242228
2025-04-22,TSLA,120858500,0.0303515513641308,1,0.05602696054061155
2025-04-23,TSLA,150381900,-0.0161657188547466,0,0.058934393373928036
2025-04-24,TSLA,94464200,0.0359681028567864,1,0.041277491403910925
2025-04-25,TSLA,167560700,0.0888838302901274,1,0.1040162060711426
2025-04-28,TSLA,151731800,-0.0107274066913309,0,0.07765233258604097
2025-04-29,TSLA,108906600,0.022872149839919,1,0.04851140491599168
2025-04-30,TSLA,128961100,0.0080743473201389,1,0.04883892006367805
2025-05-01,TSLA,99659000,0.0018212893477406,1,0.03949857923954678
2025-05-02,TSLA,114454700,0.0081080997124663,1,0.05254475795511033
2025-05-05,TSLA,94618900,-0.0151456493926404,0,0.03672211384921269
2025-05-06,TSLA,76715800,0.0082018998648828,1,0.02336056982537566
2025-05-07,TSLA,71592600,-0.0023837173160579,0,0.024992824709979405
2025-05-08,TSLA,97539400,0.0185602487243143,1,0.037156184777858925
2025-05-09,TSLA,132387800,0.0277385980757762,1,0.0587161333056981
2025-05-12,TSLA,112826700,-0.0112114831549105,0,0.033261877014507106
2025-05-13,TSLA,136992600,0.0439687728881835,1,0.06496877670288086
2025-05-14,TSLA,136997300,0.0151240662066605,1,0.03795620437956204
2025-05-15,TSLA,97882600,0.0072868631750996,1,0.033554720428440474
2025-05-16,TSLA,95895700,0.0108018162472262,1,0.02683112525111074
2025-05-19,TSLA,88869900,0.0172167967739751,1,0.028635162748625712
2025-05-20,TSLA,131715500,-0.0116422452347591,0,0.03840510977976672
2025-05-21,TSLA,102354800,-0.0284818330784221,0,0.043985698744723904
2025-05-22,TSLA,97113400,0.027538459826812,1,0.047845660311121155
2025-05-23,TSLA,84654800,0.0042021272896875,1,0.029504027061230134
2025-05-27,TSLA,120146400,0.0447387599592864,1,0.04741615353763608
2025-05-28,TSLA,91404300,-0.0217629714973814,0,0.024915021459083867
2025-05-29,TSLA,88087800,-0.0187796427733309,0,0.0320566979144136
2025-05-30,TSLA,123474900,-0.0254837923001998,0,0.05172700466682403
2025-06-02,TSLA,81873800,-0.0023580714951783,0,0.042765654851255455
2025-06-03,TSLA,99324500,-0.0067224958130781,0,0.035660661090326305
2025-06-04,TSLA,98912100,-0.037815178440282,0,0.05294123213017202
2025-06-05,TSLA,287499800,-0.117181863535917,0,0.15919872830960868
2025-06-06,TSLA,164747700,-0.0123480644166738,0,0.04805403070916327
2025-06-09,TSLA,140908900,0.079101957592347,1,0.09784578718993778
2025-06-10,TSLA,151256500,0.0354035492793863,1,0.0544864831761847
2025-06-11,TSLA,122611400,-0.0238337361428609,0,0.03887559879568728
2025-06-12,TSLA,105127500,-0.0122879824987708,0,0.04859481509084271
2025-06-13,TSLA,128964300,0.0361180886511487,1,0.06271300558923555
2025-06-16,TSLA,83925900,-0.0065199782860837,0,0.017024310982486544
2025-06-17,TSLA,88282700,-0.0298690249432936,0,0.03839436864624606
2025-06-18,TSLA,95137700,0.0149380425162926,1,0.04371118220007014
2025-06-20,TSLA,108688000,-0.0176551557536357,0,0.04445795404654975
2025-06-23,TSLA,190716800,0.0645416852273179,1,0.09177504052751785
2025-06-24,TSLA,114736200,-0.0440801067331198,0,0.04441701077518861
2025-06-25,TSLA,119845100,-0.0442078315565104,0,0.06594690778669292
2025-06-26,TSLA,80440900,0.0036043667186245,1,0.022919820021397374
2025-06-27,TSLA,89067000,-0.0027117958039201,0,0.03648576617541621
2025-06-30,TSLA,76695100,-0.0070021577902869,0,0.028071211753932727
2025-07-01,TSLA,145085700,0.007538698868919,1,0.04248483400250942
2025-07-02,TSLA,119483700,0.0096599461552127,1,0.041614621261076935
2025-07-03,TSLA,58042300,-0.0083020982167192,0,0.01789365268137033
2025-07-07,TSLA,131177900,0.0088204254634562,1,0.025328637150315702
2025-07-08,TSLA,103246700,0.0027272645070496,1,0.03265987100825968
2025-07-09,TSLA,75586800,-0.0056124448955387,0,0.022181167448434982
2025-07-10,TSLA,104365300,0.0327279044283596,1,0.034927550117279854
2025-07-11,TSLA,79236400,0.0182532555451811,1,0.027412394166285062
2025-07-14,TSLA,78043400,-0.0026123345643904,0,0.03125292648609305
2025-07-15,TSLA,77556300,-0.0278403218856136,0,0.03347100992298626
2025-07-16,TSLA,97284800,0.0283568605528091,1,0.03478262566305978
2025-07-17,TSLA,73922900,-0.0115735426427798,0,0.022528234308520384
2025-07-18,TSLA,94255000,0.0248398624118905,1,0.029472052355966304
2025-07-21,TSLA,75768800,-0.0176734562499389,0,0.03325357452198329
2025-07-22,TSLA,77370400,0.0071874664504688,1,0.042033166372356295
2025-07-23,TSLA,92553800,0.0050166324954018,1,0.022756116404319092
2025-07-24,TSLA,156966000,-0.0151613297001008,0,0.03141932333669355
2025-07-25,TSLA,148227000,0.0237092944087414,1,0.0505927175333841
2025-07-28,TSLA,112673800,0.0224210515219497,1,0.046475073718467805
2025-07-29,TSLA,87358900,-0.0133619282722991,0,0.02457379910911729
2025-07-30,TSLA,83931900,-0.009746055628039,0,0.03982251344438683
2025-07-31,TSLA,85270900,-0.0354807323226054,0,0.04777694600772655
2025-08-01,TSLA,89121400,-0.0116912794231628,0,0.03752323750043459
2025-08-04,TSLA,78683900,0.0005824485608267,1,0.029506909257792285
2025-08-05,TSLA,57961300,-0.0007444925626803,0,0.02249558806417512
2025-08-06,TSLA,78523600,0.0390398793133867,1,0.04397677060226347
2025-08-07,TSLA,66658700,0.0077550279948838,1,0.019512774219456106
2025-08-08,TSLA,91200300,0.025573224055026,1,0.04408419635080281
2025-08-11,TSLA,105320200,0.0120298471023787,1,0.03728364403568097
2025-08-12,TSLA,80522100,-0.0120579816293025,0,0.0357101661571558
2025-08-13,TSLA,67838900,-0.0062078919976207,0,0.03156661428783858
2025-08-14,TSLA,75000700,-0.0005361662738961,0,0.02999168165157027
2025-08-15,TSLA,74319800,-0.0210270864968078,0,0.03636794007615205
2025-08-18,TSLA,56956600,0.0168072587433668,1,0.020265738652797318
2025-08-19,TSLA,75956000,-0.0192978076221146,0,0.037821201841251706
2025-08-20,TSLA,77481800,-0.0161594292706788,0,0.05093854854349988
2025-08-21,TSLA,55744400,-0.0061164968418834,0,0.019311976776015958
2025-08-22,TSLA,94016300,0.0570478327880377,1,0.06391841486202053
2025-08-25,TSLA,86670000,0.0227206029675621,1,0.04278548321375587
2025-08-26,TSLA,76651600,0.0195402571393333,1,0.023714935927505953
2025-08-27,TSLA,65519000,-0.0066488501496223,0,0.017701912096125948
2025-08-28,TSLA,67903200,-0.014049165382382,0,0.037872895866886275
2025-08-29,TSLA,81145700,-0.03847598262371,0,0.04910286338596487
2025-09-02,TSLA,58392000,0.0034426296420574,1,0.02355049876615938
2025-09-03,TSLA,88733300,-0.0033115030689648,0,0.044212339698506006
2025-09-04,TSLA,60711000,0.0070801871962711,1,0.022043741771987795
2025-09-05,TSLA,108989800,0.008160909016927,1,0.03215517942932831
2025-09-08,TSLA,75208300,-0.0232348872422691,0,0.038348763652622825
2025-09-09,TSLA,53816000,-0.0042188072850513,0,0.019945992540342253
2025-09-10,TSLA,72121700,-0.0078732829672123,0,0.029268234503851458
2025-09-11,TSLA,103756000,0.0532312403006665,1,0.06108456838287694
2025-09-12,TSLA,168156400,0.0673963439786977,1,0.07130536483783345
2025-09-15,TSLA,163823700,-0.0309361099114584,0,0.05499496434362938
2025-09-16,TSLA,104285700,0.0171773102947828,1,0.028516302350346665
2025-09-17,TSLA,106133500,0.0243174632629284,1,0.044834598029727904
2025-09-18,TSLA,90454500,-0.0280271157938839,0,0.036514570476841875
2025-09-19,TSLA,93131000,0.0100753874311451,1,0.018372765315617674
2025-09-22,TSLA,97108800,0.0071907545843263,1,0.03676557408103231
2025-09-23,TSLA,83422700,-0.0318950591605876,0,0.03921524008483981
2025-09-24,TSLA,93133600,0.0301515072878176,1,0.03531627189818944
2025-09-25,TSLA,96746400,-0.0272263023890712,0,0.037381720191861645
2025-09-26,TSLA,101628200,0.0282512408320789,1,0.04541212412182691
2025-09-29,TSLA,79491500,-0.0025655781090997,0,0.025835514411253875
2025-09-30,TSLA,74358000,0.0072477176269637,1,0.02690706010695391
2025-10-01,TSLA,98122300,0.0352861741614439,1,0.048535396884621405
2025-10-02,TSLA,137009000,-0.0734050408417595,0,0.07476514650596944
2025-10-03,TSLA,133188200,-0.0303639191346498,0,0.06810440537674982
2025-10-06,TSLA,85324900,0.0283607487237663,1,0.03825294464336358
2025-10-07,TSLA,102296100,-0.0328927040896225,0,0.045174356075841034
2025-10-08,TSLA,71192100,0.0025595792637534,1,0.036794056531411615
2025-10-09,TSLA,69339900,0.008638083896661,1,0.023552056425822598
2025-10-10,TSLA,112107900,-0.0528016169408557,0,0.07257065115606966
2025-10-13,TSLA,79552800,0.0292068924346337,1,0.04058744950995542
2025-10-14,TSLA,72669400,0.0057404851107128,1,0.038285870166402766
2025-10-15,TSLA,71558200,0.0005748447999737,1,0.03260525038483796
2025-10-16,TSLA,77189900,-0.0137556893593807,0,0.041497039746559425
2025-10-17,TSLA,89331600,0.0324559284573296,1,0.04197411363469448
2025-10-20,TSLA,63719000,0.0080203609114282,1,0.020704265984412905
2025-10-21,TSLA,54412200,-0.0070890245712504,0,0.016264357145478255
2025-10-22,TSLA,84023500,-0.010102629074315,0,0.03729847353617824
2025-10-23,TSLA,126709800,0.0690000261579241,1,0.08452380952380953
2025-10-24,TSLA,94727800,-0.0293399855549807,0,0.048139068313330695
2025-10-27,TSLA,105867500,0.0282740172980104,1,0.048797674177453086
2025-10-28,TSLA,80185700,0.012687429150709,1,0.033862513606184204
2025-10-29,TSLA,67983500,-0.0021405194256756,0,0.028216255806587962
2025-10-30,TSLA,72447900,-0.0242766477902647,0,0.03425343670361162
2025-10-31,TSLA,83135800,0.0219585843505176,1,0.03203133197222987
2025-11-03,TSLA,84595200,0.0271497294851785,1,0.04445277301116057
2025-11-04,TSLA,87756600,-0.0224441796444943,0,0.03657086526797229
2025-11-05,TSLA,85573000,0.0221657334406101,1,0.056675137283536486
2025-11-06,TSLA,109622900,-0.0347432420336112,0,0.07004939056997847
2025-11-07,TSLA,103471500,-0.0191816408396431,0,0.039915920562590475
2025-11-10,TSLA,76515900,0.0128071082908191,1,0.037101974180435385
2025-11-11,TSLA,60533200,0.0005006855342718,1,0.02305417620283119
2025-11-12,TSLA,58513500,-0.0261223294185384,0,0.035666604616902756
2025-11-13,TSLA,118948000,-0.0499610389348122,0,0.06655165867972043
2025-11-14,TSLA,105506700,0.0467253918739973,1,0.07613255136283163
2025-11-17,TSLA,102214300,0.0255304796174962,1,0.06324923970098681
2025-11-18,TSLA,80688600,-0.0101879837018759,0,0.03747102042143737
2025-11-19,TSLA,72047700,-0.0053917043697283,0,0.0326948619300832
2025-11-20,TSLA,113548800,-0.0467886879097604,0,0.08248320624238785
2025-11-21,TSLA,100460600,-0.0279131307960982,0,0.04732545655379252
2025-11-24,TSLA,96806400,0.0388143939885449,1,0.051296725747852136
2025-11-25,TSLA,71915600,0.0120167470377692,1,0.03506104509557072
2025-11-26,TSLA,63463000,0.006203501095667,1,0.023705596187271735
2025-11-28,TSLA,36252900,0.0083921730949548,1,0.015776226649767383
2025-12-01,TSLA,57463600,0.0113326606818768,1,0.01967928847233162
2025-12-02,TSLA,69336600,-0.0036443149720665,0,0.03407532963249003
2025-12-03,TSLA,87483000,0.0338810088499562,1,0.038903096132206015
2025-12-04,TSLA,71906500,0.0102013519868982,1,0.020536049660483974
2025-12-05,TSLA,56427500,0.0043485005982194,1,0.015915041993920197
2025-12-08,TSLA,69165800,-0.0175886141916658,0,0.03240585451876348
2025-12-09,TSLA,62367400,0.0174384164506161,1,0.03814508871293914
2025-12-10,TSLA,63257500,0.012060898052942,1,0.029748737447852888
2025-12-11,TSLA,55979500,-0.0045884786782092,0,0.01991313553474993
2025-12-12,TSLA,95656700,0.0242585087951635,1,0.04762435339395259
2025-12-15,TSLA,114542200,0.0125042499289782,1,0.03005705793750215
2025-12-16,TSLA,107608100,0.0374198211547485,1,0.05436143642076322
2025-12-17,TSLA,106490400,-0.0429314477134725,0,0.0595632839694328
2025-12-18,TSLA,95168400,0.0108959164613854,1,0.03710053140896101
2025-12-19,TSLA,103305400,-0.0141768068904755,0,0.032307607087240564
2025-12-22,TSLA,86916100,-0.0023475011942148,0,0.027557768974933824
2025-12-23,TSLA,58223600,-0.0078463350751549,0,0.018655506736159944
2025-12-24,TSLA,41285400,-0.0063053083454216,0,0.028865062615448984
2025-12-26,TSLA,58780700,-0.0206912357389303,0,0.031469588994778946
2025-12-29,TSLA,66263000,-0.0199573248434168,0,0.022174827071395255
2025-12-30,TSLA,59238500,-0.0144440428441411,0,0.02014792907828362
2025-12-31,TSLA,49078000,-0.0139881710095055,0,0.015895636709012787
2026-01-02,TSLA,85535400,-0.043097380941112,0,0.050327674004528845
2026-01-05,TSLA,67940800,0.0082145210240838,1,0.02897381805776344
2026-01-06,TSLA,89093800,-0.0300641007234576,0,0.04361754784651377
2026-01-07,TSLA,59828800,-0.0103005053848228,0,0.01624222682129
2026-01-08,TSLA,57041100,0.018485996105869,1,0.029259901148982605
2026-01-09,TSLA,67331500,0.0207821936114344,1,0.04280301094628653
2026-01-12,TSLA,61649600,0.0175191629677916,1,0.03694215576255051
2026-01-13,TSLA,53719200,-0.0066637048393068,0,0.01745887414136255
2026-01-14,TSLA,57259500,-0.0081524477122601,0,0.02188298027332602
2026-01-15,TSLA,49465800,-0.005803272346604,0,0.017477821435262168
2026-01-16,TSLA,60220600,-0.0045506257110352,0,0.027280978917804323
2026-01-20,TSLA,63187300,-0.0235466408060462,0,0.03095306735218905
2026-01-21,TSLA,68124000,0.023194039497125,1,0.04406397791698691
2026-01-22,TSLA,71546700,0.0326316333531402,1,0.03876733839327435
2026-01-23,TSLA,56771400,0.0036430389323355,1,0.01875150139284252
2026-01-26,TSLA,49397400,-0.0220224444785814,0,0.024179797226123595
2026-01-27,TSLA,37733100,-0.0148830838598146,0,0.015614609897083192
2026-01-28,TSLA,54857400,-0.0010419119798468,0,0.018892833212756716
2026-01-29,TSLA,81686100,-0.0485152828382882,0,0.05849706848610362
2026-01-30,TSLA,82626100,0.0118960796661239,1,0.040390249040222585
2026-02-02,TSLA,58739500,0.0012342780581667,1,0.030026807282175348
2026-02-03,TSLA,56886500,-0.0054446404846214,0,0.035048425536193806
2026-02-04,TSLA,74606900,-0.0343670788734175,0,0.058792754894835576
2026-02-05,TSLA,72819800,0.0004785714741423,1,0.036698422566620474
2026-02-06,TSLA,62677100,0.025544416791238,1,0.04190881831417095
2026-02-09,TSLA,54484300,0.0180771476565804,1,0.03405623510126727
2026-02-10,TSLA,64450200,0.0170541645422198,1,0.024516839669933052
2026-02-11,TSLA,57362000,0.0007243610729585,1,0.03813442296026361
2026-02-12,TSLA,61933400,-0.0307459466513286,0,0.05166165841729863
2026-02-13,TSLA,51434100,0.0075547413802628,1,0.03181191077561982
2026-02-17,TSLA,59678800,-0.0041953160592803,0,0.032035095364104704
2026-02-18,TSLA,45921400,0.0005108656567333,1,0.017805471978402602
2026-02-19,TSLA,51019600,0.0109514830081721,1,0.027354241002915898
2026-02-20,TSLA,57912200,0.0086211600207905,1,0.02253248219957389
2026-02-23,TSLA,69680000,-0.0183162410472768,0,0.033538764456586975
2026-02-24,TSLA,58579500,0.0247309258643617,1,0.03299122071534745
2026-02-25,TSLA,54809700,0.0127380809844645,1,0.01987141225935151
2026-02-26,TSLA,53602500,-0.0140920483235472,0,0.03173107830318972
2026-02-27,TSLA,56890100,-0.0010671382170445,0,0.022360673328618432
2026-03-02,TSLA,55088300,0.0325652867945222,1,0.04170509034914031
2026-03-03,TSLA,62617300,-0.0067326525266776,0,0.027715158042342414
2026-03-04,TSLA,68305500,0.0203342873288424,1,0.034560763576870275
2026-03-05,TSLA,51925900,0.0099110501186824,1,0.02291003192881699
2026-03-06,TSLA,64054600,-0.0034162761286977,0,0.020447674453814766
2026-03-09,TSLA,67018900,0.0221253817533591,1,0.051762602418341117
2026-03-10,TSLA,59258700,-0.007408908003789,0,0.020884078044331608
2026-03-11,TSLA,62559900,0.0137715237191329,1,0.035373399198340816
2026-03-12,TSLA,60973800,-0.0250999138506182,0,0.02924627651345513
2026-03-13,TSLA,58504100,-0.0199664327294114,0,0.025678281572259577
2026-03-16,TSLA,58068300,-0.0016657504923426,0,0.023497040860912723
2026-03-17,TSLA,46890500,0.0090474526780487,1,0.01799387165017349
2026-03-18,TSLA,50853100,-0.015588975490484,0,0.026967443021616685
2026-03-19,TSLA,67078300,-0.0179977829897298,0,0.022051742375116656
2026-03-20,TSLA,78628600,-0.0313018677303832,0,0.04062135828728782
2026-03-23,TSLA,74606000,0.0207992973325318,1,0.033771947009070366
2026-03-24,TSLA,60004900,0.0171818601621282,1,0.029663303325245777
2026-03-25,TSLA,55157300,-0.0103591838983247,0,0.028769972311238456
2026-03-26,TSLA,55522900,-0.0248690267299911,0,0.03294027023890816
2026-03-27,TSLA,62065700,-0.0212610993460294,0,0.028104585090872526
2026-03-30,TSLA,67954400,-0.028918129874463,0,0.04140926721441381
2026-03-31,TSLA,75534900,0.0283256063670652,1,0.03410690226879037
2026-04-01,TSLA,58683800,0.0069461079388742,1,0.023928447189429665
2026-04-02,TSLA,83031200,-0.009912179429276,0,0.0308896200519754
2026-04-06,TSLA,77697600,-0.0269450043088541,0,0.05813725360647179
2026-04-07,TSLA,74515400,0.0006061409005839,1,0.031116495506664555
2026-04-08,TSLA,78838600,-0.0564611673285841,0,0.06825362431359779
2026-04-09,TSLA,62164000,0.0071980220446928,1,0.03389189884794473
2026-04-10,TSLA,51336000,0.0076814334704211,1,0.02200466351658832
2026-04-13,TSLA,53617500,0.00671296042034,1,0.022224122651248433
2026-04-14,TSLA,59979600,0.0182570484920347,1,0.035954973540824754
2026-04-15,TSLA,113810400,0.0684786591998442,1,0.08764276387789474
2026-04-16,TSLA,63515100,-0.0124679507695302,0,0.031131789039461382
2026-04-17,TSLA,90640000,0.0118710384169831,1,0.044529208640346825
2026-04-20,TSLA,64603900,-0.0250384691452022,0,0.04587908449688346
2026-04-21,TSLA,50530600,-0.0167429683772662,0,0.02221376841304881
2026-04-22,TSLA,62362800,-0.0001548044416748,0,0.019893236904181884
2026-04-23,TSLA,93969500,-0.0041568896921447,0,0.04692492381380276
2026-04-24,TSLA,62893300,0.0074966205969712,1,0.032208832073084004
2026-04-27,TSLA,66735800,0.0176839397850097,1,0.04504289266192856
2026-04-28,TSLA,50864400,0.0035763754779672,1,0.02602220612413881
2026-04-29,TSLA,45384800,-0.006925962029271,0,0.016941889864058576
2026-04-30,TSLA,51076000,0.0238229507251844,1,0.04448017859762743
2026-05-01,TSLA,65338300,0.0217783923828684,1,0.049726842575920145
2026-05-04,TSLA,48765100,0.0058427048538221,1,0.025215966426050822
2026-05-05,TSLA,47780600,-0.0147271117393251,0,0.033199208067346705
2026-05-06,TSLA,53465400,0.0323107080552184,1,0.045721692329085906
2026-05-07,TSLA,64294200,0.0105771999665975,1,0.03364580123057405
2026-05-08,TSLA,65050000,0.0285007558683942,1,0.03555992404898389
2026-05-11,TSLA,78376100,0.0541027007290141,1,0.07665343847931422
2026-05-12,TSLA,60569300,-0.0180331016266938,0,0.05785998916076708
2026-05-13,TSLA,68283200,0.0196944496335577,1,0.053106468794070334
2026-05-14,TSLA,46070400,-0.0071446225249791,0,0.024233482409177925
2026-05-15,TSLA,52688700,-0.0270519850102565,0,0.02917185893731914
2026-05-18,TSLA,52474200,-0.0221337062572209,0,0.03768459161056637
2026-05-19,TSLA,46500600,0.0023563391229882,1,0.029764857354394873
2026-05-20,TSLA,45294700,0.0236997142233999,1,0.027158922082619528
2026-05-21,TSLA,42636900,-0.0102562571589954,0,0.033279687702625994
2026-05-22,TSLA,46104700,0.0079021369668602,1,0.02602503052154826
2026-05-26,TSLA,45658900,0.0077394749609185,1,0.02110355804340253
2026-05-27,TSLA,44656500,-0.0057125453570754,0,0.022759639541309565
2026-05-28,TSLA,32435000,0.0102372173034014,1,0.01750377895794751
2026-05-29,TSLA,45176800,-0.0092304137825526,0,0.029396368071751996
2026-06-01,TSLA,44937900,-0.0271584963783531,0,0.03314700636608003
2026-06-02,TSLA,37596000,0.0131987685848598,1,0.02575204318256994
2026-06-03,TSLA,44500700,0.011941724036845,1,0.04203488318699424
2026-06-04,TSLA,35323300,-0.0033107472917866,0,0.02188929716455614
2026-06-05,TSLA,63420200,-0.070154577883472,0,0.08582638843731434
2026-06-08,TSLA,50328800,0.0318422175014116,1,0.045971795821664385
2026-06-09,TSLA,59940200,-0.0349123084595605,0,0.08335160418308289
2026-06-10,TSLA,49695600,-0.0254125044436925,0,0.0432650612241653
2026-06-11,TSLA,45324300,0.0279952486642664,1,0.04862471655034729
2026-06-12,TSLA,63514500,0.0173721560265744,1,0.049863534499248754
2026-06-15,TSLA,45620500,-0.0029585111311418,0,0.021582544806527864
2026-06-16,TSLA,40255500,0.0013610609252042,1,0.02939794935400392
2026-06-17,TSLA,43534300,-0.0128259256148756,0,0.03033395440642059
2026-06-18,TSLA,58384700,0.0060034767501056,1,0.0447625635102526
2026-06-22,TSLA,47819500,0.0258325478834589,1,0.051538573607570304
2026-06-23,TSLA,50420200,-0.0280176266789293,0,0.03517485054850959
2026-06-24,TSLA,37081400,-0.0119711322714005,0,0.03033571665606389
2026-06-25,TSLA,30138800,-0.0003996959545808,0,0.021051493931737136
2026-06-26,TSLA,53434100,0.0258273611136875,1,0.05187081455098611
2026-06-29,TSLA,57645800,0.078708156631692,1,0.08897561607274518
2026-06-30,TSLA,43385600,0.0359606061662946,1,0.04566504567714748
2026-07-01,TSLA,40127900,0.0091111764242037,1,0.03504481875652995
2026-07-02,TSLA,73717700,-0.0807457694214173,0,0.10058180259410447
2026-07-06,TSLA,54727900,0.056025129594143,1,0.07421383647798742
2026-07-07,TSLA,38149900,-0.0337202557720901,0,0.042402132190387944
2026-07-08,TSLA,33844900,-0.0133206651789685,0,0.02283538235686967
2026-07-09,TSLA,37835000,0.0318789762935909,1,0.043148304325922385
2026-07-10,TSLA,33410000,-0.0066505408991612,0,0.025213784379020165
2026-07-13,TSLA,32809200,-0.0243443709808074,0,0.035095555525385826
2026-07-14,TSLA,23385000,-0.007192069176748,0,0.01869437835679986
2026-07-15,TSLA,31549800,-0.0123685591309412,0,0.039884809512315496
2026-07-16,TSLA,29269100,-0.0032879024464231,0,0.025461934698528425
2026-07-17,TSLA,31394600,-0.0024621573796736,0,0.022185555156857766
2026-07-20,TSLA,33901500,-0.0426887216418923,0,0.04450198994694566
2026-07-21,TSLA,32735300,0.0209068054188534,1,0.03796103087038296
2026-07-22,TSLA,30646100,-0.0040475834650035,0,0.019359357587628228
2026-07-23,TSLA,115606400,-0.0624926614621517,0,0.077331363980022
2026-07-24,TSLA,62760000,-0.0239773085935927,0,0.05129078831018427
2026-07-27,TSLA,44919400,-0.0128335753383979,0,0.040607845796399304
2026-07-28,TSLA,39802400,0.004935801659778,1,0.03422351999269006
2026-07-29,TSLA,39478000,-0.028716568677365,0,0.03802823506780936
2026-07-30,TSLA,38005400,0.0203171247058889,1,0.03151637978262452
2026-07-31,TSLA,36630600,0.0049080984264561,1,0.04368884585435324
2026-08-03,TSLA,38281400,0.0357602116759574,1,0.04572935943998241
2026-08-04,TSLA,33318300,0.0103395250108506,1,0.027098761664496526
2026-08-05,TSLA,27820800,-0.0057820343736503,0,0.02121085765978252
2026-08-06,TSLA,26033800,0.0078221450301633,1,0.023592528857665548
2026-08-07,TSLA,39492300,0.0193584113211752,1,0.03871691731747134
2026-08-10,TSLA,25003800,0.0131047112654992,1,0.01806489218072573
2026-08-11,TSLA,23345200,3.007742185143037e-05,1,0.020042108390592003
2026-08-12,TSLA,28698900,-0.0223581798041044,0,0.03540294134794776
2026-08-13,TSLA,34708300,0.0389974901344844,1,0.05012232213391732
2026-08-14,TSLA,45437100,-0.0001752623519619,0,0.046534115672617414
2026-08-17,TSLA,26037100,-0.0040799983518053,0,0.02339370443391232
2026-08-18,TSLA,27994500,0.0109537059093486,1,0.028239612351110954
2026-08-19,TSLA,36735400,0.0360883470746026,1,0.04697684269827645
2026-08-20,TSLA,30766400,-0.0030907200649631,0,0.024667845880417993
2026-08-21,TSLA,59224000,0.0370983774082702,1,0.05601922324792575
2026-08-24,TSLA,39190500,-0.0344760558059351,0,0.04144871563310443
2026-08-25,TSLA,29816700,0.0019166241016943,1,0.022312455210751394
2026-08-26,TSLA,28573000,0.0015930093203817,1,0.027225053423661903
2026-08-27,TSLA,30136200,0.0249884267534493,1,0.029726074412074227
2023-01-03,UNH,3525600,-0.0123588257651041,0,0.025650851433041466
2023-01-04,UNH,5070400,-0.0272636399989738,0,0.0347832948391967
2023-01-05,UNH,5497100,-0.0220554841124155,0,0.0271251992435202
2023-01-06,UNH,4841300,-0.0032343952271919,0,0.010842341406398592
2023-01-09,UNH,3702800,-0.0047724580858194,0,0.02325294288153845
2023-01-10,UNH,3164000,-0.0058300216179442,0,0.015935375775105037
2023-01-11,UNH,4274200,0.016711626468221,1,0.021842621766102993
2023-01-12,UNH,3726800,0.011571455974968,1,0.027571448501275433
2023-01-13,UNH,5390100,0.0071177759702958,1,0.04834296909783586
2023-01-17,UNH,4495600,-0.0124593352660303,0,0.018648215461054565
2023-01-18,UNH,4398200,-0.0241983359368581,0,0.03022231404348881
2023-01-19,UNH,4549600,0.0135810791652308,1,0.01883357417699556
2023-01-20,UNH,3525900,0.0024509349461374,1,0.016456223620503793
2023-01-23,UNH,3418700,-0.0017876122509253,0,0.017896752663265226
2023-01-24,UNH,3036300,-0.0173110052633762,0,0.04049895928142837
2023-01-25,UNH,3037300,0.0065811012686737,1,0.019681929343647955
2023-01-26,UNH,3005000,-4.058682979054948e-05,0,0.011918833776173662
2023-01-27,UNH,3177100,-0.014836750099649,0,0.018039187596664483
2023-01-30,UNH,3606900,-0.004140934018945,0,0.021422300197478
2023-01-31,UNH,5567000,0.0023895631353538,1,0.02483934762487452
2023-02-01,UNH,3451200,-0.0059006143314376,0,0.0174217246572871
2023-02-02,UNH,11169900,-0.0474042462073145,0,0.06294254994717183
2023-02-03,UNH,5440100,-0.0067546701564447,0,0.019001322665955767
2023-02-06,UNH,4174200,0.0068643860897775,1,0.016864388676013028
2023-02-07,UNH,3394600,0.01239808982666,1,0.01921277944292846
2023-02-08,UNH,3466400,0.0162996613458324,1,0.020884647123615516
2023-02-09,UNH,3664600,0.0002059306519574,1,0.015032057815926052
2023-02-10,UNH,3418100,0.010467554772916,1,0.014127131014514033
2023-02-13,UNH,2589000,0.002732805877562,1,0.01641697439587571
2023-02-14,UNH,2072600,-0.0029537760169464,0,0.01792473186990472
2023-02-15,UNH,2242500,0.0032676526569178,1,0.0070253690732310645
2023-02-16,UNH,2611500,-0.0077369191493254,0,0.013702557406010158
2023-02-17,UNH,3891500,0.0240058713370203,1,0.024847111556154773
2023-02-21,UNH,2877300,-0.0108516499214235,0,0.021944823089597918
2023-02-22,UNH,2982800,-0.0079543494035755,0,0.010592320055524832
2023-02-23,UNH,2511800,0.0103357554379776,1,0.015328959435626198
2023-02-24,UNH,2940400,-0.0107234775603415,0,0.01940438796633239
2023-02-27,UNH,3006200,-0.0111504016448535,0,0.01837267260301645
2023-02-28,UNH,3902100,-0.0139432962460921,0,0.019557817268964217
2023-03-01,UNH,2996900,0.0033994550768298,1,0.013534350753502776
2023-03-02,UNH,2188800,0.0052398324882201,1,0.015109094515871448
2023-03-03,UNH,2863300,0.0012972237394242,1,0.010210496836181332
2023-03-06,UNH,3812700,-0.0012256608095129,0,0.011114124598092622
2023-03-07,UNH,2589200,-0.0188413720992962,0,0.023313614455037424
2023-03-08,UNH,3036600,-0.0024377189114666,0,0.01829359805577637
2023-03-09,UNH,2780400,-0.0190737594938029,0,0.021521282718262123
2023-03-10,UNH,3787500,-0.0052726030194973,0,0.02435332731427168
2023-03-13,UNH,2971600,0.0109669657608936,1,0.025553257116903535
2023-03-14,UNH,3258200,-0.0001506667925069,0,0.02322179852933699
2023-03-15,UNH,3770200,0.0096314508676183,1,0.020911548737829116
2023-03-16,UNH,2940500,0.0157302354005882,1,0.02214286056708678
2023-03-17,UNH,5290000,-0.0040094499028518,0,0.01211315852100688
2023-03-20,UNH,3119400,0.014808492457613,1,0.020893632604720713
2023-03-21,UNH,3163300,0.0035744714620241,1,0.011977697717079423
2023-03-22,UNH,2632200,-0.0133416807355473,0,0.02265791603604184
2023-03-23,UNH,3284900,-0.0157097671654743,0,0.029324898708885546
2023-03-24,UNH,2533200,0.0149472879095719,1,0.01980896483281602
2023-03-27,UNH,2271800,-0.0075172360997786,0,0.01585833055424664
2023-03-28,UNH,2369500,-0.0195435963231003,0,0.02717843589940983
2023-03-29,UNH,3733200,-0.0179326667010953,0,0.023005184089518696
2023-03-30,UNH,3324600,0.0074800998340852,1,0.019997035693210194
2023-03-31,UNH,3996700,0.0022692724574774,1,0.012512712152089218
2023-04-03,UNH,4729100,0.0185284212864756,1,0.026051142478215796
2023-04-04,UNH,2624700,0.0004462227881626,1,0.008640467671688268
2023-04-05,UNH,4964800,0.0238042501642484,1,0.03144410557158828
2023-04-06,UNH,3472600,0.003542069586289,1,0.013874748215050225
2023-04-10,UNH,2714500,0.0085550305163833,1,0.014291063889581705
2023-04-11,UNH,3065300,0.0093578407362532,1,0.013562211418093524
2023-04-12,UNH,3422400,-0.0072192810551742,0,0.012686263148055342
2023-04-13,UNH,4224400,0.0044282556987682,1,0.018991835844068376
2023-04-14,UNH,4872000,-0.0195593706035979,0,0.03590036443366852
2023-04-17,UNH,3660900,-0.0066244596420447,0,0.013445503069424502
2023-04-18,UNH,3232000,0.001608190952408,1,0.017570979708934432
2023-04-19,UNH,5809100,-0.0288624425559082,0,0.03663237104060099
2023-04-20,UNH,3283000,0.0040991003138633,1,0.01316246959604494
2023-04-21,UNH,3165300,-0.0126928436704019,0,0.017529173512581046
2023-04-24,UNH,2322400,0.01143956214684,1,0.01565960006386221
2023-04-25,UNH,2937300,-0.0015425413236681,0,0.016075370515291603
2023-04-26,UNH,2930000,-0.0060098029092164,0,0.019223304483364935
2023-04-27,UNH,2473200,0.0171505367157086,1,0.01820820936754186
2023-04-28,UNH,2398900,0.006957363317233,1,0.011950308597914934
2023-05-01,UNH,2105600,0.0022443152456773,1,0.015325860098200054
2023-05-02,UNH,2152300,-0.0037556493721604,0,0.015022720729745039
2023-05-03,UNH,1749700,-0.0100323452999812,0,0.015008117959823257
2023-05-04,UNH,2555700,0.0004722533458431,1,0.015891572586723943
2023-05-05,UNH,2329400,0.0004452925187026,1,0.017852097655756502
2023-05-08,UNH,1738500,0.0011787386435928,1,0.012255098517555504
2023-05-09,UNH,2038600,-0.0049914606634149,0,0.018464422877879857
2023-05-10,UNH,2018700,0.0013690507480392,1,0.011912518686092671
2023-05-11,UNH,2384200,0.0015573970607069,1,0.009139326752209298
2023-05-12,UNH,1536500,0.005053607437907,1,0.010536856112581587
2023-05-15,UNH,2169700,-0.0092389267425961,0,0.016463159215249844
2023-05-16,UNH,2178900,-0.016201127877428,0,0.0209178905532817
2023-05-17,UNH,2682000,0.0100208282470703,1,0.016374969482421866
2023-05-18,UNH,3040100,-0.0058499675926799,0,0.01796488614008763
2023-05-19,UNH,2317900,-0.0015846767365725,0,0.01457523339189997
2023-05-22,UNH,2242800,0.0003746413180971,1,0.008929332535013004
2023-05-23,UNH,2874200,0.0068461712288795,1,0.022785514449161423
2023-05-24,UNH,1904700,0.0004577541611878,1,0.009134192515055841
2023-05-25,UNH,2684100,0.0001465722913198,1,0.015639723518910523
2023-05-26,UNH,3135200,0.0072375674031459,1,0.02173370434986885
2023-05-30,UNH,3180800,0.0066501919032513,1,0.02064277185760433
2023-05-31,UNH,4944100,0.0190746992602812,1,0.02152181178367116
2023-06-01,UNH,3376600,0.0119723574398569,1,0.025974319288599376
2023-06-02,UNH,3064500,0.0154064767728976,1,0.02166667410997849
2023-06-05,UNH,2688800,-0.0050130012071722,0,0.01094463817684939
2023-06-06,UNH,3816600,-0.024664906426902,0,0.03246645462474398
2023-06-07,UNH,4381700,-0.0159608268790375,0,0.018042649490036776
2023-06-08,UNH,2725900,0.0120563929091914,1,0.019385235790321965
2023-06-09,UNH,3174100,0.0074083245681737,1,0.022429009680622704
2023-06-12,UNH,2207700,0.000589089075996,1,0.011639266968127223
2023-06-13,UNH,3016600,0.0008963726562696,1,0.012223195672344239
2023-06-14,UNH,14672400,0.0114815470150849,1,0.032883186093049514
2023-06-15,UNH,6798100,0.0084417941871077,1,0.024004841170399565
2023-06-16,UNH,7699100,-0.0164114304150269,0,0.022718488018835973
2023-06-20,UNH,4597700,0.0276738142275588,1,0.03008208042556104
2023-06-21,UNH,4886500,0.0166328768310708,1,0.025972901927133193
2023-06-22,UNH,3179000,0.0018193883694698,1,0.01083272565795832
2023-06-23,UNH,4862600,-0.0027804791871743,0,0.011979200859619241
2023-06-26,UNH,2968300,0.0019240868406144,1,0.0173798412682608
2023-06-27,UNH,3693200,0.0092652471724024,1,0.011314921897519143
2023-06-28,UNH,3670100,-0.0155821632110449,0,0.01688933578549554
2023-06-29,UNH,2979300,0.0028627092438753,1,0.013955555001692247
2023-06-30,UNH,3970400,0.005523043197568,1,0.01460253344420126
2023-07-03,UNH,1915700,-0.0004601573266985,0,0.00817821295167028
2023-07-05,UNH,5053100,-0.0101044000817768,0,0.014074768867954128
2023-07-06,UNH,3913600,2.126184705887153e-05,1,0.012250985246033557
2023-07-07,UNH,4131600,-0.0073548675865255,0,0.01675264091901889
2023-07-10,UNH,4339200,0.0066304082455842,1,0.008565222698709152
2023-07-11,UNH,3086800,0.0011246826929549,1,0.011570767226323901
2023-07-12,UNH,7287600,-0.0244060211511203,0,0.029308871110623642
2023-07-13,UNH,7276800,-0.0094026548672565,0,0.01707964871836983
2023-07-14,UNH,11379300,0.0380932355416083,1,0.053810431964767265
2023-07-17,UNH,4582000,0.0061732271437534,1,0.013094756921212598
2023-07-18,UNH,8816400,0.0218053536887803,1,0.03457792060989029
2023-07-19,UNH,4956500,-0.0075658987926875,0,0.02399803356019587
2023-07-20,UNH,2963100,-0.0047764051044933,0,0.01608572580739887
2023-07-21,UNH,2887300,0.0029304247541826,1,0.011662240948022614
2023-07-24,UNH,2279000,0.0066293435824761,1,0.01031007775813669
2023-07-25,UNH,2730600,0.0018235150505514,1,0.01023529651118252
2023-07-26,UNH,3697200,-0.0069202965277172,0,0.018043516273545723
2023-07-27,UNH,3028300,-0.0065674268828073,0,0.014491603930723101
2023-07-28,UNH,2930000,-0.0045525382155338,0,0.020189648620475044
2023-07-31,UNH,2441600,0.0066997914854622,1,0.017534805813556063
2023-08-01,UNH,2161200,-0.005438442887931,0,0.014876883370535665
2023-08-02,UNH,3220500,-0.0095940956758312,0,0.01467560860620973
2023-08-03,UNH,2442900,0.0039172993015225,1,0.009862974627852957
2023-08-04,UNH,2411200,-0.0142548804189644,0,0.01794116450291072
2023-08-07,UNH,2430900,0.009886503137082,1,0.01769680440992102
2023-08-08,UNH,2422600,0.0056858555697068,1,0.0162028318371024
2023-08-09,UNH,1916900,-0.00375002906436,0,0.009623027983165859
2023-08-10,UNH,2179700,-0.0019624362835836,0,0.018355857088904946
2023-08-11,UNH,2029600,0.0047070088005637,1,0.012697057859970702
2023-08-14,UNH,2127200,0.0034960204274475,1,0.010311303275921117
2023-08-15,UNH,1817500,-0.00955859153839,0,0.014425965819810597
2023-08-16,UNH,1454100,-0.0087401622862327,0,0.01509845162939837
2023-08-17,UNH,3009500,-0.0030677716508162,0,0.0189916918008001
2023-08-18,UNH,2364400,0.0073972344701467,1,0.015036991106677595
2023-08-21,UNH,1533500,0.0003416673168773,1,0.008100337079037642
2023-08-22,UNH,2079400,-0.0062169815638524,0,0.011020995972446006
2023-08-23,UNH,2011400,-0.007221090382543,0,0.012312388081579612
2023-08-24,UNH,2311100,-0.0067761158697991,0,0.016706391744536416
2023-08-25,UNH,1923500,-0.0016329569901615,0,0.013267471876730665
2023-08-28,UNH,1344500,0.0016106517169584,1,0.008012380994571055
2023-08-29,UNH,2113700,0.0027671787661191,1,0.01011252204276715
2023-08-30,UNH,2283400,-0.0049798406925431,0,0.012996180159663277
2023-08-31,UNH,4927700,-0.0320497181915166,0,0.03560402815184073
2023-09-01,UNH,3165900,-0.0057620245628914,0,0.015219224519669889
2023-09-05,UNH,3443300,0.0058786559803216,1,0.014769869369442938
2023-09-06,UNH,2596100,-0.0106826400373485,0,0.014063761602190271
2023-09-07,UNH,2928000,0.0102313059482315,1,0.01773281799599798
2023-09-08,UNH,1858400,0.0012078272544552,1,0.008788190506356937
2023-09-11,UNH,2059200,-0.0053944272464639,0,0.012116677465398703
2023-09-12,UNH,2195200,0.0052787904560235,1,0.02413175963261778
2023-09-13,UNH,2197800,-0.0033026532664769,0,0.009513360529093799
2023-09-14,UNH,2334300,0.0020098236970132,1,0.013447133764405724
2023-09-15,UNH,5334300,0.0019764112322583,1,0.011693483736104859
2023-09-18,UNH,1997500,-0.0048115437560557,0,0.010523912475829093
2023-09-19,UNH,3230700,-0.0064081487533818,0,0.01899702798058622
2023-09-20,UNH,3724800,0.0194303570850595,1,0.03308124433583628
2023-09-21,UNH,4703900,0.0140634415360421,1,0.024403626169272323
2023-09-22,UNH,4558500,0.0142284691453218,1,0.022845679151271392
2023-09-25,UNH,2758500,0.003974322147838,1,0.008479906889745679
2023-09-26,UNH,2420200,-0.006857370648079,0,0.00990295225516707
2023-09-27,UNH,2593700,-0.0049384665976816,0,0.010489298230754505
2023-09-28,UNH,2922000,0.0081625489116913,1,0.018064341020982227
2023-09-29,UNH,3006200,-0.011101311355011,0,0.011925109379344266
2023-10-02,UNH,3550400,0.0178822395639245,1,0.023144051263591085
2023-10-03,UNH,3143200,-0.0074614974933729,0,0.010948753654469684
2023-10-04,UNH,2801700,0.0022179138049261,1,0.010225955509468504
2023-10-05,UNH,2790700,0.0090105652546019,1,0.013642959721950221
2023-10-06,UNH,3647200,0.0161874046935083,1,0.019304930782506235
2023-10-09,UNH,2341600,0.0102849181626516,1,0.0127026668081433
2023-10-10,UNH,2455700,-0.0042925161740266,0,0.009610631640254007
2023-10-11,UNH,2819300,0.0061622169967894,1,0.010289577214478172
2023-10-12,UNH,2377300,0.0020401689019187,1,0.012069360389418419
2023-10-13,UNH,5245400,0.0115330978229021,1,0.023366192166256367
2023-10-16,UNH,3827600,-0.0094811359923932,0,0.01962523348324143
2023-10-17,UNH,2586000,-0.0060932289003735,0,0.014557145823651725
2023-10-18,UNH,2551400,-0.0128535296684888,0,0.015799860787147194
2023-10-19,UNH,2351200,-0.0096680495707972,0,0.01693309998034169
2023-10-20,UNH,2811100,-0.0074764043373353,0,0.014425561477459974
2023-10-23,UNH,2357700,-0.0103599826748783,0,0.01421181119323292
2023-10-24,UNH,1978200,0.0040929019400835,1,0.016447951319424513
2023-10-25,UNH,2380100,0.0055758953335141,1,0.02328971458046465
2023-10-26,UNH,2675800,0.0050598689038715,1,0.015122600318190812
2023-10-27,UNH,2585600,-0.0025285977196089,0,0.012319588944767921
2023-10-30,UNH,2555400,0.0095047433035714,1,0.01691429501488106
2023-10-31,UNH,2464200,0.0010467244085864,1,0.009457939361857464
2023-11-01,UNH,2747400,0.0030567100209231,1,0.01703843471387018
2023-11-02,UNH,2350900,0.0077631670729558,1,0.01859025309856665
2023-11-03,UNH,2739500,-0.0068652989503212,0,0.013431342158009589
2023-11-06,UNH,2684900,0.0034422757802151,1,0.01122967417837378
2023-11-07,UNH,2604800,0.0046137772823256,1,0.015186052572594946
2023-11-08,UNH,1769200,-0.006055591724537,0,0.013444462528934976
2023-11-09,UNH,1819600,0.0026042121979946,1,0.011960552395437031
2023-11-10,UNH,2480800,-0.0027087247051011,0,0.012272376417809336
2023-11-13,UNH,1507900,0.0026240096943427,1,0.011531093020438652
2023-11-14,UNH,2454000,0.0026528998349992,1,0.011427884922415907
2023-11-15,UNH,2473700,-0.0030367830488058,0,0.016220738753137752
2023-11-16,UNH,2360300,0.0026188857005235,1,0.013725627341701727
2023-11-17,UNH,2676900,-0.007366763581217,0,0.02254426904226308
2023-11-20,UNH,2518400,0.0027922832691995,1,0.008508159867939562
2023-11-21,UNH,2115700,0.0033843599645163,1,0.013909255252403047
2023-11-22,UNH,2234500,0.0014550327000163,1,0.007624758037864205
2023-11-24,UNH,1135000,0.003982131538587,1,0.008771822731583334
2023-11-27,UNH,2675800,-0.0064155527090083,0,0.017108363679852173
2023-11-28,UNH,2859300,-0.0093469485554279,0,0.01053827675997209
2023-11-29,UNH,4550000,0.0093961895636791,1,0.024924454599056532
2023-11-30,UNH,7121200,0.0320647891530819,1,0.03719739728831598
2023-12-01,UNH,3462200,-0.005922767826104,0,0.01733229053941742
2023-12-04,UNH,2709200,3.651466620484678e-05,1,0.016105528275933333
2023-12-05,UNH,2645600,0.0021126101461753,1,0.013076040848983315
2023-12-06,UNH,2239700,0.0035978372179579,1,0.008729690478098665
2023-12-07,UNH,2511700,-0.0055862087441182,0,0.012677955099111932
2023-12-08,UNH,2039900,-0.0008177659769419,0,0.013067505405552913
2023-12-11,UNH,3655300,-0.0110594022516039,0,0.019899596636849336
2023-12-12,UNH,2706100,-0.0001466051513985,0,0.00886765468772506
2023-12-13,UNH,2876600,0.0092095767750459,1,0.019908007453469705
2023-12-14,UNH,5386800,-0.0184824504578533,0,0.028513611692376088
2023-12-15,UNH,9030100,0.002113198334316,1,0.0198867509949882
2023-12-18,UNH,3260300,-0.0048383089139637,0,0.011793370768137953
2023-12-19,UNH,3645600,-0.0010485308526015,0,0.01113243775395184
2023-12-20,UNH,3847800,-0.0151187998077074,0,0.017104175604159104
2023-12-21,UNH,2491600,0.0019272278572882,1,0.008325638458923531
2023-12-22,UNH,1759500,0.0008270998533174,1,0.009598349979818566
2023-12-26,UNH,1390800,0.0002885750801213,1,0.006751576772829059
2023-12-27,UNH,1851800,0.005848923573533,1,0.007311183824855795
2023-12-28,UNH,2001000,0.0027318734425523,1,0.009417909243503048
2023-12-29,UNH,2080100,0.0009315758252591,1,0.008213254277032959
2024-01-02,UNH,3415700,0.0237263673274946,1,0.024656422390507866
2024-01-03,UNH,2891400,-0.0018598054863981,0,0.01346125120501843
2024-01-04,UNH,2994400,0.0007706108443234,1,0.011009174311926549
2024-01-05,UNH,2815400,-0.0175868283678016,0,0.024259633512340065
2024-01-08,UNH,2648900,-0.0053392746615853,0,0.022710417956148237
2024-01-09,UNH,2677000,0.0006877232661477,1,0.013531539519923249
2024-01-10,UNH,2180000,-0.0008547871369054,0,0.009384850440607889
2024-01-11,UNH,2814100,0.0066215055315635,1,0.010501079582156543
2024-01-12,UNH,6327300,0.0051073979279149,1,0.02958404197528712
2024-01-16,UNH,3736700,-0.0087071038690793,0,0.015180179628959551
2024-01-17,UNH,3791300,0.0070211267242829,1,0.02044960970192908
2024-01-18,UNH,7367000,0.0219900156909745,1,0.03835883652785448
2024-01-19,UNH,6143400,-0.0222135969736044,0,0.03054365139563107
2024-01-22,UNH,5922900,0.0179584628112967,1,0.03387309449839411
2024-01-23,UNH,2672900,0.0058927210365853,1,0.011707317073170763
2024-01-24,UNH,2918800,-0.0090172692125204,0,0.01695301766330704
2024-01-25,UNH,14671000,0.0119157439697913,1,0.033860435795700604
2024-01-26,UNH,6212200,0.0201103094637591,1,0.02795574233507869
2024-01-29,UNH,4554100,0.0028423669475772,1,0.010653765628195913
2024-01-30,UNH,4931200,-0.0018433091085115,0,0.01353705644070347
2024-01-31,UNH,5358100,0.0143306977637742,1,0.020792432323093527
2024-02-01,UNH,4242600,-0.003321289956224,0,0.014189417705785416
2024-02-02,UNH,3804500,0.0038957422259285,1,0.014795786514694983
2024-02-05,UNH,3646300,-0.0137265670195553,0,0.027747322635424784
2024-02-06,UNH,2745400,0.0133547861922523,1,0.0168472242593248
2024-02-07,UNH,4109100,0.0104667317379006,1,0.016166995585130517
2024-02-08,UNH,3343000,-0.001037162711099,0,0.009373151377924584
2024-02-09,UNH,2715400,-0.001483688598507,0,0.007900030247678134
2024-02-12,UNH,3194000,-0.0011191310398567,0,0.01192542361382994
2024-02-13,UNH,3436000,-0.0098659471533764,0,0.024367759967672535
2024-02-14,UNH,1918500,0.0032604755733816,1,0.00822895468146248
2024-02-15,UNH,2292100,0.0068426524985136,1,0.011501163447949391
2024-02-16,UNH,2135500,-0.0014359563804877,0,0.00938151157079571
2024-02-20,UNH,2600200,-0.0060090884989352,0,0.011369530765985876
2024-02-21,UNH,2095900,-0.003246342663339,0,0.011744084279731589
2024-02-22,UNH,3186800,0.0043876149168427,1,0.015547430730862783
2024-02-23,UNH,2502000,0.000930214018747,1,0.012036121225379743
2024-02-26,UNH,2308900,-0.0056783766626483,0,0.01608873387750343
2024-02-27,UNH,3780600,-0.0216099295762525,0,0.02580234547321443
2024-02-28,UNH,9558600,0.0057322709589371,1,0.028580601232751506
2024-02-29,UNH,6833200,-0.0098294762216336,0,0.020361071005986744
2024-03-01,UNH,7315000,0.0002247258970719,1,0.026092085863500206
2024-03-04,UNH,5239800,-0.0028350201657007,0,0.014361399266729443
2024-03-05,UNH,5296200,-0.0191546683624601,0,0.025456577471336096
2024-03-06,UNH,5577500,-0.0038782487320255,0,0.024470924230290507
2024-03-07,UNH,5102000,0.0100843856103309,1,0.016012650501878955
2024-03-08,UNH,4673600,-0.0036794248687166,0,0.019818976966638324
2024-03-11,UNH,4410100,0.0254716853175773,1,0.029999994881747837
2024-03-12,UNH,4153800,0.0024993366695333,1,0.0100997533986152
2024-03-13,UNH,3669000,-0.0111849350311096,0,0.021620225452385494
2024-03-14,UNH,3378500,0.0005729226931525,1,0.009187244686446466
2024-03-15,UNH,5713500,0.006913519402593,1,0.007734103845033134
2024-03-18,UNH,2970500,-0.0102621789228032,0,0.01162365606534822
2024-03-19,UNH,2511700,0.0074539869634534,1,0.011538370211673499
2024-03-20,UNH,3548200,0.0035738415766693,1,0.010477803011998918
2024-03-21,UNH,3693400,-0.0011984974797952,0,0.00999433948146276
2024-03-22,UNH,2847300,-0.0103594603318946,0,0.012237474574334602
2024-03-25,UNH,2786100,-0.0096208747696329,0,0.015103961618267821
2024-03-26,UNH,3113300,0.0085632774751979,1,0.016614396309256867
2024-03-27,UNH,2653100,-0.0012153252758357,0,0.00895283232417839
2024-03-28,UNH,3820000,-0.0006060359453914,0,0.01327274206912877
2024-04-01,UNH,2928700,-0.0096466701759381,0,0.014318333882312793
2024-04-02,UNH,11867000,-0.0031766567356165,0,0.03063530545100641
2024-04-03,UNH,4460400,-0.0048917960294914,0,0.015800905434084203
2024-04-04,UNH,5182000,-0.0118050482942221,0,0.021266411260815094
2024-04-05,UNH,5747400,0.011205014013208,1,0.017173645282671405
2024-04-08,UNH,4532300,6.579112489096472e-05,1,0.007917222316108702
2024-04-09,UNH,3521200,0.0119749988025539,1,0.016069424870482442
2024-04-10,UNH,4493500,-0.0119431876836789,0,0.01967110506746308
2024-04-11,UNH,5844100,-0.0192500125352512,0,0.0206265186287384
2024-04-12,UNH,6045700,-0.0025888725537996,0,0.013307865286590684
2024-04-15,UNH,5376800,0.0082126807303449,1,0.014389176174526189
2024-04-16,UNH,11816500,-0.0165278321765517,0,0.02967886868415811
2024-04-17,UNH,8759800,0.0008148435559673,1,0.028019230027358167
2024-04-18,UNH,8880400,0.014502268368866,1,0.032974715854375294
2024-04-19,UNH,6618600,0.0083098689795021,1,0.023621710733148928
2024-04-22,UNH,4697700,-0.0131583989092195,0,0.017638311705629083
2024-04-23,UNH,3646700,-0.0098167155279404,0,0.01902239580018446
2024-04-24,UNH,3724400,0.0072760118701758,1,0.01684648790162663
2024-04-25,UNH,4329700,0.0100212573259883,1,0.019633520679161038
2024-04-26,UNH,2727000,0.0068089554949504,1,0.011849628231389605
2024-04-29,UNH,2192100,-0.0134756062837733,0,0.019325850305585104
2024-04-30,UNH,3367500,-0.0107574839250016,0,0.014561508592961328
2024-05-01,UNH,2729200,0.0101197168282605,1,0.025288976485049554
2024-05-02,UNH,3561400,0.0179441696194573,1,0.020132980970876974
2024-05-03,UNH,2487600,0.0032392676178929,1,0.014281078056514077
2024-05-06,UNH,2029500,0.0038580122118644,1,0.005827637778515298
2024-05-07,UNH,3752100,0.0099999827723349,1,0.013326583370085668
2024-05-08,UNH,3078900,-0.0019041631733098,0,0.013725555355200179
2024-05-09,UNH,2342900,0.009738288103335,1,0.011610280802551335
2024-05-10,UNH,2784600,0.0074852604294573,1,0.012927342023268626
2024-05-13,UNH,2454500,-0.0006054048744926,0,0.014373568063706798
2024-05-14,UNH,2949700,-0.0013603563756518,0,0.017237348561164295
2024-05-15,UNH,2981200,0.0052832403178432,1,0.015072955165842096
2024-05-16,UNH,3655800,0.0024423452524038,1,0.016634544959435213
2024-05-17,UNH,2657200,0.0032317329588791,1,0.011167563760752567
2024-05-20,UNH,2476200,-0.0141052252924714,0,0.015420442559849012
2024-05-21,UNH,2521900,0.0100902538872641,1,0.016977904901641742
2024-05-22,UNH,2299100,-0.0028117358128752,0,0.010768533728513378
2024-05-23,UNH,3055400,-0.002874653135747,0,0.009646550257266769
2024-05-24,UNH,2527800,-0.0153842633337535,0,0.018639487527474716
2024-05-28,UNH,2912800,-0.0058620374153403,0,0.00937530851124507
2024-05-29,UNH,7521600,-0.0154770995122605,0,0.041901947914575396
2024-05-30,UNH,5169700,-0.0013891470757171,0,0.01664869517614495
2024-05-31,UNH,6694800,0.0268650968195004,1,0.033166808064798506
2024-06-03,UNH,2795100,0.0066986370507469,1,0.01135325783928662
2024-06-04,UNH,3178400,0.0139000174697465,1,0.027439009833863378
2024-06-05,UNH,2464400,-0.0109691703478332,0,0.020247725699591577
2024-06-06,UNH,2419600,-0.0034348863093712,0,0.0147324799318064
2024-06-07,UNH,3416300,-0.0226077721104572,0,0.024778845733596604
2024-06-10,UNH,3332800,0.0081466395112015,1,0.018737295737334556
2024-06-11,UNH,4599700,0.0109196431346949,1,0.015258913861170662
2024-06-12,UNH,4048200,-0.0138599853515625,0,0.025159973144531195
2024-06-13,UNH,4951700,0.0143183263260795,1,0.035938637433829475
2024-06-14,UNH,3188400,0.0005837178768591,1,0.012318087238273602
2024-06-17,UNH,2407200,-0.0042740635485895,0,0.008995955937865736
2024-06-18,UNH,3692700,-0.0196857692533732,0,0.02571782791657864
2024-06-20,UNH,5258100,0.0093325147675284,1,0.016269535741083817
2024-06-21,UNH,6368600,-0.0038188549545706,0,0.015915265907485945
2024-06-24,UNH,5139800,0.0022910969773076,1,0.013071257292294367
2024-06-25,UNH,2916100,-0.0125142965618837,0,0.020463085449962594
2024-06-26,UNH,3153100,-0.000949414767963,0,0.012321983943659924
2024-06-27,UNH,2991900,0.0028657142220789,1,0.014287235063939974
2024-06-28,UNH,22734200,0.0259685613055525,1,0.04027235818243927
2024-07-01,UNH,4523100,-0.0238776637464541,0,0.031613199829643494
2024-07-02,UNH,3312000,0.0080524023593114,1,0.010277963970167356
2024-07-03,UNH,2239200,-0.0145437329815021,0,0.023253938027313945
2024-07-05,UNH,3499000,-0.0020245199066974,0,0.01057262459659373
2024-07-08,UNH,3450600,0.0003066168477192,1,0.015760729811729084
2024-07-09,UNH,3056800,0.0077406648848861,1,0.019064972077474707
2024-07-10,UNH,3189800,0.0203486987914929,1,0.023180031829186026
2024-07-11,UNH,3535100,0.0133815008663509,1,0.02216194195050303
2024-07-12,UNH,3570600,0.0090941080041214,1,0.021975882492999234
2024-07-15,UNH,5128000,-0.0169197224218281,0,0.03248517780809
2024-07-16,UNH,11062000,0.028038902450986,1,0.042685853128317366
2024-07-17,UNH,10330800,0.0348014969257671,1,0.04027075371587315
2024-07-18,UNH,6834800,-0.0002833890957151,0,0.03557133231150354
2024-07-19,UNH,4290400,-0.0031562597735138,0,0.014741230178264553
2024-07-22,UNH,3377300,-0.0080276327041777,0,0.012734185357611
2024-07-23,UNH,2785600,-0.0073193256521009,0,0.010791226639680128
2024-07-24,UNH,3156200,-0.0004464285714284,0,0.014482116699218619
2024-07-25,UNH,3102900,-0.0041281269114212,0,0.020124550816003058
2024-07-26,UNH,3201900,0.0173570905412945,1,0.03416072300502224
2024-07-29,UNH,2965000,0.0018383588533878,1,0.01695208754985788
2024-07-30,UNH,4139100,0.0166343134056625,1,0.023707888274123106
2024-07-31,UNH,4713200,0.0189586351457967,1,0.0328593962394252
2024-08-01,UNH,3680800,-0.0076749698234453,0,0.03534307689298067
2024-08-02,UNH,5094000,0.012879294866991,1,0.027973790718795428
2024-08-05,UNH,4587400,-0.0208891177876192,0,0.03446024484102373
2024-08-06,UNH,3216500,0.0002463061330656,1,0.02638107329105909
2024-08-07,UNH,4320700,-0.0009353316662605,0,0.025802572307504025
2024-08-08,UNH,2860800,0.0033134205102437,1,0.014316879280880206
2024-08-09,UNH,2976700,-0.0102383683825465,0,0.01470221439758992
2024-08-12,UNH,2532400,0.0052816379720464,1,0.014137878971906302
2024-08-13,UNH,2369400,0.0074562712903999,1,0.011807190624492673
2024-08-14,UNH,2344400,0.0077011208382371,1,0.013646435781940545
2024-08-15,UNH,2751800,-0.0001035029592054,0,0.016957954318237062
2024-08-16,UNH,2728900,-0.0055773434030346,0,0.012996710476893016
2024-08-19,UNH,1847900,0.0012109261457526,1,0.010777020973866003
2024-08-20,UNH,1677500,0.0013797514215924,1,0.014331288968662008
2024-08-21,UNH,2844300,-0.0059156375361323,0,0.010249216475325016
2024-08-22,UNH,2282000,-0.0009150268396633,0,0.021286175381689622
2024-08-23,UNH,2376400,0.0060413248978056,1,0.01163512868438025
2024-08-26,UNH,1800000,-0.0015644637858239,0,0.010798463996107342
2024-08-27,UNH,1581900,-0.0035964429445977,0,0.014521515910951945
2024-08-28,UNH,1657000,-0.0007980029719159,0,0.015228997113054947
2024-08-29,UNH,1953200,0.0015067628148461,1,0.01395000734161972
2024-08-30,UNH,2944700,0.0003390037407309,1,0.011305055779925834
2024-09-03,UNH,3175500,0.0103962278766621,1,0.01491926944055986
2024-09-04,UNH,2935000,0.0069666544596353,1,0.01676666259765625
2024-09-05,UNH,2144800,-0.0143994640293224,0,0.02702794985659727
2024-09-06,UNH,2926400,0.0016950169901178,1,0.014013082810614431
2024-09-09,UNH,3411400,-0.0070531349221529,0,0.04046323144995741
2024-09-10,UNH,2863500,0.0064179149933638,1,0.02293302006855876
2024-09-11,UNH,3563600,0.0010353826533519,1,0.02109864107321754
2024-09-12,UNH,3395800,-0.0001869851685396,0,0.01240376434434483
2024-09-13,UNH,2241900,0.0054814748269227,1,0.017679522069586135
2024-09-16,UNH,2548600,-0.0098487148765756,0,0.018537761784401252
2024-09-17,UNH,3416000,-0.0137369458862798,0,0.017627610249898222
2024-09-18,UNH,2988300,0.0065701195415559,1,0.02116635281127175
2024-09-19,UNH,2945700,-0.011392386268532,0,0.017559789821227606
2024-09-20,UNH,5398700,0.0057722367019535,1,0.01607486836659052
2024-09-23,UNH,2386100,-0.0053427069715321,0,0.012888329028506729
2024-09-24,UNH,3188500,0.0076556446184715,1,0.019813596954337126
2024-09-25,UNH,2658800,-0.0026995649052126,0,0.013895804124750272
2024-09-26,UNH,2751900,-0.0003304390285326,0,0.009895656419836842
2024-09-27,UNH,2986200,0.0072184997975109,1,0.01751834102876277
2024-09-30,UNH,3009700,0.0020222667965402,1,0.013161941175289243
2024-10-01,UNH,2648400,-0.0029060037727029,0,0.01355554303552343
2024-10-02,UNH,3667000,-0.0197762751363709,0,0.033545194458776316
2024-10-03,UNH,2645800,0.0036233973375233,1,0.01500141475984115
2024-10-04,UNH,2462600,-0.0015705886682187,0,0.012987017003011284
2024-10-07,UNH,2591100,-0.0088825908455035,0,0.015472385216345386
2024-10-08,UNH,2231400,-0.0110192505792819,0,0.01640993173166993
2024-10-09,UNH,2207700,0.0155627284192285,1,0.020939265843994692
2024-10-10,UNH,2143200,0.0042340461074986,1,0.010400219290936825
2024-10-11,UNH,1909700,0.00261529545195,1,0.008918854316613772
2024-10-14,UNH,2447100,0.0104989721692069,1,0.018777854275619125
2024-10-15,UNH,11939400,0.0077351515253371,1,0.04836783316247061
2024-10-16,UNH,5103900,0.0257266778668365,1,0.03780901095018952
2024-10-17,UNH,5588700,0.009722095045992,1,0.019176566542287367
2024-10-18,UNH,3687000,0.0048690304039831,1,0.013954369798659891
2024-10-21,UNH,3018000,0.00321247806971,1,0.018573163432652157
2024-10-22,UNH,2593800,0.0035396845153527,1,0.013295743801306268
2024-10-23,UNH,2911900,-0.0130914130887247,0,0.024714688143884046
2024-10-24,UNH,2590200,-0.0073983481973677,0,0.020159675118691302
2024-10-25,UNH,2513700,-0.0028260132503733,0,0.013936016360561979
2024-10-28,UNH,1826500,-0.0017836817052979,0,0.009748378863134687
2024-10-29,UNH,2600300,-0.0012259735482516,0,0.012472938843494432
2024-10-30,UNH,2323600,0.0030468097508351,1,0.01667703403396431
2024-10-31,UNH,2490000,0.0064541347269882,1,0.013496661065320678
2024-11-01,UNH,2548300,0.0043176714016292,1,0.01137810152062994
2024-11-04,UNH,2656600,-0.0158273120967084,0,0.02323824711904678
2024-11-05,UNH,2608100,0.0156731381042238,1,0.025685973109897866
2024-11-06,UNH,6591300,-0.0119390986606629,0,0.024259022721975883
2024-11-07,UNH,5254300,0.011291335646258,1,0.019191885930147146
2024-11-08,UNH,3875800,0.0111822620009749,1,0.023973687333230617
2024-11-11,UNH,3003200,0.013535378919572,1,0.027249143934724322
2024-11-12,UNH,2809400,-0.0079247781468967,0,0.01726968410332614
2024-11-13,UNH,3409400,-0.0116313293357462,0,0.016231667548174847
2024-11-14,UNH,3079200,-0.0171173135630179,0,0.02818653528889658
2024-11-15,UNH,3423900,0.0005237153121097,1,0.015170936491449684
2024-11-18,UNH,2577100,0.0003563076340024,1,0.01496336741260712
2024-11-19,UNH,3198300,-0.0098159853629576,0,0.017281040346133963
2024-11-20,UNH,3928600,0.0305297272340006,1,0.03619300520020656
2024-11-21,UNH,2722900,-0.004183349609375,0,0.012116699218749985
2024-11-22,UNH,3197900,-0.0128475047994724,0,0.021033859440692495
2024-11-25,UNH,5146200,0.0138056825262944,1,0.02481678882447322
2024-11-26,UNH,2693600,-0.0023839475047874,0,0.01576674663666407
2024-11-27,UNH,2269800,-0.0043369790141279,0,0.017593243350691363
2024-11-29,UNH,2010800,0.0022996459299185,1,0.015046048560044567
2024-12-02,UNH,3364900,-0.0089250496233712,0,0.021547199460504853
2024-12-03,UNH,2329900,-0.0092002870455986,0,0.01789308850392767
2024-12-04,UNH,4147600,-0.000376487670703,0,0.025956672252549003
2024-12-05,UNH,5943700,-0.0440361325213856,0,0.057955179210396675
2024-12-06,UNH,13003600,-0.0558141778220019,0,0.0652281727828347
2024-12-09,UNH,7684700,0.0156159331833106,1,0.03322457576143563
2024-12-10,UNH,5360600,0.0056761609277692,1,0.01907468096641465
2024-12-11,UNH,10363000,-0.0398264134852486,0,0.04576538513629229
2024-12-12,UNH,9403800,-0.0296691036480311,0,0.03726976175701478
2024-12-13,UNH,8202900,0.0093863270553438,1,0.032600317272958236
2024-12-16,UNH,8880000,-0.0376447876447876,0,0.04945950894742389
2024-12-17,UNH,14132700,-0.003039036932912,0,0.040616013920527556
2024-12-18,UNH,10147600,0.0231148961247679,1,0.042053127066167546
2024-12-19,UNH,7418100,-0.0217739319580185,0,0.03481025943174596
2024-12-20,UNH,10956900,0.022154542599648,1,0.028428955055664833
2024-12-23,UNH,4286000,0.0111430355129142,1,0.01943048725253072
2024-12-24,UNH,1824400,0.0033703652410831,1,0.01092388943754782
2024-12-26,UNH,3387000,0.0108770890267743,1,0.01481253793573702
2024-12-27,UNH,3471800,0.0011188739971275,1,0.010561039497863548
2024-12-30,UNH,5408600,0.0018545603688842,1,0.017894502597059006
2024-12-31,UNH,4214000,-0.0068519106903551,0,0.015038781918759042
2025-01-02,UNH,4234900,-0.0068700595164862,0,0.017362159068190233
2025-01-03,UNH,3019500,0.0131331960429064,1,0.021546307915518963
2025-01-06,UNH,4444800,0.0013060095714546,1,0.020428811829922008
2025-01-07,UNH,3914500,-0.0088657141801785,0,0.015958367869144074
2025-01-08,UNH,4141700,0.0194752566205053,1,0.029465448288690466
2025-01-10,UNH,5467500,-0.0112980632719358,0,0.03224221675453473
2025-01-13,UNH,6472500,0.0114010856601485,1,0.02665223226533608
2025-01-14,UNH,3978300,0.0075789227004173,1,0.014824422566618574
2025-01-15,UNH,4103900,0.0117669104663876,1,0.0222676624113649
2025-01-16,UNH,9059900,-0.0372583768410959,0,0.05626478406546755
2025-01-17,UNH,7495700,0.0081879962984414,1,0.03761722185619201
2025-01-21,UNH,5682100,0.0212819817161679,1,0.02369417948646409
2025-01-22,UNH,3756100,-0.0037189022376243,0,0.016179126012928393
2025-01-23,UNH,4580800,0.0035994173407046,1,0.023035924104441347
2025-01-24,UNH,3671200,0.0083316440440591,1,0.01916266572852361
2025-01-27,UNH,4263000,0.0065558709406724,1,0.02209339810232402
2025-01-28,UNH,3162700,-0.0009760948920696,0,0.01594809117472642
2025-01-29,UNH,2737600,-0.0067007642436026,0,0.01748097953694718
2025-01-30,UNH,2924700,0.0113074627919385,1,0.022447932246866108
2025-01-31,UNH,4120500,-0.0013806052821635,0,0.014266254582355723
2025-02-03,UNH,4083600,0.0114022005088213,1,0.023689973838215004
2025-02-04,UNH,2869900,0.0004585473118168,1,0.013389559115043923
2025-02-05,UNH,4621600,0.0171085437491661,1,0.03540414100199177
2025-02-06,UNH,3926800,-0.0145941296683569,0,0.02571149431678274
2025-02-07,UNH,3349100,-0.0041004967122096,0,0.01322751292239487
2025-02-10,UNH,3143100,0.0108022294078489,1,0.020429375577261384
2025-02-11,UNH,2631900,-0.0020187235324181,0,0.036018614011390025
2025-02-12,UNH,3859200,-0.0230618722513828,0,0.031193788240955096
2025-02-13,UNH,2835100,0.00052734648492,1,0.013618461426679832
2025-02-14,UNH,3705300,-0.0103780533731096,0,0.019451869683364934
2025-02-18,UNH,8759300,-0.0199827600232749,0,0.03718636221320115
2025-02-19,UNH,4380300,0.0193685241911149,1,0.027347239986215882
2025-02-20,UNH,4144300,-0.0054830637983441,0,0.016211727076598424
2025-02-21,UNH,19864900,0.0611307618723484,1,0.07098171555797357
2025-02-24,UNH,6919300,-0.0110568349684838,0,0.023570755491208687
2025-02-25,UNH,9101000,0.0208564274980492,1,0.044903103359000336
2025-02-26,UNH,5108400,-0.0022812817658831,0,0.03195948731518923
2025-02-27,UNH,4216800,0.0051268508527304,1,0.02226656495231985
2025-02-28,UNH,6146300,0.0170449495826083,1,0.025438917270309228
2025-03-03,UNH,5700200,-0.0154310082837562,0,0.025423187981386652
2025-03-04,UNH,5864100,0.0103458975019957,1,0.02714209686003187
2025-03-05,UNH,3637100,0.0104230869844574,1,0.017131162419955073
2025-03-06,UNH,4964000,0.0246218513039981,1,0.03386553596047797
2025-03-07,UNH,5434100,0.0199450730254007,1,0.03420626825508864
2025-03-10,UNH,5108900,-0.0244982481280954,0,0.040911706139551855
2025-03-11,UNH,4101000,0.0073368052744493,1,0.019958496093749965
2025-03-12,UNH,3680800,-0.0042017411833548,0,0.018172783278333424
2025-03-13,UNH,2876600,0.0043173985899218,1,0.01889664684100887
2025-03-14,UNH,3915900,0.0159043532151441,1,0.023305658986811244
2025-03-17,UNH,5152300,0.0236097290670614,1,0.03007112233773247
2025-03-18,UNH,3617600,0.0031060799397231,1,0.016227289851373797
2025-03-19,UNH,3317600,-0.0036432684673673,0,0.012454475761324468
2025-03-20,UNH,4965400,0.0119742460029069,1,0.021533903775977095
2025-03-21,UNH,10244900,0.0101039379771726,1,0.027184966895751235
2025-03-24,UNH,3840900,0.0027568200338639,1,0.013842518921810118
2025-03-25,UNH,3015100,-0.0093579461814756,0,0.01441306011894243
2025-03-26,UNH,3253800,0.0058229812284913,1,0.019604107883901167
2025-03-27,UNH,2822200,-0.0011040449136678,0,0.015746974043299975
2025-03-28,UNH,2379100,-0.0016058527244468,0,0.011472890149943382
2025-03-31,UNH,5238700,0.0088023563863961,1,0.018355807997536052
2025-04-01,UNH,2962500,-0.0049834427014377,0,0.013732968458241696
2025-04-02,UNH,2378900,0.000478057164479,1,0.015680298337549102
2025-04-03,UNH,6457900,0.0197173765534893,1,0.03624600903153116
2025-04-04,UNH,9919000,-0.0288362430324482,0,0.04975577583986004
2025-04-07,UNH,7356700,0.0220101037312284,1,0.049883160598539276
2025-04-08,UNH,11762300,-0.0499681650965535,0,0.06450004104516603
2025-04-09,UNH,12691900,0.0327774928971746,1,0.06237726555446283
2025-04-10,UNH,8646000,0.0244037543395928,1,0.037708543449365785
2025-04-11,UNH,6121500,0.0179141277238306,1,0.03367173237474047
2025-04-14,UNH,4839300,-0.0133445419183298,0,0.0274622300091911
2025-04-15,UNH,3871300,-0.0146055037173073,0,0.018320234642790097
2025-04-16,UNH,4192100,-0.0004784208524755,0,0.020245293920686948
2025-04-17,UNH,29120200,-0.0577653826129783,0,0.0885776561056874
2025-04-21,UNH,13029900,-0.0543179088022747,0,0.06378958070629025
2025-04-22,UNH,10156900,0.0059814853516492,1,0.03386398923030799
2025-04-23,UNH,8345700,0.0020839303055616,1,0.035357215080786666
2025-04-24,UNH,7629100,-0.0077648274372558,0,0.01461748928348175
2025-04-25,UNH,9263800,-0.0116157874646215,0,0.0272452748404918
2025-04-28,UNH,6614300,0.0005955926146516,1,0.02041693227925831
2025-04-29,UNH,9909100,-0.0283957154390005,0,0.030033936758136207
2025-04-30,UNH,9192800,0.0058919973334516,1,0.02997337555243763
2025-05-01,UNH,9316800,-0.02586797252498,0,0.029490432429296293
2025-05-02,UNH,11392900,-9.995506600128158e-05,0,0.022227259821901716
2025-05-05,UNH,8157200,0.0142563702921863,1,0.030341791985603023
2025-05-06,UNH,7858600,-0.0205808795396603,0,0.028053595172343248
2025-05-07,UNH,8517200,-0.0108511660014963,0,0.024838691425413662
2025-05-08,UNH,7218300,-0.0114102877103365,0,0.014230816180889467
2025-05-09,UNH,8381100,-0.0130422345636662,0,0.020768996730796713
2025-05-12,UNH,11004800,-0.0059055118110235,0,0.027217834953248022
2025-05-13,UNH,59478300,-0.072556103115858,0,0.09799247886293605
2025-05-14,UNH,40029600,-0.0418105519708306,0,0.04924565714325845
2025-05-15,UNH,121849200,-0.0020006831763548,0,0.10101851447886473
2025-05-16,UNH,71094300,0.0451859885104254,1,0.0907657804087187
2025-05-19,UNH,62524700,0.0364866162536324,1,0.06247337084120757
2025-05-20,UNH,41487000,0.0020565035426806,1,0.0375795449693497
2025-05-21,UNH,45506900,0.00657810958913,1,0.032857090135745455
2025-05-22,UNH,27159600,0.0094593168897636,1,0.04481272847425199
2025-05-23,UNH,16873600,-0.0017899316729889,0,0.027220524797206515
2025-05-27,UNH,20144600,-0.0150250417362271,0,0.03612690258503759
2025-05-28,UNH,16114200,0.0139795420121172,1,0.03571428571428576
2025-05-29,UNH,16221100,0.0046159895253139,1,0.028234518960485507
2025-05-30,UNH,16309300,0.0132228158044941,1,0.03288927835150809
2025-06-02,UNH,19074400,0.0052784578031451,1,0.04150167186233342
2025-06-03,UNH,12805700,-0.0062025893927908,0,0.018838638535454148
2025-06-04,UNH,11255600,-0.0104105013281691,0,0.024510780233127544
2025-06-05,UNH,13529000,-0.0151142168956722,0,0.027665050739358876
2025-06-06,UNH,12589000,0.0201527100661801,1,0.02435831001024378
2025-06-09,UNH,12170300,-0.0060647982287319,0,0.02052183016223914
2025-06-10,UNH,11384100,-3.284808574006858e-05,0,0.01491112232165035
2025-06-11,UNH,14711400,0.0260341121761992,1,0.030890629748206822
2025-06-12,UNH,15957200,0.0228002769514369,1,0.03304424607909389
2025-06-13,UNH,13762400,-0.0075023588571644,0,0.017442259804001516
2025-06-16,UNH,14240100,-0.0170606911753692,0,0.02709258935702871
2025-06-17,UNH,11593900,0.0046185814076339,1,0.01440892183271823
2025-06-18,UNH,12205600,-0.0011379469999298,0,0.01807835402138454
2025-06-20,UNH,16177900,-0.0242002915488691,0,0.025848142164782036
2025-06-23,UNH,12274700,-0.004041077328148,0,0.02302090873646825
2025-06-24,UNH,8781400,0.0138330825718872,1,0.021529343138642312
2025-06-25,UNH,8722100,-0.0077535180737291,0,0.01504703665277592
2025-06-26,UNH,6532700,0.0001652106678081,1,0.01791315325034351
2025-06-27,UNH,15304400,0.0203332988820665,1,0.027232215440090843
2025-06-30,UNH,10074100,0.0096116544359323,1,0.01954695321981183
2025-07-01,UNH,17865500,0.0454210769378104,1,0.04958810513886192
2025-07-02,UNH,18177200,-0.0410924520704456,0,0.04985353008294566
2025-07-03,UNH,6161100,-0.0041634668221307,0,0.0129744031151096
2025-07-07,UNH,9031200,-0.0139285991718241,0,0.02405835436536119
2025-07-08,UNH,9613800,0.0114058478631125,1,0.014791440152175653
2025-07-09,UNH,12816700,-0.0009235092748513,0,0.015996589809893085
2025-07-10,UNH,11355600,-0.0117138118576088,0,0.02748626225622233
2025-07-11,UNH,9808200,0.0135991508541046,1,0.02039862456267415
2025-07-14,UNH,10681400,-0.0035142157031365,0,0.016708686845795413
2025-07-15,UNH,16019000,-0.0266924701480932,0,0.03219777175139906
2025-07-16,UNH,9714000,-0.0002050848097666,0,0.01791143549143888
2025-07-17,UNH,14792700,-0.0145725017744417,0,0.031368706081979274
2025-07-18,UNH,14979700,-0.018201467523464,0,0.02521799783327215
2025-07-21,UNH,10319200,-0.0087830237188814,0,0.018619967398170803
2025-07-22,UNH,14600300,0.0088454868796984,1,0.018080123353078712
2025-07-23,UNH,13111100,0.017426120923913,1,0.02674783457880418
2025-07-24,UNH,22585200,-0.0159661583673624,0,0.038820169542336413
2025-07-25,UNH,16486600,0.000213514443394,1,0.022064100380894108
2025-07-28,UNH,15779400,-0.0048677420910493,0,0.018730150118496425
2025-07-29,UNH,41706000,-0.0174256856232465,0,0.04651868762245227
2025-07-30,UNH,22371800,0.0046828580404716,1,0.032137500596406784
2025-07-31,UNH,29606900,-0.0452945547603161,0,0.052218799599091814
2025-08-01,UNH,39989200,-0.0512349718950532,0,0.06739555224657215
2025-08-04,UNH,17427900,0.0115009661316248,1,0.022246486440372047
2025-08-05,UNH,23795900,0.040802770726764,1,0.04984244522280822
2025-08-06,UNH,12946400,-0.0193903631590588,0,0.03131984568557187
2025-08-07,UNH,11369900,-0.0071016963436555,0,0.03753753781646485
2025-08-08,UNH,10185700,0.0249193442167605,1,0.027411278638436336
2025-08-11,UNH,11779500,-0.0059085359784546,0,0.02465826851237906
2025-08-12,UNH,12171800,0.0297220806423564,1,0.03625701345941478
2025-08-13,UNH,19480300,0.0280645353419367,1,0.035175261082893074
2025-08-14,UNH,25011100,-0.0022418811299422,0,0.025174590039919714
2025-08-15,UNH,68198500,0.007623275250032,1,0.05167212481994272
2025-08-18,UNH,39600500,-0.0149754216459847,0,0.02867354453911899
2025-08-19,UNH,22348600,-0.0150858004343987,0,0.03654907338297079
2025-08-20,UNH,16679000,-0.0214099141294695,0,0.037532637823371455
2025-08-21,UNH,13359000,0.0035065583665701,1,0.029011939803980348
2025-08-22,UNH,14930000,0.0043123400780734,1,0.019928147604978328
2025-08-25,UNH,8917100,-0.0117670102684843,0,0.019903349623093133
2025-08-26,UNH,16303200,-0.012750172238641,0,0.0485031033040737
2025-08-27,UNH,9982800,0.0111133168394497,1,0.018200575847410062
2025-08-28,UNH,11235000,-0.0064420425803716,0,0.01666395176407143
2025-08-29,UNH,12065400,0.0250413748921587,1,0.030069456516537994
2025-09-02,UNH,10957100,0.0015892777991471,1,0.0181311890620944
2025-09-03,UNH,9654600,-0.0007464232893574,0,0.01911649868841062
2025-09-04,UNH,7725700,0.0139823544395797,1,0.025514529248172005
2025-09-05,UNH,14126700,0.0159451493625263,1,0.031374791128000304
2025-09-08,UNH,18438600,0.0016890574563033,1,0.0245535213578666
2025-09-09,UNH,46408900,0.0463759802337876,1,0.07383454975328954
2025-09-10,UNH,17804300,0.0035305047728977,1,0.020748968278710006
2025-09-11,UNH,18943500,0.013209127081841,1,0.04338113079781522
2025-09-12,UNH,14016200,-0.0095251030879348,0,0.027676331195387913
2025-09-15,UNH,11035900,-0.0095940187425151,0,0.026134465696526426
2025-09-16,UNH,12695800,-0.0222158308509443,0,0.030848924376124003
2025-09-17,UNH,8467700,0.0116082290912251,1,0.01572447368949012
2025-09-18,UNH,11255600,-0.0253543838559319,0,0.031467404875865634
2025-09-19,UNH,13656800,0.0005646432136887,1,0.02115897508822445
2025-09-22,UNH,8903700,0.020450865612156,1,0.02954016963233561
2025-09-23,UNH,12504100,0.0196187754879949,1,0.03736076466848429
2025-09-24,UNH,9016300,0.0045973309407274,1,0.01901771396333386
2025-09-25,UNH,8104900,-0.0095729332081375,0,0.01888792333956248
2025-09-26,UNH,6774700,-0.0110654619738497,0,0.02491884462462374
2025-09-29,UNH,6878900,0.0034885215742981,1,0.011919226277658495
2025-09-30,UNH,7429700,0.0045090553977272,1,0.020334605823863584
2025-10-01,UNH,8825500,0.0127943994608177,1,0.020558323494320557
2025-10-02,UNH,8564200,0.0185147643686084,1,0.03003251582008035
2025-10-03,UNH,13494800,0.0082575569126136,1,0.03188247627274338
2025-10-06,UNH,7181700,-0.006259894671541,0,0.01498491449575242
2025-10-07,UNH,7236200,0.0118249351901609,1,0.018530379216630324
2025-10-08,UNH,9438300,0.0081487499295133,1,0.024064582525544276
2025-10-09,UNH,8759800,-0.0129657111422505,0,0.027220055158074758
2025-10-10,UNH,13141900,-0.0403356636239137,0,0.04572275151577954
2025-10-13,UNH,5659400,0.0110503848893508,1,0.016462751588937466
2025-10-14,UNH,5974800,0.0140300895829954,1,0.02515845152464089
2025-10-15,UNH,6579600,0.0048971289582669,1,0.023289448165039334
2025-10-16,UNH,5872100,-0.0142880360448833,0,0.021003775647893488
2025-10-17,UNH,8608400,0.0159544333433494,1,0.021538541527555327
2025-10-20,UNH,5996500,0.0165671955704827,1,0.022480050667996476
2025-10-21,UNH,6885300,0.000629841867568,1,0.0261543172751517
2025-10-22,UNH,7833000,-0.0067864635638337,0,0.016485328445064985
2025-10-23,UNH,5756700,0.0136960060146013,1,0.02429828577853168
2025-10-24,UNH,5462100,0.0031270025128844,1,0.014915501345621066
2025-10-27,UNH,7766400,0.0068225886831584,1,0.013259992638841058
2025-10-28,UNH,18858700,-0.0337291073471944,0,0.05876325403904178
2025-10-29,UNH,11874900,-0.0247611426482317,0,0.033682851253949354
2025-10-30,UNH,11441900,-0.0079707329110294,0,0.0314802105986942
2025-10-31,UNH,8390800,-0.0082174771900188,0,0.02659776205027347
2025-11-03,UNH,11181400,-0.0157461630083007,0,0.041576993779680306
2025-11-04,UNH,9646600,0.0097670593100826,1,0.028385641285495814
2025-11-05,UNH,9697100,0.0044131244109022,1,0.018357310629675924
2025-11-06,UNH,7922100,-0.0223763090376915,0,0.03319950889080043
2025-11-07,UNH,9402900,0.0142338351399702,1,0.032503234723859735
2025-11-10,UNH,9283800,0.0049688939854839,1,0.022125650140118205
2025-11-11,UNH,7157800,0.0128364508838771,1,0.024682897525687943
2025-11-12,UNH,10403300,0.0323031967034141,1,0.04898774929966139
2025-11-13,UNH,7788700,-0.0172307284902488,0,0.02287569113271132
2025-11-14,UNH,8676500,-0.015568211241557,0,0.02361217596717689
2025-11-17,UNH,6485400,-0.0002495854283231,0,0.026356868515788313
2025-11-18,UNH,9182100,-0.0108199207838746,0,0.027538597260012527
2025-11-19,UNH,8181100,-0.0154174384442752,0,0.033351388733080495
2025-11-20,UNH,7337600,0.0023487371450802,1,0.015282648683475902
2025-11-21,UNH,8406300,0.0258407792759514,1,0.03975503751369679
2025-11-24,UNH,10773800,-0.0168859920714291,0,0.025359784972991507
2025-11-25,UNH,6149100,0.016068770990814,1,0.022110133942063015
2025-11-26,UNH,5504200,0.0095532476566109,1,0.028476033856673858
2025-11-28,UNH,2464500,-0.005728659019928,0,0.009557640973916478
2025-12-01,UNH,6154600,-0.0120736403069332,0,0.021487952991214136
2025-12-02,UNH,7978100,0.0036181879747697,1,0.018245429394042525
2025-12-03,UNH,9770000,0.0420551885125096,1,0.05030672974381723
2025-12-04,UNH,8061600,-0.0174130930123467,0,0.03694758034894525
2025-12-05,UNH,5906000,-0.0122089442922108,0,0.021492482655083925
2025-12-08,UNH,4782800,-0.0154548734444345,0,0.01907520321995245
2025-12-09,UNH,4628400,0.0013615621872138,1,0.012006356978790177
2025-12-10,UNH,5910500,0.0174128431206429,1,0.028288163850697157
2025-12-11,UNH,7513200,0.0192511909772091,1,0.03175224865882292
2025-12-12,UNH,7979000,0.0128592484085648,1,0.022548195167824123
2025-12-15,UNH,6447200,0.0003226366529557,1,0.023343768682496834
2025-12-16,UNH,6334000,-0.0182715497777968,0,0.029257949186916696
2025-12-17,UNH,4685600,-0.0059350156041147,0,0.01510739560757613
2025-12-18,UNH,6354900,-0.0024016600642508,0,0.01705525636603226
2025-12-19,UNH,10553000,-0.0019508142889169,0,0.026001337690595358
2025-12-22,UNH,7872400,0.0069991012955842,1,0.02523999396264195
2025-12-23,UNH,4463300,0.0024690981264468,1,0.012469067985628983
2025-12-24,UNH,2842700,0.0073184940833249,1,0.014944603841122929
2025-12-26,UNH,4359300,0.0141502878743929,1,0.017206615748077008
2025-12-29,UNH,4346800,-0.0058932337656156,0,0.018042252580653135
2025-12-30,UNH,4432500,0.0073696436321108,1,0.020137639613079312
2025-12-31,UNH,4285200,-0.0066502826310426,0,0.01038150461427751
2026-01-02,UNH,6863600,0.0166213360575659,1,0.03856152916586841
2026-01-05,UNH,7956600,0.0195855613878641,1,0.03902219663599768
2026-01-06,UNH,9441900,0.0017798050992519,1,0.021501335160445646
2026-01-07,UNH,7461400,-0.0208607901602194,0,0.034586441706294414
2026-01-08,UNH,5059300,0.0171255862603694,1,0.02082052109964583
2026-01-09,UNH,4129100,-0.0094168150141738,0,0.018948845420491255
2026-01-12,UNH,7146400,-0.0026653495000871,0,0.025511074666165215
2026-01-13,UNH,5605900,-0.0221669321353404,0,0.02632500800695477
2026-01-14,UNH,5740900,-0.0012225412770336,0,0.017920444093237575
2026-01-15,UNH,6943500,0.0112171214532192,1,0.033979756066961624
2026-01-16,UNH,8039100,-0.0114674685118291,0,0.017231140726450687
2026-01-20,UNH,7596500,0.0336896731365984,1,0.04089802962143961
2026-01-21,UNH,8933300,0.0245117034550506,1,0.027663978827671097
2026-01-22,UNH,7491400,0.0209977783821481,1,0.02356133235188582
2026-01-23,UNH,9082200,0.005588830848906,1,0.013774429546197951
2026-01-26,UNH,10399500,-0.0065263384063469,0,0.021245993139990232
2026-01-27,UNH,65836900,-0.0383372077656684,0,0.0649726367459376
2026-01-28,UNH,23396900,0.0363033545349398,1,0.039546035430809166
2026-01-29,UNH,13456400,-0.0069309214840835,0,0.021676367254024692
2026-01-30,UNH,12022200,-0.0176994636073449,0,0.028243751549516728
2026-02-02,UNH,8664200,-0.0015033658216129,0,0.02838960712217695
2026-02-03,UNH,10809100,-0.0018265525428633,0,0.03333329760264988
2026-02-04,UNH,12944100,-0.0215949651679099,0,0.037055465569169346
2026-02-05,UNH,13035300,-0.0209268313578145,0,0.038645250549764726
2026-02-06,UNH,9572800,0.0359095200537719,1,0.04268701415674649
2026-02-09,UNH,10371600,0.0056539060552819,1,0.025022744863356622
2026-02-10,UNH,7284700,-0.0154943354107616,0,0.0246468600773607
2026-02-11,UNH,6333100,0.0237483525279831,1,0.036301624430371666
2026-02-12,UNH,12336900,0.0223252494007788,1,0.03774805817429709
2026-02-13,UNH,10281900,0.0264677990034535,1,0.03133417896038308
2026-02-17,UNH,6091700,-0.0167006927282632,0,0.020034063430059364
2026-02-18,UNH,6632000,-0.0062068544585129,0,0.013241366682381453
2026-02-19,UNH,4931800,-0.0033002919464818,0,0.013750901710511729
2026-02-20,UNH,6974100,0.0038075670708034,1,0.018172378369385202
2026-02-23,UNH,7247500,-0.0215213714011096,0,0.03500251607421348
2026-02-24,UNH,9684500,-0.0292345841358345,0,0.037562032760434905
2026-02-25,UNH,11380600,0.0249197715358356,1,0.02838182002476476
2026-02-26,UNH,10210000,-0.0011150857619626,0,0.03495016515200653
2026-02-27,UNH,9723300,0.0301017788520802,1,0.03610817821750346
2026-03-02,UNH,8141400,0.0234938538577,1,0.02710298951741959
2026-03-03,UNH,7051100,0.0007612762660903,1,0.032457888507505694
2026-03-04,UNH,7796000,0.0102071955633834,1,0.023044197214865773
2026-03-05,UNH,5397900,-0.0044130282129524,0,0.016031803515818857
2026-03-06,UNH,6816900,-0.0029929190593823,0,0.02881603286985587
2026-03-09,UNH,10348800,0.0112411823678523,1,0.023191519662843513
2026-03-10,UNH,6075600,-0.0175377843248944,0,0.03020388519834826
2026-03-11,UNH,6878800,0.0101635918533911,1,0.01990224173103112
2026-03-12,UNH,10512300,-0.027143798790163,0,0.039574369906525915
2026-03-13,UNH,4737600,0.0144932705699518,1,0.018233501290132063
2026-03-16,UNH,4854000,0.0053172025833874,1,0.022395890927226915
2026-03-17,UNH,5752000,-0.0007990982574865,0,0.014419715331849619
2026-03-18,UNH,4544100,-0.0030505806364905,0,0.018688591669472062
2026-03-19,UNH,5542100,-0.0125352026711047,0,0.02633795939700719
2026-03-20,UNH,38893000,-0.0121867952811786,0,0.029033321577992533
2026-03-23,UNH,10424200,-0.0343913649055523,0,0.04177116518674181
2026-03-24,UNH,5911700,0.012682722966626,1,0.021534602782278724
2026-03-25,UNH,8121200,-0.0161818625710227,0,0.03261818625710236
2026-03-26,UNH,6218800,-0.0071854606154923,0,0.027630735369782687
2026-03-27,UNH,10735300,-0.0317009756498246,0,0.043738363390771015
2026-03-30,UNH,7774700,0.0061880848430452,1,0.021754067583453166
2026-03-31,UNH,9170800,0.0288593016649833,1,0.03524722255228131
2026-04-01,UNH,5473400,-0.0008387020018112,0,0.016556574044777412
2026-04-02,UNH,6407000,0.0182526022429617,1,0.027580923023056928
2026-04-06,UNH,7097000,0.0125233208852776,1,0.0217719435967339
2026-04-07,UNH,22099800,-0.0036263399548455,0,0.037817686401037366
2026-04-08,UNH,9645000,-0.0192948365822815,0,0.026089790539863683
2026-04-09,UNH,5742000,0.0035641760244124,1,0.012262114675919117
2026-04-10,UNH,5212900,-0.0117552378349378,0,0.0200356637947079
2026-04-13,UNH,7972200,0.032151690024732,1,0.034295115899371335
2026-04-14,UNH,5864500,0.0053758043687662,1,0.022751224374844274
2026-04-15,UNH,5041200,-0.0061709247057951,0,0.020917771737786833
2026-04-16,UNH,5205600,0.0044444250682044,1,0.017460317460317863
2026-04-17,UNH,9414700,0.0143103179644751,1,0.025402201766348435
2026-04-20,UNH,9050600,-0.0021900473479481,0,0.016286741539018223
2026-04-21,UNH,26097300,-0.0198294660387889,0,0.03526806987065065
2026-04-22,UNH,11807300,0.0075238944770906,1,0.026960759585709714
2026-04-23,UNH,7255800,-0.0003383193855459,0,0.017903479854078634
2026-04-24,UNH,8554600,-0.0044039856648104,0,0.019327286374379225
2026-04-27,UNH,7256100,0.0022039466848231,1,0.02130478921003434
2026-04-28,UNH,10604100,0.0278275775633025,1,0.03898106659808953
2026-04-29,UNH,9046600,0.0129507929900957,1,0.01592892506083503
2026-04-30,UNH,6879900,0.0053458553865498,1,0.024395511644562003
2026-05-01,UNH,4945400,-0.0085492868825524,0,0.015808164904538183
2026-05-04,UNH,4916900,0.0059693726221666,1,0.01676839745074912
2026-05-05,UNH,6489000,-0.0178417611561357,0,0.026964991195553834
2026-05-06,UNH,6695500,0.0115119598058877,1,0.028366806994854027
2026-05-07,UNH,5235400,0.0084550934488424,1,0.013882817299064749
2026-05-08,UNH,6455100,0.0214791283682631,1,0.021479128368263153
2026-05-11,UNH,6949600,0.0104875544916628,1,0.02297276896818418
2026-05-12,UNH,9236300,0.0353663532168285,1,0.040250759870545244
2026-05-13,UNH,8454100,0.011752846562697,1,0.02812104387511817
2026-05-14,UNH,5342500,-0.0047631014017689,0,0.014713201736868818
2026-05-15,UNH,9811200,-0.0011412165949378,0,0.01871672612550888
2026-05-18,UNH,8400700,0.0028974484174679,1,0.02215388371394228
2026-05-19,UNH,5016800,-0.001948742988782,0,0.01917943709935893
2026-05-20,UNH,7783900,-0.0160441540132242,0,0.032550360860286565
2026-05-21,UNH,4732500,0.0035684715747396,1,0.014614758810877732
2026-05-22,UNH,5598600,0.0171501559559097,1,0.024952865637401588
2026-05-26,UNH,6498100,-0.0236787944260039,0,0.02619167189523994
2026-05-27,UNH,4544000,0.0147451766451936,1,0.019660181765192283
2026-05-28,UNH,4330800,-0.0063123252538434,0,0.021560729672645676
2026-05-29,UNH,10257900,-0.0090416416481845,0,0.025196682841507882
2026-06-01,UNH,6623700,0.0099704877457448,1,0.019754840246626968
2026-06-02,UNH,3874400,-0.0001587320938935,0,0.014180605311841177
2026-06-03,UNH,6808400,-0.0078947368421052,0,0.0280262997275903
2026-06-04,UNH,12666100,0.0165897467197516,1,0.02964101938100953
2026-06-05,UNH,10897300,-0.0001752198095847,0,0.017119678108835943
2026-06-08,UNH,6963200,0.0237705595783222,1,0.03454788369554613
2026-06-09,UNH,8590400,0.0073416664731358,1,0.013561300741550524
2026-06-10,UNH,6512900,-0.0146070339659537,0,0.027642135896878778
2026-06-11,UNH,4938100,-0.0077316525853924,0,0.016809047438030952
2026-06-12,UNH,7269600,-0.0011980654268924,0,0.012420275710989987
2026-06-15,UNH,6777900,0.0106712471296444,1,0.03567742643252898
2026-06-16,UNH,4815100,-0.0073780043667453,0,0.01268625583908405
2026-06-17,UNH,5838800,-0.0234405466668616,0,0.030724500083693592
2026-06-18,UNH,11896900,-0.004493873942858,0,0.017503832219007812
2026-06-22,UNH,5818600,0.0112895455860385,1,0.01820255766648828
2026-06-23,UNH,6675900,-0.0006592816490402,0,0.017239689753845083
2026-06-24,UNH,6858800,-0.011545819294819,0,0.03271299360903038
2026-06-25,UNH,6014400,0.0218369728663342,1,0.026878133136191702
2026-06-26,UNH,10588200,0.0281863006610601,1,0.028282364739760715
2026-06-29,UNH,5167400,-0.0157315815400598,0,0.025531650011966618
2026-06-30,UNH,5779800,-0.0167723228553572,0,0.022449825432840718
2026-07-01,UNH,4985900,0.0226080015452309,1,0.034259496365927074
2026-07-02,UNH,3928800,-0.0064700429768014,0,0.0225632484337405
2026-07-06,UNH,6379000,-0.0129873199528425,0,0.02217293174566114
2026-07-07,UNH,5800500,0.0100011560615416,1,0.015261236075972965
2026-07-08,UNH,3859200,-0.0036286733351666,0,0.016247225893881417
2026-07-09,UNH,5566000,0.0106998372338616,1,0.025239397693836884
2026-07-10,UNH,3798600,-0.0163319621267302,0,0.021335722122426196
2026-07-13,UNH,3863800,0.0061434452826416,1,0.014115855737661881
2026-07-14,UNH,5135900,-0.0134802727577581,0,0.02403708898274362
2026-07-15,UNH,6764800,-0.002312334604602,0,0.023218647550882272
2026-07-16,UNH,13281900,-0.0578784773087868,0,0.09179109160284815
2026-07-17,UNH,10718100,-0.0014763893911939,0,0.0289885524039208
2026-07-20,UNH,4818800,-0.0133411637379315,0,0.031925065256546224
2026-07-21,UNH,6833600,0.0328299440364205,1,0.03905510218454798
2026-07-22,UNH,4234100,-0.0083688114640284,0,0.015220128592700112
2026-07-23,UNH,4868700,-0.0109977154036066,0,0.023559895852446753
2026-07-24,UNH,3752500,-0.0105822596729902,0,0.023704230090659972
2026-07-27,UNH,4615700,-0.0115263425827212,0,0.024472784310190506
2026-07-28,UNH,5917300,0.021098792712292,1,0.03655372650499634
2026-07-29,UNH,5257900,-0.0179563869286202,0,0.02645585932355971
2026-07-30,UNH,3647500,0.0151256021155835,1,0.03865697078106741
2026-07-31,UNH,3920900,-0.0180094931362929,0,0.020734597156398103
2026-08-03,UNH,3209600,-0.0049589329002205,0,0.014421553600120813
2026-08-04,UNH,5266300,-0.0192752185308586,0,0.022451599352871065
2026-08-05,UNH,5399000,0.0237108993296108,1,0.04603288138646476
2026-08-06,UNH,4712400,-0.0272111833070526,0,0.03508562551997723
2026-08-07,UNH,4095900,0.0136706349372204,1,0.02485124399844642
2026-08-10,UNH,3182200,0.0003425945393253,1,0.012432738653843348
2026-08-11,UNH,3398900,-0.0166503607789578,0,0.02342295005443904
2026-08-12,UNH,3317200,0.0114967959131501,1,0.016709092781335057
2026-08-13,UNH,4170200,-0.0160999996012151,0,0.021524226596198757
2026-08-14,UNH,3476400,0.0093718869003219,1,0.016633153560772756
2026-08-17,UNH,5295100,-0.0074014907113458,0,0.01874200537780696
2026-08-18,UNH,3605100,-0.0088065824535171,0,0.013285355601242294
2026-08-19,UNH,5268500,-0.0151051064754622,0,0.02653521815230108
2026-08-20,UNH,4497200,-0.008757228323205,0,0.022871873490824212
2026-08-21,UNH,4879600,0.0106476304444624,1,0.019844569072822216
2026-08-24,UNH,4683900,0.0197422285495277,1,0.022299511636036058
2026-08-25,UNH,2655000,-0.0030417081252095,0,0.008572156276395059
2026-08-26,UNH,3557000,0.0118084004539637,1,0.025837031214664023
2026-08-27,UNH,3668200,-0.0045859030579556,0,0.015395509724378292
