Date,Ticker,Target,Volume,Daily_Volatility,FinBERT_Positive,FinBERT_Negative,FinBERT_Neutral,Volume_Messages,Score_Net,Bullishness_Index,Polarite_Index,Score_Net_Lag1,Score_Net_Lag2,Score_Net_Lag3,Score_Net_Lag5,Volume_Messages_Lag1,Volume_Messages_Lag2,Volume_Messages_Lag3,Volume_Messages_Lag5,Volume_Lag1,Volume_Lag2,Volume_Lag3,Volume_Lag5,Polarite_Index_Lag1,Polarite_Index_Lag2,Polarite_Index_Lag3,Polarite_Index_Lag5,Bullishness_Index_Lag1,Bullishness_Index_Lag2,Bullishness_Index_Lag3,Bullishness_Index_Lag5,Volatility_20d,Volume_Avg20d
2023-01-03,AAPL,0,112117500,0.0516579351442898,0.0001,0.762,0.2379,3,-0.7619,0.0001,0.7621,,,,,,,,,,,,,,,,,,,,,,
2023-01-03,AMZN,1,76706000,0.0321787974427869,0.0001,0.0175,0.9824,1,-0.0174,0.0061,0.0176,,,,,,,,,,,,,,,,,,,,,,
2023-01-03,BRK-B,0,3549900,0.0161576729360553,0.0,0.0,1.0,1,-0.0,0.0303,0.0,,,,,,,,,,,,,,,,,,,,,,
2023-01-03,META,1,35528500,0.0333007977320284,1.0,0.0,0.0,1,1.0,1.0,1.0,,,,,,,,,,,,,,,,,,,,,,
2023-01-03,TSLA,0,231402800,0.1195239597890275,0.4997,0.0001,0.5003,2,0.4996,0.9998,0.4997,,,,,,,,,,,,,,,,,,,,,,
2023-01-04,META,0,32397100,0.0251217196313049,0.4966,0.0174,0.4859,2,0.4792,0.9661,0.5141,1.0,,,,1.0,,,,35528500.0,,,,1.0,,,,1.0,,,,,
2023-01-04,MSFT,0,50623400,0.0297485295317477,0.0,0.9999,0.0001,1,-0.9999,0.0,0.9999,,,,,,,,,,,,,,,,,,,,,,
2023-01-05,TSLA,0,157986300,0.0415346688006786,0.0002,0.0045,0.9952,1,-0.0043,0.0455,0.0048,0.4996,,,,2.0,,,,231402800.0,,,,0.4997,,,,0.9998,,,,,
2023-01-06,AAPL,1,87754700,0.0428536926032778,0.0,0.0,1.0,1,-0.0,0.0135,0.0,-0.7619,,,,3.0,,,,112117500.0,,,,0.7621,,,,0.0001,,,,,
2023-01-06,META,1,27584500,0.0332635564466341,0.0,0.8654,0.1346,1,-0.8654,0.0,0.8654,0.4792,1.0,,,2.0,1.0,,,32397100.0,35528500.0,,,0.5141,1.0,,,0.9661,1.0,,,,
2023-01-06,TSLA,1,220911100,0.1221359401073269,0.0,0.0018,0.9982,1,-0.0018,0.0061,0.0018,-0.0043,0.4996,,,1.0,2.0,,,157986300.0,231402800.0,,,0.0048,0.4997,,,0.0455,0.9998,,,,
2023-01-09,META,0,26649100,0.027981077054556,0.9956,0.0,0.0044,1,0.9956,1.0,0.9956,-0.8654,0.4792,1.0,,1.0,2.0,1.0,,27584500.0,32397100.0,35528500.0,,0.8654,0.5141,1.0,,0.0,0.9661,1.0,,,
2023-01-09,TSLA,1,190284000,0.0538836254375149,0.8383,0.0463,0.1155,1,0.792,0.9477,0.8845,-0.0018,-0.0043,0.4996,,1.0,1.0,2.0,,220911100.0,157986300.0,231402800.0,,0.0018,0.0048,0.4997,,0.0061,0.0455,0.9998,,,
2023-01-10,AMZN,1,67756600,0.0331163815917004,0.5,0.0,0.5,2,0.5,1.0,0.5,-0.0174,,,,1.0,,,,76706000.0,,,,0.0176,,,,0.0061,,,,,
2023-01-10,JPM,1,9048700,0.0102329902809514,0.0034,0.0001,0.9966,2,0.0033,0.9827,0.0034,,,,,,,,,,,,,,,,,,,,,,
2023-01-10,META,1,28684400,0.0494224961219091,0.0004,0.0,0.9996,1,0.0004,0.9612,0.0004,0.9956,-0.8654,0.4792,,1.0,1.0,2.0,,26649100.0,27584500.0,32397100.0,,0.9956,0.8654,0.5141,,1.0,0.0,0.9661,,,
2023-01-11,JPM,1,8703700,0.0118790062562136,0.0004,0.9995,0.0001,1,-0.9991,0.0004,0.9999,0.0033,,,,2.0,,,,9048700.0,,,,0.0034,,,,0.9827,,,,,
2023-01-11,META,1,25423000,0.0268021501655384,0.0,0.0081,0.9919,1,-0.008,0.0056,0.0081,0.0004,0.9956,-0.8654,1.0,1.0,1.0,1.0,1.0,28684400.0,26649100.0,27584500.0,35528500.0,0.0004,0.9956,0.8654,1.0,0.9612,1.0,0.0,1.0,0.021650254043026885,30168720.0
2023-01-12,AAPL,0,71379600,0.0210635790452659,0.0,0.0,1.0,1,-0.0,0.1739,0.0,-0.0,-0.7619,,,1.0,3.0,,,87754700.0,112117500.0,,,0.0,0.7621,,,0.0135,0.0001,,,,
2023-01-12,JPM,0,11001700,0.0117142813546317,0.0,0.0,1.0,1,-0.0,0.1366,0.0,-0.9991,0.0033,,,1.0,2.0,,,8703700.0,9048700.0,,,0.9999,0.0034,,,0.0004,0.9827,,,,
2023-01-12,TSLA,1,169400900,0.0581755662161238,0.0001,0.242,0.7579,1,-0.2419,0.0003,0.2421,0.792,-0.0018,-0.0043,,1.0,1.0,1.0,,190284000.0,220911100.0,157986300.0,,0.8845,0.0018,0.0048,,0.9477,0.0061,0.0455,,,
2023-01-13,JPM,1,20200000,0.0640855608426183,0.6667,0.0002,0.3331,3,0.6665,0.9997,0.6669,-0.0,-0.9991,0.0033,,1.0,1.0,2.0,,11001700.0,8703700.0,9048700.0,,0.0,0.9999,0.0034,,0.1366,0.0004,0.9827,,,
2023-01-17,AMZN,0,72755000,0.0320226593326135,0.0,0.002,0.9979,1,-0.002,0.014,0.0021,0.5,-0.0174,,,2.0,1.0,,,67756600.0,76706000.0,,,0.5,0.0176,,,1.0,0.0061,,,,
2023-01-17,JPM,0,14292900,0.0163632329004443,0.0064,0.9552,0.0384,1,-0.9488,0.0067,0.9616,0.6665,-0.0,-0.9991,,3.0,1.0,1.0,,20200000.0,11001700.0,8703700.0,,0.6669,0.0,0.9999,,0.9997,0.1366,0.0004,,,
2023-01-17,MSFT,1,29831300,0.01605247428089,0.0,0.0,1.0,1,-0.0,0.0893,0.0,-0.9999,,,,1.0,,,,50623400.0,,,,0.9999,,,,0.0,,,,,
2023-01-17,UNH,0,4495600,0.0186482154610545,0.9868,0.0003,0.0129,1,0.9864,0.9997,0.9871,,,,,,,,,,,,,,,,,,,,,,
2023-01-18,AMZN,0,79570400,0.0405141639219153,0.0,0.0011,0.9988,3,-0.0011,0.0183,0.0012,-0.002,0.5,-0.0174,,1.0,2.0,1.0,,72755000.0,67756600.0,76706000.0,,0.0021,0.5,0.0176,,0.014,1.0,0.0061,,,
2023-01-18,GOOGL,0,29116700,0.0234426272673933,0.0001,0.0,0.9999,1,0.0001,0.9768,0.0001,,,,,,,,,,,,,,,,,,,,,,
2023-01-19,JPM,0,13303400,0.017070628388743,0.0,0.0002,0.9998,1,-0.0002,0.0006,0.0002,-0.9488,0.6665,-0.0,0.0033,1.0,3.0,1.0,2.0,14292900.0,20200000.0,11001700.0,9048700.0,0.9616,0.6669,0.0,0.0034,0.0067,0.9997,0.1366,0.9827,0.02429019969731052,12649400.0
2023-01-20,AMZN,1,67481500,0.0442148039515482,0.0,0.0,1.0,1,-0.0,0.0553,0.0,-0.0011,-0.002,0.5,,3.0,1.0,2.0,,79570400.0,72755000.0,67756600.0,,0.0012,0.0021,0.5,,0.0183,0.014,1.0,,,
2023-01-20,GOOGL,1,63191100,0.0344900784576137,0.0,0.0,1.0,2,-0.0,0.0504,0.0,0.0001,,,,1.0,,,,29116700.0,,,,0.0001,,,,0.9768,,,,,
2023-01-20,META,1,28688600,0.0392229145264145,0.0,0.0,1.0,1,-0.0,0.0553,0.0,-0.008,0.0004,0.9956,0.4792,1.0,1.0,1.0,2.0,25423000.0,28684400.0,26649100.0,32397100.0,0.0081,0.0004,0.9956,0.5141,0.0056,0.9612,1.0,0.9661,0.019419847659883426,29377766.666666668
2023-01-23,AAPL,1,81760300,0.0392413381070264,0.0,0.0001,0.9999,1,-0.0001,0.0028,0.0001,-0.0,-0.0,-0.7619,,1.0,1.0,3.0,,71379600.0,87754700.0,112117500.0,,0.0,0.0,0.7621,,0.1739,0.0135,0.0001,,,
2023-01-23,JPM,1,10487100,0.0232385990461674,0.5216,0.001,0.4774,2,0.5207,0.9982,0.5226,-0.0002,-0.9488,0.6665,-0.9991,1.0,1.0,3.0,1.0,13303400.0,14292900.0,20200000.0,8703700.0,0.0002,0.9616,0.6669,0.9999,0.0006,0.0067,0.9997,0.0004,0.022700140429606885,12758400.0
2023-01-23,TSLA,1,203119200,0.0817693457688669,0.0015,0.0001,0.9984,1,0.0014,0.9222,0.0016,-0.2419,0.792,-0.0018,0.4996,1.0,1.0,1.0,2.0,169400900.0,190284000.0,220911100.0,231402800.0,0.2421,0.8845,0.0018,0.4997,0.0003,0.9477,0.0061,0.9998,0.06558507054128973,193997020.0
2023-01-24,AAPL,1,66435100,0.0203834413806273,0.0,0.0,1.0,1,0.0,0.7683,0.0,-0.0001,-0.0,-0.0,,1.0,1.0,1.0,,81760300.0,71379600.0,87754700.0,,0.0001,0.0,0.0,,0.0028,0.1739,0.0135,,,
2023-01-24,AMZN,0,66929500,0.0215619140752135,0.0,0.0004,0.9995,1,-0.0004,0.0934,0.0005,-0.0,-0.0011,-0.002,-0.0174,1.0,3.0,1.0,1.0,67481500.0,79570400.0,72755000.0,76706000.0,0.0,0.0012,0.0021,0.0176,0.0553,0.0183,0.014,0.0061,0.027241515719780788,72853900.0
2023-01-24,JPM,1,6945000,0.0387772566862342,0.4797,0.0,0.5203,2,0.4797,0.9999,0.4797,0.5207,-0.0002,-0.9488,-0.0,2.0,1.0,1.0,1.0,10487100.0,13303400.0,14292900.0,11001700.0,0.5226,0.0002,0.9616,0.0,0.9982,0.0006,0.0067,0.1366,0.02087620558251002,12433928.57142857
2023-01-25,AMZN,1,94261600,0.0617977676272317,1.0,0.0,0.0,1,1.0,1.0,1.0,-0.0004,-0.0,-0.0011,0.5,1.0,1.0,3.0,2.0,66929500.0,67481500.0,79570400.0,67756600.0,0.0005,0.0,0.0012,0.5,0.0934,0.0553,0.0183,1.0,0.024746896515354805,71866500.0
2023-01-25,TSLA,1,192734300,0.0587696154088497,0.6296,0.0001,0.3703,2,0.6295,0.9999,0.6297,0.0014,-0.2419,0.792,-0.0043,1.0,1.0,1.0,1.0,203119200.0,169400900.0,190284000.0,157986300.0,0.0016,0.2421,0.8845,0.0048,0.9222,0.0003,0.9477,0.0455,0.06256440863807279,195517383.33333334
2023-01-26,JPM,1,7487600,0.0121933508145808,0.0,0.4986,0.5014,2,-0.4986,0.0,0.4986,0.4797,0.5207,-0.0002,0.6665,2.0,2.0,1.0,3.0,6945000.0,10487100.0,13303400.0,20200000.0,0.4797,0.5226,0.0002,0.6669,0.9999,0.9982,0.0006,0.9997,0.019399117810297954,11747812.5
2023-01-27,AMZN,1,87775600,0.0397869901842735,0.0006,0.0012,0.9982,1,-0.0007,0.3127,0.0018,1.0,-0.0004,-0.0,-0.002,1.0,1.0,1.0,1.0,94261600.0,66929500.0,67481500.0,72755000.0,1.0,0.0005,0.0,0.0021,1.0,0.0934,0.0553,0.014,0.028826041961704695,75065800.0
2023-01-27,BRK-B,0,3031200,0.0109429437842761,0.0001,0.0008,0.9992,1,-0.0007,0.0863,0.0008,-0.0,,,,1.0,,,,3549900.0,,,,0.0,,,,0.0303,,,,,
2023-01-30,AAPL,0,64015300,0.0186258058994964,0.0006,0.0,0.9994,1,0.0006,0.9955,0.0006,0.0,-0.0001,-0.0,-0.7619,1.0,1.0,1.0,3.0,66435100.0,81760300.0,71379600.0,112117500.0,0.0,0.0001,0.0,0.7621,0.7683,0.0028,0.1739,0.0001,0.027608809602239524,83889440.0
2023-01-30,AMZN,0,70691900,0.027005597254293,0.0003,0.4942,0.5055,2,-0.4939,0.0006,0.4945,-0.0007,1.0,-0.0004,-0.0011,1.0,1.0,1.0,3.0,87775600.0,94261600.0,66929500.0,79570400.0,0.0018,1.0,0.0005,0.0012,0.3127,1.0,0.0934,0.0183,0.027429449233113277,76654525.0
2023-01-30,META,0,28040100,0.0279097655226336,0.0003,0.4942,0.5055,2,-0.4939,0.0006,0.4945,-0.0,-0.008,0.0004,-0.8654,1.0,1.0,1.0,1.0,28688600.0,25423000.0,28684400.0,27584500.0,0.0,0.0081,0.0004,0.8654,0.0553,0.0056,0.9612,0.0,0.018485653288673402,29279314.285714287
2023-01-31,AAPL,1,65874500,0.0144358626674737,0.9999,0.0,0.0001,1,0.9999,1.0,0.9999,0.0006,0.0,-0.0001,-0.0,1.0,1.0,1.0,1.0,64015300.0,66435100.0,81760300.0,87754700.0,0.0006,0.0,0.0001,0.0,0.9955,0.7683,0.0028,0.0135,0.025769439347543027,80577083.33333333
2023-01-31,AMZN,1,66527300,0.0218465698345999,0.0001,0.4999,0.5,2,-0.4998,0.0002,0.5,-0.4939,-0.0007,1.0,-0.0,2.0,1.0,1.0,1.0,70691900.0,87775600.0,94261600.0,67481500.0,0.4945,0.0018,1.0,0.0,0.0006,0.3127,1.0,0.0553,0.02626831256991534,75992011.1111111
2023-01-31,JPM,1,9188700,0.0130112043229018,0.9999,0.0,0.0001,1,0.9999,1.0,0.9999,-0.4986,0.4797,0.5207,-0.9488,2.0,2.0,2.0,1.0,7487600.0,6945000.0,10487100.0,14292900.0,0.4986,0.4797,0.5226,0.9616,0.0,0.9999,0.9982,0.0067,0.018284986086230737,11274455.555555556
2023-01-31,TSLA,1,196813500,0.0700006304901319,0.9875,0.0011,0.0114,1,0.9864,0.9989,0.9886,0.6295,0.0014,-0.2419,-0.0018,2.0,1.0,1.0,1.0,192734300.0,203119200.0,169400900.0,220911100.0,0.6297,0.0016,0.2421,0.0018,0.9999,0.9222,0.0003,0.0061,0.05713490755721608,195119800.0
2023-02-01,AMZN,1,80450100,0.0487662153470113,0.0006,0.9993,0.0,1,-0.9987,0.0006,1.0,-0.4998,-0.4939,-0.0007,-0.0004,2.0,2.0,1.0,1.0,66527300.0,70691900.0,87775600.0,66929500.0,0.5,0.4945,0.0018,0.0005,0.0002,0.0006,0.3127,0.0934,0.02495924369679408,75045540.0
2023-02-01,GOOGL,1,35531100,0.0365717824317093,0.0133,0.0026,0.9841,1,0.0106,0.8342,0.0159,-0.0,0.0001,,,2.0,1.0,,,63191100.0,29116700.0,,,0.0,0.0001,,,0.0504,0.9768,,,,
2023-02-01,META,1,55661000,0.0440451552133145,0.256,0.1357,0.6084,4,0.1203,0.6536,0.3916,-0.4939,-0.0,-0.008,0.9956,2.0,1.0,1.0,1.0,28040100.0,28688600.0,25423000.0,26649100.0,0.4945,0.0,0.0081,0.9956,0.0006,0.0553,0.0056,1.0,0.020034181136700198,29124412.5
2023-02-01,MSFT,1,31259900,0.0391531913511214,0.0005,0.0279,0.9717,1,-0.0274,0.0161,0.0283,-0.0,-0.9999,,,1.0,1.0,,,29831300.0,50623400.0,,,0.0,0.9999,,,0.0893,0.0,,,,
2023-02-01,TSLA,1,213806300,0.0798206045864115,0.0003,0.9996,0.0001,1,-0.9992,0.0003,0.9999,0.9864,0.6295,0.0014,0.792,1.0,2.0,1.0,1.0,196813500.0,192734300.0,203119200.0,190284000.0,0.9886,0.6297,0.0016,0.8845,0.9989,0.9999,0.9222,0.9477,0.054608702992862856,195331512.5
2023-02-02,AAPL,1,118339000,0.0202148732721137,0.5,0.5,0.0,2,-0.0,0.5,1.0,0.9999,0.0006,0.0,-0.0,1.0,1.0,1.0,1.0,65874500.0,64015300.0,66435100.0,71379600.0,0.9999,0.0006,0.0,0.0,1.0,0.9955,0.7683,0.1739,0.023803873810684613,78476714.28571428
2023-02-02,AMZN,1,158154200,0.0464399342093609,0.428,0.4208,0.1511,7,0.0072,0.5042,0.8489,-0.9987,-0.4998,-0.4939,1.0,1.0,2.0,2.0,1.0,80450100.0,66527300.0,70691900.0,94261600.0,1.0,0.5,0.4945,1.0,0.0006,0.0002,0.0006,1.0,0.0241009329824873,75536863.63636364
2023-02-02,GOOGL,1,69883800,0.0211720018823981,0.5,0.5,0.0,2,0.0,0.5,1.0,0.0106,-0.0,0.0001,,1.0,2.0,1.0,,35531100.0,63191100.0,29116700.0,,0.0159,0.0,0.0001,,0.8342,0.0504,0.9768,,,
2023-02-02,META,1,150475700,0.0927036729596757,0.9989,0.0002,0.0009,4,0.9987,0.9998,0.9991,0.1203,-0.4939,-0.0,0.0004,4.0,2.0,1.0,1.0,55661000.0,28040100.0,28688600.0,28684400.0,0.3916,0.4945,0.0,0.0004,0.6536,0.0006,0.0553,0.9612,0.020420940902825223,32072922.222222224
2023-02-02,MSFT,1,39940400,0.0287458551536408,0.0,0.0001,0.9999,1,-0.0,0.2351,0.0001,-0.0274,-0.0,-0.9999,,1.0,1.0,1.0,,31259900.0,29831300.0,50623400.0,,0.0283,0.0,0.9999,,0.0161,0.0893,0.0,,,
2023-02-02,TSLA,1,217448300,0.0754817661423005,0.9998,0.0,0.0002,1,0.9998,1.0,0.9998,-0.9992,0.9864,0.6295,-0.2419,1.0,1.0,2.0,1.0,213806300.0,196813500.0,192734300.0,169400900.0,0.9999,0.9886,0.6297,0.2421,0.0003,0.9989,0.9999,0.0003,0.05171791937247056,197384266.66666666
2023-02-03,META,1,76809700,0.0756527213738648,0.0617,0.3062,0.632,1,-0.2445,0.1678,0.368,0.9987,0.1203,-0.4939,-0.008,4.0,4.0,2.0,1.0,150475700.0,55661000.0,28040100.0,25423000.0,0.9991,0.3916,0.4945,0.0081,0.9998,0.6536,0.0006,0.0056,0.019959323603439938,43913200.0
2023-02-03,UNH,0,5440100,0.0190013226659557,0.0,0.0006,0.9993,1,-0.0006,0.0346,0.0007,0.9864,,,,1.0,,,,4495600.0,,,,0.9871,,,,0.9997,,,,,
2023-02-06,AAPL,0,69858300,0.0152061821645497,0.0,0.0,1.0,1,-0.0,0.0735,0.0,-0.0,0.9999,0.0006,-0.0001,2.0,1.0,1.0,1.0,118339000.0,65874500.0,64015300.0,81760300.0,1.0,0.9999,0.0006,0.0001,0.5,1.0,0.9955,0.0028,0.02232009712595094,83459500.0
2023-02-06,AMZN,0,81945200,0.0320605791565062,0.0026,0.0277,0.9697,1,-0.0251,0.0854,0.0303,0.0072,-0.9987,-0.4998,-0.0007,7.0,1.0,2.0,1.0,158154200.0,80450100.0,66527300.0,87775600.0,0.8489,1.0,0.5,0.0018,0.5042,0.0006,0.0002,0.3127,0.023244188308542312,82421641.66666667
2023-02-06,JPM,1,8406200,0.0157598715053883,0.0,0.0002,0.9998,1,-0.0001,0.0683,0.0002,0.9999,-0.4986,0.4797,-0.0002,1.0,2.0,2.0,1.0,9188700.0,7487600.0,6945000.0,13303400.0,0.9999,0.4986,0.4797,0.0002,1.0,0.0,0.9999,0.0006,0.017495837096458466,11065880.0
2023-02-07,MSFT,1,50841400,0.0333550933947066,0.0,0.0,1.0,1,0.0,0.7055,0.0,-0.0,-0.0274,-0.0,,1.0,1.0,1.0,,39940400.0,31259900.0,29831300.0,,0.0001,0.0283,0.0,,0.2351,0.0161,0.0893,,,
2023-02-07,UNH,1,3394600,0.0192127794429284,0.0,1.0,0.0,1,-1.0,0.0,1.0,-0.0006,0.9864,,,1.0,1.0,,,5440100.0,4495600.0,,,0.0007,0.9871,,,0.0346,0.9997,,,,
2023-02-08,AAPL,0,64120100,0.0221601478678548,1.0,0.0,0.0,1,1.0,1.0,1.0,-0.0,-0.0,0.9999,0.0,1.0,2.0,1.0,1.0,69858300.0,118339000.0,65874500.0,66435100.0,0.0,1.0,0.9999,0.0,0.0735,0.5,1.0,0.7683,0.02112474097207726,81948255.55555555
2023-02-08,GOOGL,0,94743500,0.0499754857580402,0.0002,0.5025,0.4973,5,-0.5023,0.0003,0.5027,0.0,0.0106,-0.0,,2.0,1.0,2.0,,69883800.0,35531100.0,63191100.0,,1.0,0.0159,0.0,,0.5,0.8342,0.0504,,,
2023-02-08,MSFT,0,54686000,0.038616463540097,0.4999,0.0001,0.5001,2,0.4998,0.9999,0.4999,0.0,-0.0,-0.0274,-0.9999,1.0,1.0,1.0,1.0,50841400.0,39940400.0,31259900.0,50623400.0,0.0,0.0001,0.0283,0.9999,0.7055,0.2351,0.0161,0.0,0.016138808184889518,40499280.0
2023-02-08,TSLA,1,180673600,0.0443141365167478,1.0,0.0,0.0,1,1.0,1.0,1.0,0.9998,-0.9992,0.9864,0.0014,1.0,1.0,1.0,1.0,217448300.0,213806300.0,196813500.0,203119200.0,0.9998,0.9999,0.9886,0.0016,1.0,0.0003,0.9989,0.9222,0.04904401220777842,199390670.0
2023-02-09,AAPL,0,56007100,0.0254259571670368,0.0,1.0,0.0,1,-1.0,0.0,1.0,1.0,-0.0,-0.0,0.0006,1.0,1.0,2.0,1.0,64120100.0,69858300.0,118339000.0,64015300.0,1.0,0.0,1.0,0.0006,1.0,0.0735,0.5,0.9955,0.020534281726212404,80165440.0
2023-02-09,TSLA,0,215431400,0.0444219644901584,0.9918,0.0,0.0082,1,0.9918,1.0,0.9918,1.0,0.9998,-0.9992,0.6295,1.0,1.0,1.0,2.0,180673600.0,217448300.0,213806300.0,192734300.0,1.0,0.9998,0.9999,0.6297,1.0,1.0,0.0003,0.9999,0.046567878560989144,197689118.1818182
2023-02-10,AAPL,1,57450700,0.014184363856253,0.0029,0.0003,0.9968,1,0.0026,0.9019,0.0032,-1.0,1.0,-0.0,0.9999,1.0,1.0,1.0,1.0,56007100.0,64120100.0,69858300.0,65874500.0,1.0,1.0,0.0,0.9999,0.0,1.0,0.0735,1.0,0.02042960791323602,77969227.27272727
2023-02-10,GOOGL,0,54980700,0.0261917242528108,0.0,0.9939,0.0061,1,-0.9939,0.0,0.9939,-0.5023,0.0,0.0106,0.0001,5.0,2.0,1.0,1.0,94743500.0,69883800.0,35531100.0,29116700.0,0.5027,1.0,0.0159,0.0001,0.0003,0.5,0.8342,0.9768,0.023585359490072035,58493240.0
2023-02-10,META,0,33433600,0.0314147609548756,0.0088,0.0001,0.9912,1,0.0087,0.9905,0.0088,-0.2445,0.9987,0.1203,-0.0,1.0,4.0,4.0,1.0,76809700.0,150475700.0,55661000.0,28688600.0,0.368,0.9991,0.3916,0.0,0.1678,0.9998,0.6536,0.0553,0.01894737215254139,46903790.90909091
2023-02-10,MSFT,1,25818500,0.013115102251332,1.0,0.0,0.0,1,1.0,1.0,1.0,0.4998,0.0,-0.0,-0.0,2.0,1.0,1.0,1.0,54686000.0,50841400.0,39940400.0,29831300.0,0.4999,0.0,0.0001,0.0,0.9999,0.7055,0.2351,0.0893,0.020786909485830254,42863733.333333336
2023-02-10,TSLA,0,204754100,0.0658161392463563,0.5643,0.0002,0.4355,1,0.564,0.9996,0.5645,0.9918,1.0,0.9998,0.9864,1.0,1.0,1.0,1.0,215431400.0,180673600.0,217448300.0,196813500.0,0.9918,1.0,0.9998,0.9886,1.0,1.0,1.0,0.9989,0.04488654197344638,199167641.66666666
2023-02-10,UNH,1,3418100,0.014127131014514,1.0,0.0,0.0,1,1.0,1.0,1.0,-1.0,-0.0006,0.9864,,1.0,1.0,1.0,,3394600.0,5440100.0,4495600.0,,1.0,0.0007,0.9871,,0.0,0.0346,0.9997,,,
2023-02-14,AMZN,1,56202900,0.0345493486368806,0.0,0.0008,0.9992,1,-0.0008,0.0195,0.0008,-0.0251,0.0072,-0.9987,-0.4939,1.0,7.0,1.0,2.0,81945200.0,158154200.0,80450100.0,70691900.0,0.0303,0.8489,1.0,0.4945,0.0854,0.5042,0.0006,0.0006,0.02295597053089656,82384992.3076923
2023-02-14,TSLA,1,216455700,0.1061790383640009,0.0001,0.0003,0.9996,1,-0.0002,0.2722,0.0004,0.564,0.9918,1.0,-0.9992,1.0,1.0,1.0,1.0,204754100.0,215431400.0,180673600.0,213806300.0,0.5645,0.9918,1.0,0.9999,0.9996,1.0,1.0,0.0003,0.044759372786995724,199597369.23076922
2023-02-15,AMZN,1,47957600,0.027449806450977,0.0004,0.9955,0.004,1,-0.9951,0.0004,0.996,-0.0008,-0.0251,0.0072,-0.4998,1.0,1.0,7.0,2.0,56202900.0,81945200.0,158154200.0,66527300.0,0.0008,0.0303,0.8489,0.5,0.0195,0.0854,0.5042,0.0002,0.02205981051919598,80514842.85714285
2023-02-15,GOOGL,1,50169000,0.0314319111847702,0.0,0.0029,0.9971,2,-0.0029,0.0025,0.0029,-0.9939,-0.5023,0.0,-0.0,1.0,5.0,2.0,2.0,54980700.0,94743500.0,69883800.0,63191100.0,0.9939,0.5027,1.0,0.0,0.0,0.0003,0.5,0.0504,0.021971504492536154,57907816.666666664
2023-02-15,JPM,1,6728300,0.0182896428693418,0.0,0.9946,0.0054,1,-0.9945,0.0,0.9946,-0.0001,0.9999,-0.4986,0.5207,1.0,1.0,2.0,2.0,8406200.0,9188700.0,7487600.0,10487100.0,0.0002,0.9999,0.4986,0.5226,0.0683,1.0,0.0,0.9982,0.01662236130014466,10824090.909090908
2023-02-15,MSFT,1,28922400,0.0169574321196592,0.0,0.0001,0.9999,2,-0.0001,0.0216,0.0001,1.0,0.4998,0.0,-0.0274,1.0,2.0,1.0,1.0,25818500.0,54686000.0,50841400.0,31259900.0,1.0,0.4999,0.0,0.0283,1.0,0.9999,0.7055,0.0161,0.018978461902024957,40428700.0
2023-02-15,TSLA,1,181006400,0.0403759127009315,0.2499,0.0001,0.7499,4,0.2498,0.9995,0.2501,-0.0002,0.564,0.9918,0.9998,1.0,1.0,1.0,1.0,216455700.0,204754100.0,215431400.0,217448300.0,0.0004,0.5645,0.9918,0.9998,0.2722,0.9996,1.0,1.0,0.047440371385241265,200801535.7142857
2023-02-16,AMZN,0,56339200,0.0255014494773121,0.5726,0.0032,0.4241,1,0.5694,0.9944,0.5759,-0.9951,-0.0008,-0.0251,-0.9987,1.0,1.0,1.0,1.0,47957600.0,56202900.0,81945200.0,80450100.0,0.996,0.0008,0.0303,1.0,0.0004,0.0195,0.0854,0.0006,0.021393061395286028,78344360.0
2023-02-16,GOOGL,1,42462600,0.0308273288952129,0.5726,0.0032,0.4241,1,0.5694,0.9944,0.5759,-0.0029,-0.9939,-0.5023,0.0106,2.0,1.0,5.0,1.0,50169000.0,54980700.0,94743500.0,35531100.0,0.0029,0.9939,0.5027,0.0159,0.0025,0.0,0.0003,0.8342,0.021801767285514098,56802271.428571425
2023-02-16,JPM,0,8165300,0.0119656194111523,0.9926,0.0004,0.007,1,0.9922,0.9996,0.993,-0.9945,-0.0001,0.9999,0.4797,1.0,1.0,1.0,2.0,6728300.0,8406200.0,9188700.0,6945000.0,0.9946,0.0002,0.9999,0.4797,0.0,0.0683,1.0,0.9999,0.015947134022943652,10482775.0
2023-02-16,MSFT,0,29603600,0.0183319314419029,0.5726,0.0032,0.4241,1,0.5694,0.9944,0.5759,-0.0001,1.0,0.4998,-0.0,2.0,1.0,2.0,1.0,28922400.0,25818500.0,54686000.0,39940400.0,0.0001,1.0,0.4999,0.0001,0.0216,1.0,0.9999,0.2351,0.017602663631047594,38990412.5
2023-02-17,BRK-B,1,2720500,0.009539289383052,0.0,0.0002,0.9998,1,-0.0002,0.0057,0.0002,-0.0007,-0.0,,,1.0,1.0,,,3031200.0,3549900.0,,,0.0008,0.0,,,0.0863,0.0303,,,,
2023-02-17,META,1,24171300,0.0204441058781746,0.0008,0.538,0.4612,1,-0.5372,0.0015,0.5388,0.0087,-0.2445,0.9987,-0.4939,1.0,1.0,4.0,2.0,33433600.0,76809700.0,150475700.0,28040100.0,0.0088,0.368,0.9991,0.4945,0.9905,0.1678,0.9998,0.0006,0.0196862634920641,45781275.0
2023-02-17,TSLA,1,213738500,0.0547027458418675,0.0,0.0,1.0,1,-0.0,0.0143,0.0,0.2498,-0.0002,0.564,1.0,4.0,1.0,1.0,1.0,181006400.0,216455700.0,204754100.0,180673600.0,0.2501,0.0004,0.5645,1.0,0.9995,0.2722,0.9996,1.0,0.04577205226495366,199481860.0
2023-02-21,AMZN,0,56580400,0.0140550033433618,0.0,0.0002,0.9998,1,-0.0002,0.0473,0.0002,0.5694,-0.9951,-0.0008,0.0072,1.0,1.0,1.0,7.0,56339200.0,47957600.0,56202900.0,158154200.0,0.5759,0.996,0.0008,0.8489,0.9944,0.0004,0.0195,0.5042,0.021444486621912284,76969037.5
2023-02-22,GOOGL,0,30884000,0.0163576886577938,0.0,0.0031,0.9969,1,-0.0031,0.0018,0.0031,0.5694,-0.0029,-0.9939,0.0,1.0,2.0,1.0,2.0,42462600.0,50169000.0,54980700.0,69883800.0,0.5759,0.0029,0.9939,1.0,0.9944,0.0025,0.0,0.5,0.020264298426998117,55009812.5
2023-02-23,JPM,1,8068000,0.0160743587992222,0.3257,0.0008,0.6735,1,0.325,0.9976,0.3265,0.9922,-0.9945,-0.0001,-0.4986,1.0,1.0,1.0,2.0,8165300.0,6728300.0,8406200.0,7487600.0,0.993,0.9946,0.0002,0.4986,0.9996,0.0,0.0683,0.0,0.016019210482840822,10304507.692307692
2023-02-23,TSLA,0,146360000,0.0432053229384097,1.0,0.0,0.0,1,1.0,1.0,1.0,-0.0,0.2498,-0.0002,0.9918,1.0,4.0,1.0,1.0,213738500.0,181006400.0,216455700.0,215431400.0,0.0,0.2501,0.0004,0.9918,0.0143,0.9995,0.2722,1.0,0.04454878532557173,200372900.0
2023-02-24,JPM,1,9126900,0.0174682476019592,0.0013,0.0,0.9987,1,0.0013,0.9996,0.0013,0.325,0.9922,-0.9945,0.9999,1.0,1.0,1.0,1.0,8068000.0,8165300.0,6728300.0,9188700.0,0.3265,0.993,0.9946,0.9999,0.9976,0.9996,0.0,1.0,0.015397702815804128,10144757.142857144
2023-02-24,TSLA,1,142228100,0.0248051498587475,0.0,0.0012,0.9988,2,-0.0012,0.0186,0.0012,1.0,-0.0,0.2498,0.564,1.0,1.0,4.0,1.0,146360000.0,213738500.0,181006400.0,204754100.0,1.0,0.0,0.2501,0.5645,1.0,0.0143,0.9995,0.9996,0.04375843449757264,197195670.5882353
2023-02-27,AMZN,0,47470300,0.0173949873873838,0.0,0.3312,0.6688,3,-0.3311,0.0001,0.3312,-0.0002,0.5694,-0.9951,-0.0251,1.0,1.0,1.0,1.0,56580400.0,56339200.0,47957600.0,81945200.0,0.0002,0.5759,0.996,0.0303,0.0473,0.9944,0.0004,0.0854,0.02125494313268399,75769705.88235295
2023-02-27,META,0,19277000,0.0236211161464758,0.4721,0.4967,0.0312,2,-0.0247,0.4873,0.9688,-0.5372,0.0087,-0.2445,0.1203,1.0,1.0,1.0,4.0,24171300.0,33433600.0,76809700.0,55661000.0,0.5388,0.0088,0.368,0.3916,0.0015,0.9905,0.1678,0.6536,0.018869891495381257,44118969.23076923
2023-02-27,MSFT,0,21190000,0.013586341770393,0.0001,0.4967,0.5032,2,-0.4967,0.0001,0.4968,0.5694,-0.0001,1.0,0.0,1.0,2.0,1.0,1.0,29603600.0,28922400.0,25818500.0,50841400.0,0.5759,0.0001,1.0,0.0,0.9944,0.0216,1.0,0.7055,0.01706403081194567,37947433.333333336
2023-02-28,AAPL,1,50547000,0.0153009177375403,0.5,0.5,0.0,2,0.0,0.5,1.0,0.0026,-1.0,1.0,-0.0,1.0,1.0,1.0,2.0,57450700.0,56007100.0,64120100.0,118339000.0,0.0032,1.0,1.0,1.0,0.9019,0.0,1.0,0.5,0.019723935135484528,76259350.0
2023-02-28,BRK-B,1,4736800,0.0089868152538036,0.0212,0.0009,0.9779,2,0.0203,0.9586,0.0221,-0.0002,-0.0007,-0.0,,1.0,1.0,1.0,,2720500.0,3031200.0,3549900.0,,0.0002,0.0008,0.0,,0.0057,0.0863,0.0303,,,
2023-02-28,TSLA,0,153144900,0.0355192357548523,0.0,0.0,1.0,1,-0.0,0.2576,0.0,-0.0012,1.0,-0.0,-0.0002,2.0,1.0,1.0,1.0,142228100.0,146360000.0,213738500.0,216455700.0,0.0012,1.0,0.0,0.0004,0.0186,1.0,0.0143,0.2722,0.04263522303743265,194141916.66666666
2023-03-01,META,0,30998400,0.0274930016177342,0.0132,0.8774,0.1093,1,-0.8642,0.0149,0.8907,-0.0247,-0.5372,0.0087,0.9987,2.0,1.0,1.0,4.0,19277000.0,24171300.0,33433600.0,150475700.0,0.9688,0.5388,0.0088,0.9991,0.4873,0.0015,0.9905,0.9998,0.019437566088892452,42344542.85714286
2023-03-01,TSLA,0,156852800,0.0420929750893488,0.0,0.9963,0.0037,1,-0.9963,0.0,0.9963,-0.0,-0.0012,1.0,0.2498,1.0,2.0,1.0,4.0,153144900.0,142228100.0,146360000.0,181006400.0,0.0,0.0012,1.0,0.2501,0.2576,0.0186,1.0,0.9995,0.042529177316116086,191984178.9473684
2023-03-02,AMZN,1,55509400,0.0201291313157212,0.0,0.0934,0.9066,2,-0.0934,0.0001,0.0934,-0.3311,-0.0002,0.5694,-0.0008,3.0,1.0,1.0,1.0,47470300.0,56580400.0,56339200.0,56202900.0,0.3312,0.0002,0.5759,0.0008,0.0001,0.0473,0.9944,0.0195,0.02092833685111035,74197516.66666667
2023-03-02,GOOGL,1,32204400,0.0300022566532978,0.0,0.1581,0.8419,1,-0.1581,0.0,0.1581,-0.0031,0.5694,-0.0029,-0.5023,1.0,1.0,2.0,5.0,30884000.0,42462600.0,50169000.0,94743500.0,0.0031,0.5759,0.0029,0.5027,0.0018,0.9944,0.0025,0.0003,0.019077398545720443,52329166.666666664
2023-03-02,TSLA,1,181500700,0.0414480307672871,0.0,1.0,0.0,1,-1.0,0.0,1.0,-0.9963,-0.0,-0.0012,-0.0,1.0,1.0,2.0,1.0,156852800.0,153144900.0,142228100.0,213738500.0,0.9963,0.0,0.0012,0.0,0.0,0.2576,0.0186,0.0143,0.04205165790750898,190227610.0
2023-03-06,BRK-B,1,4889800,0.0155361414083195,0.0,0.0001,0.9999,1,-0.0001,0.0226,0.0001,0.0203,-0.0002,-0.0007,,2.0,1.0,1.0,,4736800.0,2720500.0,3031200.0,,0.0221,0.0002,0.0008,,0.9586,0.0057,0.0863,,,
2023-03-06,GOOGL,1,32639300,0.0209530024573597,0.9907,0.0,0.0093,1,0.9907,1.0,0.9907,-0.1581,-0.0031,0.5694,-0.9939,1.0,1.0,1.0,1.0,32204400.0,30884000.0,42462600.0,54980700.0,0.1581,0.0031,0.5759,0.9939,0.0,0.0018,0.9944,0.0,0.019162444848625018,50316690.0
2023-03-06,JPM,0,9261300,0.0096206748503586,0.0203,0.3122,0.6675,2,-0.2919,0.0609,0.3325,0.0013,0.325,0.9922,-0.0001,1.0,1.0,1.0,1.0,9126900.0,8068000.0,8165300.0,8406200.0,0.0013,0.3265,0.993,0.0002,0.9996,0.9976,0.9996,0.0683,0.014887161065238536,10076900.0
2023-03-06,TSLA,0,128100100,0.0317316574231888,0.4999,0.0,0.5001,2,0.4999,0.9999,0.4999,-1.0,-0.9963,-0.0,1.0,1.0,1.0,1.0,1.0,181500700.0,156852800.0,153144900.0,146360000.0,1.0,0.9963,0.0,1.0,0.0,0.0,0.2576,1.0,0.034478021164737645,187732505.0
2023-03-07,META,0,36701500,0.0335979158916166,0.0114,0.6214,0.3672,1,-0.61,0.0181,0.6328,-0.8642,-0.0247,-0.5372,-0.2445,1.0,2.0,1.0,1.0,30998400.0,19277000.0,24171300.0,76809700.0,0.8907,0.9688,0.5388,0.368,0.0149,0.4873,0.0015,0.1678,0.01926429241529253,41588133.333333336
2023-03-08,AAPL,1,47204800,0.0107322780960035,1.0,0.0,0.0,1,1.0,1.0,1.0,0.0,0.0026,-1.0,-0.0,2.0,1.0,1.0,1.0,50547000.0,57450700.0,56007100.0,69858300.0,1.0,0.0032,1.0,0.0,0.5,0.9019,0.0,0.0735,0.01889173706285966,74281476.92307693
2023-03-08,AMZN,1,44899100,0.0212606612843027,0.0,0.0008,0.9992,1,-0.0007,0.0036,0.0008,-0.0934,-0.3311,-0.0002,-0.9951,2.0,3.0,1.0,1.0,55509400.0,47470300.0,56580400.0,47957600.0,0.0934,0.3312,0.0002,0.996,0.0001,0.0001,0.0473,0.0004,0.020339836406264848,73213931.57894737
2023-03-09,AAPL,0,53833600,0.0280671895488222,0.0,0.0,1.0,1,-0.0,0.0124,0.0,1.0,0.0,0.0026,1.0,1.0,2.0,1.0,1.0,47204800.0,50547000.0,57450700.0,64120100.0,1.0,1.0,0.0032,1.0,1.0,0.5,0.9019,1.0,0.018150751657282135,72347428.57142857
2023-03-09,AMZN,0,56218700,0.0430187741905271,0.5,0.0,0.5,2,0.4999,0.9999,0.5,-0.0007,-0.0934,-0.3311,0.5694,1.0,2.0,3.0,1.0,44899100.0,55509400.0,47470300.0,56339200.0,0.0008,0.0934,0.3312,0.5759,0.0036,0.0001,0.0001,0.9944,0.0198334602830463,71798190.0
2023-03-14,META,1,41642600,0.0413690675438534,0.0014,0.0119,0.9867,2,-0.0105,0.108,0.0133,-0.61,-0.8642,-0.0247,0.0087,1.0,1.0,2.0,1.0,36701500.0,30998400.0,19277000.0,33433600.0,0.6328,0.8907,0.9688,0.0088,0.0181,0.0149,0.4873,0.9905,0.02039167254466452,41282718.75
2023-03-16,BRK-B,1,6325700,0.0306036625625086,0.9965,0.0,0.0035,1,0.9965,1.0,0.9965,-0.0001,0.0203,-0.0002,-0.0,1.0,2.0,1.0,1.0,4889800.0,4736800.0,2720500.0,3549900.0,0.0001,0.0221,0.0002,0.0,0.0226,0.9586,0.0057,0.0303,0.006067566722604663,3785640.0
2023-03-16,TSLA,1,121136800,0.0386427976347986,0.0,0.0,1.0,1,-0.0,0.0419,0.0,0.4999,-1.0,-0.9963,-0.0012,2.0,1.0,1.0,2.0,128100100.0,181500700.0,156852800.0,142228100.0,0.4999,1.0,0.9963,0.0012,0.9999,0.0,0.0,0.0186,0.035562683672153664,186238195.0
2023-03-17,AAPL,0,98944600,0.0157611909598128,0.0006,0.9975,0.0019,1,-0.9968,0.0006,0.9981,-0.0,1.0,0.0,-1.0,1.0,1.0,2.0,1.0,53833600.0,47204800.0,50547000.0,56007100.0,0.0,1.0,1.0,1.0,0.0124,1.0,0.5,0.0,0.018236643450750305,71113173.33333333
2023-03-17,GOOGL,1,61028500,0.0273289228544648,0.0,0.0007,0.9993,2,-0.0007,0.0352,0.0007,0.9907,-0.1581,-0.0031,-0.0029,1.0,1.0,1.0,2.0,32639300.0,32204400.0,30884000.0,50169000.0,0.9907,0.1581,0.0031,0.0029,1.0,0.0,0.0018,0.0025,0.01823009326250719,48709654.54545455
2023-03-17,MSFT,1,69527400,0.0251921907641392,0.0,0.0,1.0,1,-0.0,0.0135,0.0,-0.4967,0.5694,-0.0001,0.4998,2.0,1.0,2.0,2.0,21190000.0,29603600.0,28922400.0,54686000.0,0.4968,0.5759,0.0001,0.4999,0.0001,0.9944,0.0216,0.9999,0.016683712599534,36271690.0
2023-03-20,AMZN,0,62388900,0.0282492257416892,0.0104,0.0144,0.9752,3,-0.004,0.4189,0.0248,0.4999,-0.0007,-0.0934,-0.0002,2.0,1.0,2.0,1.0,56218700.0,44899100.0,55509400.0,56580400.0,0.5,0.0008,0.0934,0.0002,0.9999,0.0036,0.0001,0.0473,0.020521407693453807,70773825.0
2023-03-20,JPM,1,22875500,0.027246233110299,0.0175,0.0001,0.9824,2,0.0173,0.9924,0.0176,-0.2919,0.0013,0.325,-0.9945,2.0,1.0,1.0,1.0,9261300.0,9126900.0,8068000.0,6728300.0,0.3325,0.0013,0.3265,0.9946,0.0609,0.9996,0.9976,0.0,0.01474598232884085,10025925.0
2023-03-20,META,0,25186300,0.0288190313574734,0.0,0.4999,0.5,2,-0.4999,0.0001,0.5,-0.0105,-0.61,-0.8642,-0.5372,2.0,1.0,1.0,1.0,41642600.0,36701500.0,30998400.0,24171300.0,0.0133,0.6328,0.8907,0.5388,0.108,0.0181,0.0149,0.0015,0.02078942760337837,41303888.23529412
2023-03-21,AAPL,1,73938300,0.0181795097711725,0.0,0.9726,0.0274,1,-0.9725,0.0,0.9726,-0.9968,-0.0,1.0,0.0026,1.0,1.0,1.0,1.0,98944600.0,53833600.0,47204800.0,57450700.0,0.9981,0.0,1.0,0.0032,0.0006,0.0124,1.0,0.9019,0.017687245712735455,72852637.5
2023-03-21,BRK-B,0,4724000,0.0110979935313475,0.0196,0.0047,0.9757,1,0.0149,0.8067,0.0243,0.9965,-0.0001,0.0203,-0.0007,1.0,1.0,2.0,1.0,6325700.0,4889800.0,4736800.0,3031200.0,0.9965,0.0001,0.0221,0.0008,1.0,0.0226,0.9586,0.0863,0.008486180066335247,4208983.333333333
2023-03-21,GOOGL,1,42110300,0.0383209605275846,0.0009,0.8039,0.1953,1,-0.803,0.0011,0.8047,-0.0007,0.9907,-0.1581,0.5694,2.0,1.0,1.0,1.0,61028500.0,32639300.0,32204400.0,42462600.0,0.0007,0.9907,0.1581,0.5759,0.0352,1.0,0.0,0.9944,0.017464042647353958,49736225.0
2023-03-21,JPM,0,17807800,0.0117925823517768,0.0001,0.0024,0.9976,2,-0.0023,0.0216,0.0024,0.0173,-0.2919,0.0013,0.9922,2.0,2.0,1.0,1.0,22875500.0,9261300.0,9126900.0,8165300.0,0.0176,0.3325,0.0013,0.993,0.9924,0.0609,0.9996,0.9996,0.014369930980923479,10781782.352941176
2023-03-21,META,0,31827000,0.0275590855689926,0.0001,0.9832,0.0167,2,-0.9831,0.0001,0.9833,-0.4999,-0.0105,-0.61,-0.0247,2.0,2.0,1.0,2.0,25186300.0,41642600.0,36701500.0,19277000.0,0.5,0.0133,0.6328,0.9688,0.0001,0.108,0.0181,0.4873,0.020381020385883134,40408466.666666664
2023-03-21,MSFT,0,34558700,0.019936011674128,0.0,0.9726,0.0274,1,-0.9725,0.0,0.9726,-0.0,-0.4967,0.5694,1.0,1.0,2.0,1.0,1.0,69527400.0,21190000.0,29603600.0,25818500.0,0.0,0.4968,0.5759,1.0,0.0135,0.0001,0.9944,1.0,0.01582913716302783,39294936.36363637
2023-03-22,AAPL,0,75701800,0.0271814296804993,0.0,0.0,1.0,1,0.0,0.8812,0.0,-0.9725,-0.9968,-0.0,0.0,1.0,1.0,1.0,2.0,73938300.0,98944600.0,53833600.0,50547000.0,0.9726,0.9981,0.0,1.0,0.0,0.0006,0.0124,0.5,0.01743698960729738,72916500.0
2023-03-22,BRK-B,0,3086300,0.0243645260988493,0.0,0.0,0.9999,1,0.0,0.7067,0.0001,0.0149,0.9965,-0.0001,-0.0002,1.0,1.0,1.0,1.0,4724000.0,6325700.0,4889800.0,2720500.0,0.0243,0.9965,0.0001,0.0002,0.8067,1.0,0.0226,0.0057,0.008322099259360134,4282557.142857143
2023-03-22,GOOGL,0,43427400,0.0312649334591949,0.0,0.0,1.0,1,0.0,0.878,0.0,-0.803,-0.0007,0.9907,-0.0031,1.0,2.0,1.0,1.0,42110300.0,61028500.0,32639300.0,30884000.0,0.8047,0.0007,0.9907,0.0031,0.0011,0.0352,1.0,0.0018,0.0184430425874156,49149615.384615384
2023-03-22,JPM,0,17250200,0.027420357674624,0.0,0.0,1.0,1,0.0,0.5405,0.0,-0.0023,0.0173,-0.2919,0.325,2.0,2.0,2.0,1.0,17807800.0,22875500.0,9261300.0,8068000.0,0.0024,0.0176,0.3325,0.3265,0.0216,0.9924,0.0609,0.9976,0.014061400723367187,11172116.666666666
2023-03-22,META,0,28477800,0.0380246762876157,0.0001,0.0,0.9998,1,0.0001,0.8953,0.0002,-0.9831,-0.4999,-0.0105,-0.8642,2.0,2.0,2.0,1.0,31827000.0,25186300.0,41642600.0,30998400.0,0.9833,0.5,0.0133,0.8907,0.0001,0.0001,0.108,0.0149,0.02004744954529319,39956810.526315786
2023-03-22,TSLA,0,150376400,0.0487205547676057,0.2206,0.0048,0.7747,2,0.2158,0.9789,0.2253,-0.0,0.4999,-1.0,-0.0,1.0,2.0,1.0,1.0,121136800.0,128100100.0,181500700.0,153144900.0,0.0,0.4999,1.0,0.0,0.0419,0.9999,0.0,0.2576,0.030410625432412564,181249480.0
2023-03-23,META,1,27389700,0.0282489207739041,0.9763,0.0,0.0237,1,0.9762,1.0,0.9763,0.0001,-0.9831,-0.4999,-0.61,1.0,2.0,2.0,1.0,28477800.0,31827000.0,25186300.0,36701500.0,0.0002,0.9833,0.5,0.6328,0.8953,0.0001,0.0001,0.0181,0.020067454634940474,39382860.0
2023-03-24,AAPL,1,59196500,0.0156741169885955,1.0,0.0,0.0,1,1.0,1.0,1.0,0.0,-0.9725,-0.9968,1.0,1.0,1.0,1.0,1.0,75701800.0,73938300.0,98944600.0,47204800.0,0.0,0.9726,0.9981,1.0,0.8812,0.0,0.0006,1.0,0.017047562783759074,73071238.8888889
2023-03-24,AMZN,1,56095400,0.0193739322095579,0.0,0.0,1.0,1,-0.0,0.0466,0.0,-0.004,0.4999,-0.0007,-0.3311,3.0,2.0,1.0,3.0,62388900.0,56218700.0,44899100.0,47470300.0,0.0248,0.5,0.0008,0.3312,0.4189,0.9999,0.0036,0.0001,0.02027315947533411,70505440.0
2023-03-24,MSFT,1,28172000,0.0192973823833739,1.0,0.0,0.0,1,1.0,1.0,1.0,-0.9725,-0.0,-0.4967,-0.0001,1.0,1.0,2.0,2.0,34558700.0,69527400.0,21190000.0,28922400.0,0.9726,0.0,0.4968,0.0001,0.0,0.0135,0.0001,0.0216,0.015248330367489748,38900250.0
2023-03-24,TSLA,0,116312400,0.0271850085039984,1.0,0.0,0.0,1,1.0,1.0,1.0,0.2158,-0.0,0.4999,-0.9963,2.0,1.0,2.0,1.0,150376400.0,121136800.0,128100100.0,156852800.0,0.2253,0.0,0.4999,0.9963,0.9789,0.0419,0.9999,0.0,0.03288229432267181,179254100.0
2023-03-27,AAPL,0,52390300,0.0181318563899349,0.0,0.0001,0.9999,1,-0.0001,0.0727,0.0001,1.0,0.0,-0.9725,-0.0,1.0,1.0,1.0,1.0,59196500.0,75701800.0,73938300.0,53833600.0,1.0,0.0,0.9726,0.0,1.0,0.8812,0.0,0.0124,0.016710573540711218,72340989.4736842
2023-03-27,AMZN,0,46721300,0.0228120976460851,0.0,0.0011,0.9989,1,-0.0011,0.0077,0.0011,-0.0,-0.004,0.4999,-0.0934,1.0,3.0,2.0,2.0,56095400.0,62388900.0,56218700.0,55509400.0,0.0,0.0248,0.5,0.0934,0.0466,0.4189,0.9999,0.0001,0.018837866367258253,69672460.0
2023-03-27,JPM,1,18853900,0.0243710382914489,0.0,0.9998,0.0002,1,-0.9998,0.0,0.9998,0.0,-0.0023,0.0173,0.0013,1.0,2.0,2.0,1.0,17250200.0,17807800.0,22875500.0,9126900.0,0.0,0.0024,0.0176,0.0013,0.5405,0.0216,0.9924,0.9996,0.015615927288429652,11492015.789473685
2023-03-27,MSFT,0,26840200,0.0211764792920009,0.0,0.0001,0.9999,1,-0.0001,0.0727,0.0001,1.0,-0.9725,-0.0,0.5694,1.0,1.0,1.0,1.0,28172000.0,34558700.0,69527400.0,29603600.0,1.0,0.9726,0.0,0.5759,1.0,0.0,0.0135,0.9944,0.014816110083403413,38075000.0
2023-03-28,AMZN,0,38720100,0.0219141933799157,0.0084,0.4646,0.527,2,-0.4563,0.0177,0.473,-0.0011,-0.0,-0.004,-0.0007,1.0,1.0,3.0,1.0,46721300.0,56095400.0,62388900.0,44899100.0,0.0011,0.0,0.0248,0.0008,0.0077,0.0466,0.4189,0.0036,0.018342994420801815,68030005.0
2023-03-28,JPM,1,10820500,0.0124310340351238,0.0,0.0001,0.9999,1,-0.0001,0.0716,0.0001,-0.9998,0.0,-0.0023,-0.2919,1.0,1.0,2.0,2.0,18853900.0,17250200.0,17807800.0,9261300.0,0.9998,0.0,0.0024,0.3325,0.0,0.5405,0.0216,0.0609,0.015306621424666633,11860110.0
2023-03-29,AMZN,1,49783300,0.0188469000338293,0.0,0.051,0.949,1,-0.051,0.0004,0.051,-0.4563,-0.0011,-0.0,0.4999,2.0,1.0,1.0,2.0,38720100.0,46721300.0,56095400.0,56218700.0,0.473,0.0011,0.0,0.5,0.0177,0.0077,0.0466,0.9999,0.01739876323690227,66591935.0
2023-03-29,META,1,18851100,0.0156219688185786,0.5102,0.4741,0.0157,2,0.0361,0.5183,0.9843,0.9762,0.0001,-0.9831,-0.0105,1.0,1.0,2.0,2.0,27389700.0,28477800.0,31827000.0,41642600.0,0.9763,0.0002,0.9833,0.0133,1.0,0.8953,0.0001,0.108,0.019956223073454654,38975920.0
2023-03-30,META,1,22608300,0.0259120311099826,0.0005,0.9966,0.0029,1,-0.9961,0.0005,0.9971,0.0361,0.9762,0.0001,-0.4999,2.0,1.0,1.0,2.0,18851100.0,27389700.0,28477800.0,25186300.0,0.9843,0.9763,0.0002,0.5,0.5183,1.0,0.8953,0.0001,0.019907947754580105,38298620.0
2023-03-31,BRK-B,1,5020200,0.0124877652842038,0.0,0.0003,0.9997,1,-0.0002,0.0716,0.0003,0.0,0.0149,0.9965,0.0203,1.0,1.0,1.0,2.0,3086300.0,4724000.0,6325700.0,4736800.0,0.0001,0.0243,0.9965,0.0221,0.7067,0.8067,1.0,0.9586,0.00992619721205791,4133025.0
2023-03-31,JPM,1,13105200,0.0114915177563767,0.0001,0.0736,0.9263,1,-0.0735,0.0019,0.0737,-0.0001,-0.9998,0.0,0.0173,1.0,1.0,1.0,2.0,10820500.0,18853900.0,17250200.0,22875500.0,0.0001,0.9998,0.0,0.0176,0.0716,0.0,0.5405,0.9924,0.015338115498627484,11948700.0
2023-03-31,META,1,25440300,0.0260567156598657,0.5,0.0001,0.4999,2,0.4999,0.9997,0.5001,-0.9961,0.0361,0.9762,-0.9831,1.0,2.0,1.0,2.0,22608300.0,18851100.0,27389700.0,31827000.0,0.9971,0.9843,0.9763,0.9833,0.0005,0.5183,1.0,0.0001,0.020199277757159424,38049810.0
2023-03-31,MSFT,1,32766000,0.0220984343245029,0.0,0.0003,0.9997,1,-0.0002,0.0716,0.0003,-0.0001,1.0,-0.9725,-0.4967,1.0,1.0,1.0,2.0,26840200.0,28172000.0,34558700.0,21190000.0,0.0001,1.0,0.9726,0.4968,0.0727,1.0,0.0,0.0001,0.015050926868531756,37272514.28571428
2023-04-03,AAPL,1,56976200,0.0126011567029386,0.0,0.9999,0.0001,1,-0.9999,0.0,0.9999,-0.0001,1.0,0.0,-0.9968,1.0,1.0,1.0,1.0,52390300.0,59196500.0,75701800.0,98944600.0,0.0001,1.0,0.0,0.9981,0.0727,1.0,0.8812,0.0006,0.016421244261697415,71343455.0
2023-04-03,BRK-B,1,4862300,0.0105416645614389,0.0252,0.896,0.0789,1,-0.8708,0.0273,0.9211,-0.0002,0.0,0.0149,-0.0001,1.0,1.0,1.0,1.0,5020200.0,3086300.0,4724000.0,4889800.0,0.0003,0.0001,0.0243,0.0001,0.0716,0.7067,0.8067,0.0226,0.009576305857166964,4231600.0
2023-04-04,GOOGL,1,24420100,0.0147608634956333,0.0004,0.0116,0.988,1,-0.0112,0.0326,0.012,0.0,-0.803,-0.0007,-0.1581,1.0,1.0,2.0,1.0,43427400.0,42110300.0,61028500.0,32204400.0,0.0,0.8047,0.0007,0.1581,0.878,0.0011,0.0352,0.0,0.018431001561436327,48740885.71428572
2023-04-04,JPM,0,11579900,0.0243677599676725,0.0,0.2726,0.7273,3,-0.2726,0.0001,0.2727,-0.0735,-0.0001,-0.9998,-0.0023,1.0,1.0,1.0,2.0,13105200.0,10820500.0,18853900.0,17807800.0,0.0737,0.0001,0.9998,0.0024,0.0019,0.0716,0.0,0.0216,0.015338412651310692,12168775.0
2023-04-04,META,1,21026400,0.0173392015446563,0.0,0.0,0.9999,1,-0.0,0.3858,0.0001,0.4999,-0.9961,0.0361,0.0001,2.0,1.0,2.0,1.0,25440300.0,22608300.0,18851100.0,28477800.0,0.5001,0.9971,0.9843,0.0002,0.9997,0.0005,0.5183,0.8953,0.019889102853823972,37989370.0
2023-04-05,AAPL,0,51511700,0.0197280556733674,1.0,0.0,0.0,1,1.0,1.0,1.0,-0.9999,-0.0001,1.0,-0.9725,1.0,1.0,1.0,1.0,56976200.0,52390300.0,59196500.0,73938300.0,0.9999,0.0001,1.0,0.9726,0.0,0.0727,1.0,0.0,0.01377433099002847,68586390.0
2023-04-05,AMZN,0,45175400,0.0304109667090856,0.9974,0.0001,0.0025,1,0.9974,0.9999,0.9975,-0.051,-0.4563,-0.0011,-0.004,1.0,2.0,1.0,3.0,49783300.0,38720100.0,46721300.0,62388900.0,0.051,0.473,0.0011,0.0248,0.0004,0.0177,0.0077,0.4189,0.017320439462848346,65734625.0
2023-04-05,MSFT,0,22064800,0.0147979023209056,0.9974,0.0001,0.0025,1,0.9974,0.9999,0.9975,-0.0002,-0.0001,1.0,-0.0,1.0,1.0,1.0,1.0,32766000.0,26840200.0,28172000.0,69527400.0,0.0003,0.0001,1.0,0.0,0.0716,0.0727,1.0,0.0135,0.014935304763787937,36972080.0
2023-04-06,AAPL,1,45390100,0.0182232767797725,0.002,0.0293,0.9686,1,-0.0273,0.0651,0.0314,1.0,-0.9999,-0.0001,0.0,1.0,1.0,1.0,1.0,51511700.0,56976200.0,52390300.0,75701800.0,1.0,0.9999,0.0001,0.0,1.0,0.0,0.0727,0.8812,0.012321422667907794,66774240.0
2023-04-06,AMZN,1,43808000,0.0256078828948898,0.0002,0.9996,0.0002,1,-0.9993,0.0002,0.9998,0.9974,-0.051,-0.4563,-0.0,1.0,1.0,2.0,1.0,45175400.0,49783300.0,38720100.0,56095400.0,0.9975,0.051,0.473,0.0,0.9999,0.0004,0.0177,0.0466,0.015628720906060923,63280315.0
2023-04-06,JPM,1,8760200,0.009606308824434,0.02,0.0002,0.9798,1,0.0197,0.9883,0.0202,-0.2726,-0.0735,-0.0001,0.0,3.0,1.0,1.0,1.0,11579900.0,13105200.0,10820500.0,17250200.0,0.2727,0.0737,0.0001,0.0,0.0001,0.0019,0.0716,0.5405,0.015957470657498377,12197685.0
2023-04-06,META,1,26104400,0.039617723034274,0.0002,0.0003,0.9995,1,-0.0002,0.316,0.0005,-0.0,0.4999,-0.9961,0.9762,1.0,2.0,1.0,1.0,21026400.0,25440300.0,22608300.0,27389700.0,0.0001,0.5001,0.9971,0.9763,0.3858,0.9997,0.0005,1.0,0.01801322581530367,37606470.0
2023-04-10,BRK-B,1,2330900,0.0108218284420375,0.0402,0.8263,0.1335,1,-0.786,0.0464,0.8665,-0.8708,-0.0002,0.0,0.9965,1.0,1.0,1.0,1.0,4862300.0,5020200.0,3086300.0,6325700.0,0.9211,0.0003,0.0001,0.9965,0.0273,0.0716,0.7067,1.0,0.009029109932215422,4294670.0
2023-04-13,AMZN,1,67925100,0.0390096081798831,0.0007,0.2128,0.7865,5,-0.2121,0.0032,0.2135,-0.9993,0.9974,-0.051,-0.0011,1.0,1.0,1.0,1.0,43808000.0,45175400.0,49783300.0,46721300.0,0.9998,0.9975,0.051,0.0011,0.0002,0.9999,0.0004,0.0077,0.01474932076086286,61081935.0
2023-04-13,BRK-B,1,3323300,0.0176039204059096,0.0,0.0001,0.9999,2,-0.0001,0.1826,0.0001,-0.786,-0.8708,-0.0002,0.0149,1.0,1.0,1.0,1.0,2330900.0,4862300.0,5020200.0,4724000.0,0.8665,0.9211,0.0003,0.0243,0.0464,0.0273,0.0716,0.8067,0.008568542726529831,4116145.4545454546
2023-04-13,JPM,1,12450200,0.0172037314305975,0.9591,0.0072,0.0337,1,0.952,0.9926,0.9663,0.0197,-0.2726,-0.0735,-0.9998,1.0,3.0,1.0,1.0,8760200.0,11579900.0,13105200.0,18853900.0,0.0202,0.2727,0.0737,0.9998,0.9883,0.0001,0.0019,0.0,0.010838959483973235,11625695.0
2023-04-14,BRK-B,1,2975400,0.0117909297654561,0.713,0.0003,0.2867,1,0.7127,0.9996,0.7133,-0.0001,-0.786,-0.8708,0.0,2.0,1.0,1.0,1.0,3323300.0,2330900.0,4862300.0,3086300.0,0.0001,0.8665,0.9211,0.0001,0.1826,0.0464,0.0273,0.7067,0.008327628249982873,4050075.0
2023-04-14,JPM,1,43931300,0.0312245757401613,0.9998,0.0,0.0001,3,0.9998,1.0,0.9999,0.952,0.0197,-0.2726,-0.0001,1.0,1.0,3.0,1.0,12450200.0,8760200.0,11579900.0,10820500.0,0.9663,0.0202,0.2727,0.0001,0.9926,0.9883,0.0001,0.0716,0.01078182378376417,11533560.0
2023-04-14,UNH,0,4872000,0.0359003644336685,0.1536,0.8446,0.0019,2,-0.691,0.1539,0.9981,1.0,-1.0,-0.0006,,1.0,1.0,1.0,,3418100.0,3394600.0,5440100.0,,1.0,1.0,0.0007,,1.0,0.0,0.0346,,,
2023-04-17,AAPL,1,41516200,0.0082379347054321,0.0025,0.0791,0.9184,1,-0.0765,0.0309,0.0816,-0.0273,1.0,-0.9999,1.0,1.0,1.0,1.0,1.0,45390100.0,51511700.0,56976200.0,59196500.0,0.0314,1.0,0.9999,1.0,0.0651,1.0,0.0,1.0,0.01265594125803989,65474765.0
2023-04-17,GOOGL,1,37571200,0.0156698544014737,0.0,0.0001,0.9999,1,-0.0001,0.0276,0.0001,-0.0112,0.0,-0.803,0.9907,1.0,1.0,1.0,1.0,24420100.0,43427400.0,42110300.0,32639300.0,0.012,0.0,0.8047,0.9907,0.0326,0.878,0.0011,1.0,0.01781223602802035,47119500.0
2023-04-17,TSLA,1,116662200,0.0375697709576576,0.203,0.3652,0.4318,1,-0.1622,0.3572,0.5682,1.0,0.2158,-0.0,-1.0,1.0,2.0,1.0,1.0,116312400.0,150376400.0,121136800.0,181500700.0,1.0,0.2253,0.0,1.0,1.0,0.9789,0.0419,0.0,0.03315536560650065,176599675.0
2023-04-18,AMZN,0,39790500,0.0257816294743153,0.0,0.0001,0.9999,1,-0.0001,0.0065,0.0001,-0.2121,-0.9993,0.9974,-0.4563,5.0,1.0,1.0,2.0,67925100.0,43808000.0,45175400.0,38720100.0,0.2135,0.9998,0.9975,0.473,0.0032,0.0002,0.9999,0.0177,0.0163598477522959,60943595.0
2023-04-18,BRK-B,0,3581200,0.009909220186924,0.0,0.0,1.0,1,-0.0,0.17,0.0,0.7127,-0.0001,-0.786,-0.0002,1.0,2.0,1.0,1.0,2975400.0,3323300.0,2330900.0,5020200.0,0.7133,0.0001,0.8665,0.0003,0.9996,0.1826,0.0464,0.0716,0.007978195725867112,3967407.6923076925
2023-04-19,TSLA,1,125732700,0.0326633495486005,0.0009,0.9991,0.0,1,-0.9982,0.0009,1.0,-0.1622,1.0,0.2158,0.4999,1.0,1.0,2.0,2.0,116662200.0,116312400.0,150376400.0,128100100.0,0.5682,1.0,0.2253,0.4999,0.3572,1.0,0.9789,0.9999,0.031381141330754786,172276825.0
2023-04-20,MSFT,1,23244400,0.0138475449852102,0.0003,0.0,0.9997,1,0.0002,0.9141,0.0003,0.9974,-0.0002,-0.0001,-0.9725,1.0,1.0,1.0,1.0,22064800.0,32766000.0,26840200.0,34558700.0,0.9975,0.0003,0.0001,0.9726,0.9999,0.0716,0.0727,0.0,0.014584527083244023,36040375.0
2023-04-20,TSLA,0,210970800,0.0550039085897791,0.0494,0.0023,0.9484,2,0.0471,0.9561,0.0516,-0.9982,-0.1622,1.0,-0.0,1.0,1.0,1.0,1.0,125732700.0,116662200.0,116312400.0,121136800.0,1.0,0.5682,1.0,0.0,0.0009,0.3572,1.0,0.0419,0.03132105835319745,168926745.0
2023-04-21,GOOGL,0,25800100,0.0115672817538911,0.0,0.0,1.0,1,-0.0,0.2878,0.0,-0.0001,-0.0112,0.0,-0.0007,1.0,1.0,1.0,2.0,37571200.0,24420100.0,43427400.0,61028500.0,0.0001,0.012,0.0,0.0007,0.0276,0.0326,0.878,0.0352,0.017235535687290235,46522731.25
2023-04-24,GOOGL,1,23542800,0.0182955763035297,0.0001,0.0,0.9999,1,0.0001,0.9175,0.0001,-0.0,-0.0001,-0.0112,-0.803,1.0,1.0,1.0,1.0,25800100.0,37571200.0,24420100.0,42110300.0,0.0,0.0001,0.012,0.8047,0.2878,0.0276,0.0326,0.0011,0.016844904670871248,45303752.941176474
2023-04-25,GOOGL,0,46664100,0.0269300392535696,0.0005,0.0,0.9995,1,0.0005,0.9865,0.0005,0.0001,-0.0,-0.0001,0.0,1.0,1.0,1.0,1.0,23542800.0,25800100.0,37571200.0,43427400.0,0.0001,0.0,0.0001,0.0,0.9175,0.2878,0.0276,0.878,0.01636616897877465,44094811.11111111
2023-04-25,JPM,0,10629300,0.0166905567993096,1.0,0.0,0.0,1,1.0,1.0,1.0,0.9998,0.952,0.0197,-0.0735,3.0,1.0,1.0,1.0,43931300.0,12450200.0,8760200.0,13105200.0,0.9999,0.9663,0.0202,0.0737,1.0,0.9926,0.9883,0.0019,0.011881303380169957,13064955.0
2023-04-26,META,0,41992700,0.0246117446001837,0.4999,0.5,0.0001,2,-0.0001,0.4999,0.9999,-0.0002,-0.0,0.4999,0.0361,1.0,1.0,2.0,2.0,26104400.0,21026400.0,25440300.0,18851100.0,0.0005,0.0001,0.5001,0.9843,0.316,0.3858,0.9997,0.5183,0.018841631803200375,37640540.0
2023-04-26,MSFT,0,64599200,0.0230535761930397,0.9968,0.0002,0.003,2,0.9966,0.9998,0.997,0.0002,0.9974,-0.0002,1.0,1.0,1.0,1.0,1.0,23244400.0,22064800.0,32766000.0,28172000.0,0.0003,0.9975,0.0003,1.0,0.9141,0.9999,0.0716,1.0,0.014121632108790522,35287670.5882353
2023-04-26,TSLA,0,153364100,0.0469773478987868,0.0,1.0,0.0,1,-1.0,0.0,1.0,0.0471,-0.9982,-0.1622,0.2158,2.0,1.0,1.0,2.0,210970800.0,125732700.0,116662200.0,150376400.0,0.0516,1.0,0.5682,0.2253,0.9561,0.0009,0.3572,0.9789,0.030155530727233763,169634610.0
2023-04-27,META,0,71196500,0.0205093925610208,0.4731,0.0005,0.5264,2,0.4727,0.999,0.4736,-0.0001,-0.0002,-0.0,-0.9961,2.0,1.0,1.0,1.0,41992700.0,26104400.0,21026400.0,22608300.0,0.9999,0.0005,0.0001,0.9971,0.4999,0.316,0.3858,0.0005,0.01901562639006306,38305745.0
2023-04-28,AAPL,1,55275900,0.0116920954150185,1.0,0.0,0.0,1,1.0,1.0,1.0,-0.0765,-0.0273,1.0,-0.0001,1.0,1.0,1.0,1.0,41516200.0,45390100.0,51511700.0,52390300.0,0.0816,0.0314,1.0,0.0001,0.0309,0.0651,1.0,0.0727,0.011681464055020062,63462560.0
2023-04-28,META,1,39554000,0.0195807404850905,0.5,0.0009,0.4991,2,0.4991,0.9983,0.5009,0.4727,-0.0001,-0.0002,0.4999,2.0,2.0,1.0,2.0,71196500.0,41992700.0,26104400.0,25440300.0,0.4736,0.9999,0.0005,0.5001,0.999,0.4999,0.316,0.9997,0.018531585349981092,40463565.0
2023-04-28,MSFT,1,36469600,0.0184862173502778,1.0,0.0,0.0,2,1.0,1.0,1.0,0.9966,0.0002,0.9974,-0.0001,2.0,1.0,1.0,1.0,64599200.0,23244400.0,22064800.0,26840200.0,0.997,0.0003,0.9975,0.0001,0.9998,0.9141,0.9999,0.0727,0.01380437360934274,36916088.88888889
2023-05-01,JPM,0,20415800,0.0178545858583649,0.1401,0.2832,0.5767,7,-0.1431,0.331,0.4233,1.0,0.9998,0.952,-0.2726,1.0,3.0,1.0,3.0,10629300.0,43931300.0,12450200.0,11579900.0,1.0,0.9999,0.9663,0.2727,1.0,1.0,0.9926,0.0001,0.012194497240241641,13072065.0
2023-05-01,MSFT,0,21294100,0.011238923000006,0.9929,0.0002,0.007,1,0.9927,0.9998,0.993,1.0,0.9966,0.0002,-0.0002,2.0,2.0,1.0,1.0,36469600.0,64599200.0,23244400.0,32766000.0,1.0,0.997,0.0003,0.0003,1.0,0.9998,0.9141,0.0716,0.013552620524631655,36892589.473684214
2023-05-03,GOOGL,0,21795400,0.023974214048728,0.0,1.0,0.0,1,-1.0,0.0,1.0,0.0005,0.0001,-0.0,-0.0112,1.0,1.0,1.0,1.0,46664100.0,23542800.0,25800100.0,24420100.0,0.0005,0.0001,0.0,0.012,0.9865,0.9175,0.2878,0.0326,0.017054153724621886,44230036.84210526
2023-05-04,AMZN,0,45345500,0.0199923280733482,0.5009,0.0481,0.4511,2,0.4528,0.9124,0.5489,-0.0001,-0.2121,-0.9993,-0.051,1.0,5.0,1.0,1.0,39790500.0,67925100.0,43808000.0,49783300.0,0.0001,0.2135,0.9998,0.051,0.0065,0.0032,0.0002,0.0004,0.01650086674255122,59606755.0
2023-05-04,BRK-B,0,3185600,0.0265272894740963,0.9374,0.0083,0.0543,1,0.9291,0.9912,0.9457,-0.0,0.7127,-0.0001,-0.8708,1.0,1.0,2.0,1.0,3581200.0,2975400.0,3323300.0,4862300.0,0.0,0.7133,0.0001,0.9211,0.17,0.9996,0.1826,0.0273,0.007763139822569155,3939821.4285714286
2023-05-04,GOOGL,0,23419500,0.0154516758595723,0.0002,0.1978,0.802,1,-0.1977,0.0009,0.198,-1.0,0.0005,0.0001,-0.0001,1.0,1.0,1.0,1.0,21795400.0,46664100.0,23542800.0,37571200.0,1.0,0.0005,0.0001,0.0001,0.0,0.9865,0.9175,0.0276,0.01669163755660964,43108305.0
2023-05-04,JPM,0,17089200,0.0289715728185986,0.0001,0.2184,0.7815,3,-0.2183,0.0005,0.2185,-0.1431,1.0,0.9998,0.0197,7.0,1.0,3.0,1.0,20415800.0,10629300.0,43931300.0,8760200.0,0.4233,1.0,0.9999,0.0202,0.331,1.0,1.0,0.9883,0.01204278851841154,13745605.0
2023-05-04,MSFT,0,22519900,0.01423725185533,0.3604,0.0001,0.6396,1,0.3603,0.9998,0.3604,0.9927,1.0,0.9966,0.9974,1.0,2.0,2.0,1.0,21294100.0,36469600.0,64599200.0,22064800.0,0.993,1.0,0.997,0.9975,0.9998,1.0,0.9998,0.9999,0.01329289457181983,36112665.0
2023-05-05,BRK-B,1,3869500,0.0078550490474581,0.0799,0.0004,0.9197,1,0.0795,0.995,0.0803,0.9291,-0.0,0.7127,-0.786,1.0,1.0,1.0,1.0,3185600.0,3581200.0,2975400.0,2330900.0,0.9457,0.0,0.7133,0.8665,0.9912,0.17,0.9996,0.0464,0.008299551670915874,3889540.0
2023-05-05,JPM,1,11261400,0.0144385897497263,0.0001,0.0001,0.9998,1,0.0001,0.6535,0.0002,-0.2183,-0.1431,1.0,0.952,3.0,7.0,1.0,1.0,17089200.0,20415800.0,10629300.0,12450200.0,0.2185,0.4233,1.0,0.9663,0.0005,0.331,1.0,0.9926,0.012151499328156947,14225685.0
2023-05-05,TSLA,1,107607300,0.0443983577794697,0.9984,0.0,0.0015,1,0.9984,1.0,0.9985,-1.0,0.0471,-0.9982,1.0,1.0,2.0,1.0,1.0,153364100.0,210970800.0,125732700.0,116312400.0,1.0,0.0516,1.0,1.0,0.0,0.9561,0.0009,1.0,0.03046233150115361,166612500.0
2023-05-08,BRK-B,0,3302400,0.0149271728224919,0.3333,0.0002,0.6665,3,0.333,0.9993,0.3335,0.0795,0.9291,-0.0,-0.0001,1.0,1.0,1.0,2.0,3869500.0,3185600.0,3581200.0,3323300.0,0.0803,0.9457,0.0,0.0001,0.995,0.9912,0.17,0.1826,0.008020319256812786,3888287.5
2023-05-09,AAPL,0,45326900,0.011210558499886,0.0018,0.0075,0.9907,1,-0.0057,0.1931,0.0093,1.0,-0.0765,-0.0273,-0.9999,1.0,1.0,1.0,1.0,55275900.0,41516200.0,45390100.0,56976200.0,1.0,0.0816,0.0314,0.9999,1.0,0.0309,0.0651,0.0,0.011207511177445098,62904600.0
2023-05-09,BRK-B,0,2283400,0.010465706121176,0.0018,0.0075,0.9907,1,-0.0057,0.1931,0.0093,0.333,0.0795,0.9291,0.7127,3.0,1.0,1.0,1.0,3302400.0,3869500.0,3185600.0,2975400.0,0.3335,0.0803,0.9457,0.7133,0.9993,0.995,0.9912,0.9996,0.008051633206321292,3853823.529411765
2023-05-09,TSLA,1,88965000,0.0192957077508779,0.9798,0.0004,0.0198,1,0.9794,0.9996,0.9802,0.9984,-1.0,0.0471,-0.1622,1.0,1.0,2.0,1.0,107607300.0,153364100.0,210970800.0,116662200.0,0.9985,1.0,0.0516,0.5682,1.0,0.0,0.9561,0.3572,0.03150204572379285,161120450.0
2023-05-10,GOOGL,1,63153400,0.0464017975325337,0.0066,0.0037,0.9897,1,0.0028,0.6371,0.0103,-0.1977,-1.0,0.0005,-0.0,1.0,1.0,1.0,1.0,23419500.0,21795400.0,46664100.0,25800100.0,0.198,1.0,0.0005,0.0,0.0009,0.0,0.9865,0.2878,0.016517850140135716,42823445.0
2023-05-11,AAPL,0,49514700,0.0139200349955947,0.0001,0.0,0.9999,1,0.0001,0.9098,0.0001,-0.0057,1.0,-0.0765,1.0,1.0,1.0,1.0,1.0,45326900.0,55275900.0,41516200.0,51511700.0,0.0093,1.0,0.0816,1.0,0.1931,1.0,0.0309,1.0,0.010914053800000958,61970180.0
2023-05-11,BRK-B,1,2548900,0.0098130650980823,0.0,0.0001,0.9999,1,-0.0001,0.012,0.0001,-0.0057,0.333,0.0795,-0.0,1.0,3.0,1.0,1.0,2283400.0,3302400.0,3869500.0,3581200.0,0.0093,0.3335,0.0803,0.0,0.1931,0.9993,0.995,0.17,0.007822684047948125,3766577.777777778
2023-05-11,JPM,1,7057300,0.0141481752748842,0.0,0.0,1.0,1,-0.0,0.1305,0.0,0.0001,-0.2183,-0.1431,0.9998,1.0,3.0,7.0,3.0,11261400.0,17089200.0,20415800.0,43931300.0,0.0002,0.2185,0.4233,0.9999,0.6535,0.0005,0.331,1.0,0.012153363303666266,14329320.0
2023-05-11,META,1,20449000,0.0253593803249028,0.0006,0.0001,0.9993,1,0.0006,0.8998,0.0007,0.4991,0.4727,-0.0001,-0.0,2.0,2.0,2.0,1.0,39554000.0,71196500.0,41992700.0,21026400.0,0.5009,0.4736,0.9999,0.0001,0.9983,0.999,0.4999,0.3858,0.01733690427671998,39658215.0
2023-05-12,MSFT,0,19774700,0.0130413394048133,0.0,0.0,1.0,1,-0.0,0.2595,0.0,0.3603,0.9927,1.0,0.0002,1.0,1.0,2.0,1.0,22519900.0,21294100.0,36469600.0,23244400.0,0.3604,0.993,1.0,0.0003,0.9998,0.9998,1.0,0.9141,0.012812270143121635,34707490.0
2023-05-15,GOOGL,1,36266800,0.0212729412429519,0.0,0.0,1.0,1,-0.0,0.1534,0.0,0.0028,-0.1977,-1.0,0.0001,1.0,1.0,1.0,1.0,63153400.0,23419500.0,21795400.0,23542800.0,0.0103,0.198,1.0,0.0001,0.6371,0.0009,0.0,0.9175,0.016874279105515633,42821560.0
2023-05-15,UNH,0,2169700,0.0164631592152498,0.0,0.0,1.0,1,-0.0,0.402,0.0,-0.691,1.0,-1.0,0.9864,2.0,1.0,1.0,1.0,4872000.0,3418100.0,3394600.0,4495600.0,0.9981,1.0,1.0,0.9871,0.1539,1.0,0.0,0.9997,0.014107628548492976,4324080.0
2023-05-16,BRK-B,1,2139500,0.0072257556025158,0.0,0.0229,0.9771,2,-0.0229,0.0017,0.0229,-0.0001,-0.0057,0.333,0.9291,1.0,1.0,3.0,1.0,2548900.0,2283400.0,3302400.0,3185600.0,0.0001,0.0093,0.3335,0.9457,0.012,0.1931,0.9993,0.9912,0.0076425120639270275,3702489.4736842103
2023-05-16,TSLA,1,98288800,0.0312103734345808,0.0,0.023,0.977,2,-0.0229,0.0019,0.023,0.9794,0.9984,-1.0,-0.9982,1.0,1.0,1.0,1.0,88965000.0,107607300.0,153364100.0,125732700.0,0.9802,0.9985,1.0,1.0,0.9996,1.0,0.0,0.0009,0.031007012553230406,156535020.0
2023-05-17,JPM,1,12711500,0.0230315655967395,0.0,0.0001,0.9999,1,-0.0001,0.0157,0.0001,-0.0,0.0001,-0.2183,1.0,1.0,1.0,3.0,1.0,7057300.0,11261400.0,17089200.0,10629300.0,0.0,0.0002,0.2185,1.0,0.1305,0.6535,0.0005,1.0,0.011988255756360046,14261875.0
2023-05-17,TSLA,1,125473600,0.0434059580763397,0.0225,0.0891,0.8884,1,-0.0666,0.2017,0.1116,-0.0229,0.9794,0.9984,0.0471,2.0,1.0,1.0,2.0,98288800.0,88965000.0,107607300.0,210970800.0,0.023,0.9802,0.9985,0.0516,0.0019,0.9996,1.0,0.9561,0.0310040610441155,150677890.0
2023-05-18,AMZN,1,73174100,0.0193675729620906,0.0005,0.0001,0.9994,1,0.0004,0.8896,0.0006,0.4528,-0.0001,-0.2121,0.9974,2.0,1.0,5.0,1.0,45345500.0,39790500.0,67925100.0,45175400.0,0.5489,0.0001,0.2135,0.9975,0.9124,0.0065,0.0032,0.9999,0.015558026976351278,57851525.0
2023-05-18,GOOGL,1,35234200,0.020504305829791,0.0005,0.0001,0.9994,1,0.0004,0.8896,0.0006,-0.0,0.0028,-0.1977,0.0005,1.0,1.0,1.0,1.0,36266800.0,63153400.0,23419500.0,46664100.0,0.0,0.0103,0.198,0.0005,0.1534,0.6371,0.0009,0.9865,0.016695306401876994,42858345.0
2023-05-18,META,1,22943300,0.0244508654035069,0.0,0.0,1.0,1,-0.0,0.0092,0.0,0.0006,0.4991,0.4727,-0.0002,1.0,2.0,2.0,1.0,20449000.0,39554000.0,71196500.0,26104400.0,0.0007,0.5009,0.4736,0.0005,0.8998,0.9983,0.999,0.316,0.016464250333461872,33156880.0
2023-05-19,AMZN,0,55056300,0.0220886977781003,0.0433,0.0035,0.9532,2,0.0397,0.9245,0.0468,0.0004,0.4528,-0.0001,-0.9993,1.0,2.0,1.0,1.0,73174100.0,45345500.0,39790500.0,43808000.0,0.0006,0.5489,0.0001,0.9998,0.8896,0.9124,0.0065,0.0002,0.014844424234755548,53602520.0
2023-05-19,MSFT,1,27546700,0.0075140650255478,0.0865,0.0071,0.9064,1,0.0795,0.9245,0.0936,-0.0,0.3603,0.9927,0.9966,1.0,1.0,1.0,2.0,19774700.0,22519900.0,21294100.0,64599200.0,0.0,0.3604,0.993,0.997,0.2595,0.9998,0.9998,0.9998,0.012818200296629008,34204660.0
2023-05-19,TSLA,1,136196700,0.03183382879685,0.0,0.0,1.0,1,-0.0,0.045,0.0,-0.0666,-0.0229,0.9794,-1.0,1.0,2.0,1.0,1.0,125473600.0,98288800.0,88965000.0,153364100.0,0.1116,0.023,0.9802,1.0,0.2017,0.0019,0.9996,0.0,0.03096114537972445,146713865.0
2023-05-19,UNH,0,2317900,0.0145752333918999,0.004,0.0,0.9959,1,0.004,0.9971,0.0041,-0.0,-0.691,1.0,-0.0006,1.0,2.0,1.0,1.0,2169700.0,4872000.0,3418100.0,5440100.0,0.0,0.9981,1.0,0.0007,0.402,0.1539,1.0,0.0346,0.012858283566526673,3965016.6666666665
2023-05-22,AMZN,0,70741100,0.0215808573735712,0.0,0.0246,0.9754,1,-0.0246,0.0008,0.0246,0.0397,0.0004,0.4528,-0.2121,2.0,1.0,2.0,5.0,55056300.0,73174100.0,45345500.0,67925100.0,0.0468,0.0006,0.5489,0.2135,0.9245,0.8896,0.9124,0.0032,0.015210963160093505,52258075.0
2023-05-22,JPM,0,11402500,0.0282269200534685,0.9999,0.0,0.0001,1,0.9999,1.0,0.9999,-0.0001,-0.0,0.0001,-0.1431,1.0,1.0,1.0,7.0,12711500.0,7057300.0,11261400.0,20415800.0,0.0001,0.0,0.0002,0.4233,0.0157,0.1305,0.6535,0.331,0.012218975552685297,14561035.0
2023-05-22,META,1,27738500,0.0344322239555709,0.0,0.0246,0.9754,1,-0.0246,0.0008,0.0246,-0.0,0.0006,0.4991,-0.0001,1.0,1.0,2.0,2.0,22943300.0,20449000.0,39554000.0,41992700.0,0.0,0.0007,0.5009,0.9999,0.0092,0.8998,0.9983,0.4999,0.016773324365189534,30463560.0
2023-05-22,MSFT,1,24115700,0.0143753499200422,0.0,0.0246,0.9754,1,-0.0246,0.0008,0.0246,0.0795,-0.0,0.3603,1.0,1.0,1.0,1.0,2.0,27546700.0,19774700.0,22519900.0,36469600.0,0.0936,0.0,0.3604,1.0,0.9245,0.2595,0.9998,1.0,0.012208489768691343,34019000.0
2023-05-23,META,0,17748100,0.0200964578539396,0.0,0.999,0.001,1,-0.999,0.0,0.999,-0.0246,-0.0,0.0006,0.4727,1.0,1.0,1.0,2.0,27738500.0,22943300.0,20449000.0,71196500.0,0.0246,0.0,0.0007,0.4736,0.0008,0.0092,0.8998,0.999,0.01634975070700889,30178805.0
2023-05-24,AMZN,1,63487900,0.020112698097215,0.3412,0.0003,0.6586,3,0.3409,0.9992,0.3414,-0.0246,0.0397,0.0004,-0.0001,1.0,2.0,1.0,1.0,70741100.0,55056300.0,73174100.0,39790500.0,0.0246,0.0468,0.0006,0.0001,0.0008,0.9245,0.8896,0.0065,0.015222485518484584,52984985.0
2023-05-24,JPM,0,8578000,0.0093796479299094,0.0003,0.595,0.4047,1,-0.5947,0.0004,0.5953,0.9999,-0.0001,-0.0,-0.2183,1.0,1.0,1.0,3.0,11402500.0,12711500.0,7057300.0,17089200.0,0.9999,0.0001,0.0,0.2185,1.0,0.0157,0.1305,0.0005,0.013064921592088531,14722895.0
2023-05-24,META,1,17724300,0.0189171535092168,0.3412,0.0003,0.6585,3,0.3409,0.9992,0.3415,-0.999,-0.0246,-0.0,0.4991,1.0,1.0,1.0,2.0,17748100.0,27738500.0,22943300.0,39554000.0,0.999,0.0246,0.0,0.5009,0.0,0.0008,0.0092,0.9983,0.016231921916491077,29857645.0
2023-05-24,MSFT,0,23384900,0.0123598465753129,0.0,0.4149,0.5851,2,-0.4149,0.0001,0.4149,-0.0246,0.0795,-0.0,0.9927,1.0,1.0,1.0,1.0,24115700.0,27546700.0,19774700.0,21294100.0,0.0246,0.0936,0.0,0.993,0.0008,0.9245,0.2595,0.9998,0.01131015462179702,33227765.0
2023-05-25,JPM,1,8472500,0.0125352495890472,0.0,0.0,1.0,1,0.0,0.7654,0.0,-0.5947,0.9999,-0.0001,0.0001,1.0,1.0,1.0,1.0,8578000.0,11402500.0,12711500.0,11261400.0,0.5953,0.9999,0.0001,0.0002,0.0004,1.0,0.0157,0.6535,0.012980139877473217,14748395.0
2023-05-25,META,0,22371400,0.0254538165098657,0.0,0.0001,0.9999,1,-0.0001,0.1215,0.0001,0.3409,-0.999,-0.0246,0.0006,3.0,1.0,1.0,1.0,17724300.0,17748100.0,27738500.0,20449000.0,0.3415,0.999,0.0246,0.0007,0.9992,0.0,0.0008,0.8998,0.015791755675690702,29780010.0
2023-05-26,AAPL,1,54835000,0.0153473548909646,0.0,0.0,1.0,1,-0.0,0.0045,0.0,0.0001,-0.0057,1.0,-0.0273,1.0,1.0,1.0,1.0,49514700.0,45326900.0,55275900.0,45390100.0,0.0001,0.0093,1.0,0.0314,0.9098,0.1931,1.0,0.0651,0.0105805312775914,61152190.0
2023-05-26,AMZN,1,96779900,0.0472251233514107,0.0,0.0,1.0,1,-0.0,0.0045,0.0,0.3409,-0.0246,0.0397,0.4528,3.0,1.0,2.0,2.0,63487900.0,70741100.0,55056300.0,45345500.0,0.3414,0.0246,0.0468,0.5489,0.9992,0.0008,0.9245,0.9124,0.014658172534010727,53761500.0
2023-05-26,META,1,25727200,0.0379551303630181,0.0001,0.3716,0.6283,1,-0.3716,0.0002,0.3717,-0.0001,0.3409,-0.999,-0.0,1.0,3.0,1.0,1.0,22371400.0,17724300.0,17748100.0,22943300.0,0.0001,0.3415,0.999,0.0,0.1215,0.9992,0.0,0.0092,0.01564403996718777,29348660.0
2023-05-30,MSFT,0,29503100,0.0155714018722388,0.0,0.0001,0.9999,1,-0.0001,0.1914,0.0001,-0.4149,-0.0246,0.0795,0.3603,2.0,1.0,1.0,1.0,23384900.0,24115700.0,27546700.0,22519900.0,0.4149,0.0246,0.0936,0.3604,0.0001,0.0008,0.9245,0.9998,0.00948965016153182,31854940.0
2023-05-31,TSLA,1,150711700,0.0441986279157477,0.3004,0.5034,0.1962,1,-0.2031,0.3737,0.8038,-0.0,-0.0666,-0.0229,0.9984,1.0,1.0,2.0,1.0,136196700.0,125473600.0,98288800.0,107607300.0,0.0,0.1116,0.023,0.9985,0.045,0.2017,0.0019,1.0,0.023850041265051098,142700915.0
2023-06-01,JPM,1,12248100,0.0203633071512997,0.0043,0.0003,0.9954,1,0.004,0.9325,0.0046,0.0,-0.5947,0.9999,-0.0,1.0,1.0,1.0,1.0,8472500.0,8578000.0,11402500.0,7057300.0,0.0,0.5953,0.9999,0.0,0.7654,0.0004,1.0,0.1305,0.012708396814525522,14715675.0
2023-06-01,META,1,25609500,0.0305001336506977,0.1618,0.0058,0.8325,3,0.156,0.9656,0.1675,-0.3716,-0.0001,0.3409,-0.0246,1.0,1.0,3.0,1.0,25727200.0,22371400.0,17724300.0,27738500.0,0.3717,0.0001,0.3415,0.0246,0.0002,0.1215,0.9992,0.0008,0.015231959308361204,28799945.0
2023-06-01,MSFT,1,26773900,0.027030337055717,0.1284,0.0,0.8716,1,0.1284,0.9998,0.1284,-0.0001,-0.4149,-0.0246,-0.0,1.0,2.0,1.0,1.0,29503100.0,23384900.0,24115700.0,19774700.0,0.0001,0.4149,0.0246,0.0,0.1914,0.0001,0.0008,0.2595,0.008285102903423753,30595795.0
2023-06-01,TSLA,1,148029900,0.0514833314729646,1.0,0.0,0.0,1,1.0,1.0,1.0,-0.2031,-0.0,-0.0666,0.9794,1.0,1.0,1.0,1.0,150711700.0,136196700.0,125473600.0,88965000.0,0.8038,0.0,0.1116,0.9802,0.3737,0.045,0.2017,0.9996,0.024144364423599622,141186180.0
2023-06-02,AAPL,0,61996900,0.0139203683889607,0.0,0.0,1.0,1,-0.0,0.0385,0.0,-0.0,0.0001,-0.0057,-0.0765,1.0,1.0,1.0,1.0,54835000.0,49514700.0,45326900.0,41516200.0,0.0,0.0001,0.0093,0.0816,0.0045,0.9098,0.1931,0.0309,0.010532474402563278,57976990.0
2023-06-02,AMZN,0,61264400,0.0189721644358077,0.0,0.0,1.0,1,-0.0,0.0419,0.0,-0.0,0.3409,-0.0246,0.0004,1.0,3.0,1.0,1.0,96779900.0,63487900.0,70741100.0,73174100.0,0.0,0.3414,0.0246,0.0006,0.0045,0.9992,0.0008,0.8896,0.01666591474215088,55783535.0
2023-06-02,BRK-B,1,3962200,0.019221306217276,0.0,0.0,1.0,1,-0.0,0.0385,0.0,-0.0229,-0.0001,-0.0057,0.0795,2.0,1.0,1.0,1.0,2139500.0,2548900.0,2283400.0,3869500.0,0.0229,0.0001,0.0093,0.0803,0.0017,0.012,0.1931,0.995,0.007453840953046382,3624340.0
2023-06-02,GOOGL,1,26980100,0.0192757434537132,0.0871,0.0002,0.9126,1,0.0869,0.9972,0.0874,0.0004,-0.0,0.0028,-1.0,1.0,1.0,1.0,1.0,35234200.0,36266800.0,63153400.0,21795400.0,0.0006,0.0,0.0103,1.0,0.8896,0.1534,0.6371,0.0,0.016598113846619276,41125865.0
2023-06-02,JPM,1,12922500,0.0153339024583313,0.6252,0.2529,0.1219,1,0.3723,0.712,0.8781,0.004,0.0,-0.5947,-0.0001,1.0,1.0,1.0,1.0,12248100.0,8472500.0,8578000.0,12711500.0,0.0046,0.0,0.5953,0.0001,0.9325,0.7654,0.0004,0.0157,0.012792108950047894,14865015.0
2023-06-02,MSFT,1,25873800,0.0148093110158002,0.0001,0.0001,0.9999,1,-0.0,0.3952,0.0001,0.1284,-0.0001,-0.4149,0.0795,1.0,1.0,2.0,1.0,26773900.0,29503100.0,23384900.0,27546700.0,0.1284,0.0001,0.4149,0.0936,0.9998,0.1914,0.0001,0.9245,0.009398494542491816,30643565.0
2023-06-02,TSLA,1,164398400,0.0356887947553039,0.4962,0.0005,0.5033,2,0.4957,0.9989,0.4967,1.0,-0.2031,-0.0,-0.0229,1.0,1.0,1.0,2.0,148029900.0,150711700.0,136196700.0,98288800.0,1.0,0.8038,0.0,0.023,1.0,0.3737,0.045,0.0019,0.022918506120054638,137900750.0
2023-06-05,BRK-B,0,3091800,0.0100335675821048,0.9869,0.0001,0.013,1,0.9869,0.9999,0.987,-0.0,-0.0229,-0.0001,0.333,1.0,2.0,1.0,3.0,3962200.0,2139500.0,2548900.0,3302400.0,0.0,0.0229,0.0001,0.3335,0.0385,0.0017,0.012,0.9993,0.007839381202598172,3644955.0
2023-06-05,META,1,20742900,0.0222345913320139,0.0004,0.0016,0.9979,1,-0.0012,0.2082,0.0021,0.156,-0.3716,-0.0001,-0.999,3.0,1.0,1.0,1.0,25609500.0,25727200.0,22371400.0,17748100.0,0.1675,0.3717,0.0001,0.999,0.9656,0.0002,0.1215,0.0,0.014577812208580527,27998290.0
2023-06-06,AAPL,0,64848400,0.0149469490646245,0.0,0.9763,0.0237,1,-0.9763,0.0,0.9763,-0.0,-0.0,0.0001,1.0,1.0,1.0,1.0,1.0,61996900.0,54835000.0,49514700.0,55275900.0,0.0,0.0,0.0001,1.0,0.0385,0.0045,0.9098,1.0,0.010475570543957223,57583920.0
2023-06-06,BRK-B,1,3181400,0.0166545430464878,0.0,0.0002,0.9998,2,-0.0002,0.0033,0.0002,0.9869,-0.0,-0.0229,-0.0057,1.0,1.0,2.0,1.0,3091800.0,3962200.0,2139500.0,2283400.0,0.987,0.0,0.0229,0.0093,0.9999,0.0385,0.0017,0.1931,0.008071269734315713,3647985.0
2023-06-06,MSFT,0,20396200,0.0095427841755616,1.0,0.0,0.0,1,1.0,1.0,1.0,-0.0,0.1284,-0.0001,-0.0246,1.0,1.0,1.0,1.0,25873800.0,26773900.0,29503100.0,24115700.0,0.0001,0.1284,0.0001,0.0246,0.3952,0.9998,0.1914,0.0008,0.009393655191419789,30491135.0
2023-06-06,TSLA,1,146911600,0.0433978204372184,0.0,0.0,1.0,1,-0.0,0.0539,0.0,0.4957,1.0,-0.2031,-0.0666,2.0,1.0,1.0,1.0,164398400.0,148029900.0,150711700.0,125473600.0,0.4967,1.0,0.8038,0.1116,0.9989,1.0,0.3737,0.2017,0.023111418696228212,138802670.0
2023-06-07,AAPL,0,61944600,0.0218000411142437,0.4998,0.2878,0.2124,2,0.2119,0.6346,0.7876,-0.9763,-0.0,-0.0,-0.0057,1.0,1.0,1.0,1.0,64848400.0,61996900.0,54835000.0,45326900.0,0.9763,0.0,0.0,0.0093,0.0,0.0385,0.0045,0.1931,0.010123654446210486,57620335.0
2023-06-07,AMZN,0,95663300,0.0530667300196939,0.2714,0.0009,0.7276,2,0.2705,0.9967,0.2724,-0.0,-0.0,0.3409,0.0397,1.0,1.0,3.0,2.0,61264400.0,96779900.0,63487900.0,55056300.0,0.0,0.0,0.3414,0.0468,0.0419,0.0045,0.9992,0.9245,0.016608041024896884,56017735.0
2023-06-07,GOOGL,0,52539000,0.0545009882099807,0.0,0.0504,0.9496,1,-0.0504,0.0001,0.0504,0.0869,0.0004,-0.0,-0.1977,1.0,1.0,1.0,1.0,26980100.0,35234200.0,36266800.0,23419500.0,0.0874,0.0006,0.0,0.198,0.9972,0.8896,0.1534,0.0009,0.014783012310180412,37737695.0
2023-06-07,META,0,26163600,0.042146764976242,0.0024,0.0,0.9976,1,0.0024,0.9901,0.0024,-0.0012,0.156,-0.3716,0.3409,1.0,3.0,1.0,3.0,20742900.0,25609500.0,25727200.0,17724300.0,0.0021,0.1675,0.3717,0.3415,0.2082,0.9656,0.0002,0.9992,0.014333736705434995,27776120.0
2023-06-07,TSLA,0,185710800,0.033464933696546,1.0,0.0,0.0,1,1.0,1.0,1.0,-0.0,0.4957,1.0,-0.0,1.0,2.0,1.0,1.0,146911600.0,164398400.0,148029900.0,136196700.0,0.0,0.4967,1.0,0.0,0.0539,0.9989,1.0,0.045,0.02361931452668853,139036845.0
2023-06-08,AAPL,1,50214900,0.0189993802135269,0.0002,0.0,0.9998,1,0.0002,0.9217,0.0002,0.2119,-0.9763,-0.0,0.0001,2.0,1.0,1.0,1.0,61944600.0,64848400.0,61996900.0,49514700.0,0.7876,0.9763,0.0,0.0001,0.6346,0.0,0.0385,0.9098,0.009161870129745517,57917210.0
2023-06-08,AMZN,1,62159300,0.0273961064845384,0.0007,0.0324,0.967,2,-0.0317,0.0197,0.033,0.2705,-0.0,-0.0,-0.0246,2.0,1.0,1.0,1.0,95663300.0,61264400.0,96779900.0,70741100.0,0.2724,0.0,0.0,0.0246,0.9967,0.0419,0.0045,0.0008,0.01951288980502092,58427385.0
2023-06-08,MSFT,1,23277700,0.0101562280673161,1.0,0.0,0.0,1,1.0,1.0,1.0,1.0,-0.0,0.1284,-0.4149,1.0,1.0,1.0,2.0,20396200.0,25873800.0,26773900.0,23384900.0,1.0,0.0001,0.1284,0.4149,1.0,0.3952,0.9998,0.0001,0.009313165238636421,30030765.0
2023-06-08,TSLA,1,164489700,0.0545000497465644,0.0002,0.0,0.9998,1,0.0002,0.9217,0.0002,1.0,-0.0,0.4957,-0.2031,1.0,1.0,2.0,1.0,185710800.0,146911600.0,164398400.0,150711700.0,1.0,0.0,0.4967,0.8038,1.0,0.0539,0.9989,0.3737,0.023207734497732984,140665140.0
2023-06-09,AMZN,0,51396000,0.0210348208561867,0.6557,0.0001,0.3442,3,0.6557,0.9999,0.6558,-0.0317,0.2705,-0.0,0.3409,2.0,2.0,1.0,3.0,62159300.0,95663300.0,61264400.0,63487900.0,0.033,0.2724,0.0,0.3414,0.0197,0.9967,0.0419,0.9992,0.01957527185377123,58759880.0
2023-06-09,JPM,1,7249100,0.011328794219773,0.0,0.9253,0.0746,1,-0.9253,0.0,0.9254,0.3723,0.004,0.0,0.9999,1.0,1.0,1.0,1.0,12922500.0,12248100.0,8472500.0,11402500.0,0.8781,0.0046,0.0,0.9999,0.712,0.9325,0.7654,1.0,0.012865971966753124,14367365.0
2023-06-09,META,1,16949800,0.023811337010061,0.0,0.0001,0.9999,1,-0.0001,0.1334,0.0001,0.0024,-0.0012,0.156,-0.0001,1.0,1.0,3.0,1.0,26163600.0,20742900.0,25609500.0,22371400.0,0.0024,0.0021,0.1675,0.0001,0.9901,0.2082,0.9656,0.1215,0.016543212567946584,27492950.0
2023-06-12,AAPL,1,54274900,0.0161085568495731,1.0,0.0,0.0,1,1.0,1.0,1.0,0.0002,0.2119,-0.9763,-0.0,1.0,2.0,1.0,1.0,50214900.0,61944600.0,64848400.0,54835000.0,0.0002,0.7876,0.9763,0.0,0.9217,0.6346,0.0,0.0045,0.009475680410066684,57555420.0
2023-06-12,AMZN,1,51338000,0.0262054514430733,0.0,0.0009,0.9991,1,-0.0009,0.0388,0.0009,0.6557,-0.0317,0.2705,-0.0,3.0,2.0,2.0,1.0,51396000.0,62159300.0,95663300.0,96779900.0,0.6558,0.033,0.2724,0.0,0.9999,0.0197,0.9967,0.0045,0.019557023312162004,59084725.0
2023-06-12,MSFT,1,24260300,0.0211211964362287,1.0,0.0,0.0,1,1.0,1.0,1.0,1.0,1.0,-0.0,-0.0001,1.0,1.0,1.0,1.0,23277700.0,20396200.0,25873800.0,29503100.0,1.0,1.0,0.0001,0.0001,1.0,1.0,0.3952,0.1914,0.009047444704274626,30135150.0
2023-06-13,BRK-B,1,2953000,0.0132644585978161,0.0002,0.0012,0.9985,1,-0.001,0.1676,0.0015,-0.0002,0.9869,-0.0,-0.0001,2.0,1.0,1.0,1.0,3181400.0,3091800.0,3962200.0,2548900.0,0.0002,0.987,0.0,0.0001,0.0033,0.9999,0.0385,0.012,0.008428228919500616,3671030.0
2023-06-13,GOOGL,0,22278300,0.0158425612398078,0.001,0.6189,0.3801,1,-0.6179,0.0016,0.6199,-0.0504,0.0869,0.0004,0.0028,1.0,1.0,1.0,1.0,52539000.0,26980100.0,35234200.0,63153400.0,0.0504,0.0874,0.0006,0.0103,0.0001,0.9972,0.8896,0.6371,0.01725971411168052,37615610.0
2023-06-13,META,0,16164000,0.0241196331673487,0.0,0.0,1.0,1,-0.0,0.0581,0.0,-0.0001,0.0024,-0.0012,-0.3716,1.0,1.0,1.0,1.0,16949800.0,26163600.0,20742900.0,25727200.0,0.0001,0.0024,0.0021,0.3717,0.1334,0.9901,0.2082,0.0002,0.01574129610568298,26916550.0
2023-06-13,MSFT,0,22951300,0.0197028023853839,0.0,0.0001,0.9999,1,-0.0001,0.023,0.0001,1.0,1.0,1.0,0.1284,1.0,1.0,1.0,1.0,24260300.0,23277700.0,20396200.0,26773900.0,1.0,1.0,1.0,0.1284,1.0,1.0,1.0,0.9998,0.009233024072451135,27871795.0
2023-06-13,TSLA,1,162384300,0.0328980967954133,0.973,0.0001,0.0269,2,0.9728,0.9999,0.9731,0.0002,1.0,-0.0,1.0,1.0,1.0,1.0,1.0,164489700.0,185710800.0,146911600.0,148029900.0,0.0002,1.0,0.0,1.0,0.9217,1.0,0.0539,1.0,0.02464179963417001,141046985.0
2023-06-14,AAPL,1,57462900,0.0129246615056781,0.0001,0.0,0.9999,1,0.0001,0.87,0.0001,1.0,0.0002,0.2119,-0.0,1.0,1.0,2.0,1.0,54274900.0,50214900.0,61944600.0,61996900.0,1.0,0.0002,0.7876,0.0,1.0,0.9217,0.6346,0.0385,0.00991484857822345,57741815.0
2023-06-14,AMZN,0,52422500,0.0223361820822791,0.0001,0.0,0.9999,1,0.0001,0.87,0.0001,-0.0009,0.6557,-0.0317,-0.0,1.0,3.0,2.0,1.0,51338000.0,51396000.0,62159300.0,61264400.0,0.0009,0.6558,0.033,0.0,0.0388,0.9999,0.0197,0.0419,0.019907011619705695,58840690.0
2023-06-14,MSFT,1,26003800,0.018633759210884,0.0001,0.0,0.9999,1,0.0001,0.87,0.0001,-0.0001,1.0,1.0,-0.0,1.0,1.0,1.0,1.0,22951300.0,24260300.0,23277700.0,25873800.0,0.0001,1.0,1.0,0.0001,0.023,1.0,1.0,0.3952,0.009154285750452504,27291425.0
2023-06-14,TSLA,0,170575500,0.0425491284655431,0.0001,0.0,0.9999,2,0.0,0.8441,0.0001,0.9728,0.0002,1.0,0.4957,2.0,1.0,1.0,2.0,162384300.0,164489700.0,185710800.0,164398400.0,0.9731,0.0002,1.0,0.4967,0.9999,0.9217,1.0,0.9989,0.02458665032037155,140091165.0
2023-06-14,UNH,1,14672400,0.0328831860930495,0.0087,0.9891,0.0022,1,-0.9805,0.0087,0.9978,0.004,-0.0,-0.691,-1.0,1.0,1.0,2.0,1.0,2317900.0,2169700.0,4872000.0,3394600.0,0.0041,0.0,0.9981,1.0,0.9971,0.402,0.1539,0.0,0.011779220936218353,3729714.285714286
2023-06-15,AMZN,1,60458500,0.0269148052968872,0.0,0.0,1.0,1,-0.0,0.0213,0.0,0.0001,-0.0009,0.6557,0.2705,1.0,1.0,3.0,2.0,52422500.0,51338000.0,51396000.0,95663300.0,0.0001,0.0009,0.6558,0.2724,0.87,0.0388,0.9999,0.9967,0.01984643862381976,58342370.0
2023-06-15,JPM,1,9343100,0.0239703763067759,0.2733,0.2414,0.4853,2,0.0319,0.531,0.5147,-0.9253,0.3723,0.004,-0.5947,1.0,1.0,1.0,1.0,7249100.0,12922500.0,12248100.0,8578000.0,0.9254,0.8781,0.0046,0.5953,0.0,0.712,0.9325,0.0004,0.012895862982151016,13839430.0
2023-06-15,META,1,25973500,0.0461622378631823,0.0,0.0,1.0,1,-0.0,0.0295,0.0,-0.0,-0.0001,0.0024,0.156,1.0,1.0,1.0,3.0,16164000.0,16949800.0,26163600.0,25609500.0,0.0,0.0001,0.0024,0.1675,0.0581,0.1334,0.9901,0.9656,0.01651934475861058,26355265.0
2023-06-15,MSFT,1,38899100,0.0374540231106352,0.9998,0.0,0.0002,1,0.9998,1.0,0.9998,0.0001,-0.0001,1.0,1.0,1.0,1.0,1.0,1.0,26003800.0,22951300.0,24260300.0,20396200.0,0.0001,0.0001,1.0,1.0,0.87,0.023,1.0,1.0,0.008999592560568223,27183015.0
2023-06-16,AMZN,0,84247100,0.020358613207736,0.0,0.0,0.9999,1,-0.0,0.2061,0.0001,-0.0,0.0001,-0.0009,-0.0317,1.0,1.0,1.0,2.0,60458500.0,52422500.0,51338000.0,62159300.0,0.0,0.0001,0.0009,0.033,0.0213,0.87,0.0388,0.0197,0.02013029177496133,58560525.0
2023-06-16,TSLA,1,167915600,0.0246794929593999,1.0,0.0,0.0,1,1.0,1.0,1.0,0.0,0.9728,0.0002,-0.0,2.0,2.0,1.0,1.0,170575500.0,162384300.0,164489700.0,146911600.0,0.0001,0.9731,0.0002,0.0,0.8441,0.9999,0.9217,0.0539,0.02399007608634809,142214935.0
2023-06-20,AMZN,1,56930100,0.0220052810525572,0.9999,0.0,0.0001,1,0.9999,1.0,0.9999,-0.0,-0.0,0.0001,0.6557,1.0,1.0,1.0,3.0,84247100.0,60458500.0,52422500.0,51396000.0,0.0001,0.0,0.0001,0.6558,0.2061,0.0213,0.87,0.9999,0.020394695793166624,60436815.0
2023-06-21,BRK-B,1,4507000,0.0147643378789115,0.0,0.0,1.0,1,-0.0,0.0075,0.0,-0.001,-0.0002,0.9869,-0.0229,1.0,2.0,1.0,2.0,2953000.0,3181400.0,3091800.0,2139500.0,0.0015,0.0002,0.987,0.0229,0.1676,0.0033,0.9999,0.0017,0.00854024832795429,3581840.0
2023-06-21,META,0,20556200,0.0198921266628572,0.0003,0.0332,0.9665,3,-0.0329,0.0096,0.0335,-0.0,-0.0,-0.0001,-0.0012,1.0,1.0,1.0,1.0,25973500.0,16164000.0,16949800.0,20742900.0,0.0,0.0,0.0001,0.0021,0.0295,0.0581,0.1334,0.2082,0.017553563063116954,26711385.0
2023-06-21,MSFT,0,25117800,0.0168267198152958,0.5004,0.0006,0.499,2,0.4999,0.9989,0.501,0.9998,0.0001,-0.0001,1.0,1.0,1.0,1.0,1.0,38899100.0,26003800.0,22951300.0,23277700.0,0.9998,0.0001,0.0001,1.0,1.0,0.87,0.023,1.0,0.010402107063124923,27785960.0
2023-06-21,TSLA,0,211797100,0.0698215066119754,0.0033,0.915,0.0817,1,-0.9116,0.0036,0.9183,1.0,0.0,0.9728,1.0,1.0,2.0,2.0,1.0,167915600.0,170575500.0,162384300.0,185710800.0,1.0,0.0001,0.9731,1.0,1.0,0.8441,0.9999,1.0,0.023776665046628474,144553875.0
2023-06-22,AAPL,1,51245300,0.018395584966597,0.0489,0.0012,0.9498,1,0.0477,0.9754,0.0502,0.0001,1.0,0.0002,-0.9763,1.0,1.0,1.0,1.0,57462900.0,54274900.0,50214900.0,64848400.0,0.0001,1.0,0.0002,0.9763,0.87,1.0,0.9217,0.0,0.00991941179552223,58254720.0
2023-06-22,AMZN,1,90354600,0.0414173054227333,0.9996,0.0,0.0004,1,0.9996,1.0,0.9996,0.9999,-0.0,-0.0,-0.0009,1.0,1.0,1.0,1.0,56930100.0,84247100.0,60458500.0,51338000.0,0.9999,0.0001,0.0,0.0009,1.0,0.2061,0.0213,0.0388,0.020312054058975054,61347315.0
2023-06-22,BRK-B,0,3303300,0.0094144802145056,0.0,0.0,0.9999,2,0.0,0.8,0.0001,-0.0,-0.001,-0.0002,-0.0,1.0,1.0,2.0,1.0,4507000.0,2953000.0,3181400.0,3962200.0,0.0,0.0015,0.0002,0.0,0.0075,0.1676,0.0033,0.0385,0.008217727827662502,3562700.0
2023-06-22,JPM,0,10075200,0.0256482975046822,0.0,0.1836,0.8164,1,-0.1835,0.0001,0.1836,0.0319,-0.9253,0.3723,0.0,2.0,1.0,1.0,1.0,9343100.0,7249100.0,12922500.0,8472500.0,0.5147,0.9254,0.8781,0.0,0.531,0.0,0.712,0.7654,0.01177652734251988,13444075.0
2023-06-22,META,1,17563100,0.0267665242228639,0.3011,0.0003,0.6986,1,0.3008,0.9989,0.3014,-0.0329,-0.0,-0.0,0.0024,3.0,1.0,1.0,1.0,20556200.0,25973500.0,16164000.0,26163600.0,0.0335,0.0,0.0,0.0024,0.0096,0.0295,0.0581,0.9901,0.017675673758086752,26608780.0
2023-06-22,TSLA,1,166875900,0.0667942724991988,0.0,0.0,1.0,1,-0.0,0.0046,0.0,-0.9116,1.0,0.0,0.0002,1.0,1.0,2.0,1.0,211797100.0,167915600.0,170575500.0,164489700.0,0.9183,1.0,0.0001,0.0002,0.0036,1.0,0.8441,0.9217,0.025660077070980107,147624910.0
2023-06-23,AAPL,1,53117000,0.0137429426559831,0.0003,0.0568,0.9429,2,-0.0565,0.0051,0.0571,0.0477,0.0001,1.0,0.2119,1.0,1.0,1.0,2.0,51245300.0,57462900.0,54274900.0,61944600.0,0.0502,0.0001,1.0,0.7876,0.9754,0.87,1.0,0.6346,0.00925512013927201,58125305.0
2023-06-23,AMZN,1,71927800,0.0198280345944673,0.0616,0.8856,0.0527,1,-0.824,0.0651,0.9473,0.9996,0.9999,-0.0,0.0001,1.0,1.0,1.0,1.0,90354600.0,56930100.0,84247100.0,52422500.0,0.9996,0.9999,0.0001,0.0001,1.0,1.0,0.2061,0.87,0.021760492555616955,63375880.0
2023-06-23,BRK-B,1,4451700,0.0097881191272901,0.0,0.0,1.0,1,-0.0,0.033,0.0,0.0,-0.0,-0.001,0.9869,2.0,1.0,1.0,1.0,3303300.0,4507000.0,2953000.0,3091800.0,0.0001,0.0,0.0015,0.987,0.8,0.0075,0.1676,0.9999,0.0074780540477944035,3411580.0
2023-06-23,GOOGL,1,34913600,0.0142527879064101,0.0006,0.1137,0.8858,1,-0.1131,0.0051,0.1142,-0.6179,-0.0504,0.0869,-0.0,1.0,1.0,1.0,1.0,22278300.0,52539000.0,26980100.0,36266800.0,0.6199,0.0504,0.0874,0.0,0.0016,0.0001,0.9972,0.1534,0.01692536418298879,36221075.0
2023-06-23,META,1,51092000,0.0380803554006062,0.0006,0.1137,0.8858,1,-0.1131,0.0051,0.1142,0.3008,-0.0329,-0.0,-0.0001,1.0,3.0,1.0,1.0,17563100.0,20556200.0,25973500.0,16949800.0,0.3014,0.0335,0.0,0.0001,0.9989,0.0096,0.0295,0.1334,0.01759966302493291,26214920.0
2023-06-23,MSFT,1,23146900,0.0134883940831165,0.0,0.0,1.0,1,-0.0,0.0244,0.0,0.4999,0.9998,0.0001,1.0,2.0,1.0,1.0,1.0,25117800.0,38899100.0,26003800.0,24260300.0,0.501,0.9998,0.0001,1.0,0.9989,1.0,0.87,1.0,0.010334504704223068,27403550.0
2023-06-23,TSLA,0,177460800,0.0372170497792304,0.0002,0.0006,0.9992,2,-0.0003,0.3044,0.0008,-0.0,-0.9116,1.0,0.9728,1.0,1.0,1.0,2.0,166875900.0,211797100.0,167915600.0,162384300.0,0.0,0.9183,1.0,0.9731,0.0046,0.0036,1.0,0.9999,0.027735366599788723,150153085.0
2023-06-26,AAPL,0,48088700,0.0150939747180904,0.0,0.0,1.0,1,-0.0,0.2121,0.0,-0.0565,0.0477,0.0001,0.0002,2.0,1.0,1.0,1.0,53117000.0,51245300.0,57462900.0,50214900.0,0.0571,0.0502,0.0001,0.0002,0.0051,0.9754,0.87,0.9217,0.008944287735284483,55833925.0
2023-06-26,BRK-B,0,3220900,0.011904377105726,0.0,0.9994,0.0005,1,-0.9994,0.0,0.9995,-0.0,0.0,-0.0,-0.0002,1.0,2.0,1.0,2.0,4451700.0,3303300.0,4507000.0,3181400.0,0.0,0.0001,0.0,0.0002,0.033,0.8,0.0075,0.0033,0.007426036555165704,3397965.0
2023-06-26,GOOGL,0,33969900,0.0308877384146262,0.0005,0.9989,0.0007,1,-0.9984,0.0005,0.9993,-0.1131,-0.6179,-0.0504,0.0004,1.0,1.0,1.0,1.0,34913600.0,22278300.0,52539000.0,35234200.0,0.1142,0.6199,0.0504,0.0006,0.0051,0.0016,0.0001,0.8896,0.01692802748735777,35843625.0
2023-06-26,META,0,24232700,0.0422237683615493,0.3341,0.3334,0.3325,3,0.0007,0.5005,0.6675,-0.1131,0.3008,-0.0329,-0.0,1.0,1.0,3.0,1.0,51092000.0,17563100.0,20556200.0,16164000.0,0.1142,0.3014,0.0335,0.0,0.0051,0.9989,0.0096,0.0581,0.018013038844219825,27718200.0
2023-06-26,TSLA,0,179990600,0.0706602057480485,0.0016,0.5001,0.4983,2,-0.4985,0.0031,0.5017,-0.0003,-0.0,-0.9116,0.0,2.0,1.0,1.0,2.0,177460800.0,166875900.0,211797100.0,170575500.0,0.0008,0.0,0.9183,0.0001,0.3044,0.0046,0.0036,0.8441,0.028050462531348883,153193015.0
2023-06-26,UNH,1,2968300,0.0173798412682608,0.0,0.0,1.0,1,-0.0,0.4463,0.0,-0.9805,0.004,-0.0,1.0,1.0,1.0,1.0,1.0,14672400.0,2317900.0,2169700.0,3418100.0,0.9978,0.0041,0.0,1.0,0.0087,0.9971,0.402,1.0,0.012173374356779997,5097550.0
2023-06-27,AAPL,1,50730800,0.0146323160451557,0.0,0.0,1.0,1,-0.0,0.2641,0.0,-0.0,-0.0565,0.0477,1.0,1.0,2.0,1.0,1.0,48088700.0,53117000.0,51245300.0,54274900.0,0.0,0.0571,0.0502,1.0,0.2121,0.0051,0.9754,1.0,0.009122115765321686,54541445.0
2023-06-27,AMZN,1,46801000,0.0197465069557205,0.0009,0.0001,0.999,2,0.0008,0.9121,0.001,-0.824,0.9996,0.9999,-0.0,1.0,1.0,1.0,1.0,71927800.0,90354600.0,56930100.0,60458500.0,0.9473,0.9996,0.9999,0.0,0.0651,1.0,1.0,0.0213,0.020632589080674113,64713500.0
2023-06-27,BRK-B,1,2625600,0.0070576744692027,0.0019,0.0002,0.998,1,0.0017,0.9123,0.002,-0.9994,-0.0,0.0,-0.001,1.0,1.0,2.0,1.0,3220900.0,4451700.0,3303300.0,2953000.0,0.9995,0.0,0.0001,0.0015,0.0,0.033,0.8,0.1676,0.006666587238523239,3404695.0
2023-06-27,GOOGL,1,39535900,0.0254527102009591,0.0051,0.037,0.9579,1,-0.0319,0.1219,0.0421,-0.9984,-0.1131,-0.6179,0.0869,1.0,1.0,1.0,1.0,33969900.0,34913600.0,22278300.0,26980100.0,0.9993,0.1142,0.6199,0.0874,0.0005,0.0051,0.0016,0.9972,0.017786441690283483,35997920.0
2023-06-27,MSFT,1,24354100,0.0206412535583612,1.0,0.0,0.0,1,1.0,1.0,1.0,-0.0,0.4999,0.9998,-0.0001,1.0,2.0,1.0,1.0,23146900.0,25117800.0,38899100.0,22951300.0,0.0,0.501,0.9998,0.0001,0.0244,0.9989,1.0,0.023,0.01016473305772347,27457655.0
2023-06-27,TSLA,1,164968200,0.0392204944527554,0.5,0.0,0.5,2,0.5,1.0,0.5,-0.4985,-0.0003,-0.0,1.0,2.0,2.0,1.0,1.0,179990600.0,177460800.0,166875900.0,167915600.0,0.5017,0.0008,0.0,1.0,0.0031,0.3044,0.0046,1.0,0.029738900956646167,155905910.0
2023-06-28,JPM,0,7558600,0.0089824659895456,0.0,0.0,1.0,1,-0.0,0.1035,0.0,-0.1835,0.0319,-0.9253,0.004,1.0,2.0,1.0,1.0,10075200.0,9343100.0,7249100.0,12248100.0,0.1836,0.5147,0.9254,0.0046,0.0001,0.531,0.0,0.9325,0.012499960003809568,13005140.0
2023-06-28,MSFT,1,20259500,0.0124604475649998,0.5308,0.0001,0.4691,2,0.5307,0.9998,0.5309,1.0,-0.0,0.4999,0.0001,1.0,1.0,2.0,1.0,24354100.0,23146900.0,25117800.0,26003800.0,1.0,0.0,0.501,0.0001,1.0,0.0244,0.9989,0.87,0.010227975297155292,27513140.0
2023-06-29,AAPL,1,46347300,0.0059763320915457,1.0,0.0,0.0,1,1.0,1.0,1.0,-0.0,-0.0,-0.0565,0.0001,1.0,1.0,2.0,1.0,50730800.0,48088700.0,53117000.0,57462900.0,0.0,0.0,0.0571,0.0001,0.2641,0.2121,0.0051,0.87,0.008840319553643878,53292895.0
2023-06-29,AMZN,0,40761000,0.0155315081482308,0.0,0.0,1.0,1,-0.0,0.0092,0.0,0.0008,-0.824,0.9996,-0.0,2.0,1.0,1.0,1.0,46801000.0,71927800.0,90354600.0,84247100.0,0.001,0.9473,0.9996,0.0001,0.9121,0.0651,1.0,0.2061,0.020520842010004346,64863150.0
2023-06-29,GOOGL,0,24090900,0.0147601017977769,0.0,0.0,1.0,1,-0.0,0.419,0.0,-0.0319,-0.9984,-0.1131,-0.0504,1.0,1.0,1.0,1.0,39535900.0,33969900.0,34913600.0,52539000.0,0.0421,0.9993,0.1142,0.0504,0.1219,0.0005,0.0051,0.0001,0.017086723428696684,36364495.0
2023-06-30,AAPL,1,85213200,0.016803220469948,0.4963,0.1751,0.3286,4,0.3212,0.7392,0.6714,1.0,-0.0,-0.0,0.0477,1.0,1.0,1.0,1.0,46347300.0,50730800.0,48088700.0,51245300.0,1.0,0.0,0.0,0.0502,1.0,0.2641,0.2121,0.9754,0.008774170352732737,52650435.0
2023-06-30,AMZN,1,54350700,0.0177647565464765,0.51,0.3499,0.1401,2,0.1601,0.5931,0.8599,-0.0,0.0008,-0.824,0.9999,1.0,2.0,1.0,1.0,40761000.0,46801000.0,71927800.0,56930100.0,0.0,0.001,0.9473,0.9999,0.0092,0.9121,0.0651,1.0,0.019233501825412017,63504945.0
2023-06-30,BRK-B,1,4520600,0.0121022673070691,0.0001,0.0005,0.9993,1,-0.0004,0.2103,0.0007,0.0017,-0.9994,-0.0,-0.0,1.0,1.0,1.0,1.0,2625600.0,3220900.0,4451700.0,4507000.0,0.002,0.9995,0.0,0.0,0.9123,0.0,0.033,0.0075,0.006456891427499897,3284965.0
2023-06-30,META,1,19694900,0.0162592155023631,0.0,0.9991,0.0009,1,-0.9991,0.0,0.9991,0.0007,-0.1131,0.3008,-0.0,3.0,1.0,1.0,1.0,24232700.0,51092000.0,17563100.0,25973500.0,0.6675,0.1142,0.3014,0.0,0.5005,0.0051,0.9989,0.0295,0.01970021047948897,27624615.0
2023-06-30,MSFT,1,26832800,0.0163730533805975,0.0,0.0,1.0,1,0.0,0.734,0.0,0.5307,1.0,-0.0,0.9998,2.0,1.0,1.0,1.0,20259500.0,24354100.0,23146900.0,38899100.0,0.5309,1.0,0.0,0.9998,0.9998,1.0,0.0244,1.0,0.010060933130664503,25296155.0
2023-06-30,TSLA,1,112620800,0.0174980715725019,0.0,0.0,1.0,1,-0.0,0.0206,0.0,0.5,-0.4985,-0.0003,-0.9116,2.0,2.0,2.0,1.0,164968200.0,179990600.0,177460800.0,211797100.0,0.5,0.5017,0.0008,0.9183,1.0,0.0031,0.3044,0.0036,0.02954089823011108,153605780.0
2023-07-05,JPM,0,8934900,0.0073823102484233,0.9683,0.0,0.0317,1,0.9683,1.0,0.9683,-0.0,-0.1835,0.0319,0.3723,1.0,1.0,2.0,1.0,7558600.0,10075200.0,9343100.0,12922500.0,0.0,0.1836,0.5147,0.8781,0.1035,0.0001,0.531,0.712,0.012560685234380673,12842045.0
2023-07-05,META,1,33865500,0.0408830523732151,0.0,0.9997,0.0003,1,-0.9997,0.0,0.9997,-0.9991,0.0007,-0.1131,-0.0329,1.0,3.0,1.0,3.0,19694900.0,24232700.0,51092000.0,20556200.0,0.9991,0.6675,0.1142,0.0335,0.0,0.5005,0.0051,0.0096,0.01910706363702884,26509725.0
2023-07-05,TSLA,1,131530900,0.0224158949710246,0.4921,0.0013,0.5067,2,0.4908,0.9974,0.4933,-0.0,0.5,-0.4985,-0.0,1.0,2.0,2.0,1.0,112620800.0,164968200.0,179990600.0,166875900.0,0.0,0.5,0.5017,0.0,0.0206,1.0,0.0031,0.0046,0.027225050482886363,151568615.0
2023-07-05,UNH,0,5053100,0.0140747688679541,1.0,0.0,0.0,1,1.0,1.0,1.0,-0.0,-0.9805,0.004,-0.691,1.0,1.0,1.0,2.0,2968300.0,14672400.0,2317900.0,4872000.0,0.0,0.9978,0.0041,0.9981,0.4463,0.0087,0.9971,0.1539,0.011458503599410457,4860966.666666667
2023-07-06,META,0,47600500,0.0230153003530216,0.4983,0.001,0.5007,2,0.4974,0.9981,0.4993,-0.9997,-0.9991,0.0007,0.3008,1.0,1.0,3.0,1.0,33865500.0,19694900.0,24232700.0,17563100.0,0.9997,0.9991,0.6675,0.3014,0.0,0.0,0.5005,0.9989,0.019206611516936558,24643175.0
2023-07-07,AMZN,1,41992300,0.0220856708824229,0.0,0.0533,0.9466,1,-0.0533,0.0002,0.0534,0.1601,-0.0,0.0008,0.9996,2.0,1.0,2.0,1.0,54350700.0,40761000.0,46801000.0,90354600.0,0.8599,0.0,0.001,0.9996,0.5931,0.0092,0.9121,1.0,0.018830809029497388,64232955.0
2023-07-10,AMZN,0,61889300,0.0260323887788381,0.4779,0.365,0.1571,2,0.113,0.567,0.8429,-0.0533,0.1601,-0.0,-0.824,1.0,2.0,1.0,1.0,41992300.0,54350700.0,40761000.0,71927800.0,0.0534,0.8599,0.0,0.9473,0.0002,0.5931,0.0092,0.0651,0.018877170073651726,64065295.0
2023-07-10,JPM,1,9100100,0.0103114567000973,0.0,0.0,1.0,1,-0.0,0.0232,0.0,0.9683,-0.0,-0.1835,-0.9253,1.0,1.0,1.0,1.0,8934900.0,7558600.0,10075200.0,7249100.0,0.9683,0.0,0.1836,0.9254,1.0,0.1035,0.0001,0.0,0.012545753917360087,12633530.0
2023-07-11,AMZN,1,49951500,0.0189432939204684,0.0,0.0001,0.9999,1,-0.0001,0.1707,0.0001,0.113,-0.0533,0.1601,0.0008,2.0,1.0,2.0,2.0,61889300.0,41992300.0,54350700.0,46801000.0,0.8429,0.0534,0.8599,0.001,0.567,0.0002,0.5931,0.9121,0.01914584896632281,63501055.0
2023-07-11,UNH,1,3086800,0.0115707672263239,1.0,0.0,0.0,1,1.0,1.0,1.0,1.0,-0.0,-0.9805,-0.0,1.0,1.0,1.0,1.0,5053100.0,2968300.0,14672400.0,2169700.0,1.0,0.0,0.9978,0.0,1.0,0.4463,0.0087,0.402,0.011142066703010862,4880180.0
2023-07-13,AMZN,1,61170900,0.0146224377294183,1.0,0.0,0.0,1,1.0,1.0,1.0,-0.0001,0.113,-0.0533,-0.0,1.0,2.0,1.0,1.0,49951500.0,61889300.0,41992300.0,40761000.0,0.0001,0.8429,0.0534,0.0,0.1707,0.567,0.0002,0.0092,0.018726174520408985,63245815.0
2023-07-13,BRK-B,0,2831800,0.0079860509239117,0.9963,0.0,0.0036,1,0.9963,1.0,0.9964,-0.0004,0.0017,-0.9994,0.0,1.0,1.0,1.0,2.0,4520600.0,2625600.0,3220900.0,3303300.0,0.0007,0.002,0.9995,0.0001,0.2103,0.9123,0.0,0.8,0.006531884111087156,3267880.0
2023-07-13,GOOGL,1,44297900,0.0362193407075104,0.0,0.0,0.9999,1,0.0,0.5255,0.0001,-0.0,-0.0319,-0.9984,-0.6179,1.0,1.0,1.0,1.0,24090900.0,39535900.0,33969900.0,22278300.0,0.0,0.0421,0.9993,0.6199,0.419,0.1219,0.0005,0.0016,0.01697964587673365,35937075.0
2023-07-13,JPM,1,11234900,0.0108943856787796,0.0001,0.0858,0.9141,1,-0.0857,0.0007,0.0859,-0.0,0.9683,-0.0,0.0319,1.0,1.0,1.0,2.0,9100100.0,8934900.0,7558600.0,9343100.0,0.0,0.9683,0.0,0.5147,0.0232,1.0,0.1035,0.531,0.011928448086280246,12509540.0
2023-07-13,META,0,30281000,0.0189719462473361,0.9981,0.0,0.0019,1,0.9981,1.0,0.9981,0.4974,-0.9997,-0.9991,-0.1131,2.0,1.0,1.0,1.0,47600500.0,33865500.0,19694900.0,51092000.0,0.4993,0.9997,0.9991,0.1142,0.9981,0.0,0.0,0.0051,0.01979892531460886,25045500.0
2023-07-14,UNH,1,11379300,0.0538104319647672,0.0,0.0,1.0,1,-0.0,0.1905,0.0,1.0,1.0,-0.0,0.004,1.0,1.0,1.0,1.0,3086800.0,5053100.0,2968300.0,2317900.0,1.0,1.0,0.0,0.0041,1.0,1.0,0.4463,0.9971,0.010621876364370413,4717145.454545454
2023-07-17,AMZN,0,48450200,0.0179101400642556,0.0031,0.0004,0.9964,1,0.0027,0.8771,0.0036,1.0,-0.0001,0.113,0.1601,1.0,1.0,2.0,2.0,61170900.0,49951500.0,61889300.0,54350700.0,1.0,0.0001,0.8429,0.8599,1.0,0.1707,0.567,0.5931,0.01825263133585072,62767305.0
2023-07-17,JPM,1,17262400,0.0226138593845049,0.5092,0.0024,0.4884,2,0.5069,0.9953,0.5116,-0.0857,-0.0,0.9683,-0.1835,1.0,1.0,1.0,1.0,11234900.0,9100100.0,8934900.0,10075200.0,0.0859,0.0,0.9683,0.1836,0.0007,0.0232,1.0,0.0001,0.011920858212508698,12633275.0
2023-07-18,BRK-B,1,2565300,0.0107832919247496,0.0001,0.0001,0.9998,1,-0.0,0.4041,0.0002,0.9963,-0.0004,0.0017,-0.0,1.0,1.0,1.0,1.0,2831800.0,4520600.0,2625600.0,4451700.0,0.9964,0.0007,0.002,0.0,1.0,0.2103,0.9123,0.033,0.006757964599089944,3292925.0
2023-07-18,META,1,20731900,0.0211657777486336,0.0028,0.0,0.9972,1,0.0027,0.9987,0.0028,0.9981,0.4974,-0.9997,0.0007,1.0,2.0,1.0,3.0,30281000.0,47600500.0,33865500.0,24232700.0,0.9981,0.4993,0.9997,0.6675,1.0,0.9981,0.0,0.5005,0.019851392943841424,25537100.0
2023-07-18,TSLA,1,112120300,0.0318800627074977,0.9994,0.0,0.0006,1,0.9994,1.0,0.9994,0.4908,-0.0,0.5,-0.0003,2.0,1.0,2.0,2.0,131530900.0,112620800.0,164968200.0,177460800.0,0.4933,0.0,0.5,0.0008,0.9974,0.0206,1.0,0.3044,0.026510833339577947,152764795.0
2023-07-19,GOOGL,0,37224000,0.0271267840674972,0.0003,0.0,0.9997,1,0.0002,0.9141,0.0003,0.0,-0.0,-0.0319,-0.1131,1.0,1.0,1.0,1.0,44297900.0,24090900.0,39535900.0,34913600.0,0.0001,0.0,0.0421,0.1142,0.5255,0.419,0.1219,0.0051,0.017912221485967394,35100545.0
2023-07-19,MSFT,0,39732900,0.0276986565685469,0.0,0.0,1.0,1,0.0,0.7254,0.0,0.0,0.5307,1.0,0.4999,1.0,2.0,1.0,2.0,26832800.0,20259500.0,24354100.0,25117800.0,0.0,0.5309,1.0,0.501,0.734,0.9998,1.0,0.9989,0.009987019266160546,24814315.0
2023-07-19,TSLA,0,142355400,0.033002362009348,0.0,1.0,0.0,1,-1.0,0.0,1.0,0.9994,0.4908,-0.0,-0.4985,1.0,2.0,1.0,2.0,112120300.0,131530900.0,112620800.0,179990600.0,0.9994,0.4933,0.0,0.5017,1.0,0.9974,0.0206,0.0031,0.02644244130576974,153922560.0
2023-07-20,MSFT,0,33778400,0.035636524146579,0.0048,0.0,0.9952,1,0.0047,0.99,0.0048,0.0,0.0,0.5307,-0.0,1.0,1.0,2.0,1.0,39732900.0,26832800.0,20259500.0,23146900.0,0.0,0.0,0.5309,0.0,0.7254,0.734,0.9998,0.0244,0.011013455744280747,25736255.0
2023-07-20,TSLA,0,175158300,0.0705751203357152,0.5,0.0463,0.4537,2,0.4537,0.9152,0.5463,-1.0,0.9994,0.4908,0.5,1.0,1.0,2.0,2.0,142355400.0,112120300.0,131530900.0,164968200.0,1.0,0.9994,0.4933,0.5,0.0,1.0,0.9974,1.0,0.027063528714657795,156125890.0
2023-07-21,META,0,42139300,0.0468200377749835,0.9968,0.0,0.0032,1,0.9968,1.0,0.9968,0.0027,0.9981,0.4974,-0.9991,1.0,1.0,2.0,1.0,20731900.0,30281000.0,47600500.0,19694900.0,0.0028,0.9981,0.4993,0.9991,0.9987,1.0,0.9981,0.0,0.01948906025959603,25426530.0
2023-07-21,TSLA,0,161796100,0.0455223766725454,0.0,1.0,0.0,1,-1.0,0.0,1.0,0.4537,-1.0,0.9994,-0.0,2.0,1.0,1.0,1.0,175158300.0,142355400.0,112120300.0,112620800.0,0.5463,1.0,0.9994,0.0,0.9152,0.0,1.0,0.0206,0.030444725028465555,158610125.0
2023-07-25,AMZN,0,39236700,0.0081200454070229,0.0012,0.0025,0.9963,1,-0.0013,0.3238,0.0037,0.0027,1.0,-0.0001,-0.0533,1.0,1.0,1.0,1.0,48450200.0,61170900.0,49951500.0,41992300.0,0.0036,1.0,0.0001,0.0534,0.8771,1.0,0.1707,0.0002,0.018297478681425866,62015420.0
2023-07-25,BRK-B,0,3014000,0.0117943290702028,0.0,0.0,1.0,1,-0.0,0.1515,0.0,-0.0,0.9963,-0.0004,-0.9994,1.0,1.0,1.0,1.0,2565300.0,2831800.0,4520600.0,3220900.0,0.0002,0.9964,0.0007,0.9995,0.4041,1.0,0.2103,0.0,0.006565959739063947,3255025.0
2023-07-25,MSFT,1,41637700,0.0196479721472467,0.0,1.0,0.0,1,-1.0,0.0,1.0,0.0047,0.0,0.0,1.0,1.0,1.0,1.0,1.0,33778400.0,39732900.0,26832800.0,24354100.0,0.0048,0.0,0.0,1.0,0.99,0.7254,0.734,1.0,0.012005078632127422,26299180.0
2023-07-26,GOOGL,0,61682100,0.0204504363307207,0.5365,0.0128,0.4507,1,0.5238,0.9768,0.5493,0.0002,0.0,-0.0,-0.9984,1.0,1.0,1.0,1.0,37224000.0,44297900.0,24090900.0,33969900.0,0.0003,0.0001,0.0,0.9993,0.9141,0.5255,0.419,0.0005,0.016862741122958547,34856230.0
2023-07-26,META,0,47256900,0.0327699958072401,1.0,0.0,0.0,1,1.0,1.0,1.0,0.9968,0.0027,0.9981,-0.9997,1.0,1.0,1.0,1.0,42139300.0,20731900.0,30281000.0,33865500.0,0.9968,0.0028,0.9981,0.9997,1.0,0.9987,1.0,0.0,0.021340994086464227,26146570.0
2023-07-26,MSFT,0,58383700,0.0338566892968426,0.0,0.9997,0.0002,2,-0.9997,0.0,0.9998,-1.0,0.0047,0.0,0.5307,1.0,1.0,1.0,2.0,41637700.0,33778400.0,39732900.0,20259500.0,1.0,0.0048,0.0,0.5309,0.0,0.99,0.7254,0.9998,0.012041169758752357,27392330.0
2023-07-27,AAPL,0,47460200,0.0237220375223593,0.0,0.0001,0.9999,1,-0.0001,0.0873,0.0001,0.3212,1.0,-0.0,-0.0565,4.0,1.0,1.0,2.0,85213200.0,46347300.0,50730800.0,53117000.0,0.6714,1.0,0.0,0.0571,0.7392,1.0,0.2641,0.0051,0.00830181178156946,54291580.0
2023-07-27,AMZN,0,52610700,0.0369465951701157,0.0011,0.1388,0.8601,1,-0.1377,0.0077,0.1399,-0.0013,0.0027,1.0,0.113,1.0,1.0,1.0,2.0,39236700.0,48450200.0,61170900.0,61889300.0,0.0037,0.0036,1.0,0.8429,0.3238,0.8771,1.0,0.567,0.016639136207888965,59138260.0
2023-07-27,BRK-B,0,2706700,0.0076135130501827,0.9981,0.0,0.0018,1,0.9981,1.0,0.9982,-0.0,-0.0,0.9963,0.0017,1.0,1.0,1.0,1.0,3014000.0,2565300.0,2831800.0,2625600.0,0.0,0.0002,0.9964,0.002,0.1515,0.4041,1.0,0.9123,0.006707164998091015,3256955.0
2023-07-27,GOOGL,0,44952100,0.0337967059232541,0.0011,0.1388,0.8601,1,-0.1377,0.0077,0.1399,0.5238,0.0002,0.0,-0.0319,1.0,1.0,1.0,1.0,61682100.0,37224000.0,44297900.0,39535900.0,0.5493,0.0003,0.0001,0.0421,0.9768,0.9141,0.5255,0.1219,0.01680266072879503,35768965.0
2023-07-27,META,0,64229200,0.0477054933518759,0.0,0.0004,0.9996,1,-0.0004,0.0072,0.0004,1.0,0.9968,0.0027,0.4974,1.0,1.0,1.0,2.0,47256900.0,42139300.0,20731900.0,47600500.0,1.0,0.9968,0.0028,0.4993,1.0,1.0,0.9987,0.9981,0.021503439001551446,27622010.0
2023-07-28,AMZN,1,46317400,0.0283752996106532,1.0,0.0,0.0,1,1.0,1.0,1.0,-0.1377,-0.0013,0.0027,-0.0001,1.0,1.0,1.0,1.0,52610700.0,39236700.0,48450200.0,49951500.0,0.1399,0.0037,0.0036,0.0001,0.0077,0.3238,0.8771,0.1707,0.01729950674505223,58705575.0
2023-07-28,BRK-B,0,2473300,0.0076586538218355,0.0,0.0,1.0,1,-0.0,0.126,0.0,0.9981,-0.0,-0.0,-0.0004,1.0,1.0,1.0,1.0,2706700.0,3014000.0,2565300.0,4520600.0,0.9982,0.0,0.0002,0.0007,1.0,0.1515,0.4041,0.2103,0.006784637659427558,3213230.0
2023-07-28,JPM,0,9103800,0.007375404826504,0.0,0.0,1.0,1,-0.0,0.126,0.0,0.5069,-0.0857,-0.0,-0.0,2.0,1.0,1.0,1.0,17262400.0,11234900.0,9100100.0,7558600.0,0.5116,0.0859,0.0,0.0,0.9953,0.0007,0.0232,0.1035,0.012612175737561576,12873885.0
2023-07-31,AMZN,1,41901500,0.0111861131269692,0.0068,0.0031,0.9901,2,0.0037,0.6852,0.0099,1.0,-0.1377,-0.0013,1.0,1.0,1.0,1.0,1.0,46317400.0,52610700.0,39236700.0,61170900.0,1.0,0.1399,0.0037,1.0,1.0,0.0077,0.3238,1.0,0.01409520158766512,56238280.0
2023-07-31,META,0,25799600,0.0249312838312934,0.0134,0.0062,0.9803,1,0.0072,0.6831,0.0197,-0.0004,1.0,0.9968,0.9981,1.0,1.0,1.0,1.0,64229200.0,47256900.0,42139300.0,30281000.0,0.0004,1.0,0.9968,0.9981,0.0072,1.0,1.0,1.0,0.023426850432148025,29947255.0
2023-07-31,MSFT,0,25446000,0.0128814753724911,0.0134,0.0062,0.9803,1,0.0072,0.6831,0.0197,-0.9997,-1.0,0.0047,0.0,2.0,1.0,1.0,1.0,58383700.0,41637700.0,33778400.0,26832800.0,0.9998,1.0,0.0048,0.0,0.0,0.0,0.99,0.734,0.01240732877729363,28934180.0
2023-07-31,TSLA,0,84582200,0.0198145191239716,0.0134,0.0062,0.9803,1,0.0072,0.6831,0.0197,-1.0,0.4537,-1.0,0.4908,1.0,2.0,1.0,2.0,161796100.0,175158300.0,142355400.0,131530900.0,1.0,0.5463,1.0,0.4933,0.0,0.9152,0.0,0.9974,0.03120098039529665,159890095.0
2023-08-01,GOOGL,1,23166800,0.0149106302586993,0.0005,0.0007,0.9988,1,-0.0002,0.4118,0.0012,-0.1377,0.5238,0.0002,-0.0,1.0,1.0,1.0,1.0,44952100.0,61682100.0,37224000.0,24090900.0,0.1399,0.5493,0.0003,0.0,0.0077,0.9768,0.9141,0.419,0.017233650288529648,36795565.0
2023-08-01,JPM,0,6853900,0.0117512938422452,0.1655,0.0011,0.8334,1,0.1645,0.9934,0.1666,-0.0,0.5069,-0.0857,0.9683,1.0,2.0,1.0,1.0,9103800.0,17262400.0,11234900.0,8934900.0,0.0,0.5116,0.0859,0.9683,0.126,0.9953,0.0007,1.0,0.011304410124379584,11132510.0
2023-08-01,META,1,22817900,0.0298545403137351,0.9759,0.0001,0.024,1,0.9758,0.9999,0.976,0.0072,-0.0004,1.0,0.0027,1.0,1.0,1.0,1.0,25799600.0,64229200.0,47256900.0,20731900.0,0.0197,0.0004,1.0,0.0028,0.6831,0.0072,1.0,0.9987,0.023693379569926586,30118665.0
2023-08-03,AMZN,1,88585200,0.0269061231993974,1.0,0.0,0.0,2,1.0,1.0,1.0,0.0037,1.0,-0.1377,0.0027,2.0,1.0,1.0,1.0,41901500.0,46317400.0,52610700.0,48450200.0,0.0099,1.0,0.1399,0.0036,0.6852,1.0,0.0077,0.8771,0.014005371417251864,55225390.0
2023-08-07,AMZN,1,71213100,0.0254627718137416,1.0,0.0,0.0,1,1.0,1.0,1.0,1.0,0.0037,1.0,-0.0013,2.0,2.0,1.0,1.0,88585200.0,41901500.0,46317400.0,39236700.0,1.0,0.0099,1.0,0.0037,1.0,0.6852,1.0,0.3238,0.013980640272906873,57084850.0
2023-08-07,JPM,1,7251800,0.0070242069083918,0.0561,0.0009,0.943,1,0.0552,0.984,0.057,0.1645,-0.0,0.5069,-0.0,1.0,1.0,2.0,1.0,6853900.0,9103800.0,17262400.0,9100100.0,0.1666,0.0,0.5116,0.0,0.9934,0.126,0.9953,0.0232,0.010776008010326077,10943740.0
2023-08-07,TSLA,0,111097900,0.0433088070066272,0.0,0.9996,0.0004,1,-0.9996,0.0,0.9996,0.0072,-1.0,0.4537,0.9994,1.0,1.0,2.0,1.0,84582200.0,161796100.0,175158300.0,112120300.0,0.0197,1.0,0.5463,0.9994,0.6831,0.0,0.9152,1.0,0.030882194960324714,156583620.0
2023-08-08,GOOGL,1,23535200,0.0150819269204205,0.0,0.0,1.0,1,-0.0,0.1303,0.0,-0.0002,-0.1377,0.5238,0.0,1.0,1.0,1.0,1.0,23166800.0,44952100.0,61682100.0,44297900.0,0.0012,0.1399,0.5493,0.0001,0.4118,0.0077,0.9768,0.5255,0.017029991559906272,36075345.0
2023-08-08,JPM,1,8623400,0.0219673355932793,0.995,0.0,0.005,2,0.995,1.0,0.995,0.0552,0.1645,-0.0,-0.0857,1.0,1.0,1.0,1.0,7251800.0,6853900.0,9103800.0,11234900.0,0.057,0.1666,0.0,0.0859,0.984,0.9934,0.126,0.0007,0.010563550651208386,10285540.0
2023-08-08,MSFT,0,22327600,0.0175862495420636,0.0284,0.0174,0.9542,1,0.011,0.6204,0.0458,0.0072,-0.9997,-1.0,0.0,1.0,2.0,1.0,1.0,25446000.0,58383700.0,41637700.0,39732900.0,0.0197,0.9998,1.0,0.0,0.6831,0.0,0.0,0.7254,0.012374302635765845,29000695.0
2023-08-09,MSFT,0,22373300,0.0185621880599588,0.0,0.0001,0.9999,2,-0.0001,0.0374,0.0001,0.011,0.0072,-0.9997,0.0047,1.0,1.0,2.0,1.0,22327600.0,25446000.0,58383700.0,33778400.0,0.0458,0.0197,0.9998,0.0048,0.6204,0.6831,0.0,0.99,0.012374063737071773,28947830.0
2023-08-11,AMZN,1,42905800,0.0169578015615494,1.0,0.0,0.0,1,1.0,1.0,1.0,1.0,1.0,0.0037,-0.1377,1.0,2.0,2.0,1.0,71213100.0,88585200.0,41901500.0,52610700.0,1.0,1.0,0.0099,0.1399,1.0,1.0,0.6852,0.0077,0.013475159028211142,58078605.0
2023-08-11,JPM,1,5180700,0.0123505156160539,0.0,0.0,1.0,1,-0.0,0.1561,0.0,0.995,0.0552,0.1645,0.5069,2.0,1.0,1.0,2.0,8623400.0,7251800.0,6853900.0,17262400.0,0.995,0.057,0.1666,0.5116,1.0,0.984,0.9934,0.9953,0.010518986849989585,9862250.0
2023-08-11,META,0,14046300,0.0144099407198303,0.9927,0.0059,0.0015,2,0.9868,0.9941,0.9985,0.9758,0.0072,-0.0004,0.9968,1.0,1.0,1.0,1.0,22817900.0,25799600.0,64229200.0,42139300.0,0.976,0.0197,0.0004,0.9968,0.9999,0.6831,0.0072,1.0,0.02247862572600844,29973200.0
2023-08-14,AMZN,1,47148700,0.0205350417586598,0.0,1.0,0.0,1,-1.0,0.0,1.0,1.0,1.0,1.0,1.0,1.0,1.0,2.0,1.0,42905800.0,71213100.0,88585200.0,46317400.0,1.0,1.0,1.0,1.0,1.0,1.0,1.0,1.0,0.01344236602307501,57602770.0
2023-08-14,BRK-B,1,1990700,0.0059735230940336,0.0001,0.0,0.9999,1,0.0001,0.8177,0.0001,-0.0,0.9981,-0.0,0.9963,1.0,1.0,1.0,1.0,2473300.0,2706700.0,3014000.0,2831800.0,0.0,0.9982,0.0,0.9964,0.126,1.0,0.1515,1.0,0.006237287515867629,3177615.0
2023-08-14,MSFT,1,18836100,0.0123837418865729,0.0096,0.0241,0.9663,1,-0.0145,0.2849,0.0337,-0.0001,0.011,0.0072,-1.0,2.0,1.0,1.0,1.0,22373300.0,22327600.0,25446000.0,41637700.0,0.0001,0.0458,0.0197,1.0,0.0374,0.6204,0.6831,0.0,0.012433419992503232,28591340.0
2023-08-15,BRK-B,0,2863700,0.0119047619047619,0.0,0.0,1.0,1,-0.0,0.017,0.0,0.0001,-0.0,0.9981,-0.0,1.0,1.0,1.0,1.0,1990700.0,2473300.0,2706700.0,2565300.0,0.0001,0.0,0.9982,0.0002,0.8177,0.126,1.0,0.4041,0.006238896145786789,3083675.0
2023-08-15,MSFT,0,16966300,0.0129721437814435,0.0,0.0001,0.9999,1,-0.0001,0.0585,0.0001,-0.0145,-0.0001,0.011,-0.9997,1.0,2.0,1.0,2.0,18836100.0,22373300.0,22327600.0,58383700.0,0.0337,0.0001,0.0458,0.9998,0.2849,0.0374,0.6204,0.0,0.011740344020310264,28194450.0
2023-08-16,AMZN,0,41675900,0.0164735747897537,0.0069,0.0001,0.9931,1,0.0068,0.9925,0.0069,-1.0,1.0,1.0,0.0037,1.0,1.0,1.0,2.0,47148700.0,42905800.0,71213100.0,41901500.0,1.0,1.0,1.0,0.0099,0.0,1.0,1.0,0.6852,0.013500828469372972,56937280.0
2023-08-16,BRK-B,0,2196100,0.0150592110715637,0.6562,0.0695,0.2743,1,0.5867,0.9042,0.7257,-0.0,0.0001,-0.0,-0.0,1.0,1.0,1.0,1.0,2863700.0,1990700.0,2473300.0,3014000.0,0.0,0.0001,0.0,0.0,0.017,0.8177,0.126,0.1515,0.006275606886034465,3061740.0
2023-08-16,MSFT,0,20698900,0.0144015767162286,0.0069,0.0001,0.9931,1,0.0068,0.9925,0.0069,-0.0001,-0.0145,-0.0001,0.0072,1.0,1.0,2.0,1.0,16966300.0,18836100.0,22373300.0,25446000.0,0.0001,0.0337,0.0001,0.0197,0.0585,0.2849,0.0374,0.6831,0.011765278118912988,27749075.0
2023-08-16,TSLA,0,112484500,0.0376721172569861,0.0,0.9999,0.0,1,-0.9999,0.0,1.0,-0.9996,0.0072,-1.0,-1.0,1.0,1.0,1.0,1.0,111097900.0,84582200.0,161796100.0,142355400.0,0.9996,0.0197,1.0,1.0,0.0,0.6831,0.0,0.0,0.030381399589709444,154737020.0
2023-08-16,UNH,0,1454100,0.0150984516293983,0.6562,0.0695,0.2743,1,0.5867,0.9042,0.7257,-0.0,1.0,1.0,-0.9805,1.0,1.0,1.0,1.0,11379300.0,3086800.0,5053100.0,14672400.0,0.0,1.0,1.0,0.9978,0.1905,1.0,1.0,0.0087,0.015385341485113406,5272325.0
2023-08-17,AMZN,0,48354100,0.0188985488831492,0.0054,0.5708,0.4238,3,-0.5654,0.0094,0.5762,0.0068,-1.0,1.0,1.0,1.0,1.0,1.0,2.0,41675900.0,47148700.0,42905800.0,88585200.0,0.0069,1.0,1.0,1.0,0.9925,0.0,1.0,1.0,0.01334785473937096,54808720.0
2023-08-17,GOOGL,1,33446300,0.0208013262214996,0.0,0.0001,0.9999,1,-0.0,0.0192,0.0001,-0.0,-0.0002,-0.1377,0.0002,1.0,1.0,1.0,1.0,23535200.0,23166800.0,44952100.0,37224000.0,0.0,0.0012,0.1399,0.0003,0.1303,0.4118,0.0077,0.9141,0.017100625696838095,35962100.0
2023-08-17,UNH,0,3009500,0.0189916918008001,0.0,0.0,1.0,1,-0.0,0.0318,0.0,0.5867,-0.0,1.0,-0.0,1.0,1.0,1.0,1.0,1454100.0,11379300.0,3086800.0,2968300.0,0.7257,0.0,1.0,0.0,0.9042,0.1905,1.0,0.4463,0.01499204520620741,4978615.384615385
2023-08-18,BRK-B,1,2870600,0.0086778040298623,0.0,0.0,1.0,1,-0.0,0.0238,0.0,0.5867,-0.0,0.0001,0.9981,1.0,1.0,1.0,1.0,2196100.0,2863700.0,1990700.0,2706700.0,0.7257,0.0,0.0001,0.9982,0.9042,0.017,0.8177,1.0,0.0062979058109762604,3057375.0
2023-08-18,GOOGL,0,30504800,0.022332914709053,0.0007,0.0079,0.9913,1,-0.0072,0.0854,0.0087,-0.0,-0.0,-0.0002,0.5238,1.0,1.0,1.0,1.0,33446300.0,23535200.0,23166800.0,61682100.0,0.0001,0.0,0.0012,0.5493,0.0192,0.1303,0.4118,0.9768,0.017061916717918464,36457275.0
2023-08-18,META,1,35347900,0.040533267419535,0.0007,0.0079,0.9913,1,-0.0072,0.0854,0.0087,0.9868,0.9758,0.0072,1.0,2.0,1.0,1.0,1.0,14046300.0,22817900.0,25799600.0,47256900.0,0.9985,0.976,0.0197,1.0,0.9941,0.9999,0.6831,1.0,0.021590852561905037,29395040.0
2023-08-22,JPM,0,9673300,0.0253918894922593,0.0001,0.0093,0.9906,1,-0.0093,0.0097,0.0094,-0.0,0.995,0.0552,-0.0,1.0,2.0,1.0,1.0,5180700.0,8623400.0,7251800.0,9103800.0,0.0,0.995,0.057,0.0,0.1561,1.0,0.984,0.126,0.010612974144746238,9558215.0
2023-08-23,AAPL,1,52722800,0.0180372011183053,0.0,0.0,1.0,2,-0.0,0.4051,0.0,-0.0001,0.3212,1.0,-0.0,1.0,4.0,1.0,1.0,47460200.0,85213200.0,46347300.0,48088700.0,0.0001,0.6714,1.0,0.0,0.0873,0.7392,1.0,0.2121,0.009171648611709434,53815780.0
2023-08-23,AMZN,1,42801000,0.0202973660040079,1.0,0.0,0.0,1,1.0,1.0,1.0,-0.5654,0.0068,-1.0,1.0,3.0,1.0,1.0,1.0,48354100.0,41675900.0,47148700.0,71213100.0,0.5762,0.0069,1.0,1.0,0.0094,0.9925,0.0,1.0,0.013728985279268467,54379920.0
2023-08-23,JPM,1,7858000,0.0145540795025102,0.0,0.0,1.0,1,-0.0,0.0943,0.0,-0.0093,-0.0,0.995,0.1645,1.0,1.0,2.0,1.0,9673300.0,5180700.0,8623400.0,6853900.0,0.0094,0.0,0.995,0.1666,0.0097,0.1561,1.0,0.9934,0.011678289186166143,9689015.0
2023-08-23,META,1,18287000,0.033726102144714,1.0,0.0,0.0,1,1.0,1.0,1.0,-0.0072,0.9868,0.9758,-0.0004,1.0,2.0,1.0,1.0,35347900.0,14046300.0,22817900.0,64229200.0,0.0087,0.9985,0.976,0.0004,0.0854,0.9941,0.9999,0.0072,0.021914419723429935,30125290.0
2023-08-23,MSFT,1,21166400,0.0177259607872408,0.0,0.0,1.0,1,-0.0,0.0486,0.0,0.0068,-0.0001,-0.0145,0.011,1.0,1.0,1.0,1.0,20698900.0,16966300.0,18836100.0,22327600.0,0.0069,0.0001,0.0337,0.0458,0.9925,0.0585,0.2849,0.6204,0.011703395382787017,27764210.0
2023-08-24,AAPL,0,54945800,0.0281729764115013,0.2834,0.0006,0.716,2,0.2828,0.9979,0.284,-0.0,-0.0001,0.3212,-0.0,2.0,1.0,4.0,1.0,52722800.0,47460200.0,85213200.0,50730800.0,0.0,0.0001,0.6714,0.0,0.4051,0.0873,0.7392,0.2641,0.009196861169332628,53876335.0
2023-08-24,AMZN,0,43646300,0.0362903018309429,0.5647,0.0008,0.4345,1,0.5639,0.9985,0.5655,1.0,-0.5654,0.0068,1.0,1.0,3.0,1.0,1.0,42801000.0,48354100.0,41675900.0,42905800.0,1.0,0.5762,0.0069,1.0,1.0,0.0094,0.9925,1.0,0.010962605262202793,52002240.0
2023-08-24,JPM,0,6534000,0.016406767247087,0.0021,0.0064,0.9915,1,-0.0042,0.2505,0.0085,-0.0,-0.0093,-0.0,0.0552,1.0,1.0,1.0,1.0,7858000.0,9673300.0,5180700.0,7251800.0,0.0,0.0094,0.0,0.057,0.0943,0.0097,0.1561,0.984,0.011063367683729397,9446340.0
2023-08-25,AMZN,1,44147500,0.0248357609709045,0.0,0.9989,0.0011,1,-0.9989,0.0,0.9989,0.5639,1.0,-0.5654,-1.0,1.0,1.0,3.0,1.0,43646300.0,42801000.0,48354100.0,47148700.0,0.5655,1.0,0.5762,1.0,0.9985,1.0,0.0094,0.0,0.013448487721860448,50588165.0
2023-08-28,AMZN,0,34108400,0.0156973453721659,0.824,0.0129,0.1631,1,0.8112,0.9846,0.8369,-0.9989,0.5639,1.0,0.0068,1.0,1.0,1.0,1.0,44147500.0,43646300.0,42801000.0,41675900.0,0.9989,0.5655,1.0,0.0069,0.0,0.9985,1.0,0.9925,0.013484186010088958,50455490.0
2023-08-28,MSFT,0,14808500,0.0136031217403584,1.0,0.0,0.0,1,1.0,1.0,1.0,-0.0,0.0068,-0.0001,-0.0001,1.0,1.0,1.0,2.0,21166400.0,20698900.0,16966300.0,22373300.0,0.0,0.0069,0.0001,0.0001,0.0486,0.9925,0.0585,0.0374,0.011858431392565026,27658645.0
2023-08-28,TSLA,0,107673700,0.0372248277316192,1.0,0.0,0.0,1,1.0,1.0,1.0,-0.9999,-0.9996,0.0072,0.4537,1.0,1.0,1.0,2.0,112484500.0,111097900.0,84582200.0,175158300.0,1.0,0.9996,0.0197,0.5463,0.0,0.0,0.6831,0.9152,0.03013500449333958,152141325.0
2023-08-29,GOOGL,1,43075600,0.032743509159023,0.3359,0.0001,0.664,1,0.3357,0.9996,0.336,-0.0072,-0.0,-0.0,-0.1377,1.0,1.0,1.0,1.0,30504800.0,33446300.0,23535200.0,44952100.0,0.0087,0.0001,0.0,0.1399,0.0854,0.0192,0.1303,0.0077,0.016637755081609775,35649310.0
2023-08-30,AMZN,1,36137000,0.0130437604859652,0.0011,0.0019,0.997,2,-0.0008,0.3737,0.003,0.8112,-0.9989,0.5639,-0.5654,1.0,1.0,1.0,3.0,34108400.0,44147500.0,43646300.0,48354100.0,0.8369,0.9989,0.5655,0.5762,0.9846,0.0,0.9985,0.0094,0.013441240704068942,50122860.0
2023-08-30,BRK-B,1,3058300,0.0113765901255219,0.0,0.0001,0.9999,1,-0.0001,0.1349,0.0001,-0.0,0.5867,-0.0,-0.0,1.0,1.0,1.0,1.0,2870600.0,2196100.0,2863700.0,2473300.0,0.0,0.7257,0.0,0.0,0.0238,0.9042,0.017,0.126,0.006248153210320242,3073460.0
2023-08-30,GOOGL,1,28315800,0.0163970283060842,0.0,0.0,1.0,1,-0.0,0.4914,0.0,0.3357,-0.0072,-0.0,-0.0002,1.0,1.0,1.0,1.0,43075600.0,30504800.0,33446300.0,23166800.0,0.336,0.0087,0.0001,0.0012,0.9996,0.0854,0.0192,0.4118,0.017109509347772552,36713320.0
2023-08-30,TSLA,1,121988400,0.0390244435359067,0.4984,0.0015,0.5,2,0.4969,0.9969,0.5,1.0,-0.9999,-0.9996,-1.0,1.0,1.0,1.0,1.0,107673700.0,112484500.0,111097900.0,161796100.0,1.0,1.0,0.9996,1.0,1.0,0.0,0.0,0.0,0.029645445451791177,150179430.0
2023-08-31,AAPL,1,60794500,0.0087308316738805,0.5,0.0,0.5,2,0.5,1.0,0.5,0.2828,-0.0,-0.0001,1.0,2.0,2.0,1.0,1.0,54945800.0,52722800.0,47460200.0,46347300.0,0.284,0.0,0.0001,1.0,0.9979,0.4051,0.0873,1.0,0.010900004576068682,54354120.0
2023-08-31,GOOGL,1,30053800,0.0162488552542078,0.0,0.0,1.0,1,-0.0,0.0708,0.0,-0.0,0.3357,-0.0072,-0.0,1.0,1.0,1.0,1.0,28315800.0,43075600.0,30504800.0,23535200.0,0.0,0.336,0.0087,0.0,0.4914,0.9996,0.0854,0.1303,0.017073082166027386,36958135.0
2023-08-31,MSFT,0,26411000,0.0125455793732328,1.0,0.0,0.0,1,1.0,1.0,1.0,1.0,-0.0,0.0068,-0.0145,1.0,1.0,1.0,1.0,14808500.0,21166400.0,20698900.0,18836100.0,1.0,0.0,0.0069,0.0337,1.0,0.0486,0.9925,0.2849,0.011764857786756145,27186055.0
2023-08-31,TSLA,1,108861700,0.0239471432390681,0.0,0.0004,0.9996,1,-0.0004,0.0042,0.0004,0.4969,1.0,-0.9999,0.0072,2.0,1.0,1.0,1.0,121988400.0,107673700.0,112484500.0,84582200.0,0.5,1.0,1.0,0.0197,0.9969,1.0,0.0,0.6831,0.029689879599983832,146993310.0
2023-08-31,UNH,0,4927700,0.0356040281518407,0.9993,0.0001,0.0005,1,0.9992,0.9999,0.9995,-0.0,0.5867,-0.0,1.0,1.0,1.0,1.0,1.0,3009500.0,1454100.0,11379300.0,5053100.0,0.0,0.7257,0.0,1.0,0.0318,0.9042,0.1905,1.0,0.014436166100344996,4837964.285714285
2023-09-01,AMZN,0,40991500,0.0220851977827162,0.0003,0.0003,0.9994,1,-0.0,0.4805,0.0006,-0.0008,0.8112,-0.9989,1.0,2.0,1.0,1.0,1.0,36137000.0,34108400.0,44147500.0,42801000.0,0.003,0.8369,0.9989,1.0,0.3737,0.9846,0.0,1.0,0.013343690849700053,49212175.0
2023-09-01,JPM,1,7903500,0.0162913610957165,0.0,0.0006,0.9994,1,-0.0006,0.0628,0.0006,-0.0042,-0.0,-0.0093,0.995,1.0,1.0,1.0,2.0,6534000.0,7858000.0,9673300.0,8623400.0,0.0085,0.0,0.0094,0.995,0.2505,0.0943,0.0097,1.0,0.009777597911334061,9202915.0
2023-09-05,BRK-B,0,2976800,0.0177805901227982,0.0,0.004,0.996,1,-0.004,0.0008,0.004,-0.0001,-0.0,0.5867,0.0001,1.0,1.0,1.0,1.0,3058300.0,2870600.0,2196100.0,1990700.0,0.0001,0.0,0.7257,0.0001,0.1349,0.0238,0.9042,0.8177,0.006345973973659058,3119400.0
2023-09-05,GOOGL,1,19403100,0.0135853241636395,0.0,0.0,1.0,1,-0.0,0.0436,0.0,-0.0,-0.0,0.3357,-0.0,1.0,1.0,1.0,1.0,30053800.0,28315800.0,43075600.0,33446300.0,0.0,0.0,0.336,0.0001,0.0708,0.4914,0.9996,0.0192,0.01513762520872667,35303155.0
2023-09-06,AMZN,0,41785500,0.0208333053499335,0.0008,0.25,0.7492,4,-0.2493,0.003,0.2508,-0.0,-0.0008,0.8112,0.5639,1.0,2.0,1.0,1.0,40991500.0,36137000.0,34108400.0,43646300.0,0.0006,0.003,0.8369,0.5655,0.4805,0.3737,0.9846,0.9985,0.013288720278387746,49162135.0
2023-09-06,GOOGL,0,18684500,0.021026323485645,0.0,0.5,0.5,2,-0.5,0.0,0.5,-0.0,-0.0,-0.0,-0.0072,1.0,1.0,1.0,1.0,19403100.0,30053800.0,28315800.0,30504800.0,0.0,0.0,0.0,0.0087,0.0436,0.0708,0.4914,0.0854,0.015126316952852745,34459970.0
2023-09-06,MSFT,0,17535800,0.0128381988019987,0.0,0.0,1.0,1,-0.0,0.0924,0.0,1.0,1.0,-0.0,-0.0001,1.0,1.0,1.0,1.0,26411000.0,14808500.0,21166400.0,16966300.0,1.0,1.0,0.0,0.0001,1.0,1.0,0.0486,0.0585,0.011809612363480477,27359040.0
2023-09-07,AMZN,1,48498900,0.0363703908825597,1.0,0.0,0.0,1,1.0,1.0,1.0,-0.2493,-0.0,-0.0008,-0.9989,4.0,1.0,2.0,1.0,41785500.0,40991500.0,36137000.0,44147500.0,0.2508,0.0006,0.003,0.9989,0.003,0.4805,0.3737,0.0,0.012973329630876784,48156945.0
2023-09-07,JPM,0,8373700,0.0130438133568446,0.0,0.0,1.0,1,0.0,0.5733,0.0,-0.0006,-0.0042,-0.0,-0.0,1.0,1.0,1.0,1.0,7903500.0,6534000.0,7858000.0,5180700.0,0.0006,0.0085,0.0,0.0,0.0628,0.2505,0.0943,0.1561,0.009773833515564405,9169190.0
2023-09-07,META,1,33748700,0.0497650556116296,0.0,0.0,1.0,1,-0.0,0.0719,0.0,1.0,-0.0072,0.9868,0.0072,1.0,1.0,2.0,1.0,18287000.0,35347900.0,14046300.0,25799600.0,1.0,0.0087,0.9985,0.0197,1.0,0.0854,0.9941,0.6831,0.02143958582168935,29731460.0
2023-09-08,MSFT,1,19530100,0.020297531828783,0.0144,0.0002,0.9854,1,0.0142,0.9868,0.0146,-0.0,1.0,1.0,0.0068,1.0,1.0,1.0,1.0,17535800.0,26411000.0,14808500.0,20698900.0,0.0,1.0,1.0,0.0069,0.0924,1.0,1.0,0.9925,0.011624377072591223,26935640.0
2023-09-11,META,1,19489300,0.0257456941420041,1.0,0.0,0.0,1,1.0,1.0,1.0,-0.0,1.0,-0.0072,0.9758,1.0,1.0,1.0,1.0,33748700.0,18287000.0,35347900.0,22817900.0,0.0,1.0,0.0087,0.976,0.0719,1.0,0.0854,0.9999,0.021338603248658244,30571405.0
2023-09-12,JPM,1,8363200,0.0226297873526708,0.0,1.0,0.0,1,-1.0,0.0,1.0,0.0,-0.0006,-0.0042,-0.0093,1.0,1.0,1.0,1.0,8373700.0,7903500.0,6534000.0,9673300.0,0.0,0.0006,0.0085,0.0094,0.5733,0.0628,0.2505,0.0097,0.009802503166238163,9164250.0
2023-09-13,AAPL,0,84267900,0.0188091747070458,0.9978,0.0,0.0022,1,0.9978,1.0,0.9978,0.5,0.2828,-0.0,0.3212,2.0,2.0,2.0,4.0,60794500.0,54945800.0,52722800.0,85213200.0,0.5,0.284,0.0,0.6714,1.0,0.9979,0.4051,0.7392,0.010907351315912474,55318035.0
2023-09-13,MSFT,1,16544400,0.0171440424908297,0.6384,0.0001,0.3615,1,0.6384,0.9999,0.6385,0.0142,-0.0,1.0,-0.0,1.0,1.0,1.0,1.0,19530100.0,17535800.0,26411000.0,21166400.0,0.0146,0.0,1.0,0.0,0.9868,0.0924,1.0,0.0486,0.009465710536845728,25967190.0
2023-09-14,AAPL,1,60895800,0.0144827831750628,0.0,0.0,1.0,1,-0.0,0.1247,0.0,0.9978,0.5,0.2828,-0.0001,1.0,2.0,2.0,1.0,84267900.0,60794500.0,54945800.0,47460200.0,0.9978,0.5,0.284,0.0001,1.0,1.0,0.9979,0.0873,0.011398466566850304,56767635.0
2023-09-14,AMZN,0,64033600,0.0200579240790062,0.0457,0.0013,0.953,1,0.0444,0.9724,0.047,1.0,-0.2493,-0.0,0.8112,1.0,4.0,1.0,1.0,48498900.0,41785500.0,40991500.0,34108400.0,1.0,0.2508,0.0006,0.8369,1.0,0.003,0.4805,0.9846,0.014550076996594247,48084315.0
2023-09-15,AMZN,0,102909300,0.0243886111625595,1.0,0.0,0.0,1,1.0,1.0,1.0,0.0444,1.0,-0.2493,-0.0008,1.0,1.0,4.0,2.0,64033600.0,48498900.0,41785500.0,36137000.0,0.047,1.0,0.2508,0.003,0.9724,1.0,0.003,0.3737,0.014554002409381685,48227450.0
2023-09-15,META,0,28131100,0.0425211020919344,0.0,0.0,1.0,1,-0.0,0.3034,0.0,1.0,-0.0,1.0,0.9868,1.0,1.0,1.0,2.0,19489300.0,33748700.0,18287000.0,14046300.0,1.0,0.0,1.0,0.9985,1.0,0.0719,1.0,0.9941,0.021581766314333558,30737670.0
2023-09-18,AAPL,1,67257600,0.0181890684019676,0.5,0.0,0.5,2,0.5,1.0,0.5,-0.0,0.9978,0.5,-0.0,1.0,1.0,2.0,2.0,60895800.0,84267900.0,60794500.0,52722800.0,0.0,0.9978,0.5,0.0,0.1247,1.0,1.0,0.4051,0.011331881996697176,57546080.0
2023-09-18,AMZN,0,42823500,0.0180096729516123,1.0,0.0,0.0,1,1.0,1.0,1.0,1.0,0.0444,1.0,-0.0,1.0,1.0,1.0,1.0,102909300.0,64033600.0,48498900.0,40991500.0,1.0,0.047,1.0,0.0006,1.0,0.9724,1.0,0.4805,0.014908521498695333,50950405.0
2023-09-18,BRK-B,1,3130900,0.0095848649068496,0.0003,0.9928,0.0069,1,-0.9926,0.0003,0.9931,-0.004,-0.0001,-0.0,-0.0,1.0,1.0,1.0,1.0,2976800.0,3058300.0,2870600.0,2863700.0,0.004,0.0001,0.0,0.0,0.0008,0.1349,0.0238,0.017,0.006100052888968076,3070130.0
2023-09-18,JPM,1,6512400,0.0093817451086086,0.1452,0.1266,0.7282,1,0.0186,0.5343,0.2718,-1.0,0.0,-0.0006,-0.0,1.0,1.0,1.0,1.0,8363200.0,8373700.0,7903500.0,7858000.0,1.0,0.0,0.0006,0.0,0.0,0.5733,0.0628,0.0943,0.010014734528838996,8970005.0
2023-09-18,META,1,14234200,0.0194507470507384,0.1452,0.1266,0.7282,1,0.0186,0.5343,0.2718,-0.0,1.0,-0.0,-0.0072,1.0,1.0,1.0,1.0,28131100.0,19489300.0,33748700.0,35347900.0,0.0,1.0,0.0,0.0087,0.3034,1.0,0.0719,0.0854,0.02165790284320304,30845550.0
2023-09-19,AAPL,1,51826900,0.0140829198953992,0.0002,0.0003,0.9995,1,-0.0001,0.4345,0.0005,0.5,-0.0,0.9978,0.2828,2.0,1.0,1.0,2.0,67257600.0,60895800.0,84267900.0,54945800.0,0.5,0.0,0.9978,0.284,1.0,0.1247,1.0,0.9979,0.011379752622787566,58433225.0
2023-09-19,AMZN,0,61482500,0.0236481532189279,1.0,0.0,0.0,1,1.0,1.0,1.0,1.0,1.0,0.0444,-0.2493,1.0,1.0,1.0,4.0,42823500.0,102909300.0,64033600.0,41785500.0,1.0,1.0,0.047,0.2508,1.0,1.0,0.9724,0.003,0.014922678549753545,51129745.0
2023-09-19,BRK-B,0,2603700,0.0131309995976317,0.0029,0.0152,0.9819,1,-0.0123,0.1601,0.0181,-0.9926,-0.004,-0.0001,0.5867,1.0,1.0,1.0,1.0,3130900.0,2976800.0,3058300.0,2196100.0,0.9931,0.004,0.0001,0.7257,0.0003,0.0008,0.1349,0.9042,0.005893949154254613,3072085.0
2023-09-19,GOOGL,1,20353700,0.0130258227970665,0.0,0.0,1.0,1,-0.0,0.084,0.0,-0.5,-0.0,-0.0,0.3357,2.0,1.0,1.0,1.0,18684500.0,19403100.0,30053800.0,43075600.0,0.5,0.0,0.0,0.336,0.0,0.0436,0.0708,0.9996,0.014839665661586182,33632485.0
2023-09-19,MSFT,1,16505900,0.0149615374863197,0.0001,0.0001,0.9998,3,-0.0,0.4198,0.0002,0.6384,0.0142,-0.0,1.0,1.0,1.0,1.0,1.0,16544400.0,19530100.0,17535800.0,14808500.0,0.6385,0.0146,0.0,1.0,0.9999,0.9868,0.0924,1.0,0.009936881881217762,25538520.0
2023-09-20,AAPL,0,58436200,0.0239875219431283,0.9997,0.0,0.0003,1,0.9997,1.0,0.9997,-0.0001,0.5,-0.0,0.5,1.0,2.0,1.0,2.0,51826900.0,67257600.0,60895800.0,60794500.0,0.0005,0.5,0.0,0.5,0.4345,1.0,0.1247,1.0,0.011259308730473675,58282820.0
2023-09-20,AMZN,0,46263700,0.030097423869327,0.9997,0.0,0.0003,1,0.9997,1.0,0.9997,1.0,1.0,1.0,1.0,1.0,1.0,1.0,1.0,61482500.0,42823500.0,102909300.0,48498900.0,1.0,1.0,1.0,1.0,1.0,1.0,1.0,1.0,0.014251645006183327,51573335.0
2023-09-20,JPM,0,7332000,0.0140995703067725,0.0,1.0,0.0,2,-1.0,0.0,1.0,0.0186,-1.0,0.0,-0.0042,1.0,1.0,1.0,1.0,6512400.0,8363200.0,8373700.0,6534000.0,0.2718,1.0,0.0,0.0085,0.5343,0.0,0.5733,0.2505,0.010013834192264757,8649500.0
2023-09-20,UNH,1,3724800,0.0330812443358362,0.0,0.0,1.0,1,-0.0,0.007,0.0,0.9992,-0.0,0.5867,1.0,1.0,1.0,1.0,1.0,4927700.0,3009500.0,1454100.0,3086800.0,0.9995,0.0,0.7257,1.0,0.9999,0.0318,0.9042,1.0,0.01622393670177268,4843946.666666667
2023-09-21,GOOGL,0,31503900,0.0164332650882534,0.0001,0.3857,0.6141,3,-0.3856,0.0003,0.3859,-0.0,-0.5,-0.0,-0.0,1.0,2.0,1.0,1.0,20353700.0,18684500.0,19403100.0,28315800.0,0.0,0.5,0.0,0.0,0.084,0.0,0.0436,0.4914,0.014816600173531091,33301165.0
2023-09-21,JPM,0,8052400,0.0150426967960369,0.0,0.0015,0.9985,1,-0.0015,0.0021,0.0015,-1.0,0.0186,-1.0,-0.0006,2.0,1.0,1.0,1.0,7332000.0,6512400.0,8363200.0,7903500.0,1.0,0.2718,1.0,0.0006,0.0,0.5343,0.0,0.0628,0.010308584940854225,8653645.0
2023-09-21,MSFT,1,35560400,0.0324187364120978,0.0001,0.9998,0.0001,1,-0.9997,0.0001,0.9999,-0.0,0.6384,0.0142,1.0,3.0,1.0,1.0,1.0,16505900.0,16544400.0,19530100.0,26411000.0,0.0002,0.6385,0.0146,1.0,0.4198,0.9999,0.9868,1.0,0.010082410186386935,25206470.0
2023-09-22,MSFT,0,21447900,0.0164945169604674,0.0,0.0001,0.9999,2,-0.0001,0.055,0.0001,-0.9997,-0.0,0.6384,-0.0,1.0,3.0,1.0,1.0,35560400.0,16505900.0,16544400.0,17535800.0,0.9999,0.0002,0.6385,0.0,0.0001,0.4198,0.9999,0.0924,0.009902106699849889,25766785.0
2023-09-25,AMZN,1,46017800,0.02326835569445,0.5,0.0,0.5,2,0.5,1.0,0.5,0.9997,1.0,1.0,0.0444,1.0,1.0,1.0,1.0,46263700.0,61482500.0,42823500.0,64033600.0,0.9997,1.0,1.0,0.047,1.0,1.0,1.0,0.9724,0.014403235544805625,51570650.0
2023-09-25,META,1,18987000,0.0245230673818677,0.0014,0.5107,0.4879,1,-0.5093,0.0028,0.5121,0.0186,-0.0,1.0,1.0,1.0,1.0,1.0,1.0,14234200.0,28131100.0,19489300.0,18287000.0,0.2718,0.0,1.0,1.0,0.5343,0.3034,1.0,1.0,0.021936535563036715,30529450.0
2023-09-25,TSLA,1,104636600,0.036116395630587,0.0014,0.5107,0.4879,1,-0.5093,0.0028,0.5121,-0.0004,0.4969,1.0,-0.9996,1.0,2.0,1.0,1.0,108861700.0,121988400.0,107673700.0,111097900.0,0.0004,0.5,1.0,0.9996,0.0042,0.9969,1.0,0.0,0.027421588984980802,144211910.0
2023-09-26,AMZN,0,73048200,0.0392714479104417,0.0114,0.099,0.8895,3,-0.0876,0.1034,0.1105,0.5,0.9997,1.0,1.0,2.0,1.0,1.0,1.0,46017800.0,46263700.0,61482500.0,102909300.0,0.5,0.9997,1.0,1.0,1.0,1.0,1.0,1.0,0.014847788697264167,51776465.0
2023-09-26,GOOGL,0,25718700,0.0241966501215165,0.0337,0.0058,0.9605,1,0.0279,0.854,0.0395,-0.3856,-0.0,-0.5,-0.0,3.0,1.0,2.0,1.0,31503900.0,20353700.0,18684500.0,30053800.0,0.3859,0.0,0.5,0.0,0.0003,0.084,0.0,0.0708,0.012661051998775987,32249410.0
2023-09-26,JPM,1,7468400,0.0111341669598478,0.0,0.0003,0.9997,1,-0.0003,0.0138,0.0003,-0.0015,-1.0,0.0186,0.0,1.0,2.0,1.0,1.0,8052400.0,7332000.0,6512400.0,8373700.0,0.0015,1.0,0.2718,0.0,0.0021,0.0,0.5343,0.5733,0.009620367452671814,8589110.0
2023-09-26,TSLA,1,101993600,0.0324718064383199,0.0,0.0,1.0,1,-0.0,0.0616,0.0,-0.5093,-0.0004,0.4969,-0.9999,1.0,1.0,2.0,1.0,104636600.0,108861700.0,121988400.0,112484500.0,0.5121,0.0004,0.5,1.0,0.0028,0.0042,0.9969,0.0,0.027177177935360588,141324525.0
2023-09-27,AMZN,1,66553400,0.0266380887930227,0.001,0.0105,0.9886,1,-0.0095,0.0846,0.0114,-0.0876,0.5,0.9997,1.0,3.0,2.0,1.0,1.0,73048200.0,46017800.0,46263700.0,42823500.0,0.1105,0.5,0.9997,1.0,0.1034,1.0,1.0,1.0,0.01596780959637257,50999615.0
2023-09-27,META,0,36429800,0.04829415429695,0.0,0.0,1.0,2,-0.0,0.1932,0.0,-0.5093,0.0186,-0.0,-0.0,1.0,1.0,1.0,1.0,18987000.0,14234200.0,28131100.0,33748700.0,0.5121,0.2718,0.0,0.0,0.0028,0.5343,0.3034,0.0719,0.02177985691338704,30600645.0
2023-09-27,MSFT,1,19410100,0.014761400998256,0.0,0.0,1.0,1,-0.0,0.0944,0.0,-0.0001,-0.9997,-0.0,0.0142,2.0,1.0,3.0,1.0,21447900.0,35560400.0,16505900.0,19530100.0,0.0001,0.9999,0.0002,0.0146,0.055,0.0001,0.4198,0.9868,0.010269716067146623,25826205.0
2023-09-27,TSLA,0,136597200,0.0440104816251404,1.0,0.0,0.0,1,1.0,1.0,1.0,-0.0,-0.5093,-0.0004,1.0,1.0,1.0,1.0,1.0,101993600.0,104636600.0,108861700.0,107673700.0,0.0,0.5121,0.0004,1.0,0.0616,0.0028,0.0042,1.0,0.027184022085719378,137895430.0
2023-09-28,AAPL,1,56294400,0.0260423039888931,0.0001,0.9999,0.0,1,-0.9998,0.0001,1.0,0.9997,-0.0001,0.5,0.9978,1.0,1.0,2.0,1.0,58436200.0,51826900.0,67257600.0,84267900.0,0.9997,0.0005,0.5,0.9978,1.0,0.4345,1.0,1.0,0.01245327255345136,58104785.0
2023-09-28,AMZN,1,54555000,0.028539188079643,1.0,0.0,0.0,1,0.9999,1.0,1.0,-0.0095,-0.0876,0.5,1.0,1.0,3.0,2.0,1.0,66553400.0,73048200.0,46017800.0,61482500.0,0.0114,0.1105,0.5,1.0,0.0846,0.1034,1.0,1.0,0.015755650474881023,50766630.0
2023-09-28,GOOGL,1,22513100,0.0270333476942705,0.9999,0.0,0.0,2,0.9999,1.0,1.0,0.0279,-0.3856,-0.0,-0.0,1.0,3.0,1.0,1.0,25718700.0,31503900.0,20353700.0,19403100.0,0.0395,0.3859,0.0,0.0,0.854,0.0003,0.084,0.0436,0.012662738896805916,32421430.0
2023-09-28,JPM,1,8868100,0.0195515493178713,1.0,0.0,0.0,1,1.0,1.0,1.0,-0.0003,-0.0015,-1.0,-1.0,1.0,1.0,2.0,1.0,7468400.0,8052400.0,7332000.0,8363200.0,0.0003,0.0015,1.0,1.0,0.0138,0.0021,0.0,0.0,0.008418727539244468,8458770.0
2023-09-29,AMZN,0,62411700,0.0220748382919439,1.0,0.0,0.0,1,1.0,1.0,1.0,0.9999,-0.0095,-0.0876,0.9997,1.0,1.0,3.0,1.0,54555000.0,66553400.0,73048200.0,46263700.0,1.0,0.0114,0.1105,0.9997,1.0,0.0846,0.1034,1.0,0.016176280216163803,51349090.0
2023-09-29,JPM,0,11917800,0.0262449107422486,0.0,0.0001,0.9999,1,-0.0001,0.0098,0.0001,1.0,-0.0003,-0.0015,0.0186,1.0,1.0,1.0,1.0,8868100.0,7468400.0,8052400.0,6512400.0,1.0,0.0003,0.0015,0.2718,1.0,0.0138,0.0021,0.5343,0.008453257924022338,8524245.0
2023-09-29,META,0,25373700,0.03669734243506,0.0495,0.3846,0.5659,2,-0.335,0.1141,0.4341,-0.0,-0.5093,0.0186,1.0,2.0,1.0,1.0,1.0,36429800.0,18987000.0,14234200.0,19489300.0,0.0,0.5121,0.2718,1.0,0.1932,0.0028,0.5343,1.0,0.02090330878291995,29867535.0
2023-09-29,MSFT,0,24147300,0.0141305750885128,1.0,0.0,0.0,2,1.0,1.0,1.0,-0.0,-0.0001,-0.9997,0.6384,1.0,2.0,1.0,1.0,19410100.0,21447900.0,35560400.0,16544400.0,0.0,0.0001,0.9999,0.6385,0.0944,0.055,0.0001,0.9999,0.010051915102630343,25455070.0
2023-10-02,META,1,16265600,0.0183325228644951,0.0,0.0,1.0,1,-0.0,0.1177,0.0,-0.335,-0.0,-0.5093,-0.0,2.0,2.0,1.0,1.0,25373700.0,36429800.0,18987000.0,28131100.0,0.4341,0.0,0.5121,0.0,0.1141,0.1932,0.0028,0.3034,0.020067152106349212,29924585.0
2023-10-02,UNH,1,3550400,0.023144051263591,0.0,0.0,1.0,1,-0.0,0.141,0.0,-0.0,0.9992,-0.0,-0.0,1.0,1.0,1.0,1.0,3724800.0,4927700.0,3009500.0,11379300.0,0.0,0.9995,0.0,0.0,0.007,0.9999,0.0318,0.1905,0.01655380552205153,4774000.0
2023-10-03,AAPL,1,49594600,0.0163125371426982,0.0,0.0,1.0,2,-0.0,0.1053,0.0,-0.9998,0.9997,-0.0001,-0.0,1.0,1.0,1.0,1.0,56294400.0,58436200.0,51826900.0,60895800.0,1.0,0.9997,0.0005,0.0,0.0001,1.0,0.4345,0.1247,0.01244075999795648,57677085.0
2023-10-03,AMZN,0,51565000,0.0333437791181215,0.0,0.0,1.0,1,-0.0,0.1216,0.0,1.0,0.9999,-0.0095,0.5,1.0,1.0,1.0,2.0,62411700.0,54555000.0,66553400.0,46017800.0,1.0,1.0,0.0114,0.5,1.0,1.0,0.0846,1.0,0.015490490407736767,52112240.0
2023-10-03,BRK-B,0,3151700,0.0175882584240248,0.0,0.0009,0.9991,1,-0.0009,0.0195,0.0009,-0.0123,-0.9926,-0.004,-0.0,1.0,1.0,1.0,1.0,2603700.0,3130900.0,2976800.0,2870600.0,0.0181,0.9931,0.004,0.0,0.1601,0.0003,0.0008,0.0238,0.005128871946759672,3043200.0
2023-10-03,GOOGL,0,22989400,0.0180677775484137,0.0,0.0,1.0,1,-0.0,0.1216,0.0,0.9999,0.0279,-0.3856,-0.5,2.0,1.0,3.0,2.0,22513100.0,25718700.0,31503900.0,18684500.0,1.0,0.0395,0.3859,0.5,1.0,0.854,0.0003,0.0,0.013272545898541056,31801405.0
2023-10-03,META,0,17362300,0.0234338202076792,0.0,0.0,1.0,2,-0.0,0.3997,0.0,-0.0,-0.335,-0.0,0.0186,1.0,2.0,2.0,1.0,16265600.0,25373700.0,36429800.0,14234200.0,0.0,0.4341,0.0,0.2718,0.1177,0.1141,0.1932,0.5343,0.020255416052901324,29753120.0
2023-10-03,MSFT,0,21033500,0.0317302734140357,0.0,0.0001,0.9999,2,-0.0001,0.2701,0.0001,1.0,-0.0,-0.0001,-0.0,2.0,1.0,2.0,3.0,24147300.0,19410100.0,21447900.0,16505900.0,1.0,0.0,0.0001,0.0002,1.0,0.0944,0.055,0.4198,0.009317124540243703,24675790.0
2023-10-04,AAPL,1,53020300,0.0189374338799171,0.0,0.0,1.0,2,-0.0,0.1764,0.0,-0.0,-0.9998,0.9997,0.5,2.0,1.0,1.0,2.0,49594600.0,56294400.0,58436200.0,67257600.0,0.0,1.0,0.9997,0.5,0.1053,0.0001,1.0,1.0,0.01237054648355088,57059585.0
2023-10-04,AMZN,1,44203900,0.0133269898279579,0.0,0.0,1.0,1,-0.0,0.1961,0.0,-0.0,1.0,0.9999,-0.0876,1.0,1.0,1.0,3.0,51565000.0,62411700.0,54555000.0,73048200.0,0.0,1.0,1.0,0.1105,0.1216,1.0,1.0,0.1034,0.016042873094057674,52606695.0
2023-10-04,GOOGL,1,26752300,0.0228933556640168,0.2503,0.0007,0.749,4,0.2496,0.9972,0.251,-0.0,0.9999,0.0279,-0.0,1.0,2.0,1.0,1.0,22989400.0,22513100.0,25718700.0,20353700.0,0.0,1.0,0.0395,0.0,0.1216,1.0,0.854,0.084,0.012700502830631706,31252380.0
2023-10-05,GOOGL,0,19832600,0.0151033422247848,0.0,0.0,1.0,1,-0.0,0.1302,0.0,0.2496,-0.0,0.9999,-0.3856,4.0,1.0,2.0,3.0,26752300.0,22989400.0,22513100.0,31503900.0,0.251,0.0,1.0,0.3859,0.9972,0.1216,1.0,0.0003,0.013134590143145908,30613200.0
2023-10-05,UNH,1,2790700,0.0136429597219502,0.0,0.0,1.0,1,-0.0,0.3454,0.0,-0.0,-0.0,0.9992,0.5867,1.0,1.0,1.0,1.0,3550400.0,3724800.0,4927700.0,1454100.0,0.0,0.0,0.9995,0.7257,0.141,0.007,0.9999,0.9042,0.01663926356671713,4702023.529411765
2023-10-06,AAPL,1,57266700,0.0276755623298256,0.467,0.0034,0.5296,2,0.4635,0.9927,0.4704,-0.0,-0.0,-0.9998,-0.0001,2.0,2.0,1.0,1.0,53020300.0,49594600.0,56294400.0,51826900.0,0.0,0.0,1.0,0.0005,0.1764,0.1053,0.0001,0.4345,0.012371224206541041,57199855.0
2023-10-06,JPM,1,10270600,0.0261703547500202,0.0,0.0,1.0,1,-0.0,0.1488,0.0,-0.0001,1.0,-0.0003,-1.0,1.0,1.0,1.0,2.0,11917800.0,8868100.0,7468400.0,7332000.0,0.0001,1.0,0.0003,1.0,0.0098,1.0,0.0138,0.0,0.010291203402543402,8673390.0
2023-10-06,META,1,21803900,0.0510880897417648,0.9274,0.0021,0.0705,1,0.9253,0.9977,0.9295,-0.0,-0.0,-0.335,-0.5093,2.0,1.0,2.0,1.0,17362300.0,16265600.0,25373700.0,18987000.0,0.0,0.0,0.4341,0.5121,0.3997,0.1177,0.1141,0.0028,0.019437586117667435,28927960.0
2023-10-06,MSFT,1,25673600,0.0407203132064812,0.0066,0.0047,0.9887,1,0.0018,0.5808,0.0113,-0.0001,1.0,-0.0,-0.9997,2.0,2.0,1.0,1.0,21033500.0,24147300.0,19410100.0,35560400.0,0.0001,1.0,0.0,0.9999,0.2701,1.0,0.0944,0.0001,0.009785240667726165,24038545.0
2023-10-09,AAPL,1,42390800,0.0183813135279467,0.0,0.0001,0.9999,1,-0.0001,0.0374,0.0001,0.4635,-0.0,-0.0,0.9997,2.0,2.0,2.0,1.0,57266700.0,53020300.0,49594600.0,58436200.0,0.4704,0.0,0.0,0.9997,0.9927,0.1764,0.1053,1.0,0.012822799755191546,57349445.0
2023-10-09,BRK-B,1,2762800,0.0089182181365057,0.0,0.0,1.0,1,-0.0,0.0106,0.0,-0.0009,-0.0123,-0.9926,-0.0001,1.0,1.0,1.0,1.0,3151700.0,2603700.0,3130900.0,3058300.0,0.0009,0.0181,0.9931,0.0001,0.0195,0.1601,0.0003,0.1349,0.00529330085788983,3053135.0
2023-10-09,JPM,1,6964900,0.0132256289019258,0.0,0.9997,0.0003,1,-0.9997,0.0,0.9997,-0.0,-0.0001,1.0,-0.0015,1.0,1.0,1.0,1.0,10270600.0,11917800.0,8868100.0,8052400.0,0.0,0.0001,1.0,0.0015,0.1488,0.0098,1.0,0.0021,0.010746749547056464,8731915.0
2023-10-09,MSFT,1,19891200,0.0219245423162047,0.0191,0.0005,0.9803,1,0.0186,0.973,0.0197,0.0018,-0.0001,1.0,-0.0001,1.0,2.0,2.0,2.0,25673600.0,21033500.0,24147300.0,21447900.0,0.0113,0.0001,1.0,0.0001,0.5808,0.2701,1.0,0.055,0.01228115936641537,23240340.0
2023-10-10,BRK-B,1,2858600,0.0115562241084293,0.0,0.0017,0.9983,1,-0.0017,0.0016,0.0017,-0.0,-0.0009,-0.0123,-0.004,1.0,1.0,1.0,1.0,2762800.0,3151700.0,2603700.0,2976800.0,0.0,0.0009,0.0181,0.004,0.0106,0.0195,0.1601,0.0008,0.00527484577239323,2965925.0
2023-10-10,JPM,1,11288800,0.0102462213720632,0.9873,0.0029,0.0098,1,0.9844,0.997,0.9902,-0.9997,-0.0,-0.0001,-0.0003,1.0,1.0,1.0,1.0,6964900.0,10270600.0,11917800.0,7468400.0,0.9997,0.0,0.0001,0.0003,0.0,0.1488,0.0098,0.0138,0.010826995869394361,8518415.0
2023-10-11,AAPL,1,47551100,0.0126262628424932,1.0,0.0,0.0,2,1.0,1.0,1.0,-0.0001,0.4635,-0.0,-0.9998,1.0,2.0,2.0,1.0,42390800.0,57266700.0,53020300.0,56294400.0,0.0001,0.4704,0.0,1.0,0.0374,0.9927,0.1764,0.0001,0.012991510665903596,56595840.0
2023-10-11,AMZN,1,40741800,0.0188068624795519,0.9996,0.0,0.0004,1,0.9996,1.0,0.9996,-0.0,-0.0,1.0,-0.0095,1.0,1.0,1.0,1.0,44203900.0,51565000.0,62411700.0,66553400.0,0.0,0.0,1.0,0.0114,0.1961,0.1216,1.0,0.0846,0.016238871909937294,52399185.0
2023-10-11,JPM,0,8698200,0.0150842368298294,0.0,0.0,1.0,2,-0.0,0.1057,0.0,0.9844,-0.9997,-0.0,1.0,1.0,1.0,1.0,1.0,11288800.0,6964900.0,10270600.0,8868100.0,0.9902,0.9997,0.0,1.0,0.997,0.0,0.1488,1.0,0.009958902724139417,8219735.0
2023-10-11,TSLA,0,103706300,0.0289256643648939,0.1568,0.0097,0.8335,1,0.1471,0.9418,0.1665,1.0,-0.0,-0.5093,0.4969,1.0,1.0,1.0,2.0,136597200.0,101993600.0,104636600.0,121988400.0,1.0,0.0,0.5121,0.5,1.0,0.0616,0.0028,0.9969,0.027189026237912205,136329510.0
2023-10-13,AMZN,0,45786600,0.0327868908890981,0.1015,0.0015,0.897,1,0.1001,0.9859,0.103,0.9996,-0.0,-0.0,0.9999,1.0,1.0,1.0,1.0,40741800.0,44203900.0,51565000.0,54555000.0,0.9996,0.0,0.0,1.0,1.0,0.1961,0.1216,1.0,0.016679909432585655,52296225.0
2023-10-13,BRK-B,0,2804800,0.0131791836953576,0.9971,0.0004,0.0025,1,0.9967,0.9996,0.9975,-0.0017,-0.0,-0.0009,-0.9926,1.0,1.0,1.0,1.0,2858600.0,2762800.0,3151700.0,3130900.0,0.0017,0.0,0.0009,0.9931,0.0016,0.0106,0.0195,0.0003,0.0053304137667882605,2943690.0
2023-10-13,JPM,0,29427000,0.0354882442589962,0.6089,0.0235,0.3676,1,0.5853,0.9628,0.6324,-0.0,0.9844,-0.9997,-0.0001,2.0,1.0,1.0,1.0,8698200.0,11288800.0,6964900.0,11917800.0,0.0,0.9902,0.9997,0.0001,0.1057,0.997,0.0,0.0098,0.009960880873180424,8199455.0
2023-10-13,MSFT,0,21072400,0.0224742797730472,0.316,0.0002,0.6838,3,0.3158,0.9994,0.3162,0.0186,0.0018,-0.0001,-0.0,1.0,1.0,2.0,1.0,19891200.0,25673600.0,21033500.0,19410100.0,0.0197,0.0113,0.0001,0.0,0.973,0.5808,0.2701,0.0944,0.012480569119164774,21315715.0
2023-10-13,UNH,1,5245400,0.0233661921662563,1.0,0.0,0.0,1,1.0,1.0,1.0,-0.0,-0.0,-0.0,-0.0,1.0,1.0,1.0,1.0,2790700.0,3550400.0,3724800.0,3009500.0,0.0,0.0,0.0,0.0,0.3454,0.141,0.007,0.0318,0.016265348867245514,4595838.888888889
2023-10-16,AAPL,1,52517000,0.0145403526122702,1.0,0.0,0.0,1,1.0,1.0,1.0,1.0,-0.0001,0.4635,-0.0,2.0,1.0,2.0,2.0,47551100.0,42390800.0,57266700.0,49594600.0,1.0,0.0001,0.4704,0.0,1.0,0.0374,0.9927,0.1053,0.012627185316786584,56411130.0
2023-10-16,UNH,0,3827600,0.0196252334832414,0.0024,0.0015,0.9961,1,0.0008,0.6053,0.0039,1.0,-0.0,-0.0,0.9992,1.0,1.0,1.0,1.0,5245400.0,2790700.0,3550400.0,4927700.0,1.0,0.0,0.0,0.9995,1.0,0.3454,0.141,0.9999,0.015990227823138414,4630026.315789473
2023-10-17,GOOGL,1,23515800,0.0196205808620032,0.0022,0.0003,0.9975,1,0.002,0.8924,0.0025,-0.0,0.2496,-0.0,0.0279,1.0,4.0,1.0,1.0,19832600.0,26752300.0,22989400.0,25718700.0,0.0,0.251,0.0,0.0395,0.1302,0.9972,0.1216,0.854,0.013126734678182444,30400285.0
2023-10-17,TSLA,1,93562900,0.0403838088694256,0.0007,0.0221,0.9772,1,-0.0214,0.0312,0.0228,0.1471,1.0,-0.0,-0.0004,1.0,1.0,1.0,1.0,103706300.0,136597200.0,101993600.0,108861700.0,0.1665,1.0,0.0,0.0004,0.9418,1.0,0.0616,0.0042,0.024381253501172845,130924970.0
2023-10-18,AAPL,1,54764400,0.0140676682705572,0.0027,0.0,0.9973,1,0.0027,0.9888,0.0027,1.0,1.0,-0.0001,-0.0,1.0,2.0,1.0,2.0,52517000.0,47551100.0,42390800.0,53020300.0,1.0,1.0,0.0001,0.0,1.0,1.0,0.0374,0.1764,0.012741883630957927,56381130.0
2023-10-18,AMZN,0,42699500,0.0243263755288009,0.0021,0.4545,0.5434,2,-0.4524,0.0046,0.4566,0.1001,0.9996,-0.0,1.0,1.0,1.0,1.0,1.0,45786600.0,40741800.0,44203900.0,62411700.0,0.103,0.9996,0.0,1.0,0.9859,1.0,0.1961,1.0,0.01592301270619662,52403240.0
2023-10-18,META,0,16851000,0.0322972227191529,0.0027,0.0,0.9973,1,0.0027,0.9888,0.0027,0.9253,-0.0,-0.0,-0.0,1.0,2.0,1.0,2.0,21803900.0,17362300.0,16265600.0,36429800.0,0.9295,0.0,0.0,0.0,0.9977,0.3997,0.1177,0.1932,0.022259039728169873,27638130.0
2023-10-18,MSFT,0,23153600,0.0219254977865142,0.0014,0.0,0.9986,2,0.0013,0.9668,0.0014,0.3158,0.0186,0.0018,1.0,3.0,1.0,1.0,2.0,21072400.0,19891200.0,25673600.0,24147300.0,0.3162,0.0197,0.0113,1.0,0.9994,0.973,0.5808,1.0,0.012915246847113069,21097035.0
2023-10-18,TSLA,0,125147800,0.0496636454424979,0.4988,0.4932,0.008,2,0.0057,0.5029,0.992,-0.0214,0.1471,1.0,-0.5093,1.0,1.0,1.0,1.0,93562900.0,103706300.0,136597200.0,104636600.0,0.0228,0.1665,1.0,0.5121,0.0312,0.9418,1.0,0.0028,0.020957327094188394,127259320.0
2023-10-19,TSLA,0,170772700,0.0612082408402188,0.0,0.7499,0.25,4,-0.7499,0.0,0.75,0.0057,-0.0214,0.1471,-0.0,2.0,1.0,1.0,1.0,125147800.0,93562900.0,103706300.0,101993600.0,0.992,0.0228,0.1665,0.0,0.5029,0.0312,0.9418,0.0616,0.02236071004280442,124643670.0
2023-10-23,AAPL,1,55980100,0.0238722236477211,0.0,0.0009,0.9991,1,-0.0009,0.0081,0.0009,0.0027,1.0,1.0,0.4635,1.0,1.0,2.0,2.0,54764400.0,52517000.0,47551100.0,57266700.0,0.0027,1.0,1.0,0.4704,0.9888,1.0,1.0,0.9927,0.012456188734441763,56714915.0
2023-10-23,AMZN,1,48260000,0.0312925778900103,0.0,0.0009,0.9991,1,-0.0009,0.0081,0.0009,-0.4524,0.1001,0.9996,-0.0,2.0,1.0,1.0,1.0,42699500.0,45786600.0,40741800.0,51565000.0,0.4566,0.103,0.9996,0.0,0.0046,0.9859,1.0,0.1216,0.015903250180405337,52330840.0
2023-10-23,META,1,17796800,0.0326332006007673,0.0,0.0009,0.9991,1,-0.0009,0.0081,0.0009,0.0027,0.9253,-0.0,-0.335,1.0,1.0,2.0,2.0,16851000.0,21803900.0,17362300.0,25373700.0,0.0027,0.9295,0.0,0.4341,0.9888,0.9977,0.3997,0.1141,0.022451059190048243,26966630.0
2023-10-23,MSFT,1,24374700,0.02562447017117,0.0032,0.0015,0.9953,2,0.0018,0.6857,0.0047,0.0013,0.3158,0.0186,-0.0001,2.0,3.0,1.0,2.0,23153600.0,21072400.0,19891200.0,21033500.0,0.0014,0.3162,0.0197,0.0001,0.9668,0.9994,0.973,0.2701,0.013015082040255584,21138335.0
2023-10-24,GOOGL,1,44814300,0.0140753276908766,0.2335,0.4328,0.3337,3,-0.1993,0.3504,0.6663,0.002,-0.0,0.2496,0.9999,1.0,1.0,4.0,2.0,23515800.0,19832600.0,26752300.0,22513100.0,0.0025,0.0,0.251,1.0,0.8924,0.1302,0.9972,1.0,0.011400133529400279,29361180.0
2023-10-24,JPM,0,8881400,0.0097032020220839,0.01,0.948,0.042,1,-0.938,0.0105,0.958,0.5853,-0.0,0.9844,-0.0,1.0,2.0,1.0,1.0,29427000.0,8698200.0,11288800.0,10270600.0,0.6324,0.0,0.9902,0.0,0.9628,0.1057,0.997,0.1488,0.009994668077971135,9328110.0
2023-10-24,MSFT,0,31153600,0.0127980392109902,0.5002,0.0284,0.4715,2,0.4718,0.9463,0.5285,0.0018,0.0013,0.3158,0.0018,2.0,2.0,3.0,1.0,24374700.0,23153600.0,21072400.0,25673600.0,0.0047,0.0014,0.3162,0.0113,0.6857,0.9668,0.9994,0.5808,0.012839179589945196,21238405.0
2023-10-25,AAPL,0,57157000,0.01402143119412,0.0,1.0,0.0,1,-1.0,0.0,1.0,-0.0009,0.0027,1.0,-0.0001,1.0,1.0,1.0,1.0,55980100.0,54764400.0,52517000.0,42390800.0,0.0009,0.0027,1.0,0.0001,0.0081,0.9888,1.0,0.0374,0.012475333731142832,56977380.0
2023-10-25,AMZN,0,74577500,0.0440336034754785,0.0448,0.0001,0.9551,1,0.0447,0.9973,0.0449,-0.0009,-0.4524,0.1001,-0.0,1.0,2.0,1.0,1.0,48260000.0,42699500.0,45786600.0,44203900.0,0.0009,0.4566,0.103,0.0,0.0081,0.0046,0.9859,0.1961,0.016526320996266917,53038420.0
2023-10-25,GOOGL,0,84366200,0.0252808814855506,0.0967,0.3326,0.5707,1,-0.2359,0.2253,0.4293,-0.1993,0.002,-0.0,-0.0,3.0,1.0,1.0,1.0,44814300.0,23515800.0,19832600.0,22989400.0,0.6663,0.0025,0.0,0.0,0.3504,0.8924,0.1302,0.1216,0.01040062802017913,29740695.0
2023-10-25,JPM,0,8242600,0.0118801883896436,0.0,1.0,0.0,1,-1.0,0.0,1.0,-0.938,0.5853,-0.0,-0.9997,1.0,1.0,2.0,1.0,8881400.0,29427000.0,8698200.0,6964900.0,0.958,0.6324,0.0,0.9997,0.0105,0.9628,0.1057,0.0,0.009998401025442442,9409590.0
2023-10-25,META,0,42192500,0.0388387372416834,1.0,0.0,0.0,2,1.0,1.0,1.0,-0.0009,0.0027,0.9253,-0.0,1.0,1.0,1.0,1.0,17796800.0,16851000.0,21803900.0,16265600.0,0.0009,0.0027,0.9295,0.0,0.0081,0.9888,0.9977,0.1177,0.02270808321315697,26819875.0
2023-10-25,MSFT,0,55053800,0.0248681739118128,0.0484,0.6663,0.2853,2,-0.6179,0.0677,0.7147,0.4718,0.0018,0.0013,0.0186,2.0,2.0,2.0,1.0,31153600.0,24374700.0,23153600.0,19891200.0,0.5285,0.0047,0.0014,0.0197,0.9463,0.6857,0.9668,0.973,0.012776519350717289,21854280.0
2023-10-25,TSLA,0,107065100,0.0365944458800703,0.3164,0.0307,0.6529,1,0.2857,0.9116,0.3471,-0.7499,0.0057,-0.0214,1.0,4.0,2.0,1.0,1.0,170772700.0,125147800.0,93562900.0,136597200.0,0.75,0.992,0.0228,1.0,0.0,0.5029,0.0312,1.0,0.02174598679976639,124182775.0
2023-10-26,AMZN,0,100419500,0.0272734891025136,0.2883,0.3866,0.3251,3,-0.0983,0.4272,0.6749,0.0447,-0.0009,-0.4524,0.9996,1.0,1.0,2.0,1.0,74577500.0,48260000.0,42699500.0,40741800.0,0.0449,0.0009,0.4566,0.9996,0.9973,0.0081,0.0046,1.0,0.018069034912650606,54960445.0
2023-10-26,JPM,1,9109400,0.0160275156067962,1.0,0.0,0.0,1,1.0,1.0,1.0,-1.0,-0.938,0.5853,0.9844,1.0,1.0,1.0,1.0,8242600.0,8881400.0,29427000.0,11288800.0,1.0,0.958,0.6324,0.9902,0.0,0.0105,0.9628,0.997,0.009774722746782054,9390550.0
2023-10-26,TSLA,0,115112600,0.0469430145046583,0.0,1.0,0.0,1,-1.0,0.0,1.0,0.2857,-0.7499,0.0057,0.1471,1.0,4.0,2.0,1.0,107065100.0,170772700.0,125147800.0,103706300.0,0.3471,0.75,0.992,0.1665,0.9116,0.0,0.5029,0.9418,0.020298573883359906,121287620.0
2023-10-27,AAPL,1,58499100,0.0127613973763038,0.0,0.0035,0.9964,2,-0.0035,0.0063,0.0036,-1.0,-0.0009,0.0027,1.0,1.0,1.0,1.0,2.0,57157000.0,55980100.0,54764400.0,47551100.0,1.0,0.0009,0.0027,1.0,0.0,0.0081,0.9888,1.0,0.012613014470779423,57517865.0
2023-10-27,AMZN,1,125309300,0.0356577475294242,0.0688,0.0056,0.9256,2,0.0631,0.9245,0.0744,-0.0983,0.0447,-0.0009,0.1001,3.0,1.0,1.0,1.0,100419500.0,74577500.0,48260000.0,45786600.0,0.6749,0.0449,0.0009,0.103,0.4272,0.9973,0.0081,0.9859,0.01806015755029423,57931845.0
2023-10-27,GOOGL,0,44566500,0.0252278527295854,0.0,0.0,1.0,2,0.0,0.5566,0.0,-0.2359,-0.1993,0.002,0.2496,1.0,3.0,1.0,4.0,84366200.0,44814300.0,23515800.0,26752300.0,0.4293,0.6663,0.0025,0.251,0.2253,0.3504,0.8924,0.9972,0.011337781656136445,30874900.0
2023-10-27,JPM,0,17434700,0.0281396455414521,0.0001,0.5025,0.4974,2,-0.5024,0.0001,0.5026,1.0,-1.0,-0.938,-0.0,1.0,1.0,1.0,2.0,9109400.0,8242600.0,8881400.0,8698200.0,1.0,1.0,0.958,0.0,1.0,0.0,0.0105,0.1057,0.009684920108043591,9586985.0
2023-10-27,MSFT,0,29856500,0.0251793345296664,0.0,0.0,1.0,1,-0.0,0.4894,0.0,-0.6179,0.4718,0.0018,0.3158,2.0,2.0,2.0,3.0,55053800.0,31153600.0,24374700.0,21072400.0,0.7147,0.5285,0.0047,0.3162,0.0677,0.9463,0.6857,0.9994,0.013112256998051006,23758655.0
2023-10-30,BRK-B,1,2634700,0.0185607665616937,0.0172,0.0013,0.9815,1,0.0159,0.9301,0.0185,0.9967,-0.0017,-0.0,-0.0123,1.0,1.0,1.0,1.0,2804800.0,2858600.0,2762800.0,2603700.0,0.9975,0.0017,0.0,0.0181,0.9996,0.0016,0.0106,0.1601,0.005335931035722278,2861345.0
2023-10-31,AAPL,1,44846000,0.0177147912127397,0.0,0.0,1.0,1,-0.0,0.0287,0.0,-0.0035,-1.0,-0.0009,1.0,2.0,1.0,1.0,1.0,58499100.0,57157000.0,55980100.0,52517000.0,0.0036,1.0,0.0009,1.0,0.0063,0.0,0.0081,1.0,0.01249036658977052,56182160.0
2023-10-31,MSFT,0,20265300,0.0127194849666819,0.0,0.0,1.0,1,-0.0,0.0287,0.0,-0.0,-0.6179,0.4718,0.0013,1.0,2.0,2.0,2.0,29856500.0,55053800.0,31153600.0,23153600.0,0.0,0.7147,0.5285,0.0014,0.4894,0.0677,0.9463,0.9668,0.01311818227926056,24216535.0
2023-10-31,TSLA,1,118068300,0.0445135424479417,0.5,0.0098,0.4902,2,0.4902,0.9809,0.5098,-1.0,0.2857,-0.7499,-0.0214,1.0,1.0,4.0,1.0,115112600.0,107065100.0,170772700.0,93562900.0,1.0,0.3471,0.75,0.0228,0.0,0.9116,0.0,0.0312,0.02048923220179971,121412210.0
2023-11-01,AMZN,1,61529400,0.0271722843178361,0.0029,0.5132,0.4839,1,-0.5103,0.0056,0.5161,0.0631,-0.0983,0.0447,-0.4524,2.0,3.0,1.0,2.0,125309300.0,100419500.0,74577500.0,42699500.0,0.0744,0.6749,0.0449,0.4566,0.9245,0.4272,0.9973,0.0046,0.018479679475601613,62108035.0
2023-11-02,AAPL,1,77334800,0.0132178213819339,0.0,1.0,0.0,1,-1.0,0.0,1.0,-0.0,-0.0035,-1.0,0.0027,1.0,2.0,1.0,1.0,44846000.0,58499100.0,57157000.0,54764400.0,0.0,0.0036,1.0,0.0027,0.0287,0.0063,0.0,0.9888,0.011829805083828419,56051450.0
2023-11-02,AMZN,0,52236700,0.0168672703089121,0.3329,0.3333,0.3338,3,-0.0005,0.4996,0.6662,-0.5103,0.0631,-0.0983,-0.0009,1.0,2.0,3.0,1.0,61529400.0,125309300.0,100419500.0,48260000.0,0.5161,0.0744,0.6749,0.0009,0.0056,0.9245,0.4272,0.0081,0.017873199944664468,62759560.0
2023-11-02,META,0,21631800,0.0330602620722369,0.5314,0.28,0.1886,1,0.2514,0.6549,0.8114,1.0,-0.0009,0.0027,-0.0,2.0,1.0,1.0,2.0,42192500.0,17796800.0,16851000.0,17362300.0,1.0,0.0009,0.0027,0.0,1.0,0.0081,0.9888,0.3997,0.022702199603380845,26822535.0
2023-11-03,META,1,16764300,0.0144936776714819,1.0,0.0,0.0,1,1.0,1.0,1.0,0.2514,1.0,-0.0009,0.9253,1.0,2.0,1.0,1.0,21631800.0,42192500.0,17796800.0,21803900.0,0.8114,1.0,0.0009,0.9295,0.6549,1.0,0.0081,0.9977,0.023059562992736385,25541280.0
2023-11-06,AAPL,1,63841300,0.0182559580041594,0.495,0.4913,0.0137,2,0.0037,0.5019,0.9863,-1.0,-0.0,-0.0035,-0.0009,1.0,1.0,2.0,1.0,77334800.0,44846000.0,58499100.0,55980100.0,1.0,0.0,0.0036,0.0009,0.0,0.0287,0.0063,0.0081,0.011715748420564928,57282050.0
2023-11-06,AMZN,1,44970400,0.0170798155881358,0.0012,0.0011,0.9977,1,0.0001,0.5149,0.0023,-0.0005,-0.5103,0.0631,0.0447,3.0,1.0,2.0,1.0,52236700.0,61529400.0,125309300.0,74577500.0,0.6662,0.5161,0.0744,0.0449,0.4996,0.0056,0.9245,0.9973,0.01786459623106045,62169715.0
2023-11-06,JPM,1,7625100,0.0097786489710041,1.0,0.0,0.0,1,1.0,1.0,1.0,-0.5024,1.0,-1.0,0.5853,2.0,1.0,1.0,1.0,17434700.0,9109400.0,8242600.0,29427000.0,0.5026,1.0,1.0,0.6324,0.0001,1.0,0.0,0.9628,0.010162719824489085,9975055.0
2023-11-06,META,0,12887700,0.0122791766261515,0.9899,0.0007,0.0094,1,0.9893,0.9993,0.9906,1.0,0.2514,1.0,0.0027,1.0,1.0,2.0,1.0,16764300.0,21631800.0,42192500.0,16851000.0,1.0,0.8114,1.0,0.0027,1.0,0.6549,1.0,0.9888,0.02109949533318838,23168035.0
2023-11-06,UNH,1,2684900,0.0112296741783737,0.0,0.0,1.0,1,-0.0,0.1463,0.0,0.0008,1.0,-0.0,-0.0,1.0,1.0,1.0,1.0,3827600.0,5245400.0,2790700.0,3724800.0,0.0039,1.0,0.0,0.0,0.6053,1.0,0.3454,0.007,0.015758616725249527,4589905.0
2023-11-07,AAPL,1,70530000,0.0193660082740484,0.0,0.0,1.0,1,-0.0,0.0599,0.0,0.0037,-1.0,-0.0,-1.0,2.0,1.0,1.0,1.0,63841300.0,77334800.0,44846000.0,57157000.0,0.9863,1.0,0.0,1.0,0.5019,0.0,0.0287,0.0,0.00997356884493314,57726825.0
2023-11-07,JPM,1,6297900,0.010034055032652,0.0,1.0,0.0,1,-1.0,0.0,1.0,1.0,-0.5024,1.0,-0.938,1.0,2.0,1.0,1.0,7625100.0,17434700.0,9109400.0,8881400.0,1.0,0.5026,1.0,0.958,1.0,0.0001,1.0,0.0105,0.01014192797128465,9963410.0
2023-11-07,META,1,14055600,0.0185454012744885,0.0,0.0001,0.9999,1,-0.0001,0.0424,0.0001,0.9893,1.0,0.2514,-0.0009,1.0,1.0,1.0,1.0,12887700.0,16764300.0,21631800.0,17796800.0,0.9906,1.0,0.8114,0.0009,0.9993,1.0,0.6549,0.0081,0.02073424685241691,22522440.0
2023-11-07,MSFT,1,25833900,0.0134390279752112,0.2059,0.7737,0.0205,1,-0.5678,0.2102,0.9795,-0.0,-0.0,-0.6179,0.0018,1.0,1.0,2.0,2.0,20265300.0,29856500.0,55053800.0,24374700.0,0.0,0.0,0.7147,0.0047,0.0287,0.4894,0.0677,0.6857,0.0129558382699082,24171480.0
2023-11-08,AAPL,1,49340300,0.0102001675245114,0.0,1.0,0.0,1,-1.0,0.0,1.0,-0.0,0.0037,-1.0,-0.0035,1.0,2.0,1.0,2.0,70530000.0,63841300.0,77334800.0,58499100.0,0.0,0.9863,1.0,0.0036,0.0599,0.5019,0.0,0.0063,0.01004117918676737,58213600.0
2023-11-08,GOOGL,1,26425800,0.0109185914426353,0.0,0.0,1.0,1,-0.0,0.1276,0.0,0.0,-0.2359,-0.1993,-0.0,2.0,1.0,3.0,1.0,44566500.0,84366200.0,44814300.0,19832600.0,0.0,0.4293,0.6663,0.0,0.5566,0.2253,0.3504,0.1302,0.010651524534861031,30855620.0
2023-11-09,AMZN,0,36235400,0.0197859278556481,1.0,0.0,0.0,1,1.0,1.0,1.0,0.0001,-0.0005,-0.5103,-0.0983,1.0,3.0,1.0,3.0,44970400.0,52236700.0,61529400.0,100419500.0,0.0023,0.6662,0.5161,0.6749,0.5149,0.4996,0.0056,0.4272,0.017854488497775562,59272770.0
2023-11-09,META,1,16103100,0.0168430425666789,0.0,0.0,1.0,1,0.0,0.7323,0.0,-0.0001,0.9893,1.0,1.0,1.0,1.0,1.0,2.0,14055600.0,12887700.0,16764300.0,42192500.0,0.0001,0.9906,1.0,1.0,0.0424,0.9993,1.0,1.0,0.020477305535644932,22084325.0
2023-11-13,AMZN,1,35680600,0.0180180006024901,0.199,0.0005,0.8005,1,0.1986,0.9977,0.1995,1.0,0.0001,-0.0005,0.0631,1.0,1.0,3.0,2.0,36235400.0,44970400.0,52236700.0,125309300.0,1.0,0.0023,0.6662,0.0744,1.0,0.5149,0.4996,0.9245,0.01790788635275657,58943365.0
2023-11-14,AMZN,1,56674600,0.0177931160762392,0.0213,0.0,0.9787,2,0.0213,0.9995,0.0213,0.1986,1.0,0.0001,-0.5103,1.0,1.0,1.0,1.0,35680600.0,36235400.0,44970400.0,61529400.0,0.1995,1.0,0.0023,0.5161,0.9977,1.0,0.5149,0.0056,0.017966842977128035,57653270.0
2023-11-14,BRK-B,1,3387500,0.0133326119184945,0.9959,0.0,0.0041,1,0.9959,1.0,0.9959,0.0159,0.9967,-0.0017,-0.0009,1.0,1.0,1.0,1.0,2634700.0,2804800.0,2858600.0,3151700.0,0.0185,0.9975,0.0017,0.0009,0.9301,0.9996,0.0016,0.0195,0.006193043453476409,2832035.0
2023-11-14,GOOGL,0,32395200,0.0177359682593541,0.0,0.0,1.0,1,-0.0,0.2448,0.0,-0.0,0.0,-0.2359,0.002,1.0,2.0,1.0,1.0,26425800.0,44566500.0,84366200.0,23515800.0,0.0,0.0,0.4293,0.0025,0.1276,0.5566,0.2253,0.8924,0.010670016984907368,31018570.0
2023-11-14,JPM,1,9927700,0.0186119161702809,0.9382,0.0004,0.0614,1,0.9378,0.9996,0.9386,-1.0,1.0,-0.5024,-1.0,1.0,1.0,2.0,1.0,6297900.0,7625100.0,17434700.0,8242600.0,1.0,1.0,0.5026,1.0,0.0,1.0,0.0001,0.0,0.010158040023344124,9951605.0
2023-11-14,META,1,17179400,0.0142584426657881,0.0213,0.0,0.9787,2,0.0213,0.9995,0.0213,0.0,-0.0001,0.9893,0.2514,1.0,1.0,1.0,1.0,16103100.0,14055600.0,12887700.0,21631800.0,0.0,0.0001,0.9906,0.8114,0.7323,0.0424,0.9993,0.6549,0.02045679531053255,22187165.0
2023-11-16,AMZN,1,49653500,0.0269675889078103,0.0,0.0,1.0,1,0.0,0.5706,0.0,0.0213,0.1986,1.0,-0.0005,2.0,1.0,1.0,3.0,56674600.0,35680600.0,36235400.0,52236700.0,0.0213,0.1995,1.0,0.6662,0.9995,0.9977,1.0,0.4996,0.017433514696215402,58173815.0
2023-11-16,BRK-B,1,2822500,0.0077419406565795,0.8908,0.0005,0.1087,1,0.8904,0.9995,0.8913,0.9959,0.0159,0.9967,-0.0,1.0,1.0,1.0,1.0,3387500.0,2634700.0,2804800.0,2762800.0,0.9959,0.0185,0.9975,0.0,1.0,0.9301,0.9996,0.0106,0.006262627739852526,2870130.0
2023-11-17,BRK-B,0,3260000,0.0069076212332311,0.0,0.0003,0.9997,1,-0.0003,0.0296,0.0003,0.8904,0.9959,0.0159,-0.0017,1.0,1.0,1.0,1.0,2822500.0,3387500.0,2634700.0,2858600.0,0.8913,0.9959,0.0185,0.0017,0.9995,1.0,0.9301,0.0016,0.00622220664832741,2785225.0
2023-11-17,TSLA,1,142532800,0.0467672676875673,0.0131,0.5009,0.4859,2,-0.4878,0.0256,0.5141,0.4902,-1.0,0.2857,0.0057,2.0,1.0,1.0,2.0,118068300.0,115112600.0,107065100.0,125147800.0,0.5098,1.0,0.3471,0.992,0.9809,0.0,0.9116,0.5029,0.021250855708087442,120739080.0
2023-11-20,AMZN,1,41951200,0.0130917735226952,0.0004,0.9964,0.0032,1,-0.9961,0.0004,0.9968,0.0,0.0213,0.1986,0.0001,1.0,2.0,1.0,1.0,49653500.0,56674600.0,35680600.0,44970400.0,0.0,0.0213,0.1995,0.0023,0.5706,0.9995,0.9977,0.5149,0.017377259112205442,58355600.0
2023-11-20,JPM,1,7019000,0.012033152347589,0.0,0.0001,0.9999,1,-0.0001,0.2118,0.0001,0.9378,-1.0,1.0,1.0,1.0,1.0,1.0,1.0,9927700.0,6297900.0,7625100.0,9109400.0,0.9386,1.0,1.0,1.0,0.9996,0.0,1.0,1.0,0.010442404961451409,10052815.0
2023-11-21,AAPL,0,38134500,0.0092994030888743,0.9999,0.0,0.0,1,0.9999,1.0,1.0,-1.0,-0.0,0.0037,-0.0,1.0,1.0,2.0,1.0,49340300.0,70530000.0,63841300.0,44846000.0,1.0,0.0,0.9863,0.0,0.0,0.0599,0.5019,0.0287,0.008945031554616997,56467220.0
2023-11-21,AMZN,0,71226000,0.0177194287184165,0.0001,0.0,0.9998,2,0.0001,0.7962,0.0002,-0.9961,0.0,0.0213,1.0,1.0,1.0,2.0,1.0,41951200.0,49653500.0,56674600.0,36235400.0,0.9968,0.0,0.0213,1.0,0.0004,0.5706,0.9995,1.0,0.01600172148238453,56800750.0
2023-11-21,BRK-B,1,2918800,0.0077097977780852,0.4987,0.0001,0.5012,2,0.4985,0.9998,0.4988,-0.0003,0.8904,0.9959,0.9967,1.0,1.0,1.0,1.0,3260000.0,2822500.0,3387500.0,2804800.0,0.0003,0.8913,0.9959,0.9975,0.0296,0.9995,1.0,0.9996,0.00614948787590266,2806635.0
2023-11-21,META,0,12027900,0.0118227770483052,0.9873,0.0,0.0127,1,0.9873,1.0,0.9873,0.0213,0.0,-0.0001,1.0,2.0,1.0,1.0,1.0,17179400.0,16103100.0,14055600.0,16764300.0,0.0213,0.0,0.0001,1.0,0.9995,0.7323,0.0424,1.0,0.02023167777761796,21278740.0
2023-11-21,TSLA,1,122288000,0.0437372322708594,1.0,0.0,0.0,1,1.0,1.0,1.0,-0.4878,0.4902,-1.0,-0.7499,2.0,2.0,1.0,4.0,142532800.0,118068300.0,115112600.0,170772700.0,0.5141,0.5098,1.0,0.75,0.0256,0.9809,0.0,0.0,0.021199369134922003,122259705.0
2023-11-22,MSFT,0,23345300,0.012751342127563,0.0007,0.0,0.9992,1,0.0007,0.9384,0.0008,-0.5678,-0.0,-0.0,0.4718,1.0,1.0,1.0,2.0,25833900.0,20265300.0,29856500.0,31153600.0,0.9795,0.0,0.0,0.5285,0.2102,0.0287,0.4894,0.9463,0.012887377459310734,24722750.0
2023-11-22,TSLA,0,117950600,0.052098830607074,0.1853,0.3788,0.4359,1,-0.1934,0.3286,0.5641,1.0,-0.4878,0.4902,0.2857,1.0,2.0,2.0,1.0,122288000.0,142532800.0,118068300.0,107065100.0,1.0,0.5141,0.5098,0.3471,1.0,0.0256,0.9809,0.9116,0.02250128011166029,121256335.0
2023-11-24,AMZN,1,22378400,0.012815198794358,0.8458,0.0001,0.1541,1,0.8458,0.9999,0.8459,0.0001,-0.9961,0.0,0.1986,2.0,1.0,1.0,1.0,71226000.0,41951200.0,49653500.0,35680600.0,0.0002,0.9968,0.0,0.1995,0.7962,0.0004,0.5706,0.9977,0.015995067027833165,57034380.0
2023-11-24,BRK-B,1,1282000,0.0053791954828835,0.0,0.0001,0.9999,1,-0.0001,0.0161,0.0001,0.4985,-0.0003,0.8904,0.0159,2.0,1.0,1.0,1.0,2918800.0,3260000.0,2822500.0,2634700.0,0.4988,0.0003,0.8913,0.0185,0.9998,0.0296,0.9995,0.9301,0.006093174307388222,2824310.0
2023-11-27,AMZN,1,53762400,0.0161322418743043,0.0009,0.0092,0.9899,1,-0.0083,0.0882,0.0101,0.8458,0.0001,-0.9961,0.0213,1.0,2.0,1.0,2.0,22378400.0,71226000.0,41951200.0,56674600.0,0.8459,0.0002,0.9968,0.0213,0.9999,0.7962,0.0004,0.9995,0.01555109046488463,55425550.0
2023-11-27,GOOGL,1,23436500,0.0177901800386815,0.0,0.0003,0.9997,1,-0.0003,0.0524,0.0003,-0.0,-0.0,0.0,-0.1993,1.0,1.0,2.0,3.0,32395200.0,26425800.0,44566500.0,44814300.0,0.0,0.0,0.0,0.6663,0.2448,0.1276,0.5566,0.3504,0.010680346449988228,31461570.0
2023-11-27,UNH,0,2675800,0.0171083636798521,0.8229,0.0,0.1771,1,0.8229,1.0,0.8229,-0.0,0.0008,1.0,-0.0,1.0,1.0,1.0,1.0,2684900.0,3827600.0,5245400.0,3550400.0,0.0,0.0039,1.0,0.0,0.1463,0.6053,1.0,0.141,0.015440937567036366,4499370.0
2023-11-28,AMZN,1,42711700,0.0140835990229308,0.1996,0.3327,0.4677,3,-0.1332,0.3749,0.5323,-0.0083,0.8458,0.0001,0.0,1.0,1.0,2.0,1.0,53762400.0,22378400.0,71226000.0,49653500.0,0.0101,0.8459,0.0002,0.0,0.0882,0.9999,0.7962,0.5706,0.015461702105019685,54993085.0
2023-11-28,BRK-B,0,2953500,0.0080486896981329,0.0,0.0019,0.998,2,-0.0019,0.0094,0.002,-0.0001,0.4985,-0.0003,0.9959,1.0,2.0,1.0,1.0,1282000.0,2918800.0,3260000.0,3387500.0,0.0001,0.4988,0.0003,0.9959,0.0161,0.9998,0.0296,1.0,0.005986271965319696,2737710.0
2023-11-29,GOOGL,0,23967200,0.0250781185183147,0.0,0.0001,0.9999,1,-0.0001,0.0053,0.0001,-0.0003,-0.0,-0.0,-0.2359,1.0,1.0,1.0,1.0,23436500.0,32395200.0,26425800.0,84366200.0,0.0003,0.0,0.0,0.4293,0.0524,0.2448,0.1276,0.2253,0.01068956104107744,30961080.0
2023-11-29,JPM,1,9126100,0.0105727761702784,0.0,0.0002,0.9998,2,-0.0001,0.2024,0.0002,-0.0001,0.9378,-1.0,-0.5024,1.0,1.0,1.0,2.0,7019000.0,9927700.0,6297900.0,17434700.0,0.0001,0.9386,1.0,0.5026,0.2118,0.9996,0.0,0.0001,0.010527024450825553,9985080.0
2023-11-30,AMZN,1,65814000,0.0179607000786656,0.0,0.0,0.9999,1,-0.0,0.2974,0.0001,-0.1332,-0.0083,0.8458,-0.9961,3.0,1.0,1.0,1.0,42711700.0,53762400.0,22378400.0,41951200.0,0.5323,0.0101,0.8459,0.9968,0.3749,0.0882,0.9999,0.0004,0.014251008481267924,54550420.0
2023-12-01,AMZN,1,39951800,0.0116438147139875,0.4999,0.0,0.5001,2,0.4999,0.9999,0.4999,-0.0,-0.1332,-0.0083,0.0001,1.0,3.0,1.0,2.0,65814000.0,42711700.0,53762400.0,71226000.0,0.0001,0.5323,0.0101,0.0002,0.2974,0.3749,0.0882,0.7962,0.014299220068200023,55630925.0
2023-12-01,UNH,0,3462200,0.0173322905394174,1.0,0.0,0.0,1,1.0,1.0,1.0,0.8229,-0.0,0.0008,-0.0,1.0,1.0,1.0,1.0,2675800.0,2684900.0,3827600.0,2790700.0,0.8229,0.0,0.0039,0.0,1.0,0.1463,0.6053,0.3454,0.015431220343491424,4361155.0
2023-12-04,META,1,19037100,0.0226921160312356,0.0004,0.0026,0.997,1,-0.0022,0.1225,0.003,0.9873,0.0213,0.0,0.9893,1.0,2.0,1.0,1.0,12027900.0,17179400.0,16103100.0,12887700.0,0.9873,0.0213,0.0,0.9906,1.0,0.9995,0.7323,0.9993,0.019764084975263062,20965785.0
2023-12-05,AMZN,1,46822400,0.0378962196151596,0.0,0.0,1.0,1,-0.0,0.1979,0.0,0.4999,-0.0,-0.1332,0.8458,2.0,1.0,3.0,1.0,39951800.0,65814000.0,42711700.0,22378400.0,0.4999,0.0001,0.5323,0.8459,0.9999,0.2974,0.3749,0.9999,0.013927884049131978,55591425.0
2023-12-05,META,0,16952100,0.0203460718880381,0.8031,0.0021,0.1948,1,0.801,0.9974,0.8052,-0.0022,0.9873,0.0213,-0.0001,1.0,1.0,2.0,1.0,19037100.0,12027900.0,17179400.0,14055600.0,0.003,0.9873,0.0213,0.0001,0.1225,1.0,0.9995,0.0424,0.019854421377245232,20230205.0
2023-12-05,MSFT,1,23065000,0.0203574599715484,1.0,0.0,0.0,1,1.0,1.0,1.0,0.0007,-0.5678,-0.0,-0.6179,1.0,1.0,1.0,2.0,23345300.0,25833900.0,20265300.0,55053800.0,0.0008,0.9795,0.0,0.7147,0.9384,0.2102,0.0287,0.0677,0.012836740094725449,24569465.0
2023-12-05,UNH,1,2645600,0.0130760408489833,0.0075,0.0069,0.9856,2,0.0006,0.5197,0.0144,1.0,0.8229,-0.0,1.0,1.0,1.0,1.0,1.0,3462200.0,2675800.0,2684900.0,5245400.0,1.0,0.8229,0.0,1.0,1.0,1.0,0.1463,1.0,0.015314025148118715,4364535.0
2023-12-06,AMZN,0,39679000,0.0241903190129079,0.0,0.0,1.0,1,-0.0,0.0913,0.0,-0.0,0.4999,-0.0,-0.0083,1.0,2.0,1.0,1.0,46822400.0,39951800.0,65814000.0,53762400.0,0.0,0.4999,0.0001,0.0101,0.1979,0.9999,0.2974,0.0882,0.013578817113451287,55643215.0
2023-12-06,JPM,0,9366000,0.0202719799480063,0.0,0.0007,0.9993,1,-0.0007,0.0035,0.0007,-0.0001,-0.0001,0.9378,1.0,2.0,1.0,1.0,1.0,9126100.0,7019000.0,9927700.0,7625100.0,0.0002,0.0001,0.9386,1.0,0.2024,0.2118,0.9996,1.0,0.010175284992454682,10023225.0
2023-12-06,META,0,11294300,0.0161836162321325,0.0011,0.0003,0.9986,2,0.0008,0.7947,0.0014,0.801,-0.0022,0.9873,0.0,1.0,1.0,1.0,1.0,16952100.0,19037100.0,12027900.0,16103100.0,0.8052,0.003,0.9873,0.0,0.9974,0.1225,1.0,0.7323,0.019280861223164445,20103345.0
2023-12-07,AMZN,1,52352800,0.0176531093999364,0.0001,0.0,0.9999,2,0.0,0.6908,0.0001,-0.0,-0.0,0.4999,-0.1332,1.0,1.0,2.0,3.0,39679000.0,46822400.0,39951800.0,42711700.0,0.0,0.0,0.4999,0.5323,0.0913,0.1979,0.9999,0.3749,0.014111704715040595,55492190.0
2023-12-07,BRK-B,1,2830000,0.0061647241765802,0.9991,0.0001,0.0008,1,0.999,0.9999,0.9992,-0.0019,-0.0001,0.4985,0.8904,2.0,1.0,2.0,1.0,2953500.0,1282000.0,2918800.0,2822500.0,0.002,0.0001,0.4988,0.8913,0.0094,0.0161,0.9998,0.9995,0.0059940969124484735,2750050.0
2023-12-07,GOOGL,1,56767100,0.0285841291636671,0.5,0.0,0.5,2,0.4999,0.9999,0.5,-0.0001,-0.0003,-0.0,0.0,1.0,1.0,1.0,2.0,23967200.0,23436500.0,32395200.0,44566500.0,0.0001,0.0003,0.0,0.0,0.0053,0.0524,0.2448,0.5566,0.01140078249016102,30634200.0
2023-12-08,GOOGL,1,32260100,0.01766017266082,0.0,1.0,0.0,1,-1.0,0.0,1.0,0.4999,-0.0001,-0.0003,-0.0,2.0,1.0,1.0,1.0,56767100.0,23967200.0,23436500.0,26425800.0,0.5,0.0001,0.0003,0.0,0.9999,0.0053,0.0524,0.1276,0.011138086388431398,31318775.0
2023-12-11,AAPL,1,60943700,0.0107193170611374,0.0002,0.0002,0.9997,1,0.0,0.503,0.0003,0.9999,-1.0,-0.0,-1.0,1.0,1.0,1.0,1.0,38134500.0,49340300.0,70530000.0,77334800.0,1.0,1.0,0.0,1.0,1.0,0.0,0.0599,0.0,0.009300152016004447,55329155.0
2023-12-11,AMZN,1,50907300,0.0175065425487226,0.0,0.0008,0.9992,1,-0.0008,0.0007,0.0008,0.0,-0.0,-0.0,-0.0,2.0,1.0,1.0,1.0,52352800.0,39679000.0,46822400.0,65814000.0,0.0001,0.0,0.0,0.0001,0.6908,0.0913,0.1979,0.2974,0.013789495871213265,55696830.0
2023-12-11,BRK-B,1,3108400,0.0092394331811179,0.0001,0.0028,0.997,1,-0.0027,0.043,0.003,0.999,-0.0019,-0.0001,-0.0003,1.0,2.0,1.0,1.0,2830000.0,2953500.0,1282000.0,3260000.0,0.9992,0.002,0.0001,0.0003,0.9999,0.0094,0.0161,0.0296,0.006007272031165497,2767885.0
2023-12-11,GOOGL,1,31138000,0.0149569093103735,1.0,0.0,0.0,1,1.0,1.0,1.0,-1.0,0.4999,-0.0001,-0.0,1.0,2.0,1.0,1.0,32260100.0,56767100.0,23967200.0,32395200.0,1.0,0.5,0.0001,0.0,0.0,0.9999,0.0053,0.2448,0.011063817235935311,31515990.0
2023-12-11,MSFT,1,27708800,0.0149261827942251,0.0002,0.0002,0.9997,1,0.0,0.503,0.0003,1.0,0.0007,-0.5678,-0.0,1.0,1.0,1.0,1.0,23065000.0,23345300.0,25833900.0,29856500.0,1.0,0.0008,0.9795,0.0,1.0,0.9384,0.2102,0.4894,0.01329197545576709,24845925.0
2023-12-12,JPM,1,10223000,0.0111159270311137,0.0,0.0001,0.9999,1,-0.0001,0.076,0.0001,-0.0007,-0.0001,-0.0001,-1.0,1.0,2.0,1.0,1.0,9366000.0,9126100.0,7019000.0,6297900.0,0.0007,0.0002,0.0001,1.0,0.0035,0.2024,0.2118,0.0,0.010721716951471668,10165905.0
2023-12-12,META,1,18485500,0.0305298936406953,0.001,0.0,0.999,1,0.0009,0.978,0.001,0.0008,0.801,-0.0022,0.0213,2.0,1.0,1.0,2.0,11294300.0,16952100.0,19037100.0,17179400.0,0.0014,0.8052,0.003,0.0213,0.7947,0.9974,0.1225,0.9995,0.017706450715318366,19261505.0
2023-12-13,AAPL,1,70404200,0.0161463629894618,0.9999,0.0001,0.0,1,0.9998,0.9999,1.0,0.0,0.9999,-1.0,0.0037,1.0,1.0,1.0,2.0,60943700.0,38134500.0,49340300.0,63841300.0,0.0003,1.0,1.0,0.9863,0.503,1.0,0.0,0.5019,0.009410293231060558,55013460.0
2023-12-13,AMZN,1,52766200,0.0178233829103205,0.5,0.0001,0.5,2,0.4999,0.9999,0.5,-0.0008,0.0,-0.0,0.4999,1.0,2.0,1.0,2.0,50907300.0,52352800.0,39679000.0,39951800.0,0.0008,0.0001,0.0,0.4999,0.0007,0.6908,0.0913,0.9999,0.010359026537277759,54513320.0
2023-12-14,AAPL,1,66831600,0.0174729389982107,0.0,0.0,1.0,1,-0.0,0.374,0.0,0.9998,0.0,0.9999,-0.0,1.0,1.0,1.0,1.0,70404200.0,60943700.0,38134500.0,70530000.0,1.0,0.0003,1.0,0.0,0.9999,0.503,1.0,0.0599,0.009574359221369037,55942325.0
2023-12-14,AMZN,0,58400800,0.0334822200953977,0.4967,0.0001,0.5032,2,0.4966,0.9997,0.4968,0.4999,-0.0008,0.0,-0.0,2.0,1.0,2.0,1.0,52766200.0,50907300.0,52352800.0,46822400.0,0.5,0.0008,0.0001,0.0,0.9999,0.0007,0.6908,0.1979,0.00992954903837112,52130655.0
2023-12-14,BRK-B,0,5512300,0.0210684883047383,0.0,0.0,1.0,1,0.0,0.8883,0.0,-0.0027,0.999,-0.0019,0.4985,1.0,1.0,2.0,2.0,3108400.0,2830000.0,2953500.0,2918800.0,0.003,0.9992,0.002,0.4988,0.043,0.9999,0.0094,0.9998,0.006135069270547979,2823770.0
2023-12-14,MSFT,0,43277500,0.0257962683715721,0.0,0.0,1.0,1,-0.0,0.374,0.0,0.0,1.0,0.0007,-0.0,1.0,1.0,1.0,1.0,27708800.0,23065000.0,23345300.0,20265300.0,0.0003,1.0,0.0008,0.0,0.503,1.0,0.9384,0.0287,0.013121158280295597,25254860.0
2023-12-14,TSLA,1,160829200,0.0542658632386915,0.0,0.0007,0.9993,1,-0.0007,0.0177,0.0007,-0.1934,1.0,-0.4878,-1.0,1.0,1.0,2.0,1.0,117950600.0,122288000.0,142532800.0,115112600.0,0.5641,1.0,0.5141,1.0,0.3286,1.0,0.0256,0.0,0.01979015571667087,118395950.0
2023-12-14,UNH,0,5386800,0.028513611692376,0.9717,0.0006,0.0277,1,0.971,0.9993,0.9723,0.0006,1.0,0.8229,0.0008,2.0,1.0,1.0,1.0,2645600.0,3462200.0,2675800.0,3827600.0,0.0144,1.0,0.8229,0.0039,0.5197,1.0,1.0,0.6053,0.015152727984567719,4325910.0
2023-12-15,AMZN,1,110089300,0.0181291437719708,0.3337,0.0001,0.6663,3,0.3336,0.9997,0.3337,0.4966,0.4999,-0.0008,-0.0,2.0,2.0,1.0,1.0,58400800.0,52766200.0,50907300.0,39679000.0,0.4968,0.5,0.0008,0.0,0.9997,0.9999,0.0007,0.0913,0.010809354501286636,48785230.0
2023-12-15,BRK-B,0,8578200,0.0106254725305107,0.6232,0.0028,0.3739,1,0.6204,0.9955,0.6261,0.0,-0.0027,0.999,-0.0001,1.0,1.0,1.0,1.0,5512300.0,3108400.0,2830000.0,1282000.0,0.0,0.003,0.9992,0.0001,0.8883,0.043,0.9999,0.0161,0.007019948723784532,2956200.0
2023-12-15,META,1,31776900,0.0224103215767252,0.0006,0.0002,0.9991,1,0.0004,0.7243,0.0009,0.0009,0.0008,0.801,0.9873,1.0,2.0,1.0,1.0,18485500.0,11294300.0,16952100.0,12027900.0,0.001,0.0014,0.8052,0.9873,0.978,0.7947,0.9974,1.0,0.018642575800524617,19474070.0
2023-12-15,MSFT,1,78502300,0.0166825542193411,0.5003,0.0001,0.4996,2,0.5002,0.9998,0.5004,-0.0,0.0,1.0,-0.5678,1.0,1.0,1.0,1.0,43277500.0,27708800.0,23065000.0,25833900.0,0.0,0.0003,1.0,0.9795,0.374,0.503,1.0,0.2102,0.01357056199286701,26591515.0
2023-12-18,AMZN,1,62512800,0.0318809984696618,0.822,0.0,0.1779,1,0.822,1.0,0.8221,0.3336,0.4966,0.4999,0.0,3.0,2.0,2.0,2.0,110089300.0,58400800.0,52766200.0,52352800.0,0.3337,0.4968,0.5,0.0001,0.9997,0.9997,0.9999,0.6908,0.009958966950560921,51213225.0
2023-12-18,META,1,18993900,0.0312315046870995,1.0,0.0,0.0,1,1.0,1.0,1.0,0.0004,0.0009,0.0008,-0.0022,1.0,1.0,2.0,1.0,31776900.0,18485500.0,11294300.0,19037100.0,0.0009,0.001,0.0014,0.003,0.7243,0.978,0.7947,0.1225,0.018333598646119435,20113565.0
2023-12-19,AAPL,1,40714100,0.0054037394922749,0.0,0.0,1.0,1,-0.0,0.2039,0.0,-0.0,0.9998,0.0,-1.0,1.0,1.0,1.0,1.0,66831600.0,70404200.0,60943700.0,49340300.0,0.0,1.0,0.0003,1.0,0.374,0.9999,0.503,0.0,0.007178419968089977,56362095.0
2023-12-19,META,1,17729400,0.0245384898310797,0.5,0.0001,0.4999,2,0.5,0.9999,0.5001,1.0,0.0004,0.0009,0.801,1.0,1.0,1.0,1.0,18993900.0,31776900.0,18485500.0,16952100.0,1.0,0.0009,0.001,0.8052,1.0,0.7243,0.978,0.9974,0.018742715327212077,19241770.0
2023-12-19,TSLA,1,106737400,0.0210273075623047,0.0056,0.0122,0.9822,1,-0.0066,0.3146,0.0178,-0.0007,-0.1934,1.0,0.4902,1.0,1.0,1.0,2.0,160829200.0,117950600.0,122288000.0,118068300.0,0.0007,0.5641,1.0,0.5098,0.0177,0.3286,1.0,0.9809,0.021417619727258006,118347605.0
2023-12-20,GOOGL,0,49107200,0.0261206705917669,0.0,0.0,1.0,1,0.0,0.9101,0.0,1.0,-1.0,0.4999,-0.0003,1.0,1.0,2.0,1.0,31138000.0,32260100.0,56767100.0,23436500.0,1.0,1.0,0.5,0.0003,1.0,0.0,0.9999,0.0524,0.01116639284751939,31570200.0
2023-12-20,TSLA,0,125097000,0.0500760350786112,0.0275,0.0425,0.93,2,-0.0149,0.3934,0.07,-0.0066,-0.0007,-0.1934,-0.4878,1.0,1.0,1.0,2.0,106737400.0,160829200.0,117950600.0,142532800.0,0.0178,0.0007,0.5641,0.5141,0.3146,0.0177,0.3286,0.0256,0.021734464876604378,119455365.0
2023-12-22,UNH,1,1759500,0.0095983499798185,0.0,0.0,1.0,1,-0.0,0.2989,0.0,0.971,0.0006,1.0,-0.0,1.0,2.0,1.0,1.0,5386800.0,2645600.0,3462200.0,2684900.0,0.9723,0.0144,1.0,0.0,0.9993,0.5197,1.0,0.1463,0.015079454840506351,4351650.0
2023-12-26,AAPL,0,28919300,0.0054749111887408,0.0,0.0002,0.9998,1,-0.0001,0.157,0.0002,-0.0,-0.0,0.9998,0.9999,1.0,1.0,1.0,1.0,40714100.0,66831600.0,70404200.0,38134500.0,0.0,0.0,1.0,1.0,0.2039,0.374,0.9999,1.0,0.007234527113844952,55583080.0
2023-12-27,AMZN,0,31434700,0.0108101308185809,0.0001,0.0,0.9998,1,0.0001,0.7015,0.0002,0.822,0.3336,0.4966,-0.0008,1.0,3.0,2.0,1.0,62512800.0,110089300.0,58400800.0,50907300.0,0.8221,0.3337,0.4968,0.0008,1.0,0.9997,0.9997,0.0007,0.01083689595598711,51727030.0
2023-12-27,MSFT,1,14905400,0.006021033437609,0.0214,0.0005,0.9781,1,0.0208,0.9755,0.0219,0.5002,-0.0,0.0,0.0007,2.0,1.0,1.0,1.0,78502300.0,43277500.0,27708800.0,23345300.0,0.5004,0.0,0.0003,0.0008,0.9998,0.374,0.503,0.9384,0.013676730373702421,29691335.0
2023-12-28,JPM,1,6320100,0.0098022060955503,0.0,0.0,1.0,1,-0.0,0.0834,0.0,-0.0001,-0.0007,-0.0001,0.9378,1.0,1.0,2.0,1.0,10223000.0,9366000.0,9126100.0,9927700.0,0.0001,0.0007,0.0002,0.9386,0.076,0.0035,0.2024,0.9996,0.010684288638847324,10310455.0
2023-12-29,AMZN,0,39823200,0.0186806041563305,0.0,0.0,1.0,1,-0.0,0.0266,0.0,0.0001,0.822,0.3336,0.4999,1.0,1.0,3.0,2.0,31434700.0,62512800.0,110089300.0,52766200.0,0.0002,0.8221,0.3337,0.5,0.7015,1.0,0.9997,0.9999,0.010868755968307331,51050245.0
2023-12-29,META,0,14987100,0.0227861302495947,0.5,0.0,0.5,2,0.5,1.0,0.5,0.5,1.0,0.0004,0.0008,2.0,1.0,1.0,2.0,17729400.0,18993900.0,31776900.0,11294300.0,0.5001,1.0,0.0009,0.0014,0.9999,1.0,0.7243,0.7947,0.0179186743363665,18859555.0
2024-01-02,AAPL,0,82488700,0.0243120662577977,0.0,0.6666,0.3333,3,-0.6666,0.0,0.6667,-0.0001,-0.0,-0.0,0.0,1.0,1.0,1.0,1.0,28919300.0,40714100.0,66831600.0,60943700.0,0.0002,0.0,0.0,0.0003,0.157,0.2039,0.374,0.503,0.007466506429477672,54549315.0
2024-01-02,BRK-B,1,4737000,0.0186068835499878,1.0,0.0,0.0,1,1.0,1.0,1.0,0.6204,0.0,-0.0027,-0.0019,1.0,1.0,1.0,2.0,8578200.0,5512300.0,3108400.0,2953500.0,0.6261,0.0,0.003,0.002,0.9955,0.8883,0.043,0.0094,0.007049968050720694,3275305.0
2024-01-02,GOOGL,0,23711200,0.0214363129215783,0.0,0.0128,0.9872,1,-0.0128,0.0033,0.0128,0.0,1.0,-1.0,-0.0001,1.0,1.0,1.0,1.0,49107200.0,31138000.0,32260100.0,23967200.0,0.0,1.0,1.0,0.0001,0.9101,1.0,0.0,0.0053,0.011207049809813106,33055405.0
2024-01-02,TSLA,0,104654200,0.027351232756754,0.9975,0.0008,0.0017,1,0.9967,0.9992,0.9983,-0.0149,-0.0066,-0.0007,1.0,2.0,1.0,1.0,1.0,125097000.0,106737400.0,160829200.0,122288000.0,0.07,0.0178,0.0007,1.0,0.3934,0.3146,0.0177,1.0,0.023104059339951324,120155320.0
2024-01-03,AMZN,0,49425500,0.0182305715572279,0.0,0.0001,0.9999,1,-0.0,0.354,0.0001,-0.0,0.0001,0.822,0.4966,1.0,1.0,1.0,2.0,39823200.0,31434700.0,62512800.0,58400800.0,0.0,0.0002,0.8221,0.4968,0.0266,0.7015,1.0,0.9997,0.010724438919904199,51229635.0
2024-01-03,META,0,15451100,0.0138269446905404,0.0,0.0,1.0,1,-0.0,0.0615,0.0,0.5,0.5,1.0,0.0009,2.0,2.0,1.0,1.0,14987100.0,17729400.0,18993900.0,18485500.0,0.5,0.5001,1.0,0.001,1.0,0.9999,1.0,0.978,0.0181979254444728,18795630.0
2024-01-04,AMZN,0,56039800,0.0228724631830218,0.0003,0.0,0.9997,1,0.0003,0.9882,0.0003,-0.0,-0.0,0.0001,0.3336,1.0,1.0,1.0,3.0,49425500.0,39823200.0,31434700.0,110089300.0,0.0001,0.0,0.0002,0.3337,0.354,0.0266,0.7015,0.9997,0.01088707619596499,51916880.0
2024-01-04,META,1,12099900,0.0137880986937591,0.0003,0.0003,0.9994,3,0.0,0.5079,0.0006,-0.0,0.5,0.5,0.0004,1.0,2.0,2.0,1.0,15451100.0,14987100.0,17729400.0,31776900.0,0.0,0.5,0.5001,0.0009,0.0615,1.0,0.9999,0.7243,0.017951751247223015,18700070.0
2024-01-04,TSLA,0,102629300,0.0207732548409745,0.0,0.0,1.0,1,-0.0,0.4146,0.0,0.9967,-0.0149,-0.0066,-0.1934,1.0,2.0,1.0,1.0,104654200.0,125097000.0,106737400.0,117950600.0,0.9983,0.07,0.0178,0.5641,0.9992,0.3934,0.3146,0.3286,0.0230507373430294,119763805.0
2024-01-05,AAPL,0,62379700,0.0142315306319827,0.0,1.0,0.0,1,-1.0,0.0,1.0,-0.6666,-0.0001,-0.0,0.9998,3.0,1.0,1.0,1.0,82488700.0,28919300.0,40714100.0,70404200.0,0.6667,0.0002,0.0,1.0,0.0,0.157,0.2039,0.9999,0.008024730915781028,56022735.0
2024-01-05,AMZN,1,45153100,0.014237317878462,0.0,1.0,0.0,1,-1.0,0.0,1.0,0.0003,-0.0,-0.0,0.822,1.0,1.0,1.0,1.0,56039800.0,49425500.0,39823200.0,62512800.0,0.0003,0.0001,0.0,0.8221,0.9882,0.354,0.0266,1.0,0.011097192799209976,51885140.0
2024-01-05,MSFT,0,21004600,0.0150689691308209,0.0004,0.0064,0.9932,1,-0.006,0.0607,0.0068,0.0208,0.5002,-0.0,1.0,1.0,2.0,1.0,1.0,14905400.0,78502300.0,43277500.0,23065000.0,0.0219,0.5004,0.0,1.0,0.9755,0.9998,0.374,1.0,0.01367739312177177,28658585.0
2024-01-08,AMZN,1,46757100,0.0221480160715368,1.0,0.0,0.0,1,1.0,1.0,1.0,-1.0,0.0003,-0.0,0.0001,1.0,1.0,1.0,1.0,45153100.0,56039800.0,49425500.0,31434700.0,1.0,0.0003,0.0001,0.0002,0.0,0.9882,0.354,0.7015,0.010789482299794938,51660120.0
2024-01-08,META,1,13890200,0.0195377021563631,0.0,0.0,1.0,1,-0.0,0.0051,0.0,0.0,-0.0,0.5,1.0,3.0,1.0,2.0,1.0,12099900.0,15451100.0,14987100.0,18993900.0,0.0006,0.0,0.5,1.0,0.5079,0.0615,1.0,1.0,0.014840727600492876,18214870.0
2024-01-09,MSFT,1,20830000,0.0129028458024365,0.058,0.0874,0.8546,1,-0.0295,0.3987,0.1454,-0.006,0.0208,0.5002,0.0,1.0,1.0,2.0,1.0,21004600.0,14905400.0,78502300.0,27708800.0,0.0068,0.0219,0.5004,0.0003,0.0607,0.9755,0.9998,0.503,0.013341026193186448,28636420.0
2024-01-10,AMZN,1,44421800,0.0167038887736011,0.0,0.0001,0.9999,4,-0.0001,0.0903,0.0001,1.0,-1.0,0.0003,-0.0,1.0,1.0,1.0,1.0,46757100.0,45153100.0,56039800.0,39823200.0,1.0,1.0,0.0003,0.0,1.0,0.0,0.9882,0.0266,0.011198801020942426,51900415.0
2024-01-11,AMZN,1,49072700,0.0261223118365553,0.4721,0.0014,0.5265,1,0.4706,0.997,0.4735,-0.0001,1.0,-1.0,-0.0,4.0,1.0,1.0,1.0,44421800.0,46757100.0,45153100.0,49425500.0,0.0001,1.0,1.0,0.0001,0.0903,1.0,0.0,0.354,0.01134151207019437,50560205.0
2024-01-11,META,0,17205400,0.0264692606730744,0.0245,0.0041,0.9714,1,0.0205,0.8582,0.0286,-0.0,0.0,-0.0,0.5,1.0,3.0,1.0,2.0,13890200.0,12099900.0,15451100.0,17729400.0,0.0,0.0006,0.0,0.5001,0.0051,0.5079,0.0615,0.9999,0.014575047715774078,18066830.0
2024-01-12,AAPL,0,40477800,0.0083306625394837,0.843,0.0029,0.1541,1,0.8401,0.9966,0.8459,-1.0,-0.6666,-0.0001,-0.0,1.0,3.0,1.0,1.0,62379700.0,82488700.0,28919300.0,66831600.0,1.0,0.6667,0.0002,0.0,0.0,0.0,0.157,0.374,0.007578581382252216,56278385.0
2024-01-12,JPM,0,19436500,0.0426352332105694,0.0003,0.4388,0.5609,1,-0.4385,0.0007,0.4391,-0.0,-0.0001,-0.0007,-0.0001,1.0,1.0,1.0,1.0,6320100.0,10223000.0,9366000.0,7019000.0,0.0,0.0001,0.0007,0.0001,0.0834,0.076,0.0035,0.2118,0.010713300948379002,10223840.0
2024-01-12,MSFT,1,21661200,0.0104542241858126,0.843,0.0029,0.1541,1,0.8401,0.9966,0.8459,-0.0295,-0.006,0.0208,-0.0,1.0,1.0,1.0,1.0,20830000.0,21004600.0,14905400.0,43277500.0,0.1454,0.0068,0.0219,0.0,0.3987,0.0607,0.9755,0.374,0.013516643254966888,28707415.0
2024-01-12,TSLA,0,123043800,0.0372137512416659,0.0,0.5,0.5,2,-0.5,0.0,0.5,-0.0,0.9967,-0.0149,-0.0007,1.0,1.0,2.0,1.0,102629300.0,104654200.0,125097000.0,160829200.0,0.0,0.9983,0.07,0.0007,0.4146,0.9992,0.3934,0.0177,0.022865052086319528,119511585.0
2024-01-16,BRK-B,0,3046500,0.0102220516617676,0.0,0.0,1.0,1,-0.0,0.0583,0.0,1.0,0.6204,0.0,0.999,1.0,1.0,1.0,1.0,4737000.0,8578200.0,5512300.0,2830000.0,1.0,0.6261,0.0,0.9992,1.0,0.9955,0.8883,0.9999,0.008024022611830968,3368625.0
2024-01-16,JPM,1,17206400,0.0229877685350748,0.0005,0.0659,0.9336,1,-0.0653,0.0078,0.0664,-0.4385,-0.0,-0.0001,-0.0001,1.0,1.0,1.0,2.0,19436500.0,6320100.0,10223000.0,9126100.0,0.4391,0.0,0.0001,0.0002,0.0007,0.0834,0.076,0.2024,0.012414983232649078,10822245.0
2024-01-16,META,0,15306900,0.0224273370858289,0.0,0.0003,0.9997,1,-0.0003,0.0036,0.0003,0.0205,-0.0,0.0,0.5,1.0,1.0,3.0,2.0,17205400.0,13890200.0,12099900.0,14987100.0,0.0286,0.0,0.0006,0.5,0.8582,0.0051,0.5079,1.0,0.014405636622650157,18037260.0
2024-01-17,GOOGL,1,20968600,0.0207994504029467,0.0098,0.0015,0.9888,1,0.0083,0.8691,0.0112,-0.0128,0.0,1.0,0.4999,1.0,1.0,1.0,2.0,23711200.0,49107200.0,31138000.0,56767100.0,0.0128,0.0,1.0,0.5,0.0033,0.9101,1.0,0.9999,0.010902056660725397,33306740.0
2024-01-17,JPM,0,11107500,0.0154177237212625,0.0005,0.0013,0.9982,1,-0.0008,0.2808,0.0018,-0.0653,-0.4385,-0.0,-0.0007,1.0,1.0,1.0,1.0,17206400.0,19436500.0,6320100.0,9366000.0,0.0664,0.4391,0.0,0.0007,0.0078,0.0007,0.0834,0.0035,0.013006436602067451,11239160.0
2024-01-17,META,1,12724800,0.0271089913302749,0.0,0.0023,0.9977,1,-0.0023,0.0016,0.0023,-0.0003,0.0205,-0.0,-0.0,1.0,1.0,1.0,1.0,15306900.0,17205400.0,13890200.0,15451100.0,0.0003,0.0286,0.0,0.0,0.0036,0.8582,0.0051,0.0615,0.012605080299940015,16692980.0
2024-01-17,UNH,1,3791300,0.020449609701929,0.9998,0.0,0.0002,1,0.9998,1.0,0.9998,-0.0,0.971,0.0006,0.8229,1.0,1.0,2.0,1.0,1759500.0,5386800.0,2645600.0,2675800.0,0.0,0.9723,0.0144,0.8229,0.2989,0.9993,0.5197,1.0,0.014902578149287369,4331140.0
2024-01-18,BRK-B,1,3007800,0.0120807984842553,0.8883,0.0145,0.0972,1,0.8737,0.9839,0.9028,-0.0,1.0,0.6204,-0.0027,1.0,1.0,1.0,1.0,3046500.0,4737000.0,8578200.0,3108400.0,0.0,1.0,0.6261,0.003,0.0583,1.0,0.9955,0.043,0.007985009530070985,3368035.0
2024-01-19,AAPL,1,68903000,0.01653192623331,0.0,1.0,0.0,1,-1.0,0.0,1.0,0.8401,-1.0,-0.6666,-0.0,1.0,1.0,3.0,1.0,40477800.0,62379700.0,82488700.0,40714100.0,0.8459,1.0,0.6667,0.0,0.9966,0.0,0.0,0.2039,0.0074924579541754644,56182735.0
2024-01-19,AMZN,1,51651600,0.01963198971413,0.0101,0.0,0.9898,1,0.0101,0.9987,0.0102,0.4706,-0.0001,1.0,0.0003,1.0,4.0,1.0,1.0,49072700.0,44421800.0,46757100.0,56039800.0,0.4735,0.0001,1.0,0.0003,0.997,0.0903,1.0,0.9882,0.011334503060190512,51894920.0
2024-01-19,META,1,21670800,0.0168601164402621,0.25,0.0007,0.7493,4,0.2493,0.9973,0.2507,-0.0023,-0.0003,0.0205,0.0,1.0,1.0,1.0,3.0,12724800.0,15306900.0,17205400.0,12099900.0,0.0023,0.0003,0.0286,0.0006,0.0016,0.0036,0.8582,0.5079,0.011464415087825388,16247630.0
2024-01-19,MSFT,1,29331100,0.013063506418438,0.0,0.0,1.0,1,0.0,0.69,0.0,0.8401,-0.0295,-0.006,0.5002,1.0,1.0,1.0,2.0,21661200.0,20830000.0,21004600.0,78502300.0,0.8459,0.1454,0.0068,0.5004,0.9966,0.3987,0.0607,0.9998,0.013489463540312852,28583110.0
2024-01-22,AMZN,0,43687500,0.0200778199217793,0.0142,0.0082,0.9775,1,0.006,0.6334,0.0225,0.0101,0.4706,-0.0001,-1.0,1.0,1.0,4.0,1.0,51651600.0,49072700.0,44421800.0,45153100.0,0.0102,0.4735,0.0001,1.0,0.9987,0.997,0.0903,0.0,0.01142742696047336,51789380.0
2024-01-22,JPM,0,12837500,0.0133168422167333,0.0,0.0,1.0,1,-0.0,0.0438,0.0,-0.0008,-0.0653,-0.4385,-0.0001,1.0,1.0,1.0,1.0,11107500.0,17206400.0,19436500.0,10223000.0,0.0018,0.0664,0.4391,0.0001,0.2808,0.0078,0.0007,0.076,0.011735673869522938,11198645.0
2024-01-22,TSLA,0,117952500,0.0543201690270729,0.233,0.0215,0.7455,1,0.2115,0.9156,0.2545,-0.5,-0.0,0.9967,-0.0066,2.0,1.0,1.0,1.0,123043800.0,102629300.0,104654200.0,106737400.0,0.5,0.0,0.9983,0.0178,0.0,0.4146,0.9992,0.3146,0.022674117897029222,119564355.0
2024-01-23,META,1,15506100,0.0163798512571541,0.6576,0.0002,0.3423,2,0.6574,0.9998,0.6577,0.2493,-0.0023,-0.0003,-0.0,4.0,1.0,1.0,1.0,21670800.0,12724800.0,15306900.0,13890200.0,0.2507,0.0023,0.0003,0.0,0.9973,0.0016,0.0036,0.0051,0.011597243622901657,16492955.0
2024-01-24,AAPL,0,53631300,0.0104390981682348,0.0,0.0,1.0,1,0.0,0.9867,0.0,-1.0,0.8401,-1.0,-0.0001,1.0,1.0,1.0,1.0,68903000.0,40477800.0,62379700.0,28919300.0,1.0,0.8459,1.0,0.0002,0.0,0.9966,0.0,0.157,0.007605465229917258,57250330.0
2024-01-24,AMZN,0,48547300,0.0128643773132947,0.0,0.0,1.0,2,-0.0,0.384,0.0,0.006,0.0101,0.4706,1.0,1.0,1.0,1.0,1.0,43687500.0,51651600.0,49072700.0,46757100.0,0.0225,0.0102,0.4735,1.0,0.6334,0.9987,0.997,1.0,0.01202358825432032,51838170.0
2024-01-24,BRK-B,1,4589300,0.0154618682642991,0.2537,0.0007,0.7456,1,0.253,0.9974,0.2544,0.8737,-0.0,1.0,0.0,1.0,1.0,1.0,1.0,3007800.0,3046500.0,4737000.0,5512300.0,0.9028,0.0,1.0,0.0,0.9839,0.0583,1.0,0.8883,0.007884562001581795,3369585.0
2024-01-24,JPM,1,9967100,0.012694815120076,0.0002,0.0009,0.9989,1,-0.0006,0.207,0.0011,-0.0,-0.0008,-0.0653,-0.0,1.0,1.0,1.0,1.0,12837500.0,11107500.0,17206400.0,6320100.0,0.0,0.0018,0.0664,0.0,0.0438,0.2808,0.0078,0.0834,0.01125187165868538,11326990.0
2024-01-24,META,1,15698500,0.0213846059945912,0.0,0.0,1.0,2,0.0,0.9653,0.0,0.6574,0.2493,-0.0023,0.0205,2.0,4.0,1.0,1.0,15506100.0,21670800.0,12724800.0,17205400.0,0.6577,0.2507,0.0023,0.0286,0.9998,0.9973,0.0016,0.8582,0.011566582659835761,16623875.0
2024-01-24,TSLA,0,123369900,0.0281290887187514,0.0,1.0,0.0,2,-0.9999,0.0,1.0,0.2115,-0.5,-0.0,-0.0149,1.0,2.0,1.0,2.0,117952500.0,123043800.0,102629300.0,125097000.0,0.2545,0.5,0.0,0.07,0.9156,0.0,0.4146,0.3934,0.02270191323886486,120018895.0
2024-01-25,AMZN,1,43638600,0.0252309113225661,0.0003,0.0007,0.999,2,-0.0003,0.3254,0.001,-0.0,0.006,0.0101,-0.0001,2.0,1.0,1.0,4.0,48547300.0,43687500.0,51651600.0,44421800.0,0.0,0.0225,0.0102,0.0001,0.384,0.6334,0.9987,0.0903,0.012070287799015077,50974835.0
2024-01-25,META,1,15091100,0.0251941108592813,0.0016,0.1609,0.8374,1,-0.1593,0.0101,0.1626,0.0,0.6574,0.2493,-0.0003,2.0,2.0,4.0,1.0,15698500.0,15506100.0,21670800.0,15306900.0,0.0,0.6577,0.2507,0.0003,0.9653,0.9998,0.9973,0.0036,0.011566609024902592,16706020.0
2024-01-25,MSFT,1,21021200,0.0110803593816114,0.0,0.0,1.0,1,-0.0,0.0274,0.0,0.0,0.8401,-0.0295,0.0208,1.0,1.0,1.0,1.0,29331100.0,21661200.0,20830000.0,14905400.0,0.0,0.8459,0.1454,0.0219,0.69,0.9966,0.3987,0.9755,0.012207309680043561,28997990.0
2024-01-25,TSLA,0,198076800,0.0682129818111531,0.0,1.0,0.0,2,-1.0,0.0,1.0,-0.9999,0.2115,-0.5,0.9967,2.0,1.0,2.0,1.0,123369900.0,117952500.0,123043800.0,104654200.0,1.0,0.2545,0.5,0.9983,0.0,0.9156,0.0,0.9992,0.02247411319681248,120955560.0
2024-01-26,AMZN,1,51047400,0.0177376441804844,0.0,0.0002,0.9998,2,-0.0002,0.0298,0.0002,-0.0003,-0.0,0.006,0.4706,2.0,2.0,1.0,1.0,43638600.0,48547300.0,43687500.0,49072700.0,0.001,0.0,0.0225,0.4735,0.3254,0.384,0.6334,0.997,0.012034844239338354,51159175.0
2024-01-26,BRK-B,1,3621400,0.0150374259805549,0.0,0.2388,0.7612,1,-0.2388,0.0,0.2388,0.253,0.8737,-0.0,0.6204,1.0,1.0,1.0,1.0,4589300.0,3007800.0,3046500.0,8578200.0,0.2544,0.9028,0.0,0.6261,0.9974,0.9839,0.0583,0.9955,0.008184450653893125,3442505.0
2024-01-26,JPM,0,7443000,0.0074155539932262,0.1148,0.0,0.8852,1,0.1148,0.9997,0.1148,-0.0006,-0.0,-0.0008,-0.4385,1.0,1.0,1.0,1.0,9967100.0,12837500.0,11107500.0,19436500.0,0.0011,0.0,0.0018,0.4391,0.207,0.0438,0.2808,0.0007,0.011218614151957886,11477100.0
2024-01-26,TSLA,0,107343200,0.0252290710284705,0.0004,0.7921,0.2074,1,-0.7917,0.0005,0.7926,-1.0,-0.9999,0.2115,-0.0,2.0,2.0,1.0,1.0,198076800.0,123369900.0,117952500.0,102629300.0,1.0,1.0,0.2545,0.0,0.0,0.0,0.9156,0.4146,0.023376778239226337,125759720.0
2024-01-29,AAPL,0,47145600,0.0136450976102405,0.1872,0.0679,0.7449,1,0.1193,0.7339,0.2551,0.0,-1.0,0.8401,-0.6666,1.0,1.0,1.0,3.0,53631300.0,68903000.0,40477800.0,82488700.0,0.0,1.0,0.8459,0.6667,0.9867,0.0,0.9966,0.0,0.007719119463478752,57306045.0
2024-01-30,AMZN,0,45207400,0.0201617317728918,0.0835,0.0002,0.9163,1,0.0832,0.9971,0.0837,-0.0002,-0.0003,-0.0,0.0101,2.0,2.0,2.0,1.0,51047400.0,43638600.0,48547300.0,51651600.0,0.0002,0.001,0.0,0.0102,0.0298,0.3254,0.384,0.9987,0.01096962676572501,51370425.0
2024-01-30,GOOGL,0,36331800,0.0159030931102675,0.2507,0.7491,0.0003,4,-0.4984,0.2507,0.9997,0.0083,-0.0128,0.0,-1.0,1.0,1.0,1.0,1.0,20968600.0,23711200.0,49107200.0,32260100.0,0.0112,0.0128,0.0,1.0,0.8691,0.0033,0.9101,0.0,0.010860983787249614,33337485.0
2024-01-30,JPM,1,10822100,0.022739065174708,0.0,0.0,1.0,1,-0.0,0.0792,0.0,0.1148,-0.0006,-0.0,-0.0653,1.0,1.0,1.0,1.0,7443000.0,9967100.0,12837500.0,17206400.0,0.1148,0.0011,0.0,0.0664,0.9997,0.207,0.0438,0.0078,0.011221059882680328,11284810.0
2024-01-30,META,0,18614700,0.0168239502687252,0.0026,0.9963,0.0011,1,-0.9937,0.0026,0.9989,-0.1593,0.0,0.6574,-0.0023,1.0,2.0,2.0,1.0,15091100.0,15698500.0,15506100.0,12724800.0,0.1626,0.0,0.6577,0.0023,0.0101,0.9653,0.9998,0.0016,0.011603442300946353,16655420.0
2024-01-30,MSFT,0,33477600,0.0160092549109713,0.0095,0.99,0.0006,2,-0.9805,0.0095,0.9994,-0.0,0.0,0.8401,-0.006,1.0,1.0,1.0,1.0,21021200.0,29331100.0,21661200.0,21004600.0,0.0,0.0,0.8459,0.0068,0.0274,0.69,0.9966,0.0607,0.009831866041540292,28765370.0
2024-01-31,GOOGL,0,71910000,0.0287564755829618,0.0,1.0,0.0,1,-1.0,0.0,1.0,-0.4984,0.0083,-0.0128,1.0,4.0,1.0,1.0,1.0,36331800.0,20968600.0,23711200.0,31138000.0,0.9997,0.0112,0.0128,1.0,0.2507,0.8691,0.0033,1.0,0.010908332921463206,33578880.0
2024-01-31,META,1,20180800,0.0280205498624275,0.4655,0.0127,0.5218,2,0.4528,0.9734,0.4782,-0.9937,-0.1593,0.0,0.2493,1.0,1.0,2.0,4.0,18614700.0,15091100.0,15698500.0,21670800.0,0.9989,0.1626,0.0,0.2507,0.0026,0.0101,0.9653,0.9973,0.011927856098647898,16727185.0
2024-01-31,TSLA,1,103221400,0.0434224337817514,0.0,0.0002,0.9998,1,-0.0002,0.1199,0.0002,-0.7917,-1.0,-0.9999,-0.5,1.0,2.0,2.0,2.0,107343200.0,198076800.0,123369900.0,123043800.0,0.7926,1.0,1.0,0.5,0.0005,0.0,0.0,0.0,0.023333560971338638,124297020.0
2024-02-01,AAPL,1,64885400,0.0170117372171052,0.4933,0.5,0.0067,2,-0.0067,0.4966,0.9933,0.1193,0.0,-1.0,-1.0,1.0,1.0,1.0,1.0,47145600.0,53631300.0,68903000.0,62379700.0,0.2551,0.0,1.0,1.0,0.7339,0.9867,0.0,0.0,0.007794530941138394,56925105.0
2024-02-01,AMZN,1,76542400,0.0265605922842036,0.7835,0.0,0.2165,4,0.7835,1.0,0.7835,0.0832,-0.0002,-0.0003,0.006,1.0,2.0,2.0,1.0,45207400.0,51047400.0,43638600.0,43687500.0,0.0837,0.0002,0.001,0.0225,0.9971,0.0298,0.3254,0.6334,0.01011518287406159,51646845.0
2024-02-01,GOOGL,0,40466500,0.0159724482863171,0.134,0.0001,0.8659,1,0.1339,0.999,0.1341,-1.0,-0.4984,0.0083,0.0,1.0,4.0,1.0,1.0,71910000.0,36331800.0,20968600.0,49107200.0,1.0,0.9997,0.0112,0.0,0.0,0.2507,0.8691,0.9101,0.012076204015888638,35888445.0
2024-02-01,META,1,29727100,0.0189115402367379,0.5488,0.0149,0.4363,7,0.5339,0.9736,0.5637,0.4528,-0.9937,-0.1593,0.6574,2.0,1.0,1.0,2.0,20180800.0,18614700.0,15091100.0,15506100.0,0.4782,0.9989,0.1626,0.6577,0.9734,0.0026,0.0101,0.9998,0.011811540271113266,17134830.0
2024-02-01,MSFT,1,30657700,0.0154294413413974,0.4933,0.0,0.5067,2,0.4933,1.0,0.4933,-0.9805,-0.0,0.0,-0.0295,2.0,1.0,1.0,1.0,33477600.0,21021200.0,29331100.0,20830000.0,0.9994,0.0,0.0,0.1454,0.0095,0.0274,0.69,0.3987,0.009498349159110513,29444690.0
2024-02-02,AAPL,1,102551700,0.0449238396732758,0.7252,0.0014,0.2734,1,0.7238,0.9981,0.7266,-0.0067,0.1193,0.0,0.8401,2.0,1.0,1.0,1.0,64885400.0,47145600.0,53631300.0,40477800.0,0.9933,0.2551,0.0,0.8459,0.4966,0.7339,0.9867,0.9966,0.008021292105325147,57370370.0
2024-02-02,AMZN,1,117218300,0.0305573502827732,0.75,0.0,0.25,4,0.75,1.0,0.75,0.7835,0.0832,-0.0002,-0.0,4.0,1.0,2.0,2.0,76542400.0,45207400.0,51047400.0,48547300.0,0.7835,0.0837,0.0002,0.0,1.0,0.9971,0.0298,0.384,0.011084567665566153,52856325.0
2024-02-02,GOOGL,1,62499600,0.0439465414231872,0.0,0.9988,0.0012,1,-0.9988,0.0,0.9988,0.1339,-1.0,-0.4984,-0.0128,1.0,1.0,4.0,1.0,40466500.0,71910000.0,36331800.0,23711200.0,0.1341,1.0,0.9997,0.0128,0.999,0.0,0.2507,0.0033,0.011222557606708778,36786115.0
2024-02-02,META,1,84707600,0.071692735534977,0.5302,0.0013,0.4685,11,0.529,0.9976,0.5315,0.5339,0.4528,-0.9937,0.0,7.0,2.0,1.0,2.0,29727100.0,20180800.0,18614700.0,15698500.0,0.5637,0.4782,0.9989,0.0,0.9736,0.9734,0.0026,0.9653,0.011750930826385132,17669330.0
2024-02-02,MSFT,1,28256700,0.0225105777292492,0.0,0.0002,0.9998,1,-0.0001,0.1975,0.0002,0.4933,-0.9805,-0.0,0.8401,2.0,2.0,1.0,1.0,30657700.0,33477600.0,21021200.0,21661200.0,0.4933,0.9994,0.0,0.8459,1.0,0.0095,0.0274,0.9966,0.008929691168435538,29923955.0
2024-02-05,AMZN,1,55081300,0.0167450420365301,0.0,0.0,1.0,2,-0.0,0.1872,0.0,0.75,0.7835,0.0832,-0.0003,4.0,4.0,1.0,2.0,117218300.0,76542400.0,45207400.0,43638600.0,0.75,0.7835,0.0837,0.001,1.0,1.0,0.9971,0.3254,0.01146694300605075,56171875.0
2024-02-05,GOOGL,1,38505400,0.018834913201619,0.0,0.0,1.0,1,-0.0,0.1587,0.0,-0.9988,0.1339,-1.0,0.0083,1.0,1.0,1.0,1.0,62499600.0,40466500.0,71910000.0,20968600.0,0.9988,0.1341,1.0,0.0112,0.0,0.999,0.0,0.8691,0.012215239656058068,38761625.0
2024-02-05,META,0,40832400,0.0269855974802409,0.0,0.0002,0.9998,2,-0.0001,0.1332,0.0002,0.529,0.5339,0.4528,-0.1593,11.0,7.0,2.0,1.0,84707600.0,29727100.0,20180800.0,15091100.0,0.5315,0.5637,0.4782,0.1626,0.9976,0.9736,0.9734,0.0101,0.013484747693094596,21057105.0
2024-02-05,MSFT,0,25352300,0.0174921042559105,0.0,0.0,1.0,1,-0.0,0.1587,0.0,-0.0001,0.4933,-0.9805,0.0,1.0,2.0,2.0,1.0,28256700.0,30657700.0,33477600.0,29331100.0,0.0002,0.4933,0.9994,0.0,0.1975,1.0,0.0095,0.69,0.009479922743744946,30179110.0
2024-02-05,TSLA,0,134294400,0.0524801826616062,0.0001,0.0046,0.9952,4,-0.0045,0.0261,0.0048,-0.0002,-0.7917,-1.0,0.2115,1.0,1.0,2.0,1.0,103221400.0,107343200.0,198076800.0,117952500.0,0.0002,0.7926,1.0,0.2545,0.1199,0.0005,0.0,0.9156,0.023401309755533575,124272775.0
2024-02-06,AAPL,1,43490800,0.0135930283519013,0.0,0.0001,0.9998,1,-0.0001,0.2249,0.0002,0.7238,-0.0067,0.1193,-1.0,1.0,2.0,1.0,1.0,102551700.0,64885400.0,47145600.0,68903000.0,0.7266,0.9933,0.2551,1.0,0.9981,0.4966,0.7339,0.0,0.010118192460697513,59640105.0
2024-02-06,JPM,1,6764800,0.0120840765304163,0.4991,0.0,0.5009,2,0.499,0.9999,0.4991,-0.0,0.1148,-0.0006,-0.0008,1.0,1.0,1.0,1.0,10822100.0,7443000.0,9967100.0,11107500.0,0.0,0.1148,0.0011,0.0018,0.0792,0.9997,0.207,0.2808,0.012057049634176666,11391005.0
2024-02-06,META,0,21655200,0.0304310239594557,0.7213,0.0005,0.2782,1,0.7207,0.9992,0.7218,-0.0001,0.529,0.5339,-0.9937,2.0,11.0,7.0,1.0,40832400.0,84707600.0,29727100.0,18614700.0,0.0002,0.5315,0.5637,0.9989,0.1332,0.9976,0.9736,0.0026,0.014209224053725924,22534010.0
2024-02-06,MSFT,0,18382600,0.0124667327725458,0.0,0.0001,0.9998,1,-0.0001,0.2249,0.0002,-0.0,-0.0001,0.4933,-0.0,1.0,1.0,2.0,1.0,25352300.0,28256700.0,30657700.0,21021200.0,0.0,0.0002,0.4933,0.0,0.1587,0.1975,1.0,0.0274,0.009623754694172494,30227990.0
2024-02-06,TSLA,1,122676000,0.0529315756866822,0.0001,0.0005,0.9993,1,-0.0004,0.1974,0.0007,-0.0045,-0.0002,-0.7917,-0.9999,4.0,1.0,1.0,2.0,134294400.0,103221400.0,107343200.0,123369900.0,0.0048,0.0002,0.7926,1.0,0.0261,0.1199,0.0005,0.0,0.022666414429225158,126309350.0
2024-02-07,AMZN,1,47174100,0.0114467930747712,0.0,0.0001,0.9999,2,-0.0001,0.1759,0.0001,-0.0,0.75,0.7835,-0.0002,2.0,4.0,4.0,2.0,55081300.0,117218300.0,76542400.0,51047400.0,0.0,0.75,0.7835,0.0002,0.1872,1.0,1.0,0.0298,0.01146946116631565,56287630.0
2024-02-07,BRK-B,1,3426800,0.0121388962768168,0.0,0.0001,0.9999,1,-0.0001,0.0032,0.0001,-0.2388,0.253,0.8737,1.0,1.0,1.0,1.0,1.0,3621400.0,4589300.0,3007800.0,4737000.0,0.2388,0.2544,0.9028,1.0,0.0,0.9974,0.9839,1.0,0.008408333459151545,3493390.0
2024-02-07,META,1,23066000,0.0334934417857873,0.0,0.0,1.0,1,-0.0,0.0205,0.0,0.7207,-0.0001,0.529,0.4528,1.0,2.0,11.0,2.0,21655200.0,40832400.0,84707600.0,20180800.0,0.7218,0.0002,0.5315,0.4782,0.9992,0.1332,0.9976,0.9734,0.013914765339405675,22692495.0
2024-02-07,MSFT,1,22340500,0.0169349937540227,0.6483,0.0691,0.2827,2,0.5792,0.9037,0.7173,-0.0001,-0.0,-0.0001,-0.9805,1.0,1.0,1.0,2.0,18382600.0,25352300.0,28256700.0,33477600.0,0.0002,0.0,0.0002,0.9994,0.2249,0.1587,0.1975,0.0095,0.009601153334976315,29589440.0
2024-02-07,UNH,1,4109100,0.0161669955851305,0.0,0.0,1.0,1,-0.0,0.0169,0.0,0.9998,-0.0,0.971,1.0,1.0,1.0,1.0,1.0,3791300.0,1759500.0,5386800.0,3462200.0,0.9998,0.0,0.9723,1.0,1.0,0.2989,0.9993,1.0,0.014946656707557814,4404810.0
2024-02-08,META,1,18815100,0.0118722187214705,0.0,0.0007,0.9993,1,-0.0007,0.0097,0.0007,-0.0,0.7207,-0.0001,0.5339,1.0,1.0,2.0,7.0,23066000.0,21655200.0,40832400.0,29727100.0,0.0,0.7218,0.0002,0.5637,0.0205,0.9992,0.1332,0.9736,0.014800481896818832,22256950.0
2024-02-09,MSFT,1,22032800,0.0137989427726145,0.0005,0.5061,0.4934,2,-0.5055,0.0011,0.5066,0.5792,-0.0001,-0.0,0.4933,2.0,1.0,1.0,2.0,22340500.0,18382600.0,25352300.0,30657700.0,0.7173,0.0002,0.0,0.4933,0.9037,0.2249,0.1587,1.0,0.009548434967169653,27953775.0
2024-02-12,GOOGL,0,21564100,0.013273152169566,0.9954,0.0001,0.0046,2,0.9953,0.9999,0.9954,-0.0,-0.9988,0.1339,-0.4984,1.0,1.0,1.0,4.0,38505400.0,62499600.0,40466500.0,36331800.0,0.0,0.9988,0.1341,0.9997,0.1587,0.0,0.999,0.2507,0.011514925381792928,39349280.0
2024-02-13,AAPL,0,56529500,0.0145341666842579,0.0,0.0,1.0,1,-0.0,0.0554,0.0,-0.0001,0.7238,-0.0067,0.0,1.0,1.0,2.0,1.0,43490800.0,102551700.0,64885400.0,53631300.0,0.0002,0.7266,0.9933,0.0,0.2249,0.9981,0.4966,0.9867,0.010240558100216176,58889690.0
2024-02-13,AMZN,1,56345100,0.0310021885214203,0.0008,0.3666,0.6326,2,-0.3658,0.0023,0.3674,-0.0001,-0.0,0.75,0.0832,2.0,2.0,4.0,1.0,47174100.0,55081300.0,117218300.0,45207400.0,0.0001,0.0,0.75,0.0837,0.1759,0.1872,1.0,0.9971,0.010522609848690304,55726295.0
2024-02-13,META,1,20916600,0.0280167628589039,0.0,1.0,0.0,1,-1.0,0.0,1.0,-0.0007,-0.0,0.7207,0.529,1.0,1.0,1.0,11.0,18815100.0,23066000.0,21655200.0,84707600.0,0.0007,0.0,0.7218,0.5315,0.0097,0.0205,0.9992,0.9976,0.014162255175646175,22248010.0
2024-02-13,TSLA,1,86759500,0.0279906176570863,0.0727,0.0,0.9272,1,0.0727,0.9994,0.0728,-0.0004,-0.0045,-0.0002,-1.0,1.0,4.0,1.0,2.0,122676000.0,134294400.0,103221400.0,198076800.0,0.0007,0.0048,0.0002,1.0,0.1974,0.0261,0.1199,0.0,0.024411736620150868,126185760.0
2024-02-14,AMZN,1,42815500,0.0173158076846184,0.5,0.0,0.5,2,0.5,1.0,0.5,-0.3658,-0.0001,-0.0,0.7835,2.0,2.0,2.0,4.0,56345100.0,47174100.0,55081300.0,76542400.0,0.3674,0.0001,0.0,0.7835,0.0023,0.1759,0.1872,1.0,0.010408807153353003,53039085.0
2024-02-14,GOOGL,0,22704200,0.016634774809085,0.0003,0.0193,0.9803,1,-0.019,0.0171,0.0197,0.9953,-0.0,-0.9988,-1.0,2.0,1.0,1.0,1.0,21564100.0,38505400.0,62499600.0,71910000.0,0.9954,0.0,0.9988,1.0,0.9999,0.1587,0.0,0.0,0.011571549616921056,39435855.0
2024-02-15,AMZN,0,49855200,0.0209872305816972,0.0,0.0,1.0,1,-0.0,0.4691,0.0,0.5,-0.3658,-0.0001,0.75,2.0,2.0,2.0,4.0,42815500.0,56345100.0,47174100.0,117218300.0,0.5,0.3674,0.0001,0.75,1.0,0.0023,0.1759,1.0,0.009487621836588649,52054220.0
2024-02-15,MSFT,0,21825500,0.0118586665462335,0.0004,0.0,0.9995,1,0.0004,0.9087,0.0005,-0.5055,0.5792,-0.0001,-0.0001,2.0,2.0,1.0,1.0,22032800.0,22340500.0,18382600.0,28256700.0,0.5066,0.7173,0.0002,0.0002,0.0011,0.9037,0.2249,0.1975,0.00972564624179587,27562590.0
2024-02-16,AAPL,0,49752500,0.0173373021825092,0.0,0.0,1.0,1,-0.0,0.0079,0.0,-0.0,-0.0001,0.7238,0.1193,1.0,1.0,1.0,1.0,56529500.0,43490800.0,102551700.0,47145600.0,0.0,0.0002,0.7266,0.2551,0.0554,0.2249,0.9981,0.7339,0.010460034385370872,59473865.0
2024-02-16,MSFT,0,22296500,0.0118884356434485,0.0,0.0,1.0,1,-0.0,0.0079,0.0,0.0004,-0.5055,0.5792,-0.0,1.0,2.0,2.0,1.0,21825500.0,22032800.0,22340500.0,25352300.0,0.0005,0.5066,0.7173,0.0,0.9087,0.0011,0.9037,0.1587,0.009785531752393401,27640600.0
2024-02-16,TSLA,0,111346700,0.0285558959822698,0.0,0.0,1.0,1,-0.0,0.0079,0.0,0.0727,-0.0004,-0.0045,-0.7917,1.0,1.0,4.0,1.0,86759500.0,122676000.0,134294400.0,107343200.0,0.0728,0.0007,0.0048,0.7926,0.9994,0.1974,0.0261,0.0005,0.023915531188079053,121985100.0
2024-02-20,AMZN,0,41980300,0.0176964856598932,0.0,0.0003,0.9996,5,-0.0003,0.0776,0.0004,-0.0,0.5,-0.3658,-0.0,1.0,2.0,2.0,2.0,49855200.0,42815500.0,56345100.0,55081300.0,0.0,0.5,0.3674,0.0,0.4691,1.0,0.0023,0.1872,0.009590569093635579,52975245.0
2024-02-20,GOOGL,1,25144700,0.0185450112414202,0.001,0.0013,0.9978,1,-0.0003,0.4296,0.0022,-0.019,0.9953,-0.0,0.1339,1.0,2.0,1.0,1.0,22704200.0,21564100.0,38505400.0,40466500.0,0.0197,0.9954,0.0,0.1341,0.0171,0.9999,0.1587,0.999,0.011379387573381958,39395275.0
2024-02-21,AMZN,0,44420100,0.0182904954021315,0.0002,0.0001,0.9998,1,0.0001,0.6753,0.0002,-0.0003,-0.0,0.5,-0.0001,5.0,1.0,2.0,2.0,41980300.0,49855200.0,42815500.0,47174100.0,0.0004,0.0,0.5,0.0001,0.0776,0.4691,1.0,0.1759,0.009436481854477232,53083100.0
2024-02-21,BRK-B,1,2717600,0.006809383022581,0.0001,0.0146,0.9853,1,-0.0145,0.0047,0.0147,-0.0001,-0.2388,0.253,-0.0,1.0,1.0,1.0,1.0,3426800.0,3621400.0,4589300.0,3046500.0,0.0001,0.2388,0.2544,0.0,0.0032,0.0,0.9974,0.0583,0.007751417420980093,3507145.0
2024-02-21,GOOGL,1,23223300,0.0142100375326306,0.0004,0.0,0.9996,1,0.0003,0.9196,0.0004,-0.0003,-0.019,0.9953,-0.9988,1.0,1.0,2.0,1.0,25144700.0,22704200.0,21564100.0,62499600.0,0.0022,0.0197,0.9954,0.9988,0.4296,0.0171,0.9999,0.0,0.011536308469241665,38411795.0
2024-02-21,JPM,1,7024000,0.0137260420260719,1.0,0.0,0.0,1,1.0,1.0,1.0,0.499,-0.0,0.1148,-0.0,2.0,1.0,1.0,1.0,6764800.0,10822100.0,7443000.0,12837500.0,0.4991,0.0,0.1148,0.0,0.9999,0.0792,0.9997,0.0438,0.012017924443733922,10257895.0
2024-02-21,UNH,0,2095900,0.0117440842797315,0.9975,0.0005,0.0021,1,0.997,0.9995,0.9979,-0.0,0.9998,-0.0,0.0006,1.0,1.0,1.0,2.0,4109100.0,3791300.0,1759500.0,2645600.0,0.0,0.9998,0.0,0.0144,0.0169,1.0,0.2989,0.5197,0.01491260368504941,3876645.0
2024-02-22,TSLA,1,92739500,0.0358763232673564,0.0,0.0,1.0,1,-0.0,0.1572,0.0,-0.0,0.0727,-0.0004,-0.0002,1.0,1.0,1.0,1.0,111346700.0,86759500.0,122676000.0,103221400.0,0.0,0.0728,0.0007,0.0002,0.0079,0.9994,0.1974,0.1199,0.02379301996344874,122199180.0
2024-02-23,BRK-B,0,4015600,0.0096724971647322,0.0,0.0,1.0,1,-0.0,0.0267,0.0,-0.0145,-0.0001,-0.2388,0.8737,1.0,1.0,1.0,1.0,2717600.0,3426800.0,3621400.0,3007800.0,0.0147,0.0001,0.2388,0.9028,0.0047,0.0032,0.0,0.9839,0.007752155041214371,3504885.0
2024-02-23,JPM,1,7105800,0.010935175091307,0.0,0.0,1.0,1,-0.0,0.0069,0.0,1.0,0.499,-0.0,-0.0006,1.0,2.0,1.0,1.0,7024000.0,6764800.0,10822100.0,9967100.0,1.0,0.4991,0.0,0.0011,1.0,0.9999,0.0792,0.207,0.01204424134710762,10165025.0
2024-02-23,UNH,1,2502000,0.0120361212253797,0.0,0.0,1.0,1,-0.0,0.3339,0.0,0.997,-0.0,0.9998,0.971,1.0,1.0,1.0,1.0,2095900.0,4109100.0,3791300.0,5386800.0,0.9979,0.0,0.9998,0.9723,0.9995,0.0169,1.0,0.9993,0.014948365096602833,3833025.0
2024-02-26,AMZN,0,44368600,0.012009110113833,0.01,0.2721,0.7179,2,-0.262,0.0356,0.2821,0.0001,-0.0003,-0.0,-0.3658,1.0,5.0,1.0,2.0,44420100.0,41980300.0,49855200.0,56345100.0,0.0002,0.0004,0.0,0.3674,0.6753,0.0776,0.4691,0.0023,0.009332549788021687,52832830.0
2024-02-26,BRK-B,0,7432300,0.0501184689490151,0.0,0.0,1.0,1,-0.0,0.1378,0.0,-0.0,-0.0145,-0.0001,0.253,1.0,1.0,1.0,1.0,4015600.0,2717600.0,3426800.0,4589300.0,0.0,0.0147,0.0001,0.2544,0.0267,0.0047,0.0032,0.9974,0.0077978201200080925,3562735.0
2024-02-26,GOOGL,0,53641800,0.0355283739513338,0.0009,0.7978,0.2013,3,-0.7969,0.0011,0.7987,0.0003,-0.0003,-0.019,-0.0,1.0,1.0,1.0,1.0,23223300.0,25144700.0,22704200.0,38505400.0,0.0004,0.0022,0.0197,0.0,0.9196,0.4296,0.0171,0.1587,0.010832962889144813,35354650.0
2024-02-26,JPM,0,7145400,0.0107755699936224,0.0,0.0,1.0,2,-0.0,0.1778,0.0,-0.0,1.0,0.499,0.1148,1.0,1.0,2.0,1.0,7105800.0,7024000.0,6764800.0,7443000.0,0.0,1.0,0.4991,0.1148,0.0069,1.0,0.9999,0.9997,0.012027354213142476,10108185.0
2024-02-26,MSFT,0,16193500,0.0116658202747057,0.0,0.0,1.0,1,0.0,0.9052,0.0,-0.0,0.0004,-0.5055,-0.0001,1.0,1.0,2.0,1.0,22296500.0,21825500.0,22032800.0,18382600.0,0.0,0.0005,0.5066,0.0002,0.0079,0.9087,0.0011,0.2249,0.010213401829811878,27463730.0
2024-02-27,BRK-B,0,4609100,0.0201607980554542,0.0,0.008,0.992,1,-0.008,0.0003,0.008,-0.0,-0.0,-0.0145,-0.2388,1.0,1.0,1.0,1.0,7432300.0,4015600.0,2717600.0,3621400.0,0.0,0.0,0.0147,0.2388,0.1378,0.0267,0.0047,0.0,0.01074128813887297,3794110.0
2024-02-27,JPM,1,5717100,0.0070917451872924,0.0,1.0,0.0,1,-1.0,0.0,1.0,-0.0,-0.0,1.0,-0.0,2.0,1.0,1.0,1.0,7145400.0,7105800.0,7024000.0,10822100.0,0.0,0.0,1.0,0.0,0.1778,0.0069,1.0,0.0792,0.011984882825174343,10009985.0
2024-02-28,AAPL,0,48953900,0.0163826109493581,0.0005,0.8107,0.1888,1,-0.8102,0.0006,0.8112,-0.0,-0.0,-0.0001,-0.0067,1.0,1.0,1.0,2.0,49752500.0,56529500.0,43490800.0,64885400.0,0.0,0.0,0.0002,0.9933,0.0079,0.0554,0.2249,0.4966,0.010651654371245578,58094750.0
2024-02-28,AMZN,1,28180500,0.0103224237653424,0.8355,0.0009,0.1636,1,0.8347,0.999,0.8364,-0.262,0.0001,-0.0003,0.5,2.0,1.0,5.0,2.0,44368600.0,44420100.0,41980300.0,42815500.0,0.2821,0.0002,0.0004,0.5,0.0356,0.6753,0.0776,1.0,0.009252995558789086,52249270.0
2024-02-28,GOOGL,0,37328600,0.0188541766483199,0.0,0.0008,0.9992,1,-0.0007,0.0357,0.0008,-0.7969,0.0003,-0.0003,0.9953,3.0,1.0,1.0,2.0,53641800.0,23223300.0,25144700.0,21564100.0,0.7987,0.0004,0.0022,0.9954,0.0011,0.9196,0.4296,0.9999,0.012971586419092775,35808415.0
2024-02-28,TSLA,1,99806200,0.034228124304087,0.0,0.0,1.0,1,-0.0,0.1432,0.0,-0.0,-0.0,0.0727,-0.0045,1.0,1.0,1.0,4.0,92739500.0,111346700.0,86759500.0,134294400.0,0.0,0.0,0.0728,0.0048,0.1572,0.0079,0.9994,0.0261,0.023567631263775334,121080525.0
2024-02-28,UNH,1,9558600,0.0285806012327515,0.0,1.0,0.0,1,-1.0,0.0,1.0,-0.0,0.997,-0.0,-0.0,1.0,1.0,1.0,1.0,2502000.0,2095900.0,4109100.0,1759500.0,0.0,0.9979,0.0,0.0,0.3339,0.9995,0.0169,0.2989,0.014712040929228462,3705470.0
2024-02-29,JPM,1,9643000,0.0138962971096404,0.0002,0.0002,0.9996,2,0.0001,0.5662,0.0004,-1.0,-0.0,-0.0,0.499,1.0,2.0,1.0,2.0,5717100.0,7145400.0,7105800.0,6764800.0,1.0,0.0,0.0,0.4991,0.0,0.1778,0.0069,0.9999,0.010487631287188522,9424105.0
2024-02-29,META,1,17732000,0.018610324318306,0.0,0.0003,0.9997,1,-0.0002,0.1154,0.0003,-1.0,-0.0007,-0.0,-0.0001,1.0,1.0,1.0,2.0,20916600.0,18815100.0,23066000.0,40832400.0,1.0,0.0007,0.0,0.0002,0.0,0.0097,0.0205,0.1332,0.01394327916868158,22407370.0
2024-02-29,MSFT,1,31947300,0.0202623298807883,0.0,0.0,1.0,1,-0.0,0.0403,0.0,0.0,-0.0,0.0004,0.5792,1.0,1.0,1.0,2.0,16193500.0,22296500.0,21825500.0,22340500.0,0.0,0.0,0.0005,0.7173,0.9052,0.0079,0.9087,0.9037,0.010565255231440904,27106140.0
2024-02-29,TSLA,0,85907000,0.0334508868452164,0.0038,0.0002,0.996,1,0.0036,0.9599,0.004,-0.0,-0.0,-0.0,-0.0004,1.0,1.0,1.0,1.0,99806200.0,92739500.0,111346700.0,122676000.0,0.0,0.0,0.0,0.0007,0.1432,0.1572,0.0079,0.1974,0.022936893608899448,120167420.0
2024-03-01,GOOGL,0,31151100,0.0140865206343635,0.0001,0.9999,0.0,1,-0.9998,0.0001,1.0,-0.0007,-0.7969,0.0003,-0.019,1.0,3.0,1.0,1.0,37328600.0,53641800.0,23223300.0,22704200.0,0.0008,0.7987,0.0004,0.0197,0.0357,0.0011,0.9196,0.0171,0.013004675601309744,36353555.0
2024-03-01,JPM,0,6311800,0.0072159200856858,0.0,0.0,1.0,1,-0.0,0.0549,0.0,0.0001,-1.0,-0.0,1.0,2.0,1.0,2.0,1.0,9643000.0,5717100.0,7145400.0,7024000.0,0.0004,1.0,0.0,1.0,0.5662,0.0,0.1778,1.0,0.010447302386660112,9525000.0
2024-03-04,MSFT,1,17596000,0.0121662121458837,0.9999,0.0,0.0001,1,0.9999,1.0,0.9999,-0.0,0.0,-0.0,-0.5055,1.0,1.0,1.0,2.0,31947300.0,16193500.0,22296500.0,22032800.0,0.0,0.0,0.0,0.5066,0.0403,0.9052,0.0079,0.0011,0.010301233151931117,27550255.0
2024-03-05,AAPL,0,95132400,0.0141719269547554,0.0004,0.0003,0.9994,1,0.0001,0.5565,0.0006,-0.8102,-0.0,-0.0,0.7238,1.0,1.0,1.0,1.0,48953900.0,49752500.0,56529500.0,102551700.0,0.8112,0.0,0.0,0.7266,0.0006,0.0079,0.0554,0.9981,0.010529781266596743,57350380.0
2024-03-05,META,0,15325300,0.0155352968158142,0.0,0.559,0.441,1,-0.559,0.0,0.559,-0.0002,-1.0,-0.0007,0.7207,1.0,1.0,1.0,1.0,17732000.0,20916600.0,18815100.0,21655200.0,0.0003,1.0,0.0007,0.7218,0.1154,0.0,0.0097,0.9992,0.013452243660403474,22544615.0
2024-03-06,AMZN,0,32090900,0.0182295336072799,1.0,0.0,0.0,2,1.0,1.0,1.0,0.8347,-0.262,0.0001,-0.0,1.0,2.0,1.0,1.0,28180500.0,44368600.0,44420100.0,49855200.0,0.8364,0.2821,0.0002,0.0,0.999,0.0356,0.6753,0.4691,0.0092545853492754,51400640.0
2024-03-06,META,0,11757900,0.0174426634057672,0.0001,0.0,0.9999,3,0.0001,0.7306,0.0001,-0.559,-0.0002,-1.0,-0.0,1.0,1.0,1.0,1.0,15325300.0,17732000.0,20916600.0,23066000.0,0.559,0.0003,1.0,0.0,0.0,0.1154,0.0,0.0205,0.01370075786439026,22538325.0
2024-03-06,MSFT,0,22344100,0.0168002307694463,0.0024,0.0015,0.9961,1,0.0008,0.6083,0.0039,0.9999,-0.0,0.0,0.0004,1.0,1.0,1.0,1.0,17596000.0,31947300.0,16193500.0,21825500.0,0.9999,0.0,0.0,0.0005,1.0,0.0403,0.9052,0.9087,0.010227764746985245,27044615.0
2024-03-07,AMZN,1,34063300,0.0244237500871687,1.0,0.0,0.0,2,1.0,1.0,1.0,1.0,0.8347,-0.262,-0.0003,2.0,1.0,2.0,5.0,32090900.0,28180500.0,44368600.0,41980300.0,1.0,0.8364,0.2821,0.0004,1.0,0.999,0.0356,0.0776,0.009301645632580095,50667330.0
2024-03-08,AAPL,1,76267000,0.0281656479694433,0.0004,0.0,0.9996,2,0.0003,0.9506,0.0004,0.0001,-0.8102,-0.0,-0.0001,1.0,1.0,1.0,1.0,95132400.0,48953900.0,49752500.0,43490800.0,0.0006,0.8112,0.0,0.0002,0.5565,0.0006,0.0079,0.2249,0.01029403214411645,58580500.0
2024-03-08,AMZN,0,37893200,0.0252776660245129,0.0,0.9995,0.0005,1,-0.9995,0.0,0.9995,1.0,1.0,0.8347,0.0001,2.0,2.0,1.0,1.0,34063300.0,32090900.0,28180500.0,44420100.0,1.0,1.0,0.8364,0.0002,1.0,1.0,0.999,0.6753,0.009322681734324496,50149405.0
2024-03-08,GOOGL,1,39370400,0.0304746005013651,0.0007,0.0,0.9992,1,0.0007,0.9522,0.0008,-0.9998,-0.0007,-0.7969,-0.0003,1.0,1.0,3.0,1.0,31151100.0,37328600.0,53641800.0,25144700.0,1.0,0.0008,0.7987,0.0022,0.0001,0.0357,0.0011,0.4296,0.013096443079420612,36291350.0
2024-03-08,JPM,0,6172200,0.0134791366589569,1.0,0.0,0.0,1,1.0,1.0,1.0,-0.0,0.0001,-1.0,-0.0,1.0,2.0,1.0,1.0,6311800.0,9643000.0,5717100.0,7105800.0,0.0,0.0004,1.0,0.0,0.0549,0.5662,0.0,0.0069,0.010489110223036892,9525695.0
2024-03-08,MSFT,0,18002200,0.0149280002525426,0.0007,0.0,0.9992,1,0.0007,0.9522,0.0008,0.0008,0.9999,-0.0,-0.0,1.0,1.0,1.0,1.0,22344100.0,17596000.0,31947300.0,22296500.0,0.0039,0.9999,0.0,0.0,0.6083,1.0,0.0403,0.0079,0.008931885880106592,25997945.0
2024-03-11,AMZN,0,28484800,0.0172107167805539,0.0014,0.0,0.9986,1,0.0014,0.9888,0.0014,-0.9995,1.0,1.0,-0.262,1.0,2.0,2.0,2.0,37893200.0,34063300.0,32090900.0,44368600.0,0.9995,1.0,1.0,0.2821,0.0,1.0,1.0,0.0356,0.009494919992274323,49590430.0
2024-03-11,META,0,20428300,0.0428965350904553,0.0001,0.9992,0.0007,1,-0.9991,0.0001,0.9993,0.0001,-0.559,-0.0002,-0.0007,3.0,1.0,1.0,1.0,11757900.0,15325300.0,17732000.0,18815100.0,0.0001,0.559,0.0003,0.0007,0.7306,0.0,0.1154,0.0097,0.013681996088369583,22521225.0
2024-03-12,AAPL,1,59825400,0.0174415499792995,0.0002,0.0002,0.9997,1,0.0,0.5026,0.0003,0.0003,0.0001,-0.8102,-0.0,2.0,1.0,1.0,1.0,76267000.0,95132400.0,48953900.0,56529500.0,0.0004,0.0006,0.8112,0.0,0.9506,0.5565,0.0006,0.0554,0.010438447024369767,59926835.0
2024-03-12,MSFT,1,22457000,0.0215396665631496,0.0002,0.0002,0.9997,1,0.0,0.5026,0.0003,0.0007,0.0008,0.9999,0.0,1.0,1.0,1.0,1.0,18002200.0,22344100.0,17596000.0,16193500.0,0.0008,0.0039,0.9999,0.0,0.9522,0.6083,1.0,0.9052,0.008874805958138712,22972940.0
2024-03-12,UNH,1,4153800,0.0100997533986152,0.0009,0.0003,0.9988,1,0.0007,0.7723,0.0012,-1.0,-0.0,0.997,0.9998,1.0,1.0,1.0,1.0,9558600.0,2502000.0,2095900.0,3791300.0,1.0,0.0,0.9979,0.9998,0.0,0.3339,0.9995,1.0,0.014738224120212341,4029060.0
2024-03-14,JPM,0,10310900,0.0237135466065228,0.3334,0.1708,0.4958,3,0.1626,0.6613,0.5042,1.0,-0.0,0.0001,-0.0,1.0,1.0,2.0,2.0,6172200.0,6311800.0,9643000.0,7145400.0,1.0,0.0,0.0004,0.0,1.0,0.0549,0.5662,0.1778,0.01023578027265963,9337920.0
2024-03-14,META,0,12620000,0.0263662938950204,0.9989,0.0002,0.0009,1,0.9988,0.9998,0.9991,-0.9991,0.0001,-0.559,-1.0,1.0,3.0,1.0,1.0,20428300.0,11757900.0,15325300.0,20916600.0,0.9993,0.0001,0.559,1.0,0.0001,0.7306,0.0,0.0,0.014877149170589896,22848130.0
2024-03-14,MSFT,1,34157300,0.0233914366035496,0.9991,0.0008,0.0001,1,0.9983,0.9992,0.9999,0.0,0.0007,0.0008,-0.0,1.0,1.0,1.0,1.0,22457000.0,18002200.0,22344100.0,31947300.0,0.0003,0.0008,0.0039,0.0,0.5026,0.9522,0.6083,0.0403,0.009616111151296111,23350520.0
2024-03-14,TSLA,0,126325700,0.0635393895847876,0.0084,0.0027,0.9889,1,0.0058,0.7597,0.0111,0.0036,-0.0,-0.0,0.0727,1.0,1.0,1.0,1.0,85907000.0,99806200.0,92739500.0,86759500.0,0.004,0.0,0.0,0.0728,0.9599,0.1432,0.1572,0.9994,0.02285840964904488,117336130.0
2024-03-15,JPM,1,17214200,0.0239168104678828,0.0001,0.0276,0.9723,1,-0.0275,0.0026,0.0277,0.1626,1.0,-0.0,-1.0,3.0,1.0,1.0,1.0,10310900.0,6172200.0,6311800.0,5717100.0,0.5042,1.0,0.0,1.0,0.6613,1.0,0.0549,0.0,0.010803160205612294,9502515.0
2024-03-15,MSFT,0,45079900,0.023396688112454,1.0,0.0,0.0,1,1.0,1.0,1.0,0.9983,0.0,0.0007,0.9999,1.0,1.0,1.0,1.0,34157300.0,22457000.0,18002200.0,17596000.0,0.9999,0.0003,0.0008,0.9999,0.9992,0.5026,0.9522,1.0,0.009688030324780182,24008155.0
2024-03-18,AMZN,0,31250700,0.0137087805476308,0.0,0.0001,0.9999,1,-0.0001,0.0537,0.0001,0.0014,-0.9995,1.0,0.8347,1.0,1.0,2.0,1.0,28484800.0,37893200.0,34063300.0,28180500.0,0.0014,0.9995,1.0,0.8364,0.9888,0.0,1.0,0.999,0.009847956852166476,48432090.0
2024-03-18,GOOGL,0,69273700,0.0335105020327426,0.9999,0.0,0.0001,1,0.9999,1.0,0.9999,0.0007,-0.9998,-0.0007,0.0003,1.0,1.0,1.0,1.0,39370400.0,31151100.0,37328600.0,23223300.0,0.0008,1.0,0.0008,0.0004,0.9522,0.0001,0.0357,0.9196,0.013295942703958537,37088045.0
2024-03-18,JPM,1,9013800,0.0147405837833408,0.2968,0.0123,0.691,1,0.2845,0.9604,0.309,-0.0275,0.1626,1.0,0.0001,1.0,3.0,1.0,2.0,17214200.0,10310900.0,6172200.0,9643000.0,0.0277,0.5042,1.0,0.0004,0.0026,0.6613,1.0,0.5662,0.011727641227161403,9906920.0
2024-03-19,AAPL,1,55215200,0.0205345985215935,0.0002,0.0,0.9998,1,0.0002,0.8864,0.0002,0.0,0.0003,0.0001,-0.0,1.0,2.0,1.0,1.0,59825400.0,76267000.0,95132400.0,49752500.0,0.0003,0.0004,0.0006,0.0,0.5026,0.9506,0.5565,0.0079,0.010330162513081229,61011380.0
2024-03-19,META,1,10903100,0.031443975830744,0.0127,0.0014,0.9859,1,0.0112,0.8975,0.0141,0.9988,-0.9991,0.0001,-0.0002,1.0,1.0,3.0,1.0,12620000.0,20428300.0,11757900.0,17732000.0,0.9991,0.9993,0.0001,0.0003,0.9998,0.0001,0.7306,0.1154,0.015273936660579256,22618860.0
2024-03-20,AMZN,1,29947200,0.0220847019593951,1.0,0.0,0.0,1,1.0,1.0,1.0,-0.0001,0.0014,-0.9995,1.0,1.0,1.0,1.0,2.0,31250700.0,28484800.0,37893200.0,32090900.0,0.0001,0.0014,0.9995,1.0,0.0537,0.9888,0.0,1.0,0.009492425821772989,47810250.0
2024-03-22,AMZN,1,27995400,0.0141209254955608,0.0,0.0,1.0,1,-0.0,0.0201,0.0,1.0,-0.0001,0.0014,1.0,1.0,1.0,1.0,2.0,29947200.0,31250700.0,28484800.0,34063300.0,1.0,0.0001,0.0014,1.0,1.0,0.0537,0.9888,1.0,0.009650385389406069,46880245.0
2024-03-22,BRK-B,0,2999600,0.0071428866998335,0.0,0.0,1.0,1,-0.0,0.0201,0.0,-0.008,-0.0,-0.0,-0.0001,1.0,1.0,1.0,1.0,4609100.0,7432300.0,4015600.0,3426800.0,0.008,0.0,0.0,0.0001,0.0003,0.1378,0.0267,0.0032,0.010368841769368682,3892830.0
2024-03-25,AMZN,1,29815500,0.0210662328842216,0.0,0.0,1.0,1,-0.0,0.0141,0.0,-0.0,1.0,-0.0001,-0.9995,1.0,1.0,1.0,1.0,27995400.0,29947200.0,31250700.0,37893200.0,0.0,1.0,0.0001,0.9995,0.0201,1.0,0.0537,0.0,0.009677510432193776,46098085.0
2024-03-25,GOOGL,1,19229300,0.017073479504538,0.0,0.0,1.0,1,-0.0,0.2916,0.0,0.9999,0.0007,-0.9998,-0.7969,1.0,1.0,1.0,3.0,69273700.0,39370400.0,31151100.0,53641800.0,0.9999,0.0008,1.0,0.7987,1.0,0.9522,0.0001,0.0011,0.012755529835212148,39353370.0
2024-03-26,AAPL,0,57388400,0.0108235078699447,0.0027,0.9973,0.0,1,-0.9946,0.0027,1.0,0.0002,0.0,0.0003,-0.8102,1.0,1.0,2.0,1.0,55215200.0,59825400.0,76267000.0,48953900.0,0.0002,0.0003,0.0004,0.8112,0.8864,0.5026,0.9506,0.0006,0.010419721759640064,60724955.0
2024-03-26,AMZN,0,29659000,0.013877324922012,0.4784,0.0,0.5216,1,0.4783,1.0,0.4784,-0.0,-0.0,1.0,0.0014,1.0,1.0,1.0,1.0,29815500.0,27995400.0,29947200.0,28484800.0,0.0,0.0,1.0,0.0014,0.0141,0.0201,1.0,0.9888,0.009823328616577863,45036490.0
2024-03-27,UNH,0,2653100,0.0089528323241783,0.0,0.0,0.9999,1,-0.0,0.4903,0.0001,0.0007,-1.0,-0.0,-0.0,1.0,1.0,1.0,1.0,4153800.0,9558600.0,2502000.0,4109100.0,0.0012,1.0,0.0,0.0,0.7723,0.0,0.3339,0.0169,0.012048109714536672,3667785.0
2024-03-28,AAPL,0,65672700,0.0100145631481986,0.0219,0.0087,0.9694,1,0.0132,0.7152,0.0306,-0.9946,0.0002,0.0,0.0001,1.0,1.0,1.0,1.0,57388400.0,55215200.0,59825400.0,95132400.0,1.0,0.0002,0.0003,0.0006,0.0027,0.8864,0.5026,0.5565,0.010139251142769588,60074165.0
2024-03-28,AMZN,1,38051600,0.0135427788544364,0.0,0.4886,0.5114,2,-0.4885,0.0,0.4886,0.4783,-0.0,-0.0,-0.0001,1.0,1.0,1.0,1.0,29659000.0,29815500.0,27995400.0,31250700.0,0.4784,0.0,0.0,0.0001,1.0,0.0141,0.0201,0.0537,0.009802942359773909,44259070.0
2024-04-01,BRK-B,0,2716100,0.0091342764780126,0.0006,0.9967,0.0028,1,-0.9961,0.0006,0.9972,-0.0,-0.008,-0.0,-0.0145,1.0,1.0,1.0,1.0,2999600.0,4609100.0,7432300.0,2717600.0,0.0,0.008,0.0,0.0147,0.0201,0.0003,0.1378,0.0047,0.01035616232536544,3873435.0
2024-04-01,JPM,0,7309000,0.0118505677888411,0.9997,0.0001,0.0001,1,0.9996,0.9999,0.9999,0.2845,-0.0275,0.1626,-0.0,1.0,1.0,3.0,1.0,9013800.0,17214200.0,10310900.0,6311800.0,0.309,0.0277,0.5042,0.0,0.9604,0.0026,0.6613,0.0549,0.011193144668382254,9889310.0
2024-04-01,UNH,0,2928700,0.0143183338823127,0.0,0.0001,0.9998,1,-0.0001,0.2616,0.0002,-0.0,0.0007,-1.0,0.997,1.0,1.0,1.0,1.0,2653100.0,4153800.0,9558600.0,2095900.0,0.0001,0.0012,1.0,0.9979,0.4903,0.7723,0.0,0.9995,0.011871277278253808,3727735.0
2024-04-02,JPM,1,7014700,0.0085689649350888,0.8387,0.0232,0.1382,1,0.8155,0.9731,0.8618,0.9996,0.2845,-0.0275,1.0,1.0,1.0,1.0,1.0,7309000.0,9013800.0,17214200.0,6172200.0,0.9999,0.309,0.0277,1.0,0.9999,0.9604,0.0026,1.0,0.011233544178488212,9743610.0
2024-04-02,META,1,11081000,0.0265512362827389,0.3453,0.0011,0.6536,1,0.3442,0.9968,0.3464,0.0112,0.9988,-0.9991,-0.559,1.0,1.0,1.0,1.0,10903100.0,12620000.0,20428300.0,15325300.0,0.0141,0.9991,0.9993,0.559,0.8975,0.9998,0.0001,0.0,0.015278913782553628,22398670.0
2024-04-02,UNH,0,11867000,0.0306353054510064,0.0364,0.2544,0.7092,1,-0.218,0.1251,0.2908,-0.0001,-0.0,0.0007,-0.0,1.0,1.0,1.0,1.0,2928700.0,2653100.0,4153800.0,2502000.0,0.0002,0.0001,0.0012,0.0,0.2616,0.4903,0.7723,0.3339,0.012066354896938365,3723695.0
2024-04-03,AAPL,1,47691700,0.0124414416035116,0.0,0.0,1.0,1,-0.0,0.3215,0.0,0.0132,-0.9946,0.0002,0.0003,1.0,1.0,1.0,2.0,65672700.0,57388400.0,55215200.0,76267000.0,0.0306,1.0,0.0002,0.0004,0.7152,0.0027,0.8864,0.9506,0.010173525985578588,60016220.0
2024-04-03,AMZN,1,31046600,0.0170649926047033,0.0,0.0,1.0,2,-0.0,0.0811,0.0,-0.4885,0.4783,-0.0,1.0,2.0,1.0,1.0,1.0,38051600.0,29659000.0,29815500.0,29947200.0,0.4886,0.4784,0.0,1.0,0.0,1.0,0.0141,1.0,0.008597292988536731,42334530.0
2024-04-03,TSLA,1,82950100,0.0337764199525267,0.0,0.9999,0.0001,1,-0.9999,0.0,0.9999,0.0058,0.0036,-0.0,-0.0,1.0,1.0,1.0,1.0,126325700.0,85907000.0,99806200.0,111346700.0,0.0111,0.004,0.0,0.0,0.7597,0.9599,0.1432,0.0079,0.022637680427195588,117538015.0
2024-04-04,AMZN,0,41624300,0.0277174244756282,0.0628,0.0018,0.9355,2,0.061,0.9724,0.0645,-0.0,-0.4885,0.4783,-0.0,2.0,2.0,1.0,1.0,31046600.0,38051600.0,29659000.0,27995400.0,0.0,0.4886,0.4784,0.0,0.0811,0.0,1.0,0.0201,0.008465538603692872,38025945.0
2024-04-04,BRK-B,0,3800600,0.0235230306409186,0.0714,0.418,0.5107,2,-0.3466,0.1458,0.4893,-0.9961,-0.0,-0.008,-0.0,1.0,1.0,1.0,1.0,2716100.0,2999600.0,4609100.0,4015600.0,0.9972,0.0,0.008,0.0,0.0006,0.0201,0.0003,0.0267,0.010296058574509789,3868115.0
2024-04-08,JPM,1,8001000,0.0068818978036361,0.0,0.0,1.0,1,-0.0,0.3575,0.0,0.8155,0.9996,0.2845,0.1626,1.0,1.0,1.0,3.0,7014700.0,7309000.0,9013800.0,10310900.0,0.8618,0.9999,0.309,0.5042,0.9731,0.9999,0.9604,0.6613,0.011198052860178559,9778340.0
2024-04-08,META,0,13260600,0.0238058775855873,0.0,0.0,1.0,1,-0.0,0.1953,0.0,0.3442,0.0112,0.9988,0.0001,1.0,1.0,1.0,3.0,11081000.0,10903100.0,12620000.0,11757900.0,0.3464,0.0141,0.9991,0.0001,0.9968,0.8975,0.9998,0.7306,0.01621225293587805,22316480.0
2024-04-08,TSLA,1,104423300,0.0396244647394372,0.0025,0.9972,0.0003,1,-0.9947,0.0025,0.9997,-0.9999,0.0058,0.0036,-0.0,1.0,1.0,1.0,1.0,82950100.0,126325700.0,85907000.0,92739500.0,0.9999,0.0111,0.004,0.0,0.0,0.7597,0.9599,0.1572,0.022820658441064876,115787990.0
2024-04-09,GOOGL,1,31079500,0.0215900774953727,0.945,0.0006,0.0544,2,0.9444,0.9994,0.9456,-0.0,0.9999,0.0007,-0.0007,1.0,1.0,1.0,1.0,19229300.0,69273700.0,39370400.0,37328600.0,0.0,0.9999,0.0008,0.0008,0.2916,1.0,0.9522,0.0357,0.01224417690621985,37476480.0
2024-04-10,JPM,0,7681400,0.0147789036222748,0.0,0.0007,0.9993,1,-0.0007,0.0278,0.0007,-0.0,0.8155,0.9996,-0.0275,1.0,1.0,1.0,1.0,8001000.0,7014700.0,7309000.0,17214200.0,0.0,0.8618,0.9999,0.0277,0.3575,0.9731,0.9999,0.0026,0.008898770901897989,9206565.0
2024-04-11,AMZN,1,40020700,0.0228125181552534,0.9114,0.0385,0.0501,2,0.8729,0.9595,0.9499,0.061,-0.0,-0.4885,-0.0,2.0,2.0,2.0,1.0,41624300.0,31046600.0,38051600.0,29815500.0,0.0645,0.0,0.4886,0.0,0.9724,0.0811,0.0,0.0141,0.009847264925665362,37353095.0
2024-04-11,JPM,0,10137700,0.016989805260483,1.0,0.0,0.0,1,1.0,1.0,1.0,-0.0007,-0.0,0.8155,0.2845,1.0,1.0,1.0,1.0,7681400.0,8001000.0,7014700.0,9013800.0,0.0007,0.0,0.8618,0.309,0.0278,0.3575,0.9731,0.9604,0.008111275286699632,8730315.0
2024-04-11,UNH,0,5844100,0.0206265186287384,0.0,0.0,1.0,1,-0.0,0.0148,0.0,-0.218,-0.0001,-0.0,-1.0,1.0,1.0,1.0,1.0,11867000.0,2928700.0,2653100.0,9558600.0,0.2908,0.0002,0.0001,1.0,0.1251,0.2616,0.4903,0.0,0.009444521203816928,4070660.0
2024-04-12,GOOGL,0,25353700,0.019498618005467,1.0,0.0,0.0,1,1.0,1.0,1.0,0.9444,-0.0,0.9999,-0.9998,2.0,1.0,1.0,1.0,31079500.0,19229300.0,69273700.0,31151100.0,0.9456,0.0,0.9999,1.0,0.9994,0.2916,1.0,0.0001,0.012167489292755759,37417450.0
2024-04-12,JPM,0,31532300,0.0339316012166841,0.3333,0.6666,0.0001,3,-0.3332,0.3334,0.9999,1.0,-0.0007,-0.0,0.9996,1.0,1.0,1.0,1.0,10137700.0,7681400.0,8001000.0,7309000.0,1.0,0.0007,0.0,0.9999,1.0,0.0278,0.3575,0.9999,0.008151165176175921,8681825.0
2024-04-15,JPM,0,14766600,0.0285095380250677,0.0,0.0001,0.9999,1,-0.0001,0.0123,0.0001,-0.3332,1.0,-0.0007,0.8155,3.0,1.0,1.0,1.0,31532300.0,10137700.0,7681400.0,7014700.0,0.9999,1.0,0.0007,0.8618,0.3334,1.0,0.0278,0.9731,0.010758215367059778,9616565.0
2024-04-16,UNH,0,11816500,0.0296788686841581,0.5048,0.0025,0.4928,2,0.5023,0.9951,0.5072,-0.0,-0.218,-0.0001,0.0007,1.0,1.0,1.0,1.0,5844100.0,11867000.0,2928700.0,4153800.0,0.0,0.2908,0.0002,0.0012,0.0148,0.1251,0.2616,0.7723,0.00957465371622398,4176625.0
2024-04-17,AMZN,0,31359700,0.0257717978564344,0.0,0.0,0.9999,1,0.0,0.669,0.0001,0.8729,0.061,-0.0,0.4783,2.0,2.0,2.0,1.0,40020700.0,41624300.0,31046600.0,29659000.0,0.9499,0.0645,0.0,0.4784,0.9595,0.9724,0.0811,1.0,0.01015582742944556,36995425.0
2024-04-17,META,0,12193700,0.0318425538050493,0.9999,0.0,0.0001,1,0.9999,1.0,0.9999,-0.0,0.3442,0.0112,-0.9991,1.0,1.0,1.0,1.0,13260600.0,11081000.0,10903100.0,20428300.0,0.0,0.3464,0.0141,0.9993,0.1953,0.9968,0.8975,0.0001,0.01666287469145241,21895970.0
2024-04-17,MSFT,0,15855500,0.020491356046847,0.0,0.0,0.9999,1,0.0,0.669,0.0001,1.0,0.9983,0.0,0.0008,1.0,1.0,1.0,1.0,45079900.0,34157300.0,22457000.0,22344100.0,1.0,0.9999,0.0003,0.0039,1.0,0.9992,0.5026,0.6083,0.00984360638765581,25220650.0
2024-04-18,BRK-B,1,2669500,0.0097322592245618,0.0,0.0,1.0,1,-0.0,0.0518,0.0,-0.3466,-0.9961,-0.0,-0.0,2.0,1.0,1.0,1.0,3800600.0,2716100.0,2999600.0,7432300.0,0.4893,0.9972,0.0,0.0,0.1458,0.0006,0.0201,0.1378,0.011195400885072251,3895145.0
2024-04-22,AAPL,1,48116400,0.0150434398870378,0.0004,0.4999,0.4997,2,-0.4996,0.0007,0.5003,-0.0,0.0132,-0.9946,0.0,1.0,1.0,1.0,1.0,47691700.0,65672700.0,57388400.0,59825400.0,0.0,0.0306,1.0,0.0003,0.3215,0.7152,0.0027,0.5026,0.010184248007637602,60365100.0
2024-04-22,BRK-B,1,2980600,0.0125356556617406,0.0,0.0,1.0,1,-0.0,0.1084,0.0,-0.0,-0.3466,-0.9961,-0.008,1.0,2.0,1.0,1.0,2669500.0,3800600.0,2716100.0,4609100.0,0.0,0.4893,0.9972,0.008,0.0518,0.1458,0.0006,0.0003,0.011189498391844533,3882680.0
2024-04-22,META,0,17271100,0.0380013391790253,0.0037,0.0008,0.9956,1,0.0029,0.828,0.0044,0.9999,-0.0,0.3442,0.9988,1.0,1.0,1.0,1.0,12193700.0,13260600.0,11081000.0,12620000.0,0.9999,0.0,0.3464,0.9991,1.0,0.1953,0.9968,0.9998,0.01713391584904,21730350.0
2024-04-22,TSLA,1,107097600,0.0401252097866418,0.0,0.9416,0.0584,1,-0.9416,0.0,0.9416,-0.9947,-0.9999,0.0058,-0.0,1.0,1.0,1.0,1.0,104423300.0,82950100.0,126325700.0,99806200.0,0.9997,0.9999,0.0111,0.0,0.0025,0.0,0.7597,0.1432,0.02124016410088706,112967695.0
2024-04-22,UNH,0,4697700,0.017638311705629,0.0,0.0002,0.9998,1,-0.0002,0.0179,0.0002,0.5023,-0.0,-0.218,-0.0,2.0,1.0,1.0,1.0,11816500.0,5844100.0,11867000.0,2653100.0,0.5072,0.0,0.2908,0.0001,0.9951,0.0148,0.1251,0.4903,0.009226642221740211,4589930.0
2024-04-23,AMZN,1,37046500,0.0221810248631374,0.0015,0.9934,0.0051,1,-0.9919,0.0016,0.9949,0.0,0.8729,0.061,-0.4885,1.0,2.0,2.0,2.0,31359700.0,40020700.0,41624300.0,38051600.0,0.0001,0.9499,0.0645,0.4886,0.669,0.9595,0.9724,0.0,0.010696823387208466,35746155.0
2024-04-23,BRK-B,0,2287600,0.0123826607489716,0.9952,0.0,0.0048,1,0.9952,1.0,0.9952,-0.0,-0.0,-0.3466,-0.0,1.0,1.0,2.0,1.0,2980600.0,2669500.0,3800600.0,2999600.0,0.0,0.0,0.4893,0.0,0.1084,0.0518,0.1458,0.0201,0.011260639243766728,3967610.0
2024-04-23,JPM,1,9144400,0.0089467452068898,0.0,0.0,1.0,1,-0.0,0.1221,0.0,-0.0001,-0.3332,1.0,-0.0,1.0,3.0,1.0,1.0,14766600.0,31532300.0,10137700.0,8001000.0,0.0001,0.9999,1.0,0.0,0.0123,0.3334,1.0,0.3575,0.01086107591764031,9856540.0
2024-04-23,TSLA,1,124545100,0.04290793147225,1.0,0.0,0.0,1,1.0,1.0,1.0,-0.9416,-0.9947,-0.9999,0.0036,1.0,1.0,1.0,1.0,107097600.0,104423300.0,82950100.0,85907000.0,0.9416,0.9997,0.9999,0.004,0.0,0.0025,0.0,0.9599,0.02106967870604928,112985705.0
2024-04-24,AMZN,0,34185100,0.0230077503182518,0.0,1.0,0.0,1,-0.9999,0.0,1.0,-0.9919,0.0,0.8729,-0.0,1.0,1.0,2.0,2.0,37046500.0,31359700.0,40020700.0,31046600.0,0.9949,0.0001,0.9499,0.0,0.0016,0.669,0.9595,0.0811,0.010578896324105323,35457705.0
2024-04-24,GOOGL,1,22779100,0.015239120398517,1.0,0.0,0.0,1,1.0,1.0,1.0,1.0,0.9444,-0.0,0.0007,1.0,2.0,1.0,1.0,25353700.0,31079500.0,19229300.0,39370400.0,1.0,0.9456,0.0,0.0008,1.0,0.9994,0.2916,0.9522,0.011978826994990376,37128235.0
2024-04-24,META,0,37772700,0.0500334872847427,0.0,0.9771,0.0229,3,-0.9771,0.0,0.9771,0.0029,0.9999,-0.0,0.0112,1.0,1.0,1.0,1.0,17271100.0,12193700.0,13260600.0,10903100.0,0.0044,0.9999,0.0,0.0141,0.828,1.0,0.1953,0.8975,0.01746769435597295,21808980.0
2024-04-24,UNH,1,3724400,0.0168464879016266,0.9996,0.0,0.0004,1,0.9996,1.0,0.9996,-0.0002,0.5023,-0.0,-0.0001,1.0,2.0,1.0,1.0,4697700.0,11816500.0,5844100.0,2928700.0,0.0002,0.5072,0.0,0.0002,0.0179,0.9951,0.0148,0.2616,0.0091670422735844,4685280.0
2024-04-25,AMZN,1,49249400,0.0447901412822922,0.0,0.0001,0.9999,2,-0.0001,0.0244,0.0001,-0.9999,-0.9919,0.0,0.061,1.0,1.0,1.0,2.0,34185100.0,37046500.0,31359700.0,41624300.0,1.0,0.9949,0.0001,0.0645,0.0,0.0016,0.669,0.9724,0.011254562492816426,34674200.0
2024-04-25,GOOGL,1,57109700,0.0371374499965364,1.0,0.0,0.0,3,1.0,1.0,1.0,1.0,1.0,0.9444,0.9999,1.0,1.0,2.0,1.0,22779100.0,25353700.0,31079500.0,69273700.0,1.0,1.0,0.9456,0.9999,1.0,1.0,0.9994,1.0,0.012319471556518743,35811830.0
2024-04-25,META,1,82890700,0.0742050058533065,0.0185,0.7891,0.1923,5,-0.7706,0.023,0.8077,-0.9771,0.0029,0.9999,0.3442,3.0,1.0,1.0,1.0,37772700.0,17271100.0,12193700.0,11081000.0,0.9771,0.0044,0.9999,0.3464,0.0,0.828,1.0,0.9968,0.018313836289108987,22943060.0
2024-04-25,MSFT,1,40586500,0.030099271390206,1.0,0.0,0.0,1,1.0,1.0,1.0,0.0,1.0,0.9983,0.0007,1.0,1.0,1.0,1.0,15855500.0,45079900.0,34157300.0,18002200.0,0.0001,1.0,0.9999,0.0008,0.669,1.0,0.9992,0.9522,0.010385385946390406,24930365.0
2024-04-26,AMZN,1,43919800,0.026377966034348,0.9164,0.0403,0.0432,1,0.8761,0.9579,0.9568,-0.0001,-0.9999,-0.9919,0.8729,2.0,1.0,1.0,2.0,49249400.0,34185100.0,37046500.0,40020700.0,0.0001,1.0,0.9949,0.9499,0.0244,0.0,0.0016,0.9595,0.012587766741745207,35037655.0
2024-04-26,BRK-B,0,3023100,0.0082689548100051,0.0,0.0002,0.9998,1,-0.0002,0.0207,0.0002,0.9952,-0.0,-0.0,-0.9961,1.0,1.0,1.0,1.0,2287600.0,2980600.0,2669500.0,2716100.0,0.9952,0.0,0.0,0.9972,1.0,0.1084,0.0518,0.0006,0.011253802846787016,3934315.0
2024-04-26,GOOGL,0,64665300,0.0290188275453134,0.3334,0.0005,0.6661,3,0.333,0.9986,0.3339,1.0,1.0,1.0,-0.0,3.0,1.0,1.0,1.0,57109700.0,22779100.0,25353700.0,19229300.0,1.0,1.0,1.0,0.0,1.0,1.0,1.0,0.2916,0.014332187418276628,37481755.0
2024-04-26,META,1,32691400,0.0328002792248538,0.0003,0.0019,0.9978,2,-0.0016,0.1487,0.0022,-0.7706,-0.9771,0.0029,-0.0,5.0,3.0,1.0,1.0,82890700.0,37772700.0,17271100.0,13260600.0,0.8077,0.9771,0.0044,0.0,0.023,0.0,0.828,0.1953,0.021492339933079533,26156860.0
2024-04-29,AAPL,1,68169400,0.0169002293263073,0.0,0.0,0.9999,1,-0.0,0.0586,0.0001,-0.4996,-0.0,0.0132,0.0002,2.0,1.0,1.0,1.0,48116400.0,47691700.0,65672700.0,55215200.0,0.5003,0.0,0.0306,0.0002,0.0007,0.3215,0.7152,0.8864,0.010101354054893114,61324955.0
2024-04-29,AMZN,0,54063900,0.0226538954289928,1.0,0.0,0.0,1,1.0,1.0,1.0,0.8761,-0.0001,-0.9999,0.0,1.0,2.0,1.0,1.0,43919800.0,49249400.0,34185100.0,31359700.0,0.9568,0.0001,1.0,0.0001,0.9579,0.0244,0.0,0.669,0.012809311184996397,35012640.0
2024-04-29,MSFT,0,19582100,0.017594089778686,0.0,0.0,1.0,1,-0.0,0.177,0.0,1.0,0.0,1.0,0.0,1.0,1.0,1.0,1.0,40586500.0,15855500.0,45079900.0,22457000.0,1.0,0.0001,1.0,0.0003,1.0,0.669,1.0,0.5026,0.010600654382034256,25493135.0
2024-04-29,TSLA,1,243869700,0.0760535079625985,1.0,0.0,0.0,1,1.0,1.0,1.0,1.0,-0.9416,-0.9947,0.0058,1.0,1.0,1.0,1.0,124545100.0,107097600.0,104423300.0,126325700.0,1.0,0.9416,0.9997,0.0111,1.0,0.0,0.0025,0.7597,0.019828196738556875,112958110.0
2024-04-30,AMZN,0,94639800,0.0452261450495851,0.6665,0.0,0.3335,6,0.6665,1.0,0.6665,1.0,0.8761,-0.0001,-0.9919,1.0,1.0,2.0,1.0,54063900.0,43919800.0,49249400.0,37046500.0,1.0,0.9568,0.0001,0.9949,1.0,0.9579,0.0244,0.0016,0.012942051360092589,35497405.0
2024-04-30,GOOGL,0,33562900,0.0332105547957845,0.0,0.0,1.0,1,-0.0,0.2507,0.0,0.333,1.0,1.0,0.9444,3.0,3.0,1.0,2.0,64665300.0,57109700.0,22779100.0,31079500.0,0.3339,1.0,1.0,0.9456,0.9986,1.0,1.0,0.9994,0.01464672059119325,39666590.0
2024-04-30,META,0,18429500,0.0229671596725326,0.0,0.0,1.0,1,-0.0,0.1825,0.0,-0.0016,-0.7706,-0.9771,0.9999,2.0,5.0,3.0,1.0,32691400.0,82890700.0,37772700.0,12193700.0,0.0022,0.8077,0.9771,0.9999,0.1487,0.023,0.0,1.0,0.021504749821771262,26782390.0
2024-04-30,MSFT,0,28781400,0.0323544560271399,0.0,0.0,1.0,1,-0.0,0.1825,0.0,-0.0,1.0,0.0,0.9983,1.0,1.0,1.0,1.0,19582100.0,40586500.0,15855500.0,34157300.0,0.0,1.0,0.0001,0.9999,0.177,1.0,0.669,0.9992,0.010814553177119629,25421180.0
2024-05-01,AAPL,0,50383100,0.0212289542672736,0.0,0.0,1.0,1,0.0,0.5002,0.0,-0.0,-0.4996,-0.0,-0.9946,1.0,2.0,1.0,1.0,68169400.0,48116400.0,47691700.0,57388400.0,0.0001,0.5003,0.0,1.0,0.0586,0.0007,0.3215,0.0027,0.00978245547706754,60608990.0
2024-05-01,GOOGL,0,33493200,0.0245282940014758,0.0003,0.0,0.9997,1,0.0003,0.9707,0.0003,-0.0,0.333,1.0,1.0,1.0,3.0,3.0,1.0,33562900.0,64665300.0,57109700.0,25353700.0,0.0,0.3339,1.0,1.0,0.2507,0.9986,1.0,1.0,0.01499289855139215,39528145.0
2024-05-01,MSFT,1,23562500,0.0290619293645635,0.0152,0.0085,0.9763,1,0.0067,0.6411,0.0237,-0.0,-0.0,1.0,1.0,1.0,1.0,1.0,1.0,28781400.0,19582100.0,40586500.0,45079900.0,0.0,0.0,1.0,1.0,0.1825,0.177,1.0,1.0,0.012796249694549677,25186370.0
2024-05-02,AAPL,1,94214900,0.0146658098652749,0.1401,0.1949,0.665,2,-0.0548,0.4183,0.335,0.0,-0.0,-0.4996,0.0132,1.0,1.0,2.0,1.0,50383100.0,68169400.0,48116400.0,65672700.0,0.0,0.0001,0.5003,0.0306,0.5002,0.0586,0.0007,0.7152,0.009683846996075813,60009160.0
2024-05-02,AMZN,1,54303500,0.0286978284006003,0.2803,0.3898,0.3299,1,-0.1095,0.4183,0.6701,0.6665,1.0,0.8761,-0.9999,6.0,1.0,1.0,1.0,94639800.0,54063900.0,43919800.0,34185100.0,0.6665,1.0,0.9568,1.0,1.0,1.0,0.9579,0.0,0.014888870246527117,38820370.0
2024-05-02,GOOGL,1,24294500,0.0172340339437929,1.0,0.0,0.0,1,1.0,1.0,1.0,0.0003,-0.0,0.333,1.0,1.0,1.0,3.0,1.0,33493200.0,33562900.0,64665300.0,22779100.0,0.0003,0.0,0.3339,1.0,0.9707,0.2507,0.9986,1.0,0.01398415361867092,37607305.0
2024-05-02,JPM,0,6501700,0.0206142620632705,0.0,0.0002,0.9998,1,-0.0002,0.0693,0.0002,-0.0,-0.0001,-0.3332,-0.0007,1.0,1.0,3.0,1.0,9144400.0,14766600.0,31532300.0,7681400.0,0.0,0.0001,0.9999,0.0007,0.1221,0.0123,0.3334,0.0278,0.010914077814525304,9941610.0
2024-05-02,TSLA,0,89148000,0.0469211517139683,0.8141,0.1757,0.0102,1,0.6385,0.8225,0.9898,1.0,1.0,-0.9416,-0.9999,1.0,1.0,1.0,1.0,243869700.0,124545100.0,107097600.0,82950100.0,1.0,1.0,0.9416,0.9999,1.0,1.0,0.0,0.0,0.020991347744488218,119918885.0
2024-05-03,AAPL,0,163224100,0.023252057218376,0.5,0.0,0.4999,2,0.5,1.0,0.5001,-0.0548,0.0,-0.0,-0.0,2.0,1.0,1.0,1.0,94214900.0,50383100.0,68169400.0,47691700.0,0.335,0.0,0.0001,0.0,0.4183,0.5002,0.0586,0.3215,0.009632621161455463,62696015.0
2024-05-03,BRK-B,0,4119100,0.0130778950430701,0.0,0.333,0.667,3,-0.333,0.0,0.333,-0.0002,0.9952,-0.0,-0.3466,1.0,1.0,1.0,2.0,3023100.0,2287600.0,2980600.0,3800600.0,0.0002,0.9952,0.0,0.4893,0.0207,1.0,0.1084,0.1458,0.011263424843213885,3943970.0
2024-05-03,JPM,0,8922800,0.0211978753407797,0.0,0.0,1.0,1,-0.0,0.0566,0.0,-0.0002,-0.0,-0.0001,1.0,1.0,1.0,1.0,1.0,6501700.0,9144400.0,14766600.0,10137700.0,0.0002,0.0,0.0001,1.0,0.0693,0.1221,0.0123,1.0,0.01000531322607712,9725590.0
2024-05-03,TSLA,0,75491500,0.0349258670905051,0.0,0.0001,0.9999,1,-0.0001,0.0037,0.0001,0.6385,1.0,1.0,-0.9947,1.0,1.0,1.0,1.0,89148000.0,243869700.0,124545100.0,104423300.0,0.9898,1.0,1.0,0.9997,0.8225,1.0,1.0,0.0025,0.021254321990586023,119244820.0
2024-05-06,AMZN,1,34725300,0.0212046219354022,0.8931,0.0158,0.0911,1,0.8773,0.9826,0.9089,-0.1095,0.6665,1.0,-0.0001,1.0,6.0,1.0,2.0,54303500.0,94639800.0,54063900.0,49249400.0,0.6701,0.6665,1.0,0.0001,0.4183,1.0,1.0,0.0244,0.015589051305790236,39931000.0
2024-05-06,BRK-B,1,3918900,0.0145806125741399,0.5,0.0001,0.4999,2,0.4999,0.9999,0.5001,-0.333,-0.0002,0.9952,-0.0,3.0,1.0,1.0,1.0,4119100.0,3023100.0,2287600.0,2669500.0,0.333,0.0002,0.9952,0.0,0.0,0.0207,1.0,0.0518,0.011271167204998604,3994505.0
2024-05-06,META,1,15094600,0.028139970371998,0.0007,0.0007,0.9986,1,-0.0,0.4869,0.0014,-0.0,-0.0016,-0.7706,0.0029,1.0,2.0,5.0,1.0,18429500.0,32691400.0,82890700.0,17271100.0,0.0,0.0022,0.8077,0.0044,0.1825,0.1487,0.023,0.828,0.021497042665759882,26217510.0
2024-05-06,MSFT,1,16996600,0.0184949539533685,0.012,0.0113,0.9768,1,0.0007,0.5148,0.0232,0.0067,-0.0,-0.0,0.0,1.0,1.0,1.0,1.0,23562500.0,28781400.0,19582100.0,15855500.0,0.0237,0.0,0.0,0.0001,0.6411,0.1825,0.177,0.669,0.012817192767594842,24831610.0
2024-05-06,TSLA,1,84390300,0.0291621355895307,0.0003,0.0004,0.9993,2,-0.0,0.4877,0.0007,-0.0001,0.6385,1.0,-0.9416,1.0,1.0,1.0,1.0,75491500.0,89148000.0,243869700.0,107097600.0,0.0001,0.9898,1.0,0.9416,0.0037,0.8225,1.0,0.0,0.02124935684703938,116867205.0
2024-05-07,JPM,1,7688800,0.0066770933733631,0.8889,0.0086,0.1026,1,0.8803,0.9904,0.8974,-0.0,-0.0002,-0.0,-0.3332,1.0,1.0,1.0,3.0,8922800.0,6501700.0,9144400.0,31532300.0,0.0,0.0002,0.0,0.9999,0.0566,0.0693,0.1221,0.3334,0.010071523526371603,9833490.0
2024-05-07,TSLA,0,75045900,0.0321271974037304,0.0013,0.015,0.9837,1,-0.0137,0.0795,0.0163,-0.0,-0.0001,0.6385,1.0,2.0,1.0,1.0,1.0,84390300.0,75491500.0,89148000.0,124545100.0,0.0007,0.0001,0.9898,1.0,0.4877,0.0037,0.8225,1.0,0.020939139403073154,115189095.0
2024-05-08,GOOGL,1,19569100,0.0083431266468656,0.0,1.0,0.0,1,-1.0,0.0,1.0,1.0,0.0003,-0.0,1.0,1.0,1.0,1.0,3.0,24294500.0,33493200.0,33562900.0,57109700.0,1.0,0.0003,0.0,1.0,1.0,0.9707,0.2507,1.0,0.014121708321835015,36798705.0
2024-05-08,JPM,1,9227600,0.0295811198768813,0.0003,0.0165,0.9832,1,-0.0163,0.0164,0.0168,0.8803,-0.0,-0.0002,-0.0001,1.0,1.0,1.0,1.0,7688800.0,8922800.0,6501700.0,14766600.0,0.8974,0.0,0.0002,0.0001,0.9904,0.0566,0.0693,0.0123,0.009954359979165998,9866730.0
2024-05-08,META,1,11683900,0.0271412871030541,0.0003,0.9993,0.0004,1,-0.9991,0.0003,0.9996,-0.0,-0.0,-0.0016,-0.9771,1.0,1.0,2.0,3.0,15094600.0,18429500.0,32691400.0,37772700.0,0.0014,0.0,0.0022,0.9771,0.4869,0.1825,0.1487,0.0,0.020680181836440225,22736860.0
2024-05-09,AAPL,1,48983000,0.0139680274203518,1.0,0.0,0.0,1,1.0,1.0,1.0,0.5,-0.0548,0.0,-0.4996,2.0,2.0,1.0,2.0,163224100.0,94214900.0,50383100.0,48116400.0,0.5001,0.335,0.0,0.5003,1.0,0.4183,0.5002,0.0007,0.010528798707144854,67412070.0
2024-05-10,AMZN,0,34141800,0.0156481637585213,0.0029,0.9968,0.0003,1,-0.9939,0.0029,0.9997,0.8773,-0.1095,0.6665,0.8761,1.0,1.0,6.0,1.0,34725300.0,54303500.0,94639800.0,43919800.0,0.9089,0.6701,0.6665,0.9568,0.9826,0.4183,1.0,0.9579,0.015657093615721773,39964100.0
2024-05-10,BRK-B,1,3084500,0.0077589182101366,0.0018,0.0001,0.9981,1,0.0018,0.9656,0.0019,0.4999,-0.333,-0.0002,-0.0,2.0,3.0,1.0,1.0,3918900.0,4119100.0,3023100.0,2980600.0,0.5001,0.333,0.0002,0.0,0.9999,0.0,0.0207,0.1084,0.010773845715245273,3914835.0
2024-05-10,META,0,10750000,0.0165587079107173,0.0,0.0001,0.9999,1,-0.0001,0.0127,0.0001,-0.9991,-0.0,-0.0,-0.7706,1.0,1.0,1.0,5.0,11683900.0,15094600.0,18429500.0,82890700.0,0.9996,0.0014,0.0,0.8077,0.0003,0.4869,0.1825,0.023,0.020573945124157778,21279435.0
2024-05-10,TSLA,0,72627200,0.0306847585377133,0.0011,0.0002,0.9986,1,0.0009,0.8317,0.0014,-0.0137,-0.0,-0.0001,1.0,1.0,2.0,1.0,1.0,75045900.0,84390300.0,75491500.0,243869700.0,0.0163,0.0007,0.0001,1.0,0.0795,0.4877,0.0037,1.0,0.021282487985204043,112772895.0
2024-05-13,AAPL,1,72044800,0.01337365699783,1.0,0.0,0.0,1,1.0,1.0,1.0,1.0,0.5,-0.0548,-0.0,1.0,2.0,2.0,1.0,48983000.0,163224100.0,94214900.0,68169400.0,1.0,0.5001,0.335,0.0001,1.0,1.0,0.4183,0.0586,0.01056820032239838,67179655.0
2024-05-13,AMZN,0,24898600,0.0156914731289475,0.0005,0.001,0.9984,1,-0.0005,0.3315,0.0016,-0.9939,0.8773,-0.1095,1.0,1.0,1.0,1.0,1.0,34141800.0,34725300.0,54303500.0,54063900.0,0.9997,0.9089,0.6701,1.0,0.0029,0.9826,0.4183,1.0,0.015721793670993578,39776530.0
2024-05-14,AAPL,0,52393600,0.0107194806917439,0.0,0.0,1.0,1,-0.0,0.0565,0.0,1.0,1.0,0.5,0.0,1.0,1.0,2.0,1.0,72044800.0,48983000.0,163224100.0,50383100.0,1.0,1.0,0.5001,0.0,1.0,1.0,1.0,0.5002,0.010518710718435699,68424615.0
2024-05-14,MSFT,1,15109300,0.0144167821945383,0.0,0.0,1.0,1,-0.0,0.0033,0.0,0.0007,0.0067,-0.0,1.0,1.0,1.0,1.0,1.0,16996600.0,23562500.0,28781400.0,40586500.0,0.0232,0.0237,0.0,1.0,0.5148,0.6411,0.1825,1.0,0.012415156700657182,24268605.0
2024-05-15,AMZN,1,75459900,0.0214551027960089,1.0,0.0,0.0,1,1.0,1.0,1.0,-0.0005,-0.9939,0.8773,0.6665,1.0,1.0,1.0,6.0,24898600.0,34141800.0,34725300.0,94639800.0,0.0016,0.9997,0.9089,0.6665,0.3315,0.0029,0.9826,1.0,0.015519331378474862,39597220.0
2024-05-15,GOOGL,1,26948400,0.0125417530821625,0.0,0.0,1.0,1,-0.0,0.4403,0.0,-1.0,1.0,0.0003,0.333,1.0,1.0,1.0,3.0,19569100.0,24294500.0,33493200.0,64665300.0,1.0,1.0,0.0003,0.3339,0.0,1.0,0.9707,0.9986,0.013168159368982043,34652180.0
2024-05-15,META,1,13100500,0.023790449138067,1.0,0.0,0.0,1,1.0,1.0,1.0,-0.0001,-0.9991,-0.0,-0.0016,1.0,1.0,1.0,2.0,10750000.0,11683900.0,15094600.0,32691400.0,0.0001,0.9996,0.0014,0.0022,0.0127,0.0003,0.4869,0.1487,0.020004605270629763,20734175.0
2024-05-15,MSFT,1,22239500,0.015649697632065,0.9999,0.0,0.0001,1,0.9999,1.0,0.9999,-0.0,0.0007,0.0067,-0.0,1.0,1.0,1.0,1.0,15109300.0,16996600.0,23562500.0,19582100.0,0.0,0.0232,0.0237,0.0,0.0033,0.5148,0.6411,0.177,0.012361823803974683,23756455.0
2024-05-16,AMZN,0,38834500,0.0207434844726204,0.0,0.0002,0.9998,1,-0.0002,0.0838,0.0002,1.0,-0.0005,-0.9939,-0.1095,1.0,1.0,1.0,1.0,75459900.0,24898600.0,34141800.0,54303500.0,1.0,0.0016,0.9997,0.6701,1.0,0.3315,0.0029,0.4183,0.015422919311427037,41807680.0
2024-05-16,META,0,16608200,0.0104000051398027,0.0,0.0,1.0,1,-0.0,0.1072,0.0,1.0,-0.0001,-0.9991,-0.0,1.0,1.0,1.0,1.0,13100500.0,10750000.0,11683900.0,18429500.0,1.0,0.0001,0.9996,0.0,1.0,0.0127,0.0003,0.1825,0.01944572031558995,20235900.0
2024-05-17,AMZN,1,33175700,0.0106116511021645,1.0,0.0,0.0,1,1.0,1.0,1.0,-0.0002,1.0,-0.0005,0.8773,1.0,1.0,1.0,1.0,38834500.0,75459900.0,24898600.0,34725300.0,0.0002,1.0,0.0016,0.9089,0.0838,1.0,0.3315,0.9826,0.015367334018857644,42252045.0
2024-05-17,MSFT,0,15352200,0.0115729032743596,0.0,0.0,1.0,1,0.0,0.5546,0.0,0.9999,-0.0,0.0007,-0.0,1.0,1.0,1.0,1.0,22239500.0,15109300.0,16996600.0,28781400.0,0.9999,0.0,0.0232,0.0,1.0,0.0033,0.5148,0.1825,0.012583676196422216,23949300.0
2024-05-20,JPM,0,17373300,0.0512745780988483,0.0005,0.3176,0.682,5,-0.3171,0.0015,0.318,-0.0163,0.8803,-0.0,-0.0,1.0,1.0,1.0,1.0,9227600.0,7688800.0,8922800.0,9144400.0,0.0168,0.8974,0.0,0.0,0.0164,0.9904,0.0566,0.1221,0.011541969004510759,9972820.0
2024-05-20,MSFT,1,16272100,0.0161347871710985,0.9595,0.0009,0.0396,1,0.9586,0.999,0.9604,0.0,0.9999,-0.0,0.0067,1.0,1.0,1.0,1.0,15352200.0,22239500.0,15109300.0,23562500.0,0.0,0.9999,0.0,0.0237,0.5546,1.0,0.0033,0.6411,0.01223488471464161,23599885.0
2024-05-21,AMZN,1,50839100,0.013768483076346,0.0026,0.0303,0.9671,2,-0.0277,0.0786,0.0329,1.0,-0.0002,1.0,-0.9939,1.0,1.0,1.0,1.0,33175700.0,38834500.0,75459900.0,34141800.0,1.0,0.0002,1.0,0.9997,1.0,0.0838,1.0,0.0029,0.015340397227306249,42511060.0
2024-05-21,MSFT,1,21453300,0.0190239565462506,0.0,0.0003,0.9997,1,-0.0002,0.0821,0.0003,0.9586,0.0,0.9999,0.0007,1.0,1.0,1.0,1.0,16272100.0,15352200.0,22239500.0,16996600.0,0.9604,0.0,0.9999,0.0232,0.999,0.5546,1.0,0.5148,0.012207456728491472,23311850.0
2024-05-22,BRK-B,0,2664400,0.0103627381227825,0.0,0.0,1.0,1,-0.0,0.0161,0.0,0.0018,0.4999,-0.333,0.9952,1.0,2.0,3.0,1.0,3084500.0,3918900.0,4119100.0,2287600.0,0.0019,0.5001,0.333,0.9952,0.9656,0.9999,0.0,1.0,0.010848589225689502,3640150.0
2024-05-23,AMZN,0,33670200,0.0254818282830449,0.0,1.0,0.0,1,-1.0,0.0,1.0,-0.0277,1.0,-0.0002,-0.0005,2.0,1.0,1.0,1.0,50839100.0,33175700.0,38834500.0,24898600.0,0.0329,1.0,0.0002,0.0016,0.0786,1.0,0.0838,0.3315,0.01520264377357251,43562240.0
2024-05-23,UNH,0,3055400,0.0096465502572667,1.0,0.0,0.0,1,1.0,1.0,1.0,0.9996,-0.0002,0.5023,-0.218,1.0,1.0,2.0,1.0,3724400.0,4697700.0,11816500.0,11867000.0,0.9996,0.0002,0.5072,0.2908,1.0,0.0179,0.9951,0.1251,0.008853498462581655,4609230.0
2024-05-28,AAPL,0,52280100,0.0203644405427894,0.0,0.0003,0.9996,1,-0.0003,0.1043,0.0004,-0.0,1.0,1.0,-0.0548,1.0,1.0,1.0,2.0,52393600.0,72044800.0,48983000.0,94214900.0,0.0,1.0,1.0,0.335,0.0565,1.0,1.0,0.4183,0.010139371434482647,67800025.0
2024-05-28,AMZN,1,29927000,0.0152837220693678,0.9976,0.0,0.0023,1,0.9976,1.0,0.9977,-1.0,-0.0277,1.0,1.0,1.0,2.0,1.0,1.0,33670200.0,50839100.0,33175700.0,75459900.0,1.0,0.0329,1.0,1.0,0.0,0.0786,1.0,1.0,0.015351316744375567,43762800.0
2024-05-28,GOOGL,1,20572200,0.0166237271768703,0.0021,0.0002,0.9977,2,0.002,0.9296,0.0023,-0.0,-1.0,1.0,-0.0,1.0,1.0,1.0,1.0,26948400.0,19569100.0,24294500.0,33562900.0,0.0,1.0,1.0,0.0,0.4403,0.0,1.0,0.2507,0.013343477619567185,34074330.0
2024-05-28,JPM,0,6910200,0.008756129263763,0.0,0.0,1.0,1,0.0,0.8677,0.0,-0.3171,-0.0163,0.8803,-0.0002,5.0,1.0,1.0,1.0,17373300.0,9227600.0,7688800.0,6501700.0,0.318,0.0168,0.8974,0.0002,0.0015,0.0164,0.9904,0.0693,0.014954409836259737,10484215.0
2024-05-28,META,1,10175800,0.0126316445996184,0.0,0.0003,0.9996,1,-0.0003,0.1043,0.0004,-0.0,1.0,-0.0001,-0.0,1.0,1.0,1.0,1.0,16608200.0,13100500.0,10750000.0,15094600.0,0.0,1.0,0.0001,0.0014,0.1072,1.0,0.0127,0.4869,0.019464226724323366,20125555.0
2024-05-29,META,0,9226200,0.0129566296908012,0.0,0.0,0.9999,1,-0.0,0.2732,0.0001,-0.0003,-0.0,1.0,-0.9991,1.0,1.0,1.0,1.0,10175800.0,16608200.0,13100500.0,11683900.0,0.0004,0.0,1.0,0.9996,0.1043,0.1072,1.0,0.0003,0.01946240992168343,19588515.0
2024-05-29,UNH,0,7521600,0.0419019479145753,0.0,0.0022,0.9978,1,-0.0022,0.0003,0.0022,1.0,0.9996,-0.0002,-0.0,1.0,1.0,1.0,1.0,3055400.0,3724400.0,4697700.0,5844100.0,1.0,0.9996,0.0002,0.0,1.0,1.0,0.0179,0.0148,0.008733597591421173,4570620.0
2024-05-30,AMZN,0,29184700,0.0164359151048802,0.3167,0.0,0.6833,3,0.3167,0.9999,0.3167,0.9976,-1.0,-0.0277,-0.0002,1.0,1.0,2.0,1.0,29927000.0,33670200.0,50839100.0,38834500.0,0.9977,1.0,0.0329,0.0002,1.0,0.0,0.0786,0.0838,0.015649630601652434,43356570.0
2024-05-30,GOOGL,0,22931500,0.0195776712004373,0.0,0.0,1.0,1,-0.0,0.374,0.0,0.002,-0.0,-1.0,0.0003,2.0,1.0,1.0,1.0,20572200.0,26948400.0,19569100.0,33493200.0,0.0023,0.0,1.0,0.0003,0.9296,0.4403,0.0,0.9707,0.013502012369379757,34024735.0
2024-05-30,META,0,10719600,0.0148833280289199,0.6442,0.0001,0.3558,3,0.6441,0.9999,0.6442,-0.0,-0.0003,-0.0,-0.0001,1.0,1.0,1.0,1.0,9226200.0,10175800.0,16608200.0,10750000.0,0.0001,0.0004,0.0,0.0001,0.2732,0.1043,0.1072,0.0127,0.019453128563232686,19163225.0
2024-05-30,MSFT,0,28394500,0.0237096343342397,0.0,0.0001,0.9999,2,-0.0001,0.0632,0.0001,-0.0002,0.9586,0.0,-0.0,1.0,1.0,1.0,1.0,21453300.0,16272100.0,15352200.0,15109300.0,0.0003,0.9604,0.0,0.0,0.0821,0.999,0.5546,0.0033,0.01218507873088595,23293240.0
2024-05-31,AMZN,0,58903900,0.029949587803033,0.8893,0.0001,0.1107,1,0.8892,0.9999,0.8893,0.3167,0.9976,-1.0,1.0,3.0,1.0,1.0,1.0,29184700.0,29927000.0,33670200.0,33175700.0,0.3167,0.9977,1.0,1.0,0.9999,1.0,0.0,1.0,0.015400849667167909,43263475.0
2024-05-31,META,1,16919800,0.0314727437662046,0.0,0.5,0.5,2,-0.5,0.0,0.5,0.6441,-0.0,-0.0003,1.0,3.0,1.0,1.0,1.0,10719600.0,9226200.0,10175800.0,13100500.0,0.6442,0.0001,0.0004,1.0,0.9999,0.2732,0.1043,1.0,0.01945694793769237,18932940.0
2024-05-31,MSFT,0,47995300,0.0293701025419917,1.0,0.0,0.0,1,1.0,1.0,1.0,-0.0001,-0.0002,0.9586,0.9999,2.0,1.0,1.0,1.0,28394500.0,21453300.0,16272100.0,22239500.0,0.0001,0.0003,0.9604,0.9999,0.0632,0.0821,0.999,1.0,0.013127526077085427,23598140.0
2024-05-31,TSLA,0,67314600,0.0364145658263305,0.0,0.0003,0.9997,1,-0.0003,0.0902,0.0003,0.0009,-0.0137,-0.0,0.6385,1.0,1.0,2.0,1.0,72627200.0,75045900.0,84390300.0,89148000.0,0.0014,0.0163,0.0007,0.9898,0.8317,0.0795,0.4877,0.8225,0.020392652917439403,106500415.0
2024-06-03,AMZN,1,30786600,0.0156443377998852,0.0008,0.0008,0.9984,1,-0.0001,0.471,0.0016,0.8892,0.3167,0.9976,-0.0277,1.0,3.0,1.0,2.0,58903900.0,29184700.0,29927000.0,50839100.0,0.8893,0.3167,0.9977,0.0329,0.9999,0.9999,1.0,0.0786,0.014838409028741771,44127455.0
2024-06-03,BRK-B,0,4903000,0.0191376079468538,0.0001,0.5186,0.4814,2,-0.5185,0.0001,0.5186,-0.0,0.0018,0.4999,-0.0002,1.0,1.0,2.0,1.0,2664400.0,3084500.0,3918900.0,3023100.0,0.0,0.0019,0.5001,0.0002,0.0161,0.9656,0.9999,0.0207,0.010017295750486733,3536520.0
2024-06-03,META,1,11279400,0.0241261016492169,0.0,0.0,1.0,1,0.0,0.8716,0.0,-0.5,0.6441,-0.0,-0.0,2.0,3.0,1.0,1.0,16919800.0,10719600.0,9226200.0,16608200.0,0.5,0.6442,0.0001,0.0,0.0,0.9999,0.2732,0.1072,0.019442007016278365,19191035.0
2024-06-04,BRK-B,0,4154800,0.0227793469157456,0.0007,0.2218,0.7775,3,-0.2211,0.003,0.2225,-0.5185,-0.0,0.0018,-0.333,2.0,1.0,1.0,3.0,4903000.0,2664400.0,3084500.0,4119100.0,0.5186,0.0,0.0019,0.333,0.0001,0.0161,0.9656,0.0,0.009983863166725329,3629345.0
2024-06-04,MSFT,1,14348900,0.0163906842025894,0.0,0.0,1.0,1,-0.0,0.1981,0.0,1.0,-0.0001,-0.0002,0.0,1.0,2.0,1.0,1.0,47995300.0,28394500.0,21453300.0,15352200.0,1.0,0.0001,0.0003,0.0,1.0,0.0632,0.0821,0.5546,0.01295353579776062,25188230.0
2024-06-04,UNH,1,3178400,0.0274390098338633,0.0,0.0,1.0,1,-0.0,0.1981,0.0,-0.0022,1.0,0.9996,0.5023,1.0,1.0,1.0,2.0,7521600.0,3055400.0,3724400.0,11816500.0,0.0022,1.0,0.9996,0.5072,0.0003,1.0,1.0,0.9951,0.009021193012712902,4812455.0
2024-06-05,BRK-B,0,2634400,0.0109973413764997,0.9998,0.0001,0.0001,1,0.9997,0.9999,0.9999,-0.2211,-0.5185,-0.0,0.4999,3.0,2.0,1.0,2.0,4154800.0,4903000.0,2664400.0,3918900.0,0.2225,0.5186,0.0,0.5001,0.003,0.0001,0.0161,0.9999,0.01001766031384941,3686695.0
2024-06-05,GOOGL,1,22068500,0.0155251213931624,0.0,0.0001,0.9999,1,-0.0001,0.0295,0.0001,-0.0,0.002,-0.0,1.0,1.0,2.0,1.0,1.0,22931500.0,20572200.0,26948400.0,24294500.0,0.0,0.0023,0.0,1.0,0.374,0.9296,0.4403,1.0,0.014109033289328683,34036100.0
2024-06-06,AAPL,0,41181800,0.0119065961571152,0.0002,0.0001,0.9997,1,0.0002,0.7459,0.0003,-0.0003,-0.0,1.0,0.5,1.0,1.0,1.0,2.0,52280100.0,52393600.0,72044800.0,163224100.0,0.0004,0.0,1.0,0.5001,0.1043,0.0565,1.0,1.0,0.007368625074255885,65286445.0
2024-06-06,BRK-B,1,3438900,0.0094049637573099,0.0,0.0,1.0,1,-0.0,0.0324,0.0,0.9997,-0.2211,-0.5185,0.0018,1.0,3.0,2.0,1.0,2634400.0,4154800.0,4903000.0,3084500.0,0.9999,0.2225,0.5186,0.0019,0.9999,0.003,0.0001,0.9656,0.009538973448090524,3588950.0
2024-06-06,GOOGL,1,23251000,0.0079590332294625,0.0004,0.0,0.9996,1,0.0004,0.9883,0.0004,-0.0001,-0.0,0.002,-1.0,1.0,1.0,2.0,1.0,22068500.0,22931500.0,20572200.0,19569100.0,0.0001,0.0,0.0023,1.0,0.0295,0.374,0.9296,0.0,0.013892428579873231,33882290.0
2024-06-06,MSFT,1,14861300,0.0111554229319791,0.0002,0.0001,0.9997,1,0.0002,0.7459,0.0003,-0.0,1.0,-0.0001,0.9586,1.0,1.0,2.0,1.0,14348900.0,47995300.0,28394500.0,16272100.0,0.0,1.0,0.0001,0.9604,0.1981,1.0,0.0632,0.999,0.012820702567192874,24308310.0
2024-06-07,AMZN,0,28021500,0.0158463643726325,0.0003,0.0005,0.9992,1,-0.0002,0.3683,0.0008,-0.0001,0.8892,0.3167,-1.0,1.0,1.0,3.0,1.0,30786600.0,58903900.0,29184700.0,33670200.0,0.0016,0.8893,0.3167,1.0,0.471,0.9999,0.9999,0.0,0.014533002515846563,43665750.0
2024-06-07,META,0,9380700,0.0176241458527423,0.0,0.0,0.9999,1,-0.0,0.4751,0.0001,0.0,-0.5,0.6441,-0.0003,1.0,2.0,3.0,1.0,11279400.0,16919800.0,10719600.0,10175800.0,0.0,0.5,0.6442,0.0004,0.8716,0.0,0.9999,0.1043,0.01850538074780264,18733590.0
2024-06-10,AMZN,1,34445600,0.018688554922188,0.0,0.0,1.0,1,-0.0,0.4677,0.0,-0.0002,-0.0001,0.8892,0.9976,1.0,1.0,1.0,1.0,28021500.0,30786600.0,58903900.0,29927000.0,0.0008,0.0016,0.8893,0.9977,0.3683,0.471,0.9999,1.0,0.014134736515895065,43498840.0
2024-06-11,AAPL,1,172373300,0.0698683150309283,0.4998,0.1102,0.3899,2,0.3896,0.8193,0.6101,0.0002,-0.0003,-0.0,1.0,1.0,1.0,1.0,1.0,41181800.0,52280100.0,52393600.0,48983000.0,0.0003,0.0004,0.0,1.0,0.7459,0.1043,0.0565,1.0,0.006879549307117666,65170995.0
2024-06-11,AMZN,1,27265100,0.0172672459557599,0.9984,0.0013,0.0003,1,0.997,0.9987,0.9997,-0.0,-0.0002,-0.0001,0.3167,1.0,1.0,1.0,3.0,34445600.0,28021500.0,30786600.0,29184700.0,0.0,0.0008,0.0016,0.3167,0.4677,0.3683,0.471,0.9999,0.014528055528365743,43368795.0
2024-06-11,GOOGL,1,21540600,0.0174213599146713,0.9943,0.0046,0.0011,1,0.9897,0.9954,0.9989,0.0004,-0.0001,-0.0,-0.0,1.0,1.0,1.0,1.0,23251000.0,22068500.0,22931500.0,26948400.0,0.0004,0.0001,0.0,0.0,0.9883,0.0295,0.374,0.4403,0.013811619006107502,33883675.0
2024-06-11,META,1,9673700,0.0186540647423434,1.0,0.0,0.0,1,1.0,1.0,1.0,-0.0,0.0,-0.5,-0.0,1.0,1.0,2.0,1.0,9380700.0,11279400.0,16919800.0,9226200.0,0.0001,0.0,0.5,0.0001,0.4751,0.8716,0.0,0.2732,0.01805149068606817,18571625.0
2024-06-12,GOOGL,0,27864700,0.0241234392805487,0.0001,0.0,0.9999,1,0.0001,0.8864,0.0001,0.9897,0.0004,-0.0001,0.002,1.0,1.0,1.0,2.0,21540600.0,23251000.0,22068500.0,20572200.0,0.9989,0.0004,0.0001,0.0023,0.9954,0.9883,0.0295,0.9296,0.011676802318751806,32278615.0
2024-06-12,JPM,0,12751300,0.0276020595005579,0.0003,0.0001,0.9996,1,0.0002,0.7606,0.0004,0.0,-0.3171,-0.0163,-0.0,1.0,5.0,1.0,1.0,6910200.0,17373300.0,9227600.0,8922800.0,0.0,0.318,0.0168,0.0,0.8677,0.0015,0.0164,0.0566,0.01493432671222277,10543870.0
2024-06-12,META,0,11983200,0.0185606893639539,1.0,0.0,0.0,1,1.0,1.0,1.0,1.0,-0.0,0.0,0.6441,1.0,1.0,1.0,3.0,9673700.0,9380700.0,11279400.0,10719600.0,1.0,0.0001,0.0,0.6442,1.0,0.4751,0.8716,0.9999,0.01798270996881001,18510155.0
2024-06-13,AAPL,0,97862700,0.0239824614172708,0.9987,0.0,0.0013,1,0.9987,1.0,0.9987,0.3896,0.0002,-0.0003,1.0,2.0,1.0,1.0,1.0,172373300.0,41181800.0,52280100.0,72044800.0,0.6101,0.0003,0.0004,1.0,0.8193,0.7459,0.1043,1.0,0.017081709430547157,70963185.0
2024-06-13,META,0,9954600,0.0158193433690752,0.0,0.0,0.9999,1,-0.0,0.2467,0.0001,1.0,1.0,-0.0,-0.5,1.0,1.0,1.0,2.0,11983200.0,9673700.0,9380700.0,16919800.0,1.0,1.0,0.0001,0.5,1.0,1.0,0.4751,0.0,0.017427930816790525,18555265.0
2024-06-13,MSFT,1,15960600,0.0091187920507958,0.001,0.1317,0.8673,1,-0.1307,0.0075,0.1327,0.0002,-0.0,1.0,-0.0002,1.0,1.0,1.0,1.0,14861300.0,14348900.0,47995300.0,21453300.0,0.0003,0.0,1.0,0.0003,0.7459,0.1981,1.0,0.0821,0.01280563246929922,24171575.0
2024-06-13,TSLA,0,118984100,0.0522851857074579,0.6157,0.0,0.3843,1,0.6157,1.0,0.6157,-0.0003,0.0009,-0.0137,-0.0001,1.0,1.0,1.0,1.0,67314600.0,72627200.0,75045900.0,75491500.0,0.0003,0.0014,0.0163,0.0001,0.0902,0.8317,0.0795,0.0037,0.02017706595264141,104498985.0
2024-06-14,GOOGL,1,18063600,0.0167030400741586,0.0005,0.0,0.9995,1,0.0005,0.9993,0.0005,0.0001,0.9897,0.0004,-0.0,1.0,1.0,1.0,1.0,27864700.0,21540600.0,23251000.0,22931500.0,0.0001,0.9989,0.0004,0.0,0.8864,0.9954,0.9883,0.374,0.011370282994073732,31805420.0
2024-06-14,MSFT,1,13582000,0.0146482007976991,0.0,0.0003,0.9997,1,-0.0003,0.0234,0.0003,-0.1307,0.0002,-0.0,-0.0001,1.0,1.0,1.0,2.0,15960600.0,14861300.0,14348900.0,28394500.0,0.1327,0.0003,0.0,0.0001,0.0075,0.7459,0.1981,0.0632,0.012787497869003567,23852400.0
2024-06-14,TSLA,0,82038200,0.0488697614742519,1.0,0.0,0.0,1,1.0,1.0,1.0,0.6157,-0.0003,0.0009,-0.0,1.0,1.0,1.0,2.0,118984100.0,67314600.0,72627200.0,84390300.0,0.6157,0.0003,0.0014,0.0007,1.0,0.0902,0.8317,0.4877,0.021478194735210444,105287120.0
2024-06-17,AAPL,1,93728300,0.0291980872198895,0.9904,0.0004,0.0093,1,0.99,0.9996,0.9907,0.9987,0.3896,0.0002,-0.0,1.0,2.0,1.0,1.0,97862700.0,172373300.0,41181800.0,52393600.0,0.9987,0.6101,0.0003,0.0,1.0,0.8193,0.7459,0.0565,0.01699566987266274,73368695.0
2024-06-17,AMZN,1,35601900,0.0207100519987617,0.0,0.0,1.0,2,-0.0,0.0091,0.0,0.997,-0.0,-0.0002,0.8892,1.0,1.0,1.0,1.0,27265100.0,34445600.0,28021500.0,58903900.0,0.9997,0.0,0.0008,0.8893,0.9987,0.4677,0.3683,0.9999,0.01391729515343695,43022795.0
2024-06-17,BRK-B,1,3406500,0.0105385744815559,0.0,0.0001,0.9999,1,-0.0001,0.0249,0.0001,-0.0,0.9997,-0.2211,-0.0,1.0,1.0,3.0,1.0,3438900.0,2634400.0,4154800.0,2664400.0,0.0,0.9999,0.2225,0.0,0.0324,0.9999,0.003,0.0161,0.009002867916862188,3579825.0
2024-06-18,AAPL,0,79943300,0.0258743737192302,0.5922,0.0041,0.4037,1,0.5881,0.9931,0.5963,0.99,0.9987,0.3896,-0.0003,1.0,1.0,2.0,1.0,93728300.0,97862700.0,172373300.0,52280100.0,0.9907,0.9987,0.6101,0.0004,0.9996,1.0,0.8193,0.1043,0.01705047925877117,75607415.0
2024-06-18,AMZN,0,36659200,0.0155654758073791,0.5922,0.0041,0.4037,1,0.5881,0.9931,0.5963,-0.0,0.997,-0.0,-0.0001,2.0,1.0,1.0,1.0,35601900.0,27265100.0,34445600.0,30786600.0,0.0,0.9997,0.0,0.0016,0.0091,0.9987,0.4677,0.471,0.012956630667984286,42340420.0
2024-06-18,BRK-B,1,4005300,0.0079164135727181,0.0001,0.0001,0.9998,2,-0.0,0.4224,0.0002,-0.0001,-0.0,0.9997,-0.5185,1.0,1.0,1.0,2.0,3406500.0,3438900.0,2634400.0,4903000.0,0.0001,0.0,0.9999,0.5186,0.0249,0.0324,0.9999,0.0001,0.008857968954589217,3578810.0
2024-06-20,AMZN,1,44726800,0.0207205358386746,0.0002,0.0013,0.9985,1,-0.001,0.1619,0.0015,0.5881,-0.0,0.997,-0.0002,1.0,2.0,1.0,1.0,36659200.0,35601900.0,27265100.0,28021500.0,0.5963,0.0,0.9997,0.0008,0.9931,0.0091,0.9987,0.3683,0.012728604720744061,41977390.0
2024-06-20,GOOGL,1,20160100,0.0131150587729208,0.0,0.0003,0.9997,1,-0.0003,0.0734,0.0003,0.0005,0.0001,0.9897,-0.0001,1.0,1.0,1.0,1.0,18063600.0,27864700.0,21540600.0,22068500.0,0.0005,0.0001,0.9989,0.0001,0.9993,0.8864,0.9954,0.0295,0.011454104665037232,31151045.0
2024-06-20,META,0,11801200,0.0137450685539093,1.0,0.0,0.0,1,1.0,1.0,1.0,-0.0,1.0,1.0,0.0,1.0,1.0,1.0,1.0,9954600.0,11983200.0,9673700.0,11279400.0,0.0001,1.0,1.0,0.0,0.2467,1.0,1.0,0.8716,0.01680097415337628,18389965.0
2024-06-21,AMZN,1,70792500,0.018210852573856,0.0,0.0,1.0,1,-0.0,0.1563,0.0,-0.001,0.5881,-0.0,-0.0,1.0,1.0,2.0,1.0,44726800.0,36659200.0,35601900.0,34445600.0,0.0015,0.5963,0.0,0.0,0.1619,0.9931,0.0091,0.4677,0.013233702481854659,41510535.0
2024-06-21,META,0,22359200,0.021968412534362,0.0001,0.0041,0.9958,1,-0.004,0.0266,0.0042,1.0,-0.0,1.0,-0.0,1.0,1.0,1.0,1.0,11801200.0,9954600.0,11983200.0,9380700.0,1.0,0.0001,1.0,0.0001,1.0,0.2467,1.0,0.4751,0.016151130640267197,18370340.0
2024-06-21,MSFT,1,34187100,0.0090973596544768,0.0,1.0,0.0,1,-1.0,0.0,1.0,-0.0003,-0.1307,0.0002,1.0,1.0,1.0,1.0,1.0,13582000.0,15960600.0,14861300.0,47995300.0,0.0003,0.1327,0.0003,1.0,0.0234,0.0075,0.7459,1.0,0.01286994111262119,23631390.0
2024-06-24,AMZN,0,50610400,0.0299477003861481,0.0,0.0,1.0,1,-0.0,0.0491,0.0,-0.0,-0.001,0.5881,0.997,1.0,1.0,1.0,1.0,70792500.0,44726800.0,36659200.0,27265100.0,0.0,0.0015,0.5963,0.9997,0.1563,0.1619,0.9931,0.9987,0.010679301880124168,40318170.0
2024-06-25,META,1,12063200,0.0306005267651538,0.0,0.0009,0.9991,2,-0.0008,0.0451,0.0009,-0.004,1.0,-0.0,1.0,1.0,1.0,1.0,1.0,22359200.0,11801200.0,9954600.0,9673700.0,0.0042,1.0,0.0001,1.0,0.0266,1.0,0.2467,1.0,0.016209646933590227,18624745.0
2024-06-26,AMZN,1,65103900,0.0456880410259958,0.3263,0.022,0.6517,3,0.3042,0.9368,0.3483,-0.0,-0.0,-0.001,-0.0,1.0,1.0,1.0,2.0,50610400.0,70792500.0,44726800.0,35601900.0,0.0,0.0,0.0015,0.0,0.0491,0.1563,0.1619,0.0091,0.010709867272609554,40133515.0
2024-06-27,AMZN,1,74397500,0.0289215914492565,0.0004,0.1086,0.891,3,-0.1082,0.0038,0.109,0.3042,-0.0,-0.0,0.5881,3.0,1.0,1.0,1.0,65103900.0,50610400.0,70792500.0,36659200.0,0.3483,0.0,0.0,0.5963,0.9368,0.0491,0.1563,0.9931,0.013120110747868195,41652445.0
2024-06-27,MSFT,1,14806300,0.0097306923909333,1.0,0.0,0.0,1,1.0,1.0,1.0,-1.0,-0.0003,-0.1307,-0.0,1.0,1.0,1.0,1.0,34187100.0,13582000.0,15960600.0,14348900.0,1.0,0.0003,0.1327,0.0,0.0,0.0234,0.0075,0.1981,0.012266541767668707,24217895.0
2024-06-27,TSLA,1,72746500,0.0239278486076677,0.0,0.0001,0.9999,1,-0.0001,0.1275,0.0001,1.0,0.6157,-0.0003,-0.0137,1.0,1.0,1.0,1.0,82038200.0,118984100.0,67314600.0,75045900.0,1.0,0.6157,0.0003,0.0163,1.0,1.0,0.0902,0.0795,0.02315149691190067,102674310.0
2024-06-28,AAPL,0,82542700,0.026741456913422,0.0,0.0,1.0,2,-0.0,0.1083,0.0,0.5881,0.99,0.9987,0.0002,1.0,1.0,1.0,1.0,79943300.0,93728300.0,97862700.0,41181800.0,0.5963,0.9907,0.9987,0.0003,0.9931,0.9996,1.0,0.7459,0.017524213214742988,74847960.0
2024-06-28,AMZN,0,76930200,0.0321145311319662,0.0002,0.0,0.9998,1,0.0002,0.9613,0.0002,-0.1082,0.3042,-0.0,-0.001,3.0,3.0,1.0,1.0,74397500.0,65103900.0,50610400.0,44726800.0,0.109,0.3483,0.0,0.0015,0.0038,0.9368,0.0491,0.1619,0.013234922969707814,43665230.0
2024-06-28,JPM,1,15307600,0.0164991907524153,1.0,0.0,0.0,1,1.0,1.0,1.0,0.0002,0.0,-0.3171,0.8803,1.0,1.0,5.0,1.0,12751300.0,6910200.0,17373300.0,7688800.0,0.0004,0.0,0.318,0.8974,0.7606,0.8677,0.0015,0.9904,0.015529076082035204,10699285.0
2024-07-01,JPM,1,10205800,0.0218398380780965,0.9997,0.0002,0.0001,1,0.9994,0.9998,0.9999,1.0,0.0002,0.0,-0.0163,1.0,1.0,1.0,1.0,15307600.0,12751300.0,6910200.0,9227600.0,1.0,0.0004,0.0,0.0168,1.0,0.7606,0.8677,0.0164,0.01590039200962612,11149075.0
2024-07-03,AMZN,0,31597900,0.0163549276409517,0.4996,0.0001,0.5003,2,0.4995,0.9998,0.4997,0.0002,-0.1082,0.3042,-0.0,1.0,3.0,3.0,1.0,76930200.0,74397500.0,65103900.0,70792500.0,0.0002,0.109,0.3483,0.0,0.9613,0.0038,0.9368,0.1563,0.014213628930444675,46266810.0
2024-07-03,GOOGL,1,10242100,0.0113064445165356,0.4994,0.4999,0.0006,2,-0.0005,0.4997,0.9994,-0.0003,0.0005,0.0001,0.0004,1.0,1.0,1.0,1.0,20160100.0,18063600.0,27864700.0,23251000.0,0.0003,0.0005,0.0001,0.0004,0.0734,0.9993,0.8864,0.9883,0.011376103641429911,30190530.0
2024-07-03,JPM,0,5560900,0.0130279692033879,0.0,0.0327,0.9673,2,-0.0327,0.0004,0.0327,0.9994,1.0,0.0002,-0.3171,1.0,1.0,1.0,5.0,10205800.0,15307600.0,12751300.0,17373300.0,0.9999,1.0,0.0004,0.318,0.9998,1.0,0.7606,0.0015,0.016307718719720206,11350755.0
2024-07-03,META,1,6005600,0.0103876805820765,0.9988,0.0,0.0011,1,0.9988,1.0,0.9989,-0.0008,-0.004,1.0,1.0,2.0,1.0,1.0,1.0,12063200.0,22359200.0,11801200.0,11983200.0,0.0009,0.0042,1.0,1.0,0.0451,0.0266,1.0,1.0,0.015242754601774305,17339270.0
2024-07-03,MSFT,1,9932800,0.0068530175563158,0.0001,0.0003,0.9996,1,-0.0001,0.3311,0.0004,1.0,-1.0,-0.0003,0.0002,1.0,1.0,1.0,1.0,14806300.0,34187100.0,13582000.0,14861300.0,1.0,1.0,0.0003,0.0003,1.0,0.0,0.0234,0.7459,0.012000569402824518,23250345.0
2024-07-03,TSLA,1,166561500,0.060112577806424,1.0,0.0,0.0,1,1.0,1.0,1.0,-0.0001,1.0,0.6157,0.0009,1.0,1.0,1.0,1.0,72746500.0,82038200.0,118984100.0,72627200.0,0.0001,1.0,0.6157,0.0014,0.1275,1.0,1.0,0.8317,0.020760886808902097,100177835.0
2024-07-05,AMZN,1,39858900,0.0119808958265194,0.0026,0.0002,0.9973,1,0.0024,0.9402,0.0027,0.4995,0.0002,-0.1082,-0.0,2.0,1.0,3.0,1.0,31597900.0,76930200.0,74397500.0,50610400.0,0.4997,0.0002,0.109,0.0,0.9998,0.9613,0.0038,0.0491,0.014516739909053373,44073710.0
2024-07-05,GOOGL,1,20967500,0.0272247796297054,0.9961,0.0002,0.0037,1,0.9959,0.9998,0.9963,-0.0005,-0.0003,0.0005,0.9897,2.0,1.0,1.0,1.0,10242100.0,20160100.0,18063600.0,21540600.0,0.9994,0.0003,0.0005,0.9989,0.4997,0.0734,0.9993,0.9954,0.011205876299549122,27238950.0
2024-07-05,META,1,21354100,0.0572126439884159,0.0,0.0001,0.9999,1,-0.0,0.1804,0.0001,0.9988,-0.0008,-0.004,-0.0,1.0,2.0,1.0,1.0,6005600.0,12063200.0,22359200.0,9954600.0,0.9989,0.0009,0.0042,0.0001,1.0,0.0451,0.0266,0.2467,0.011717040521746632,13495015.0
2024-07-05,TSLA,1,154501200,0.0396701032791767,0.2691,0.0112,0.7197,1,0.2579,0.96,0.2803,1.0,-0.0001,1.0,-0.0003,1.0,1.0,1.0,1.0,166561500.0,72746500.0,82038200.0,67314600.0,1.0,0.0001,1.0,0.0003,1.0,0.1275,1.0,0.0902,0.02396338301370504,104167935.0
2024-07-08,META,0,14917500,0.0297962088540201,1.0,0.0,0.0,1,1.0,1.0,1.0,-0.0,0.9988,-0.0008,1.0,1.0,1.0,2.0,1.0,21354100.0,6005600.0,12063200.0,11801200.0,0.0001,0.9989,0.0009,1.0,0.1804,1.0,0.0451,1.0,0.01642884346269674,12928150.0
2024-07-08,MSFT,0,12962300,0.0069446379524736,0.9999,0.0,0.0001,1,0.9999,1.0,0.9999,-0.0001,1.0,-1.0,-0.1307,1.0,1.0,1.0,1.0,9932800.0,14806300.0,34187100.0,15960600.0,0.0004,1.0,1.0,0.1327,0.3311,1.0,0.0,0.0075,0.011923053738198434,21492990.0
2024-07-10,AMZN,0,32883800,0.0120999908447267,0.0001,0.0001,0.9997,1,0.0,0.5089,0.0003,0.0024,0.4995,0.0002,0.3042,1.0,2.0,1.0,3.0,39858900.0,31597900.0,76930200.0,65103900.0,0.0027,0.4997,0.0002,0.3483,0.9402,0.9998,0.9613,0.9368,0.014313335406900066,44124930.0
2024-07-10,META,1,10983300,0.0198195519258806,0.0005,0.0,0.9995,1,0.0005,0.9946,0.0005,1.0,-0.0,0.9988,-0.004,1.0,1.0,1.0,1.0,14917500.0,21354100.0,6005600.0,22359200.0,1.0,0.0001,0.9989,0.0042,1.0,0.1804,1.0,0.0266,0.017709494115066646,12752550.0
2024-07-10,MSFT,1,18196100,0.0164780497016625,0.0,0.0002,0.9998,1,-0.0001,0.1042,0.0002,0.9999,-0.0001,1.0,-0.0003,1.0,1.0,1.0,1.0,12962300.0,9932800.0,14806300.0,13582000.0,0.9999,0.0004,1.0,0.0003,1.0,0.3311,1.0,0.0234,0.011466899215857158,21348330.0
2024-07-10,TSLA,1,128519400,0.0370243966449242,0.0,0.0001,0.9999,1,-0.0001,0.0353,0.0001,0.2579,1.0,-0.0001,0.6157,1.0,1.0,1.0,1.0,154501200.0,166561500.0,72746500.0,118984100.0,0.2803,1.0,0.0001,0.6157,0.96,1.0,0.1275,1.0,0.023897981411078874,106325660.0
2024-07-10,UNH,1,3189800,0.023180031829186,0.0,0.0,1.0,1,-0.0,0.2843,0.0,-0.0,-0.0022,1.0,-0.0002,1.0,1.0,1.0,1.0,3178400.0,7521600.0,3055400.0,4697700.0,0.0,0.0022,1.0,0.0002,0.1981,0.0003,1.0,0.0179,0.00983336542145203,4837585.0
2024-07-11,JPM,1,10658100,0.0131904424234723,0.9999,0.0,0.0001,1,0.9999,1.0,0.9999,-0.0327,0.9994,1.0,0.0,2.0,1.0,1.0,1.0,5560900.0,10205800.0,15307600.0,6910200.0,0.0327,0.9999,1.0,0.0,0.0004,0.9998,1.0,0.8677,0.016009696461406455,11113255.0
2024-07-12,AAPL,1,53046500,0.0172986490719113,0.0034,0.0005,0.9962,1,0.0029,0.8754,0.0038,-0.0,0.5881,0.99,0.3896,2.0,1.0,1.0,2.0,82542700.0,79943300.0,93728300.0,172373300.0,0.0,0.5963,0.9907,0.6101,0.1083,0.9931,0.9996,0.8193,0.018505474766736696,75161745.0
2024-07-12,JPM,1,15443400,0.026225445317287,1.0,0.0,0.0,1,1.0,1.0,1.0,0.9999,-0.0327,0.9994,0.0002,1.0,2.0,1.0,1.0,10658100.0,5560900.0,10205800.0,12751300.0,0.9999,0.0327,0.9999,0.0004,1.0,0.0004,0.9998,0.7606,0.01524475107222986,10785450.0
2024-07-12,META,1,19750500,0.027844714480154,0.0,0.0,1.0,1,-0.0,0.1758,0.0,0.0005,1.0,-0.0,-0.0008,1.0,1.0,1.0,2.0,10983300.0,14917500.0,21354100.0,12063200.0,0.0005,1.0,0.0001,0.0009,0.9946,1.0,0.1804,0.0451,0.01727154988439571,12546985.0
2024-07-15,AAPL,0,62631300,0.0175067636351719,0.7542,0.0003,0.2455,1,0.7539,0.9996,0.7545,0.0029,-0.0,0.5881,0.9987,1.0,2.0,1.0,1.0,53046500.0,82542700.0,79943300.0,97862700.0,0.0038,0.0,0.5963,0.9987,0.8754,0.1083,0.9931,1.0,0.01853224782829625,74822800.0
2024-07-15,GOOGL,1,16474000,0.0179537494975831,0.7542,0.0003,0.2455,1,0.7539,0.9996,0.7545,0.9959,-0.0005,-0.0003,0.0001,1.0,2.0,1.0,1.0,20967500.0,10242100.0,20160100.0,27864700.0,0.9963,0.9994,0.0003,0.0001,0.9998,0.4997,0.0734,0.8864,0.012267853282832213,27325860.0
2024-07-15,META,0,12539200,0.0266931340437923,0.0,0.0001,0.9999,1,-0.0001,0.191,0.0001,-0.0,0.0005,1.0,0.9988,1.0,1.0,1.0,1.0,19750500.0,10983300.0,14917500.0,6005600.0,0.0,0.0005,1.0,0.9989,0.1758,0.9946,1.0,1.0,0.01690720430307112,12950315.0
2024-07-15,MSFT,1,14429400,0.0128612778443455,0.7542,0.0003,0.2455,1,0.7539,0.9996,0.7545,-0.0001,0.9999,-0.0001,-1.0,1.0,1.0,1.0,1.0,18196100.0,12962300.0,9932800.0,34187100.0,0.0002,0.9999,0.0004,1.0,0.1042,1.0,0.3311,0.0,0.011382535708820847,20228810.0
2024-07-16,AAPL,0,43234300,0.0167659678357711,0.0002,0.0004,0.9994,1,-0.0003,0.2862,0.0006,0.7539,0.0029,-0.0,0.99,1.0,1.0,2.0,1.0,62631300.0,53046500.0,82542700.0,93728300.0,0.7545,0.0038,0.0,0.9907,0.9996,0.8754,0.1083,0.9996,0.018609340505605827,75193605.0
2024-07-16,AMZN,0,33994700,0.0223937302828963,0.0,0.0,1.0,2,-0.0,0.2518,0.0,0.0,0.0024,0.4995,-0.1082,1.0,1.0,2.0,3.0,32883800.0,39858900.0,31597900.0,74397500.0,0.0003,0.0027,0.4997,0.109,0.5089,0.9402,0.9998,0.0038,0.014302882987885577,44110335.0
2024-07-16,GOOGL,0,18290700,0.028341148277624,0.0,0.0,1.0,1,-0.0,0.4089,0.0,0.7539,0.9959,-0.0005,0.0005,1.0,1.0,2.0,1.0,16474000.0,20967500.0,10242100.0,18063600.0,0.7545,0.9963,0.9994,0.0005,0.9996,0.9998,0.4997,0.9993,0.012306592716519703,26595585.0
2024-07-16,JPM,1,11557000,0.0269523983909971,1.0,0.0,0.0,1,1.0,1.0,1.0,1.0,0.9999,-0.0327,1.0,1.0,1.0,2.0,1.0,15443400.0,10658100.0,5560900.0,15307600.0,1.0,0.9999,0.0327,1.0,1.0,1.0,0.0004,1.0,0.015022327535161254,11106930.0
2024-07-16,UNH,1,11062000,0.0426858531283173,0.2345,0.3401,0.4254,1,-0.1056,0.4081,0.5746,-0.0,-0.0,-0.0022,0.9996,1.0,1.0,1.0,1.0,3189800.0,3178400.0,7521600.0,3724400.0,0.0,0.0,0.0022,0.9996,0.2843,0.1981,0.0003,1.0,0.01108488975658945,4823965.0
2024-07-17,AMZN,0,48076100,0.0292134630759643,0.5,0.0,0.5,2,0.5,1.0,0.5,-0.0,0.0,0.0024,0.0002,2.0,1.0,1.0,1.0,33994700.0,32883800.0,39858900.0,76930200.0,0.0,0.0003,0.0027,0.0002,0.2518,0.5089,0.9402,0.9613,0.014640278659925818,43268115.0
2024-07-17,GOOGL,0,20734100,0.0199486753616551,0.0,0.0,1.0,1,-0.0,0.1408,0.0,-0.0,0.7539,0.9959,-0.0003,1.0,1.0,1.0,1.0,18290700.0,16474000.0,20967500.0,20160100.0,0.0,0.7545,0.9963,0.0003,0.4089,0.9996,0.9998,0.0734,0.013276569085984373,26242435.0
2024-07-17,JPM,1,11572500,0.0200654500696816,0.0,0.0,1.0,1,-0.0,0.0479,0.0,1.0,1.0,0.9999,0.9994,1.0,1.0,1.0,1.0,11557000.0,15443400.0,10658100.0,10205800.0,1.0,1.0,0.9999,0.9999,1.0,1.0,1.0,0.9998,0.0156808411099914,11319330.0
2024-07-17,UNH,1,10330800,0.0402707537158731,0.3599,0.1964,0.4437,1,0.1635,0.647,0.5563,-0.1056,-0.0,-0.0,1.0,1.0,1.0,1.0,1.0,11062000.0,3189800.0,3178400.0,3055400.0,0.5746,0.0,0.0,1.0,0.4081,0.2843,0.1981,1.0,0.012907650002871808,5244785.0
2024-07-18,GOOGL,0,25315700,0.0331446106857323,0.0002,0.0,0.9998,3,0.0002,0.8688,0.0002,-0.0,-0.0,0.7539,-0.0005,1.0,1.0,1.0,2.0,20734100.0,18290700.0,16474000.0,10242100.0,0.0,0.0,0.7545,0.9994,0.1408,0.4089,0.9996,0.4997,0.013542062489585742,26140185.0
2024-07-18,META,1,19267200,0.0309473298725329,0.0001,0.0001,0.9999,1,0.0,0.5104,0.0001,-0.0001,-0.0,0.0005,-0.0,1.0,1.0,1.0,1.0,12539200.0,19750500.0,10983300.0,21354100.0,0.0001,0.0,0.0005,0.0001,0.191,0.1758,0.9946,0.1804,0.01697466167506668,13039775.0
2024-07-19,AMZN,1,43081800,0.0266092087980051,0.9274,0.0,0.0725,1,0.9274,1.0,0.9275,0.5,-0.0,0.0,0.4995,2.0,2.0,1.0,2.0,48076100.0,33994700.0,32883800.0,31597900.0,0.5,0.0,0.0003,0.4997,1.0,0.2518,0.5089,0.9998,0.014855627558660909,43988410.0
2024-07-19,BRK-B,0,4158800,0.021347688803854,0.0,0.0,1.0,1,-0.0,0.0124,0.0,-0.0,-0.0001,-0.0,-0.2211,2.0,1.0,1.0,3.0,4005300.0,3406500.0,3438900.0,4154800.0,0.0002,0.0001,0.0,0.2225,0.4224,0.0249,0.0324,0.003,0.008877175521759685,3643195.0
2024-07-19,GOOGL,0,18881900,0.0176654087492365,0.0,0.0001,0.9999,1,-0.0001,0.0111,0.0001,0.0002,-0.0,-0.0,0.9959,3.0,1.0,1.0,1.0,25315700.0,20734100.0,18290700.0,20967500.0,0.0002,0.0,0.0,0.9963,0.8688,0.1408,0.4089,0.9998,0.012989821394722953,24550485.0
2024-07-19,JPM,0,8095900,0.0162405681066886,0.0,0.0,1.0,1,-0.0,0.2778,0.0,-0.0,1.0,1.0,-0.0327,1.0,1.0,1.0,2.0,11572500.0,11557000.0,15443400.0,5560900.0,0.0,1.0,1.0,0.0327,0.0479,1.0,1.0,0.0004,0.01608018184057753,11547220.0
2024-07-19,TSLA,0,87403900,0.0508898702611864,0.0,0.0,1.0,1,0.0,0.5393,0.0,-0.0001,0.2579,1.0,1.0,1.0,1.0,1.0,1.0,128519400.0,154501200.0,166561500.0,82038200.0,0.0001,0.2803,1.0,1.0,0.0353,0.96,1.0,1.0,0.02355724254995177,108114655.0
2024-07-19,UNH,0,4290400,0.0147412301782645,0.0622,0.0002,0.9376,1,0.062,0.9962,0.0624,0.1635,-0.1056,-0.0,-0.0022,1.0,1.0,1.0,1.0,10330800.0,11062000.0,3189800.0,7521600.0,0.5563,0.5746,0.0,0.0022,0.647,0.4081,0.2843,0.0003,0.014373176523153466,5491985.0
2024-07-22,BRK-B,1,2995700,0.0137685102918001,0.9879,0.0105,0.0016,1,0.9774,0.9895,0.9984,-0.0,-0.0,-0.0001,0.9997,1.0,2.0,1.0,1.0,4158800.0,4005300.0,3406500.0,2634400.0,0.0,0.0002,0.0001,0.9999,0.0124,0.4224,0.0249,0.9999,0.009468774105847566,3650355.0
2024-07-22,GOOGL,1,24100300,0.013677397811569,0.997,0.0,0.003,1,0.997,1.0,0.997,-0.0001,0.0002,-0.0,0.7539,1.0,3.0,1.0,1.0,18881900.0,25315700.0,20734100.0,16474000.0,0.0001,0.0002,0.0,0.7545,0.0111,0.8688,0.1408,0.9996,0.01268952807406072,22261315.0
2024-07-22,JPM,0,7663200,0.0116886409607626,0.0,0.366,0.634,1,-0.366,0.0,0.366,-0.0,-0.0,1.0,0.9999,1.0,1.0,1.0,1.0,8095900.0,11572500.0,11557000.0,10658100.0,0.0,0.0,1.0,0.9999,0.2778,0.0479,1.0,1.0,0.01606289827040997,11551965.0
2024-07-22,UNH,0,3377300,0.012734185357611,1.0,0.0,0.0,1,1.0,1.0,1.0,0.062,0.1635,-0.1056,-0.0,1.0,1.0,1.0,1.0,4290400.0,10330800.0,11062000.0,3178400.0,0.0624,0.5563,0.5746,0.0,0.9962,0.647,0.4081,0.1981,0.014423097880872402,5618530.0
2024-07-23,AMZN,1,47537700,0.0316675808678497,1.0,0.0,0.0,1,1.0,1.0,1.0,0.9274,0.5,-0.0,0.0024,1.0,2.0,2.0,1.0,43081800.0,48076100.0,33994700.0,39858900.0,0.9275,0.5,0.0,0.0027,1.0,1.0,0.2518,0.9402,0.014801149458516459,44646150.0
2024-07-23,GOOGL,0,36352700,0.0113705426504728,0.0288,0.9711,0.0001,1,-0.9422,0.0288,0.9999,0.997,-0.0001,0.0002,-0.0,1.0,1.0,3.0,1.0,24100300.0,18881900.0,25315700.0,18290700.0,0.997,0.0001,0.0002,0.0,1.0,0.0111,0.8688,0.4089,0.012068004663891891,21788185.0
2024-07-23,TSLA,0,111928200,0.0399447530765774,0.0,1.0,0.0,1,-1.0,0.0,1.0,0.0,-0.0001,0.2579,-0.0001,1.0,1.0,1.0,1.0,87403900.0,128519400.0,154501200.0,72746500.0,0.0,0.0001,0.2803,0.0001,0.5393,0.0353,0.96,0.1275,0.024657190639072697,107494540.0
2024-07-24,AMZN,0,41532400,0.0275108808410992,0.0,0.0,1.0,1,-0.0,0.2097,0.0,1.0,0.9274,0.5,0.0,1.0,1.0,2.0,1.0,47537700.0,43081800.0,48076100.0,32883800.0,1.0,0.9275,0.5,0.0003,1.0,1.0,1.0,0.5089,0.014794542762890108,45563800.0
2024-07-24,GOOGL,0,49585200,0.0251727820480703,0.9999,0.0,0.0,1,0.9999,1.0,1.0,-0.9422,0.997,-0.0001,-0.0,1.0,1.0,1.0,1.0,36352700.0,24100300.0,18881900.0,20734100.0,0.9999,0.997,0.0001,0.0,0.0288,1.0,0.0111,0.1408,0.01204921855357318,21931160.0
2024-07-25,BRK-B,1,3334300,0.0186051868993045,0.0,0.0003,0.9997,1,-0.0003,0.0011,0.0003,0.9774,-0.0,-0.0,-0.0,1.0,1.0,2.0,1.0,2995700.0,4158800.0,4005300.0,3438900.0,0.9984,0.0,0.0002,0.0,0.9895,0.0124,0.4224,0.0324,0.007286111741753334,3428525.0
2024-07-25,GOOGL,0,44852000,0.0361117294994963,0.0001,0.0,0.9999,1,0.0001,0.8745,0.0001,0.9999,-0.9422,0.997,0.0002,1.0,1.0,1.0,3.0,49585200.0,36352700.0,24100300.0,25315700.0,1.0,0.9999,0.997,0.0002,1.0,0.0288,1.0,0.8688,0.01192063318670806,23195695.0
2024-07-26,BRK-B,1,2717600,0.0112472888383041,0.0,0.0,1.0,2,-0.0,0.1198,0.0,-0.0003,0.9774,-0.0,-0.0001,1.0,1.0,1.0,1.0,3334300.0,2995700.0,4158800.0,3406500.0,0.0003,0.9984,0.0,0.0001,0.0011,0.9895,0.0124,0.0249,0.007424976576041548,3364785.0
2024-07-26,GOOGL,0,41336900,0.0241100743431234,0.0068,0.0,0.9932,1,0.0068,0.9946,0.0068,0.0001,0.9999,-0.9422,-0.0001,1.0,1.0,1.0,1.0,44852000.0,49585200.0,36352700.0,18881900.0,0.0001,1.0,0.9999,0.0001,0.8745,1.0,0.0288,0.0111,0.013769762613397983,24459840.0
2024-07-29,AMZN,0,33270100,0.0128916186052981,0.0238,0.0138,0.9624,1,0.01,0.6325,0.0376,-0.0,1.0,0.9274,-0.0,1.0,1.0,1.0,2.0,41532400.0,47537700.0,43081800.0,33994700.0,0.0,1.0,0.9275,0.0,0.2097,1.0,1.0,0.2518,0.014910593096415889,44695225.0
2024-07-29,JPM,0,6533600,0.0143898313962958,0.0,0.0001,0.9998,1,-0.0001,0.1736,0.0002,-0.366,-0.0,-0.0,1.0,1.0,1.0,1.0,1.0,7663200.0,8095900.0,11572500.0,15443400.0,0.366,0.0,0.0,1.0,0.0,0.2778,0.0479,1.0,0.016060970945455312,11551055.0
2024-07-29,META,0,11339600,0.0190261393302654,0.0238,0.0138,0.9624,1,0.01,0.6325,0.0376,0.0,-0.0001,-0.0,1.0,1.0,1.0,1.0,1.0,19267200.0,12539200.0,19750500.0,14917500.0,0.0001,0.0001,0.0,1.0,0.5104,0.191,0.1758,1.0,0.01680396629224881,13348110.0
2024-07-30,BRK-B,1,3736400,0.0108074899193604,0.0,0.0,1.0,1,-0.0,0.0338,0.0,-0.0,-0.0003,0.9774,-0.0,2.0,1.0,1.0,2.0,2717600.0,3334300.0,2995700.0,4005300.0,0.0,0.0003,0.9984,0.0002,0.1198,0.0011,0.9895,0.4224,0.007585490573869234,3350685.0
2024-07-30,META,0,11390400,0.03432547918479,0.9915,0.0,0.0084,1,0.9915,1.0,0.9916,0.01,0.0,-0.0001,0.0005,1.0,1.0,1.0,1.0,11339600.0,19267200.0,12539200.0,10983300.0,0.0376,0.0001,0.0001,0.0005,0.6325,0.5104,0.191,0.9946,0.016950310492247017,13084680.0
2024-07-30,MSFT,0,32687600,0.0273309698121277,0.924,0.0751,0.0009,1,0.8489,0.9248,0.9991,0.7539,-0.0001,0.9999,1.0,1.0,1.0,1.0,1.0,14429400.0,18196100.0,12962300.0,14806300.0,0.7545,0.0002,0.9999,1.0,0.9996,0.1042,1.0,1.0,0.011182666834661995,19971175.0
2024-07-31,META,1,24285800,0.020699758454873,1.0,0.0,0.0,1,1.0,1.0,1.0,0.9915,0.01,0.0,-0.0,1.0,1.0,1.0,1.0,11390400.0,11339600.0,19267200.0,19750500.0,0.9916,0.0376,0.0001,0.0,1.0,0.6325,0.5104,0.1758,0.01708548605659996,13145410.0
2024-08-01,AAPL,0,62501000,0.0332486144200422,1.0,0.0,0.0,1,1.0,1.0,1.0,-0.0003,0.7539,0.0029,0.5881,1.0,1.0,1.0,1.0,43234300.0,62631300.0,53046500.0,79943300.0,0.0006,0.7545,0.0038,0.5963,0.2862,0.9996,0.8754,0.9931,0.018601812952239106,74485900.0
2024-08-01,AMZN,0,70435600,0.0461197701725928,0.0,1.0,0.0,1,-1.0,0.0,1.0,0.01,-0.0,1.0,0.5,1.0,1.0,1.0,2.0,33270100.0,41532400.0,47537700.0,48076100.0,0.0376,0.0,1.0,0.5,0.6325,0.2097,1.0,1.0,0.014937832854182122,44819400.0
2024-08-01,META,0,43083100,0.0673128153678322,0.2503,0.2496,0.5001,4,0.0007,0.5007,0.4999,1.0,0.9915,0.01,-0.0001,1.0,1.0,1.0,1.0,24285800.0,11390400.0,11339600.0,12539200.0,1.0,0.9916,0.0376,0.0001,1.0,1.0,0.6325,0.191,0.01712795411946777,13898390.0
2024-08-02,AMZN,1,141448400,0.0492953596443965,0.0001,0.6198,0.3801,5,-0.6197,0.0002,0.6199,-1.0,0.01,-0.0,0.9274,1.0,1.0,1.0,1.0,70435600.0,33270100.0,41532400.0,43081800.0,1.0,0.0376,0.0,0.9275,0.0,0.6325,0.2097,1.0,0.016234074262734228,46940105.0
2024-08-02,BRK-B,0,4251500,0.0296903229443949,0.0595,0.0013,0.9392,4,0.0582,0.9785,0.0608,-0.0,-0.0,-0.0003,-0.0,1.0,2.0,1.0,1.0,3736400.0,2717600.0,3334300.0,4158800.0,0.0,0.0,0.0003,0.0,0.0338,0.1198,0.0011,0.0124,0.007699589853595807,3401700.0
2024-08-02,MSFT,0,29437900,0.02584306023051,0.0,1.0,0.0,1,-0.9999,0.0,1.0,0.8489,0.7539,-0.0001,-0.0001,1.0,1.0,1.0,1.0,32687600.0,14429400.0,18196100.0,9932800.0,0.9991,0.7545,0.0002,0.0004,0.9248,0.9996,0.1042,0.3311,0.008846518323192462,20166485.0
2024-08-02,TSLA,0,82880100,0.0481664457759116,0.0,0.5,0.5,2,-0.5,0.0,0.5,-1.0,0.0,-0.0001,1.0,1.0,1.0,1.0,1.0,111928200.0,87403900.0,128519400.0,166561500.0,1.0,0.0,0.0001,1.0,0.0,0.5393,0.0353,1.0,0.025268874235137347,108795600.0
2024-08-05,AAPL,1,119548600,0.0878999463654587,0.0074,0.0007,0.9919,1,0.0068,0.9176,0.0081,1.0,-0.0003,0.7539,-0.0,1.0,1.0,1.0,2.0,62501000.0,43234300.0,62631300.0,82542700.0,1.0,0.0006,0.7545,0.0,1.0,0.2862,0.9996,0.1083,0.01965409793200178,74327315.0
2024-08-05,GOOGL,1,53630700,0.0610932475884246,0.0076,0.5395,0.4529,2,-0.5319,0.0139,0.5471,0.0068,0.0001,0.9999,0.997,1.0,1.0,1.0,1.0,41336900.0,44852000.0,49585200.0,24100300.0,0.0068,0.0001,1.0,0.997,0.9946,0.8745,1.0,1.0,0.013475043132773845,25179265.0
2024-08-05,JPM,1,13927000,0.027157970572437,0.0,0.0,1.0,1,-0.0,0.4559,0.0,-0.0001,-0.366,-0.0,1.0,1.0,1.0,1.0,1.0,6533600.0,7663200.0,8095900.0,11557000.0,0.0002,0.366,0.0,1.0,0.1736,0.0,0.2778,1.0,0.016126131271705833,11370850.0
2024-08-05,META,1,21396200,0.07240505760814,0.7299,0.0008,0.2693,1,0.7292,0.9989,0.7307,0.0007,1.0,0.9915,0.0,4.0,1.0,1.0,1.0,43083100.0,24285800.0,11390400.0,19267200.0,0.4999,1.0,0.9916,0.0001,0.5007,1.0,1.0,0.5104,0.019967360641742204,15516565.0
2024-08-05,MSFT,1,40709200,0.0397256248920292,0.6519,0.0,0.3481,1,0.6519,0.9999,0.6519,-0.9999,0.8489,0.7539,0.9999,1.0,1.0,1.0,1.0,29437900.0,32687600.0,14429400.0,12962300.0,1.0,0.9991,0.7545,0.9999,0.0,0.9248,0.9996,1.0,0.009258075889135261,20460255.0
2024-08-06,AAPL,1,69660500,0.0434486022228479,0.0001,0.0062,0.9937,2,-0.0061,0.0152,0.0063,0.0068,1.0,-0.0003,0.0029,1.0,1.0,1.0,1.0,119548600.0,62501000.0,43234300.0,53046500.0,0.0081,1.0,0.0006,0.0038,0.9176,1.0,0.2862,0.8754,0.02269829512890083,77920160.0
2024-08-06,AMZN,1,59950800,0.0404428190797981,0.0007,0.3015,0.6978,2,-0.3008,0.0023,0.3022,-0.6197,-1.0,0.01,1.0,5.0,1.0,1.0,1.0,141448400.0,70435600.0,33270100.0,47537700.0,0.6199,1.0,0.0376,1.0,0.0002,0.0,0.6325,1.0,0.015864805866265496,52290245.0
2024-08-06,BRK-B,1,5138700,0.0296822488481613,0.0178,0.0036,0.9786,1,0.0143,0.8336,0.0214,0.0582,-0.0,-0.0,0.9774,4.0,1.0,2.0,1.0,4251500.0,3736400.0,2717600.0,2995700.0,0.0608,0.0,0.0,0.9984,0.9785,0.0338,0.1198,0.9895,0.006393464042823076,3424245.0
2024-08-08,AMZN,1,44616200,0.0250650810410121,0.0131,0.0159,0.9711,1,-0.0028,0.4516,0.0289,-0.3008,-0.6197,-1.0,-0.0,2.0,5.0,1.0,1.0,59950800.0,141448400.0,70435600.0,41532400.0,0.3022,0.6199,1.0,0.0,0.0023,0.0002,0.0,0.2097,0.015867552650267822,53924530.0
2024-08-08,BRK-B,1,3150000,0.0108564061320682,0.0,0.0,1.0,1,-0.0,0.1648,0.0,0.0143,0.0582,-0.0,-0.0003,1.0,4.0,1.0,1.0,5138700.0,4251500.0,3736400.0,3334300.0,0.0214,0.0608,0.0,0.0003,0.8336,0.9785,0.0338,0.0011,0.00718258338421397,3547705.0
2024-08-08,GOOGL,1,25578800,0.0216808662802043,0.0131,0.0159,0.9711,1,-0.0028,0.4516,0.0289,-0.5319,0.0068,0.0001,-0.9422,2.0,1.0,1.0,1.0,53630700.0,41336900.0,44852000.0,36352700.0,0.5471,0.0068,0.0001,0.9999,0.0139,0.9946,0.8745,0.0288,0.014401454974418594,26832190.0
2024-08-08,JPM,1,7761200,0.0154097414785688,0.0001,0.3837,0.6162,2,-0.3837,0.0002,0.3838,-0.0,-0.0001,-0.366,-0.0,1.0,1.0,1.0,1.0,13927000.0,6533600.0,7663200.0,11572500.0,0.0,0.0002,0.366,0.0,0.4559,0.1736,0.0,0.0479,0.014853804222100975,10490585.0
2024-08-08,MSFT,1,20203000,0.0147102248142395,0.0,0.0,1.0,1,-0.0,0.0806,0.0,0.6519,-0.9999,0.8489,-0.0001,1.0,1.0,1.0,1.0,40709200.0,29437900.0,32687600.0,18196100.0,0.6519,1.0,0.9991,0.0002,0.9999,0.0,0.9248,0.1042,0.009488634308335927,21645885.0
2024-08-09,MSFT,1,19276700,0.0143305646730121,0.0,0.0,1.0,1,-0.0,0.2521,0.0,-0.0,0.6519,-0.9999,0.7539,1.0,1.0,1.0,1.0,20203000.0,40709200.0,29437900.0,14429400.0,0.0,0.6519,1.0,0.7545,0.0806,0.9999,0.0,0.9996,0.009276314684918109,21900570.0
2024-08-13,AMZN,1,39237900,0.0234788584705239,0.0,0.0,1.0,1,-0.0,0.0519,0.0,-0.0028,-0.3008,-0.6197,0.01,1.0,2.0,5.0,1.0,44616200.0,59950800.0,141448400.0,33270100.0,0.0289,0.3022,0.6199,0.0376,0.4516,0.0023,0.0002,0.6325,0.01576093868775739,54375245.0
2024-08-14,TSLA,0,70250000,0.0467235762087085,0.5023,0.0002,0.4975,2,0.5022,0.9997,0.5025,-0.5,-1.0,0.0,0.2579,2.0,1.0,1.0,1.0,82880100.0,111928200.0,87403900.0,154501200.0,0.5,1.0,0.0,0.2803,0.0,0.0,0.5393,0.96,0.025397874860517044,106623320.0
2024-08-15,GOOGL,1,31524300,0.0126479674722547,0.4992,0.0,0.5007,2,0.4992,1.0,0.4993,-0.0028,-0.5319,0.0068,0.9999,1.0,2.0,1.0,1.0,25578800.0,53630700.0,41336900.0,49585200.0,0.0289,0.5471,0.0068,1.0,0.4516,0.0139,0.9946,1.0,0.014023152915287884,26964555.0
2024-08-15,MSFT,1,20752100,0.0082181557641076,0.7362,0.0033,0.2605,1,0.7329,0.9955,0.7395,-0.0,-0.0,0.6519,0.8489,1.0,1.0,1.0,1.0,19276700.0,20203000.0,40709200.0,32687600.0,0.0,0.0,0.6519,0.9991,0.2521,0.0806,0.9999,0.9248,0.008977924754165423,21752430.0
2024-08-16,GOOGL,1,24208600,0.024338840936835,0.0001,0.496,0.5039,2,-0.4959,0.0002,0.4961,0.4992,-0.0028,-0.5319,0.0001,2.0,1.0,2.0,1.0,31524300.0,25578800.0,53630700.0,44852000.0,0.4993,0.0289,0.5471,0.0001,1.0,0.4516,0.0139,0.8745,0.014060531991600369,27437345.0
2024-08-19,MSFT,1,15234000,0.0126265243765863,1.0,0.0,0.0,1,1.0,1.0,1.0,0.7329,-0.0,-0.0,-0.9999,1.0,1.0,1.0,1.0,20752100.0,19276700.0,20203000.0,29437900.0,0.7395,0.0,0.0,1.0,0.9955,0.2521,0.0806,0.0,0.008825663658483604,22022425.0
2024-08-19,TSLA,1,76435200,0.040954526602886,1.0,0.0,0.0,1,1.0,1.0,1.0,0.5022,-0.5,-1.0,-0.0001,2.0,2.0,1.0,1.0,70250000.0,82880100.0,111928200.0,128519400.0,0.5025,0.5,1.0,0.0001,0.9997,0.0,0.0,0.0353,0.024964366689788457,105988315.0
2024-08-20,AMZN,1,26255200,0.0088804060662949,0.9917,0.0008,0.0075,1,0.9909,0.9992,0.9925,-0.0,-0.0028,-0.3008,-1.0,1.0,1.0,2.0,1.0,39237900.0,44616200.0,59950800.0,70435600.0,0.0,0.0289,0.3022,1.0,0.0519,0.4516,0.0023,0.0,0.016090061576152725,54504180.0
2024-08-20,BRK-B,0,2906500,0.0091698091010987,0.0,0.0,1.0,1,-0.0,0.0083,0.0,-0.0,0.0143,0.0582,-0.0,1.0,1.0,4.0,2.0,3150000.0,5138700.0,4251500.0,2717600.0,0.0,0.0214,0.0608,0.0,0.1648,0.8336,0.9785,0.1198,0.007205281130880707,3556175.0
2024-08-21,BRK-B,0,3028500,0.0165392195046565,0.0,0.0002,0.9998,1,-0.0002,0.0107,0.0002,-0.0,-0.0,0.0143,-0.0,1.0,1.0,1.0,1.0,2906500.0,3150000.0,5138700.0,3736400.0,0.0,0.0,0.0214,0.0,0.0083,0.1648,0.8336,0.0338,0.007173359189769232,3587120.0
2024-08-21,GOOGL,1,22902000,0.0132001696345005,0.0,0.0001,0.9999,1,-0.0001,0.0296,0.0001,-0.4959,0.4992,-0.0028,0.0068,2.0,2.0,1.0,1.0,24208600.0,31524300.0,25578800.0,41336900.0,0.4961,0.4993,0.0289,0.0068,0.0002,1.0,0.4516,0.9946,0.014166610707109974,27485225.0
2024-08-21,MSFT,1,16067300,0.0110356367288361,0.0,0.0003,0.9997,1,-0.0003,0.0504,0.0003,1.0,0.7329,-0.0,0.6519,1.0,1.0,1.0,1.0,15234000.0,20752100.0,19276700.0,40709200.0,1.0,0.7395,0.0,0.6519,1.0,0.9955,0.2521,0.9999,0.008555126880748387,21970520.0
2024-08-22,AMZN,0,32047500,0.0319219781070285,0.9746,0.0,0.0253,1,0.9746,1.0,0.9747,0.9909,-0.0,-0.0028,-0.6197,1.0,1.0,1.0,5.0,26255200.0,39237900.0,44616200.0,141448400.0,0.9925,0.0,0.0289,0.6199,0.9992,0.0519,0.4516,0.0002,0.015623764473012721,53580600.0
2024-08-22,GOOGL,0,22493300,0.0255888970456825,0.5001,0.0063,0.4936,2,0.4938,0.9876,0.5064,-0.0001,-0.4959,0.4992,-0.5319,1.0,2.0,2.0,2.0,22902000.0,24208600.0,31524300.0,53630700.0,0.0001,0.4961,0.4993,0.5471,0.0296,0.0002,1.0,0.0139,0.014184356000542337,27553295.0
2024-08-22,JPM,1,5247100,0.011464286946013,1.0,0.0,0.0,1,1.0,1.0,1.0,-0.3837,-0.0,-0.0001,-0.0,2.0,1.0,1.0,1.0,7761200.0,13927000.0,6533600.0,8095900.0,0.3838,0.0,0.0002,0.0,0.0002,0.4559,0.1736,0.2778,0.014836228407906302,10140315.0
2024-08-22,META,0,15708300,0.0291246808440991,0.7905,0.0125,0.1969,1,0.778,0.9844,0.8031,0.7292,0.0007,1.0,0.01,1.0,4.0,1.0,1.0,21396200.0,43083100.0,24285800.0,11339600.0,0.7307,0.4999,1.0,0.0376,0.9989,0.5007,1.0,0.6325,0.02327126767687615,15740385.0
2024-08-23,AAPL,1,38677300,0.0172383201565178,0.0027,0.0401,0.9573,1,-0.0374,0.0631,0.0427,-0.0061,0.0068,1.0,0.7539,2.0,1.0,1.0,1.0,69660500.0,119548600.0,62501000.0,62631300.0,0.0063,0.0081,1.0,0.7545,0.0152,0.9176,1.0,0.9996,0.02274707959895204,78997365.0
2024-08-27,BRK-B,1,3764700,0.0164056914205271,0.0,0.0,1.0,1,-0.0,0.0377,0.0,-0.0002,-0.0,-0.0,0.0582,1.0,1.0,1.0,4.0,3028500.0,2906500.0,3150000.0,4251500.0,0.0002,0.0,0.0,0.0608,0.0107,0.0083,0.1648,0.9785,0.007284972534979537,3587390.0
2024-08-27,JPM,1,5185200,0.0056033700438217,0.0004,0.0034,0.9962,1,-0.003,0.1007,0.0038,1.0,-0.3837,-0.0,-0.366,1.0,2.0,1.0,1.0,5247100.0,7761200.0,13927000.0,7663200.0,1.0,0.3838,0.0,0.366,1.0,0.0002,0.4559,0.0,0.014942399945125796,9945450.0
2024-08-27,UNH,0,1581900,0.0145215159109519,0.6217,0.0018,0.3765,1,0.6199,0.9971,0.6235,1.0,0.062,0.1635,-0.0,1.0,1.0,1.0,1.0,3377300.0,4290400.0,10330800.0,3189800.0,1.0,0.0624,0.5563,0.0,1.0,0.9962,0.647,0.2843,0.014548380446070177,5597830.0
2024-08-28,AMZN,0,29045000,0.0274627451517831,0.0016,0.0004,0.9979,1,0.0012,0.7847,0.0021,0.9746,0.9909,-0.0,-0.3008,1.0,1.0,1.0,2.0,32047500.0,26255200.0,39237900.0,59950800.0,0.9747,0.9925,0.0,0.3022,1.0,0.9992,0.0519,0.0023,0.016742977997195055,51643350.0
2024-08-28,BRK-B,1,4838100,0.0126200905409274,0.0,0.0,1.0,1,-0.0,0.1308,0.0,-0.0,-0.0002,-0.0,0.0143,1.0,1.0,1.0,1.0,3764700.0,3028500.0,2906500.0,5138700.0,0.0,0.0002,0.0,0.0214,0.0377,0.0107,0.0083,0.8336,0.00734198545499492,3569670.0
2024-08-29,JPM,1,6416100,0.0181858806983149,1.0,0.0,0.0,1,1.0,1.0,1.0,-0.003,1.0,-0.3837,-0.0001,1.0,1.0,2.0,1.0,5185200.0,5247100.0,7761200.0,6533600.0,0.0038,1.0,0.3838,0.0002,0.1007,1.0,0.0002,0.1736,0.014837179858580313,9879625.0
2024-08-30,AAPL,0,52990800,0.0126851650287834,0.0,0.0001,0.9999,1,-0.0001,0.0487,0.0001,-0.0374,-0.0061,0.0068,-0.0003,1.0,2.0,1.0,1.0,38677300.0,69660500.0,119548600.0,43234300.0,0.0427,0.0063,0.0081,0.0006,0.0631,0.0152,0.9176,0.2862,0.0227454646396738,77522760.0
2024-08-30,AMZN,1,43429400,0.0364624831431798,0.2035,0.0067,0.7898,2,0.1968,0.9681,0.2102,0.0012,0.9746,0.9909,-0.0028,1.0,1.0,1.0,1.0,29045000.0,32047500.0,26255200.0,44616200.0,0.0021,0.9747,0.9925,0.0289,0.7847,1.0,0.9992,0.4516,0.016580256237888374,50565080.0
2024-08-30,BRK-B,1,7465800,0.0147709180679024,0.0,0.0,1.0,1,-0.0,0.1094,0.0,-0.0,-0.0,-0.0002,-0.0,1.0,1.0,1.0,1.0,4838100.0,3764700.0,3028500.0,3150000.0,0.0,0.0,0.0002,0.0,0.1308,0.0377,0.0107,0.1648,0.007486643945537118,3615630.0
2024-08-30,GOOGL,1,22123800,0.0121141389733994,0.0029,0.0009,0.9962,1,0.002,0.757,0.0038,0.4938,-0.0001,-0.4959,-0.0028,2.0,1.0,2.0,1.0,22493300.0,22902000.0,24208600.0,25578800.0,0.5064,0.0001,0.4961,0.0289,0.9876,0.0296,0.0002,0.4516,0.014972452803860349,27284725.0
2024-09-03,AMZN,0,37817500,0.0168966485408928,0.134,0.0011,0.8649,1,0.1329,0.9919,0.1351,0.1968,0.0012,0.9746,-0.0,2.0,1.0,1.0,1.0,43429400.0,29045000.0,32047500.0,39237900.0,0.2102,0.0021,0.9747,0.0,0.9681,0.7847,1.0,0.0519,0.016264537932291837,49481355.0
2024-09-04,AAPL,0,43840200,0.0193990931188133,0.0,0.0,1.0,1,-0.0,0.0504,0.0,-0.0001,-0.0374,-0.0061,1.0,1.0,1.0,2.0,1.0,52990800.0,38677300.0,69660500.0,62501000.0,0.0001,0.0427,0.0063,1.0,0.0487,0.0631,0.0152,1.0,0.022798971258066025,77653145.0
2024-09-04,AMZN,0,30309200,0.0197157412061037,0.0001,0.0,0.9999,3,0.0001,0.7076,0.0001,0.1329,0.1968,0.0012,0.9909,1.0,2.0,1.0,1.0,37817500.0,43429400.0,29045000.0,26255200.0,0.1351,0.2102,0.0021,0.9925,0.9919,0.9681,0.7847,0.9992,0.015799239595046144,47652355.0
2024-09-05,META,1,8640900,0.0204799713931995,0.0024,0.0001,0.9975,1,0.0023,0.9693,0.0025,0.778,0.7292,0.0007,0.9915,1.0,1.0,4.0,1.0,15708300.0,21396200.0,43083100.0,11390400.0,0.8031,0.7307,0.4999,0.9916,0.9844,0.9989,0.5007,1.0,0.023287416229354096,15961830.0
2024-09-05,TSLA,1,119355000,0.0570495310153365,1.0,0.0,0.0,1,1.0,1.0,1.0,1.0,0.5022,-0.5,0.0,1.0,2.0,2.0,1.0,76435200.0,70250000.0,82880100.0,87403900.0,1.0,0.5025,0.5,0.0,1.0,0.9997,0.0,0.5393,0.025249163897008407,104588910.0
2024-09-09,AAPL,1,67180000,0.0206502916735191,0.0162,0.0012,0.9826,1,0.015,0.9322,0.0174,-0.0,-0.0001,-0.0374,0.0068,1.0,1.0,1.0,1.0,43840200.0,52990800.0,38677300.0,119548600.0,0.0,0.0001,0.0427,0.0081,0.0504,0.0487,0.0631,0.9176,0.02284871155076309,75134410.0
2024-09-09,AMZN,1,29037400,0.0134075036557971,0.0162,0.0012,0.9826,1,0.015,0.9322,0.0174,0.0001,0.1329,0.1968,0.9746,3.0,1.0,2.0,1.0,30309200.0,37817500.0,43429400.0,32047500.0,0.0001,0.1351,0.2102,0.9747,0.7076,0.9919,0.9681,1.0,0.015164403516112389,45321305.0
2024-09-10,AAPL,1,51591000,0.0216974238979041,0.0,0.0004,0.9996,1,-0.0004,0.0002,0.0004,0.015,-0.0,-0.0001,-0.0061,1.0,1.0,1.0,2.0,67180000.0,43840200.0,52990800.0,69660500.0,0.0174,0.0,0.0001,0.0063,0.9322,0.0504,0.0487,0.0152,0.02235815487853796,70332205.0
2024-09-10,AMZN,1,36233800,0.0209026232410031,0.7262,0.0008,0.273,2,0.7254,0.9989,0.727,0.015,0.0001,0.1329,0.0012,1.0,3.0,1.0,1.0,29037400.0,30309200.0,37817500.0,29045000.0,0.0174,0.0001,0.1351,0.0021,0.9322,0.7076,0.9919,0.7847,0.015094317812915708,45193280.0
2024-09-10,JPM,0,28406900,0.0824794065685387,0.0,0.7499,0.2501,4,-0.7499,0.0,0.7499,1.0,-0.003,1.0,-0.0,1.0,1.0,1.0,1.0,6416100.0,5185200.0,5247100.0,13927000.0,1.0,0.0038,1.0,0.0,1.0,0.1007,1.0,0.4559,0.014695379419188819,9754290.0
2024-09-11,AMZN,1,42564700,0.0514159325475129,0.5,0.0015,0.4985,2,0.4985,0.997,0.5015,0.7254,0.015,0.0001,0.1968,2.0,1.0,3.0,2.0,36233800.0,29037400.0,30309200.0,43429400.0,0.727,0.0174,0.0001,0.2102,0.9989,0.9322,0.7076,0.9681,0.01527510723022055,45012025.0
2024-09-11,GOOGL,1,29607700,0.0265474638216977,1.0,0.0,0.0,1,1.0,1.0,1.0,0.002,0.4938,-0.0001,0.4992,1.0,2.0,1.0,2.0,22123800.0,22493300.0,22902000.0,31524300.0,0.0038,0.5064,0.0001,0.4993,0.757,0.9876,0.0296,1.0,0.014614123115009862,27487735.0
2024-09-12,BRK-B,0,3848700,0.0125978608575826,0.0,0.0016,0.9984,1,-0.0016,0.0044,0.0016,-0.0,-0.0,-0.0,-0.0,1.0,1.0,1.0,1.0,7465800.0,4838100.0,3764700.0,2906500.0,0.0,0.0,0.0,0.0,0.1094,0.1308,0.0377,0.0083,0.00779348438308959,3834695.0
2024-09-13,AAPL,0,36766600,0.0095267448187649,0.0,0.0,0.9999,2,-0.0,0.4186,0.0001,-0.0004,0.015,-0.0,-0.0374,1.0,1.0,1.0,1.0,51591000.0,67180000.0,43840200.0,38677300.0,0.0004,0.0174,0.0,0.0427,0.0002,0.9322,0.0504,0.0631,0.022296157986740364,70462605.0
2024-09-13,BRK-B,0,3882600,0.0115594166613223,0.0,0.0,1.0,2,-0.0,0.0784,0.0,-0.0016,-0.0,-0.0,-0.0002,1.0,1.0,1.0,1.0,3848700.0,7465800.0,4838100.0,3028500.0,0.0016,0.0,0.0,0.0002,0.0044,0.1094,0.1308,0.0107,0.008076196443048555,3893910.0
2024-09-13,GOOGL,1,29591200,0.0203950223143724,0.8097,0.0098,0.1804,1,0.7999,0.988,0.8196,1.0,0.002,0.4938,-0.4959,1.0,1.0,2.0,2.0,29607700.0,22123800.0,22493300.0,24208600.0,1.0,0.0038,0.5064,0.4961,1.0,0.757,0.9876,0.0002,0.014691373674603575,27960115.0
2024-09-13,JPM,0,10226700,0.0233491337948539,0.0002,0.0065,0.9934,1,-0.0063,0.0256,0.0066,-0.7499,1.0,-0.003,-0.3837,4.0,1.0,1.0,2.0,28406900.0,6416100.0,5185200.0,7761200.0,0.7499,1.0,0.0038,0.3838,0.0,1.0,0.1007,0.0002,0.020066854571011507,10790195.0
2024-09-13,MSFT,1,15874600,0.0149590102107721,0.0,0.0,1.0,1,0.0,0.7769,0.0,-0.0003,1.0,0.7329,-0.0,1.0,1.0,1.0,1.0,16067300.0,15234000.0,20752100.0,20203000.0,0.0003,1.0,0.7395,0.0,0.0504,1.0,0.9955,0.0806,0.008520336180062725,21701220.0
2024-09-13,TSLA,1,59515100,0.0278508370382743,0.0,0.0,1.0,1,-0.0,0.0381,0.0,1.0,1.0,0.5022,-1.0,1.0,1.0,2.0,1.0,119355000.0,76435200.0,70250000.0,111928200.0,1.0,1.0,0.5025,1.0,1.0,1.0,0.9997,0.0,0.026268230924788596,105201780.0
2024-09-16,AAPL,0,59357400,0.0152396931471095,0.0,0.8818,0.1182,1,-0.8818,0.0,0.8818,-0.0,-0.0004,0.015,-0.0001,2.0,1.0,1.0,1.0,36766600.0,51591000.0,67180000.0,52990800.0,0.0001,0.0004,0.0174,0.0001,0.4186,0.0002,0.9322,0.0487,0.02236855588036233,68698695.0
2024-09-16,AMZN,0,26065500,0.0132225000648509,0.0241,0.0486,0.9273,2,-0.0245,0.3313,0.0727,0.4985,0.7254,0.015,0.1329,2.0,2.0,1.0,1.0,42564700.0,36233800.0,29037400.0,37817500.0,0.5015,0.727,0.0174,0.1351,0.997,0.9989,0.9322,0.9919,0.016350752834930874,45496070.0
2024-09-16,BRK-B,1,3264400,0.0103609492490214,0.0,0.0002,0.9998,1,-0.0002,0.0212,0.0002,-0.0,-0.0016,-0.0,-0.0,2.0,1.0,1.0,1.0,3882600.0,3848700.0,7465800.0,3764700.0,0.0,0.0016,0.0,0.0,0.0784,0.0044,0.1094,0.0377,0.008364453226616457,3842890.0
2024-09-17,AMZN,1,26091700,0.017714730802631,0.9986,0.0,0.0014,1,0.9986,1.0,0.9986,-0.0245,0.4985,0.7254,0.0001,2.0,2.0,2.0,3.0,26065500.0,42564700.0,36233800.0,30309200.0,0.0727,0.5015,0.727,0.0001,0.3313,0.997,0.9989,0.7076,0.01607694284992271,45099610.0
2024-09-17,META,0,11690800,0.0214471145560453,0.0007,0.0,0.9993,1,0.0007,0.9968,0.0007,0.0023,0.778,0.7292,1.0,1.0,1.0,1.0,1.0,8640900.0,15708300.0,21396200.0,24285800.0,0.0025,0.8031,0.7307,1.0,0.9693,0.9844,0.9989,1.0,0.023273417883299095,15924840.0
2024-09-18,AAPL,1,59894900,0.0237647131933358,0.0,0.0,1.0,1,-0.0,0.1241,0.0,-0.8818,-0.0,-0.0004,-0.0,1.0,2.0,1.0,1.0,59357400.0,36766600.0,51591000.0,43840200.0,0.8818,0.0001,0.0004,0.0,0.0,0.4186,0.0002,0.0504,0.022373552336715792,69046885.0
2024-09-18,META,1,10323500,0.0191781102137599,0.0038,0.0163,0.9799,1,-0.0125,0.1893,0.0201,0.0007,0.0023,0.778,0.0007,1.0,1.0,1.0,4.0,11690800.0,8640900.0,15708300.0,43083100.0,0.0007,0.0025,0.8031,0.4999,0.9968,0.9693,0.9844,0.5007,0.023130488543344638,16025695.0
2024-09-18,MSFT,0,18898000,0.0129195290050287,0.0,0.0004,0.9996,2,-0.0004,0.0411,0.0004,0.0,-0.0003,1.0,-0.0,1.0,1.0,1.0,1.0,15874600.0,16067300.0,15234000.0,19276700.0,0.0,0.0003,1.0,0.0,0.7769,0.0504,1.0,0.2521,0.006633455263877377,21075225.0
2024-09-18,TSLA,0,78010200,0.0382458513322145,0.0059,0.0116,0.9825,1,-0.0056,0.3388,0.0175,-0.0,1.0,1.0,-0.5,1.0,1.0,1.0,2.0,59515100.0,119355000.0,76435200.0,82880100.0,0.0,1.0,1.0,0.5,0.0381,1.0,1.0,0.0,0.026286816399327034,101950280.0
2024-09-19,AMZN,0,39543200,0.0132603891890626,0.7715,0.1746,0.0539,2,0.597,0.8155,0.9461,0.9986,-0.0245,0.4985,0.015,1.0,2.0,2.0,1.0,26091700.0,26065500.0,42564700.0,29037400.0,0.9986,0.0727,0.5015,0.0174,1.0,0.3313,0.997,0.9322,0.015498971711127133,44000390.0
2024-09-19,JPM,1,11635200,0.0217847618972803,0.0,0.0,1.0,1,-0.0,0.0122,0.0,-0.0063,-0.7499,1.0,1.0,1.0,4.0,1.0,1.0,10226700.0,28406900.0,6416100.0,5247100.0,0.0066,0.7499,1.0,1.0,0.0256,0.0,1.0,1.0,0.019229521448982507,10840150.0
2024-09-20,MSFT,0,55167100,0.011481608800275,0.5,0.0,0.4999,2,0.5,0.9999,0.5001,-0.0004,0.0,-0.0003,0.7329,2.0,1.0,1.0,1.0,18898000.0,15874600.0,16067300.0,20752100.0,0.0004,0.0,0.0003,0.7395,0.0411,0.7769,0.0504,0.9955,0.0070627557965497155,19620360.0
2024-09-24,AMZN,0,43478900,0.0269727189948788,1.0,0.0,0.0,1,1.0,1.0,1.0,0.597,0.9986,-0.0245,0.7254,2.0,1.0,2.0,2.0,39543200.0,26091700.0,26065500.0,36233800.0,0.9461,0.9986,0.0727,0.727,0.8155,1.0,0.3313,0.9989,0.015331273739324166,43823460.0
2024-09-24,JPM,1,7323200,0.0122188108246855,1.0,0.0,0.0,1,1.0,1.0,1.0,-0.0,-0.0063,-0.7499,-0.003,1.0,1.0,4.0,1.0,11635200.0,10226700.0,28406900.0,5185200.0,0.0,0.0066,0.7499,0.0038,0.0122,0.0256,0.0,0.1007,0.016840539293785064,10553245.0
2024-09-24,META,0,12993000,0.0239288447339836,0.2944,0.0,0.7055,1,0.2944,0.9999,0.2945,-0.0125,0.0007,0.0023,0.7292,1.0,1.0,1.0,1.0,10323500.0,11690800.0,8640900.0,21396200.0,0.0201,0.0007,0.0025,0.7307,0.1893,0.9968,0.9693,0.9989,0.02295829323687132,15942710.0
2024-09-25,GOOGL,1,18869200,0.0093515482468599,0.0002,0.0001,0.9997,1,0.0002,0.7564,0.0003,0.7999,1.0,0.002,-0.0001,1.0,1.0,1.0,1.0,29591200.0,29607700.0,22123800.0,22902000.0,0.8196,1.0,0.0038,0.0001,0.988,1.0,0.757,0.0296,0.014950618364488702,28927570.0
2024-09-25,JPM,0,8976500,0.017148549737397,0.0,0.0,1.0,1,-0.0,0.1546,0.0,1.0,-0.0,-0.0063,1.0,1.0,1.0,1.0,1.0,7323200.0,11635200.0,10226700.0,6416100.0,1.0,0.0,0.0066,1.0,1.0,0.0122,0.0256,1.0,0.01685436831532964,10573895.0
2024-09-25,META,1,16543400,0.0233313260606218,0.0,0.002,0.9979,2,-0.002,0.008,0.0021,0.2944,-0.0125,0.0007,0.778,1.0,1.0,1.0,1.0,12993000.0,10323500.0,11690800.0,15708300.0,0.2945,0.0201,0.0007,0.8031,0.9999,0.1893,0.9968,0.9844,0.02300232428320401,16094630.0
2024-09-26,AAPL,1,36636700,0.0135943523818917,0.0,0.0,1.0,1,-0.0,0.119,0.0,-0.0,-0.8818,-0.0,0.015,1.0,1.0,2.0,1.0,59894900.0,59357400.0,36766600.0,67180000.0,0.0,0.8818,0.0001,0.0174,0.1241,0.0,0.4186,0.9322,0.022364129024160656,69427625.0
2024-09-26,AMZN,0,36334900,0.0256806420454991,0.5,0.0,0.5,2,0.5,1.0,0.5,1.0,0.597,0.9986,0.4985,1.0,2.0,1.0,2.0,43478900.0,39543200.0,26091700.0,42564700.0,1.0,0.9461,0.9986,0.5015,1.0,0.8155,1.0,0.997,0.015075944983401628,43620520.0
2024-09-26,GOOGL,0,20319300,0.0109997742512316,0.0,0.0009,0.9991,1,-0.0009,0.0117,0.0009,0.0002,0.7999,1.0,0.4938,1.0,1.0,1.0,2.0,18869200.0,29591200.0,29607700.0,22493300.0,0.0003,0.8196,1.0,0.5064,0.7564,0.988,1.0,0.9876,0.013697086567040443,28822655.0
2024-09-26,META,0,14400800,0.0261408113850028,0.0,0.0,1.0,1,-0.0,0.119,0.0,-0.002,0.2944,-0.0125,0.0023,2.0,1.0,1.0,1.0,16543400.0,12993000.0,10323500.0,8640900.0,0.0021,0.2945,0.0201,0.0025,0.008,0.9999,0.1893,0.9693,0.023018022999683273,16331740.0
2024-09-27,AMZN,0,36002300,0.0186700109887612,0.9999,0.0,0.0001,1,0.9999,1.0,0.9999,0.5,1.0,0.597,-0.0245,2.0,1.0,2.0,2.0,36334900.0,43478900.0,39543200.0,26065500.0,0.5,1.0,0.9461,0.0727,1.0,1.0,0.8155,0.3313,0.015239665370712892,43360645.0
2024-09-30,JPM,1,8663800,0.0276283858004136,0.0001,0.0041,0.9958,1,-0.0039,0.0348,0.0042,-0.0,1.0,-0.0,-0.7499,1.0,1.0,1.0,4.0,8976500.0,7323200.0,11635200.0,28406900.0,0.0,1.0,0.0,0.7499,0.1546,1.0,0.0122,0.0,0.01612897539430905,10385155.0
2024-09-30,META,1,12792300,0.0174035664441897,0.6596,0.0001,0.3403,1,0.6595,0.9999,0.6597,-0.0,-0.002,0.2944,0.0007,1.0,2.0,1.0,1.0,14400800.0,16543400.0,12993000.0,11690800.0,0.0,0.0021,0.2945,0.0007,0.119,0.008,0.9999,0.9968,0.022869661452192484,15933820.0
2024-10-01,AAPL,0,63285000,0.0257493390262602,0.0,0.0003,0.9997,1,-0.0003,0.0039,0.0003,-0.0,-0.0,-0.8818,-0.0004,1.0,1.0,1.0,1.0,36636700.0,59894900.0,59357400.0,51591000.0,0.0,0.0,0.8818,0.0004,0.119,0.1241,0.0,0.0002,0.022249849659008596,69200370.0
2024-10-01,JPM,0,8540100,0.0138822114945652,1.0,0.0,0.0,1,1.0,1.0,1.0,-0.0039,-0.0,1.0,-0.0063,1.0,1.0,1.0,1.0,8663800.0,8976500.0,7323200.0,10226700.0,0.0042,0.0,1.0,0.0066,0.0348,0.1546,1.0,0.0256,0.01670040629124403,10052965.0
2024-10-01,MSFT,0,19092900,0.0225697587868472,0.0005,0.9994,0.0001,1,-0.999,0.0005,0.9999,0.5,-0.0004,0.0,1.0,2.0,2.0,1.0,1.0,55167100.0,18898000.0,15874600.0,15234000.0,0.5001,0.0004,0.0,1.0,0.9999,0.0411,0.7769,1.0,0.007092847089360319,21661270.0
2024-10-02,AMZN,1,23704100,0.0138799218363492,0.798,0.0001,0.2019,1,0.7979,0.9999,0.7981,0.9999,0.5,1.0,0.9986,1.0,2.0,1.0,1.0,36002300.0,36334900.0,43478900.0,26091700.0,0.9999,0.5,1.0,0.9986,1.0,1.0,1.0,1.0,0.015545026936855815,43497255.0
2024-10-02,TSLA,1,93983900,0.0390224340255396,0.0,1.0,0.0,1,-1.0,0.0,1.0,-0.0056,-0.0,1.0,0.5022,1.0,1.0,1.0,2.0,78010200.0,59515100.0,119355000.0,70250000.0,0.0175,0.0,1.0,0.5025,0.3388,0.0381,1.0,0.9997,0.024995877772966572,93657305.0
2024-10-03,AMZN,0,30204300,0.013985236361181,0.4947,0.0001,0.5052,2,0.4947,0.9999,0.4948,0.7979,0.9999,0.5,0.597,1.0,1.0,2.0,2.0,23704100.0,36002300.0,36334900.0,39543200.0,0.7981,0.9999,0.5,0.9461,0.9999,1.0,1.0,0.8155,0.01421150779848955,41160680.0
2024-10-03,JPM,0,7251300,0.0104283318347399,0.9996,0.0,0.0004,1,0.9995,1.0,0.9996,1.0,-0.0039,-0.0,-0.0,1.0,1.0,1.0,1.0,8540100.0,8663800.0,8976500.0,11635200.0,1.0,0.0042,0.0,0.0,1.0,0.0348,0.1546,0.0122,0.016555804143546297,9969680.0
2024-10-03,META,1,11581000,0.0256599215230195,0.1024,0.0016,0.896,3,0.1008,0.9847,0.104,0.6595,-0.0,-0.002,-0.0125,1.0,1.0,2.0,1.0,12792300.0,14400800.0,16543400.0,10323500.0,0.6597,0.0,0.0021,0.0201,0.9999,0.119,0.008,0.1893,0.022195444292928832,15970275.0
2024-10-04,AMZN,1,40890300,0.0215343203230148,0.977,0.0009,0.022,1,0.9761,0.999,0.978,0.4947,0.7979,0.9999,1.0,2.0,1.0,1.0,1.0,30204300.0,23704100.0,36002300.0,43478900.0,0.4948,0.7981,0.9999,1.0,0.9999,0.9999,1.0,1.0,0.014205816522611938,35598475.0
2024-10-04,META,1,14169500,0.026416294221814,0.4993,0.0,0.5007,2,0.4993,1.0,0.4993,0.1008,0.6595,-0.0,0.2944,3.0,1.0,1.0,1.0,11581000.0,12792300.0,14400800.0,12993000.0,0.104,0.6597,0.0,0.2945,0.9847,0.9999,0.119,0.9999,0.022625330456314586,16249045.0
2024-10-07,GOOGL,0,22463100,0.0341640572730436,1.0,0.0,0.0,1,1.0,1.0,1.0,-0.0009,0.0002,0.7999,0.002,1.0,1.0,1.0,1.0,20319300.0,18869200.0,29591200.0,22123800.0,0.0009,0.0003,0.8196,0.0038,0.0117,0.7564,0.988,0.757,0.013520923782780627,29014920.0
2024-10-07,JPM,0,6718900,0.0172487296152396,0.0,0.0,1.0,1,0.0,0.842,0.0,0.9995,1.0,-0.0039,1.0,1.0,1.0,1.0,1.0,7251300.0,8540100.0,8663800.0,7323200.0,0.9996,1.0,0.0042,1.0,1.0,1.0,0.0348,1.0,0.01656110017819635,10054200.0
2024-10-07,MSFT,0,20919800,0.0194951570951021,1.0,0.0,0.0,1,1.0,1.0,1.0,-0.999,0.5,-0.0004,-0.0003,1.0,2.0,2.0,1.0,19092900.0,55167100.0,18898000.0,16067300.0,0.9999,0.5001,0.0004,0.0003,0.0005,0.9999,0.0411,0.0504,0.008420081914275434,21872850.0
2024-10-08,AAPL,1,31855700,0.0121711800730967,0.0001,0.0118,0.9881,1,-0.0117,0.0107,0.0119,-0.0003,-0.0,-0.0,-0.0,1.0,1.0,1.0,2.0,63285000.0,36636700.0,59894900.0,36766600.0,0.0003,0.0,0.0,0.0001,0.0039,0.119,0.1241,0.4186,0.016433490784906565,63745955.0
2024-10-08,META,1,7857400,0.0128712150859685,0.4724,0.0287,0.4989,2,0.4438,0.9428,0.5011,0.4993,0.1008,0.6595,-0.002,2.0,3.0,1.0,2.0,14169500.0,11581000.0,12792300.0,16543400.0,0.4993,0.104,0.6597,0.0021,1.0,0.9847,0.9999,0.008,0.019516054056965333,15889815.0
2024-10-08,MSFT,1,19229300,0.0182282558910475,0.0,1.0,0.0,2,-1.0,0.0,1.0,1.0,-0.999,0.5,0.0,1.0,1.0,2.0,1.0,20919800.0,19092900.0,55167100.0,15874600.0,1.0,0.9999,0.5001,0.0,1.0,0.0005,0.9999,0.7769,0.009209777370622016,22120810.0
2024-10-08,TSLA,1,56303200,0.0231976072093457,0.0,0.0,1.0,1,-0.0,0.2161,0.0,-1.0,-0.0056,-0.0,1.0,1.0,1.0,1.0,1.0,93983900.0,78010200.0,59515100.0,76435200.0,1.0,0.0175,0.0,1.0,0.0,0.3388,0.0381,1.0,0.025079957287504676,93899100.0
2024-10-09,AMZN,1,26343100,0.0207854879089832,0.1056,0.0049,0.8895,1,0.1007,0.9556,0.1105,0.9761,0.4947,0.7979,0.5,1.0,2.0,1.0,2.0,40890300.0,30204300.0,23704100.0,36334900.0,0.978,0.4948,0.7981,0.5,0.999,0.9999,0.9999,1.0,0.014232378840950514,34645450.0
2024-10-09,MSFT,1,14974300,0.0146203465204852,0.1056,0.0049,0.8895,1,0.1007,0.9556,0.1105,-1.0,1.0,-0.999,-0.0004,2.0,1.0,1.0,2.0,19229300.0,20919800.0,19092900.0,18898000.0,1.0,1.0,0.9999,0.0004,0.0,1.0,0.0005,0.0411,0.009182572362341886,22403175.0
2024-10-10,BRK-B,0,2375800,0.0104699640326161,0.0157,0.0018,0.9825,1,0.014,0.8988,0.0175,-0.0002,-0.0,-0.0016,-0.0,1.0,2.0,1.0,1.0,3264400.0,3882600.0,3848700.0,4838100.0,0.0002,0.0,0.0016,0.0,0.0212,0.0784,0.0044,0.1308,0.00784441980455612,3798370.0
2024-10-10,META,0,7740400,0.01312177415694,0.9997,0.0,0.0003,1,0.9997,1.0,0.9997,0.4438,0.4993,0.1008,-0.0,2.0,2.0,3.0,1.0,7857400.0,14169500.0,11581000.0,14400800.0,0.5011,0.4993,0.104,0.0,0.9428,1.0,0.9847,0.119,0.018610542572144177,15536810.0
2024-10-10,MSFT,1,13848400,0.0101149052233835,0.0943,0.0003,0.9055,1,0.094,0.9973,0.0945,0.1007,-1.0,1.0,0.5,1.0,2.0,1.0,2.0,14974300.0,19229300.0,20919800.0,55167100.0,0.1105,1.0,1.0,0.5001,0.9556,0.0,1.0,0.9999,0.009144761515908041,21442535.0
2024-10-11,BRK-B,1,3242000,0.0165606896504175,0.0,0.0,1.0,1,-0.0,0.0601,0.0,0.014,-0.0002,-0.0,-0.0,1.0,1.0,2.0,1.0,2375800.0,3264400.0,3882600.0,7465800.0,0.0175,0.0002,0.0,0.0,0.8988,0.0212,0.0784,0.1094,0.007994094891050936,3785440.0
2024-10-11,JPM,1,18320700,0.0439096828539164,1.0,0.0,0.0,2,1.0,1.0,1.0,0.0,0.9995,1.0,-0.0,1.0,1.0,1.0,1.0,6718900.0,7251300.0,8540100.0,8976500.0,0.0,0.9996,1.0,0.0,0.842,1.0,1.0,0.1546,0.016486392370904684,9857240.0
2024-10-11,TSLA,0,142628900,0.0407031811035849,0.0,1.0,0.0,1,-1.0,0.0,1.0,-0.0,-1.0,-0.0056,1.0,1.0,1.0,1.0,1.0,56303200.0,93983900.0,78010200.0,119355000.0,0.0,1.0,0.0175,1.0,0.2161,0.0,0.3388,1.0,0.025179264850523464,92939685.0
2024-10-11,UNH,1,1909700,0.0089188543166137,0.0001,0.0021,0.9977,1,-0.002,0.056,0.0023,0.6199,1.0,0.062,-0.1056,1.0,1.0,1.0,1.0,1581900.0,3377300.0,4290400.0,11062000.0,0.6235,1.0,0.0624,0.5746,0.9971,1.0,0.9962,0.4081,0.014427049310284002,5471470.0
2024-10-14,BRK-B,0,2969800,0.0084430069776453,0.9699,0.0004,0.0297,1,0.9695,0.9996,0.9703,-0.0,0.014,-0.0002,-0.0016,1.0,1.0,1.0,1.0,3242000.0,2375800.0,3264400.0,3848700.0,0.0,0.0175,0.0002,0.0016,0.0601,0.8988,0.0212,0.0044,0.008201961393529557,3775595.0
2024-10-14,GOOGL,1,19016100,0.0172940713860312,1.0,0.0,0.0,1,1.0,1.0,1.0,1.0,-0.0009,0.0002,1.0,1.0,1.0,1.0,1.0,22463100.0,20319300.0,18869200.0,29607700.0,1.0,0.0009,0.0003,1.0,1.0,0.0117,0.7564,1.0,0.014310567459710221,29223540.0
2024-10-14,MSFT,1,16653100,0.0156067206901177,0.0,0.0,1.0,1,0.0,0.5913,0.0,0.094,0.1007,-1.0,-0.999,1.0,1.0,2.0,1.0,13848400.0,14974300.0,19229300.0,19092900.0,0.0945,0.1105,1.0,0.9999,0.9973,0.9556,0.0,0.0005,0.009144670292192916,21394640.0
2024-10-15,UNH,1,11939400,0.0483678331624706,0.0,1.0,0.0,2,-1.0,0.0,1.0,-0.002,0.6199,1.0,0.1635,1.0,1.0,1.0,1.0,1909700.0,1581900.0,3377300.0,10330800.0,0.0023,0.6235,1.0,0.5563,0.056,0.9971,1.0,0.647,0.014401992386134406,5462160.0
2024-10-16,AMZN,0,23456800,0.0116011661777136,0.2003,0.001,0.7987,3,0.1993,0.995,0.2013,0.1007,0.9761,0.4947,0.9999,1.0,1.0,2.0,1.0,26343100.0,40890300.0,30204300.0,36002300.0,0.1105,0.978,0.4948,0.9999,0.9556,0.999,0.9999,1.0,0.014495429751795146,33731795.0
2024-10-16,JPM,1,6382500,0.0118742381500743,0.0,0.9998,0.0001,1,-0.9998,0.0,0.9999,1.0,0.0,0.9995,-0.0039,2.0,1.0,1.0,1.0,18320700.0,6718900.0,7251300.0,8663800.0,1.0,0.0,0.9996,0.0042,1.0,0.842,1.0,0.0348,0.017923435854099994,10001105.0
2024-10-17,AMZN,0,25039400,0.0156200319962747,0.0,0.0,1.0,1,-0.0,0.088,0.0,0.1993,0.1007,0.9761,0.7979,3.0,1.0,1.0,1.0,23456800.0,26343100.0,40890300.0,23704100.0,0.2013,0.1105,0.978,0.7981,0.995,0.9556,0.999,0.9999,0.014127669767526621,32942740.0
2024-10-17,MSFT,0,14820000,0.016360460038272,0.1552,0.0048,0.8401,1,0.1504,0.9703,0.1599,0.0,0.094,0.1007,1.0,1.0,1.0,1.0,1.0,16653100.0,13848400.0,14974300.0,20919800.0,0.0,0.0945,0.1105,1.0,0.5913,0.9973,0.9556,1.0,0.009086482573388729,21730655.0
2024-10-18,AMZN,1,37417700,0.0238311881342305,0.0,0.0001,0.9999,2,-0.0001,0.044,0.0001,-0.0,0.1993,0.1007,0.4947,1.0,3.0,1.0,2.0,25039400.0,23456800.0,26343100.0,30204300.0,0.0,0.2013,0.1105,0.4948,0.088,0.995,0.9556,0.9999,0.01408586190601148,32881950.0
2024-10-18,JPM,1,7000500,0.0125332980685761,0.0015,0.0031,0.9954,1,-0.0016,0.3255,0.0046,-0.9998,1.0,0.0,1.0,1.0,2.0,1.0,1.0,6382500.0,18320700.0,6718900.0,8540100.0,0.9999,1.0,0.0,1.0,0.0,1.0,0.842,1.0,0.017534319093552384,9742380.0
2024-10-18,META,0,7694300,0.0150059732739318,0.0001,0.0001,0.9999,1,0.0,0.55,0.0001,0.9997,0.4438,0.4993,0.6595,1.0,2.0,2.0,1.0,7740400.0,7857400.0,14169500.0,12792300.0,0.9997,0.5011,0.4993,0.6597,1.0,0.9428,1.0,0.9999,0.01867786946863801,15374665.0
2024-10-21,AAPL,1,36254500,0.010236763431493,0.0909,0.005,0.9042,1,0.0859,0.9482,0.0958,-0.0117,-0.0003,-0.0,-0.8818,1.0,1.0,1.0,1.0,31855700.0,63285000.0,36636700.0,59357400.0,0.0119,0.0003,0.0,0.8818,0.0107,0.0039,0.119,0.0,0.016483288454748935,60445605.0
2024-10-21,BRK-B,0,3131500,0.0088476866508965,0.0,0.0013,0.9987,1,-0.0012,0.0105,0.0013,0.9695,-0.0,0.014,-0.0,1.0,1.0,1.0,2.0,2969800.0,3242000.0,2375800.0,3882600.0,0.9703,0.0,0.0175,0.0,0.9996,0.0601,0.8988,0.0784,0.008254888401843763,3753760.0
2024-10-21,JPM,0,5870000,0.012432301911827,0.0004,0.9996,0.0,1,-0.9992,0.0004,1.0,-0.0016,-0.9998,1.0,0.9995,1.0,1.0,2.0,1.0,7000500.0,6382500.0,18320700.0,7251300.0,0.0046,0.9999,1.0,0.9996,0.3255,0.0,1.0,1.0,0.017203332080894678,9513780.0
2024-10-21,MSFT,1,14206100,0.0125204064121237,0.0,0.0,1.0,1,-0.0,0.1938,0.0,0.1504,0.0,0.094,-1.0,1.0,1.0,1.0,2.0,14820000.0,16653100.0,13848400.0,19229300.0,0.1599,0.0,0.0945,1.0,0.9703,0.5913,0.9973,0.0,0.009573392551423506,21823540.0
2024-10-22,AMZN,1,29650600,0.024104106173624,0.4944,0.0001,0.5055,2,0.4942,0.9997,0.4945,-0.0001,-0.0,0.1993,0.9761,2.0,1.0,3.0,1.0,37417700.0,25039400.0,23456800.0,40890300.0,0.0001,0.0,0.2013,0.978,0.044,0.088,0.995,0.999,0.012565404826057244,33150460.0
2024-10-22,META,1,8544500,0.0198680712118299,0.0,0.0,1.0,1,-0.0,0.0869,0.0,0.0,0.9997,0.4438,0.1008,1.0,1.0,2.0,3.0,7694300.0,7740400.0,7857400.0,11581000.0,0.0001,0.9997,0.5011,0.104,0.55,1.0,0.9428,0.9847,0.018806778196473032,14771855.0
2024-10-23,AMZN,0,31937100,0.0289647923956369,0.0,0.0001,0.9999,1,-0.0001,0.0045,0.0001,0.4942,-0.0001,-0.0,0.1007,2.0,2.0,1.0,1.0,29650600.0,37417700.0,25039400.0,26343100.0,0.4945,0.0001,0.0,0.1105,0.9997,0.044,0.088,0.9556,0.011881553980828482,33180740.0
2024-10-23,BRK-B,1,3655200,0.0098011731510303,0.0001,0.0001,0.9997,1,0.0,0.5271,0.0003,-0.0012,0.9695,-0.0,-0.0002,1.0,1.0,1.0,1.0,3131500.0,2969800.0,3242000.0,3264400.0,0.0013,0.9703,0.0,0.0002,0.0105,0.9996,0.0601,0.0212,0.00825503209583335,3710070.0
2024-10-23,GOOGL,0,18280500,0.0236101892336255,1.0,0.0,0.0,1,1.0,1.0,1.0,1.0,1.0,-0.0009,0.7999,1.0,1.0,1.0,1.0,19016100.0,22463100.0,20319300.0,29591200.0,1.0,1.0,0.0009,0.8196,1.0,1.0,0.0117,0.988,0.014359243874734782,29137640.0
2024-10-23,META,0,14248400,0.0387951120516156,1.0,0.0,0.0,1,1.0,1.0,1.0,-0.0,0.0,0.9997,0.4993,1.0,1.0,1.0,2.0,8544500.0,7694300.0,7740400.0,14169500.0,0.0,0.0001,0.9997,0.4993,0.0869,0.55,1.0,1.0,0.018930288235658677,14572120.0
2024-10-23,TSLA,0,80938900,0.0304425941219824,0.5,0.0,0.5,2,0.5,1.0,0.5,-1.0,-0.0,-1.0,-0.0,1.0,1.0,1.0,1.0,142628900.0,56303200.0,93983900.0,59515100.0,1.0,0.0,1.0,0.0,0.0,0.2161,0.0,0.0381,0.025066153719053488,95851615.0
2024-10-24,GOOGL,0,22412500,0.014248033520419,0.0092,0.9863,0.0045,1,-0.9772,0.0092,0.9955,1.0,1.0,1.0,0.0002,1.0,1.0,1.0,1.0,18280500.0,19016100.0,22463100.0,18869200.0,1.0,1.0,1.0,0.0003,1.0,1.0,1.0,0.7564,0.01366349436223922,28785880.0
2024-10-24,TSLA,1,204491900,0.0795733276259422,0.0,0.5,0.5,2,-0.5,0.0,0.5,0.5,-1.0,-0.0,-0.0056,2.0,1.0,1.0,1.0,80938900.0,142628900.0,56303200.0,78010200.0,0.5,1.0,0.0,0.0175,1.0,0.0,0.2161,0.3388,0.024789649789211027,96146265.0
2024-10-25,GOOGL,1,19828900,0.0132583747371059,0.0,0.0,1.0,1,0.0,0.645,0.0,-0.9772,1.0,1.0,-0.0009,1.0,1.0,1.0,1.0,22412500.0,18280500.0,19016100.0,20319300.0,0.9955,1.0,1.0,0.0009,0.0092,1.0,1.0,0.0117,0.013593955213803292,28962410.0
2024-10-28,AMZN,0,27930800,0.010550192133397,1.0,0.0,0.0,1,1.0,1.0,1.0,-0.0001,0.4942,-0.0001,0.1993,1.0,2.0,2.0,3.0,31937100.0,29650600.0,37417700.0,23456800.0,0.0001,0.4945,0.0001,0.2013,0.0045,0.9997,0.044,0.995,0.01074583021437702,32606125.0
2024-10-28,TSLA,0,107653600,0.0418519196686921,0.0,0.0,1.0,1,-0.0,0.033,0.0,-0.5,0.5,-1.0,-1.0,2.0,2.0,1.0,1.0,204491900.0,80938900.0,142628900.0,93983900.0,0.5,0.5,1.0,1.0,0.0,1.0,0.0,0.0,0.028864247858039545,102739500.0
2024-10-29,AAPL,1,35417200,0.0086228848314288,0.0,0.0,1.0,1,-0.0,0.0299,0.0,0.0859,-0.0117,-0.0003,-0.0,1.0,1.0,1.0,1.0,36254500.0,31855700.0,63285000.0,59894900.0,0.0958,0.0119,0.0003,0.0,0.9482,0.0107,0.0039,0.1241,0.01622805813454043,57571915.0
2024-10-29,GOOGL,1,42169000,0.0196149086551349,0.9975,0.0018,0.0007,2,0.9957,0.9982,0.9993,0.0,-0.9772,1.0,1.0,1.0,1.0,1.0,1.0,19828900.0,22412500.0,18280500.0,22463100.0,0.0,0.9955,1.0,1.0,0.645,0.0092,1.0,1.0,0.013717519040355713,28748840.0
2024-10-30,AMZN,0,37707600,0.0163841935870922,0.0,0.0001,0.9999,1,-0.0001,0.0273,0.0001,1.0,-0.0001,0.4942,-0.0,1.0,1.0,2.0,1.0,27930800.0,31937100.0,29650600.0,25039400.0,1.0,0.0001,0.4945,0.0,1.0,0.0045,0.9997,0.088,0.010710408894141208,32111790.0
2024-10-30,META,0,26864900,0.0196678886291677,0.4179,0.2202,0.3619,5,0.1977,0.6549,0.6381,1.0,-0.0,0.0,0.4438,1.0,1.0,1.0,2.0,14248400.0,8544500.0,7694300.0,7857400.0,1.0,0.0,0.0001,0.5011,1.0,0.0869,0.55,0.9428,0.02011301327985814,14321180.0
2024-10-30,MSFT,0,29749100,0.0146305638733658,0.0,1.0,0.0,2,-1.0,0.0,1.0,-0.0,0.1504,0.0,0.1007,1.0,1.0,1.0,1.0,14206100.0,14820000.0,16653100.0,14974300.0,0.0,0.1599,0.0,0.1105,0.1938,0.9703,0.5913,0.9556,0.009340133425305179,21624040.0
2024-10-31,AAPL,0,64370100,0.0194471386809312,1.0,0.0,0.0,1,1.0,1.0,1.0,-0.0,0.0859,-0.0117,-0.0,1.0,1.0,1.0,1.0,35417200.0,36254500.0,31855700.0,36636700.0,0.0,0.0958,0.0119,0.0,0.0299,0.9482,0.0107,0.119,0.015820727823393325,55345610.0
2024-10-31,AMZN,0,75146800,0.0281875519963015,1.0,0.0,0.0,3,1.0,1.0,1.0,-0.0001,1.0,-0.0001,-0.0001,1.0,1.0,1.0,2.0,37707600.0,27930800.0,31937100.0,37417700.0,0.0001,1.0,0.0001,0.0001,0.0273,1.0,0.0045,0.044,0.010849907727285682,32481710.0
2024-10-31,GOOGL,0,44769000,0.0336163990069669,0.0,0.7722,0.2278,1,-0.7722,0.0,0.7722,0.9957,0.0,-0.9772,1.0,2.0,1.0,1.0,1.0,42169000.0,19828900.0,22412500.0,19016100.0,0.9993,0.0,0.9955,1.0,0.9982,0.645,0.0092,1.0,0.013977822724775607,29039655.0
2024-10-31,META,0,26838400,0.0459658370058761,0.0263,0.3497,0.6239,3,-0.3234,0.0701,0.3761,0.1977,1.0,-0.0,0.9997,5.0,1.0,1.0,1.0,26864900.0,14248400.0,8544500.0,7740400.0,0.6381,1.0,0.0,0.9997,0.6549,1.0,0.0869,1.0,0.02032492808294394,15097445.0
2024-10-31,MSFT,0,53971000,0.0237384828025623,0.0001,0.9932,0.0068,1,-0.9931,0.0001,0.9932,-1.0,-0.0,0.1504,0.094,2.0,1.0,1.0,1.0,29749100.0,14206100.0,14820000.0,13848400.0,1.0,0.0,0.1599,0.0945,0.0,0.1938,0.9703,0.9973,0.009609042079146526,22390025.0
2024-11-01,AAPL,1,65276700,0.0229895542516686,0.0,0.0,1.0,2,-0.0,0.1552,0.0,1.0,-0.0,0.0859,-0.0003,1.0,1.0,1.0,1.0,64370100.0,35417200.0,36254500.0,63285000.0,1.0,0.0,0.0958,0.0003,1.0,0.0299,0.9482,0.0039,0.015192872843739203,54436980.0
2024-11-01,AMZN,0,99687800,0.0174874157162768,0.827,0.0001,0.1729,2,0.8269,0.9999,0.8271,1.0,-0.0001,1.0,0.4942,3.0,1.0,1.0,2.0,75146800.0,37707600.0,27930800.0,29650600.0,1.0,0.0001,1.0,0.4945,1.0,0.0273,1.0,0.9997,0.011751441174015576,34787180.0
2024-11-01,JPM,0,6923500,0.0154320852832264,0.0768,0.0678,0.8554,1,0.009,0.5312,0.1446,-0.9992,-0.0016,-0.9998,0.0,1.0,1.0,1.0,1.0,5870000.0,7000500.0,6382500.0,6718900.0,1.0,0.0046,0.9999,0.0,0.0004,0.3255,0.0,0.842,0.017273223037583694,9402485.0
2024-11-04,AMZN,0,38492100,0.0153728904015032,0.0002,0.0738,0.926,1,-0.0736,0.0027,0.074,0.8269,1.0,-0.0001,-0.0001,2.0,3.0,1.0,1.0,99687800.0,75146800.0,37707600.0,31937100.0,0.8271,1.0,0.0001,0.0001,0.9999,1.0,0.0273,0.0045,0.011348298992666041,37959880.0
2024-11-04,BRK-B,0,5733200,0.0284211169689853,0.0,0.0,1.0,1,-0.0,0.2183,0.0,0.0,-0.0012,0.9695,0.014,1.0,1.0,1.0,1.0,3655200.0,3131500.0,2969800.0,2375800.0,0.0003,0.0013,0.9703,0.0175,0.5271,0.0105,0.9996,0.8988,0.006863104248274797,3684890.0
2024-11-04,META,0,12064600,0.0191455207594198,1.0,0.0,0.0,1,1.0,1.0,1.0,-0.3234,0.1977,1.0,0.0,3.0,5.0,1.0,1.0,26838400.0,26864900.0,14248400.0,7694300.0,0.3761,0.6381,1.0,0.0001,0.0701,0.6549,1.0,0.55,0.021357467392736227,15869845.0
2024-11-05,GOOGL,1,18242100,0.0099746356280627,0.5,0.4999,0.0001,2,0.0002,0.5001,0.9999,-0.7722,0.9957,0.0,1.0,1.0,2.0,1.0,1.0,44769000.0,42169000.0,19828900.0,18280500.0,0.7722,0.9993,0.0,1.0,0.0,0.9982,0.645,1.0,0.014174563175544793,28798845.0
2024-11-05,META,1,9775400,0.0120042265205882,0.9996,0.0,0.0003,1,0.9996,1.0,0.9997,1.0,-0.3234,0.1977,-0.0,1.0,3.0,5.0,1.0,12064600.0,26838400.0,26864900.0,8544500.0,1.0,0.3761,0.6381,0.0,1.0,0.0701,0.6549,0.0869,0.021288891007584437,15258785.0
2024-11-05,UNH,1,2608100,0.0256859731098978,0.0,0.0034,0.9966,1,-0.0033,0.0049,0.0034,-1.0,-0.002,0.6199,0.062,2.0,1.0,1.0,1.0,11939400.0,1909700.0,1581900.0,4290400.0,1.0,0.0023,0.6235,0.0624,0.0,0.056,0.9971,0.9962,0.014480383012658271,5934030.0
2024-11-06,AAPL,1,54561100,0.021921768426542,0.033,0.0009,0.9661,1,0.0322,0.9749,0.0339,-0.0,1.0,-0.0,-0.0117,2.0,1.0,1.0,1.0,65276700.0,64370100.0,35417200.0,31855700.0,0.0,1.0,0.0,0.0119,0.1552,1.0,0.0299,0.0107,0.015230097539045712,55048490.0
2024-11-06,AMZN,1,72292200,0.0420479170695739,0.505,0.1625,0.3325,2,0.3425,0.7566,0.6675,-0.0736,0.8269,1.0,1.0,1.0,2.0,3.0,1.0,38492100.0,99687800.0,75146800.0,27930800.0,0.074,0.8271,1.0,1.0,0.0027,0.9999,1.0,1.0,0.00939295405106968,37756250.0
2024-11-06,MSFT,1,26681800,0.0240774522817845,0.4809,0.0003,0.5188,1,0.4806,0.9994,0.4812,-0.9931,-1.0,-0.0,0.0,1.0,2.0,1.0,1.0,53971000.0,29749100.0,14206100.0,16653100.0,0.9932,1.0,0.0,0.0,0.0001,0.0,0.1938,0.5913,0.01042388204356255,23454195.0
2024-11-06,UNH,0,6591300,0.0242590227219758,0.0001,0.0,0.9999,1,0.0001,0.9668,0.0001,-0.0033,-1.0,-0.002,1.0,1.0,2.0,1.0,1.0,2608100.0,11939400.0,1909700.0,3377300.0,0.0034,1.0,0.0023,1.0,0.0049,0.0,0.056,1.0,0.0148059627975723,5586505.0
2024-11-07,AAPL,1,42137700,0.0147353313744552,0.0,0.0,1.0,1,-0.0,0.0645,0.0,0.0322,-0.0,1.0,0.0859,1.0,2.0,1.0,1.0,54561100.0,65276700.0,64370100.0,36254500.0,0.0339,0.0,1.0,0.0958,0.9749,0.1552,1.0,0.9482,0.015035090171540337,54644980.0
2024-11-07,AMZN,1,52878400,0.0243925833929885,0.0054,0.0001,0.9945,1,0.0053,0.9888,0.0055,0.3425,-0.0736,0.8269,-0.0001,2.0,1.0,2.0,1.0,72292200.0,38492100.0,99687800.0,37707600.0,0.6675,0.074,0.8271,0.0001,0.7566,0.0027,0.9999,0.0273,0.012872599377434814,40067585.0
2024-11-07,JPM,0,16451100,0.03824133375671,0.0,1.0,0.0,1,-0.9999,0.0,1.0,0.009,-0.9992,-0.0016,1.0,1.0,1.0,1.0,2.0,6923500.0,5870000.0,7000500.0,18320700.0,0.1446,1.0,0.0046,1.0,0.5312,0.0004,0.3255,1.0,0.017277330520038953,9365500.0
2024-11-07,MSFT,1,19901800,0.0165448187450138,0.039,0.0018,0.9592,2,0.0372,0.9552,0.0408,0.4806,-0.9931,-1.0,0.1504,1.0,1.0,2.0,1.0,26681800.0,53971000.0,29749100.0,14820000.0,0.4812,0.9932,1.0,0.1599,0.9994,0.0001,0.0,0.9703,0.011221669646661192,23316390.0
2024-11-11,META,0,10209100,0.0178900172188345,0.0,0.0071,0.9929,1,-0.0071,0.0019,0.0071,0.9996,1.0,-0.3234,1.0,1.0,1.0,3.0,1.0,9775400.0,12064600.0,26838400.0,14248400.0,0.9997,1.0,0.3761,1.0,1.0,1.0,0.0701,1.0,0.018772350538395693,13593400.0
2024-11-11,TSLA,1,210521600,0.0653768854937776,0.0,0.0,1.0,1,-0.0,0.0973,0.0,-0.0,-0.5,0.5,-0.0,1.0,2.0,2.0,1.0,107653600.0,204491900.0,80938900.0,56303200.0,0.0,0.5,0.5,0.0,0.033,0.0,1.0,0.2161,0.02945670541179256,104756450.0
2024-11-12,AMZN,1,38942900,0.016941012919406,0.0,0.0,1.0,1,-0.0,0.199,0.0,0.0053,0.3425,-0.0736,1.0,1.0,2.0,1.0,3.0,52878400.0,72292200.0,38492100.0,75146800.0,0.0055,0.6675,0.074,1.0,0.9888,0.7566,0.0027,1.0,0.013277580398099157,41406920.0
2024-11-12,META,0,16287700,0.0327589781179197,0.0,0.0,1.0,1,-0.0,0.0216,0.0,-0.0071,0.9996,1.0,0.1977,1.0,1.0,1.0,5.0,10209100.0,9775400.0,12064600.0,26864900.0,0.0071,0.9997,1.0,0.6381,0.0019,1.0,1.0,0.6549,0.014132667572386088,13034045.0
2024-11-12,UNH,0,2809400,0.0172696841033261,0.0003,0.7473,0.2524,1,-0.7471,0.0003,0.7476,0.0001,-0.0033,-1.0,0.6199,1.0,1.0,2.0,1.0,6591300.0,2608100.0,11939400.0,1581900.0,0.0001,0.0034,1.0,0.6235,0.9668,0.0049,0.0,0.9971,0.015120728589707177,5708380.0
2024-11-13,BRK-B,1,2861700,0.0094337468363391,0.0148,0.2048,0.7804,1,-0.1901,0.0672,0.2196,-0.0,0.0,-0.0012,-0.0,1.0,1.0,1.0,1.0,5733200.0,3655200.0,3131500.0,3242000.0,0.0,0.0003,0.0013,0.0,0.2183,0.5271,0.0105,0.0601,0.008178954811718788,3821765.0
2024-11-13,JPM,1,11472600,0.0157120240690301,0.9175,0.0819,0.0006,1,0.8356,0.918,0.9994,-0.9999,0.009,-0.9992,-0.9998,1.0,1.0,1.0,1.0,16451100.0,6923500.0,5870000.0,6382500.0,1.0,0.1446,1.0,0.9999,0.0,0.5312,0.0004,0.0,0.01865887351870698,9861375.0
2024-11-14,AMZN,0,42620300,0.0234403666783279,0.0021,0.54,0.4579,5,-0.5379,0.0038,0.5421,-0.0,0.0053,0.3425,0.8269,1.0,1.0,2.0,2.0,38942900.0,52878400.0,72292200.0,99687800.0,0.0,0.0055,0.6675,0.8271,0.199,0.9888,0.7566,0.9999,0.013307659675405467,41376905.0
2024-11-14,GOOGL,0,31007500,0.0252411938008304,0.0,0.0001,0.9999,1,-0.0001,0.0068,0.0001,0.0002,-0.7722,0.9957,-0.9772,2.0,1.0,2.0,1.0,18242100.0,44769000.0,42169000.0,22412500.0,0.9999,0.7722,0.9993,0.9955,0.5001,0.0,0.9982,0.0092,0.012257059980565066,27468350.0
2024-11-14,META,1,11053700,0.013431542461005,0.0,0.0,1.0,1,-0.0,0.0605,0.0,-0.0,-0.0071,0.9996,-0.3234,1.0,1.0,1.0,3.0,16287700.0,10209100.0,9775400.0,26838400.0,0.0,0.0071,0.9997,0.3761,0.0216,0.0019,1.0,0.0701,0.014058481592572059,13063015.0
2024-11-14,MSFT,1,30246900,0.0192235610064337,0.0013,0.3388,0.6599,1,-0.3376,0.0037,0.3401,0.0372,0.4806,-0.9931,-0.0,2.0,1.0,1.0,1.0,19901800.0,26681800.0,53971000.0,14206100.0,0.0408,0.4812,0.9932,0.0,0.9552,0.9994,0.0001,0.1938,0.010874128717860391,22276020.0
2024-11-15,AMZN,0,86591100,0.0373863219815644,0.0,0.0,1.0,2,-0.0,0.3643,0.0,-0.5379,-0.0,0.0053,-0.0736,5.0,1.0,1.0,1.0,42620300.0,38942900.0,52878400.0,38492100.0,0.5421,0.0,0.0055,0.074,0.0038,0.199,0.9888,0.0027,0.013544708297064887,41333975.0
2024-11-15,GOOGL,0,32504600,0.0168076799675097,0.0,0.0,1.0,1,0.0,0.8104,0.0,-0.0001,0.0002,-0.7722,0.0,1.0,2.0,1.0,1.0,31007500.0,18242100.0,44769000.0,19828900.0,0.0001,0.9999,0.7722,0.0,0.0068,0.5001,0.0,0.645,0.012804588547401335,26951880.0
2024-11-15,META,0,17712900,0.0368859780905126,1.0,0.0,0.0,1,1.0,1.0,1.0,-0.0,-0.0,-0.0071,1.0,1.0,1.0,1.0,1.0,11053700.0,16287700.0,10209100.0,12064600.0,0.0,0.0,0.0071,1.0,0.0605,0.0216,0.0019,1.0,0.013806048799775978,13183655.0
2024-11-18,AAPL,1,44633700,0.0202886007734463,0.3038,0.0018,0.6945,1,0.302,0.9942,0.3055,-0.0,0.0322,-0.0,-0.0,1.0,1.0,2.0,1.0,42137700.0,54561100.0,65276700.0,35417200.0,0.0,0.0339,0.0,0.0,0.0645,0.9749,0.1552,0.0299,0.015199377769181645,54590150.0
2024-11-18,AMZN,0,36409900,0.0182219021891784,0.0,0.001,0.999,1,-0.0009,0.039,0.001,-0.0,-0.5379,-0.0,0.3425,2.0,5.0,1.0,2.0,86591100.0,42620300.0,38942900.0,72292200.0,0.0,0.5421,0.0,0.6675,0.3643,0.0038,0.199,0.7566,0.013786392244743102,43846785.0
2024-11-18,BRK-B,1,3357100,0.0091511910816465,0.1013,0.0007,0.8981,3,0.1006,0.9934,0.1019,-0.1901,-0.0,0.0,0.9695,1.0,1.0,1.0,1.0,2861700.0,5733200.0,3655200.0,2969800.0,0.2196,0.0,0.0003,0.9703,0.0672,0.2183,0.5271,0.9996,0.008173658574402484,3798135.0
2024-11-18,JPM,0,9051400,0.0211898616257642,1.0,0.0,0.0,1,1.0,1.0,1.0,0.8356,-0.9999,0.009,-0.0016,1.0,1.0,1.0,1.0,11472600.0,16451100.0,6923500.0,7000500.0,0.9994,1.0,0.1446,0.0046,0.918,0.0,0.5312,0.3255,0.01862639508542934,9738655.0
2024-11-18,TSLA,0,126085600,0.0544125185030668,0.0002,0.0018,0.9981,1,-0.0016,0.084,0.0019,-0.0,-0.0,-0.5,-1.0,1.0,1.0,2.0,1.0,210521600.0,107653600.0,204491900.0,142628900.0,0.0,0.0,0.5,1.0,0.0973,0.033,0.0,0.0,0.028796969181929834,109333325.0
2024-11-20,META,1,9797300,0.0215834358392482,0.0001,0.0,0.9999,1,0.0001,0.7254,0.0001,1.0,-0.0,-0.0,0.9996,1.0,1.0,1.0,1.0,17712900.0,11053700.0,16287700.0,9775400.0,1.0,0.0,0.0,0.9997,1.0,0.0605,0.0216,1.0,0.015168731305072873,13484760.0
2024-11-20,TSLA,0,66340700,0.0356522269870923,0.0001,0.0012,0.9987,1,-0.0011,0.0915,0.0013,-0.0016,-0.0,-0.0,0.5,1.0,1.0,1.0,2.0,126085600.0,210521600.0,107653600.0,80938900.0,0.0019,0.0,0.0,0.5,0.084,0.0973,0.033,1.0,0.027158259270654166,111535695.0
2024-11-21,AAPL,0,42108300,0.0194424888732444,0.0,0.0,1.0,1,-0.0,0.0114,0.0,0.302,-0.0,0.0322,1.0,1.0,1.0,1.0,1.0,44633700.0,42137700.0,54561100.0,64370100.0,0.3055,0.0,0.0339,1.0,0.9942,0.0645,0.9749,1.0,0.013627954125028,53696785.0
2024-11-21,GOOGL,0,59734400,0.0599770460071372,0.0066,0.6197,0.3738,3,-0.6131,0.0105,0.6262,0.0,-0.0001,0.0002,0.9957,1.0,1.0,2.0,2.0,32504600.0,31007500.0,18242100.0,42169000.0,0.0,0.0001,0.9999,0.9993,0.8104,0.0068,0.5001,0.9982,0.011661931642312188,25895575.0
2024-11-22,GOOGL,0,38604600,0.0154357113245143,0.5,0.5,0.0001,2,-0.0,0.5,0.9999,-0.6131,0.0,-0.0001,-0.7722,3.0,1.0,1.0,1.0,59734400.0,32504600.0,31007500.0,44769000.0,0.6262,0.0,0.0001,0.7722,0.0105,0.8104,0.0068,0.0,0.013800715274658742,27603355.0
2024-11-22,MSFT,1,24814600,0.0154119075604542,0.0,0.0,1.0,1,-0.0,0.2297,0.0,-0.3376,0.0372,0.4806,-1.0,1.0,2.0,1.0,2.0,30246900.0,19901800.0,26681800.0,29749100.0,0.3401,0.0408,0.4812,1.0,0.0037,0.9552,0.9994,0.0,0.01093314608966681,22778215.0
2024-11-25,AMZN,1,40685700,0.0148032766274216,0.0,0.0,1.0,1,-0.0,0.0754,0.0,-0.0009,-0.0,-0.5379,0.0053,1.0,2.0,5.0,1.0,36409900.0,86591100.0,42620300.0,52878400.0,0.001,0.0,0.5421,0.0055,0.039,0.3643,0.0038,0.9888,0.013691691010292195,43867165.0
2024-11-25,GOOGL,1,33135300,0.0181829390032444,0.5267,0.0061,0.4672,1,0.5205,0.9885,0.5328,-0.0,-0.6131,0.0,0.0002,2.0,3.0,1.0,2.0,38604600.0,59734400.0,32504600.0,18242100.0,0.9999,0.6262,0.0,0.9999,0.5,0.0105,0.8104,0.5001,0.013687357752305425,27957370.0
2024-11-27,BRK-B,1,5359300,0.0224532605208874,0.0142,0.9854,0.0004,1,-0.9711,0.0142,0.9996,0.1006,-0.1901,-0.0,-0.0012,3.0,1.0,1.0,1.0,3357100.0,2861700.0,5733200.0,3131500.0,0.1019,0.2196,0.0,0.0013,0.9934,0.0672,0.2183,0.0105,0.008138887677489694,3830110.0
2024-11-27,GOOGL,1,19266500,0.00863900269277,0.0042,0.3196,0.6762,1,-0.3154,0.0131,0.3238,0.5205,-0.0,-0.6131,-0.0001,1.0,2.0,3.0,1.0,33135300.0,38604600.0,59734400.0,31007500.0,0.5328,0.9999,0.6262,0.0001,0.9885,0.5,0.0105,0.0068,0.013695558366536464,28403705.0
2024-11-29,AMZN,1,24892400,0.0175387483760245,0.0,0.0,1.0,1,-0.0,0.0962,0.0,-0.0,-0.0009,-0.0,-0.0,1.0,1.0,2.0,1.0,40685700.0,36409900.0,86591100.0,38942900.0,0.0,0.001,0.0,0.0,0.0754,0.039,0.3643,0.199,0.013968820488652705,44716245.0
2024-12-02,AAPL,1,48137100,0.0152989824194338,0.0,0.0012,0.9988,1,-0.0012,0.0118,0.0012,-0.0,0.302,-0.0,-0.0,1.0,1.0,1.0,2.0,42108300.0,44633700.0,42137700.0,65276700.0,0.0,0.3055,0.0,0.0,0.0114,0.9942,0.0645,0.1552,0.008200698400014448,49824770.0
2024-12-02,BRK-B,0,5031500,0.0213283758214661,0.0,0.0,1.0,1,-0.0,0.086,0.0,-0.9711,0.1006,-0.1901,0.0,1.0,3.0,1.0,1.0,5359300.0,3357100.0,2861700.0,3655200.0,0.9996,0.1019,0.2196,0.0003,0.0142,0.9934,0.0672,0.5271,0.008146189938065323,3911255.0
2024-12-02,JPM,0,8899700,0.0209176564090062,0.0061,0.002,0.9919,2,0.004,0.7487,0.0081,1.0,0.8356,-0.9999,-0.9992,1.0,1.0,1.0,1.0,9051400.0,11472600.0,16451100.0,5870000.0,1.0,0.9994,1.0,1.0,1.0,0.918,0.0,0.0004,0.018552445481415325,9803165.0
2024-12-03,AMZN,1,32214800,0.0207788998464468,0.0001,0.8933,0.1066,1,-0.8931,0.0001,0.8934,-0.0,-0.0,-0.0009,-0.5379,1.0,1.0,1.0,5.0,24892400.0,40685700.0,36409900.0,42620300.0,0.0,0.0,0.001,0.5421,0.0962,0.0754,0.039,0.0038,0.014150590721053975,44450650.0
2024-12-03,META,1,14907200,0.0385714490874475,1.0,0.0,0.0,1,1.0,1.0,1.0,0.0001,1.0,-0.0,-0.0071,1.0,1.0,1.0,1.0,9797300.0,17712900.0,11053700.0,10209100.0,0.0001,1.0,0.0,0.0071,0.7254,1.0,0.0605,0.0019,0.015233879796941678,13458450.0
2024-12-03,TSLA,0,58267200,0.0212904789490294,1.0,0.0,0.0,1,1.0,1.0,1.0,-0.0011,-0.0016,-0.0,-0.5,1.0,1.0,1.0,2.0,66340700.0,126085600.0,210521600.0,204491900.0,0.0013,0.0019,0.0,0.5,0.0915,0.084,0.0973,0.0,0.027126803616474782,111215405.0
2024-12-04,AMZN,1,48745700,0.0196795696789867,0.3557,0.3126,0.3316,3,0.0431,0.5322,0.6684,-0.8931,-0.0,-0.0,-0.0,1.0,1.0,1.0,2.0,32214800.0,24892400.0,40685700.0,86591100.0,0.8934,0.0,0.0,0.0,0.0001,0.0962,0.0754,0.3643,0.014539918266669411,44016875.0
2024-12-04,META,1,14697000,0.0206865917129961,0.0007,0.0,0.9993,1,0.0007,0.9899,0.0007,1.0,0.0001,1.0,-0.0,1.0,1.0,1.0,1.0,14907200.0,9797300.0,17712900.0,16287700.0,1.0,0.0001,1.0,0.0,1.0,0.7254,1.0,0.0216,0.01704913226322134,13554160.0
2024-12-04,UNH,0,4147600,0.025956672252549,0.0,0.0509,0.9491,2,-0.0509,0.0002,0.0509,-0.7471,0.0001,-0.0033,-0.002,1.0,1.0,1.0,1.0,2809400.0,6591300.0,2608100.0,1909700.0,0.7476,0.0001,0.0034,0.0023,0.0003,0.9668,0.0049,0.056,0.015249084814958184,5716195.0
2024-12-05,AAPL,0,40033900,0.0098774062423135,0.0,0.0,1.0,1,-0.0,0.3355,0.0,-0.0012,-0.0,0.302,0.0322,1.0,1.0,1.0,1.0,48137100.0,42108300.0,44633700.0,54561100.0,0.0012,0.0,0.3055,0.0339,0.0118,0.0114,0.9942,0.9749,0.008218756813889158,48748600.0
2024-12-05,AMZN,1,41140200,0.0222446033659617,0.0001,0.0001,0.9998,1,-0.0,0.4442,0.0002,0.0431,-0.8931,-0.0,-0.0009,3.0,1.0,1.0,1.0,48745700.0,32214800.0,24892400.0,36409900.0,0.6684,0.8934,0.0,0.001,0.5322,0.0001,0.0962,0.039,0.014426874679388137,45137005.0
2024-12-05,META,0,8081200,0.0208239389790884,0.9999,0.0,0.0001,1,0.9999,1.0,0.9999,0.0007,1.0,0.0001,-0.0,1.0,1.0,1.0,1.0,14697000.0,14907200.0,9797300.0,11053700.0,0.0007,1.0,0.0001,0.0,0.9899,1.0,0.7254,0.0605,0.016935646059973587,13461840.0
2024-12-05,UNH,0,5943700,0.0579551792103966,0.0125,0.3025,0.6851,1,-0.29,0.0396,0.3149,-0.0509,-0.7471,0.0001,-1.0,2.0,1.0,1.0,2.0,4147600.0,2809400.0,6591300.0,11939400.0,0.0509,0.7476,0.0001,1.0,0.0002,0.0003,0.9668,0.0,0.015055077144870409,5777140.0
2024-12-06,AAPL,0,36870600,0.010497727608225,1.0,0.0,0.0,1,1.0,1.0,1.0,-0.0,-0.0012,-0.0,-0.0,1.0,1.0,1.0,1.0,40033900.0,48137100.0,42108300.0,42137700.0,0.0,0.0012,0.0,0.0,0.3355,0.0118,0.0114,0.0645,0.008290394316975255,48816430.0
2024-12-06,AMZN,1,44178100,0.0296715188809458,0.5133,0.0002,0.4864,1,0.5131,0.9995,0.5136,-0.0,0.0431,-0.8931,-0.0,1.0,3.0,1.0,1.0,41140200.0,48745700.0,32214800.0,40685700.0,0.0002,0.6684,0.8934,0.0,0.4442,0.5322,0.0001,0.0754,0.014662735096902645,46021175.0
2024-12-06,BRK-B,0,3270900,0.0090526145811613,0.9999,0.0,0.0001,1,0.9999,1.0,0.9999,-0.0,-0.9711,0.1006,-0.0,1.0,1.0,3.0,1.0,5031500.0,5359300.0,3357100.0,5733200.0,0.0,0.9996,0.1019,0.0,0.086,0.0142,0.9934,0.2183,0.008888506151052782,3950255.0
2024-12-06,GOOGL,1,21462400,0.0187176727521469,0.0019,0.0038,0.9943,1,-0.0019,0.3334,0.0057,-0.3154,0.5205,-0.0,0.0,1.0,1.0,2.0,1.0,19266500.0,33135300.0,38604600.0,32504600.0,0.3238,0.5328,0.9999,0.0,0.0131,0.9885,0.5,0.8104,0.013623398961772141,28221930.0
2024-12-06,META,1,16935500,0.0348466637948161,1.0,0.0,0.0,1,1.0,1.0,1.0,0.9999,0.0007,1.0,1.0,1.0,1.0,1.0,1.0,8081200.0,14697000.0,14907200.0,17712900.0,0.9999,0.0007,1.0,1.0,1.0,0.9899,1.0,1.0,0.01691731927377616,13145860.0
2024-12-06,UNH,0,13003600,0.0652281727828347,0.0,0.0046,0.9954,1,-0.0046,0.0055,0.0046,-0.29,-0.0509,-0.7471,-0.0033,1.0,2.0,1.0,1.0,5943700.0,4147600.0,2809400.0,2608100.0,0.3149,0.0509,0.7476,0.0034,0.0396,0.0002,0.0003,0.0049,0.018142448642941934,5480975.0
2024-12-09,AMZN,0,46819400,0.019409372526726,0.0,0.0024,0.9976,1,-0.0024,0.0062,0.0024,0.5131,-0.0,0.0431,-0.0,1.0,1.0,3.0,1.0,44178100.0,41140200.0,48745700.0,24892400.0,0.5136,0.0002,0.6684,0.0,0.9995,0.4442,0.5322,0.0962,0.015899087425355125,46978110.0
2024-12-09,JPM,0,7076500,0.0166309251371577,0.0002,0.0105,0.9894,1,-0.0103,0.0147,0.0106,0.004,1.0,0.8356,0.009,2.0,1.0,1.0,1.0,8899700.0,9051400.0,11472600.0,6923500.0,0.0081,1.0,0.9994,0.1446,0.7487,1.0,0.918,0.5312,0.01841149779061083,9985795.0
2024-12-09,TSLA,0,96359200,0.0673775282671947,0.0,0.0,0.9999,1,-0.0,0.3405,0.0001,1.0,-0.0011,-0.0016,-0.0,1.0,1.0,1.0,1.0,58267200.0,66340700.0,126085600.0,107653600.0,1.0,0.0013,0.0019,0.0,1.0,0.0915,0.084,0.033,0.02441068570875981,105800690.0
2024-12-10,AMZN,0,31199900,0.0214958675265237,1.0,0.0,0.0,1,1.0,1.0,1.0,-0.0024,0.5131,-0.0,-0.8931,1.0,1.0,1.0,1.0,46819400.0,44178100.0,41140200.0,32214800.0,0.0024,0.5136,0.0002,0.8934,0.0062,0.9995,0.4442,0.0001,0.01585977168102524,47448195.0
2024-12-10,GOOGL,1,54813000,0.0290401825613702,0.6662,0.0,0.3338,3,0.6662,1.0,0.6662,-0.0019,-0.3154,0.5205,-0.6131,1.0,1.0,1.0,3.0,21462400.0,19266500.0,33135300.0,59734400.0,0.0057,0.3238,0.5328,0.6262,0.3334,0.0131,0.9885,0.0105,0.0136680892969963,28170385.0
2024-12-10,MSFT,0,18469500,0.0180471854661645,0.0,0.0012,0.9988,1,-0.0012,0.0044,0.0012,-0.0,-0.3376,0.0372,-0.9931,1.0,1.0,2.0,1.0,24814600.0,30246900.0,19901800.0,53971000.0,0.0,0.3401,0.0408,0.9932,0.2297,0.0037,0.9552,0.0001,0.011332918879010912,23055110.0
2024-12-10,TSLA,1,97563600,0.0480798747961699,0.094,0.0935,0.8125,1,0.0005,0.5013,0.1875,-0.0,1.0,-0.0011,-0.0,1.0,1.0,1.0,1.0,96359200.0,58267200.0,66340700.0,210521600.0,0.0001,1.0,0.0013,0.0,0.3405,1.0,0.0915,0.0973,0.02459993005438183,102893590.0
2024-12-10,UNH,1,5360600,0.0190746809664146,0.0,0.9997,0.0003,1,-0.9996,0.0,0.9997,-0.0046,-0.29,-0.0509,0.0001,1.0,1.0,2.0,1.0,13003600.0,5943700.0,4147600.0,6591300.0,0.0046,0.3149,0.0509,0.0001,0.0055,0.0396,0.0002,0.9668,0.02161053685493381,5838950.0
2024-12-11,AAPL,0,45205800,0.018309438707835,0.4843,0.0,0.5156,2,0.4843,0.9999,0.4844,1.0,-0.0,-0.0012,0.302,1.0,1.0,1.0,1.0,36870600.0,40033900.0,48137100.0,44633700.0,1.0,0.0,0.0012,0.3055,1.0,0.3355,0.0118,0.9942,0.008149047151134107,48010420.0
2024-12-11,AMZN,1,35385800,0.0218188346870865,0.4843,0.0,0.5156,2,0.4843,0.9999,0.4844,1.0,-0.0024,0.5131,0.0431,1.0,1.0,1.0,3.0,31199900.0,46819400.0,44178100.0,48745700.0,1.0,0.0024,0.5136,0.6684,1.0,0.0062,0.9995,0.5322,0.015848856192073095,47525660.0
2024-12-11,BRK-B,0,3876900,0.0144821664194395,0.9435,0.0001,0.0564,1,0.9433,0.9999,0.9436,0.9999,-0.0,-0.9711,-0.1901,1.0,1.0,1.0,1.0,3270900.0,5031500.0,5359300.0,2861700.0,0.9999,0.0,0.9996,0.2196,1.0,0.086,0.0142,0.0672,0.00830109932636078,3856865.0
2024-12-11,MSFT,1,19200200,0.0141876331127928,0.0007,0.0,0.9993,1,0.0007,0.9507,0.0007,-0.0012,-0.0,-0.3376,0.4806,1.0,1.0,1.0,1.0,18469500.0,24814600.0,30246900.0,26681800.0,0.0012,0.0,0.3401,0.4812,0.0044,0.2297,0.0037,0.9994,0.011319750945682265,22940980.0
2024-12-11,TSLA,1,104287600,0.0549182312170159,1.0,0.0,0.0,1,1.0,1.0,1.0,0.0005,-0.0,1.0,-0.0016,1.0,1.0,1.0,1.0,97563600.0,96359200.0,58267200.0,126085600.0,0.1875,0.0001,1.0,0.0019,0.5013,0.3405,1.0,0.084,0.02520392615741183,101345800.0
2024-12-11,UNH,0,10363000,0.0457653851362922,0.0004,0.7721,0.2274,1,-0.7717,0.0005,0.7726,-0.9996,-0.0046,-0.29,-0.7471,1.0,1.0,1.0,1.0,5360600.0,13003600.0,5943700.0,2809400.0,0.9997,0.0046,0.3149,0.7476,0.0,0.0055,0.0396,0.0003,0.0214283450468878,5516155.0
2024-12-12,BRK-B,0,2571300,0.0118790477506725,0.5527,0.0158,0.4315,2,0.5369,0.9721,0.5685,0.9433,0.9999,-0.0,0.1006,1.0,1.0,1.0,3.0,3876900.0,3270900.0,5031500.0,3357100.0,0.9436,0.9999,0.0,0.1019,0.9999,1.0,0.086,0.9934,0.008224292750637208,3893210.0
2024-12-12,META,0,7474700,0.0149642932254551,0.0,0.0,1.0,1,-0.0,0.0372,0.0,1.0,0.9999,0.0007,0.0001,1.0,1.0,1.0,1.0,16935500.0,8081200.0,14697000.0,9797300.0,1.0,0.9999,0.0007,0.0001,1.0,1.0,0.9899,0.7254,0.017628640729419054,13353020.0
2024-12-13,AAPL,1,33155300,0.01230727020752,0.0,0.0001,0.9999,1,-0.0001,0.02,0.0001,0.4843,1.0,-0.0,-0.0,2.0,1.0,1.0,1.0,45205800.0,36870600.0,40033900.0,42108300.0,0.4844,1.0,0.0,0.0,0.9999,1.0,0.3355,0.0114,0.008246139255619905,48078700.0
2024-12-13,GOOGL,0,25143500,0.0161771447921804,0.0,0.0,0.9999,1,-0.0,0.387,0.0001,0.6662,-0.0019,-0.3154,-0.0,3.0,1.0,1.0,2.0,54813000.0,21462400.0,19266500.0,38604600.0,0.6662,0.0057,0.3238,0.9999,1.0,0.3334,0.0131,0.5,0.013986780851342733,29804845.0
2024-12-13,META,0,8453300,0.0226236457769337,0.8613,0.0,0.1387,1,0.8613,1.0,0.8613,-0.0,1.0,0.9999,1.0,1.0,1.0,1.0,1.0,7474700.0,16935500.0,8081200.0,14907200.0,0.0,1.0,0.9999,1.0,0.0372,1.0,1.0,1.0,0.01677724229616405,13147705.0
2024-12-13,MSFT,0,20177800,0.0130452369807932,0.0006,0.0,0.9993,1,0.0006,0.9402,0.0007,0.0007,-0.0012,-0.0,0.0372,1.0,1.0,1.0,2.0,19200200.0,18469500.0,24814600.0,19901800.0,0.0007,0.0012,0.0,0.0408,0.9507,0.0044,0.2297,0.9552,0.011524382665267417,23139290.0
2024-12-13,UNH,1,8202900,0.0326003172729582,0.0001,0.0025,0.9975,1,-0.0024,0.021,0.0025,-0.7717,-0.9996,-0.0046,-0.0509,1.0,1.0,1.0,2.0,10363000.0,5360600.0,13003600.0,4147600.0,0.7726,0.9997,0.0046,0.0509,0.0005,0.0,0.0055,0.0002,0.022965533139112124,5799420.0
2024-12-16,GOOGL,1,44934900,0.0330793023504564,0.0005,0.0008,0.9988,1,-0.0003,0.3772,0.0012,-0.0,0.6662,-0.0019,0.5205,1.0,3.0,1.0,1.0,25143500.0,54813000.0,21462400.0,33135300.0,0.0001,0.6662,0.0057,0.5328,0.387,1.0,0.3334,0.9885,0.013824924060808498,29581635.0
2024-12-16,META,0,10885600,0.0199530266261252,0.0005,0.0008,0.9988,1,-0.0003,0.3772,0.0012,0.8613,-0.0,1.0,0.0007,1.0,1.0,1.0,1.0,8453300.0,7474700.0,16935500.0,14697000.0,0.8613,0.0,1.0,0.0007,1.0,0.0372,1.0,0.9899,0.015976292087017396,12861895.0
2024-12-16,UNH,0,8880000,0.0494595089474238,0.0,1.0,0.0,1,-1.0,0.0,1.0,-0.0024,-0.7717,-0.9996,-0.29,1.0,1.0,1.0,1.0,8202900.0,10363000.0,5360600.0,5943700.0,0.0025,0.7726,0.9997,0.3149,0.021,0.0005,0.0,0.0396,0.023019287261154563,6023345.0
2024-12-17,AMZN,0,35948100,0.0209991378150535,0.7293,0.082,0.1887,2,0.6474,0.899,0.8113,0.4843,1.0,-0.0024,-0.0,2.0,1.0,1.0,1.0,35385800.0,31199900.0,46819400.0,41140200.0,0.4844,1.0,0.0024,0.0002,0.9999,1.0,0.0062,0.4442,0.015307009001244817,47698095.0
2024-12-17,META,0,12897800,0.0252807025598271,0.9678,0.0,0.0322,2,0.9678,1.0,0.9678,-0.0003,0.8613,-0.0,0.9999,1.0,1.0,1.0,1.0,10885600.0,8453300.0,7474700.0,8081200.0,0.0012,0.8613,0.0,0.9999,0.3772,1.0,0.0372,1.0,0.015872716167544102,13013305.0
2024-12-18,AMZN,0,43281400,0.0489231402570117,0.0091,0.0002,0.9907,1,0.009,0.9834,0.0093,0.6474,0.4843,1.0,0.5131,2.0,2.0,1.0,1.0,35948100.0,35385800.0,31199900.0,44178100.0,0.8113,0.4844,1.0,0.5136,0.899,0.9999,1.0,0.9995,0.015281204779099606,48098960.0
2024-12-18,GOOGL,0,34166100,0.0474336361486198,0.0176,0.0001,0.9823,1,0.0175,0.9939,0.0177,-0.0003,-0.0,0.6662,-0.3154,1.0,1.0,3.0,1.0,44934900.0,25143500.0,54813000.0,19266500.0,0.0012,0.0001,0.6662,0.3238,0.3772,0.387,1.0,0.0131,0.014281071827540863,30348820.0
2024-12-18,META,0,17075500,0.0499838615577195,1.0,0.0,0.0,1,1.0,1.0,1.0,0.9678,-0.0003,0.8613,1.0,2.0,1.0,1.0,1.0,12897800.0,10885600.0,8453300.0,16935500.0,0.9678,0.0012,0.8613,1.0,1.0,0.3772,1.0,1.0,0.015931976829883527,13271175.0
2024-12-19,AMZN,0,39918700,0.0140945183287967,0.0,0.0,1.0,1,0.0,0.9285,0.0,0.009,0.6474,0.4843,-0.0024,1.0,2.0,2.0,1.0,43281400.0,35948100.0,35385800.0,46819400.0,0.0093,0.8113,0.4844,0.0024,0.9834,0.899,0.9999,0.0062,0.018399332934569516,48377650.0
2024-12-20,TSLA,0,132216200,0.0691874955892199,0.9949,0.0033,0.0017,1,0.9916,0.9967,0.9983,1.0,0.0005,-0.0,-0.0011,1.0,1.0,1.0,1.0,104287600.0,97563600.0,96359200.0,66340700.0,1.0,0.1875,0.0001,0.0013,1.0,0.5013,0.3405,0.0915,0.025508247119461855,102189985.0
2024-12-20,UNH,1,10956900,0.0284289550556648,0.0,1.0,0.0,1,-1.0,0.0,1.0,-1.0,-0.0024,-0.7717,-0.0046,1.0,1.0,1.0,1.0,8880000.0,8202900.0,10363000.0,13003600.0,1.0,0.0025,0.7726,0.0046,0.0,0.021,0.0005,0.0055,0.02430668614367108,6314575.0
2024-12-23,AMZN,1,28070000,0.0132439049779078,0.5,0.0,0.5,2,0.5,1.0,0.5,0.0,0.009,0.6474,1.0,1.0,1.0,2.0,1.0,39918700.0,43281400.0,35948100.0,31199900.0,0.0,0.0093,0.8113,1.0,0.9285,0.9834,0.899,1.0,0.017741721121783963,46616245.0
2024-12-23,BRK-B,1,3836000,0.0104370803487915,0.0001,0.0318,0.9681,2,-0.0317,0.0028,0.0319,0.5369,0.9433,0.9999,-0.9711,2.0,1.0,1.0,1.0,2571300.0,3876900.0,3270900.0,5359300.0,0.5685,0.9436,0.9999,0.9996,0.9721,0.9999,1.0,0.0142,0.00835842903851651,3876450.0
2024-12-23,GOOGL,1,25675000,0.0256983300410724,0.0017,0.0,0.9982,1,0.0017,0.9967,0.0018,0.0175,-0.0003,-0.0,-0.0019,1.0,1.0,1.0,1.0,34166100.0,44934900.0,25143500.0,21462400.0,0.0177,0.0012,0.0001,0.0057,0.9939,0.3772,0.387,0.3334,0.016053326224147242,31113665.0
2024-12-23,META,1,10205800,0.0251696531037351,0.1394,0.0001,0.8605,3,0.1393,0.9994,0.1395,1.0,0.9678,-0.0003,-0.0,1.0,2.0,1.0,1.0,17075500.0,12897800.0,10885600.0,7474700.0,1.0,0.9678,0.0012,0.0,1.0,1.0,0.3772,0.0372,0.017629102104183073,13740235.0
2024-12-24,BRK-B,1,1761200,0.0108034142214551,0.0,0.0,1.0,1,-0.0,0.0136,0.0,-0.0317,0.5369,0.9433,-0.0,2.0,2.0,1.0,1.0,3836000.0,2571300.0,3876900.0,5031500.0,0.0319,0.5685,0.9436,0.0,0.0028,0.9721,0.9999,0.086,0.008273660448204061,3916825.0
2024-12-27,AMZN,0,27367100,0.0227393827305952,0.0031,0.0002,0.9968,1,0.0029,0.9517,0.0032,0.5,0.0,0.009,0.4843,2.0,1.0,1.0,2.0,28070000.0,39918700.0,43281400.0,35385800.0,0.5,0.0,0.0093,0.4844,1.0,0.9285,0.9834,0.9999,0.017668490709511705,43035355.0
2024-12-27,BRK-B,0,3237700,0.0145418632713696,0.0,0.0,1.0,3,-0.0,0.035,0.0,-0.0,-0.0317,0.5369,0.9999,1.0,2.0,2.0,1.0,1761200.0,3836000.0,2571300.0,3270900.0,0.0,0.0319,0.5685,0.9999,0.0136,0.0028,0.9721,1.0,0.008081145146134604,3816650.0
2024-12-27,JPM,0,5730200,0.0138019367446751,0.0,0.0112,0.9888,1,-0.0111,0.0015,0.0112,-0.0103,0.004,1.0,-0.9999,1.0,2.0,1.0,1.0,7076500.0,8899700.0,9051400.0,16451100.0,0.0106,0.0081,1.0,1.0,0.0147,0.7487,1.0,0.0,0.018420982295076563,10080360.0
2024-12-30,GOOGL,1,14264700,0.0180716958873544,1.0,0.0,0.0,1,1.0,1.0,1.0,0.0017,0.0175,-0.0003,0.6662,1.0,1.0,1.0,3.0,25675000.0,34166100.0,44934900.0,54813000.0,0.0018,0.0177,0.0012,0.6662,0.9967,0.9939,0.3772,1.0,0.016352181004725193,31381450.0
2024-12-30,META,1,7025900,0.0192950918922505,0.1075,0.0002,0.8923,1,0.1073,0.9983,0.1077,0.1393,1.0,0.9678,0.8613,3.0,1.0,2.0,1.0,10205800.0,17075500.0,12897800.0,8453300.0,0.1395,1.0,0.9678,0.8613,0.9994,1.0,1.0,1.0,0.017879344073935908,13823300.0
2024-12-31,AAPL,0,39480700,0.0152511728184175,0.0,0.0,1.0,1,-0.0,0.2222,0.0,-0.0001,0.4843,1.0,-0.0012,1.0,2.0,1.0,1.0,33155300.0,45205800.0,36870600.0,48137100.0,0.0001,0.4844,1.0,0.0012,0.02,0.9999,1.0,0.0118,0.008240790086118128,46377465.0
2024-12-31,AMZN,0,24819700,0.0192402263203398,0.499,0.0004,0.5006,2,0.4987,0.9993,0.4994,0.0029,0.5,0.0,0.6474,1.0,2.0,1.0,2.0,27367100.0,28070000.0,39918700.0,35948100.0,0.0032,0.5,0.0,0.8113,0.9517,1.0,0.9285,0.899,0.017777279354386125,42479105.0
2024-12-31,BRK-B,1,3380700,0.0071205884026182,0.1079,0.0004,0.8917,1,0.1075,0.9963,0.1083,-0.0,-0.0,-0.0317,0.9433,3.0,1.0,2.0,1.0,3237700.0,1761200.0,3836000.0,3876900.0,0.0,0.0,0.0319,0.9436,0.035,0.0136,0.0028,0.9999,0.007843276583252073,3736630.0
2024-12-31,GOOGL,0,17466900,0.0180553285219328,0.0005,0.9976,0.0019,1,-0.9971,0.0005,0.9981,1.0,0.0017,0.0175,-0.0,1.0,1.0,1.0,1.0,14264700.0,25675000.0,34166100.0,25143500.0,1.0,0.0018,0.0177,0.0001,1.0,0.9967,0.9939,0.387,0.015362379896209576,30971530.0
2024-12-31,META,0,6019500,0.0170867928199319,0.0003,0.0,0.9997,2,0.0002,0.9238,0.0003,0.1073,0.1393,1.0,-0.0003,1.0,3.0,1.0,1.0,7025900.0,10205800.0,17075500.0,10885600.0,0.1077,0.1395,1.0,0.0012,0.9983,0.9994,1.0,0.3772,0.01721811112526089,13462175.0
2025-01-02,GOOGL,0,20370800,0.0236034625967168,0.0001,0.9999,0.0001,1,-0.9998,0.0001,0.9999,-0.9971,1.0,0.0017,-0.0003,1.0,1.0,1.0,1.0,17466900.0,14264700.0,25675000.0,44934900.0,0.9981,1.0,0.0018,0.0012,0.0005,1.0,0.9967,0.3772,0.015306759489935819,30894070.0
2025-01-02,TSLA,0,109710700,0.0504742428437219,0.0,0.9976,0.0023,1,-0.9976,0.0,0.9977,0.9916,1.0,0.0005,1.0,1.0,1.0,1.0,1.0,132216200.0,104287600.0,97563600.0,58267200.0,0.9983,1.0,0.1875,1.0,0.9967,1.0,0.5013,1.0,0.024726716126198336,103204385.0
2025-01-03,AAPL,0,40244100,0.0094099000673464,0.3693,0.0008,0.6299,2,0.3685,0.9978,0.3701,-0.0,-0.0001,0.4843,-0.0,1.0,1.0,2.0,1.0,39480700.0,33155300.0,45205800.0,40033900.0,0.0,0.0001,0.4844,0.0,0.2222,0.02,0.9999,0.3355,0.008476928160465622,45771950.0
2025-01-03,AMZN,1,27515600,0.0168082584400458,0.8796,0.0018,0.1186,3,0.8778,0.9979,0.8814,0.4987,0.0029,0.5,0.009,2.0,1.0,2.0,1.0,24819700.0,27367100.0,28070000.0,43281400.0,0.4994,0.0032,0.5,0.0093,0.9993,0.9517,1.0,0.9834,0.016309953395117087,40105480.0
2025-01-03,JPM,0,9491100,0.0189430086823504,0.0,0.0011,0.9988,1,-0.0011,0.0219,0.0012,-0.0111,-0.0103,0.004,0.8356,1.0,1.0,2.0,1.0,5730200.0,7076500.0,8899700.0,11472600.0,0.0112,0.0106,0.0081,0.9994,0.0015,0.0147,0.7487,0.918,0.018373179399760388,10046065.0
2025-01-03,MSFT,1,16662900,0.0106630340494808,1.0,0.0,0.0,1,1.0,1.0,1.0,0.0006,0.0007,-0.0012,-0.3376,1.0,1.0,1.0,1.0,20177800.0,19200200.0,18469500.0,30246900.0,0.0007,0.0007,0.0012,0.3401,0.9402,0.9507,0.0044,0.0037,0.011537199347090018,23344815.0
2025-01-06,AMZN,1,31849800,0.01763823979862,0.5,0.0,0.5,2,0.5,1.0,0.5,0.8778,0.4987,0.0029,0.0,3.0,2.0,1.0,1.0,27515600.0,24819700.0,27367100.0,39918700.0,0.8814,0.4994,0.0032,0.0,0.9979,0.9993,0.9517,0.9285,0.016129670614170984,38837340.0
2025-01-06,GOOGL,1,29563600,0.022528071004422,0.5,0.0,0.5,2,0.5,0.9999,0.5,-0.9998,-0.9971,1.0,0.0175,1.0,1.0,1.0,1.0,20370800.0,17466900.0,14264700.0,34166100.0,0.9999,0.9981,1.0,0.0177,0.0001,0.0005,1.0,0.9939,0.015163960688978274,30998585.0
2025-01-06,META,1,14560800,0.0414657574956183,0.0,0.0,1.0,1,-0.0,0.2471,0.0,0.0002,0.1073,0.1393,0.9678,2.0,1.0,3.0,2.0,6019500.0,7025900.0,10205800.0,12897800.0,0.0003,0.1077,0.1395,0.9678,0.9238,0.9983,0.9994,1.0,0.017109728051097877,12419905.0
2025-01-07,AMZN,0,28084200,0.030364187601025,0.0,0.0005,0.9995,1,-0.0005,0.0163,0.0005,0.5,0.8778,0.4987,0.5,2.0,3.0,2.0,2.0,31849800.0,27515600.0,24819700.0,28070000.0,0.5,0.8814,0.4994,0.5,1.0,0.9979,0.9993,1.0,0.01614430735297571,38482685.0
2025-01-08,AMZN,0,25033300,0.014875251077119,0.3504,0.0016,0.648,2,0.3489,0.9955,0.352,-0.0005,0.5,0.8778,0.0029,1.0,2.0,3.0,1.0,28084200.0,31849800.0,27515600.0,27367100.0,0.0005,0.5,0.8814,0.0032,0.0163,1.0,0.9979,0.9517,0.016867374225536344,37755880.0
2025-01-08,META,0,10085800,0.0222530548920361,0.0343,0.0,0.9657,3,0.0343,1.0,0.0343,-0.0,0.0002,0.1073,1.0,1.0,2.0,1.0,1.0,14560800.0,6019500.0,7025900.0,17075500.0,0.0,0.0003,0.1077,1.0,0.2471,0.9238,0.9983,1.0,0.01760344303476355,11806025.0
2025-01-08,MSFT,1,15054600,0.0128229178325038,1.0,0.0,0.0,2,1.0,1.0,1.0,1.0,0.0006,0.0007,-0.0,1.0,1.0,1.0,1.0,16662900.0,20177800.0,19200200.0,24814600.0,1.0,0.0007,0.0007,0.0,1.0,0.9402,0.9507,0.2297,0.011304884091545281,23384230.0
2025-01-08,UNH,1,4141700,0.0294654482886904,0.0,0.0,1.0,1,0.0,0.6044,0.0,-1.0,-1.0,-0.0024,-0.9996,1.0,1.0,1.0,1.0,10956900.0,8880000.0,8202900.0,5360600.0,1.0,1.0,0.0025,0.9997,0.0,0.0,0.021,0.0,0.024860988792295265,6486340.0
2025-01-10,BRK-B,0,5471900,0.0284981968632546,0.0,0.0,1.0,1,-0.0,0.0139,0.0,0.1075,-0.0,-0.0,0.5369,1.0,3.0,1.0,2.0,3380700.0,3237700.0,1761200.0,2571300.0,0.1083,0.0,0.0,0.5685,0.9963,0.035,0.0136,0.9721,0.0073071834969028705,3532375.0
2025-01-10,GOOGL,0,26665200,0.0319609192811643,1.0,0.0,0.0,1,1.0,1.0,1.0,0.5,-0.9998,-0.9971,0.0017,2.0,1.0,1.0,1.0,29563600.0,20370800.0,17466900.0,25675000.0,0.5,0.9999,0.9981,0.0018,0.9999,0.0001,0.0005,0.9967,0.015613125187032758,31356140.0
2025-01-10,JPM,0,10256800,0.0208564405850023,0.0,1.0,0.0,1,-1.0,0.0,1.0,-0.0011,-0.0111,-0.0103,1.0,1.0,1.0,1.0,1.0,9491100.0,5730200.0,7076500.0,9051400.0,0.0012,0.0112,0.0106,1.0,0.0219,0.0015,0.0147,1.0,0.013286172819492993,9100275.0
2025-01-10,META,1,19256600,0.0533907262345802,0.7138,0.0001,0.2861,4,0.7137,0.9999,0.7139,0.0343,-0.0,0.0002,0.1393,3.0,1.0,2.0,3.0,10085800.0,14560800.0,6019500.0,10205800.0,0.0343,0.0,0.0003,0.1395,1.0,0.2471,0.9238,0.9994,0.017582395564759032,11707085.0
2025-01-13,BRK-B,1,3639200,0.0087096326782474,0.0,0.0,1.0,2,-0.0,0.3016,0.0,-0.0,0.1075,-0.0,-0.0317,1.0,1.0,3.0,2.0,5471900.0,3380700.0,3237700.0,3836000.0,0.0,0.1083,0.0,0.0319,0.0139,0.9963,0.035,0.0028,0.008491407571499101,3613535.0
2025-01-13,GOOGL,1,21823700,0.0200978161636705,0.1869,0.1496,0.6635,3,0.0373,0.5554,0.3365,1.0,0.5,-0.9998,1.0,1.0,2.0,1.0,1.0,26665200.0,29563600.0,20370800.0,14264700.0,1.0,0.5,0.9999,1.0,1.0,0.9999,0.0001,1.0,0.01557417865926154,31697955.0
2025-01-14,AMZN,0,24711700,0.0254945124012615,0.0,0.0002,0.9998,1,-0.0002,0.0193,0.0002,0.3489,-0.0005,0.5,0.4987,2.0,1.0,2.0,2.0,25033300.0,28084200.0,31849800.0,24819700.0,0.352,0.0005,0.5,0.4994,0.9955,0.0163,1.0,0.9993,0.016328016460682493,34677990.0
2025-01-14,META,0,13598000,0.0279967644013946,0.0001,0.0035,0.9964,1,-0.0034,0.0381,0.0036,0.7137,0.0343,-0.0,0.1073,4.0,3.0,1.0,1.0,19256600.0,10085800.0,14560800.0,7025900.0,0.7139,0.0343,0.0,0.1077,0.9999,1.0,0.2471,0.9983,0.017598245691141167,12181145.0
2025-01-14,TSLA,0,84565000,0.0678187149487743,0.0001,0.7247,0.2751,1,-0.7246,0.0002,0.7249,-0.9976,0.9916,1.0,-0.0,1.0,1.0,1.0,1.0,109710700.0,132216200.0,104287600.0,96359200.0,0.9977,0.9983,1.0,0.0001,0.0,0.9967,1.0,0.3405,0.02432117912743757,104545915.0
2025-01-14,UNH,1,3978300,0.0148244225666185,0.0002,0.0,0.9997,1,0.0002,0.9255,0.0003,0.0,-1.0,-1.0,-0.7717,1.0,1.0,1.0,1.0,4141700.0,10956900.0,8880000.0,10363000.0,0.0,1.0,1.0,0.7726,0.6044,0.0,0.0,0.0005,0.02508598443102636,6534505.0
2025-01-15,AMZN,1,31291300,0.0126554202802404,0.0,0.0011,0.9989,1,-0.0011,0.0101,0.0011,-0.0002,0.3489,-0.0005,0.8778,1.0,2.0,1.0,3.0,24711700.0,25033300.0,28084200.0,27515600.0,0.0002,0.352,0.0005,0.8814,0.0193,0.9955,0.0163,0.9979,0.016333642283580977,34093080.0
2025-01-15,JPM,1,18448500,0.0398961890442135,0.3566,0.0139,0.6295,3,0.3427,0.9625,0.3705,-1.0,-0.0011,-0.0111,0.004,1.0,1.0,1.0,2.0,10256800.0,9491100.0,5730200.0,8899700.0,1.0,0.0012,0.0112,0.0081,0.0,0.0219,0.0015,0.7487,0.013323906651573523,9101780.0
2025-01-15,META,1,15524300,0.0261549653364615,0.9863,0.0084,0.0053,1,0.9779,0.9916,0.9947,-0.0034,0.7137,0.0343,0.0002,1.0,4.0,3.0,2.0,13598000.0,19256600.0,10085800.0,6019500.0,0.0036,0.7139,0.0343,0.0003,0.0381,0.9999,1.0,0.9238,0.01797948851534405,12350590.0
2025-01-16,AAPL,0,71759100,0.042047589934278,0.0001,0.9972,0.0028,2,-0.9971,0.0001,0.9972,0.3685,-0.0,-0.0001,1.0,2.0,1.0,1.0,1.0,40244100.0,39480700.0,33155300.0,36870600.0,0.3701,0.0,0.0001,1.0,0.9978,0.2222,0.02,1.0,0.008364983705407343,45945825.0
2025-01-16,AMZN,0,24757300,0.0193387237024371,0.0001,0.4972,0.5027,2,-0.4971,0.0002,0.4973,-0.0011,-0.0002,0.3489,0.5,1.0,1.0,2.0,2.0,31291300.0,24711700.0,25033300.0,31849800.0,0.0011,0.0002,0.352,0.5,0.0101,0.0193,0.9955,1.0,0.016118301272656132,33623360.0
2025-01-16,BRK-B,1,3475700,0.0101540621368833,1.0,0.0,0.0,1,1.0,1.0,1.0,-0.0,-0.0,0.1075,-0.0,2.0,1.0,1.0,1.0,3639200.0,5471900.0,3380700.0,1761200.0,0.0,0.0,0.1083,0.0,0.3016,0.0139,0.9963,0.0136,0.0084782985349889,3601365.0
2025-01-16,MSFT,0,15300000,0.011896373782874,0.972,0.0215,0.0065,1,0.9504,0.9783,0.9935,1.0,1.0,0.0006,-0.0012,2.0,1.0,1.0,1.0,15054600.0,16662900.0,20177800.0,18469500.0,1.0,1.0,0.0007,0.0012,1.0,1.0,0.9402,0.0044,0.011118182728670463,23192060.0
2025-01-16,TSLA,0,68335200,0.0351129789607492,0.0,0.0002,0.9998,1,-0.0002,0.0096,0.0002,-0.7246,-0.9976,0.9916,0.0005,1.0,1.0,1.0,1.0,84565000.0,109710700.0,132216200.0,97563600.0,0.7249,0.9977,0.9983,0.1875,0.0002,0.0,0.9967,0.5013,0.02547337074525201,105261665.0
2025-01-16,UNH,0,9059900,0.0562647840654675,0.0001,0.9739,0.026,3,-0.9738,0.0001,0.974,0.0002,0.0,-1.0,-0.0024,1.0,1.0,1.0,1.0,3978300.0,4141700.0,10956900.0,8202900.0,0.0003,0.0,1.0,0.0025,0.9255,0.6044,0.0,0.021,0.024637096049652907,6573930.0
2025-01-17,BRK-B,1,6467000,0.0166339881020122,0.0013,0.0,0.9987,1,0.0012,0.9824,0.0013,1.0,-0.0,-0.0,-0.0,1.0,2.0,1.0,3.0,3475700.0,3639200.0,5471900.0,3237700.0,1.0,0.0,0.0,0.0,1.0,0.3016,0.0139,0.035,0.008582354044316917,3611930.0
2025-01-17,GOOGL,0,27735100,0.0177071986422138,0.0013,0.0,0.9987,1,0.0012,0.9824,0.0013,0.0373,1.0,0.5,-0.9971,3.0,1.0,2.0,1.0,21823700.0,26665200.0,29563600.0,17466900.0,0.3365,1.0,0.5,0.9981,0.5554,1.0,0.9999,0.0005,0.01533634086570359,30680690.0
2025-01-17,META,0,17280600,0.0341318615649667,0.1668,0.0061,0.8272,2,0.1607,0.9649,0.1728,0.9779,-0.0034,0.7137,-0.0,1.0,1.0,4.0,1.0,15524300.0,13598000.0,19256600.0,14560800.0,0.9947,0.0036,0.7139,0.0,0.9916,0.0381,0.9999,0.2471,0.018168379390006362,12312420.0
2025-01-17,MSFT,0,26197500,0.0145361505950995,0.0013,0.0,0.9987,1,0.0012,0.9824,0.0013,0.9504,1.0,1.0,0.0007,1.0,2.0,1.0,1.0,15300000.0,15054600.0,16662900.0,19200200.0,0.9935,1.0,1.0,0.0007,0.9783,1.0,1.0,0.9507,0.011286288914571273,21198705.0
2025-01-17,UNH,1,7495700,0.037617221856192,0.0,0.0,1.0,1,0.0,0.5389,0.0,-0.9738,0.0002,0.0,-1.0,3.0,1.0,1.0,1.0,9059900.0,3978300.0,4141700.0,8880000.0,0.974,0.0003,0.0,1.0,0.0001,0.9255,0.6044,0.0,0.02463946094856132,6473825.0
2025-01-21,AAPL,0,98070400,0.0224999700273786,0.0,1.0,0.0,1,-1.0,0.0,1.0,-0.9971,0.3685,-0.0,0.4843,2.0,2.0,1.0,2.0,71759100.0,40244100.0,39480700.0,45205800.0,0.9972,0.3701,0.0,0.4844,0.0001,0.9978,0.2222,0.9999,0.012206719416612895,46565910.0
2025-01-21,AMZN,1,39951500,0.0211445891959237,0.0001,0.0001,0.9999,1,-0.0,0.4894,0.0001,-0.4971,-0.0011,-0.0002,-0.0005,2.0,1.0,1.0,1.0,24757300.0,31291300.0,24711700.0,28084200.0,0.4973,0.0011,0.0002,0.0005,0.0002,0.0101,0.0193,0.0163,0.016235136868082787,33616605.0
2025-01-21,BRK-B,0,4910200,0.0115711511826565,0.0,0.0,1.0,1,-0.0,0.0857,0.0,0.0012,1.0,-0.0,0.1075,1.0,1.0,2.0,1.0,6467000.0,3475700.0,3639200.0,3380700.0,0.0013,1.0,0.0,0.1083,0.9824,1.0,0.3016,0.9963,0.008740293727380832,3816490.0
2025-01-21,GOOGL,0,29971300,0.0222032350747171,0.0,0.0,1.0,1,-0.0,0.0924,0.0,0.0012,0.0373,1.0,-0.9998,1.0,3.0,1.0,1.0,27735100.0,21823700.0,26665200.0,20370800.0,0.0013,0.3365,1.0,0.9999,0.9824,0.5554,1.0,0.0001,0.015179442164748175,29828995.0
2025-01-21,JPM,1,13712100,0.0182643129397014,0.0043,0.0,0.9957,1,0.0043,0.9977,0.0043,0.3427,-1.0,-0.0011,-0.0103,3.0,1.0,1.0,1.0,18448500.0,10256800.0,9491100.0,7076500.0,0.3705,1.0,0.0012,0.0106,0.9625,0.0,0.0219,0.0147,0.013470369651871206,9442445.0
2025-01-21,TSLA,0,87320900,0.0621533231739748,0.3644,0.0283,0.6073,1,0.3362,0.928,0.3927,-0.0002,-0.7246,-0.9976,1.0,1.0,1.0,1.0,1.0,68335200.0,84565000.0,109710700.0,104287600.0,0.0002,0.7249,0.9977,1.0,0.0096,0.0002,0.0,1.0,0.02531584163667089,104856665.0
2025-01-22,AAPL,1,64126500,0.0197006322549802,0.0001,0.9999,0.0,1,-0.9998,0.0001,1.0,-1.0,-0.9971,0.3685,-0.0001,1.0,2.0,2.0,1.0,98070400.0,71759100.0,40244100.0,33155300.0,1.0,0.9972,0.3701,0.0001,0.0,0.0001,0.9978,0.02,0.011743100470021771,48474685.0
2025-01-22,AMZN,1,41448200,0.0183173860949042,0.4966,0.0004,0.503,2,0.4963,0.9993,0.497,-0.0,-0.4971,-0.0011,0.3489,1.0,2.0,1.0,2.0,39951500.0,24757300.0,31291300.0,25033300.0,0.0001,0.4973,0.0011,0.352,0.4894,0.0002,0.0101,0.9955,0.015909182404501218,34003440.0
2025-01-22,JPM,0,9021900,0.0119056864034958,0.0,0.0001,0.9999,2,-0.0001,0.0115,0.0001,0.0043,0.3427,-1.0,-0.0111,1.0,3.0,1.0,1.0,13712100.0,18448500.0,10256800.0,5730200.0,0.0043,0.3705,1.0,0.0112,0.9977,0.9625,0.0,0.0015,0.013800653457927048,9761890.0
2025-01-22,META,1,12274000,0.0228943042045908,0.5038,0.0054,0.4908,2,0.4985,0.9895,0.5092,0.1607,0.9779,-0.0034,0.0343,2.0,1.0,1.0,3.0,17280600.0,15524300.0,13598000.0,10085800.0,0.1728,0.9947,0.0036,0.0343,0.9649,0.9916,0.0381,1.0,0.018573593862322366,12623765.0
2025-01-22,TSLA,0,60963300,0.0321729414857047,0.0004,0.0007,0.9989,1,-0.0002,0.3971,0.0011,0.3362,-0.0002,-0.7246,0.9916,1.0,1.0,1.0,1.0,87320900.0,68335200.0,84565000.0,132216200.0,0.3927,0.0002,0.7249,0.9983,0.928,0.0096,0.0002,0.9967,0.024532659207063157,103254960.0
2025-01-23,AAPL,0,60234800,0.0210465231464228,0.0002,0.0438,0.9561,2,-0.0436,0.0044,0.0439,-0.9998,-1.0,-0.9971,-0.0,1.0,1.0,2.0,1.0,64126500.0,98070400.0,71759100.0,39480700.0,1.0,1.0,0.9972,0.0,0.0001,0.0,0.0001,0.2222,0.012551538671780956,49849175.0
2025-01-23,BRK-B,0,4424500,0.0146421977838928,0.0001,0.0026,0.9973,1,-0.0025,0.032,0.0027,-0.0,0.0012,1.0,-0.0,1.0,1.0,1.0,1.0,4910200.0,6467000.0,3475700.0,5471900.0,0.0,0.0013,1.0,0.0,0.0857,0.9824,1.0,0.0139,0.008418914326852612,3899900.0
2025-01-24,AAPL,0,54697900,0.0187739178023867,0.0,0.0005,0.9995,1,-0.0005,0.0129,0.0005,-0.0436,-0.9998,-1.0,0.3685,2.0,1.0,1.0,2.0,60234800.0,64126500.0,98070400.0,40244100.0,0.0439,1.0,1.0,0.3701,0.0044,0.0001,0.0,0.9978,0.012172911214447515,49696665.0
2025-01-24,AMZN,1,25890700,0.0147974465701627,0.297,0.0255,0.6775,1,0.2715,0.9209,0.3225,0.4963,-0.0,-0.4971,-0.0002,2.0,1.0,2.0,1.0,41448200.0,39951500.0,24757300.0,24711700.0,0.497,0.0001,0.4973,0.0002,0.9993,0.4894,0.0002,0.0193,0.016038327718409105,33638565.0
2025-01-24,GOOGL,1,23877500,0.0146390399148649,0.0,0.0,1.0,1,0.0,0.8999,0.0,-0.0,0.0012,0.0373,0.5,1.0,1.0,3.0,2.0,29971300.0,27735100.0,21823700.0,29563600.0,0.0,0.0013,0.3365,0.5,0.0924,0.9824,0.5554,0.9999,0.015169449046132827,30415455.0
2025-01-24,META,1,19065300,0.0279698100410309,0.6557,0.001,0.3432,2,0.6547,0.9984,0.6568,0.4985,0.1607,0.9779,0.7137,2.0,2.0,1.0,4.0,12274000.0,17280600.0,15524300.0,19256600.0,0.5092,0.1728,0.9947,0.7139,0.9895,0.9649,0.9916,0.9999,0.017333421058975222,12351820.0
2025-01-24,MSFT,0,15549500,0.0117935123479442,0.999,0.0,0.001,1,0.999,1.0,0.999,0.0012,0.9504,1.0,0.0006,1.0,1.0,2.0,1.0,26197500.0,15300000.0,15054600.0,20177800.0,0.0013,0.9935,1.0,0.0007,0.9824,0.9783,1.0,0.9402,0.01083071315138232,21553935.0
2025-01-27,GOOGL,0,41728900,0.0319630426600554,0.9999,0.0,0.0001,1,0.9999,1.0,0.9999,0.0,-0.0,0.0012,1.0,1.0,1.0,1.0,1.0,23877500.0,29971300.0,27735100.0,26665200.0,0.0,0.0,0.0013,1.0,0.8999,0.0924,0.9824,1.0,0.015110584935254587,30058955.0
2025-01-27,META,1,28399200,0.0618726487569423,0.9985,0.0012,0.0004,1,0.9973,0.9988,0.9996,0.6547,0.4985,0.1607,-0.0034,2.0,2.0,2.0,1.0,19065300.0,12274000.0,17280600.0,13598000.0,0.6568,0.5092,0.1728,0.0036,0.9984,0.9895,0.9649,0.0381,0.0177500713880928,12815220.0
2025-01-28,AMZN,1,41587200,0.0332494292037821,1.0,0.0,0.0,1,1.0,1.0,1.0,0.2715,0.4963,-0.0,-0.0011,1.0,2.0,1.0,1.0,25890700.0,41448200.0,39951500.0,31291300.0,0.3225,0.497,0.0001,0.0011,0.9209,0.9993,0.4894,0.0101,0.015714963926598647,32876090.0
2025-01-28,GOOGL,1,24157900,0.0249027395681339,1.0,0.0,0.0,1,1.0,1.0,1.0,0.9999,0.0,-0.0,0.0373,1.0,1.0,1.0,3.0,41728900.0,23877500.0,29971300.0,21823700.0,0.9999,0.0,0.0,0.3365,1.0,0.8999,0.0924,0.5554,0.015050509152003684,30520170.0
2025-01-28,META,1,20950100,0.0346997693494274,0.0007,0.0022,0.9971,2,-0.0014,0.2549,0.0029,0.9973,0.6547,0.4985,0.9779,1.0,2.0,2.0,1.0,28399200.0,19065300.0,12274000.0,15524300.0,0.9996,0.6568,0.5092,0.9947,0.9988,0.9984,0.9895,0.9916,0.02023178038879633,13489820.0
2025-01-29,AAPL,1,45486100,0.0249872126495963,0.976,0.0,0.024,1,0.9759,1.0,0.976,-0.0005,-0.0436,-0.9998,-0.9971,1.0,2.0,1.0,2.0,54697900.0,60234800.0,64126500.0,71759100.0,0.0005,0.0439,1.0,0.9972,0.0129,0.0044,0.0001,0.0001,0.012217000972699508,50838775.0
2025-01-29,AMZN,0,26091700,0.0177391239953741,0.0,0.0,1.0,1,-0.0,0.1043,0.0,1.0,0.2715,0.4963,-0.4971,1.0,1.0,2.0,2.0,41587200.0,25890700.0,41448200.0,24757300.0,1.0,0.3225,0.497,0.4973,1.0,0.9209,0.9993,0.0002,0.0146275917591824,32746545.0
2025-01-29,META,1,21377800,0.0227851924189814,0.5002,0.0034,0.4964,2,0.4968,0.9933,0.5036,-0.0014,0.9973,0.6547,0.1607,2.0,1.0,2.0,2.0,20950100.0,28399200.0,19065300.0,17280600.0,0.0029,0.9996,0.6568,0.1728,0.2549,0.9988,0.9984,0.9649,0.02037797524445715,13802475.0
2025-01-29,MSFT,0,23581400,0.0145067293893107,0.0,0.3452,0.6548,3,-0.3452,0.0,0.3452,0.999,0.0012,0.9504,1.0,1.0,1.0,1.0,1.0,15549500.0,26197500.0,15300000.0,16662900.0,0.999,0.0013,0.9935,1.0,1.0,0.9824,0.9783,1.0,0.010214692778087738,21285420.0
2025-01-29,TSLA,0,68033600,0.0357025015982328,0.0,1.0,0.0,1,-1.0,0.0,1.0,-0.0002,0.3362,-0.0002,-0.9976,1.0,1.0,1.0,1.0,60963300.0,87320900.0,68335200.0,109710700.0,0.0011,0.3927,0.0002,0.9977,0.3971,0.928,0.0096,0.0,0.02431963532193159,103327370.0
2025-01-30,AAPL,0,55658300,0.0149997343601244,1.0,0.0,0.0,1,1.0,1.0,1.0,0.9759,-0.0005,-0.0436,-1.0,1.0,1.0,2.0,1.0,45486100.0,54697900.0,60234800.0,98070400.0,0.976,0.0005,0.0439,1.0,1.0,0.0129,0.0044,0.0,0.013132967706859731,51300355.0
2025-01-30,AMZN,0,32020700,0.0241629237677614,0.0001,0.5068,0.493,6,-0.5067,0.0003,0.507,-0.0,1.0,0.2715,-0.0,1.0,1.0,1.0,1.0,26091700.0,41587200.0,25890700.0,39951500.0,0.0,1.0,0.3225,0.0001,0.1043,1.0,0.9209,0.4894,0.014655994929384688,31710160.0
2025-01-30,GOOGL,1,24354700,0.0188383622602985,1.0,0.0,0.0,1,1.0,1.0,1.0,1.0,0.9999,0.0,0.0012,1.0,1.0,1.0,1.0,24157900.0,41728900.0,23877500.0,27735100.0,1.0,0.9999,0.0,0.0013,1.0,1.0,0.8999,0.9824,0.012836669893748043,28741345.0
2025-01-30,META,0,29322900,0.0497833042633425,0.5,0.0,0.5,2,0.5,1.0,0.5,0.4968,-0.0014,0.9973,0.4985,2.0,2.0,1.0,2.0,21377800.0,20950100.0,28399200.0,12274000.0,0.5036,0.0029,0.9996,0.5092,0.9933,0.2549,0.9988,0.9895,0.020055412953465804,14467305.0
2025-01-30,MSFT,0,54586300,0.0231630296915484,0.0,1.0,0.0,1,-1.0,0.0,1.0,-0.3452,0.999,0.0012,1.0,3.0,1.0,1.0,2.0,23581400.0,15549500.0,26197500.0,15054600.0,0.3452,0.999,0.0013,1.0,0.0,1.0,0.9824,1.0,0.01026623899223088,21503025.0
2025-01-30,TSLA,0,98092900,0.0683820936300814,0.0046,0.9951,0.0003,1,-0.9905,0.0046,0.9997,-1.0,-0.0002,0.3362,-0.7246,1.0,1.0,1.0,1.0,68033600.0,60963300.0,87320900.0,84565000.0,1.0,0.0011,0.3927,0.7249,0.0,0.3971,0.928,0.0002,0.024379598967576604,102828540.0
2025-01-31,AMZN,1,36110200,0.0164058757886827,0.0293,0.4996,0.4711,2,-0.4704,0.0553,0.5289,-0.5067,-0.0,1.0,0.4963,6.0,1.0,1.0,2.0,32020700.0,26091700.0,41587200.0,41448200.0,0.507,0.0,1.0,0.497,0.0003,0.1043,1.0,0.9993,0.014725059027019987,31751200.0
2025-01-31,GOOGL,1,32001100,0.0182177855236697,1.0,0.0,0.0,1,1.0,1.0,1.0,1.0,1.0,0.9999,-0.0,1.0,1.0,1.0,1.0,24354700.0,24157900.0,41728900.0,29971300.0,1.0,1.0,0.9999,0.0,1.0,1.0,1.0,0.0924,0.012983953403995937,28028850.0
2025-01-31,TSLA,1,83283600,0.0464473238691573,0.0,0.0,1.0,1,-0.0,0.0862,0.0,-0.9905,-1.0,-0.0002,-0.0002,1.0,1.0,1.0,1.0,98092900.0,68033600.0,60963300.0,68335200.0,0.9997,1.0,0.0011,0.0002,0.0046,0.0,0.3971,0.0096,0.024684252885244312,103033990.0
2025-02-03,AAPL,0,73063300,0.0266533533475425,0.0002,0.9989,0.0009,1,-0.9987,0.0002,0.9991,1.0,0.9759,-0.0005,-0.9998,1.0,1.0,1.0,1.0,55658300.0,45486100.0,54697900.0,64126500.0,1.0,0.976,0.0005,1.0,1.0,1.0,0.0129,0.0001,0.013151245063264157,52312410.0
2025-02-03,AMZN,1,37285900,0.0271298221385564,0.0288,0.3332,0.638,3,-0.3043,0.0797,0.362,-0.4704,-0.5067,-0.0,0.2715,2.0,6.0,1.0,1.0,36110200.0,32020700.0,26091700.0,25890700.0,0.5289,0.507,0.0,0.3225,0.0553,0.0003,0.1043,0.9209,0.014031489918202189,31787420.0
2025-02-03,BRK-B,1,4232000,0.0263168967095394,0.9994,0.0,0.0006,1,0.9994,1.0,0.9994,-0.0025,-0.0,0.0012,-0.0,1.0,1.0,1.0,2.0,4424500.0,4910200.0,6467000.0,3639200.0,0.0027,0.0,0.0013,0.0,0.032,0.0857,0.9824,0.3016,0.008416136120888335,3972635.0
2025-02-04,BRK-B,1,3238400,0.0112057285407156,0.0017,0.0001,0.9982,2,0.0017,0.9686,0.0018,0.9994,-0.0025,-0.0,1.0,1.0,1.0,1.0,1.0,4232000.0,4424500.0,4910200.0,3475700.0,0.9994,0.0027,0.0,1.0,1.0,0.032,0.0857,1.0,0.008651328022124365,4027660.0
2025-02-04,GOOGL,1,43856400,0.0208466763650516,0.0037,0.6694,0.3269,3,-0.6657,0.0055,0.6731,1.0,1.0,1.0,0.0,1.0,1.0,1.0,1.0,32001100.0,24354700.0,24157900.0,23877500.0,1.0,1.0,1.0,0.0,1.0,1.0,1.0,0.8999,0.01300095453439283,27972140.0
2025-02-04,JPM,0,5626000,0.0111547947171473,1.0,0.0,0.0,1,1.0,1.0,1.0,-0.0001,0.0043,0.3427,-0.0011,2.0,1.0,3.0,1.0,9021900.0,13712100.0,18448500.0,9491100.0,0.0001,0.0043,0.3705,0.0012,0.0115,0.9977,0.9625,0.0219,0.013759924588516301,9764160.0
2025-02-05,GOOGL,1,70373900,0.0247029938754017,0.0001,0.7983,0.2015,5,-0.7982,0.0002,0.7985,-0.6657,1.0,1.0,0.9999,3.0,1.0,1.0,1.0,43856400.0,32001100.0,24354700.0,41728900.0,0.6731,1.0,1.0,0.9999,0.0055,1.0,1.0,1.0,0.013262610845458734,29201635.0
2025-02-05,META,1,17778200,0.0271906832701726,0.9651,0.0036,0.0312,2,0.9615,0.9963,0.9688,0.5,0.4968,-0.0014,0.6547,2.0,2.0,2.0,2.0,29322900.0,21377800.0,20950100.0,19065300.0,0.5,0.5036,0.0029,0.6568,1.0,0.9933,0.2549,0.9984,0.019848788114777804,15086675.0
2025-02-05,UNH,1,4621600,0.0354041410019917,0.0041,0.0008,0.9951,1,0.0033,0.8369,0.0049,0.0,-0.9738,0.0002,-1.0,1.0,3.0,1.0,1.0,7495700.0,9059900.0,3978300.0,10956900.0,0.0,0.974,0.0003,1.0,0.5389,0.0001,0.9255,0.0,0.022969193714998667,6332070.0
2025-02-06,AMZN,1,60897100,0.0153355289253138,0.0,0.6671,0.3329,3,-0.6671,0.0,0.6671,-0.3043,-0.4704,-0.5067,1.0,3.0,2.0,6.0,1.0,37285900.0,36110200.0,32020700.0,41587200.0,0.362,0.5289,0.507,1.0,0.0797,0.0553,0.0003,1.0,0.014687583893781163,31854310.0
2025-02-06,GOOGL,1,29297400,0.0178364373763194,0.0001,0.0054,0.9945,2,-0.0053,0.0203,0.0055,-0.7982,-0.6657,1.0,1.0,5.0,3.0,1.0,1.0,70373900.0,43856400.0,32001100.0,24157900.0,0.7985,0.6731,1.0,1.0,0.0002,0.0055,1.0,1.0,0.012956961295677177,31647210.0
2025-02-06,JPM,1,7264400,0.021251636210323,0.0097,0.0112,0.9791,1,-0.0016,0.462,0.0209,1.0,-0.0001,0.0043,-1.0,1.0,2.0,1.0,1.0,5626000.0,9021900.0,13712100.0,10256800.0,1.0,0.0001,0.0043,1.0,1.0,0.0115,0.9977,0.0,0.012581983520006813,9612270.0
2025-02-07,AMZN,0,77539300,0.0290322580645161,0.0024,0.6625,0.3351,3,-0.6601,0.0036,0.6649,-0.6671,-0.3043,-0.4704,-0.0,3.0,3.0,2.0,1.0,60897100.0,37285900.0,36110200.0,26091700.0,0.6671,0.362,0.5289,0.0,0.0,0.0797,0.0553,0.1043,0.01127328204391043,32735095.0
2025-02-10,AMZN,1,35419900,0.0204727875004343,0.0014,0.0,0.9986,1,0.0013,0.9725,0.0014,-0.6601,-0.6671,-0.3043,-0.5067,3.0,3.0,3.0,6.0,77539300.0,60897100.0,37285900.0,32020700.0,0.6649,0.6671,0.362,0.507,0.0036,0.0,0.0797,0.0003,0.011569805423027199,34616125.0
2025-02-10,GOOGL,0,23105600,0.0124899720398073,0.0,0.0,1.0,1,-0.0,0.4003,0.0,-0.0053,-0.7982,-0.6657,1.0,2.0,5.0,3.0,1.0,29297400.0,70373900.0,43856400.0,24354700.0,0.0055,0.7985,0.6731,1.0,0.0203,0.0002,0.0055,1.0,0.012897026018355507,30371430.0
2025-02-10,TSLA,0,77514900,0.0342213939356712,0.8681,0.1045,0.0274,1,0.7635,0.8925,0.9726,-0.0,-0.9905,-1.0,0.3362,1.0,1.0,1.0,1.0,83283600.0,98092900.0,68033600.0,87320900.0,0.0,0.9997,1.0,0.3927,0.0862,0.0046,0.0,0.928,0.024778922093770837,104383010.0
2025-02-10,UNH,1,3143100,0.0204293755772613,0.0,0.0,0.9999,1,-0.0,0.188,0.0001,0.0033,0.0,-0.9738,0.0,1.0,1.0,3.0,1.0,4621600.0,7495700.0,9059900.0,4141700.0,0.0049,0.0,0.974,0.0,0.8369,0.5389,0.0001,0.6044,0.023611479996808106,6348630.0
2025-02-11,META,1,12998000,0.0190938077964169,0.0593,0.0056,0.9352,2,0.0537,0.9141,0.0648,0.9615,0.5,0.4968,0.9973,2.0,2.0,2.0,1.0,17778200.0,29322900.0,21377800.0,28399200.0,0.9688,0.5,0.5036,0.9996,0.9963,1.0,0.9933,0.9988,0.01984244313681398,15601850.0
2025-02-12,AAPL,1,45243300,0.027162690834688,0.9902,0.0,0.0098,1,0.9902,1.0,0.9902,-0.9987,1.0,0.9759,-0.0436,1.0,1.0,1.0,2.0,73063300.0,55658300.0,45486100.0,60234800.0,0.9991,1.0,0.976,0.0439,0.0002,1.0,1.0,0.0044,0.01285889754359301,52747070.0
2025-02-12,BRK-B,1,3297600,0.0086302132844228,0.9983,0.0,0.0016,1,0.9983,1.0,0.9984,0.0017,0.9994,-0.0025,0.0012,2.0,1.0,1.0,1.0,3238400.0,4232000.0,4424500.0,6467000.0,0.0018,0.9994,0.0027,0.0013,0.9686,1.0,0.032,0.9824,0.00877391778597254,4006820.0
2025-02-12,JPM,1,6683900,0.011675468344302,0.4739,0.0125,0.5136,2,0.4614,0.9742,0.4864,-0.0016,1.0,-0.0001,0.3427,1.0,1.0,2.0,3.0,7264400.0,5626000.0,9021900.0,18448500.0,0.0209,1.0,0.0001,0.3705,0.462,1.0,0.0115,0.9625,0.013244014149806317,9548485.0
2025-02-13,AAPL,1,53614100,0.0285762057702193,0.0,0.0001,0.9999,1,-0.0001,0.1794,0.0001,0.9902,-0.9987,1.0,-0.0005,1.0,1.0,1.0,1.0,45243300.0,73063300.0,55658300.0,54697900.0,0.9902,0.9991,1.0,0.0005,1.0,0.0002,1.0,0.0129,0.013881565496719447,51745400.0
2025-02-13,AMZN,1,31346500,0.012672028923489,0.5004,0.0007,0.4989,2,0.4996,0.9985,0.5011,0.0013,-0.6601,-0.6671,-0.4704,1.0,3.0,3.0,2.0,35419900.0,77539300.0,60897100.0,36110200.0,0.0014,0.6649,0.6671,0.5289,0.9725,0.0036,0.0,0.0553,0.01194000792708808,34983620.0
2025-02-13,GOOGL,1,21402500,0.0170355862894751,0.0,0.9957,0.0043,1,-0.9957,0.0,0.9957,-0.0,-0.0053,-0.7982,1.0,1.0,2.0,5.0,1.0,23105600.0,29297400.0,70373900.0,32001100.0,0.0,0.0055,0.7985,1.0,0.4003,0.0203,0.0002,1.0,0.012845747368545504,30269535.0
2025-02-13,JPM,1,8398700,0.011470067739054,0.0,0.0001,0.9999,1,-0.0001,0.0185,0.0001,0.4614,-0.0016,1.0,0.0043,2.0,1.0,1.0,1.0,6683900.0,7264400.0,5626000.0,13712100.0,0.4864,0.0209,1.0,0.0043,0.9742,0.462,1.0,0.9977,0.013322450444745814,9520115.0
2025-02-14,BRK-B,0,2825800,0.0105925095499349,0.0001,0.5305,0.4694,2,-0.5305,0.0001,0.5306,0.9983,0.0017,0.9994,-0.0,1.0,2.0,1.0,1.0,3297600.0,3238400.0,4232000.0,4910200.0,0.9984,0.0018,0.9994,0.0,1.0,0.9686,1.0,0.0857,0.007865091520154568,3885040.0
2025-02-14,META,1,16901200,0.0210565148854197,0.0056,0.0004,0.994,2,0.0051,0.9265,0.006,0.0537,0.9615,0.5,-0.0014,2.0,2.0,2.0,2.0,12998000.0,17778200.0,29322900.0,20950100.0,0.0648,0.9688,0.5,0.0029,0.9141,0.9963,1.0,0.2549,0.01969929500135259,15829085.0
2025-02-14,TSLA,0,68277300,0.0402085302987374,0.4992,0.0,0.5007,2,0.4992,1.0,0.4993,0.7635,-0.0,-0.9905,-0.0002,1.0,1.0,1.0,1.0,77514900.0,83283600.0,98092900.0,60963300.0,0.9726,0.0,0.9997,0.0011,0.8925,0.0862,0.0046,0.3971,0.02484980202268394,101127310.0
2025-02-18,BRK-B,1,3351000,0.0133846643577742,0.0,0.0,1.0,1,0.0,0.796,0.0,-0.5305,0.9983,0.0017,-0.0025,2.0,1.0,2.0,1.0,2825800.0,3297600.0,3238400.0,4424500.0,0.5306,0.9984,0.0018,0.0027,0.0001,1.0,0.9686,0.032,0.007855814865233839,3883245.0
2025-02-18,GOOGL,0,29916700,0.0227370747948653,0.9999,0.0,0.0001,1,0.9999,1.0,0.9999,-0.9957,-0.0,-0.0053,-0.6657,1.0,1.0,2.0,3.0,21402500.0,23105600.0,29297400.0,43856400.0,0.9957,0.0,0.0055,0.6731,0.0,0.4003,0.0203,0.0055,0.01234527579065178,29092915.0
2025-02-18,JPM,1,7919800,0.0142723372873716,0.3333,0.3334,0.3333,3,-0.0001,0.4999,0.6667,-0.0001,0.4614,-0.0016,-0.0001,1.0,2.0,1.0,2.0,8398700.0,6683900.0,7264400.0,9021900.0,0.0001,0.4864,0.0209,0.0001,0.0185,0.9742,0.462,0.0115,0.013360257204835855,9604105.0
2025-02-18,META,0,21938700,0.0415217358133067,1.0,0.0,0.0,1,1.0,1.0,1.0,0.0051,0.0537,0.9615,0.4968,2.0,2.0,2.0,2.0,16901200.0,12998000.0,17778200.0,21377800.0,0.006,0.0648,0.9688,0.5036,0.9265,0.9141,0.9963,0.9933,0.019690112104028733,16129865.0
2025-02-19,AAPL,1,32204200,0.0116487811741497,0.0002,0.0002,0.9996,1,0.0001,0.5895,0.0004,-0.0001,0.9902,-0.9987,0.9759,1.0,1.0,1.0,1.0,53614100.0,45243300.0,73063300.0,45486100.0,0.0001,0.9902,0.9991,0.976,0.1794,1.0,0.0002,1.0,0.014514093819299873,51698050.0
2025-02-19,JPM,1,7007200,0.0108843980391923,0.0,0.1483,0.8517,1,-0.1482,0.0003,0.1483,-0.0001,-0.0001,0.4614,1.0,3.0,1.0,2.0,1.0,7919800.0,8398700.0,6683900.0,5626000.0,0.6667,0.0001,0.4864,1.0,0.4999,0.0185,0.9742,1.0,0.011490324662283469,9084060.0
2025-02-19,META,0,17535500,0.0164891148333031,0.0,0.9866,0.0133,2,-0.9866,0.0,0.9867,1.0,0.0051,0.0537,0.5,1.0,2.0,2.0,2.0,21938700.0,16901200.0,12998000.0,29322900.0,1.0,0.006,0.0648,0.5,1.0,0.9265,0.9141,1.0,0.02059474692950322,16581910.0
2025-02-19,UNH,1,4380300,0.0273472399862158,0.0,0.0001,0.9999,1,-0.0001,0.0415,0.0001,-0.0,0.0033,0.0,0.0002,1.0,1.0,1.0,1.0,3143100.0,4621600.0,7495700.0,3978300.0,0.0001,0.0049,0.0,0.0003,0.188,0.8369,0.5389,0.9255,0.02392251662899435,6336920.0
2025-02-20,AMZN,0,30001700,0.0147700299948776,0.0,0.0,1.0,1,-0.0,0.0866,0.0,0.4996,0.0013,-0.6601,-0.3043,2.0,1.0,3.0,3.0,31346500.0,35419900.0,77539300.0,37285900.0,0.5011,0.0014,0.6649,0.362,0.9985,0.9725,0.0036,0.0797,0.011963199089861284,35182590.0
2025-02-20,JPM,0,13846700,0.046648486944394,0.0,0.0,1.0,1,-0.0,0.0147,0.0,-0.1482,-0.0001,-0.0001,-0.0016,1.0,3.0,1.0,1.0,7007200.0,7919800.0,8398700.0,7264400.0,0.1483,0.6667,0.0001,0.0209,0.0003,0.4999,0.0185,0.462,0.011401564577459186,9115295.0
2025-02-20,META,0,12587400,0.0171953730647721,0.0,0.0001,0.9999,1,-0.0001,0.036,0.0001,-0.9866,1.0,0.0051,0.9615,2.0,1.0,2.0,2.0,17535500.0,21938700.0,16901200.0,17778200.0,0.9867,1.0,0.006,0.9688,0.0,1.0,0.9265,0.9963,0.018234738393550023,16604910.0
2025-02-20,MSFT,1,23508700,0.0163018345598833,0.0,0.0,1.0,1,-0.0,0.0741,0.0,-1.0,-0.3452,0.999,0.9504,1.0,3.0,1.0,1.0,54586300.0,23581400.0,15549500.0,15300000.0,1.0,0.3452,0.999,0.9935,0.0,0.0,1.0,0.9783,0.010402258774601226,23483625.0
2025-02-20,TSLA,0,45965400,0.0395562706610525,0.0,0.0,1.0,1,-0.0,0.0741,0.0,0.4992,0.7635,-0.0,-1.0,2.0,1.0,1.0,1.0,68277300.0,77514900.0,83283600.0,68033600.0,0.4993,0.9726,0.0,1.0,1.0,0.8925,0.0862,0.0,0.024799435704930695,100494230.0
2025-02-21,META,0,15660400,0.0308794528092968,0.8159,0.0042,0.1799,1,0.8117,0.9949,0.8201,-0.0001,-0.9866,1.0,0.0537,1.0,2.0,1.0,2.0,12587400.0,17535500.0,21938700.0,12998000.0,0.0001,0.9867,1.0,0.0648,0.036,0.0,1.0,0.9141,0.018056863285312162,16723990.0
2025-02-21,MSFT,0,27524800,0.0243445948954899,0.1946,0.0008,0.8045,1,0.1938,0.9957,0.1955,-0.0,-1.0,-0.3452,0.0012,1.0,1.0,3.0,1.0,23508700.0,54586300.0,23581400.0,26197500.0,0.0,1.0,0.3452,0.0013,0.0741,0.0,0.0,0.9824,0.010409452067021105,23966640.0
2025-02-21,UNH,1,19864900,0.0709817155579735,0.0,0.6658,0.3341,3,-0.6658,0.0,0.6659,-0.0001,-0.0,0.0033,-0.9738,1.0,1.0,1.0,3.0,4380300.0,3143100.0,4621600.0,9059900.0,0.0001,0.0001,0.0049,0.974,0.0415,0.188,0.8369,0.0001,0.02456628608694128,6476840.0
2025-02-24,BRK-B,1,9862400,0.0428541907356838,0.0342,0.0203,0.9455,1,0.0138,0.6268,0.0545,0.0,-0.5305,0.9983,0.9994,1.0,2.0,1.0,1.0,3351000.0,2825800.0,3297600.0,4232000.0,0.0,0.5306,0.9984,0.9994,0.796,0.0001,1.0,1.0,0.007925442013686524,3882940.0
2025-02-24,GOOGL,0,29854200,0.0232430111536973,0.0001,0.0585,0.9414,1,-0.0585,0.0009,0.0586,0.9999,-0.9957,-0.0,-0.7982,1.0,1.0,1.0,5.0,29916700.0,21402500.0,23105600.0,70373900.0,0.9999,0.9957,0.0,0.7985,1.0,0.0,0.4003,0.0002,0.009254708381926038,28880445.0
2025-02-24,MSFT,0,26443700,0.0246015704700473,0.0008,0.9596,0.0396,1,-0.9588,0.0008,0.9604,0.1938,-0.0,-1.0,0.999,1.0,1.0,1.0,1.0,27524800.0,23508700.0,54586300.0,15549500.0,0.1955,0.0,1.0,0.999,0.9957,0.0741,0.0,1.0,0.011365373190760935,24510225.0
2025-02-25,AAPL,0,48013300,0.020524178781817,0.0,0.0003,0.9997,1,-0.0003,0.1091,0.0003,0.0001,-0.0001,0.9902,1.0,1.0,1.0,1.0,1.0,32204200.0,53614100.0,45243300.0,55658300.0,0.0004,0.0001,0.9902,1.0,0.5895,0.1794,1.0,1.0,0.014273030477523166,51201375.0
2025-02-25,AMZN,1,58958000,0.0433775573594331,0.0,0.0003,0.9997,1,-0.0003,0.1091,0.0003,-0.0,0.4996,0.0013,-0.6671,1.0,2.0,1.0,3.0,30001700.0,31346500.0,35419900.0,60897100.0,0.0,0.5011,0.0014,0.6671,0.0866,0.9985,0.9725,0.0,0.011565853387156377,35441690.0
2025-02-25,BRK-B,0,6757500,0.0300109436285161,0.1267,0.0205,0.8528,2,0.1062,0.8608,0.1472,0.0138,0.0,-0.5305,0.0017,1.0,1.0,2.0,2.0,9862400.0,3351000.0,2825800.0,3238400.0,0.0545,0.0,0.5306,0.0018,0.6268,0.796,0.0001,0.9686,0.010544392852863885,4108095.0
2025-02-25,GOOGL,0,41913400,0.0227477151453771,0.0084,0.5923,0.3993,1,-0.584,0.014,0.6007,-0.0585,0.9999,-0.9957,-0.0053,1.0,1.0,1.0,2.0,29854200.0,29916700.0,21402500.0,29297400.0,0.0586,0.9999,0.9957,0.0055,0.0009,1.0,0.0,0.0203,0.009979290644652684,29089405.0
2025-02-25,JPM,0,9608400,0.0367997311222608,1.0,0.0,0.0,1,1.0,1.0,1.0,-0.0,-0.1482,-0.0001,0.4614,1.0,1.0,3.0,2.0,13846700.0,7007200.0,7919800.0,6683900.0,0.0,0.1483,0.6667,0.4864,0.0147,0.0003,0.4999,0.9742,0.014440174366802928,9457605.0
2025-02-25,META,0,20579700,0.0392510410354374,0.0,0.0001,0.9999,1,-0.0001,0.1238,0.0001,0.8117,-0.0001,-0.9866,0.0051,1.0,1.0,2.0,2.0,15660400.0,12587400.0,17535500.0,16901200.0,0.8201,0.0001,0.9867,0.006,0.9949,0.036,0.0,0.9265,0.01872303167997926,17155715.0
2025-02-25,MSFT,0,29387400,0.0130142137653217,0.0001,0.0001,0.9998,2,-0.0,0.3674,0.0002,-0.9588,0.1938,-0.0,-0.3452,1.0,1.0,1.0,3.0,26443700.0,27524800.0,23508700.0,23581400.0,0.9604,0.1955,0.0,0.3452,0.0008,0.9957,0.0741,0.0,0.011255704146174729,25091410.0
2025-02-25,TSLA,0,134228800,0.0967525402464456,0.3334,0.3315,0.3352,3,0.0019,0.5014,0.6648,-0.0,0.4992,0.7635,-0.9905,1.0,2.0,1.0,1.0,45965400.0,68277300.0,77514900.0,98092900.0,0.0,0.4993,0.9726,0.9997,0.0741,1.0,0.8925,0.0046,0.01854721662280391,92567905.0
2025-02-26,AMZN,0,39120600,0.0235880118481007,0.0395,0.0016,0.9589,1,0.038,0.9617,0.0411,-0.0003,-0.0,0.4996,-0.6601,1.0,1.0,2.0,3.0,58958000.0,30001700.0,31346500.0,77539300.0,0.0003,0.0,0.5011,0.6649,0.1091,0.0866,0.9985,0.0036,0.011501523628895585,37013810.0
2025-02-26,GOOGL,0,35431300,0.0257040030372894,0.0,0.0002,0.9998,1,-0.0001,0.1845,0.0002,-0.584,-0.0585,0.9999,-0.0,1.0,1.0,1.0,1.0,41913400.0,29854200.0,29916700.0,23105600.0,0.6007,0.0586,0.9999,0.0,0.014,0.0009,1.0,0.4003,0.010579168688442992,30471840.0
2025-02-26,MSFT,1,19619000,0.0234918868221969,0.0,0.0,1.0,1,-0.0,0.1052,0.0,-0.0,-0.9588,0.1938,-1.0,2.0,1.0,1.0,1.0,29387400.0,26443700.0,27524800.0,54586300.0,0.0002,0.9604,0.1955,1.0,0.3674,0.0008,0.9957,0.0,0.011153257853467595,25850475.0
2025-02-27,AMZN,0,40548600,0.0531257420621105,0.5,0.0,0.5,2,0.5,1.0,0.5,0.038,-0.0003,-0.0,0.0013,1.0,1.0,1.0,1.0,39120600.0,58958000.0,30001700.0,35419900.0,0.0411,0.0003,0.0,0.0014,0.9617,0.1091,0.0866,0.9725,0.01146919219098671,37377350.0
2025-02-27,BRK-B,1,4507700,0.0188136300247965,0.0026,0.0637,0.9337,1,-0.0611,0.0394,0.0663,0.1062,0.0138,0.0,0.9983,2.0,1.0,1.0,1.0,6757500.0,9862400.0,3351000.0,3297600.0,0.1472,0.0545,0.0,0.9984,0.8608,0.6268,0.796,1.0,0.009996212172745114,4194395.0
2025-02-27,GOOGL,0,39991000,0.0380481344225692,1.0,0.0,0.0,1,1.0,1.0,1.0,-0.0001,-0.584,-0.0585,-0.9957,1.0,1.0,1.0,1.0,35431300.0,41913400.0,29854200.0,21402500.0,0.0002,0.6007,0.0586,0.9957,0.1845,0.014,0.0009,0.0,0.010825595984956925,31370060.0
2025-02-27,META,0,12500000,0.0455418221612033,0.0,0.0001,0.9999,1,-0.0001,0.0302,0.0001,-0.0001,0.8117,-0.0001,1.0,1.0,1.0,1.0,1.0,20579700.0,15660400.0,12587400.0,21938700.0,0.0001,0.8201,0.0001,1.0,0.1238,0.9949,0.036,1.0,0.01877565618010548,17883725.0
2025-02-28,AAPL,1,56833400,0.0501793608051643,0.9999,0.0,0.0,1,0.9999,1.0,1.0,-0.0003,0.0001,-0.0001,-0.9987,1.0,1.0,1.0,1.0,48013300.0,32204200.0,53614100.0,73063300.0,0.0003,0.0004,0.0001,0.9991,0.1091,0.5895,0.1794,0.0002,0.014049889898216454,51370355.0
2025-03-03,BRK-B,0,5112300,0.023807696800614,0.0007,0.0002,0.9991,3,0.0005,0.8095,0.0009,-0.0611,0.1062,0.0138,-0.5305,1.0,2.0,1.0,2.0,4507700.0,6757500.0,9862400.0,2825800.0,0.0663,0.1472,0.0545,0.5306,0.0394,0.8608,0.6268,0.0001,0.010264263945807716,4256235.0
2025-03-03,META,0,10843800,0.0451400865027122,0.0001,0.0018,0.9982,1,-0.0017,0.0376,0.0018,-0.0001,-0.0001,0.8117,-0.9866,1.0,1.0,1.0,2.0,12500000.0,20579700.0,15660400.0,17535500.0,0.0001,0.0001,0.8201,0.9867,0.0302,0.1238,0.9949,0.0,0.019382734695469462,17780685.0
2025-03-03,MSFT,0,23007700,0.0317436523484576,0.9999,0.0,0.0001,1,0.9999,1.0,0.9999,-0.0,-0.0,-0.9588,-0.0,1.0,2.0,1.0,1.0,19619000.0,29387400.0,26443700.0,23508700.0,0.0,0.0002,0.9604,0.0,0.1052,0.3674,0.0008,0.0741,0.011067068077988655,25343970.0
2025-03-03,UNH,0,5700200,0.0254231879813866,0.0,1.0,0.0,1,-1.0,0.0,1.0,-0.6658,-0.0001,-0.0,0.0,3.0,1.0,1.0,1.0,19864900.0,4380300.0,3143100.0,7495700.0,0.6659,0.0001,0.0001,0.0,0.0,0.0415,0.188,0.5389,0.02860493251330047,7374600.0
2025-03-04,AMZN,1,60853100,0.0468242983728813,0.0,0.0,1.0,2,0.0,0.6008,0.0,0.5,0.038,-0.0003,0.4996,2.0,1.0,1.0,2.0,40548600.0,39120600.0,58958000.0,31346500.0,0.5,0.0411,0.0003,0.5011,1.0,0.9617,0.1091,0.9985,0.014036908242281427,38000570.0
2025-03-04,BRK-B,0,6126600,0.0298066630438058,0.0,0.0,1.0,1,-0.0,0.0032,0.0,0.0005,-0.0611,0.1062,0.0,3.0,1.0,2.0,1.0,5112300.0,4507700.0,6757500.0,3351000.0,0.0009,0.0663,0.1472,0.0,0.8095,0.0394,0.8608,0.796,0.010645742464419955,4318005.0
2025-03-04,MSFT,1,29342900,0.0302034083375394,0.0,0.0,1.0,1,-0.0,0.4043,0.0,0.9999,-0.0,-0.0,0.1938,1.0,1.0,2.0,1.0,23007700.0,19619000.0,29387400.0,27524800.0,0.9999,0.0,0.0002,0.1955,1.0,0.1052,0.3674,0.9957,0.011495181476542986,23795805.0
2025-03-05,BRK-B,1,4715800,0.0173588414346018,0.0,0.0002,0.9998,1,-0.0001,0.2123,0.0002,-0.0,0.0005,-0.0611,0.0138,1.0,3.0,1.0,1.0,6126600.0,5112300.0,4507700.0,9862400.0,0.0,0.0009,0.0663,0.0545,0.0032,0.8095,0.0394,0.6268,0.011781728683535182,4495770.0
2025-03-05,TSLA,1,94042900,0.043382660689432,0.5406,0.0012,0.4583,1,0.5394,0.9979,0.5417,0.0019,-0.0,0.4992,-0.0,3.0,1.0,2.0,1.0,134228800.0,45965400.0,68277300.0,83283600.0,0.6648,0.0,0.4993,0.0,0.5014,0.0741,1.0,0.0862,0.023167677423004955,93896665.0
2025-03-06,AMZN,0,49863800,0.0365459953217326,0.0017,0.9831,0.0151,1,-0.9814,0.0017,0.9849,0.0,0.5,0.038,-0.0,2.0,2.0,1.0,1.0,60853100.0,40548600.0,39120600.0,30001700.0,0.0,0.5,0.0411,0.0,0.6008,1.0,0.9617,0.0866,0.014716067010398645,39791560.0
2025-03-06,BRK-B,1,3989700,0.0150350239025904,0.7769,0.0003,0.2228,1,0.7766,0.9996,0.7772,-0.0001,-0.0,0.0005,0.1062,1.0,1.0,3.0,2.0,4715800.0,6126600.0,5112300.0,6757500.0,0.0002,0.0,0.0009,0.1472,0.2123,0.0032,0.8095,0.8608,0.01181361897662145,4539760.0
2025-03-06,GOOGL,1,28302000,0.0252741311760157,0.0001,0.9906,0.0093,1,-0.9906,0.0001,0.9907,1.0,-0.0001,-0.584,0.9999,1.0,1.0,1.0,1.0,39991000.0,35431300.0,41913400.0,29916700.0,1.0,0.0002,0.6007,0.9999,1.0,0.1845,0.014,1.0,0.012970485879157166,32351070.0
2025-03-06,TSLA,0,98451600,0.0464236013973071,0.0,0.9998,0.0002,1,-0.9998,0.0,0.9998,0.5394,0.0019,-0.0,0.7635,1.0,3.0,1.0,1.0,94042900.0,134228800.0,45965400.0,77514900.0,0.5417,0.6648,0.0,0.9726,0.9979,0.5014,0.0741,0.8925,0.023939901005774457,88072730.0
2025-03-07,AAPL,1,46273600,0.0281145021189735,0.0441,0.0057,0.9502,2,0.0383,0.8849,0.0498,0.9999,-0.0003,0.0001,0.9902,1.0,1.0,1.0,1.0,56833400.0,48013300.0,32204200.0,45243300.0,1.0,0.0003,0.0004,0.9902,1.0,0.1091,0.5895,1.0,0.014770345698755821,52106610.0
2025-03-07,AMZN,0,59802800,0.0488245286729304,0.3477,0.0033,0.649,1,0.3444,0.9907,0.351,-0.9814,0.0,0.5,-0.0003,1.0,2.0,2.0,1.0,49863800.0,60853100.0,40548600.0,58958000.0,0.9849,0.0,0.5,0.0003,0.0017,0.6008,1.0,0.1091,0.015019206148628634,41049165.0
2025-03-07,BRK-B,0,3842200,0.0164420067331876,0.0002,0.0006,0.9993,1,-0.0004,0.2144,0.0007,0.7766,-0.0001,-0.0,-0.0611,1.0,1.0,1.0,1.0,3989700.0,4715800.0,6126600.0,4507700.0,0.7772,0.0002,0.0,0.0663,0.9996,0.2123,0.0032,0.0394,0.01172834266222769,4651185.0
2025-03-07,META,1,21375700,0.0546556325737634,0.0,0.0,1.0,1,-0.0,0.2879,0.0,-0.0017,-0.0001,-0.0001,-0.0001,1.0,1.0,1.0,1.0,10843800.0,12500000.0,20579700.0,12587400.0,0.0018,0.0001,0.0001,0.0001,0.0376,0.0302,0.1238,0.036,0.02027438390381758,17818585.0
2025-03-10,AMZN,0,62350900,0.0300612957083018,0.0001,0.0456,0.9543,1,-0.0454,0.003,0.0457,0.3444,-0.9814,0.0,0.038,1.0,1.0,2.0,1.0,59802800.0,49863800.0,60853100.0,39120600.0,0.351,0.9849,0.0,0.0411,0.9907,0.0017,0.6008,0.9617,0.015000282256818988,42474740.0
2025-03-10,BRK-B,1,6262000,0.0213265555245536,0.0,0.0001,0.9999,1,-0.0,0.377,0.0001,-0.0004,0.7766,-0.0001,0.0005,1.0,1.0,1.0,3.0,3842200.0,3989700.0,4715800.0,5112300.0,0.0007,0.7772,0.0002,0.0009,0.2144,0.9996,0.2123,0.8095,0.011724493109068012,4681410.0
2025-03-10,GOOGL,0,43604000,0.0283490100332027,0.0001,0.9997,0.0002,1,-0.9997,0.0001,0.9998,-0.9906,1.0,-0.0001,-0.0585,1.0,1.0,1.0,1.0,28302000.0,39991000.0,35431300.0,29854200.0,0.9907,1.0,0.0002,0.0586,0.0001,1.0,0.1845,0.0009,0.012741776256511362,32287990.0
2025-03-10,JPM,0,18887200,0.0372973087853375,0.1825,0.0246,0.7929,1,0.1579,0.8813,0.2071,1.0,-0.0,-0.1482,-0.0001,1.0,1.0,1.0,1.0,9608400.0,13846700.0,7007200.0,8398700.0,1.0,0.0,0.1483,0.0001,1.0,0.0147,0.0003,0.0185,0.014723665124050463,9644525.0
2025-03-10,TSLA,0,189076900,0.1321374673490968,0.0,1.0,0.0,1,-1.0,0.0,1.0,-0.9998,0.5394,0.0019,0.4992,1.0,1.0,3.0,2.0,98451600.0,94042900.0,134228800.0,68277300.0,0.9998,0.5417,0.6648,0.4993,0.0,0.9979,0.5014,1.0,0.024287195667340552,86691030.0
2025-03-12,AAPL,0,62547500,0.0310711200002495,1.0,0.0,0.0,1,1.0,1.0,1.0,0.0383,0.9999,-0.0003,-0.0001,2.0,1.0,1.0,1.0,46273600.0,56833400.0,48013300.0,53614100.0,0.0498,1.0,0.0003,0.0001,0.8849,1.0,0.1091,0.1794,0.015067648937442174,52013435.0
2025-03-12,JPM,0,16054000,0.0301709949460805,0.0036,0.9749,0.0215,2,-0.9714,0.0036,0.9785,0.1579,1.0,-0.0,-0.0001,1.0,1.0,1.0,3.0,18887200.0,9608400.0,13846700.0,7919800.0,0.2071,1.0,0.0,0.6667,0.8813,1.0,0.0147,0.4999,0.014939150169111036,10242710.0
2025-03-12,META,0,15747000,0.0380695992609503,0.0099,0.1021,0.888,2,-0.0921,0.0887,0.112,-0.0,-0.0017,-0.0001,0.8117,1.0,1.0,1.0,1.0,21375700.0,10843800.0,12500000.0,15660400.0,0.0,0.0018,0.0001,0.8201,0.2879,0.0376,0.0302,0.9949,0.02009883149275309,17924540.0
2025-03-13,AMZN,0,41270800,0.035625965705338,0.0,0.4999,0.5001,2,-0.4999,0.0,0.4999,-0.0454,0.3444,-0.9814,0.5,1.0,1.0,1.0,2.0,62350900.0,59802800.0,49863800.0,40548600.0,0.0457,0.351,0.9849,0.5,0.003,0.9907,0.0017,1.0,0.014584025748109901,44354420.0
2025-03-13,META,0,16480300,0.0548004679312777,0.9185,0.0018,0.0797,1,0.9167,0.9981,0.9203,-0.0921,-0.0,-0.0017,-0.0001,2.0,1.0,1.0,1.0,15747000.0,21375700.0,10843800.0,20579700.0,0.112,0.0,0.0018,0.0001,0.0887,0.2879,0.0376,0.1238,0.020042810513735944,18031990.0
2025-03-13,MSFT,0,20473000,0.0205397093693728,0.9996,0.0,0.0004,1,0.9996,1.0,0.9996,-0.0,0.9999,-0.0,-0.9588,1.0,1.0,1.0,1.0,29342900.0,23007700.0,19619000.0,26443700.0,0.0,0.9999,0.0,0.9604,0.4043,1.0,0.1052,0.0008,0.011045177507141183,23928860.0
2025-03-14,AAPL,1,60107600,0.0206863674186391,0.0,0.0017,0.9983,1,-0.0017,0.0091,0.0017,1.0,0.0383,0.9999,0.0001,1.0,2.0,1.0,1.0,62547500.0,46273600.0,56833400.0,32204200.0,1.0,0.0498,1.0,0.0004,1.0,0.8849,1.0,0.5895,0.01544377305318864,53139115.0
2025-03-14,AMZN,1,38096700,0.016868378048183,0.997,0.001,0.002,2,0.9961,0.999,0.998,-0.4999,-0.0454,0.3444,0.0,2.0,1.0,1.0,2.0,41270800.0,62350900.0,59802800.0,60853100.0,0.4999,0.0457,0.351,0.0,0.0,0.003,0.9907,0.6008,0.015171166953870241,44420385.0
2025-03-14,BRK-B,1,5775600,0.0254857739750049,0.0005,0.0627,0.9369,1,-0.0622,0.0078,0.0631,-0.0,-0.0004,0.7766,-0.0,1.0,1.0,1.0,1.0,6262000.0,3842200.0,3989700.0,6126600.0,0.0001,0.0007,0.7772,0.0,0.377,0.2144,0.9996,0.0032,0.01211958069946351,4825475.0
2025-03-14,GOOGL,1,31995900,0.0247443402903329,1.0,0.0,0.0,1,1.0,1.0,1.0,-0.9997,-0.9906,1.0,-0.584,1.0,1.0,1.0,1.0,43604000.0,28302000.0,39991000.0,41913400.0,0.9998,0.9907,1.0,0.6007,0.0001,0.0001,1.0,0.014,0.01287195967494442,33134930.0
2025-03-14,META,1,12364500,0.0233575918046023,0.4994,0.0011,0.4995,2,0.4983,0.9979,0.5005,0.9167,-0.0921,-0.0,-0.0001,1.0,2.0,1.0,1.0,16480300.0,15747000.0,21375700.0,12500000.0,0.9203,0.112,0.0,0.0001,0.9981,0.0887,0.2879,0.0302,0.022133415639581693,18079790.0
2025-03-17,BRK-B,1,5343400,0.02234658604235,0.0,0.0,1.0,1,0.0,0.5632,0.0,-0.0622,-0.0,-0.0004,-0.0001,1.0,1.0,1.0,1.0,5775600.0,6262000.0,3842200.0,4715800.0,0.0631,0.0001,0.0007,0.0002,0.0078,0.377,0.2144,0.2123,0.011147372961194696,4840660.0
2025-03-18,AMZN,1,40414900,0.0239974808573613,0.0,0.0019,0.9981,1,-0.0019,0.007,0.0019,0.9961,-0.4999,-0.0454,-0.9814,2.0,2.0,1.0,1.0,38096700.0,41270800.0,62350900.0,49863800.0,0.998,0.4999,0.0457,0.9849,0.999,0.0,0.003,0.0017,0.014814001631923928,44252810.0
2025-03-18,BRK-B,0,4857800,0.0132458308325511,0.0007,0.0,0.9993,1,0.0006,0.9571,0.0007,0.0,-0.0622,-0.0,0.7766,1.0,1.0,1.0,1.0,5343400.0,5775600.0,6262000.0,3989700.0,0.0,0.0631,0.0001,0.7772,0.5632,0.0078,0.377,0.9996,0.011526082290906983,4925870.0
2025-03-18,GOOGL,0,42074800,0.0460043934276828,0.1676,0.2348,0.5976,3,-0.0672,0.4165,0.4024,1.0,-0.9997,-0.9906,-0.0001,1.0,1.0,1.0,1.0,31995900.0,43604000.0,28302000.0,35431300.0,1.0,0.9998,0.9907,0.0002,1.0,0.0001,0.0001,0.1845,0.013211472072470627,33643540.0
2025-03-18,JPM,1,10344900,0.0113092941859535,0.0001,0.1875,0.8124,1,-0.1874,0.0005,0.1876,-0.9714,0.1579,1.0,-0.1482,2.0,1.0,1.0,1.0,16054000.0,18887200.0,9608400.0,7007200.0,0.9785,0.2071,1.0,0.1483,0.0036,0.8813,1.0,0.0003,0.014324269582425657,10222855.0
2025-03-18,META,0,20297700,0.042646491752447,0.0,1.0,0.0,1,-1.0,0.0,1.0,0.4983,0.9167,-0.0921,-0.0017,2.0,1.0,2.0,1.0,12364500.0,16480300.0,15747000.0,10843800.0,0.5005,0.9203,0.112,0.0018,0.9979,0.9981,0.0887,0.0376,0.022120677917729186,17833985.0
2025-03-19,AMZN,1,39442900,0.0207363450490446,0.0006,0.3372,0.6623,1,-0.3366,0.0017,0.3377,-0.0019,0.9961,-0.4999,0.3444,1.0,2.0,2.0,1.0,40414900.0,38096700.0,41270800.0,59802800.0,0.0019,0.998,0.4999,0.351,0.007,0.999,0.0,0.9907,0.014814933158870013,44979020.0
2025-03-19,BRK-B,0,3798000,0.0115087766554954,0.0,0.0001,0.9999,1,-0.0001,0.0217,0.0001,0.0006,0.0,-0.0622,-0.0004,1.0,1.0,1.0,1.0,4857800.0,5343400.0,5775600.0,3842200.0,0.0007,0.0,0.0631,0.0007,0.9571,0.5632,0.0078,0.2144,0.011611532216420972,4994975.0
2025-03-19,GOOGL,1,34275600,0.0301063012028088,1.0,0.0,0.0,1,1.0,1.0,1.0,-0.0672,1.0,-0.9997,1.0,3.0,1.0,1.0,1.0,42074800.0,31995900.0,43604000.0,39991000.0,0.4024,1.0,0.9998,1.0,0.4165,1.0,0.0001,1.0,0.013817389477409969,34360525.0
2025-03-19,META,0,20537500,0.0300369461781682,0.0001,0.0047,0.9952,2,-0.0046,0.0204,0.0048,-1.0,0.4983,0.9167,-0.0,1.0,2.0,1.0,1.0,20297700.0,12364500.0,16480300.0,21375700.0,1.0,0.5005,0.9203,0.0,0.0,0.9979,0.9981,0.2879,0.02279365050561941,18235170.0
2025-03-20,GOOGL,1,28138500,0.0243237760576132,0.0,1.0,0.0,1,-1.0,0.0,1.0,1.0,-0.0672,1.0,-0.9906,1.0,3.0,1.0,1.0,34275600.0,42074800.0,31995900.0,28302000.0,1.0,0.4024,1.0,0.9907,1.0,0.4165,1.0,0.0001,0.014133282066578268,34575740.0
2025-03-20,JPM,1,8328500,0.0235035408182932,0.4457,0.0049,0.5494,1,0.4408,0.9891,0.4506,-0.1874,-0.9714,0.1579,-0.0,1.0,2.0,1.0,1.0,10344900.0,16054000.0,18887200.0,13846700.0,0.1876,0.9785,0.2071,0.0,0.0005,0.0036,0.8813,0.0147,0.014335086643177952,10166470.0
2025-03-20,TSLA,1,99028300,0.0340689811026425,0.9834,0.0123,0.0043,1,0.9711,0.9876,0.9957,-1.0,-0.9998,0.5394,-0.0,1.0,1.0,1.0,1.0,189076900.0,98451600.0,94042900.0,45965400.0,1.0,0.9998,0.5417,0.0,0.0,0.0,0.9979,0.0741,0.03405523089255711,92827840.0
2025-03-21,TSLA,1,132728700,0.0637048422092937,0.0,0.0008,0.9992,1,-0.0008,0.0139,0.0008,0.9711,-1.0,-0.9998,0.0019,1.0,1.0,1.0,3.0,99028300.0,189076900.0,98451600.0,134228800.0,0.9957,1.0,0.9998,0.6648,0.9876,0.0,0.0,0.5014,0.034557619247037145,94865895.0
2025-03-21,UNH,1,10244900,0.0271849668957512,0.0,0.0,1.0,1,-0.0,0.1175,0.0,-1.0,-0.6658,-0.0001,0.0033,1.0,3.0,1.0,1.0,5700200.0,19864900.0,4380300.0,4621600.0,1.0,0.6659,0.0001,0.0049,0.0,0.0,0.0415,0.8369,0.028679072982477752,7062640.0
2025-03-24,BRK-B,1,4858900,0.0111259942570244,0.9995,0.0,0.0005,1,0.9995,1.0,0.9995,-0.0001,0.0006,0.0,-0.0,1.0,1.0,1.0,1.0,3798000.0,4857800.0,5343400.0,6262000.0,0.0001,0.0007,0.0,0.0001,0.0217,0.9571,0.5632,0.377,0.011607606227860922,4861525.0
2025-03-24,GOOGL,1,30879100,0.0190339845284086,0.0001,0.0003,0.9997,2,-0.0002,0.1936,0.0003,-1.0,1.0,-0.0672,-0.9997,1.0,1.0,3.0,1.0,28138500.0,34275600.0,42074800.0,43604000.0,1.0,1.0,0.4024,0.9998,0.0,1.0,0.4165,0.0001,0.014027494344371436,34788790.0
2025-03-24,JPM,1,9422700,0.0174352242699534,0.0,0.0,1.0,1,-0.0,0.018,0.0,0.4408,-0.1874,-0.9714,1.0,1.0,1.0,2.0,1.0,8328500.0,10344900.0,16054000.0,9608400.0,0.4506,0.1876,0.9785,1.0,0.9891,0.0005,0.0036,1.0,0.01469502433850691,10130325.0
2025-03-24,META,1,15741300,0.0168137735383896,0.0002,0.1386,0.8612,2,-0.1384,0.0014,0.1388,-0.0046,-1.0,0.4983,-0.0921,2.0,1.0,2.0,2.0,20537500.0,20297700.0,12364500.0,15747000.0,0.0048,1.0,0.5005,0.112,0.0204,0.0,0.9979,0.0887,0.02218285203783127,18308780.0
2025-03-24,TSLA,1,169079900,0.0864461765225828,0.2744,0.0254,0.7002,1,0.2491,0.9154,0.2998,-0.0008,0.9711,-1.0,0.5394,1.0,1.0,1.0,1.0,132728700.0,99028300.0,189076900.0,94042900.0,0.0008,0.9957,1.0,0.5417,0.0139,0.9876,0.0,0.9979,0.03855164893823915,96684370.0
2025-03-25,AMZN,1,31171200,0.0146856846931716,0.0002,0.0,0.9998,1,0.0002,0.9975,0.0002,-0.3366,-0.0019,0.9961,-0.0454,1.0,1.0,2.0,1.0,39442900.0,40414900.0,38096700.0,62350900.0,0.3377,0.0019,0.998,0.0457,0.0017,0.007,0.999,0.003,0.014502190199812632,44871805.0
2025-03-25,BRK-B,1,3964800,0.0140558694326027,0.0,0.0,1.0,1,-0.0,0.3449,0.0,0.9995,-0.0001,0.0006,-0.0622,1.0,1.0,1.0,1.0,4858900.0,3798000.0,4857800.0,5775600.0,0.9995,0.0001,0.0007,0.0631,1.0,0.0217,0.9571,0.0078,0.01146540615195464,4858960.0
2025-03-25,GOOGL,1,24174400,0.0136702427328638,0.0001,0.0,0.9999,2,0.0001,0.7686,0.0001,-0.0002,-1.0,1.0,1.0,2.0,1.0,1.0,1.0,30879100.0,28138500.0,34275600.0,31995900.0,0.0003,1.0,1.0,1.0,0.1936,0.0,1.0,1.0,0.014036521442949144,34246300.0
2025-03-25,JPM,1,9287700,0.0168465454581062,0.0293,0.0002,0.9705,1,0.0291,0.9924,0.0295,-0.0,0.4408,-0.1874,0.1579,1.0,1.0,1.0,1.0,9422700.0,8328500.0,10344900.0,18887200.0,0.0,0.4506,0.1876,0.2071,0.018,0.9891,0.0005,0.8813,0.014905205252762184,10156475.0
2025-03-25,MSFT,1,15775000,0.0094434671413503,0.0,0.0,1.0,1,0.0,0.7694,0.0,0.9996,-0.0,0.9999,-0.0,1.0,1.0,1.0,2.0,20473000.0,29342900.0,23007700.0,29387400.0,0.9996,0.0,0.9999,0.0002,1.0,0.4043,1.0,0.3674,0.010830499742446388,23957420.0
2025-03-25,UNH,0,3015100,0.0144130601189424,0.0,0.0,1.0,1,0.0,0.7694,0.0,-0.0,-1.0,-0.6658,-0.0,1.0,1.0,3.0,1.0,10244900.0,5700200.0,19864900.0,3143100.0,0.0,1.0,0.6659,0.0001,0.1175,0.0,0.0,0.188,0.028518023186668778,7444480.0
2025-03-26,AMZN,0,32855300,0.0295375142791698,0.0012,0.0001,0.9987,2,0.0012,0.9537,0.0013,0.0002,-0.3366,-0.0019,-0.4999,1.0,1.0,1.0,2.0,31171200.0,39442900.0,40414900.0,41270800.0,0.0002,0.3377,0.0019,0.4999,0.9975,0.0017,0.007,0.0,0.014726758208056766,45125780.0
2025-03-26,BRK-B,1,5004400,0.012523586467161,0.0041,0.0047,0.9912,2,-0.0006,0.467,0.0088,-0.0,0.9995,-0.0001,0.0,1.0,1.0,1.0,1.0,3964800.0,4858900.0,3798000.0,5343400.0,0.0,0.9995,0.0001,0.0,0.3449,1.0,0.0217,0.5632,0.011336118814418506,4835975.0
2025-03-26,JPM,0,12779300,0.0193586669496933,0.0001,0.0019,0.998,2,-0.0018,0.0337,0.002,0.0291,-0.0,0.4408,-0.9714,1.0,1.0,1.0,2.0,9287700.0,9422700.0,8328500.0,16054000.0,0.0295,0.0,0.4506,0.9785,0.9924,0.018,0.9891,0.0036,0.014880907566848279,10267035.0
2025-03-26,META,0,12609800,0.0322296951084556,0.0001,0.0,0.9999,2,0.0001,0.7444,0.0001,-0.1384,-0.0046,-1.0,0.9167,2.0,2.0,1.0,1.0,15741300.0,20537500.0,20297700.0,16480300.0,0.1388,0.0048,1.0,0.9203,0.0014,0.0204,0.0,0.9981,0.017539516886461368,17675885.0
2025-03-26,MSFT,0,16108400,0.0170632664161392,0.9935,0.0001,0.0065,1,0.9934,0.9999,0.9935,0.0,0.9996,-0.0,-0.0,1.0,1.0,1.0,1.0,15775000.0,20473000.0,29342900.0,19619000.0,0.0,0.9996,0.0,0.0,0.7694,1.0,0.4043,0.1052,0.010784565780086117,23233825.0
2025-03-27,AAPL,1,37094800,0.0200099731098218,0.1105,0.0005,0.889,1,0.11,0.9958,0.111,-0.0017,1.0,0.0383,-0.0003,1.0,1.0,2.0,1.0,60107600.0,62547500.0,46273600.0,48013300.0,0.0017,1.0,0.0498,0.0003,0.0091,1.0,0.8849,0.1091,0.015585989101976188,54300965.0
2025-03-27,AMZN,1,27317700,0.0224500697921169,0.2802,0.0001,0.7197,1,0.2801,0.9996,0.2803,0.0012,0.0002,-0.3366,0.9961,2.0,1.0,1.0,2.0,32855300.0,31171200.0,39442900.0,38096700.0,0.0013,0.0002,0.3377,0.998,0.9537,0.9975,0.0017,0.999,0.015357230978086486,45167510.0
2025-03-27,BRK-B,1,5154600,0.0150586578469292,0.4227,0.0024,0.5749,2,0.4202,0.9943,0.4251,-0.0006,-0.0,0.9995,0.0006,2.0,1.0,1.0,1.0,5004400.0,3964800.0,4858900.0,4857800.0,0.0088,0.0,0.9995,0.0007,0.467,0.3449,1.0,0.9571,0.011306957692238018,4874595.0
2025-03-27,META,1,10436500,0.0235050239436253,0.0001,0.9998,0.0001,1,-0.9997,0.0001,0.9999,0.0001,-0.1384,-0.0046,0.4983,2.0,2.0,2.0,2.0,12609800.0,15741300.0,20537500.0,12364500.0,0.0001,0.1388,0.0048,0.5005,0.7444,0.0014,0.0204,0.9979,0.01701932395562231,17258870.0
2025-03-27,MSFT,1,13766800,0.0124061114944093,0.0001,0.0087,0.9912,1,-0.0086,0.0086,0.0088,0.9934,0.0,0.9996,0.9999,1.0,1.0,1.0,1.0,16108400.0,15775000.0,20473000.0,23007700.0,0.9935,0.0,0.9996,0.9999,0.9999,0.7694,1.0,1.0,0.010169933650053257,22798515.0
2025-03-31,AMZN,1,63547600,0.0368245275767397,0.0,0.0,1.0,1,-0.0,0.1465,0.0,0.2801,0.0012,0.0002,-0.0019,1.0,2.0,1.0,1.0,27317700.0,32855300.0,31171200.0,40414900.0,0.2803,0.0013,0.0002,0.0019,0.9996,0.9537,0.9975,0.007,0.015301290314625857,44727885.0
2025-03-31,BRK-B,1,7139300,0.033601877082646,0.0,0.0,1.0,2,-0.0,0.129,0.0,0.4202,-0.0006,-0.0,-0.0001,2.0,2.0,1.0,1.0,5154600.0,5004400.0,3964800.0,3798000.0,0.4251,0.0088,0.0,0.0001,0.9943,0.467,0.3449,0.0217,0.011299748265039095,4970405.0
2025-03-31,GOOGL,1,54603500,0.0318724420649863,0.0,0.0001,0.9999,1,-0.0001,0.0816,0.0001,0.0001,-0.0002,-1.0,-0.0672,2.0,2.0,1.0,3.0,24174400.0,30879100.0,28138500.0,42074800.0,0.0001,0.0003,1.0,0.4024,0.7686,0.1936,0.0,0.4165,0.013871076088868861,34247125.0
2025-03-31,META,1,21124700,0.0450754647986912,0.0,1.0,0.0,1,-1.0,0.0,1.0,-0.9997,0.0001,-0.1384,-1.0,1.0,2.0,2.0,1.0,10436500.0,12609800.0,15741300.0,20297700.0,0.9999,0.0001,0.1388,1.0,0.0001,0.7444,0.0014,0.0,0.016972042944713002,16711805.0
2025-03-31,MSFT,1,35184700,0.0263864735716256,0.0272,0.1197,0.8531,2,-0.0925,0.185,0.1469,-0.0086,0.9934,0.0,-0.0,1.0,1.0,1.0,1.0,13766800.0,16108400.0,15775000.0,29342900.0,0.0088,0.9935,0.0,0.0,0.0086,0.9999,0.7694,0.4043,0.01024494942330562,22563380.0
2025-03-31,TSLA,1,134008900,0.068990401976157,0.1913,0.0552,0.7536,2,0.1361,0.7761,0.2464,0.2491,-0.0008,0.9711,-0.9998,1.0,1.0,1.0,1.0,169079900.0,132728700.0,99028300.0,98451600.0,0.2998,0.0008,0.9957,0.9998,0.9154,0.0139,0.9876,0.0,0.04319817872797141,100260185.0
2025-04-01,BRK-B,1,4130600,0.0167518482791891,0.4966,0.0019,0.5015,2,0.4947,0.9962,0.4985,-0.0,0.4202,-0.0006,0.9995,2.0,2.0,2.0,1.0,7139300.0,5154600.0,5004400.0,4858900.0,0.0,0.4251,0.0088,0.9995,0.129,0.9943,0.467,1.0,0.011998317419092035,5162490.0
2025-04-01,GOOGL,1,30672900,0.0291629418612505,0.0177,0.0001,0.9822,2,0.0176,0.9941,0.0178,-0.0001,0.0001,-0.0002,1.0,1.0,2.0,2.0,1.0,54603500.0,24174400.0,30879100.0,34275600.0,0.0001,0.0001,0.0003,1.0,0.0816,0.7686,0.1936,1.0,0.013656389632743392,35759565.0
2025-04-01,JPM,1,8054700,0.0198252314541119,1.0,0.0,0.0,1,1.0,1.0,1.0,-0.0018,0.0291,-0.0,-0.1874,2.0,1.0,1.0,1.0,12779300.0,9287700.0,9422700.0,10344900.0,0.002,0.0295,0.0,0.1876,0.0337,0.9924,0.018,0.0005,0.014878441049933331,10619490.0
2025-04-01,META,1,12836600,0.0348783760911219,0.0,0.0,1.0,1,-0.0,0.0709,0.0,-1.0,-0.9997,0.0001,-0.0046,1.0,1.0,2.0,2.0,21124700.0,10436500.0,12609800.0,20537500.0,1.0,0.9999,0.0001,0.0048,0.0,0.0001,0.7444,0.0204,0.018522349460634864,16301895.0
2025-04-02,TSLA,1,212787800,0.1324429896054447,0.0,1.0,0.0,1,-1.0,0.0,1.0,0.1361,0.2491,-0.0008,-1.0,2.0,1.0,1.0,1.0,134008900.0,169079900.0,132728700.0,189076900.0,0.2464,0.2998,0.0008,1.0,0.7761,0.9154,0.0139,0.0,0.043362049137578504,101746250.0
2025-04-03,AAPL,0,103419000,0.0303590819158846,0.0,0.5,0.5,2,-0.5,0.0,0.5,0.11,-0.0017,1.0,0.9999,1.0,1.0,1.0,1.0,37094800.0,60107600.0,62547500.0,56833400.0,0.111,0.0017,1.0,1.0,0.9958,0.0091,1.0,1.0,0.01561959657143297,53895415.0
2025-04-03,AMZN,0,95553600,0.0393989437916239,0.0001,0.5,0.5,2,-0.4999,0.0001,0.5,-0.0,0.2801,0.0012,-0.3366,1.0,1.0,2.0,1.0,63547600.0,27317700.0,32855300.0,39442900.0,0.0,0.2803,0.0013,0.3377,0.1465,0.9996,0.9537,0.0017,0.0151235142208056,46040970.0
2025-04-03,BRK-B,1,6410900,0.0258897943045113,0.4667,0.0004,0.533,2,0.4663,0.9992,0.467,0.4947,-0.0,0.4202,-0.0,2.0,2.0,2.0,1.0,4130600.0,7139300.0,5154600.0,3964800.0,0.4985,0.0,0.4251,0.0,0.9962,0.129,0.9943,0.3449,0.011856864511560065,5227730.0
2025-04-03,GOOGL,0,46883400,0.0158162886638537,0.0,0.0,1.0,1,-0.0,0.0187,0.0,0.0176,-0.0001,0.0001,-1.0,2.0,1.0,2.0,1.0,30672900.0,54603500.0,24174400.0,28138500.0,0.0178,0.0001,0.0001,1.0,0.9941,0.0816,0.7686,0.0,0.01441580773490967,35693155.0
2025-04-03,JPM,0,17188500,0.0334656430396974,0.0,0.0001,0.9999,1,-0.0001,0.0114,0.0001,1.0,-0.0018,0.0291,0.4408,1.0,2.0,1.0,1.0,8054700.0,12779300.0,9287700.0,8328500.0,1.0,0.002,0.0295,0.4506,1.0,0.0337,0.9924,0.9891,0.014948665774360484,10547670.0
2025-04-03,TSLA,1,136174300,0.0557502263596909,0.0,0.002,0.998,1,-0.002,0.0024,0.002,-1.0,0.1361,0.2491,0.9711,1.0,2.0,1.0,1.0,212787800.0,134008900.0,169079900.0,99028300.0,1.0,0.2464,0.2998,0.9957,0.0,0.7761,0.9154,0.9876,0.051212761028383694,105774830.0
2025-04-04,AAPL,0,125910900,0.0646758914043887,0.0,0.8693,0.1306,3,-0.8693,0.0,0.8694,-0.5,0.11,-0.0017,0.0383,2.0,1.0,1.0,2.0,103419000.0,37094800.0,60107600.0,46273600.0,0.5,0.111,0.0017,0.0498,0.0,0.9958,0.0091,0.8849,0.01592464830865457,57408600.0
2025-04-04,JPM,0,27170700,0.0407319881654557,0.0005,0.0011,0.9984,1,-0.0006,0.2974,0.0016,-0.0001,1.0,-0.0018,-0.0,1.0,1.0,2.0,1.0,17188500.0,8054700.0,12779300.0,9422700.0,0.0001,1.0,0.002,0.0,0.0114,1.0,0.0337,0.018,0.015547120954334975,10894255.0
2025-04-07,AAPL,1,160466300,0.1102144419618772,0.0002,0.9997,0.0001,1,-0.9996,0.0002,0.9999,-0.8693,-0.5,0.11,1.0,3.0,2.0,1.0,1.0,125910900.0,103419000.0,37094800.0,62547500.0,0.8694,0.5,0.111,1.0,0.0,0.0,0.9958,1.0,0.017190052649622888,61730110.0
2025-04-07,JPM,1,22914400,0.0966613159190685,0.0,1.0,0.0,1,-1.0,0.0,1.0,-0.0006,-0.0001,1.0,0.0291,1.0,1.0,1.0,1.0,27170700.0,17188500.0,8054700.0,9287700.0,0.0016,0.0001,1.0,0.0295,0.2974,0.0114,1.0,0.9924,0.016025923527000847,11330365.0
2025-04-07,META,1,36606100,0.1184704194962215,0.3176,0.4923,0.1901,2,-0.1747,0.3922,0.8099,-0.0,-1.0,-0.9997,-0.1384,1.0,1.0,1.0,2.0,12836600.0,21124700.0,10436500.0,15741300.0,0.0,1.0,0.9999,0.1388,0.0709,0.0,0.0001,0.0014,0.0200365809449701,16054815.0
2025-04-08,AAPL,0,120859500,0.1131761648066936,0.0,0.9998,0.0002,1,-0.9998,0.0,0.9998,-0.9996,-0.8693,-0.5,-0.0017,1.0,3.0,2.0,1.0,160466300.0,125910900.0,103419000.0,60107600.0,0.9999,0.8694,0.5,0.0017,0.0002,0.0,0.0,0.0091,0.01795625289142249,67741220.0
2025-04-08,AMZN,0,87710400,0.093559288300999,0.4002,0.1414,0.4584,5,0.2587,0.7389,0.5416,-0.4999,-0.0,0.2801,0.0002,2.0,1.0,1.0,1.0,95553600.0,63547600.0,27317700.0,31171200.0,0.5,0.0,0.2803,0.0002,0.0001,0.1465,0.9996,0.9975,0.015839898155891256,47773795.0
2025-04-08,BRK-B,0,9470100,0.0624914005753632,0.001,0.0314,0.9676,1,-0.0304,0.0306,0.0324,0.4663,0.4947,-0.0,-0.0006,2.0,2.0,2.0,2.0,6410900.0,4130600.0,7139300.0,5004400.0,0.467,0.4985,0.0,0.0088,0.9992,0.9962,0.129,0.467,0.011856527022228985,5380725.0
2025-04-09,AAPL,1,184395900,0.167025308115289,0.2766,0.4653,0.258,1,-0.1887,0.3728,0.742,-0.9998,-0.9996,-0.8693,0.11,1.0,1.0,3.0,1.0,120859500.0,160466300.0,125910900.0,37094800.0,0.9998,0.9999,0.8694,0.111,0.0,0.0002,0.0,0.9958,0.023606252355003073,70196240.0
2025-04-09,AMZN,1,116804300,0.1320009404208633,0.0147,0.0005,0.9847,2,0.0142,0.9642,0.0153,0.2587,-0.4999,-0.0,0.0012,5.0,2.0,1.0,2.0,87710400.0,95553600.0,63547600.0,32855300.0,0.5416,0.5,0.0,0.0013,0.7389,0.0001,0.1465,0.9537,0.022950477851910542,48282350.0
2025-04-09,BRK-B,1,10153700,0.0783061124840561,0.0061,0.0728,0.9212,1,-0.0667,0.0769,0.0788,-0.0304,0.4663,0.4947,0.4202,1.0,2.0,2.0,2.0,9470100.0,6410900.0,4130600.0,5154600.0,0.0324,0.467,0.4985,0.4251,0.0306,0.9992,0.9962,0.9943,0.012843710605350915,5361110.0
2025-04-09,MSFT,1,50199700,0.1135090906626864,0.0007,0.0009,0.9984,1,-0.0002,0.4205,0.0016,-0.0925,-0.0086,0.9934,0.9996,2.0,1.0,1.0,1.0,35184700.0,13766800.0,16108400.0,20473000.0,0.1469,0.0088,0.9935,0.9996,0.185,0.0086,0.9999,1.0,0.009989846525398444,23362605.0
2025-04-09,UNH,1,12691900,0.0623772655544628,0.0002,0.0002,0.9995,1,0.0,0.5068,0.0005,0.0,-0.0,-1.0,-0.0001,1.0,1.0,1.0,1.0,3015100.0,10244900.0,5700200.0,4380300.0,0.0,0.0,1.0,0.0001,0.7694,0.1175,0.0,0.0415,0.028481084966107326,7265670.0
2025-04-10,AAPL,1,121880000,0.0623049575446219,0.1773,0.6929,0.1298,1,-0.5156,0.2037,0.8702,-0.1887,-0.9998,-0.9996,-0.5,1.0,1.0,1.0,2.0,184395900.0,120859500.0,160466300.0,103419000.0,0.742,0.9998,0.9999,0.5,0.3728,0.0,0.0002,0.0,0.04210344062853299,74512515.0
2025-04-10,AMZN,0,68302000,0.0594261694811715,0.0,0.0,0.9999,1,0.0,0.5993,0.0001,0.0142,0.2587,-0.4999,0.2801,2.0,5.0,2.0,1.0,116804300.0,87710400.0,95553600.0,27317700.0,0.0153,0.5416,0.5,0.2803,0.9642,0.7389,0.0001,0.9996,0.034798915596300724,52351570.0
2025-04-10,GOOGL,0,48022000,0.0497636954071082,0.0,0.0007,0.9993,1,-0.0007,0.0061,0.0007,-0.0,0.0176,-0.0001,-0.0002,1.0,2.0,1.0,2.0,46883400.0,30672900.0,54603500.0,30879100.0,0.0,0.0178,0.0001,0.0003,0.0187,0.9941,0.0816,0.1936,0.014018634744190057,35844505.0
2025-04-10,META,0,28173500,0.0799318854899038,1.0,0.0,0.0,1,1.0,1.0,1.0,-0.1747,-0.0,-1.0,0.0001,2.0,1.0,1.0,2.0,36606100.0,12836600.0,21124700.0,12609800.0,0.8099,0.0,1.0,0.0001,0.3922,0.0709,0.0,0.7444,0.025504486841254025,17235220.0
2025-04-11,JPM,1,20284500,0.060006194943017,0.9998,0.0002,0.0,2,0.9997,0.9998,1.0,-1.0,-0.0006,-0.0001,-0.0018,1.0,1.0,1.0,2.0,22914400.0,27170700.0,17188500.0,12779300.0,1.0,0.0016,0.0001,0.002,0.0,0.2974,0.0114,0.0337,0.018808632033687097,11790480.0
2025-04-14,AAPL,0,101352900,0.0557131982750583,0.001,0.0,0.999,1,0.001,0.9845,0.001,-0.5156,-0.1887,-0.9998,-0.8693,1.0,1.0,1.0,3.0,121880000.0,184395900.0,120859500.0,125910900.0,0.8702,0.742,0.9998,0.8694,0.2037,0.3728,0.0,0.0,0.0420352959933859,77400190.0
2025-04-14,BRK-B,0,5512100,0.0179661752589453,0.0,0.4119,0.5881,1,-0.4118,0.0,0.4119,-0.0667,-0.0304,0.4663,-0.0,1.0,1.0,2.0,2.0,10153700.0,9470100.0,6410900.0,7139300.0,0.0788,0.0324,0.467,0.0,0.0769,0.0306,0.9992,0.129,0.018845075731677742,5530920.0
2025-04-14,JPM,0,13017800,0.0259383961964104,0.9659,0.001,0.0331,1,0.9648,0.9989,0.9669,0.9997,-1.0,-0.0006,1.0,2.0,1.0,1.0,1.0,20284500.0,22914400.0,27170700.0,8054700.0,1.0,1.0,0.0016,1.0,0.9998,0.0,0.2974,1.0,0.02145642142170619,12353610.0
2025-04-14,META,0,14130900,0.0530233402386601,0.2661,0.0015,0.7325,1,0.2646,0.9946,0.2675,1.0,-0.1747,-0.0,-0.9997,1.0,2.0,1.0,1.0,28173500.0,36606100.0,12836600.0,10436500.0,1.0,0.8099,0.0,0.9999,1.0,0.3922,0.0709,0.0001,0.027021694601215444,17798835.0
2025-04-14,MSFT,0,19251200,0.0265500290142833,1.0,0.0,0.0,1,1.0,1.0,1.0,-0.0002,-0.0925,-0.0086,0.0,1.0,2.0,1.0,1.0,50199700.0,35184700.0,13766800.0,15775000.0,0.0016,0.1469,0.0088,0.0,0.4205,0.185,0.0086,0.7694,0.02642751204174152,24863700.0
2025-04-14,TSLA,0,100135200,0.0614259019081165,0.1384,0.0071,0.8546,1,0.1313,0.9515,0.1454,-0.002,-1.0,0.1361,-0.0008,1.0,1.0,2.0,1.0,136174300.0,212787800.0,134008900.0,132728700.0,0.002,1.0,0.2464,0.0008,0.0024,0.0,0.7761,0.0139,0.051001013711145224,107098010.0
2025-04-15,AAPL,1,51343900,0.0183790322196594,0.0032,0.0203,0.9765,1,-0.0171,0.1356,0.0235,0.001,-0.5156,-0.1887,-0.9996,1.0,1.0,1.0,1.0,101352900.0,121880000.0,184395900.0,160466300.0,0.001,0.8702,0.742,0.9999,0.9845,0.2037,0.3728,0.0002,0.04342560187335727,79456095.0
2025-04-15,JPM,0,10912900,0.0246928692145376,0.3333,0.0,0.6667,3,0.3333,1.0,0.3333,0.9648,0.9997,-1.0,-0.0001,1.0,2.0,1.0,1.0,13017800.0,20284500.0,22914400.0,17188500.0,0.9669,1.0,1.0,0.0001,0.9989,0.9998,0.0,0.0114,0.02151693409197033,12723200.0
2025-04-15,UNH,0,3871300,0.01832023464279,1.0,0.0,0.0,1,1.0,1.0,1.0,0.0,0.0,-0.0,-0.6658,1.0,1.0,1.0,3.0,12691900.0,3015100.0,10244900.0,19864900.0,0.0005,0.0,0.0,0.6659,0.5068,0.7694,0.1175,0.0,0.02953300498451876,7759795.0
2025-04-16,AMZN,0,51875300,0.0436213213130297,0.0024,0.0132,0.9844,3,-0.0108,0.1557,0.0156,0.0,0.0142,0.2587,-0.0,1.0,2.0,5.0,1.0,68302000.0,116804300.0,87710400.0,63547600.0,0.0001,0.0153,0.5416,0.0,0.5993,0.9642,0.7389,0.1465,0.03501686872821003,54199345.0
2025-04-16,BRK-B,0,5889300,0.0325713029132324,0.0006,0.002,0.9974,1,-0.0014,0.2419,0.0026,-0.4118,-0.0667,-0.0304,0.4947,1.0,1.0,1.0,2.0,5512100.0,10153700.0,9470100.0,4130600.0,0.4119,0.0788,0.0324,0.4985,0.0,0.0769,0.0306,0.9962,0.018844426519451105,5581140.0
2025-04-16,META,0,18735100,0.0348862163845141,0.0,0.0002,0.9998,1,-0.0001,0.1632,0.0002,0.2646,1.0,-0.1747,-1.0,1.0,1.0,2.0,1.0,14130900.0,28173500.0,36606100.0,21124700.0,0.2675,1.0,0.8099,1.0,0.9946,1.0,0.3922,0.0,0.027936238247675643,17408445.0
2025-04-16,MSFT,0,21967800,0.0357527119854062,0.9993,0.0,0.0007,1,0.9993,1.0,0.9993,1.0,-0.0002,-0.0925,0.9934,1.0,1.0,2.0,1.0,19251200.0,50199700.0,35184700.0,16108400.0,1.0,0.0016,0.1469,0.9935,1.0,0.4205,0.185,0.9999,0.026589045327842335,24993115.0
2025-04-17,AMZN,0,44726500,0.0239204926924272,0.3332,0.0019,0.6648,3,0.3313,0.9943,0.3352,-0.0108,0.0,0.0142,-0.4999,3.0,1.0,2.0,2.0,51875300.0,68302000.0,116804300.0,95553600.0,0.0156,0.0001,0.0153,0.5,0.1557,0.5993,0.9642,0.0001,0.035040270262320955,55293025.0
2025-04-17,META,0,14593500,0.0183868936711404,0.0495,0.4201,0.5303,2,-0.3706,0.1055,0.4697,-0.0001,0.2646,1.0,-0.0,1.0,1.0,1.0,1.0,18735100.0,14130900.0,28173500.0,12836600.0,0.0002,0.2675,1.0,0.0,0.1632,0.9946,1.0,0.0709,0.027870024912949452,17468425.0
2025-04-17,TSLA,0,83404800,0.02735451443183,0.5,0.5,0.0,2,0.0,0.5,1.0,0.1313,-0.002,-1.0,0.2491,1.0,1.0,1.0,1.0,100135200.0,136174300.0,212787800.0,169079900.0,0.1454,0.002,1.0,0.2998,0.9515,0.0024,0.0,0.9154,0.050364837221756734,107876520.0
2025-04-17,UNH,0,29120200,0.0885776561056874,0.0182,0.7032,0.2786,9,-0.685,0.0252,0.7214,1.0,0.0,0.0,-1.0,1.0,1.0,1.0,1.0,3871300.0,12691900.0,3015100.0,5700200.0,1.0,0.0005,0.0,1.0,1.0,0.5068,0.7694,0.0,0.02969322645183664,7745980.0
2025-04-21,AAPL,0,46742500,0.0206447219173191,0.0,0.0,1.0,1,-0.0,0.4717,0.0,-0.0171,0.001,-0.5156,-0.9998,1.0,1.0,1.0,1.0,51343900.0,101352900.0,121880000.0,120859500.0,0.0235,0.001,0.8702,0.9998,0.1356,0.9845,0.2037,0.0,0.043303555279485595,79288395.0
2025-04-21,AMZN,0,48126100,0.0254128105086988,0.0,0.4913,0.5087,2,-0.4913,0.0,0.4913,0.3313,-0.0108,0.0,0.2587,3.0,3.0,1.0,5.0,44726500.0,51875300.0,68302000.0,87710400.0,0.3352,0.0156,0.0001,0.5416,0.9943,0.1557,0.5993,0.7389,0.035123510850907196,54581450.0
2025-04-21,JPM,0,8716200,0.023717647768696,0.0,0.0001,0.9999,1,-0.0001,0.0078,0.0001,0.3333,0.9648,0.9997,-0.0006,3.0,1.0,2.0,1.0,10912900.0,13017800.0,20284500.0,27170700.0,0.3333,0.9669,1.0,0.0016,1.0,0.9989,0.9998,0.2974,0.021305805465784398,12905625.0
2025-04-21,META,0,16166000,0.0278835254949705,0.0,0.0124,0.9876,1,-0.0124,0.0033,0.0124,-0.3706,-0.0001,0.2646,-0.1747,2.0,1.0,1.0,2.0,14593500.0,18735100.0,14130900.0,36606100.0,0.4697,0.0002,0.2675,0.8099,0.1055,0.1632,0.9946,0.3922,0.02783830684102508,17568730.0
2025-04-21,TSLA,0,97768000,0.0409103346324222,0.0,0.5,0.5,2,-0.4999,0.0001,0.5,0.0,0.1313,-0.002,0.1361,2.0,1.0,1.0,2.0,83404800.0,100135200.0,136174300.0,134008900.0,1.0,0.1454,0.002,0.2464,0.5,0.9515,0.0024,0.7761,0.05016115607893063,108630000.0
2025-04-21,UNH,0,13029900,0.0637895807062902,0.0017,0.9872,0.0111,2,-0.9854,0.0017,0.9889,-0.685,1.0,0.0,-0.0,9.0,1.0,1.0,1.0,29120200.0,3871300.0,12691900.0,10244900.0,0.7214,1.0,0.0005,0.0,0.0252,1.0,0.5068,0.1175,0.030863711689357632,8904805.0
2025-04-22,AMZN,1,56607200,0.0437444357302702,0.0747,0.233,0.6923,3,-0.1583,0.2428,0.3077,-0.4913,0.3313,-0.0108,0.0142,2.0,3.0,3.0,2.0,48126100.0,44726500.0,51875300.0,116804300.0,0.4913,0.3352,0.0156,0.0153,0.0,0.9943,0.1557,0.9642,0.03516482686415166,55031725.0
2025-04-22,BRK-B,1,4768500,0.0205549602475637,0.9128,0.0009,0.0863,1,0.9119,0.999,0.9137,-0.0014,-0.4118,-0.0667,0.4663,1.0,1.0,1.0,2.0,5889300.0,5512100.0,10153700.0,6410900.0,0.0026,0.4119,0.0788,0.467,0.2419,0.0,0.0769,0.9992,0.01959052772795198,5619990.0
2025-04-22,TSLA,1,120858500,0.0560269605406115,0.1551,0.8388,0.0061,3,-0.6837,0.1561,0.9939,-0.4999,0.0,0.1313,-1.0,2.0,2.0,1.0,1.0,97768000.0,83404800.0,100135200.0,212787800.0,0.5,1.0,0.1454,1.0,0.0001,0.5,0.9515,0.0,0.05004275966054768,109152355.0
2025-04-23,AAPL,0,52929200,0.0252427036322435,0.0152,0.5007,0.4841,2,-0.4854,0.0295,0.5159,-0.0,-0.0171,0.001,-0.1887,1.0,1.0,1.0,1.0,46742500.0,51343900.0,101352900.0,184395900.0,0.0,0.0235,0.001,0.742,0.4717,0.1356,0.9845,0.3728,0.04315823729976555,79351215.0
2025-04-23,GOOGL,0,31128800,0.0239059263936256,0.5151,0.0011,0.4838,2,0.514,0.9978,0.5162,-0.0007,-0.0,0.0176,0.0001,1.0,1.0,2.0,2.0,48022000.0,46883400.0,30672900.0,24174400.0,0.0007,0.0,0.0178,0.0001,0.0061,0.0187,0.9941,0.7686,0.014931547124000159,34726910.0
2025-04-23,JPM,1,14126800,0.0282657282975135,0.0,0.0,1.0,1,-0.0,0.0496,0.0,-0.0001,0.3333,0.9648,-1.0,1.0,3.0,1.0,1.0,8716200.0,10912900.0,13017800.0,22914400.0,0.0001,0.3333,0.9669,1.0,0.0078,1.0,0.9989,0.0,0.0212739770110892,13007240.0
2025-04-23,TSLA,0,150381900,0.058934393373928,0.0,0.0,1.0,1,-0.0,0.0749,0.0,-0.6837,-0.4999,0.0,-0.002,3.0,2.0,2.0,1.0,120858500.0,97768000.0,83404800.0,136174300.0,0.9939,0.5,1.0,0.002,0.1561,0.0001,0.5,0.0024,0.05053173029127957,112147115.0
2025-04-24,AAPL,1,47311000,0.0287471297144531,0.0031,0.0001,0.9968,1,0.003,0.9577,0.0032,-0.4854,-0.0,-0.0171,-0.5156,2.0,1.0,1.0,1.0,52929200.0,46742500.0,51343900.0,121880000.0,0.5159,0.0,0.0235,0.8702,0.0295,0.4717,0.1356,0.2037,0.043187959072367596,79214760.0
2025-04-24,AMZN,1,43763200,0.0362591912656168,0.001,0.2733,0.7257,1,-0.2722,0.0038,0.2743,-0.1583,-0.4913,0.3313,0.0,3.0,2.0,3.0,1.0,56607200.0,48126100.0,44726500.0,68302000.0,0.3077,0.4913,0.3352,0.0001,0.2428,0.0,0.9943,0.5993,0.03439361110441144,55834655.0
2025-04-24,BRK-B,1,3173400,0.0189252895436411,0.0,0.0047,0.9953,1,-0.0047,0.0019,0.0047,0.9119,-0.0014,-0.4118,-0.0304,1.0,1.0,1.0,1.0,4768500.0,5889300.0,5512100.0,9470100.0,0.9137,0.0026,0.4119,0.0324,0.999,0.2419,0.0,0.0306,0.018683738048527555,5552085.0
2025-04-24,GOOGL,1,45894000,0.0243355952628274,0.9926,0.0,0.0074,7,0.9926,1.0,0.9926,0.514,-0.0007,-0.0,-0.0001,2.0,1.0,1.0,1.0,31128800.0,48022000.0,46883400.0,54603500.0,0.5162,0.0007,0.0,0.0001,0.9978,0.0061,0.0187,0.0816,0.014619895877900057,34818480.0
2025-04-24,META,1,13910000,0.0316157250044476,0.0,0.0,1.0,1,-0.0,0.0276,0.0,-0.0124,-0.3706,-0.0001,1.0,1.0,2.0,1.0,1.0,16166000.0,14593500.0,18735100.0,28173500.0,0.0124,0.4697,0.0002,1.0,0.0033,0.1055,0.1632,1.0,0.027775646910545716,17594010.0
2025-04-25,BRK-B,0,2742800,0.0106253397537611,0.0004,0.0193,0.9803,1,-0.0189,0.0186,0.0197,-0.0047,0.9119,-0.0014,-0.0667,1.0,1.0,1.0,1.0,3173400.0,4768500.0,5889300.0,10153700.0,0.0047,0.9137,0.0026,0.0788,0.0019,0.999,0.2419,0.0769,0.018702733568463557,5474965.0
2025-04-25,GOOGL,0,56034000,0.030653738370801,0.6746,0.0001,0.3253,5,0.6745,0.9999,0.6747,0.9926,0.514,-0.0007,0.0176,7.0,2.0,1.0,2.0,45894000.0,31128800.0,48022000.0,30672900.0,0.9926,0.5162,0.0007,0.0178,1.0,0.9978,0.0061,0.9941,0.015445382312024138,35957900.0
2025-04-28,AMZN,0,33224700,0.0280364095205019,0.0,0.0,1.0,2,-0.0,0.0523,0.0,-0.2722,-0.1583,-0.4913,-0.0108,1.0,3.0,2.0,3.0,43763200.0,56607200.0,48126100.0,51875300.0,0.2743,0.3077,0.4913,0.0156,0.0038,0.2428,0.0,0.1557,0.03491201197945597,54980160.0
2025-04-28,BRK-B,0,4238700,0.0191893074614943,0.8248,0.0184,0.1568,1,0.8064,0.9782,0.8432,-0.0189,-0.0047,0.9119,-0.4118,1.0,1.0,1.0,1.0,2742800.0,3173400.0,4768500.0,5512100.0,0.0197,0.0047,0.9137,0.4119,0.0186,0.0019,0.999,0.0,0.018754074573997664,5412620.0
2025-04-28,GOOGL,0,29745800,0.0280119928469784,1.0,0.0,0.0,1,1.0,1.0,1.0,0.6745,0.9926,0.514,-0.0,5.0,7.0,2.0,1.0,56034000.0,45894000.0,31128800.0,46883400.0,0.6747,0.9926,0.5162,0.0,0.9999,1.0,0.9978,0.0187,0.015690828646342848,37689475.0
2025-04-28,TSLA,0,151731800,0.0776523325860409,1.0,0.0,0.0,1,1.0,1.0,1.0,-0.0,-0.6837,-0.4999,0.1313,1.0,3.0,2.0,1.0,150381900.0,120858500.0,97768000.0,100135200.0,0.0,0.9939,0.5,0.1454,0.0749,0.1561,0.0001,0.9515,0.05054365205132637,116264530.0
2025-04-29,AMZN,1,41667300,0.0235883008158337,0.0,0.0434,0.9566,1,-0.0434,0.0002,0.0434,-0.0,-0.2722,-0.1583,0.3313,2.0,1.0,3.0,3.0,33224700.0,43763200.0,56607200.0,44726500.0,0.0,0.2743,0.3077,0.3352,0.0523,0.0038,0.2428,0.9943,0.03480098691599559,54148205.0
2025-04-29,GOOGL,0,26809000,0.0200848370359117,0.0,0.0,1.0,1,-0.0,0.2049,0.0,1.0,0.6745,0.9926,-0.0007,1.0,5.0,7.0,1.0,29745800.0,56034000.0,45894000.0,48022000.0,1.0,0.6747,0.9926,0.0007,1.0,0.9999,1.0,0.0061,0.015726092578661637,37680930.0
2025-04-29,META,1,11835000,0.0228022201593978,0.0,0.0001,0.9999,1,-0.0001,0.0318,0.0001,-0.0,-0.0124,-0.3706,0.2646,1.0,1.0,2.0,1.0,13910000.0,16166000.0,14593500.0,14130900.0,0.0,0.0124,0.4697,0.2675,0.0276,0.0033,0.1055,0.9946,0.028984406712907872,17260525.0
2025-04-29,MSFT,1,14974000,0.0120623597443103,0.0,0.0,1.0,1,-0.0,0.1843,0.0,0.9993,1.0,-0.0002,-0.0086,1.0,1.0,1.0,1.0,21967800.0,19251200.0,50199700.0,13766800.0,0.9993,1.0,0.0016,0.0088,1.0,1.0,0.4205,0.0086,0.027082316323754324,25338775.0
2025-04-30,AMZN,1,55176500,0.0340341275213291,0.0,0.0,1.0,1,0.0,0.766,0.0,-0.0434,-0.0,-0.2722,-0.4913,1.0,2.0,1.0,2.0,41667300.0,33224700.0,43763200.0,48126100.0,0.0434,0.0,0.2743,0.4913,0.0002,0.0523,0.0038,0.0,0.03509283528592079,53241430.0
2025-04-30,BRK-B,1,5251600,0.0220503292276528,0.0,0.0007,0.9993,1,-0.0007,0.0041,0.0007,0.8064,-0.0189,-0.0047,-0.0014,1.0,1.0,1.0,1.0,4238700.0,2742800.0,3173400.0,5889300.0,0.8432,0.0197,0.0047,0.0026,0.9782,0.0186,0.0019,0.2419,0.01884192950789774,5432445.0
2025-04-30,GOOGL,1,34981100,0.0244968380848102,0.001,0.0,0.999,1,0.001,0.9684,0.001,-0.0,1.0,0.6745,0.514,1.0,1.0,5.0,2.0,26809000.0,29745800.0,56034000.0,31128800.0,0.0,1.0,0.6747,0.5162,0.2049,1.0,0.9999,0.9978,0.015458538910615544,37528670.0
2025-04-30,META,1,29244000,0.036404113479133,0.3333,0.0003,0.6664,3,0.333,0.9991,0.3336,-0.0001,-0.0,-0.0124,-0.0001,1.0,1.0,1.0,1.0,11835000.0,13910000.0,16166000.0,18735100.0,0.0001,0.0,0.0124,0.0002,0.0318,0.0276,0.0033,0.1632,0.028635633215191823,17227275.0
2025-04-30,MSFT,1,36461100,0.031309253402245,0.6063,0.0006,0.3931,3,0.6057,0.999,0.6069,-0.0,0.9993,1.0,-0.0925,1.0,1.0,1.0,2.0,14974000.0,21967800.0,19251200.0,35184700.0,0.0,0.9993,1.0,0.1469,0.1843,1.0,1.0,0.185,0.027082776034626176,25322475.0
2025-05-01,AAPL,1,57365700,0.0270709948944943,0.0,1.0,0.0,1,-1.0,0.0,1.0,0.003,-0.4854,-0.0,0.001,1.0,2.0,1.0,1.0,47311000.0,52929200.0,46742500.0,101352900.0,0.0032,0.5159,0.0,0.001,0.9577,0.0295,0.4717,0.9845,0.04314207780687745,77927145.0
2025-05-01,AMZN,0,74266000,0.0226092296500922,0.4973,0.5,0.0028,4,-0.0027,0.4987,0.9972,0.0,-0.0434,-0.0,-0.1583,1.0,1.0,2.0,3.0,55176500.0,41667300.0,33224700.0,56607200.0,0.0,0.0434,0.0,0.3077,0.766,0.0002,0.0523,0.2428,0.035192295569895775,52882710.0
2025-05-01,BRK-B,0,4693100,0.009359758452507,0.0921,0.0002,0.9077,1,0.0919,0.9978,0.0923,-0.0007,0.8064,-0.0189,0.9119,1.0,1.0,1.0,1.0,5251600.0,4238700.0,2742800.0,4768500.0,0.0007,0.8432,0.0197,0.9137,0.0041,0.9782,0.0186,0.999,0.01871781758490752,5381925.0
2025-05-01,META,0,31159000,0.0379171928777063,0.6659,0.0041,0.33,6,0.6618,0.9939,0.67,0.333,-0.0001,-0.0,-0.3706,3.0,1.0,1.0,2.0,29244000.0,11835000.0,13910000.0,14593500.0,0.3336,0.0001,0.0,0.4697,0.9991,0.0318,0.0276,0.1055,0.028619994436404565,18147285.0
2025-05-01,MSFT,0,58938100,0.0280438791693295,0.6397,0.0012,0.359,2,0.6385,0.9981,0.641,0.6057,-0.0,0.9993,-0.0002,3.0,1.0,1.0,1.0,36461100.0,14974000.0,21967800.0,50199700.0,0.6069,0.0,0.9993,0.0016,0.999,0.1843,1.0,0.4205,0.027121561132771664,25835655.0
2025-05-02,AAPL,0,101010600,0.0234363720553215,0.0003,0.9775,0.0223,3,-0.9772,0.0003,0.9777,-1.0,0.003,-0.4854,-0.0171,1.0,1.0,2.0,1.0,57365700.0,47311000.0,52929200.0,51343900.0,1.0,0.0032,0.5159,0.0235,0.0,0.9577,0.0295,0.1356,0.04305805124234828,78533265.0
2025-05-02,AMZN,0,77903500,0.0338487824053983,0.0,0.0,1.0,2,-0.0,0.1985,0.0,-0.0027,0.0,-0.0434,-0.2722,4.0,1.0,1.0,1.0,74266000.0,55176500.0,41667300.0,43763200.0,0.9972,0.0,0.0434,0.2743,0.4987,0.766,0.0002,0.0038,0.03482640295538395,54532470.0
2025-05-02,BRK-B,1,4945600,0.0126874663411155,0.0003,0.0001,0.9996,2,0.0002,0.7051,0.0004,0.0919,-0.0007,0.8064,-0.0047,1.0,1.0,1.0,1.0,4693100.0,5251600.0,4238700.0,3173400.0,0.0923,0.0007,0.8432,0.0047,0.9978,0.0041,0.9782,0.0019,0.018597412199163804,5327800.0
2025-05-02,META,1,24739300,0.0445789064993453,0.4981,0.0032,0.4988,2,0.4949,0.9937,0.5012,0.6618,0.333,-0.0001,-0.0124,6.0,3.0,1.0,1.0,31159000.0,29244000.0,11835000.0,16166000.0,0.67,0.3336,0.0001,0.0124,0.9939,0.9991,0.0318,0.0033,0.029426858959999306,18636450.0
2025-05-02,MSFT,1,30757400,0.0218882022068448,0.0,0.0,1.0,1,-0.0,0.0228,0.0,0.6385,0.6057,-0.0,1.0,2.0,3.0,1.0,1.0,58938100.0,36461100.0,14974000.0,19251200.0,0.641,0.6069,0.0,1.0,0.9981,0.999,0.1843,1.0,0.027286310227909977,28005085.0
2025-05-02,TSLA,1,114454700,0.0525447579551103,0.476,0.0015,0.5225,1,0.4746,0.9969,0.4775,1.0,-0.0,-0.6837,0.0,1.0,1.0,3.0,2.0,151731800.0,150381900.0,120858500.0,83404800.0,1.0,0.0,0.9939,1.0,1.0,0.0749,0.1561,0.5,0.05025074376044156,118946475.0
2025-05-05,BRK-B,0,16380200,0.0353407250400803,0.0002,0.2919,0.7078,7,-0.2917,0.0008,0.2922,0.0002,0.0919,-0.0007,-0.0189,2.0,1.0,1.0,1.0,4945600.0,4693100.0,5251600.0,2742800.0,0.0004,0.0923,0.0007,0.0197,0.7051,0.9978,0.0041,0.0186,0.01837265194280982,5307910.0
2025-05-05,JPM,1,5450700,0.0181941534257373,1.0,0.0,0.0,1,1.0,1.0,1.0,-0.0,-0.0001,0.3333,0.9997,1.0,1.0,3.0,2.0,14126800.0,8716200.0,10912900.0,20284500.0,0.0,0.0001,0.3333,1.0,0.0496,0.0078,1.0,0.9998,0.021270980740164213,13293645.0
2025-05-05,META,1,13887700,0.0256419521175138,0.9914,0.0,0.0085,1,0.9914,1.0,0.9915,0.4949,0.6618,0.333,-0.0,2.0,6.0,3.0,1.0,24739300.0,31159000.0,29244000.0,13910000.0,0.5012,0.67,0.3336,0.0,0.9937,0.9939,0.9991,0.0276,0.029901244777846687,19086065.0
2025-05-05,MSFT,1,20136100,0.0170721342014867,0.0,0.0,1.0,1,0.0,0.7361,0.0,-0.0,0.6385,0.6057,0.9993,1.0,2.0,3.0,1.0,30757400.0,58938100.0,36461100.0,21967800.0,0.0,0.641,0.6069,0.9993,0.0228,0.9981,0.999,1.0,0.027251429977002285,28363885.0
2025-05-06,AMZN,1,29314100,0.0221053606239429,0.015,0.9729,0.0121,1,-0.9579,0.0152,0.9879,-0.0,-0.0027,0.0,-0.0,2.0,4.0,1.0,2.0,77903500.0,74266000.0,55176500.0,33224700.0,0.0,0.9972,0.0,0.0,0.1985,0.4987,0.766,0.0523,0.034878456512576365,56522810.0
2025-05-06,BRK-B,1,6088600,0.0152285449576855,0.5,0.0006,0.4994,4,0.4993,0.9987,0.5006,-0.2917,0.0002,0.0919,0.8064,7.0,2.0,1.0,1.0,16380200.0,4945600.0,4693100.0,4238700.0,0.2922,0.0004,0.0923,0.8432,0.0008,0.7051,0.9978,0.9782,0.018767717865248668,5884030.0
2025-05-07,AAPL,0,68536700,0.0310789903013182,1.0,0.0,0.0,1,1.0,1.0,1.0,-0.9772,-1.0,0.003,-0.0,3.0,1.0,1.0,1.0,101010600.0,57365700.0,47311000.0,46742500.0,0.9777,1.0,0.0032,0.0,0.0003,0.0,0.9577,0.4717,0.04298893030257791,80903090.0
2025-05-07,BRK-B,1,5573800,0.014077122684665,0.0,0.0001,0.9999,2,-0.0001,0.1011,0.0001,0.4993,-0.2917,0.0002,-0.0007,4.0,7.0,2.0,1.0,6088600.0,16380200.0,4945600.0,5251600.0,0.5006,0.2922,0.0004,0.0007,0.9987,0.0008,0.7051,0.0041,0.01875727429652355,5998560.0
2025-05-07,GOOGL,0,127490100,0.1045831513323494,0.0007,0.6102,0.3891,6,-0.6096,0.0011,0.6109,0.001,-0.0,1.0,0.9926,1.0,1.0,1.0,7.0,34981100.0,26809000.0,29745800.0,45894000.0,0.001,0.0,1.0,0.9926,0.9684,0.2049,1.0,1.0,0.015238519572673996,37182055.0
2025-05-07,META,1,13139100,0.0277966572716057,0.0,0.0,1.0,1,0.0,0.5812,0.0,0.9914,0.4949,0.6618,-0.0001,1.0,2.0,6.0,1.0,13887700.0,24739300.0,31159000.0,11835000.0,0.9915,0.5012,0.67,0.0001,1.0,0.9937,0.9939,0.0318,0.028090744989431666,18956435.0
2025-05-07,MSFT,0,23295300,0.0161580532564946,0.0012,0.0002,0.9986,1,0.0011,0.8877,0.0014,0.0,-0.0,0.6385,-0.0,1.0,1.0,2.0,1.0,20136100.0,30757400.0,58938100.0,14974000.0,0.0,0.0,0.641,0.0,0.7361,0.0228,0.9981,0.1843,0.027193736505104538,26641375.0
2025-05-08,AMZN,1,41043600,0.0287833396941514,0.0039,0.0,0.996,1,0.0039,0.9958,0.004,-0.9579,-0.0,-0.0027,-0.0434,1.0,2.0,4.0,1.0,29314100.0,77903500.0,74266000.0,41667300.0,0.9879,0.0,0.9972,0.0434,0.0152,0.1985,0.4987,0.0002,0.03488011135365017,55967770.0
2025-05-08,BRK-B,0,5018600,0.0157780184391832,0.0,0.5,0.5,2,-0.5,0.0,0.5,-0.0001,0.4993,-0.2917,0.0919,2.0,4.0,7.0,1.0,5573800.0,6088600.0,16380200.0,4693100.0,0.0001,0.5006,0.2922,0.0923,0.1011,0.9987,0.0008,0.9978,0.018764377605075697,6034305.0
2025-05-08,GOOGL,0,57498700,0.01954837922127,0.0037,0.9683,0.028,3,-0.9646,0.0038,0.972,-0.6096,0.001,-0.0,0.6745,6.0,1.0,1.0,5.0,127490100.0,34981100.0,26809000.0,56034000.0,0.6109,0.001,0.0,0.6747,0.0011,0.9684,0.2049,0.9999,0.0228103146446096,41784995.0
2025-05-08,MSFT,1,23491300,0.0182906169926459,1.0,0.0,0.0,1,1.0,1.0,1.0,0.0011,0.0,-0.0,0.6057,1.0,1.0,1.0,3.0,23295300.0,20136100.0,30757400.0,36461100.0,0.0014,0.0,0.0,0.6069,0.8877,0.7361,0.0228,0.999,0.027199724462546197,26630705.0
2025-05-08,UNH,0,7218300,0.0142308161808894,0.0002,0.4095,0.5903,1,-0.4093,0.0005,0.4097,-0.9854,-0.685,1.0,0.0,2.0,9.0,1.0,1.0,13029900.0,29120200.0,3871300.0,3015100.0,0.9889,0.7214,1.0,0.0,0.0017,0.0252,1.0,0.7694,0.03072842216956786,8906120.0
2025-05-09,AAPL,0,36453900,0.0150753768844221,0.1179,0.8644,0.0177,1,-0.7464,0.1201,0.9823,1.0,-0.9772,-1.0,-0.4854,1.0,3.0,1.0,2.0,68536700.0,101010600.0,57365700.0,52929200.0,1.0,0.9777,1.0,0.5159,1.0,0.0003,0.0,0.0295,0.04320582724000768,82719715.0
2025-05-09,BRK-B,0,3621400,0.0110062676607316,0.0393,0.2881,0.6725,3,-0.2488,0.1201,0.3275,-0.5,-0.0001,0.4993,0.0002,2.0,2.0,4.0,2.0,5018600.0,5573800.0,6088600.0,4945600.0,0.5,0.0001,0.5006,0.0004,0.0,0.1011,0.9987,0.7051,0.019188524787798335,6086995.0
2025-05-09,GOOGL,0,32435300,0.0184861265963853,0.012,0.5594,0.4286,2,-0.5474,0.021,0.5714,-0.9646,-0.6096,0.001,1.0,3.0,6.0,1.0,1.0,57498700.0,127490100.0,34981100.0,29745800.0,0.972,0.6109,0.001,1.0,0.0038,0.0011,0.9684,1.0,0.021889694303067246,42660380.0
2025-05-09,META,0,10427300,0.025276534603777,0.0,0.0,1.0,1,0.0,0.6314,0.0,0.0,0.9914,0.4949,0.333,1.0,1.0,2.0,3.0,13139100.0,13887700.0,24739300.0,29244000.0,0.0,0.9915,0.5012,0.3336,0.5812,1.0,0.9937,0.9991,0.028138668662161557,18995165.0
2025-05-09,TSLA,1,132387800,0.0587161333056981,0.0,0.0269,0.973,1,-0.0269,0.0009,0.027,0.4746,1.0,-0.0,-0.4999,1.0,1.0,1.0,2.0,114454700.0,151731800.0,150381900.0,97768000.0,0.4775,1.0,0.0,0.5,0.9969,1.0,0.0749,0.0001,0.05025400300371746,120505030.0
2025-05-12,AMZN,0,75205000,0.0280480445816453,0.0014,0.0095,0.9891,1,-0.008,0.1318,0.0109,0.0039,-0.9579,-0.0,0.0,1.0,1.0,2.0,1.0,41043600.0,29314100.0,77903500.0,55176500.0,0.004,0.9879,0.0,0.0,0.9958,0.0152,0.1985,0.766,0.03480009150719254,56047805.0
2025-05-12,BRK-B,0,6368000,0.0193157563497151,0.0,0.5001,0.4999,2,-0.5001,0.0,0.5001,-0.2488,-0.5,-0.0001,-0.2917,3.0,2.0,2.0,7.0,3621400.0,5018600.0,5573800.0,16380200.0,0.3275,0.5,0.0001,0.2922,0.1201,0.0,0.1011,0.0008,0.01919551791162194,6017845.0
2025-05-12,META,1,21965100,0.0306853259937391,0.9525,0.0003,0.0472,1,0.9521,0.9996,0.9528,0.0,0.0,0.9914,0.6618,1.0,1.0,1.0,6.0,10427300.0,13139100.0,13887700.0,31159000.0,0.0,0.0,0.9915,0.67,0.6314,0.5812,1.0,0.9939,0.02762129211380075,18501645.0
2025-05-12,UNH,0,11004800,0.027217834953248,0.0,0.0023,0.9977,1,-0.0023,0.012,0.0023,-0.4093,-0.9854,-0.685,0.0,1.0,2.0,9.0,1.0,7218300.0,13029900.0,29120200.0,12691900.0,0.4097,0.9889,0.7214,0.0005,0.0005,0.0017,0.0252,0.5068,0.030737700041545617,8999005.0
2025-05-13,AAPL,1,51909300,0.0209095378493105,0.0001,0.0,0.9999,1,0.0001,0.9447,0.0001,-0.7464,1.0,-0.9772,0.003,1.0,1.0,3.0,1.0,36453900.0,68536700.0,101010600.0,47311000.0,0.9823,1.0,0.9777,0.0032,0.1201,1.0,0.0003,0.9577,0.04319238772381579,82141745.0
2025-05-13,BRK-B,0,4504100,0.0076604066690291,0.0458,0.0002,0.954,1,0.0455,0.9953,0.046,-0.5001,-0.2488,-0.5,0.4993,2.0,3.0,2.0,4.0,6368000.0,3621400.0,5018600.0,6088600.0,0.5001,0.3275,0.5,0.5006,0.0,0.1201,0.0,0.9987,0.019429784017867477,6078515.0
2025-05-13,GOOGL,1,42382100,0.0277725539931393,0.1663,0.0048,0.8289,3,0.1616,0.9722,0.1711,-0.5474,-0.9646,-0.6096,-0.0,2.0,3.0,6.0,1.0,32435300.0,57498700.0,127490100.0,26809000.0,0.5714,0.972,0.6109,0.0,0.021,0.0038,0.0011,0.2049,0.021691536828754347,42867045.0
2025-05-13,JPM,1,8589000,0.0125656008682362,1.0,0.0,0.0,1,1.0,1.0,1.0,1.0,-0.0,-0.0001,0.9648,1.0,1.0,1.0,1.0,5450700.0,14126800.0,8716200.0,13017800.0,1.0,0.0,0.0001,0.9669,1.0,0.0496,0.0078,0.9989,0.021104739114887753,13170190.0
2025-05-13,TSLA,1,136992600,0.0649687767028808,0.0005,0.0012,0.9983,1,-0.0007,0.29,0.0017,-0.0269,0.4746,1.0,-0.6837,1.0,1.0,1.0,3.0,132387800.0,114454700.0,151731800.0,120858500.0,0.027,0.4775,1.0,0.9939,0.0009,0.9969,1.0,0.1561,0.05043170523013205,123248675.0
2025-05-13,UNH,0,59478300,0.097992478862936,0.0,0.5,0.4999,2,-0.5,0.0,0.5001,-0.0023,-0.4093,-0.9854,1.0,1.0,1.0,2.0,1.0,11004800.0,7218300.0,13029900.0,3871300.0,0.0023,0.4097,0.9889,1.0,0.012,0.0005,0.0017,1.0,0.029508690824257,9031095.0
2025-05-14,META,0,12348200,0.0126434643664675,0.9589,0.0103,0.0308,1,0.9486,0.9894,0.9692,0.9521,0.0,0.0,0.4949,1.0,1.0,1.0,2.0,21965100.0,10427300.0,13139100.0,24739300.0,0.9528,0.0,0.0,0.5012,0.9996,0.6314,0.5812,0.9937,0.027747487178837547,18573025.0
2025-05-14,MSFT,1,19902800,0.012853079528204,0.5158,0.005,0.4792,2,0.5108,0.9905,0.5208,1.0,0.0011,0.0,0.6385,1.0,1.0,1.0,2.0,23491300.0,23295300.0,20136100.0,58938100.0,1.0,0.0014,0.0,0.641,1.0,0.8877,0.7361,0.9981,0.02664851296252148,26429030.0
2025-05-14,TSLA,1,136997300,0.037956204379562,0.0063,0.738,0.2556,1,-0.7317,0.0085,0.7444,-0.0007,-0.0269,0.4746,-0.0,1.0,1.0,1.0,1.0,136992600.0,132387800.0,114454700.0,150381900.0,0.0017,0.027,0.4775,0.0,0.29,0.0009,0.9969,0.0749,0.05106155913003576,126684440.0
2025-05-14,UNH,0,40029600,0.0492456571432584,0.0,0.9998,0.0002,1,-0.9998,0.0,0.9998,-0.5,-0.0023,-0.4093,-0.685,2.0,1.0,1.0,9.0,59478300.0,11004800.0,7218300.0,29120200.0,0.5001,0.0023,0.4097,0.7214,0.0,0.012,0.0005,0.0252,0.033383809789074216,11594865.0
2025-05-15,BRK-B,1,5040900,0.0162426919519076,0.0003,0.0006,0.999,3,-0.0003,0.3563,0.001,0.0455,-0.5001,-0.2488,-0.0001,1.0,2.0,3.0,2.0,4504100.0,6368000.0,3621400.0,5573800.0,0.046,0.5001,0.3275,0.0001,0.9953,0.0,0.1201,0.1011,0.018914041613760292,5946755.0
2025-05-15,META,0,14341800,0.0286268564377217,0.0021,0.0166,0.9812,1,-0.0145,0.1126,0.0188,0.9486,0.9521,0.0,0.9914,1.0,1.0,1.0,1.0,12348200.0,21965100.0,10427300.0,13887700.0,0.9692,0.9528,0.0,0.9915,0.9894,0.9996,0.6314,1.0,0.027749759457133125,18403370.0
2025-05-15,TSLA,1,97882600,0.0335547204284404,0.0,0.0004,0.9996,1,-0.0003,0.1106,0.0004,-0.7317,-0.0007,-0.0269,1.0,1.0,1.0,1.0,1.0,136997300.0,136992600.0,132387800.0,151731800.0,0.7444,0.0017,0.027,1.0,0.0085,0.29,0.0009,1.0,0.05072636107717404,131236035.0
2025-05-15,UNH,0,121849200,0.1010185144788647,0.1409,0.5684,0.2907,7,-0.4275,0.1987,0.7093,-0.9998,-0.5,-0.0023,-0.9854,1.0,2.0,1.0,2.0,40029600.0,59478300.0,11004800.0,13029900.0,0.9998,0.5001,0.0023,0.9889,0.0,0.0,0.012,0.0017,0.033607965866072925,13152345.0
2025-05-16,AMZN,0,43318500,0.011989417032393,0.3506,0.0001,0.6493,1,0.3504,0.9997,0.3507,-0.008,0.0039,-0.9579,-0.0027,1.0,1.0,1.0,4.0,75205000.0,41043600.0,29314100.0,74266000.0,0.0109,0.004,0.9879,0.9972,0.1318,0.9958,0.0152,0.4987,0.03478482742121734,58249495.0
2025-05-16,BRK-B,1,4997300,0.0147754826535506,0.0,0.0002,0.9998,3,-0.0002,0.0237,0.0002,-0.0003,0.0455,-0.5001,-0.5,3.0,1.0,2.0,2.0,5040900.0,4504100.0,6368000.0,5018600.0,0.001,0.046,0.5001,0.5,0.3563,0.9953,0.0,0.0,0.019042344275427003,5992270.0
2025-05-16,JPM,1,8932900,0.0140186915887851,0.0,0.0001,0.9999,1,-0.0,0.2673,0.0001,1.0,1.0,-0.0,0.3333,1.0,1.0,1.0,3.0,8589000.0,5450700.0,14126800.0,10912900.0,1.0,1.0,0.0,0.3333,1.0,1.0,0.0496,1.0,0.02119330217987548,13249280.0
2025-05-16,META,1,18519000,0.022399488267552,0.7294,0.0047,0.2659,1,0.7247,0.9936,0.7341,-0.0145,0.9486,0.9521,0.0,1.0,1.0,1.0,1.0,14341800.0,12348200.0,21965100.0,13139100.0,0.0188,0.9692,0.9528,0.0,0.1126,0.9894,0.9996,0.5812,0.027496354439255775,18489970.0
2025-05-16,MSFT,1,23849800,0.0124543181445958,0.8659,0.0,0.1341,1,0.8658,0.9999,0.8659,0.5108,1.0,0.0011,-0.0,2.0,1.0,1.0,1.0,19902800.0,23491300.0,23295300.0,30757400.0,0.5208,1.0,0.0014,0.0,0.9905,1.0,0.8877,0.0228,0.02651159103853262,26101985.0
2025-05-19,AAPL,1,46140500,0.0251070228885502,0.0,0.9993,0.0007,1,-0.9993,0.0,0.9993,0.0001,-0.7464,1.0,-1.0,1.0,1.0,1.0,1.0,51909300.0,36453900.0,68536700.0,57365700.0,0.0001,0.9823,1.0,1.0,0.9447,0.1201,1.0,0.0,0.04306150504904092,81895540.0
2025-05-19,BRK-B,0,3441500,0.007184245081787,0.0019,0.0001,0.998,1,0.0019,0.9719,0.002,-0.0002,-0.0003,0.0455,-0.2488,3.0,3.0,1.0,3.0,4997300.0,5040900.0,4504100.0,3621400.0,0.0002,0.001,0.046,0.3275,0.0237,0.3563,0.9953,0.1201,0.019122868942847548,5921590.0
2025-05-19,GOOGL,1,30426100,0.0147103413151276,0.077,0.3401,0.5828,3,-0.2631,0.1847,0.4172,0.1616,-0.5474,-0.9646,0.001,3.0,2.0,3.0,1.0,42382100.0,32435300.0,57498700.0,34981100.0,0.1711,0.5714,0.972,0.001,0.9722,0.021,0.0038,0.9684,0.02162959380886883,42805950.0
2025-05-19,JPM,0,12145000,0.024063321190658,0.478,0.2543,0.2677,4,0.2237,0.6527,0.7323,-0.0,1.0,1.0,-0.0001,1.0,1.0,1.0,1.0,8932900.0,8589000.0,5450700.0,8716200.0,0.0001,1.0,1.0,0.0001,0.2673,1.0,1.0,0.0078,0.01897397582504447,13003590.0
2025-05-19,TSLA,1,88869900,0.0286351627486257,0.0013,0.2445,0.7543,3,-0.2432,0.0052,0.2457,-0.0003,-0.7317,-0.0007,0.4746,1.0,1.0,1.0,1.0,97882600.0,136997300.0,136992600.0,114454700.0,0.0004,0.7444,0.0017,0.4775,0.1106,0.0085,0.29,0.9969,0.04692623507546059,129418725.0
2025-05-19,UNH,1,62524700,0.0624733708412075,1.0,0.0,0.0,1,1.0,1.0,1.0,-0.4275,-0.9998,-0.5,-0.4093,7.0,1.0,2.0,1.0,121849200.0,40029600.0,59478300.0,7218300.0,0.7093,0.9998,0.5001,0.4097,0.1987,0.0,0.0,0.0005,0.03298686342539285,18696960.0
2025-05-20,GOOGL,0,46607700,0.0336478180013193,0.0,0.4903,0.5097,2,-0.4903,0.0,0.4903,-0.2631,0.1616,-0.5474,-0.6096,3.0,3.0,2.0,6.0,30426100.0,42382100.0,32435300.0,127490100.0,0.4172,0.1711,0.5714,0.6109,0.1847,0.9722,0.021,0.0011,0.021580738999785843,42727460.0
2025-05-20,JPM,1,8436300,0.0166083195627191,0.0152,0.4769,0.5079,4,-0.4618,0.0308,0.4921,0.2237,-0.0,1.0,-0.0,4.0,1.0,1.0,1.0,12145000.0,8932900.0,8589000.0,14126800.0,0.7323,0.0001,1.0,0.0,0.6527,0.2673,1.0,0.0496,0.018505248763450003,13130420.0
2025-05-20,TSLA,0,131715500,0.0384051097797667,0.0007,0.0029,0.9964,1,-0.0022,0.189,0.0036,-0.2432,-0.0003,-0.7317,-0.0269,3.0,1.0,1.0,1.0,88869900.0,97882600.0,136997300.0,132387800.0,0.2457,0.0004,0.7444,0.027,0.0052,0.1106,0.0085,0.0009,0.046877000824934144,129160075.0
2025-05-21,AMZN,0,42460900,0.0168642882048525,0.0045,0.0011,0.9944,1,0.0034,0.8042,0.0056,0.3504,-0.008,0.0039,-0.0,1.0,1.0,1.0,2.0,43318500.0,75205000.0,41043600.0,77903500.0,0.3507,0.0109,0.004,0.0,0.9997,0.1318,0.9958,0.1985,0.03442291676714023,58772655.0
2025-05-21,BRK-B,0,3815800,0.009065659073168,0.0,0.0,1.0,2,-0.0,0.2127,0.0,0.0019,-0.0002,-0.0003,-0.5001,1.0,3.0,3.0,2.0,3441500.0,4997300.0,5040900.0,6368000.0,0.002,0.0002,0.001,0.5001,0.9719,0.0237,0.3563,0.0,0.017542757919839537,5620160.0
2025-05-21,GOOGL,1,73416000,0.0585252714776144,0.3334,0.3333,0.3333,3,0.0001,0.5001,0.6667,-0.4903,-0.2631,0.1616,-0.9646,2.0,3.0,3.0,3.0,46607700.0,30426100.0,42382100.0,57498700.0,0.4903,0.4172,0.1711,0.972,0.0,0.1847,0.9722,0.0038,0.021458397876294045,42954105.0
2025-05-21,TSLA,0,102354800,0.0439856987447239,0.3869,0.1038,0.5093,2,0.283,0.7884,0.4907,-0.0022,-0.2432,-0.0003,-0.0007,1.0,3.0,1.0,1.0,131715500.0,88869900.0,97882600.0,136992600.0,0.0036,0.2457,0.0004,0.0017,0.189,0.0052,0.1106,0.29,0.04611030493171089,130823270.0
2025-05-21,UNH,1,45506900,0.0328570901357454,0.0001,0.339,0.6609,3,-0.339,0.0002,0.3391,1.0,-0.4275,-0.9998,-0.0023,1.0,7.0,1.0,1.0,62524700.0,121849200.0,40029600.0,11004800.0,1.0,0.7093,0.9998,0.0023,1.0,0.1987,0.0,0.012,0.033906378937304714,21616110.0
2025-05-22,AMZN,1,38938900,0.0278080778078507,0.3937,0.0001,0.6062,5,0.3936,0.9998,0.3938,0.0034,0.3504,-0.008,-0.9579,1.0,1.0,1.0,1.0,42460900.0,43318500.0,75205000.0,29314100.0,0.0056,0.3507,0.0109,0.9879,0.8042,0.9997,0.1318,0.0152,0.034423142329925056,59529815.0
2025-05-22,BRK-B,0,3244800,0.0094238352613905,0.2499,0.0001,0.75,4,0.2499,0.9997,0.25,-0.0,0.0019,-0.0002,0.0455,2.0,1.0,3.0,1.0,3815800.0,3441500.0,4997300.0,4504100.0,0.0,0.002,0.0002,0.046,0.2127,0.9719,0.0237,0.9953,0.009670613443763269,5303265.0
2025-05-22,META,1,8228400,0.0197775857878232,0.9975,0.0,0.0025,1,0.9975,1.0,0.9975,0.7247,-0.0145,0.9486,0.0,1.0,1.0,1.0,1.0,18519000.0,14341800.0,12348200.0,10427300.0,0.7341,0.0188,0.9692,0.0,0.9936,0.1126,0.9894,0.6314,0.027497944159278972,18894095.0
2025-05-22,MSFT,0,18025600,0.0139575907970871,0.9975,0.0,0.0025,1,0.9975,1.0,0.9975,0.8658,0.5108,1.0,0.0,1.0,2.0,1.0,1.0,23849800.0,19902800.0,23491300.0,20136100.0,0.8659,0.5208,1.0,0.0,0.9999,0.9905,1.0,0.7361,0.026372694391491414,25825105.0
2025-05-23,AAPL,1,78432900,0.0218928604041,0.0182,0.6001,0.3818,1,-0.5819,0.0294,0.6182,-0.9993,0.0001,-0.7464,-0.9772,1.0,1.0,1.0,3.0,46140500.0,51909300.0,36453900.0,101010600.0,0.9993,0.0001,0.9823,0.9777,0.0,0.9447,0.1201,0.0003,0.0429524809492859,81888885.0
2025-05-23,AMZN,1,33393500,0.0227249328927797,1.0,0.0,0.0,1,1.0,1.0,1.0,0.3936,0.0034,0.3504,0.0039,5.0,1.0,1.0,1.0,38938900.0,42460900.0,43318500.0,41043600.0,0.3938,0.0056,0.3507,0.004,0.9998,0.8042,0.9997,0.9958,0.0343856635913501,58299380.0
2025-05-23,BRK-B,1,3166800,0.010478832553577,0.0007,0.3952,0.6041,1,-0.3945,0.0018,0.3959,0.2499,-0.0,0.0019,-0.0003,4.0,2.0,1.0,3.0,3244800.0,3815800.0,3441500.0,5040900.0,0.25,0.0,0.002,0.001,0.9997,0.2127,0.9719,0.3563,0.009672687343149184,5189900.0
2025-05-23,GOOGL,0,35211400,0.0122442171661651,0.0,0.0,1.0,1,-0.0,0.0284,0.0,0.0001,-0.4903,-0.2631,-0.5474,3.0,2.0,3.0,2.0,73416000.0,46607700.0,30426100.0,32435300.0,0.6667,0.4903,0.4172,0.5714,0.5001,0.0,0.1847,0.021,0.02240841964798778,44911125.0
2025-05-23,JPM,1,6671800,0.0233245990861719,0.242,0.0001,0.7579,1,0.2419,0.9996,0.2421,-0.4618,0.2237,-0.0,1.0,4.0,4.0,1.0,1.0,8436300.0,12145000.0,8932900.0,5450700.0,0.4921,0.7323,0.0001,1.0,0.0308,0.6527,0.2673,1.0,0.018208656489720615,12607875.0
2025-05-23,TSLA,1,84654800,0.0295040270612301,0.3684,0.0037,0.6279,1,0.3648,0.9902,0.3721,0.283,-0.0022,-0.2432,-0.7317,2.0,1.0,3.0,1.0,102354800.0,131715500.0,88869900.0,136997300.0,0.4907,0.0036,0.2457,0.7444,0.7884,0.189,0.0052,0.0085,0.03551885282313674,126487165.0
2025-05-27,AAPL,1,56288500,0.0166919453678419,0.0,1.0,0.0,1,-1.0,0.0,1.0,-0.5819,-0.9993,0.0001,1.0,1.0,1.0,1.0,1.0,78432900.0,46140500.0,51909300.0,68536700.0,0.6182,0.9993,0.0001,1.0,0.0294,0.0,0.9447,1.0,0.04276440975351585,82683155.0
2025-05-27,AMZN,1,34892000,0.0221576644893583,0.9999,0.0,0.0001,1,0.9999,1.0,0.9999,1.0,0.3936,0.0034,-0.008,1.0,5.0,1.0,1.0,33393500.0,38938900.0,42460900.0,75205000.0,1.0,0.3938,0.0056,0.0109,1.0,0.9998,0.8042,0.1318,0.03395147679461478,55191375.0
2025-05-27,GOOGL,1,37995700,0.0186295139910789,1.0,0.0,0.0,1,1.0,1.0,1.0,-0.0,0.0001,-0.4903,0.1616,1.0,3.0,2.0,3.0,35211400.0,73416000.0,46607700.0,42382100.0,0.0,0.6667,0.4903,0.1711,0.0284,0.5001,0.0,0.9722,0.022295002568539474,45264770.0
2025-05-27,JPM,1,7506600,0.0126316495598279,0.0,0.0,1.0,1,-0.0,0.4279,0.0,0.2419,-0.4618,0.2237,1.0,1.0,4.0,4.0,1.0,6671800.0,8436300.0,12145000.0,8589000.0,0.2421,0.4921,0.7323,1.0,0.9996,0.0308,0.6527,1.0,0.01718486449069579,12138765.0
2025-05-27,TSLA,1,120146400,0.047416153537636,0.0,0.0002,0.9997,1,-0.0002,0.1407,0.0003,0.3648,0.283,-0.0022,-0.0003,1.0,2.0,1.0,1.0,84654800.0,102354800.0,131715500.0,97882600.0,0.3721,0.4907,0.0036,0.0004,0.9902,0.7884,0.189,0.1106,0.03562602546823826,125768490.0
2025-05-27,UNH,0,20144600,0.0361269025850375,0.5038,0.2771,0.2192,2,0.2267,0.6452,0.7808,-0.339,1.0,-0.4275,-0.5,3.0,1.0,7.0,2.0,45506900.0,62524700.0,121849200.0,59478300.0,0.3391,1.0,0.7093,0.5001,0.0002,1.0,0.1987,0.0,0.0338861036613437,23692540.0
2025-05-28,AAPL,0,45339700,0.0141083896640966,0.5001,0.0007,0.4992,2,0.4994,0.9986,0.5008,-1.0,-0.5819,-0.9993,-0.7464,1.0,1.0,1.0,1.0,56288500.0,78432900.0,46140500.0,36453900.0,1.0,0.6182,0.9993,0.9823,0.0,0.0294,0.0,0.1201,0.04275741149717537,82492200.0
2025-05-28,AMZN,0,28549800,0.0157828284231702,0.9109,0.0,0.0891,1,0.9108,0.9999,0.9109,0.9999,1.0,0.3936,0.3504,1.0,1.0,5.0,1.0,34892000.0,33393500.0,38938900.0,43318500.0,0.9999,1.0,0.3938,0.3507,1.0,1.0,0.9998,0.9997,0.02828940005413413,52550455.0
2025-05-28,TSLA,0,91404300,0.0249150214590838,1.0,0.0,0.0,1,1.0,1.0,1.0,-0.0002,0.3648,0.283,-0.2432,1.0,1.0,2.0,3.0,120146400.0,84654800.0,102354800.0,88869900.0,0.0003,0.3721,0.4907,0.2457,0.1407,0.9902,0.7884,0.0052,0.034912998953646315,125139375.0
2025-05-28,UNH,1,16114200,0.0357142857142857,0.4794,0.0033,0.5173,2,0.4761,0.9932,0.4827,0.2267,-0.339,1.0,-0.9998,2.0,3.0,1.0,1.0,20144600.0,45506900.0,62524700.0,40029600.0,0.7808,0.3391,1.0,0.9998,0.6452,0.0002,1.0,0.0,0.033163441984242314,24246775.0
2025-05-29,AMZN,0,34650000,0.0220160643076948,0.0,0.0001,0.9999,1,-0.0001,0.1758,0.0001,0.9108,0.9999,1.0,0.0034,1.0,1.0,1.0,1.0,28549800.0,34892000.0,33393500.0,42460900.0,0.9109,0.9999,1.0,0.0056,0.9999,1.0,1.0,0.8042,0.014216244328154808,48137730.0
2025-05-29,BRK-B,1,3656000,0.0106150309244791,0.2307,0.2408,0.5285,4,-0.0101,0.4893,0.4715,-0.3945,0.2499,-0.0,-0.0002,1.0,4.0,2.0,3.0,3166800.0,3244800.0,3815800.0,4997300.0,0.3959,0.25,0.0,0.0002,0.0018,0.9997,0.2127,0.0237,0.00810378746334724,5053775.0
2025-05-29,META,0,8858800,0.0212077139667801,0.0,0.0,1.0,1,-0.0,0.4141,0.0,0.9975,0.7247,-0.0145,0.9521,1.0,1.0,1.0,1.0,8228400.0,18519000.0,14341800.0,21965100.0,0.9975,0.7341,0.0188,0.9528,1.0,0.9936,0.1126,0.9996,0.02707064437520019,18249280.0
2025-05-29,MSFT,0,13974800,0.0138879944353602,0.9989,0.0011,0.0,1,0.9978,0.9989,1.0,0.9975,0.8658,0.5108,0.0011,1.0,1.0,2.0,1.0,18025600.0,23849800.0,19902800.0,23295300.0,0.9975,0.8659,0.5208,0.0014,1.0,0.9999,0.9905,0.8877,0.026390978246436186,25745435.0
2025-05-29,TSLA,0,88087800,0.0320566979144136,0.3903,0.0001,0.6095,2,0.3902,0.9996,0.3905,1.0,-0.0002,0.3648,-0.0022,1.0,1.0,1.0,1.0,91404300.0,120146400.0,84654800.0,131715500.0,1.0,0.0003,0.3721,0.0036,1.0,0.1407,0.9902,0.189,0.03259944648182849,121255595.0
2025-05-29,UNH,1,16221100,0.0282345189604855,0.759,0.1986,0.0424,2,0.5603,0.7926,0.9576,0.4761,0.2267,-0.339,-0.4275,2.0,2.0,3.0,7.0,16114200.0,20144600.0,45506900.0,121849200.0,0.4827,0.7808,0.3391,0.7093,0.9932,0.6452,0.0002,0.1987,0.03330854217818931,24677700.0
2025-05-30,AMZN,1,51679400,0.0209432172506261,0.6468,0.0008,0.3525,2,0.646,0.9988,0.6475,-0.0001,0.9108,0.9999,0.3936,1.0,1.0,1.0,5.0,34650000.0,28549800.0,34892000.0,38938900.0,0.0001,0.9109,0.9999,0.3938,0.1758,0.9999,1.0,0.9998,0.01344037855640466,46455130.0
2025-05-30,BRK-B,0,9153100,0.0109463741415552,0.0003,0.0045,0.9952,2,-0.0041,0.0699,0.0048,-0.0101,-0.3945,0.2499,0.0019,4.0,1.0,4.0,1.0,3656000.0,3166800.0,3244800.0,3441500.0,0.4715,0.3959,0.25,0.002,0.4893,0.0018,0.9997,0.9719,0.007616408623090729,4998150.0
2025-05-30,GOOGL,1,52639900,0.0278377829153929,0.5,0.0,0.4999,2,0.5,1.0,0.5001,1.0,-0.0,0.0001,-0.2631,1.0,1.0,3.0,3.0,37995700.0,35211400.0,73416000.0,30426100.0,1.0,0.0,0.6667,0.4172,1.0,0.0284,0.5001,0.1847,0.022648449382302427,45620600.0
2025-05-30,JPM,1,10977700,0.0098689522317968,0.0002,0.4518,0.548,2,-0.4516,0.0005,0.452,-0.0,0.2419,-0.4618,-0.0,1.0,1.0,4.0,1.0,7506600.0,6671800.0,8436300.0,8932900.0,0.0,0.2421,0.4921,0.0001,0.4279,0.9996,0.0308,0.2673,0.01728522157269611,11996850.0
2025-05-30,MSFT,1,34770500,0.0133559212445744,1.0,0.0,0.0,1,1.0,1.0,1.0,0.9978,0.9975,0.8658,1.0,1.0,1.0,1.0,1.0,13974800.0,18025600.0,23849800.0,23491300.0,1.0,0.9975,0.8659,1.0,0.9989,1.0,0.9999,1.0,0.02557244574634487,25293790.0
2025-05-30,TSLA,0,123474900,0.051727004666824,0.5007,0.499,0.0003,2,0.0017,0.5009,0.9997,0.3902,1.0,-0.0002,0.283,2.0,1.0,1.0,2.0,88087800.0,91404300.0,120146400.0,102354800.0,0.3905,1.0,0.0003,0.4907,0.9996,1.0,0.1407,0.7884,0.032539436765580215,118959540.0
2025-05-30,UNH,1,16309300,0.032889278351508,0.0002,0.0011,0.9987,1,-0.0009,0.1605,0.0013,0.5603,0.4761,0.2267,1.0,2.0,2.0,2.0,1.0,16221100.0,16114200.0,20144600.0,62524700.0,0.9576,0.4827,0.7808,1.0,0.7926,0.9932,0.6452,1.0,0.032995835645408554,25257675.0
2025-06-02,AMZN,1,29113300,0.0210752630220606,1.0,0.0,0.0,1,1.0,1.0,1.0,0.646,-0.0001,0.9108,1.0,2.0,1.0,1.0,1.0,51679400.0,34650000.0,28549800.0,33393500.0,0.6475,0.0001,0.9109,1.0,0.9988,0.1758,0.9999,1.0,0.01313787802737332,46445335.0
2025-06-02,BRK-B,1,4914000,0.007494537919352,0.0002,0.0002,0.9996,2,0.0,0.5473,0.0004,-0.0041,-0.0101,-0.3945,-0.0,2.0,4.0,1.0,2.0,9153100.0,3656000.0,3166800.0,3815800.0,0.0048,0.4715,0.3959,0.0,0.0699,0.4893,0.0018,0.2127,0.007292054002831999,5297135.0
2025-06-02,JPM,1,6011200,0.011900254785007,0.0005,0.2063,0.7931,1,-0.2058,0.0026,0.2069,-0.4516,-0.0,0.2419,0.2237,2.0,1.0,1.0,4.0,10977700.0,7506600.0,6671800.0,12145000.0,0.452,0.0,0.2421,0.7323,0.0005,0.4279,0.9996,0.6527,0.017234463586119953,12129310.0
2025-06-02,META,1,15766300,0.0450038010223073,0.0032,0.0,0.9968,1,0.0031,0.9958,0.0032,-0.0,0.9975,0.7247,0.9486,1.0,1.0,1.0,1.0,8858800.0,8228400.0,18519000.0,12348200.0,0.0,0.9975,0.7341,0.9692,0.4141,1.0,0.9936,0.9894,0.026496964447722083,18050390.0
2025-06-02,UNH,1,19074400,0.0415016718623334,0.3042,0.0012,0.6946,3,0.3031,0.9962,0.3054,-0.0009,0.5603,0.4761,-0.339,1.0,2.0,2.0,3.0,16309300.0,16221100.0,16114200.0,45506900.0,0.0013,0.9576,0.4827,0.3391,0.1605,0.7926,0.9932,0.0002,0.0330620604817663,25915985.0
2025-06-03,BRK-B,0,5923100,0.0185229516552831,0.9997,0.0,0.0003,1,0.9997,1.0,0.9997,0.0,-0.0041,-0.0101,0.2499,2.0,2.0,4.0,4.0,4914000.0,9153100.0,3656000.0,3244800.0,0.0004,0.0048,0.4715,0.25,0.5473,0.0699,0.4893,0.9997,0.007322773435816135,5405695.0
2025-06-03,GOOGL,0,45084900,0.0191055993987222,0.0009,0.8856,0.1135,1,-0.8847,0.001,0.8865,0.5,1.0,-0.0,-0.4903,2.0,1.0,1.0,2.0,52639900.0,37995700.0,35211400.0,46607700.0,0.5001,1.0,0.0,0.4903,1.0,1.0,0.0284,0.0,0.022517843474607536,47043875.0
2025-06-03,META,0,11585000,0.0157122460364417,0.5,0.0,0.4999,4,0.5,1.0,0.5001,0.0031,-0.0,0.9975,-0.0145,1.0,1.0,1.0,1.0,15766300.0,8858800.0,8228400.0,14341800.0,0.0032,0.0,0.9975,0.0188,0.9958,0.4141,1.0,0.1126,0.023898564024776858,17008400.0
2025-06-03,TSLA,0,99324500,0.0356606610903263,0.0,0.0332,0.9668,4,-0.0332,0.0006,0.0332,0.0017,0.3902,1.0,0.3648,2.0,2.0,1.0,1.0,123474900.0,88087800.0,91404300.0,84654800.0,0.9997,0.3905,1.0,0.3721,0.5009,0.9996,1.0,0.9902,0.022778658431840702,114493895.0
2025-06-04,AAPL,0,43604000,0.0204031310183332,0.0,1.0,0.0,1,-1.0,0.0,1.0,0.4994,-1.0,-0.5819,0.0001,2.0,1.0,1.0,1.0,45339700.0,56288500.0,78432900.0,51909300.0,0.5008,1.0,0.6182,0.0001,0.9986,0.0,0.0294,0.9447,0.04273990371211908,82904445.0
2025-06-04,AMZN,1,29915600,0.0145243280352227,0.4976,0.001,0.5015,2,0.4966,0.998,0.4985,1.0,0.646,-0.0001,0.9999,1.0,2.0,1.0,1.0,29113300.0,51679400.0,34650000.0,34892000.0,1.0,0.6475,0.0001,0.9999,1.0,0.9988,0.1758,1.0,0.01225274616816415,45664675.0
2025-06-04,BRK-B,0,5297600,0.012295217373415,0.022,0.4026,0.5754,2,-0.3806,0.0518,0.4246,0.9997,0.0,-0.0041,-0.3945,1.0,2.0,2.0,1.0,5923100.0,4914000.0,9153100.0,3166800.0,0.9997,0.0004,0.0048,0.3959,1.0,0.5473,0.0699,0.0018,0.007368440661564894,5489915.0
2025-06-04,META,1,14031900,0.0305235051279214,0.7027,0.0,0.2973,4,0.7027,1.0,0.7027,0.5,0.0031,-0.0,0.7247,4.0,1.0,1.0,1.0,11585000.0,15766300.0,8858800.0,18519000.0,0.5001,0.0032,0.0,0.7341,1.0,0.9958,0.4141,0.9936,0.02101011248846244,16178975.0
2025-06-04,MSFT,0,14162700,0.0057543392839102,0.0,0.0,1.0,1,-0.0,0.2759,0.0,1.0,0.9978,0.9975,0.5108,1.0,1.0,1.0,2.0,34770500.0,13974800.0,18025600.0,19902800.0,1.0,1.0,0.9975,0.5208,1.0,0.9989,1.0,0.9905,0.025501191758764547,25565170.0
2025-06-04,TSLA,0,98912100,0.052941232130172,0.0,0.0094,0.9905,4,-0.0094,0.0043,0.0095,-0.0332,0.0017,0.3902,-0.0002,4.0,2.0,2.0,1.0,99324500.0,123474900.0,88087800.0,120146400.0,0.0332,0.9997,0.3905,0.0003,0.0006,0.5009,0.9996,0.1407,0.02280234270366268,112651405.0
2025-06-05,BRK-B,0,5154900,0.0110035535333354,0.0,0.0004,0.9995,1,-0.0004,0.1009,0.0005,-0.3806,0.9997,0.0,-0.0101,2.0,1.0,2.0,4.0,5297600.0,5923100.0,4914000.0,3656000.0,0.4246,0.9997,0.0004,0.4715,0.0518,1.0,0.5473,0.4893,0.0077083460010436465,5492215.0
2025-06-05,JPM,0,8173800,0.0167333717579249,1.0,0.0,0.0,1,1.0,1.0,1.0,-0.2058,-0.4516,-0.0,-0.4618,1.0,2.0,1.0,4.0,6011200.0,10977700.0,7506600.0,8436300.0,0.2069,0.452,0.0,0.4921,0.0026,0.0005,0.4279,0.0308,0.017175919504568517,11958735.0
2025-06-05,META,0,13083100,0.0175375261744078,0.0166,0.0002,0.9832,2,0.0163,0.9866,0.0168,0.7027,0.5,0.0031,0.9975,4.0,4.0,1.0,1.0,14031900.0,11585000.0,15766300.0,8228400.0,0.7027,0.5001,0.0032,0.9975,1.0,1.0,0.9958,1.0,0.019022598417408776,16174025.0
2025-06-05,TSLA,0,287499800,0.1591987283096086,0.2063,0.2023,0.5914,5,0.004,0.5049,0.4086,-0.0094,-0.0332,0.0017,1.0,4.0,4.0,2.0,1.0,98912100.0,99324500.0,123474900.0,91404300.0,0.0095,0.0332,0.9997,1.0,0.0043,0.0006,0.5009,1.0,0.023818651019204815,112590250.0
2025-06-06,AMZN,1,39832500,0.0158662674860052,0.0,0.499,0.501,2,-0.499,0.0,0.499,0.4966,1.0,0.646,0.9108,2.0,1.0,2.0,1.0,29915600.0,29113300.0,51679400.0,28549800.0,0.4985,1.0,0.6475,0.9109,0.998,1.0,0.9988,0.9999,0.011632337801255574,44754150.0
2025-06-06,BRK-B,1,3948300,0.0090922058790301,0.0,0.0,1.0,2,-0.0,0.0311,0.0,-0.0004,-0.3806,0.9997,-0.0041,1.0,2.0,1.0,2.0,5154900.0,5297600.0,5923100.0,9153100.0,0.0005,0.4246,0.9997,0.0048,0.1009,0.0518,1.0,0.0699,0.007729698831488887,5515305.0
2025-06-06,JPM,1,7738100,0.0090416685668237,0.2296,0.0004,0.77,2,0.2292,0.9982,0.23,1.0,-0.2058,-0.4516,0.2419,1.0,1.0,2.0,1.0,8173800.0,6011200.0,10977700.0,6671800.0,1.0,0.2069,0.452,0.2421,1.0,0.0026,0.0005,0.9996,0.017445047087428472,11903040.0
2025-06-06,TSLA,0,164747700,0.0480540307091632,0.295,0.4421,0.2629,5,-0.1471,0.4002,0.7371,0.004,-0.0094,-0.0332,0.3902,5.0,4.0,4.0,2.0,287499800.0,98912100.0,99324500.0,88087800.0,0.4086,0.0095,0.0332,0.3905,0.5049,0.0043,0.0006,0.9996,0.03543198955662055,122795000.0
2025-06-06,UNH,1,12589000,0.0243583100102437,0.0,0.0002,0.9998,1,-0.0002,0.0048,0.0002,0.3031,-0.0009,0.5603,0.2267,3.0,1.0,2.0,2.0,19074400.0,16309300.0,16221100.0,20144600.0,0.3054,0.0013,0.9576,0.7808,0.9962,0.1605,0.7926,0.6452,0.0326610051905703,26650690.0
2025-06-09,AAPL,0,72862600,0.0292577706609746,0.5157,0.0015,0.4827,2,0.5142,0.997,0.5173,-1.0,0.4994,-1.0,-0.9993,1.0,2.0,1.0,1.0,43604000.0,45339700.0,56288500.0,46140500.0,1.0,0.5008,1.0,0.9993,0.0,0.9986,0.0,0.0,0.04260629618853915,79913695.0
2025-06-09,AMZN,1,38102500,0.0231431954398281,0.378,0.001,0.621,1,0.377,0.9973,0.379,-0.499,0.4966,1.0,-0.0001,2.0,2.0,1.0,1.0,39832500.0,29915600.0,29113300.0,34650000.0,0.499,0.4985,1.0,0.0001,0.0,0.998,1.0,0.1758,0.011032973843851497,43915415.0
2025-06-09,BRK-B,0,3987500,0.0114441842349298,0.0001,0.0001,0.9998,1,-0.0,0.4516,0.0002,-0.0,-0.0004,-0.3806,0.0,2.0,1.0,2.0,2.0,3948300.0,5154900.0,5297600.0,4914000.0,0.0,0.0005,0.4246,0.0004,0.0311,0.1009,0.0518,0.5473,0.00764915027346288,5465440.0
2025-06-09,GOOGL,1,28935900,0.0120316614202739,0.0,0.0,1.0,1,-0.0,0.0441,0.0,-0.8847,0.5,1.0,0.0001,1.0,2.0,1.0,3.0,45084900.0,52639900.0,37995700.0,73416000.0,0.8865,0.5001,1.0,0.6667,0.001,1.0,1.0,0.5001,0.022358365628162815,46567945.0
2025-06-09,JPM,1,8285000,0.0171052172667998,0.0,0.0,1.0,1,-0.0,0.0842,0.0,0.2292,1.0,-0.2058,-0.0,2.0,1.0,1.0,1.0,7738100.0,8173800.0,6011200.0,7506600.0,0.23,1.0,0.2069,0.0,0.9982,1.0,0.0026,0.4279,0.01731802089687094,11650980.0
2025-06-09,META,0,12773200,0.0161068631648044,0.0002,0.0001,0.9997,2,0.0,0.5434,0.0003,0.0163,0.7027,0.5,-0.0,2.0,4.0,4.0,1.0,13083100.0,14031900.0,11585000.0,8858800.0,0.0168,0.7027,0.5001,0.0,0.9866,1.0,1.0,0.4141,0.01893755121911686,15891425.0
2025-06-09,MSFT,1,16469900,0.0102405736290967,0.0,0.0207,0.9792,1,-0.0207,0.0013,0.0208,-0.0,1.0,0.9978,0.8658,1.0,1.0,1.0,1.0,14162700.0,34770500.0,13974800.0,23849800.0,0.0,1.0,1.0,0.8659,0.2759,1.0,0.9989,0.9999,0.025257828139674157,25249655.0
2025-06-09,TSLA,1,140908900,0.0978457871899377,0.2508,0.2504,0.4989,4,0.0004,0.5004,0.5011,-0.1471,0.004,-0.0094,0.0017,5.0,5.0,4.0,2.0,164747700.0,287499800.0,98912100.0,123474900.0,0.7371,0.4086,0.0095,0.9997,0.4002,0.5049,0.0043,0.5009,0.03543561940995969,126143985.0
2025-06-09,UNH,0,12170300,0.0205218301622391,0.0,0.0001,0.9999,1,-0.0001,0.0722,0.0001,-0.0002,0.3031,-0.0009,0.4761,1.0,3.0,1.0,2.0,12589000.0,19074400.0,16309300.0,16114200.0,0.0002,0.3054,0.0013,0.4827,0.0048,0.9962,0.1605,0.9932,0.029359738063778628,26286895.0
2025-06-10,AAPL,1,54672600,0.0188434629326295,0.0378,0.0005,0.9617,1,0.0372,0.9859,0.0383,0.5142,-1.0,0.4994,-0.5819,2.0,1.0,2.0,1.0,72862600.0,43604000.0,45339700.0,78432900.0,0.5173,1.0,0.5008,0.6182,0.997,0.0,0.9986,0.0294,0.042154102910000275,77261280.0
2025-06-10,BRK-B,0,3951500,0.0069012988089373,0.0,0.0,1.0,2,-0.0,0.1754,0.0,-0.0,-0.0,-0.0004,0.9997,1.0,2.0,1.0,1.0,3987500.0,3948300.0,5154900.0,5923100.0,0.0002,0.0,0.0005,0.9997,0.4516,0.0311,0.1009,1.0,0.006958062538508111,4845805.0
2025-06-10,GOOGL,1,61766100,0.0351872704632531,0.4976,0.1614,0.341,2,0.3362,0.7551,0.659,-0.0,-0.8847,0.5,-0.0,1.0,1.0,2.0,1.0,28935900.0,45084900.0,52639900.0,35211400.0,0.0,0.8865,0.5001,0.0,0.0441,0.001,1.0,0.0284,0.02173653523026935,46481095.0
2025-06-10,JPM,1,7538100,0.0114712943318659,0.2853,0.3702,0.3445,1,-0.0849,0.4352,0.6555,-0.0,0.2292,1.0,-0.4516,1.0,2.0,1.0,2.0,8285000.0,7738100.0,8173800.0,10977700.0,0.0,0.23,1.0,0.452,0.0842,0.9982,1.0,0.0005,0.017317566235867075,11662495.0
2025-06-10,META,1,10850100,0.0166393146309111,0.0121,0.0001,0.9877,2,0.012,0.9899,0.0123,0.0,0.0163,0.7027,0.0031,2.0,2.0,4.0,1.0,12773200.0,13083100.0,14031900.0,15766300.0,0.0003,0.0168,0.7027,0.0032,0.5434,0.9866,1.0,0.9958,0.01890198691250563,15800410.0
2025-06-10,MSFT,0,15375900,0.0123941431431726,0.5189,0.0003,0.4808,2,0.5186,0.9995,0.5192,-0.0207,-0.0,1.0,0.9975,1.0,1.0,1.0,1.0,16469900.0,14162700.0,34770500.0,18025600.0,0.0208,0.0,1.0,0.9975,0.0013,0.2759,1.0,1.0,0.025256622708625165,25284400.0
2025-06-10,TSLA,1,151256500,0.0544864831761847,0.4999,0.0024,0.4976,2,0.4975,0.9952,0.5024,0.0004,-0.1471,0.004,-0.0332,4.0,5.0,5.0,4.0,140908900.0,164747700.0,287499800.0,99324500.0,0.5011,0.7371,0.4086,0.0332,0.5004,0.4002,0.5049,0.0006,0.03947243381683974,127146505.0
2025-06-10,UNH,0,11384100,0.0149111223216503,0.0019,0.9955,0.0026,1,-0.9936,0.0019,0.9974,-0.0001,-0.0002,0.3031,0.5603,1.0,1.0,3.0,2.0,12170300.0,12589000.0,19074400.0,16221100.0,0.0001,0.0002,0.3054,0.9576,0.0722,0.0048,0.9962,0.7926,0.029307094527475874,26610400.0
2025-06-11,GOOGL,0,31646800,0.0201368138797005,0.376,0.0006,0.6233,2,0.3754,0.9984,0.3767,0.3362,-0.0,-0.8847,1.0,2.0,1.0,1.0,1.0,61766100.0,28935900.0,45084900.0,37995700.0,0.659,0.0,0.8865,1.0,0.7551,0.0441,0.001,1.0,0.022085630199794794,47225230.0
2025-06-11,META,0,9582500,0.023987159988846,0.9309,0.0001,0.069,2,0.9308,0.9999,0.931,0.012,0.0,0.0163,0.5,2.0,2.0,2.0,4.0,10850100.0,12773200.0,13083100.0,11585000.0,0.0123,0.0003,0.0168,0.5001,0.9899,0.5434,0.9866,1.0,0.018453206634500605,15534615.0
2025-06-11,TSLA,0,122611400,0.0388755987956872,0.1435,0.2686,0.5879,7,-0.125,0.3483,0.4121,0.4975,0.0004,-0.1471,-0.0094,2.0,4.0,5.0,4.0,151256500.0,140908900.0,164747700.0,98912100.0,0.5024,0.5011,0.7371,0.0095,0.9952,0.5004,0.4002,0.0043,0.0402426728241862,127190235.0
2025-06-12,AAPL,1,43904600,0.0116535666269409,0.0002,0.0,0.9997,1,0.0002,0.8575,0.0003,0.0372,0.5142,-1.0,-1.0,1.0,2.0,1.0,1.0,54672600.0,72862600.0,43604000.0,56288500.0,0.0383,0.5173,1.0,1.0,0.9859,0.997,0.0,0.0,0.04193720453797245,71971595.0
2025-06-12,BRK-B,1,3535200,0.0136969475893975,0.0112,0.3175,0.6712,3,-0.3063,0.0342,0.3288,-0.0,-0.0,-0.0,-0.3806,2.0,1.0,2.0,2.0,3951500.0,3987500.0,3948300.0,5297600.0,0.0,0.0002,0.0,0.4246,0.1754,0.4516,0.0311,0.0518,0.006802268429394081,4738950.0
2025-06-13,AMZN,1,29337800,0.0210992941175102,0.007,0.0042,0.9887,1,0.0028,0.6239,0.0113,0.377,-0.499,0.4966,0.646,1.0,2.0,2.0,2.0,38102500.0,39832500.0,29915600.0,51679400.0,0.379,0.499,0.4985,0.6475,0.9973,0.0,0.998,0.9988,0.00906249590078839,43632380.0
2025-06-13,META,0,9274400,0.0197107308932105,0.4999,0.0,0.5001,2,0.4999,1.0,0.4999,0.9308,0.012,0.0,0.7027,2.0,2.0,2.0,4.0,9582500.0,10850100.0,12773200.0,14031900.0,0.931,0.0123,0.0003,0.7027,0.9999,0.9899,0.5434,1.0,0.018067723733044837,15318240.0
2025-06-13,MSFT,0,16814500,0.0134757516861664,0.0003,0.0,0.9997,1,0.0003,0.8947,0.0003,0.5186,-0.0207,-0.0,0.9978,2.0,1.0,1.0,1.0,15375900.0,16469900.0,14162700.0,13974800.0,0.5192,0.0208,0.0,1.0,0.9995,0.0013,0.2759,0.9989,0.02494976835259143,25247775.0
2025-06-13,TSLA,1,128964300,0.0627130055892355,0.5001,0.0019,0.498,2,0.4981,0.9962,0.502,-0.125,0.4975,0.0004,0.004,7.0,2.0,4.0,5.0,122611400.0,151256500.0,140908900.0,287499800.0,0.4121,0.5024,0.5011,0.4086,0.3483,0.9952,0.5004,0.5049,0.04052536840549912,125734215.0
2025-06-16,AMZN,1,33284200,0.0257170718188683,0.0134,0.0002,0.9865,2,0.0132,0.9864,0.0135,0.0028,0.377,-0.499,1.0,1.0,1.0,2.0,1.0,29337800.0,38102500.0,39832500.0,29113300.0,0.0113,0.379,0.499,1.0,0.6239,0.9973,0.0,1.0,0.008538710055170989,43438035.0
2025-06-16,BRK-B,1,3937600,0.0067588211552061,0.0046,0.0005,0.9949,1,0.0042,0.9075,0.0051,-0.3063,-0.0,-0.0,-0.0004,3.0,2.0,1.0,1.0,3535200.0,3951500.0,3987500.0,5154900.0,0.3288,0.0,0.0002,0.0005,0.0342,0.1754,0.4516,0.1009,0.006950269304997808,4637020.0
2025-06-16,JPM,1,8566000,0.0182771718457397,1.0,0.0,0.0,1,1.0,1.0,1.0,-0.0849,-0.0,0.2292,-0.2058,1.0,1.0,2.0,1.0,7538100.0,8285000.0,7738100.0,6011200.0,0.6555,0.0,0.23,0.2069,0.4352,0.0842,0.9982,0.0026,0.016134440112679525,11179975.0
2025-06-16,META,1,13720300,0.0195044032361121,0.6234,0.0005,0.3761,3,0.6229,0.9992,0.6239,0.4999,0.9308,0.012,0.0163,2.0,2.0,2.0,2.0,9274400.0,9582500.0,10850100.0,13083100.0,0.4999,0.931,0.0123,0.0168,1.0,0.9999,0.9899,0.9866,0.017949310178543412,15190210.0
2025-06-16,TSLA,0,83925900,0.0170243109824865,1.0,0.0,0.0,1,1.0,1.0,1.0,0.4981,-0.125,0.4975,-0.1471,2.0,7.0,2.0,5.0,128964300.0,122611400.0,151256500.0,164747700.0,0.502,0.4121,0.5024,0.7371,0.9962,0.3483,0.9952,0.4002,0.04133472266985517,126459695.0
2025-06-16,UNH,0,14240100,0.0270925893570287,0.0,0.3329,0.667,3,-0.3329,0.0001,0.333,-0.9936,-0.0001,-0.0002,-0.0009,1.0,1.0,1.0,1.0,11384100.0,12170300.0,12589000.0,16309300.0,0.9974,0.0001,0.0002,0.0013,0.0019,0.0722,0.0048,0.1605,0.02907552819777876,26667360.0
2025-06-17,AMZN,0,32086300,0.01324352297366,0.0,0.0,1.0,1,-0.0,0.2786,0.0,0.0132,0.0028,0.377,0.4966,2.0,1.0,1.0,2.0,33284200.0,29337800.0,38102500.0,29915600.0,0.0135,0.0113,0.379,0.4985,0.9864,0.6239,0.9973,0.998,0.008480368759856865,43018880.0
2025-06-17,BRK-B,0,3956300,0.0125738465389617,0.0005,0.0003,0.9992,2,0.0002,0.5928,0.0008,0.0042,-0.3063,-0.0,-0.0,1.0,3.0,2.0,2.0,3937600.0,3535200.0,3951500.0,3948300.0,0.0051,0.3288,0.0,0.0,0.9075,0.0342,0.1754,0.0311,0.006192225601684285,4582970.0
2025-06-17,JPM,1,6739300,0.010403879648064,0.0001,0.0,0.9999,2,0.0001,0.9847,0.0001,1.0,-0.0849,-0.0,1.0,1.0,1.0,1.0,1.0,8566000.0,7538100.0,8285000.0,8173800.0,1.0,0.6555,0.0,1.0,1.0,0.4352,0.0842,1.0,0.014738868192149633,10249740.0
2025-06-17,UNH,1,11593900,0.0144089218327182,0.0,0.0,1.0,1,-0.0,0.1044,0.0,-0.3329,-0.9936,-0.0001,0.3031,3.0,1.0,1.0,3.0,14240100.0,11384100.0,12170300.0,19074400.0,0.333,0.9974,0.0001,0.3054,0.0001,0.0019,0.0722,0.9962,0.029146951384705924,27228610.0
2025-06-18,AMZN,0,44360500,0.0261286460163768,0.0013,0.0272,0.9715,2,-0.0259,0.0463,0.0285,-0.0,0.0132,0.0028,-0.499,1.0,2.0,1.0,2.0,32086300.0,33284200.0,29337800.0,39832500.0,0.0,0.0135,0.0113,0.499,0.2786,0.9864,0.6239,0.0,0.00825683185708195,41864370.0
2025-06-18,BRK-B,1,4893600,0.0081594962966942,0.0,0.0,1.0,1,0.0,0.957,0.0,0.0002,0.0042,-0.3063,-0.0,2.0,1.0,3.0,1.0,3956300.0,3937600.0,3535200.0,3987500.0,0.0008,0.0051,0.3288,0.0002,0.5928,0.9075,0.0342,0.4516,0.006661246546463679,4599715.0
2025-06-18,META,0,10068300,0.0095820598006063,0.24,0.0002,0.7598,4,0.2398,0.999,0.2402,0.6229,0.4999,0.9308,0.0,3.0,2.0,2.0,2.0,13720300.0,9274400.0,9582500.0,12773200.0,0.6239,0.4999,0.931,0.0003,0.9992,1.0,0.9999,0.5434,0.017457436686700675,14414025.0
2025-06-18,TSLA,1,95137700,0.0437111822000701,0.0,0.9971,0.0029,2,-0.9971,0.0,0.9971,1.0,0.4981,-0.125,0.0004,1.0,2.0,7.0,4.0,83925900.0,128964300.0,122611400.0,140908900.0,1.0,0.502,0.4121,0.5011,1.0,0.9962,0.3483,0.5004,0.04084662190248527,124036600.0
2025-06-18,UNH,0,12205600,0.0180783540213845,0.4867,0.0001,0.5131,2,0.4866,0.9997,0.4869,-0.0,-0.3329,-0.9936,-0.0002,1.0,3.0,1.0,1.0,11593900.0,14240100.0,11384100.0,12589000.0,0.0,0.333,0.9974,0.0002,0.1044,0.0001,0.0019,0.0048,0.027704022450579395,27173710.0
2025-06-20,AMZN,0,75350700,0.0308365723078131,0.0007,0.0002,0.9991,2,0.0005,0.7753,0.0009,-0.0259,-0.0,0.0132,0.377,2.0,1.0,2.0,1.0,44360500.0,32086300.0,33284200.0,38102500.0,0.0285,0.0,0.0135,0.379,0.0463,0.2786,0.9864,0.9973,0.008811657875516889,40369095.0
2025-06-20,BRK-B,0,7620400,0.0067017216582985,0.3284,0.011,0.6606,3,0.3174,0.9676,0.3394,0.0,0.0002,0.0042,-0.0,1.0,2.0,1.0,2.0,4893600.0,3956300.0,3937600.0,3951500.0,0.0,0.0008,0.0051,0.0,0.957,0.5928,0.9075,0.1754,0.0062180177445998,4525995.0
2025-06-20,GOOGL,0,75659900,0.0510490933015976,0.0001,0.0185,0.9814,3,-0.0184,0.0035,0.0186,0.3754,0.3362,-0.0,0.5,2.0,2.0,1.0,2.0,31646800.0,61766100.0,28935900.0,52639900.0,0.3767,0.659,0.0,0.5001,0.9984,0.7551,0.0441,1.0,0.021693629085985884,46406470.0
2025-06-20,JPM,0,13969700,0.01266462293289,0.0001,0.0,0.9999,2,0.0,0.9371,0.0001,0.0001,1.0,-0.0849,0.2292,2.0,1.0,1.0,2.0,6739300.0,8566000.0,7538100.0,7738100.0,0.0001,1.0,0.6555,0.23,0.9847,1.0,0.4352,0.9982,0.012183724336875182,9440985.0
2025-06-20,META,0,22538600,0.03303606766188,0.0,0.0001,0.9999,1,-0.0001,0.1323,0.0001,0.2398,0.6229,0.4999,0.012,4.0,3.0,2.0,2.0,10068300.0,13720300.0,9274400.0,10850100.0,0.2402,0.6239,0.4999,0.0123,0.999,0.9992,1.0,0.9899,0.015519430138574621,13359490.0
2025-06-20,TSLA,0,108688000,0.0444579540465497,0.0,0.0055,0.9944,1,-0.0055,0.004,0.0056,-0.9971,1.0,0.4981,0.4975,2.0,1.0,2.0,2.0,95137700.0,83925900.0,128964300.0,151256500.0,0.9971,1.0,0.502,0.5024,0.0,1.0,0.9962,0.9952,0.039648894086965786,121943855.0
2025-06-23,BRK-B,1,4141000,0.0139672831604546,0.0002,0.0,0.9997,2,0.0002,0.8966,0.0003,0.3174,0.0,0.0002,-0.3063,3.0,1.0,2.0,3.0,7620400.0,4893600.0,3956300.0,3535200.0,0.3394,0.0,0.0008,0.3288,0.9676,0.957,0.5928,0.0342,0.006001908122871171,4681810.0
2025-06-23,GOOGL,0,57671000,0.0321164142700097,0.0569,0.0243,0.9188,1,0.0326,0.7006,0.0812,-0.0184,0.3754,0.3362,-0.8847,3.0,2.0,2.0,1.0,75659900.0,31646800.0,61766100.0,45084900.0,0.0186,0.3767,0.659,0.8865,0.0035,0.9984,0.7551,0.001,0.023417548172404375,48633025.0
2025-06-23,JPM,1,8094600,0.0234130825949503,0.0,0.0,1.0,1,0.0,0.5736,0.0,0.0,0.0001,1.0,-0.0,2.0,2.0,1.0,1.0,13969700.0,6739300.0,8566000.0,8285000.0,0.0001,0.0001,1.0,0.0,0.9371,0.9847,1.0,0.0842,0.00818117630906922,9125245.0
2025-06-23,MSFT,1,24864000,0.0318688243798573,1.0,0.0,0.0,1,1.0,1.0,1.0,0.0003,0.5186,-0.0207,1.0,1.0,2.0,1.0,1.0,16814500.0,15375900.0,16469900.0,34770500.0,0.0003,0.5192,0.0208,1.0,0.8947,0.9995,0.0013,1.0,0.025007475552211566,25400160.0
2025-06-23,TSLA,1,190716800,0.0917750405275178,0.0135,0.0002,0.9863,4,0.0133,0.9834,0.0137,-0.0055,-0.9971,1.0,-0.125,1.0,2.0,1.0,7.0,108688000.0,95137700.0,83925900.0,122611400.0,0.0056,0.9971,1.0,0.4121,0.004,0.0,1.0,0.3483,0.03954537268209188,120528390.0
2025-06-23,UNH,0,12274700,0.0230209087364682,0.0233,0.0028,0.9739,1,0.0205,0.8928,0.0261,0.4866,-0.0,-0.3329,-0.0001,2.0,1.0,3.0,1.0,12205600.0,11593900.0,14240100.0,12170300.0,0.4869,0.0,0.333,0.0001,0.9997,0.1044,0.0001,0.0722,0.02774167675594734,27590425.0
2025-06-24,AAPL,0,54064000,0.015992919451759,0.028,0.0076,0.9645,2,0.0204,0.7869,0.0355,0.0002,0.0372,0.5142,0.4994,1.0,1.0,2.0,2.0,43904600.0,54672600.0,72862600.0,45339700.0,0.0003,0.0383,0.5173,0.5008,0.8575,0.9859,0.997,0.9986,0.03743061353816769,68123850.0
2025-06-24,AMZN,1,38378800,0.0155085947751415,1.0,0.0,0.0,1,1.0,1.0,1.0,0.0005,-0.0259,-0.0,0.0028,2.0,2.0,1.0,1.0,75350700.0,44360500.0,32086300.0,29337800.0,0.0009,0.0285,0.0,0.0113,0.7753,0.0463,0.2786,0.6239,0.010274373356027194,40241455.0
2025-06-24,BRK-B,1,5111700,0.0180822093422461,1.0,0.0,0.0,1,1.0,1.0,1.0,0.0002,0.3174,0.0,0.0042,2.0,3.0,1.0,1.0,4141000.0,7620400.0,4893600.0,3937600.0,0.0003,0.3394,0.0,0.0051,0.8966,0.9676,0.957,0.9075,0.0056625229877258435,4636815.0
2025-06-24,GOOGL,0,40524300,0.0125209463264868,0.6045,0.0005,0.3949,2,0.604,0.9991,0.6051,0.0326,-0.0184,0.3754,-0.0,1.0,3.0,2.0,1.0,57671000.0,75659900.0,31646800.0,28935900.0,0.0812,0.0186,0.3767,0.0,0.7006,0.0035,0.9984,0.0441,0.02269133589570362,49221875.0
2025-06-24,META,1,13823200,0.0157187885479833,0.6147,0.0012,0.3841,2,0.6135,0.9981,0.6159,-0.0001,0.2398,0.6229,0.9308,1.0,4.0,3.0,2.0,22538600.0,10068300.0,13720300.0,9582500.0,0.0001,0.2402,0.6239,0.931,0.1323,0.999,0.9992,0.9999,0.015963537508040256,13249455.0
2025-06-24,MSFT,1,22305600,0.0103282916135987,0.9123,0.0282,0.0595,3,0.884,0.97,0.9405,1.0,0.0003,0.5186,-0.0,1.0,1.0,2.0,1.0,24864000.0,16814500.0,15375900.0,14162700.0,1.0,0.0003,0.5192,0.0,1.0,0.8947,0.9995,0.2759,0.02512138416951349,24884125.0
2025-06-24,TSLA,0,114736200,0.0444170107751886,0.0005,0.465,0.5345,4,-0.4645,0.0011,0.4655,0.0133,-0.0055,-0.9971,0.4981,4.0,1.0,2.0,2.0,190716800.0,108688000.0,95137700.0,128964300.0,0.0137,0.0056,0.9971,0.502,0.9834,0.004,0.0,0.9962,0.04240925325917005,125170100.0
2025-06-24,UNH,1,8781400,0.0215293431386423,0.948,0.0513,0.0007,1,0.8967,0.9487,0.9993,0.0205,0.4866,-0.0,-0.9936,1.0,2.0,1.0,1.0,12274700.0,12205600.0,11593900.0,11384100.0,0.0261,0.4869,0.0,0.9974,0.8928,0.9997,0.1044,0.0019,0.025262263979201085,26748150.0
2025-06-25,AMZN,0,31755700,0.0229242301783617,0.5,0.0001,0.4999,4,0.5,0.9999,0.5001,1.0,0.0005,-0.0259,0.0132,1.0,2.0,2.0,2.0,38378800.0,75350700.0,44360500.0,33284200.0,1.0,0.0009,0.0285,0.0135,1.0,0.7753,0.0463,0.9864,0.010278891523709359,40694690.0
2025-06-25,BRK-B,0,4260600,0.0199393030365267,0.0002,0.1361,0.8637,4,-0.136,0.0011,0.1363,1.0,0.0002,0.3174,0.0002,1.0,2.0,3.0,2.0,5111700.0,4141000.0,7620400.0,3956300.0,1.0,0.0003,0.3394,0.0008,1.0,0.8966,0.9676,0.5928,0.0055857497834927265,4642535.0
2025-06-25,META,0,9320400,0.015701245012101,0.641,0.0112,0.3479,2,0.6298,0.9828,0.6521,0.6135,-0.0001,0.2398,0.4999,2.0,1.0,4.0,2.0,13823200.0,22538600.0,10068300.0,9274400.0,0.6159,0.0001,0.2402,0.4999,0.9981,0.1323,0.999,1.0,0.015833133071817412,13246230.0
2025-06-25,TSLA,0,119845100,0.0659469077866929,0.1543,0.5003,0.3454,2,-0.346,0.2357,0.6546,-0.4645,0.0133,-0.0055,1.0,4.0,4.0,1.0,1.0,114736200.0,190716800.0,108688000.0,83925900.0,0.4655,0.0137,0.0056,1.0,0.0011,0.9834,0.004,1.0,0.043185756242389066,126463415.0
2025-06-25,UNH,0,8722100,0.0150470366527759,0.0244,0.0037,0.9719,1,0.0207,0.8682,0.0281,0.8967,0.0205,0.4866,-0.3329,1.0,1.0,2.0,3.0,8781400.0,12274700.0,12205600.0,14240100.0,0.9993,0.0261,0.4869,0.333,0.9487,0.8928,0.9997,0.0001,0.02293673906858382,26535725.0
2025-06-26,AAPL,0,50799100,0.0157870862900725,0.4564,0.0,0.5436,2,0.4563,0.9999,0.4564,0.0204,0.0002,0.0372,-1.0,2.0,1.0,1.0,1.0,54064000.0,43904600.0,54672600.0,43604000.0,0.0355,0.0003,0.0383,1.0,0.7869,0.8575,0.9859,0.0,0.013711919411667581,61607255.0
2025-06-26,AMZN,1,50480800,0.0282939138393896,0.5,0.0,0.5,2,0.5,1.0,0.5,0.5,1.0,0.0005,-0.0,4.0,1.0,2.0,1.0,31755700.0,38378800.0,75350700.0,32086300.0,0.5001,1.0,0.0009,0.0,0.9999,1.0,0.7753,0.2786,0.010689295010277152,40230295.0
2025-06-26,BRK-B,0,4212900,0.0076664013664227,0.0002,0.0009,0.9989,1,-0.0006,0.2119,0.0011,-0.136,1.0,0.0002,0.0,4.0,1.0,2.0,1.0,4260600.0,5111700.0,4141000.0,4893600.0,0.1363,1.0,0.0003,0.0,0.0011,1.0,0.8966,0.957,0.006682231982306431,4683490.0
2025-06-26,GOOGL,1,31796700,0.0217479566159414,0.0,0.0,1.0,1,-0.0,0.3097,0.0,0.604,0.0326,-0.0184,0.3362,2.0,1.0,3.0,2.0,40524300.0,57671000.0,75659900.0,61766100.0,0.6051,0.0812,0.0186,0.659,0.9991,0.7006,0.0035,0.7551,0.022505656930106012,48446390.0
2025-06-26,JPM,1,8942100,0.0173516060048988,0.1122,0.0127,0.8751,1,0.0995,0.8983,0.1249,0.0,0.0,0.0001,-0.0849,1.0,2.0,2.0,1.0,8094600.0,13969700.0,6739300.0,7538100.0,0.0,0.0001,0.0001,0.6555,0.5736,0.9371,0.9847,0.4352,0.007827166992444404,8879085.0
2025-06-26,META,1,13964800,0.0240354768775384,0.1497,0.0026,0.8477,2,0.147,0.9826,0.1523,0.6298,0.6135,-0.0001,0.6229,2.0,2.0,1.0,3.0,9320400.0,13823200.0,22538600.0,13720300.0,0.6521,0.6159,0.0001,0.6239,0.9828,0.9981,0.1323,0.9992,0.01566590874745417,13055295.0
2025-06-26,MSFT,1,21578900,0.0106089717022486,1.0,0.0,0.0,2,1.0,1.0,1.0,0.884,1.0,0.0003,-0.0207,3.0,1.0,1.0,1.0,22305600.0,24864000.0,16814500.0,16469900.0,0.9405,1.0,0.0003,0.0208,0.97,1.0,0.8947,0.0013,0.00961939497407321,23489420.0
2025-06-27,AAPL,0,73188600,0.0159492854051107,0.5,0.0082,0.4918,2,0.4919,0.9839,0.5082,0.4563,0.0204,0.0002,0.5142,2.0,2.0,1.0,2.0,50799100.0,54064000.0,43904600.0,72862600.0,0.4564,0.0355,0.0003,0.5173,0.9999,0.7869,0.8575,0.997,0.013602608589935493,58053210.0
2025-06-27,AMZN,1,119217100,0.0298290178847412,0.4959,0.0002,0.5039,2,0.4957,0.9996,0.4961,0.5,0.5,1.0,-0.0259,2.0,4.0,1.0,2.0,50480800.0,31755700.0,38378800.0,44360500.0,0.5,0.5001,1.0,0.0285,1.0,0.9999,1.0,0.0463,0.011151533320654768,38994085.0
2025-06-27,BRK-B,0,6129300,0.010869339190792,0.0,0.0,1.0,1,0.0,0.7736,0.0,-0.0006,-0.136,1.0,0.3174,1.0,4.0,1.0,3.0,4212900.0,4260600.0,5111700.0,7620400.0,0.0011,0.1363,1.0,0.3394,0.2119,0.0011,1.0,0.9676,0.006696832072622921,4703345.0
2025-06-27,GOOGL,1,108140200,0.04004838779026,0.2597,0.4295,0.3107,4,-0.1698,0.3768,0.6893,-0.0,0.604,0.0326,0.3754,1.0,2.0,1.0,2.0,31796700.0,40524300.0,57671000.0,31646800.0,0.0,0.6051,0.0812,0.3767,0.3097,0.9991,0.7006,0.9984,0.02259429947016946,48548935.0
2025-06-27,JPM,1,17868600,0.0128057230095985,0.3295,0.0035,0.667,2,0.326,0.9895,0.333,0.0995,0.0,0.0,1.0,1.0,1.0,2.0,1.0,8942100.0,8094600.0,13969700.0,8566000.0,0.1249,0.0,0.0001,1.0,0.8983,0.5736,0.9371,1.0,0.0071319270514292295,8780545.0
2025-06-27,META,1,18775700,0.013172393143954,0.0006,0.0,0.9994,1,0.0006,0.9893,0.0006,0.147,0.6298,0.6135,0.2398,2.0,2.0,2.0,4.0,13964800.0,9320400.0,13823200.0,10068300.0,0.1523,0.6521,0.6159,0.2402,0.9826,0.9828,0.9981,0.999,0.015563236603359405,13232170.0
2025-06-27,MSFT,0,34539200,0.012601726796305,1.0,0.0,0.0,1,1.0,1.0,1.0,1.0,0.884,1.0,0.5186,2.0,3.0,1.0,2.0,21578900.0,22305600.0,24864000.0,15375900.0,1.0,0.9405,1.0,0.5192,1.0,0.97,1.0,0.9995,0.009143492686080914,23605805.0
2025-06-27,TSLA,0,89067000,0.0364857661754162,0.0377,0.0157,0.9466,1,0.022,0.7059,0.0534,-0.346,-0.4645,0.0133,-0.9971,2.0,4.0,4.0,2.0,119845100.0,114736200.0,190716800.0,95137700.0,0.6546,0.4655,0.0137,0.9971,0.2357,0.0011,0.9834,0.0,0.04406766924313069,125869895.0
2025-06-30,AAPL,1,91912800,0.0402455576649072,0.9902,0.0,0.0098,2,0.9902,1.0,0.9902,0.4919,0.4563,0.0204,0.0372,2.0,2.0,2.0,1.0,73188600.0,50799100.0,54064000.0,54672600.0,0.5082,0.4564,0.0355,0.0383,0.9839,0.9999,0.7869,0.9859,0.009567492956245125,56644995.0
2025-06-30,AMZN,0,58887800,0.0210272553560894,0.3963,0.0005,0.6032,5,0.3958,0.9988,0.3968,0.4957,0.5,0.5,0.0005,2.0,2.0,4.0,2.0,119217100.0,50480800.0,31755700.0,75350700.0,0.4961,0.5,0.5001,0.0009,0.9996,1.0,0.9999,0.7753,0.011379081784895821,42789015.0
2025-06-30,BRK-B,0,6384300,0.0086643167482215,0.387,0.0012,0.6119,3,0.3858,0.997,0.3881,0.0,-0.0006,-0.136,0.0002,1.0,1.0,4.0,2.0,6129300.0,4212900.0,4260600.0,4141000.0,0.0,0.0011,0.1363,0.0003,0.7736,0.2119,0.0011,0.8966,0.006685270841322409,4847570.0
2025-06-30,GOOGL,0,63378900,0.0367850090794775,1.0,0.0,0.0,1,1.0,1.0,1.0,-0.1698,-0.0,0.604,-0.0184,4.0,1.0,2.0,3.0,108140200.0,31796700.0,40524300.0,75659900.0,0.6893,0.0,0.6051,0.0186,0.3768,0.3097,0.9991,0.0035,0.023758418345536124,52615495.0
2025-06-30,META,0,15402100,0.0183332544998416,0.5393,0.0419,0.4188,4,0.4975,0.9279,0.5812,0.0006,0.147,0.6298,-0.0001,1.0,2.0,2.0,1.0,18775700.0,13964800.0,9320400.0,22538600.0,0.0006,0.1523,0.6521,0.0001,0.9893,0.9826,0.9828,0.1323,0.01542396477563231,13072700.0
2025-07-01,AAPL,1,78788900,0.0195964730615958,0.0001,0.0006,0.9993,1,-0.0004,0.1954,0.0007,0.9902,0.4919,0.4563,0.0002,2.0,2.0,2.0,1.0,91912800.0,73188600.0,50799100.0,43904600.0,0.9902,0.5082,0.4564,0.0003,1.0,0.9839,0.9999,0.8575,0.01010430423354399,58673440.0
2025-07-01,AMZN,1,39256800,0.0179954998042425,0.2857,0.0,0.7143,7,0.2857,1.0,0.2857,0.3958,0.4957,0.5,1.0,5.0,2.0,2.0,1.0,58887800.0,119217100.0,50480800.0,38378800.0,0.3968,0.4961,0.5,1.0,0.9988,0.9996,1.0,1.0,0.01230333684474961,43610360.0
2025-07-01,BRK-B,1,4776000,0.0150068108263837,0.0074,0.0023,0.9903,1,0.005,0.7595,0.0097,0.3858,0.0,-0.0006,1.0,3.0,1.0,1.0,1.0,6384300.0,6129300.0,4212900.0,5111700.0,0.3881,0.0,0.0011,1.0,0.997,0.7736,0.2119,1.0,0.006543292035788296,5008445.0
2025-07-01,GOOGL,1,35904500,0.0145669595913,0.1154,0.2392,0.6454,2,-0.1238,0.3254,0.3546,1.0,-0.1698,-0.0,0.0326,1.0,4.0,1.0,1.0,63378900.0,108140200.0,31796700.0,57671000.0,1.0,0.6893,0.0,0.0812,1.0,0.3768,0.3097,0.7006,0.024199701706243044,54035385.0
2025-07-01,JPM,0,9338300,0.0156073028165261,0.9982,0.0001,0.0018,1,0.9981,0.9999,0.9982,0.326,0.0995,0.0,0.0001,2.0,1.0,1.0,2.0,17868600.0,8942100.0,8094600.0,6739300.0,0.333,0.1249,0.0,0.0001,0.9895,0.8983,0.5736,0.9847,0.006525168628053902,9238165.0
2025-07-01,META,0,13431200,0.0303713016156159,0.9999,0.0,0.0001,1,0.9999,1.0,0.9999,0.4975,0.0006,0.147,0.6135,4.0,1.0,2.0,2.0,15402100.0,18775700.0,13964800.0,13823200.0,0.5812,0.0006,0.1523,0.6159,0.9279,0.9893,0.9826,0.9981,0.015545044822333421,13225395.0
2025-07-01,TSLA,1,145085700,0.0424848340025094,0.1603,0.3676,0.4721,5,-0.2073,0.3036,0.5279,0.022,-0.346,-0.4645,-0.0055,1.0,2.0,4.0,1.0,89067000.0,119845100.0,114736200.0,108688000.0,0.0534,0.6546,0.4655,0.0056,0.7059,0.2357,0.0011,0.004,0.043760366961952915,125205505.0
2025-07-01,UNH,1,17865500,0.0495881051388619,0.0146,0.0039,0.9815,1,0.0107,0.7888,0.0185,0.0207,0.8967,0.0205,-0.0,1.0,1.0,1.0,1.0,8722100.0,8781400.0,12274700.0,11593900.0,0.0281,0.9993,0.0261,0.0,0.8682,0.9487,0.8928,0.1044,0.022879951327275227,26610915.0
2025-07-02,AAPL,1,67941800,0.0248910863869052,1.0,0.0,0.0,1,1.0,1.0,1.0,-0.0004,0.9902,0.4919,0.0204,1.0,2.0,2.0,2.0,78788900.0,91912800.0,73188600.0,54064000.0,0.0007,0.9902,0.5082,0.0355,0.1954,1.0,0.9839,0.7869,0.010120590828496855,60275760.0
2025-07-02,AMZN,1,30894200,0.0115596804911034,0.0,0.0001,0.9999,2,-0.0001,0.0134,0.0001,0.2857,0.3958,0.4957,0.5,7.0,5.0,2.0,4.0,39256800.0,58887800.0,119217100.0,31755700.0,0.2857,0.3968,0.4961,0.5001,1.0,0.9988,0.9996,0.9999,0.012223604121457416,43626255.0
2025-07-02,JPM,0,8158700,0.0106834509858177,0.6485,0.0,0.3515,2,0.6484,0.9999,0.6485,0.9981,0.326,0.0995,0.0,1.0,2.0,1.0,2.0,9338300.0,17868600.0,8942100.0,13969700.0,0.9982,0.333,0.1249,0.0001,0.9999,0.9895,0.8983,0.9371,0.00670374974543651,8998740.0
2025-07-02,TSLA,1,119483700,0.0416146212610769,0.0281,0.9601,0.0117,4,-0.932,0.0285,0.9883,-0.2073,0.022,-0.346,0.0133,5.0,1.0,2.0,4.0,145085700.0,89067000.0,119845100.0,190716800.0,0.5279,0.0534,0.6546,0.0137,0.3036,0.7059,0.2357,0.9834,0.04380364517987909,128227050.0
2025-07-02,UNH,0,18177200,0.0498535300829456,0.0001,0.9999,0.0,1,-0.9999,0.0001,1.0,0.0107,0.0207,0.8967,0.4866,1.0,1.0,1.0,2.0,17865500.0,8722100.0,8781400.0,12205600.0,0.0185,0.0281,0.9993,0.4869,0.7888,0.8682,0.9487,0.9997,0.02525990170441674,26953950.0
2025-07-03,AMZN,1,29632400,0.0119465954782476,0.0322,0.0002,0.9676,2,0.032,0.9934,0.0324,-0.0001,0.2857,0.3958,0.5,2.0,7.0,5.0,2.0,30894200.0,39256800.0,58887800.0,50480800.0,0.0001,0.2857,0.3968,0.5,0.0134,1.0,0.9988,1.0,0.012055024875630187,43501290.0
2025-07-03,GOOGL,1,21689700,0.0146778437937675,0.0013,0.0034,0.9953,1,-0.0021,0.2805,0.0047,-0.1238,1.0,-0.1698,0.604,2.0,1.0,4.0,2.0,35904500.0,63378900.0,108140200.0,40524300.0,0.3546,1.0,0.6893,0.6051,0.3254,1.0,0.3768,0.9991,0.016976229500468634,49456105.0
2025-07-03,JPM,1,6541600,0.0177648555530869,0.0,0.9994,0.0006,1,-0.9994,0.0,0.9994,0.6484,0.9981,0.326,0.0,2.0,1.0,2.0,1.0,8158700.0,9338300.0,17868600.0,8094600.0,0.6485,0.9982,0.333,0.0,0.9999,0.9999,0.9895,0.5736,0.0068230655186173545,9134140.0
2025-07-03,MSFT,1,13984800,0.0135477257942969,0.0,0.0,1.0,2,-0.0,0.1727,0.0,1.0,1.0,0.884,0.0003,1.0,2.0,3.0,1.0,34539200.0,21578900.0,22305600.0,16814500.0,1.0,1.0,0.9405,0.0003,1.0,1.0,0.97,0.8947,0.0070018305965693865,24234375.0
2025-07-03,TSLA,0,58042300,0.0178936526813703,0.0,1.0,0.0,1,-1.0,0.0,1.0,-0.932,-0.2073,0.022,-0.4645,4.0,5.0,1.0,4.0,119483700.0,145085700.0,89067000.0,114736200.0,0.9883,0.5279,0.0534,0.4655,0.0285,0.3036,0.7059,0.0011,0.04239374974915435,128193915.0
2025-07-03,UNH,0,6161100,0.0129744031151096,0.0001,0.0006,0.9993,1,-0.0005,0.1546,0.0007,-0.9999,0.0107,0.0207,0.0205,1.0,1.0,1.0,1.0,18177200.0,17865500.0,8722100.0,12274700.0,1.0,0.0185,0.0281,0.0261,0.0001,0.7888,0.8682,0.8928,0.021161365980419195,24888895.0
2025-07-07,AAPL,0,50229000,0.0349350805513137,0.0612,0.0323,0.9065,1,0.0289,0.6546,0.0935,1.0,-0.0004,0.9902,0.4563,1.0,1.0,2.0,2.0,67941800.0,78788900.0,91912800.0,50799100.0,1.0,0.0007,0.9902,0.4564,1.0,0.1954,1.0,0.9999,0.010402214641369005,61026390.0
2025-07-07,AMZN,1,36604100,0.0086098572598444,0.4178,0.0009,0.5813,2,0.4168,0.9978,0.4187,0.032,-0.0001,0.2857,0.4957,2.0,2.0,7.0,2.0,29632400.0,30894200.0,39256800.0,119217100.0,0.0324,0.0001,0.2857,0.4961,0.9934,0.0134,1.0,0.9996,0.011747938157006331,43238310.0
2025-07-07,BRK-B,0,4674400,0.0191569268858897,0.6664,0.0001,0.3335,3,0.6663,0.9999,0.6665,0.005,0.3858,0.0,-0.136,1.0,3.0,1.0,4.0,4776000.0,6384300.0,6129300.0,4260600.0,0.0097,0.3881,0.0,0.1363,0.7595,0.997,0.7736,0.0011,0.0067488297982559635,5064445.0
2025-07-07,GOOGL,0,34175600,0.0202167453665466,0.0002,0.5,0.4998,2,-0.4998,0.0004,0.5002,-0.0021,-0.1238,1.0,-0.0,1.0,2.0,1.0,1.0,21689700.0,35904500.0,63378900.0,31796700.0,0.0047,0.3546,1.0,0.0,0.2805,0.3254,1.0,0.3097,0.016993315476358215,47665655.0
2025-07-07,MSFT,1,13981600,0.0070770617618639,0.4999,0.0,0.5001,2,0.4998,1.0,0.4999,-0.0,1.0,1.0,1.0,2.0,1.0,2.0,1.0,13984800.0,34539200.0,21578900.0,24864000.0,0.0,1.0,1.0,1.0,0.1727,1.0,1.0,1.0,0.007133294013077221,24184915.0
2025-07-07,TSLA,1,131177900,0.0253286371503157,0.0,0.6692,0.3307,4,-0.6692,0.0,0.6693,-1.0,-0.932,-0.2073,-0.346,1.0,4.0,5.0,2.0,58042300.0,119483700.0,145085700.0,119845100.0,1.0,0.9883,0.5279,0.6546,0.0,0.0285,0.3036,0.2357,0.04224678353795922,126525815.0
2025-07-08,AMZN,0,45692000,0.0248749882536897,0.0,0.0,1.0,2,-0.0,0.0198,0.0,0.4168,0.032,-0.0001,0.3958,2.0,2.0,2.0,5.0,36604100.0,29632400.0,30894200.0,58887800.0,0.4187,0.0324,0.0001,0.3968,0.9978,0.9934,0.0134,0.9988,0.011636909042456019,43641025.0
2025-07-08,JPM,0,15440900,0.0324610744462457,0.0002,0.9949,0.0049,1,-0.9946,0.0002,0.9951,-0.9994,0.6484,0.9981,0.0995,1.0,2.0,1.0,1.0,6541600.0,8158700.0,9338300.0,8942100.0,0.9994,0.6485,0.9982,0.1249,0.0,0.9999,0.9999,0.8983,0.0070346866298250455,9031770.0
2025-07-08,META,0,7770700,0.0112254881767805,0.0,0.0,0.9999,1,-0.0,0.3277,0.0001,0.9999,0.4975,0.0006,0.6298,1.0,4.0,1.0,2.0,13431200.0,15402100.0,18775700.0,9320400.0,0.9999,0.5812,0.0006,0.6521,1.0,0.9279,0.9893,0.9828,0.016079744110964165,13179865.0
2025-07-08,MSFT,0,11846600,0.0082254584019698,0.9236,0.0046,0.0718,2,0.919,0.9951,0.9282,0.4998,-0.0,1.0,0.884,2.0,2.0,1.0,3.0,13981600.0,13984800.0,34539200.0,22305600.0,0.4999,0.0,1.0,0.9405,1.0,0.1727,1.0,0.97,0.006781484257751718,23060940.0
2025-07-08,TSLA,1,103246700,0.0326598710082596,0.0,0.9998,0.0001,1,-0.9998,0.0,0.9999,-0.6692,-1.0,-0.932,0.022,4.0,1.0,4.0,1.0,131177900.0,58042300.0,119483700.0,89067000.0,0.6693,1.0,0.9883,0.0534,0.0,0.0,0.0285,0.7059,0.042255288661764145,128680320.0
2025-07-09,AMZN,1,38155100,0.017279558234362,0.3333,0.0,0.6667,3,0.3333,0.9999,0.3333,-0.0,0.4168,0.032,0.2857,2.0,2.0,2.0,7.0,45692000.0,36604100.0,29632400.0,39256800.0,0.0,0.4187,0.0324,0.2857,0.0198,0.9978,0.9934,1.0,0.012321391202204893,44193125.0
2025-07-09,BRK-B,1,3367400,0.0076729636522209,0.185,0.0001,0.815,2,0.1849,0.9997,0.185,0.6663,0.005,0.3858,-0.0006,3.0,1.0,3.0,1.0,4674400.0,4776000.0,6384300.0,4212900.0,0.6665,0.0097,0.3881,0.0011,0.9999,0.7595,0.997,0.2119,0.00726937315770222,4840510.0
2025-07-09,META,1,11418000,0.0204921120130961,0.4972,0.0001,0.5027,3,0.497,0.9997,0.4973,-0.0,0.9999,0.4975,0.147,1.0,1.0,4.0,2.0,7770700.0,13431200.0,15402100.0,13964800.0,0.0001,0.9999,0.5812,0.1523,0.3277,1.0,0.9279,0.9826,0.016053753675786785,12642450.0
2025-07-09,TSLA,0,75586800,0.0221811674484349,0.0043,0.4668,0.5289,2,-0.4624,0.0092,0.4711,-0.9998,-0.6692,-1.0,-0.2073,1.0,4.0,1.0,5.0,103246700.0,131177900.0,58042300.0,145085700.0,0.9999,0.6693,1.0,0.5279,0.0,0.0,0.0,0.3036,0.04198927581479359,127668910.0
2025-07-10,AAPL,1,44443600,0.0163887560603692,0.0,0.0,1.0,1,-0.0,0.0606,0.0,0.0289,1.0,-0.0004,0.4919,1.0,1.0,1.0,2.0,50229000.0,67941800.0,78788900.0,73188600.0,0.0935,1.0,0.0007,0.5082,0.6546,1.0,0.1954,0.9839,0.010478237651170036,61172290.0
2025-07-10,AMZN,1,30370600,0.0139471735288974,0.0,0.0001,0.9998,1,-0.0001,0.0862,0.0002,0.3333,-0.0,0.4168,-0.0001,3.0,2.0,2.0,2.0,38155100.0,45692000.0,36604100.0,30894200.0,0.3333,0.0,0.4187,0.0001,0.9999,0.0198,0.9978,0.0134,0.012385990301896375,43516910.0
2025-07-10,GOOGL,1,29252400,0.0230597715673417,0.0,0.0,1.0,1,-0.0,0.2988,0.0,-0.4998,-0.0021,-0.1238,-0.1698,2.0,1.0,2.0,4.0,34175600.0,21689700.0,35904500.0,108140200.0,0.5002,0.0047,0.3546,0.6893,0.0004,0.2805,0.3254,0.3768,0.01711262526836626,47752670.0
2025-07-10,META,0,9913600,0.0221447781796913,0.9995,0.0,0.0005,1,0.9995,1.0,0.9995,0.497,-0.0,0.9999,0.0006,3.0,1.0,1.0,1.0,11418000.0,7770700.0,13431200.0,18775700.0,0.4973,0.0001,0.9999,0.0006,0.9997,0.3277,1.0,0.9893,0.016350171341567025,12801930.0
2025-07-10,TSLA,1,104365300,0.0349275501172798,0.5,0.0066,0.4934,2,0.4935,0.9871,0.5066,-0.4624,-0.9998,-0.6692,-0.932,2.0,1.0,4.0,4.0,75586800.0,103246700.0,131177900.0,119483700.0,0.4711,0.9999,0.6693,0.9883,0.0092,0.0,0.0,0.0285,0.041985005694888826,126482025.0
2025-07-10,UNH,0,11355600,0.0274862622562223,0.0,0.0,0.9999,1,-0.0,0.1885,0.0001,-0.0005,-0.9999,0.0107,0.8967,1.0,1.0,1.0,1.0,6161100.0,18177200.0,17865500.0,8781400.0,0.0007,1.0,0.0185,0.9993,0.1546,0.0001,0.7888,0.9487,0.018638626971685265,23195470.0
2025-07-11,AMZN,1,50518300,0.0192772051314792,0.9218,0.0591,0.019,2,0.8627,0.9397,0.981,-0.0001,0.3333,-0.0,0.032,1.0,3.0,2.0,2.0,30370600.0,38155100.0,45692000.0,29632400.0,0.0002,0.3333,0.0,0.0324,0.0862,0.9999,0.0198,0.9934,0.0122906990196303,43579775.0
2025-07-11,BRK-B,0,4416600,0.0114435951853674,0.0,0.0,1.0,1,-0.0,0.0339,0.0,0.1849,0.6663,0.005,0.0,2.0,3.0,1.0,1.0,3367400.0,4674400.0,4776000.0,6129300.0,0.185,0.6665,0.0097,0.0,0.9997,0.9999,0.7595,0.7736,0.007330097862376232,4763180.0
2025-07-11,GOOGL,1,34282900,0.027999305029842,0.6668,0.0,0.3332,3,0.6667,0.9999,0.6668,-0.0,-0.4998,-0.0021,1.0,1.0,2.0,1.0,1.0,29252400.0,34175600.0,21689700.0,63378900.0,0.0,0.5002,0.0047,1.0,0.2988,0.0004,0.2805,1.0,0.017270041409937317,47096185.0
2025-07-11,JPM,1,7384700,0.0130639224217309,0.0001,0.0001,0.9998,1,0.0,0.5297,0.0002,-0.9946,-0.9994,0.6484,0.326,1.0,1.0,2.0,2.0,15440900.0,6541600.0,8158700.0,17868600.0,0.9951,0.9994,0.6485,0.333,0.0002,0.0,0.9999,0.9895,0.009372338157521145,9357170.0
2025-07-11,META,0,10873900,0.0213978698096886,0.0017,0.1363,0.862,1,-0.1345,0.0127,0.138,0.9995,0.497,-0.0,0.4975,1.0,3.0,1.0,4.0,9913600.0,11418000.0,7770700.0,15402100.0,0.9995,0.4973,0.0001,0.5812,1.0,0.9997,0.3277,0.9279,0.016238829729750145,12854670.0
2025-07-11,MSFT,1,16459500,0.0145044054178236,0.0,0.0,1.0,1,-0.0,0.0339,0.0,0.919,0.4998,-0.0,1.0,2.0,2.0,2.0,2.0,11846600.0,13981600.0,13984800.0,21578900.0,0.9282,0.4999,0.0,1.0,0.9951,1.0,0.1727,1.0,0.005767683007748844,20706365.0
2025-07-11,TSLA,1,79236400,0.027412394166285,0.0,0.0003,0.9997,1,-0.0003,0.0165,0.0003,0.4935,-0.4624,-0.9998,-1.0,2.0,2.0,1.0,1.0,104365300.0,75586800.0,103246700.0,58042300.0,0.5066,0.4711,0.9999,1.0,0.9871,0.0092,0.0,0.0,0.041875536602320365,126754685.0
2025-07-11,UNH,1,9808200,0.0203986245626741,0.0505,0.0446,0.9049,1,0.0059,0.5309,0.0951,-0.0,-0.0005,-0.9999,0.0207,1.0,1.0,1.0,1.0,11355600.0,6161100.0,18177200.0,8722100.0,0.0001,0.0007,1.0,0.0281,0.1885,0.1546,0.0001,0.8682,0.018908352003473818,17670790.0
2025-07-14,AAPL,0,38840100,0.0160530200235905,0.0,0.9965,0.0035,2,-0.9965,0.0,0.9965,-0.0,0.0289,1.0,0.9902,1.0,1.0,1.0,2.0,44443600.0,50229000.0,67941800.0,91912800.0,0.0,0.0935,1.0,0.9902,0.0606,0.6546,1.0,1.0,0.009709582865791076,60526185.0
2025-07-14,AMZN,1,35702600,0.010752201938036,0.0414,0.0,0.9586,2,0.0413,0.9997,0.0414,0.8627,-0.0001,0.3333,0.4168,2.0,1.0,3.0,2.0,50518300.0,30370600.0,38155100.0,36604100.0,0.981,0.0002,0.3333,0.4187,0.9397,0.0862,0.9999,0.9978,0.012341224705302491,44609910.0
2025-07-14,BRK-B,1,4294700,0.0098457019641219,0.0,0.0,1.0,2,-0.0,0.0489,0.0,-0.0,0.1849,0.6663,0.3858,1.0,2.0,3.0,3.0,4416600.0,3367400.0,4674400.0,6384300.0,0.0,0.185,0.6665,0.3881,0.0339,0.9997,0.9999,0.997,0.007244024905685944,4687855.0
2025-07-14,GOOGL,1,32536600,0.0220430120670125,0.0007,0.0004,0.9989,1,0.0003,0.6275,0.0011,0.6667,-0.0,-0.4998,-0.1238,3.0,1.0,2.0,2.0,34282900.0,29252400.0,34175600.0,35904500.0,0.6668,0.0,0.5002,0.3546,0.9999,0.2988,0.0004,0.3254,0.0175855823765145,47289025.0
2025-07-14,JPM,1,9079900,0.0140731456587901,0.0,1.0,0.0,1,-1.0,0.0,1.0,0.0,-0.9946,-0.9994,0.9981,1.0,1.0,1.0,1.0,7384700.0,15440900.0,6541600.0,9338300.0,0.0002,0.9951,0.9994,0.9982,0.5297,0.0002,0.0,0.9999,0.009229310384287377,9119155.0
2025-07-14,META,1,8939400,0.0159559818792943,0.3181,0.0001,0.6818,3,0.3181,0.9998,0.3182,-0.1345,0.9995,0.497,0.9999,1.0,1.0,3.0,1.0,10873900.0,9913600.0,11418000.0,13431200.0,0.138,0.9995,0.4973,0.9999,0.0127,1.0,0.9997,1.0,0.013123773296345028,12610050.0
2025-07-14,MSFT,1,12058800,0.0058621839723443,0.4714,0.138,0.3906,2,0.3335,0.7736,0.6094,-0.0,0.919,0.4998,1.0,1.0,2.0,2.0,1.0,16459500.0,11846600.0,13981600.0,34539200.0,0.0,0.9282,0.4999,1.0,0.0339,0.9951,1.0,1.0,0.005848102023358427,19991470.0
2025-07-14,TSLA,0,78043400,0.031252926486093,0.6669,0.0002,0.3329,3,0.6667,0.9998,0.6671,-0.0003,0.4935,-0.4624,-0.6692,1.0,2.0,2.0,4.0,79236400.0,104365300.0,75586800.0,131177900.0,0.0003,0.5066,0.4711,0.6693,0.0165,0.9871,0.0092,0.0,0.03152153129468565,116341515.0
2025-07-15,AMZN,1,34907300,0.0080017576614197,0.5,0.0,0.5,2,0.5,0.9999,0.5,0.0413,0.8627,-0.0001,-0.0,2.0,2.0,1.0,2.0,35702600.0,50518300.0,30370600.0,45692000.0,0.0414,0.981,0.0002,0.0,0.9997,0.9397,0.0862,0.0198,0.012305817438587163,44403415.0
2025-07-15,JPM,0,12526100,0.0224652820163304,1.0,0.0,0.0,2,1.0,1.0,1.0,-1.0,0.0,-0.9946,0.6484,1.0,1.0,1.0,2.0,9079900.0,7384700.0,15440900.0,8158700.0,1.0,0.0002,0.9951,0.6485,0.0,0.5297,0.0002,0.9999,0.009073934103087763,9151335.0
2025-07-15,TSLA,0,77556300,0.0334710099229862,0.0001,0.3332,0.6666,3,-0.3331,0.0004,0.3334,0.6667,-0.0003,0.4935,-0.9998,3.0,1.0,2.0,1.0,78043400.0,79236400.0,104365300.0,103246700.0,0.6671,0.0003,0.5066,0.9999,0.9998,0.0165,0.9871,0.0,0.031277537606462735,112006300.0
2025-07-15,UNH,0,16019000,0.032197771751399,1.0,0.0,0.0,2,1.0,1.0,1.0,0.0059,-0.0,-0.0005,0.0107,1.0,1.0,1.0,1.0,9808200.0,11355600.0,6161100.0,17865500.0,0.0951,0.0001,0.0007,0.0185,0.5309,0.1885,0.1546,0.7888,0.017394589892358828,15034965.0
2025-07-16,BRK-B,1,3796900,0.0085738719020805,0.0002,0.1015,0.8983,2,-0.1013,0.002,0.1017,-0.0,-0.0,0.1849,0.005,2.0,1.0,2.0,1.0,4294700.0,4416600.0,3367400.0,4776000.0,0.0,0.0,0.185,0.0097,0.0489,0.0339,0.9997,0.7595,0.006881742647308611,4637710.0
2025-07-16,GOOGL,0,33104200,0.012551860853571,0.0,0.5011,0.4989,2,-0.5011,0.0,0.5011,0.0003,0.6667,-0.0,-0.0021,1.0,3.0,1.0,1.0,32536600.0,34282900.0,29252400.0,21689700.0,0.0011,0.6668,0.0,0.0047,0.6275,0.9999,0.2988,0.2805,0.017204961226275177,46585470.0
2025-07-16,JPM,0,9979800,0.0267683820529971,0.3333,0.0,0.6666,3,0.3333,1.0,0.3334,1.0,-1.0,0.0,-0.9994,2.0,1.0,1.0,1.0,12526100.0,9079900.0,7384700.0,6541600.0,1.0,1.0,0.0002,0.9994,1.0,0.0,0.5297,0.0,0.008940275812764471,9444050.0
2025-07-16,META,0,13067600,0.020606349121062,0.0,1.0,0.0,1,-1.0,0.0,1.0,0.3181,-0.1345,0.9995,-0.0,3.0,1.0,1.0,1.0,8939400.0,10873900.0,9913600.0,7770700.0,0.3182,0.138,0.9995,0.0001,0.9998,0.0127,1.0,0.3277,0.013159201241404139,12477770.0
2025-07-16,UNH,0,9714000,0.0179114354914388,0.6964,0.0861,0.2175,1,0.6103,0.89,0.7825,1.0,0.0059,-0.0,-0.9999,2.0,1.0,1.0,1.0,16019000.0,9808200.0,11355600.0,18177200.0,1.0,0.0951,0.0001,1.0,1.0,0.5309,0.1885,0.0001,0.01845797175902931,13560570.0
2025-07-17,AAPL,0,48068100,0.0104953537398342,0.9935,0.0006,0.006,1,0.9929,0.9994,0.994,-0.9965,-0.0,0.0289,-0.0004,2.0,1.0,1.0,1.0,38840100.0,44443600.0,50229000.0,78788900.0,0.9965,0.0,0.0935,0.0007,0.0,0.0606,0.6546,0.1954,0.00979709753028626,57417660.0
2025-07-17,GOOGL,1,31992600,0.0196552203966801,0.9923,0.0,0.0077,1,0.9923,1.0,0.9923,-0.5011,0.0003,0.6667,-0.4998,2.0,1.0,3.0,2.0,33104200.0,32536600.0,34282900.0,34175600.0,0.5011,0.0011,0.6668,0.5002,0.0,0.6275,0.9999,0.0004,0.015890734972743487,44569880.0
2025-07-17,JPM,1,8509500,0.0242026012294458,0.5,0.0,0.5,2,0.5,1.0,0.5,0.3333,1.0,-1.0,-0.9946,3.0,2.0,1.0,1.0,9979800.0,12526100.0,9079900.0,15440900.0,0.3334,1.0,1.0,0.9951,1.0,1.0,0.0,0.0002,0.00908698882988382,9567710.0
2025-07-17,META,0,11803300,0.0124789376335596,0.0,0.95,0.0499,1,-0.95,0.0,0.9501,-1.0,0.3181,-0.1345,0.497,1.0,3.0,1.0,3.0,13067600.0,8939400.0,10873900.0,11418000.0,1.0,0.3182,0.138,0.4973,0.0,0.9998,0.0127,0.9997,0.011480953599579524,12429555.0
2025-07-17,MSFT,1,17503100,0.0153258980229596,0.564,0.0009,0.4351,2,0.5631,0.9984,0.5649,0.3335,-0.0,0.919,-0.0,2.0,1.0,2.0,2.0,12058800.0,16459500.0,11846600.0,13984800.0,0.6094,0.0,0.9282,0.0,0.7736,0.0339,0.9951,0.1727,0.005754846012123776,19587605.0
2025-07-17,TSLA,0,73922900,0.0225282343085203,0.0043,0.1924,0.8032,2,-0.1881,0.022,0.1968,-0.3331,0.6667,-0.0003,-0.4624,3.0,3.0,1.0,2.0,77556300.0,78043400.0,79236400.0,75586800.0,0.3334,0.6671,0.0003,0.4711,0.0004,0.9998,0.0165,0.0092,0.027322251953101603,108838670.0
2025-07-18,AAPL,1,48974600,0.009911302633308,0.0,0.0003,0.9997,1,-0.0003,0.0089,0.0003,0.9929,-0.9965,-0.0,1.0,1.0,2.0,1.0,1.0,48068100.0,38840100.0,44443600.0,67941800.0,0.994,0.9965,0.0,1.0,0.9994,0.0,0.0606,1.0,0.009121544045311104,56394230.0
2025-07-18,AMZN,1,37833800,0.0151905400116236,0.0007,0.0003,0.999,2,0.0004,0.7159,0.001,0.5,0.0413,0.8627,0.3333,2.0,2.0,2.0,3.0,34907300.0,35702600.0,50518300.0,38155100.0,0.5,0.0414,0.981,0.3333,0.9999,0.9997,0.9397,0.9999,0.01210822274601098,44243655.0
2025-07-18,BRK-B,0,4015800,0.0108439127604166,0.0001,0.0,0.9999,3,0.0001,0.8743,0.0001,-0.1013,-0.0,-0.0,0.6663,2.0,2.0,1.0,3.0,3796900.0,4294700.0,4416600.0,4674400.0,0.1017,0.0,0.0,0.6665,0.002,0.0489,0.0339,0.9999,0.006829400820389704,4569810.0
2025-07-18,GOOGL,0,34014500,0.0146169986207831,0.4999,0.4998,0.0002,2,0.0001,0.5,0.9998,0.9923,-0.5011,0.0003,-0.0,1.0,2.0,1.0,1.0,31992600.0,33104200.0,32536600.0,29252400.0,0.9923,0.5011,0.0011,0.0,1.0,0.0,0.6275,0.2988,0.015958458424024026,44408940.0
2025-07-21,AAPL,1,51377400,0.0195662129988764,0.0001,0.3241,0.6758,3,-0.324,0.0003,0.3242,-0.0003,0.9929,-0.9965,0.0289,1.0,1.0,2.0,1.0,48974600.0,48068100.0,38840100.0,50229000.0,0.0003,0.994,0.9965,0.0935,0.0089,0.9994,0.0,0.6546,0.00907091739864742,57020265.0
2025-07-21,AMZN,1,40297600,0.0178888089374451,0.9883,0.0,0.0117,2,0.9883,1.0,0.9883,0.0004,0.5,0.0413,-0.0001,2.0,2.0,2.0,1.0,37833800.0,34907300.0,35702600.0,30370600.0,0.001,0.5,0.0414,0.0002,0.7159,0.9999,0.9997,0.0862,0.01193382254757368,44668455.0
2025-07-21,BRK-B,1,3791300,0.0134238246000551,0.0465,0.0011,0.9524,4,0.0454,0.9773,0.0476,0.0001,-0.1013,-0.0,0.1849,3.0,2.0,2.0,2.0,4015800.0,3796900.0,4294700.0,3367400.0,0.0001,0.1017,0.0,0.185,0.8743,0.002,0.0489,0.9997,0.006760449865930694,4573185.0
2025-07-21,GOOGL,1,45803100,0.0222281846424077,1.0,0.0,0.0,1,1.0,1.0,1.0,0.0001,0.9923,-0.5011,0.6667,2.0,1.0,2.0,3.0,34014500.0,31992600.0,33104200.0,34282900.0,0.9998,0.9923,0.5011,0.6668,0.5,1.0,0.0,0.9999,0.015545674119012327,44209880.0
2025-07-21,JPM,0,7898100,0.012371154994899,0.0,0.0,1.0,1,-0.0,0.0315,0.0,0.5,0.3333,1.0,0.0,2.0,3.0,2.0,1.0,8509500.0,9979800.0,12526100.0,7384700.0,0.5,0.3334,1.0,0.0002,1.0,1.0,1.0,0.5297,0.010167925119996268,9444300.0
2025-07-21,MSFT,1,14066800,0.0129068681746722,0.0,0.0,1.0,1,-0.0,0.2472,0.0,0.5631,0.3335,-0.0,0.4998,2.0,2.0,1.0,2.0,17503100.0,12058800.0,16459500.0,13981600.0,0.5649,0.6094,0.0,0.4999,0.9984,0.7736,0.0339,1.0,0.00599873544251641,19297995.0
2025-07-22,AMZN,0,37483700,0.0158916493072027,0.9052,0.0,0.0948,1,0.9052,1.0,0.9052,0.9883,0.0004,0.5,0.8627,2.0,2.0,2.0,2.0,40297600.0,37833800.0,34907300.0,50518300.0,0.9883,0.001,0.5,0.981,1.0,0.7159,0.9999,0.9397,0.01174966443765097,45019125.0
2025-07-22,BRK-B,1,4521500,0.0171188530987118,0.0003,0.0378,0.9619,4,-0.0375,0.0073,0.0381,0.0454,0.0001,-0.1013,-0.0,4.0,3.0,2.0,1.0,3791300.0,4015800.0,3796900.0,4416600.0,0.0476,0.0001,0.1017,0.0,0.9773,0.8743,0.002,0.0339,0.006801328041081287,4563375.0
2025-07-22,GOOGL,0,44660200,0.0218798286298547,0.0,0.0,1.0,1,-0.0,0.0196,0.0,1.0,0.0001,0.9923,0.0003,1.0,2.0,1.0,1.0,45803100.0,34014500.0,31992600.0,32536600.0,1.0,0.9998,0.9923,0.0011,1.0,0.5,1.0,0.6275,0.016229146942358972,43868040.0
2025-07-22,TSLA,1,77370400,0.0420331663723562,0.3356,0.0,0.6644,3,0.3356,0.9999,0.3356,-0.1881,-0.3331,0.6667,0.4935,2.0,3.0,3.0,2.0,73922900.0,77556300.0,78043400.0,104365300.0,0.1968,0.3334,0.6671,0.5066,0.022,0.0004,0.9998,0.9871,0.026334136045172114,104971990.0
2025-07-22,UNH,1,14600300,0.0180801233530787,0.9986,0.0009,0.0005,2,0.9977,0.9991,0.9995,0.6103,1.0,0.0059,-0.0005,1.0,2.0,1.0,1.0,9714000.0,16019000.0,9808200.0,6161100.0,0.7825,1.0,0.0951,0.0007,0.89,1.0,0.5309,0.1546,0.01811749719022034,13039040.0
2025-07-23,AMZN,0,28294900,0.0074407884586998,0.9997,0.0003,0.0,1,0.9994,0.9997,1.0,0.9052,0.9883,0.0004,0.0413,1.0,2.0,2.0,2.0,37483700.0,40297600.0,37833800.0,35702600.0,0.9052,0.9883,0.001,0.0414,1.0,1.0,0.7159,0.9997,0.011946752776923796,45288995.0
2025-07-23,BRK-B,1,4385600,0.0109318063508589,0.0002,0.0012,0.9986,1,-0.0011,0.1174,0.0014,-0.0375,0.0454,0.0001,-0.0,4.0,4.0,3.0,2.0,4521500.0,3791300.0,4015800.0,4294700.0,0.0381,0.0476,0.0001,0.0,0.0073,0.9773,0.8743,0.0489,0.006886143935048904,4591875.0
2025-07-23,GOOGL,0,58681900,0.0174935044570006,0.799,0.0,0.201,5,0.799,1.0,0.799,-0.0,1.0,0.0001,-0.5011,1.0,1.0,2.0,2.0,44660200.0,45803100.0,34014500.0,33104200.0,0.0,1.0,0.9998,0.5011,0.0196,1.0,0.5,0.0,0.016110429436790735,43846805.0
2025-07-23,META,1,8771600,0.0137321973952503,0.0024,0.0,0.9976,1,0.0023,0.9842,0.0024,-0.95,-1.0,0.3181,0.9995,1.0,1.0,3.0,1.0,11803300.0,13067600.0,8939400.0,9913600.0,0.9501,1.0,0.3182,0.9995,0.0,0.0,0.9998,1.0,0.011381482435888707,12365565.0
2025-07-23,TSLA,1,92553800,0.022756116404319,0.0,1.0,0.0,1,-1.0,0.0,1.0,0.3356,-0.1881,-0.3331,-0.0003,3.0,2.0,3.0,1.0,77370400.0,73922900.0,77556300.0,79236400.0,0.3356,0.1968,0.3334,0.0003,0.9999,0.022,0.0004,0.0165,0.025762660005195594,102709940.0
2025-07-24,AMZN,1,42902300,0.0321158994159686,0.0,0.0,0.9999,3,-0.0,0.2681,0.0001,0.9994,0.9052,0.9883,0.5,1.0,1.0,2.0,2.0,28294900.0,37483700.0,40297600.0,34907300.0,1.0,0.9052,0.9883,0.5,0.9997,1.0,1.0,0.9999,0.011627603736793175,44485715.0
2025-07-24,BRK-B,0,5044800,0.0115399904059975,1.0,0.0,0.0,1,1.0,1.0,1.0,-0.0011,-0.0375,0.0454,-0.1013,1.0,4.0,4.0,2.0,4385600.0,4521500.0,3791300.0,3796900.0,0.0014,0.0381,0.0476,0.1017,0.1174,0.0073,0.9773,0.002,0.006707696827847535,4634395.0
2025-07-24,GOOGL,0,74881700,0.0352738008998681,0.7819,0.0505,0.1676,6,0.7313,0.9393,0.8324,0.799,-0.0,1.0,0.9923,5.0,1.0,1.0,1.0,58681900.0,44660200.0,45803100.0,31992600.0,0.799,0.0,1.0,0.9923,1.0,0.0196,1.0,1.0,0.01608786164232909,45334105.0
2025-07-24,JPM,0,7001200,0.0113979691271957,0.9984,0.0,0.0016,2,0.9984,1.0,0.9984,-0.0,0.5,0.3333,-1.0,1.0,2.0,3.0,1.0,7898100.0,8509500.0,9979800.0,9079900.0,0.0,0.5,0.3334,1.0,0.0315,1.0,1.0,0.0,0.010173902719342931,9538645.0
2025-07-24,META,0,10920800,0.0134160731900954,0.0009,0.0004,0.9988,1,0.0005,0.6969,0.0012,0.0023,-0.95,-1.0,-0.1345,1.0,1.0,1.0,1.0,8771600.0,11803300.0,13067600.0,10873900.0,0.0024,0.9501,1.0,0.138,0.9842,0.0,0.0,0.0127,0.01175433041551399,12165485.0
2025-07-24,TSLA,0,156966000,0.0314193233366935,0.0,0.5014,0.4986,4,-0.5013,0.0,0.5014,-1.0,0.3356,-0.1881,0.6667,1.0,3.0,2.0,3.0,92553800.0,77370400.0,73922900.0,78043400.0,1.0,0.3356,0.1968,0.6671,0.0,0.9999,0.022,0.9998,0.02447395325229856,100889415.0
2025-07-24,UNH,0,22585200,0.0388201695423364,0.0001,0.0443,0.9556,3,-0.0442,0.002,0.0444,0.9977,0.6103,1.0,-0.0,2.0,1.0,2.0,1.0,14600300.0,9714000.0,16019000.0,11355600.0,0.9995,0.7825,1.0,0.0001,0.9991,0.89,1.0,0.1885,0.017955657415157894,12963345.0
2025-07-25,AAPL,0,40268800,0.0085701519461281,0.4802,0.5,0.0198,2,-0.0198,0.4899,0.9802,-0.324,-0.0003,0.9929,-0.0,3.0,1.0,1.0,1.0,51377400.0,48974600.0,48068100.0,44443600.0,0.3242,0.0003,0.994,0.0,0.0003,0.0089,0.9994,0.0606,0.00876396647220562,56993670.0
2025-07-25,AMZN,0,28712100,0.0055981528073555,0.4999,0.0,0.5001,2,0.4999,1.0,0.4999,-0.0,0.9994,0.9052,0.0004,3.0,1.0,1.0,2.0,42902300.0,28294900.0,37483700.0,37833800.0,0.0001,1.0,0.9052,0.001,0.2681,0.9997,1.0,0.7159,0.010555131178038428,42863295.0
2025-07-25,BRK-B,1,4220500,0.0109410776397908,0.1044,0.053,0.8426,3,0.0514,0.6631,0.1574,1.0,-0.0011,-0.0375,0.0001,1.0,1.0,4.0,3.0,5044800.0,4385600.0,4521500.0,4015800.0,1.0,0.0014,0.0381,0.0001,1.0,0.1174,0.0073,0.8743,0.006769032271009112,4689755.0
2025-07-25,JPM,1,5918500,0.0099090068097294,0.0072,0.0002,0.9926,2,0.007,0.9765,0.0074,0.9984,-0.0,0.5,1.0,2.0,1.0,2.0,2.0,7001200.0,7898100.0,8509500.0,12526100.0,0.9984,0.0,0.5,1.0,1.0,0.0315,1.0,1.0,0.009771619721568104,9480015.0
2025-07-25,MSFT,1,19125700,0.0154740631239348,0.0019,0.001,0.997,2,0.0009,0.649,0.003,-0.0,0.5631,0.3335,0.919,1.0,2.0,2.0,2.0,14066800.0,17503100.0,12058800.0,11846600.0,0.0,0.5649,0.6094,0.9282,0.2472,0.9984,0.7736,0.9951,0.005988292500832717,18826770.0
2025-07-25,TSLA,1,148227000,0.0505927175333841,0.0,0.0008,0.9992,3,-0.0008,0.0277,0.0008,-0.5013,-1.0,0.3356,-0.3331,4.0,1.0,3.0,3.0,156966000.0,92553800.0,77370400.0,77556300.0,0.5014,1.0,0.3356,0.3334,0.0,0.0,0.9999,0.0004,0.024670876775292956,104541420.0
2025-07-25,UNH,1,16486600,0.0220641003808941,0.0,1.0,0.0,1,-1.0,0.0,1.0,-0.0442,0.9977,0.6103,0.0059,3.0,2.0,1.0,1.0,22585200.0,14600300.0,9714000.0,9808200.0,0.0444,0.9995,0.7825,0.0951,0.002,0.9991,0.89,0.5309,0.018292874047835375,13281550.0
2025-07-28,AMZN,0,26300100,0.0087422036973414,0.0009,0.4708,0.5283,2,-0.4699,0.0019,0.4717,0.4999,-0.0,0.9994,0.9883,2.0,3.0,1.0,2.0,28712100.0,42902300.0,28294900.0,40297600.0,0.4999,0.0001,1.0,0.9883,1.0,0.2681,0.9997,1.0,0.010623742919312904,42379960.0
2025-07-28,BRK-B,0,3626100,0.011974786249366,0.0,0.4992,0.5008,2,-0.4992,0.0,0.4992,0.0514,1.0,-0.0011,0.0454,3.0,1.0,1.0,4.0,4220500.0,5044800.0,4385600.0,3791300.0,0.1574,1.0,0.0014,0.0476,0.6631,1.0,0.1174,0.9773,0.00631953669804064,4702965.0
2025-07-28,GOOGL,0,38139500,0.0165763326364116,0.2349,0.038,0.7271,5,0.1969,0.8606,0.2729,0.7313,0.799,-0.0,0.0001,6.0,5.0,1.0,2.0,74881700.0,58681900.0,44660200.0,34014500.0,0.8324,0.799,0.0,0.9998,0.9393,1.0,0.0196,0.5,0.01668514698142575,45989885.0
2025-07-28,JPM,1,5840400,0.0087683441492033,0.6741,0.0001,0.3258,3,0.674,0.9999,0.6742,0.007,0.9984,-0.0,0.3333,2.0,2.0,1.0,3.0,5918500.0,7001200.0,7898100.0,9979800.0,0.0074,0.9984,0.0,0.3334,0.9765,1.0,0.0315,1.0,0.00978669021926573,9389035.0
2025-07-28,META,1,8715700,0.0168624124059754,0.473,0.0,0.527,2,0.473,1.0,0.473,0.0005,0.0023,-0.95,0.3181,1.0,1.0,1.0,3.0,10920800.0,8771600.0,11803300.0,8939400.0,0.0012,0.0024,0.9501,0.3182,0.6969,0.9842,0.0,0.9998,0.011714963994249,12169020.0
2025-07-28,MSFT,0,14308000,0.0094926951458602,0.0005,0.1942,0.8052,1,-0.1937,0.0027,0.1948,0.0009,-0.0,0.5631,-0.0,2.0,1.0,2.0,1.0,19125700.0,14066800.0,17503100.0,16459500.0,0.003,0.0,0.5649,0.0,0.649,0.2472,0.9984,0.0339,0.005777238021004816,18787915.0
2025-07-28,TSLA,1,112673800,0.0464750737184678,0.0,0.0001,0.9999,2,-0.0001,0.0335,0.0001,-0.0008,-0.5013,-1.0,-0.1881,3.0,4.0,1.0,2.0,148227000.0,156966000.0,92553800.0,73922900.0,0.0008,0.5014,1.0,0.1968,0.0277,0.0,0.0,0.022,0.025033503877880472,107195885.0
2025-07-28,UNH,0,15779400,0.0187301501184964,0.0009,0.5941,0.4051,1,-0.5932,0.0014,0.5949,-1.0,-0.0442,0.9977,1.0,1.0,3.0,2.0,2.0,16486600.0,22585200.0,14600300.0,16019000.0,1.0,0.0444,0.9995,1.0,0.0,0.002,0.9991,1.0,0.01800650054302365,13290415.0
2025-07-29,AAPL,0,51411700,0.0186291454422399,0.0,0.0438,0.9561,1,-0.0438,0.001,0.0439,-0.0198,-0.324,-0.0003,-0.9965,2.0,3.0,1.0,2.0,40268800.0,51377400.0,48974600.0,38840100.0,0.9802,0.3242,0.0003,0.9965,0.4899,0.0003,0.0089,0.0,0.0088141081374961,56700085.0
2025-07-29,BRK-B,0,4193200,0.0180699195730258,0.0,0.0,1.0,4,-0.0,0.4828,0.0,-0.4992,0.0514,1.0,-0.0375,2.0,3.0,1.0,4.0,3626100.0,4220500.0,5044800.0,4521500.0,0.4992,0.1574,1.0,0.0381,0.0,0.6631,1.0,0.0073,0.006445702431189197,4639590.0
2025-07-29,META,0,13267000,0.0341111077202692,0.0002,0.9997,0.0001,1,-0.9996,0.0002,0.9999,0.473,0.0005,0.0023,-1.0,2.0,1.0,1.0,1.0,8715700.0,10920800.0,8771600.0,13067600.0,0.473,0.0012,0.0024,1.0,1.0,0.6969,0.9842,0.0,0.011507255182173031,12125680.0
2025-07-29,MSFT,0,16469200,0.011754887618979,1.0,0.0,0.0,1,0.9999,1.0,1.0,-0.1937,0.0009,-0.0,0.3335,1.0,2.0,1.0,2.0,14308000.0,19125700.0,14066800.0,12058800.0,0.1948,0.003,0.0,0.6094,0.0027,0.649,0.2472,0.7736,0.005948863174085199,18310825.0
2025-07-29,UNH,0,41706000,0.0465186876224522,0.0,1.0,0.0,4,-1.0,0.0,1.0,-0.5932,-1.0,-0.0442,0.6103,1.0,1.0,3.0,1.0,15779400.0,16486600.0,22585200.0,9714000.0,0.5949,1.0,0.0444,0.7825,0.0014,0.0,0.002,0.89,0.01795728866966555,13125665.0
2025-07-30,AMZN,0,32993300,0.0108358218452713,0.5,0.0,0.5,2,0.5,1.0,0.5,-0.4699,0.4999,-0.0,0.9052,2.0,2.0,3.0,1.0,26300100.0,28712100.0,42902300.0,37483700.0,0.4717,0.4999,0.0001,0.9052,0.0019,1.0,0.2681,1.0,0.010154377510225672,42107180.0
2025-07-30,BRK-B,1,3803000,0.0116389171857517,0.9558,0.0001,0.0441,1,0.9556,0.9999,0.9559,-0.0,-0.4992,0.0514,-0.0011,4.0,2.0,3.0,1.0,4193200.0,3626100.0,4220500.0,4385600.0,0.0,0.4992,0.1574,0.0014,0.4828,0.0,0.6631,0.1174,0.007036672894286625,4468230.0
2025-07-30,GOOGL,1,32445400,0.0148773188717046,1.0,0.0,0.0,1,1.0,1.0,1.0,0.1969,0.7313,0.799,1.0,5.0,6.0,5.0,1.0,38139500.0,74881700.0,58681900.0,45803100.0,0.2729,0.8324,0.799,1.0,0.8606,0.9393,1.0,1.0,0.016481907952384415,46314520.0
2025-07-30,JPM,1,8061700,0.010859997051055,1.0,0.0,0.0,1,1.0,1.0,1.0,0.674,0.007,0.9984,0.5,3.0,2.0,2.0,2.0,5840400.0,5918500.0,7001200.0,8509500.0,0.6742,0.0074,0.9984,0.5,0.9999,0.9765,1.0,1.0,0.009790747176632536,9266805.0
2025-07-30,META,0,27077300,0.0244319043297299,0.3303,0.0027,0.667,9,0.3276,0.992,0.333,-0.9996,0.473,0.0005,-0.95,1.0,2.0,1.0,1.0,13267000.0,8715700.0,10920800.0,11803300.0,0.9999,0.473,0.0012,0.9501,0.0002,1.0,0.6969,0.0,0.012837949403532382,12325310.0
2025-07-30,MSFT,0,26380400,0.0126366247677133,0.7995,0.0,0.2004,5,0.7995,0.9999,0.7996,0.9999,-0.1937,0.0009,0.5631,1.0,1.0,2.0,2.0,16469200.0,14308000.0,19125700.0,17503100.0,1.0,0.1948,0.003,0.5649,1.0,0.0027,0.649,0.9984,0.006233629235492552,18233005.0
2025-07-30,TSLA,0,83931900,0.0398225134443868,0.5,0.0001,0.4999,2,0.4999,0.9998,0.5001,-0.0001,-0.0008,-0.5013,0.3356,2.0,3.0,4.0,3.0,112673800.0,148227000.0,156966000.0,77370400.0,0.0001,0.0008,0.5014,0.3356,0.0335,0.0277,0.0,0.9999,0.025147813788202036,107395175.0
2025-07-31,AAPL,0,80698400,0.0128542980726676,0.378,0.1157,0.5063,3,0.2623,0.7656,0.4937,-0.0438,-0.0198,-0.324,0.9929,1.0,2.0,3.0,1.0,51411700.0,40268800.0,51377400.0,48068100.0,0.0439,0.9802,0.3242,0.994,0.001,0.4899,0.0003,0.9994,0.0092152876842332,55349025.0
2025-07-31,AMZN,0,104357300,0.0217585137627775,0.1145,0.2477,0.6377,9,-0.1332,0.3162,0.3623,0.5,-0.4699,0.4999,0.9994,2.0,2.0,2.0,1.0,32993300.0,26300100.0,28712100.0,28294900.0,0.5,0.4717,0.4999,1.0,1.0,0.0019,1.0,0.9997,0.009544648899606885,41232805.0
2025-07-31,BRK-B,0,6315300,0.0123146093070578,0.1138,0.0018,0.8844,9,0.112,0.9843,0.1156,0.9556,-0.0,-0.4992,1.0,1.0,4.0,2.0,1.0,3803000.0,4193200.0,3626100.0,5044800.0,0.9559,0.0,0.4992,1.0,0.9999,0.4828,0.0,1.0,0.006949050275016469,4451330.0
2025-07-31,GOOGL,0,51329200,0.0250370905277079,0.5,0.0,0.4999,2,0.5,1.0,0.5001,1.0,0.1969,0.7313,-0.0,1.0,5.0,6.0,1.0,32445400.0,38139500.0,74881700.0,44660200.0,1.0,0.2729,0.8324,0.0,1.0,0.8606,0.9393,0.0196,0.013422946392579188,44153795.0
2025-07-31,META,0,38831100,0.0248193884564034,0.6789,0.1113,0.2098,19,0.5676,0.8592,0.7902,0.3276,-0.9996,0.473,0.0023,9.0,1.0,2.0,1.0,27077300.0,13267000.0,8715700.0,8771600.0,0.333,0.9999,0.473,0.0024,0.992,0.0002,1.0,0.9842,0.013156429030710286,12993160.0
2025-07-31,MSFT,0,51617300,0.0424148346115726,0.5486,0.0289,0.4225,8,0.5197,0.9499,0.5775,0.7995,0.9999,-0.1937,-0.0,5.0,1.0,1.0,1.0,26380400.0,16469200.0,14308000.0,14066800.0,0.7996,1.0,0.1948,0.0,0.9999,1.0,0.0027,0.2472,0.0060669333784727575,18853285.0
2025-07-31,TSLA,0,85270900,0.0477769460077265,0.0,0.0017,0.9983,1,-0.0017,0.0027,0.0017,0.4999,-0.0001,-0.0008,-1.0,2.0,2.0,3.0,1.0,83931900.0,112673800.0,148227000.0,92553800.0,0.5001,0.0001,0.0008,1.0,0.9998,0.0335,0.0277,0.0,0.020481236777003437,102055930.0
2025-07-31,UNH,0,29606900,0.0522187995990918,0.3773,0.0044,0.6183,1,0.3729,0.9885,0.3817,-1.0,-0.5932,-1.0,0.9977,4.0,1.0,1.0,2.0,41706000.0,15779400.0,16486600.0,14600300.0,1.0,0.5949,1.0,0.9995,0.0,0.0014,0.0,0.9991,0.017510240589792284,14581515.0
2025-08-01,AMZN,0,122258800,0.0351733306638707,0.1171,0.5532,0.3296,12,-0.4361,0.1747,0.6704,-0.1332,0.5,-0.4699,-0.0,9.0,2.0,2.0,3.0,104357300.0,32993300.0,26300100.0,42902300.0,0.3623,0.5,0.4717,0.0001,0.3162,1.0,0.0019,0.2681,0.009081802021792606,40489815.0
2025-08-01,BRK-B,0,5287500,0.0112784259279849,0.4473,0.0,0.5526,4,0.4473,0.9999,0.4474,0.112,0.9556,-0.0,0.0514,9.0,1.0,4.0,3.0,6315300.0,3803000.0,4193200.0,4220500.0,0.1156,0.9559,0.0,0.1574,0.9843,0.9999,0.4828,0.6631,0.006627964192005847,4511510.0
2025-08-01,GOOGL,1,34832200,0.0159233694454511,0.5,0.5,0.0,2,0.0,0.5,1.0,0.5,1.0,0.1969,0.799,2.0,1.0,5.0,5.0,51329200.0,32445400.0,38139500.0,58681900.0,0.5001,1.0,0.2729,0.799,1.0,1.0,0.8606,1.0,0.014105972507108912,43836705.0
2025-08-01,JPM,0,12007100,0.0260330499913458,0.3425,0.0041,0.6534,3,0.3384,0.9882,0.3466,1.0,0.674,0.007,-0.0,1.0,3.0,2.0,1.0,8061700.0,5840400.0,5918500.0,7898100.0,1.0,0.6742,0.0074,0.0,1.0,0.9999,0.9765,0.0315,0.00970904656121087,9292985.0
2025-08-01,META,0,19028700,0.0271975641457661,0.9516,0.0007,0.0477,2,0.9509,0.9993,0.9523,0.5676,0.3276,-0.9996,0.0005,19.0,9.0,1.0,1.0,38831100.0,27077300.0,13267000.0,10920800.0,0.7902,0.333,0.9999,0.0012,0.8592,0.992,0.0002,0.6969,0.013162184225830525,14431300.0
2025-08-01,MSFT,0,28977600,0.0279252382082359,0.9918,0.0,0.0082,1,0.9918,1.0,0.9918,0.5197,0.7995,0.9999,0.0009,8.0,5.0,1.0,2.0,51617300.0,26380400.0,16469200.0,19125700.0,0.5775,0.7996,1.0,0.003,0.9499,0.9999,1.0,0.649,0.01120833411057897,19695625.0
2025-08-01,UNH,0,39989200,0.0673955522465721,0.0,0.0002,0.9998,1,-0.0002,0.0874,0.0002,0.3729,-1.0,-0.5932,-0.0442,1.0,4.0,1.0,3.0,29606900.0,41706000.0,15779400.0,22585200.0,0.3817,1.0,0.5949,0.0444,0.9885,0.0,0.0014,0.002,0.019844397866973278,15453345.0
2025-08-04,AAPL,0,75109300,0.0303164264513438,0.0048,0.4754,0.5198,2,-0.4706,0.0101,0.4802,0.2623,-0.0438,-0.0198,-0.0003,3.0,1.0,2.0,1.0,80698400.0,51411700.0,40268800.0,48974600.0,0.4937,0.0439,0.9802,0.0003,0.7656,0.001,0.4899,0.0089,0.008969407632730866,56569520.0
2025-08-04,AMZN,0,77890100,0.0276909127942633,0.0001,0.5014,0.4985,2,-0.5014,0.0002,0.5015,-0.4361,-0.1332,0.5,0.4999,12.0,9.0,2.0,2.0,122258800.0,104357300.0,32993300.0,28712100.0,0.6704,0.3623,0.5,0.4999,0.1747,0.3162,1.0,1.0,0.008435931227030081,43658365.0
2025-08-04,BRK-B,0,10874300,0.0292276317328571,0.4211,0.2758,0.3031,19,0.1454,0.6043,0.6969,0.4473,0.112,0.9556,-0.4992,4.0,9.0,1.0,2.0,5287500.0,6315300.0,3803000.0,3626100.0,0.4474,0.1156,0.9559,0.4992,0.9999,0.9843,0.9999,0.0,0.005512520622328474,4562855.0
2025-08-04,JPM,1,6649500,0.0139874506373512,0.0,0.0,1.0,1,-0.0,0.1836,0.0,0.3384,1.0,0.674,0.9984,3.0,1.0,3.0,2.0,12007100.0,8061700.0,5840400.0,7001200.0,0.3466,1.0,0.6742,0.9984,0.9882,1.0,0.9999,1.0,0.009570986886136291,9465040.0
2025-08-04,META,1,15801700,0.0242631611071134,0.01,0.0302,0.9598,2,-0.0202,0.2483,0.0402,0.9509,0.5676,0.3276,0.473,2.0,19.0,9.0,2.0,19028700.0,38831100.0,27077300.0,8715700.0,0.9523,0.7902,0.333,0.473,0.9993,0.8592,0.992,1.0,0.012337075201536594,14255805.0
2025-08-04,MSFT,1,25349000,0.0191568605883923,0.0,0.0044,0.9955,2,-0.0044,0.0063,0.0045,0.9918,0.5197,0.7995,-0.1937,1.0,8.0,5.0,1.0,28977600.0,51617300.0,26380400.0,14308000.0,0.9918,0.5775,0.7996,0.1948,1.0,0.9499,0.9999,0.0027,0.012179567036455244,20436370.0
2025-08-04,TSLA,1,78683900,0.0295069092577922,0.0,0.0001,0.9999,2,-0.0,0.3642,0.0001,-0.0017,0.4999,-0.0001,-0.5013,1.0,2.0,2.0,4.0,85270900.0,83931900.0,112673800.0,156966000.0,0.0017,0.5001,0.0001,0.5014,0.0027,0.9998,0.0335,0.0,0.0196164847594691,100582665.0
2025-08-04,UNH,1,17427900,0.022246486440372,0.0012,0.0004,0.9984,1,0.0008,0.7523,0.0016,-0.0002,0.3729,-1.0,-1.0,1.0,1.0,4.0,1.0,39989200.0,29606900.0,41706000.0,16486600.0,0.0002,0.3817,1.0,1.0,0.0874,0.9885,0.0,0.0,0.02225240870857121,16883600.0
2025-08-05,AMZN,1,51505100,0.0160995441700934,1.0,0.0,0.0,1,1.0,1.0,1.0,-0.5014,-0.4361,-0.1332,-0.4699,2.0,12.0,9.0,2.0,77890100.0,122258800.0,104357300.0,26300100.0,0.5015,0.6704,0.3623,0.4717,0.0002,0.1747,0.3162,0.0019,0.010269958369856587,45590030.0
2025-08-05,BRK-B,1,6780700,0.0156317446679212,0.0002,0.3345,0.6653,3,-0.3344,0.0005,0.3347,0.1454,0.4473,0.112,-0.0,19.0,4.0,9.0,4.0,10874300.0,5287500.0,6315300.0,4193200.0,0.6969,0.4474,0.1156,0.0,0.6043,0.9999,0.9843,0.4828,0.0069186982088155,4895925.0
2025-08-05,GOOGL,0,31602300,0.0203893024693753,0.0,0.0001,0.9999,1,-0.0001,0.2297,0.0001,0.0,0.5,1.0,0.7313,2.0,2.0,1.0,6.0,34832200.0,51329200.0,32445400.0,74881700.0,1.0,0.5001,1.0,0.8324,0.5,1.0,1.0,0.9393,0.014102324741121204,43552100.0
2025-08-05,JPM,0,7182300,0.0290136015464145,0.0885,0.4473,0.4642,13,-0.3589,0.1651,0.5358,-0.0,0.3384,1.0,0.007,1.0,3.0,1.0,2.0,6649500.0,12007100.0,8061700.0,5918500.0,0.0,0.3466,1.0,0.0074,0.1836,0.9882,1.0,0.9765,0.009885247560651164,9460550.0
2025-08-05,META,0,11640300,0.0259256933045743,0.4658,0.0,0.5342,4,0.4657,0.9999,0.4658,-0.0202,0.9509,0.5676,-0.9996,2.0,2.0,19.0,1.0,15801700.0,19028700.0,38831100.0,13267000.0,0.0402,0.9523,0.7902,0.9999,0.2483,0.9993,0.8592,0.0002,0.013216621203795586,14354730.0
2025-08-05,MSFT,0,19171600,0.018727424132986,1.0,0.0,0.0,1,1.0,1.0,1.0,-0.0044,0.9918,0.5197,0.9999,2.0,1.0,8.0,1.0,25349000.0,28977600.0,51617300.0,16469200.0,0.0045,0.9918,0.5775,1.0,0.0063,1.0,0.9499,1.0,0.012501013631637258,20880325.0
2025-08-05,UNH,1,23795900,0.0498424452228082,0.0006,0.9379,0.0614,2,-0.9373,0.0007,0.9386,0.0008,-0.0002,0.3729,-0.5932,1.0,1.0,1.0,1.0,17427900.0,39989200.0,29606900.0,15779400.0,0.0016,0.0002,0.3817,0.5949,0.7523,0.0874,0.9885,0.0014,0.02256182008444626,17042990.0
2025-08-06,AAPL,1,108483100,0.0476098249888249,0.3871,0.0,0.6129,1,0.3871,1.0,0.3871,-0.4706,0.2623,-0.0438,-0.324,2.0,3.0,1.0,3.0,75109300.0,80698400.0,51411700.0,51377400.0,0.4802,0.4937,0.0439,0.3242,0.0101,0.7656,0.001,0.0003,0.009036343240879647,58058000.0
2025-08-06,AMZN,1,54823000,0.0414997136933739,0.1096,0.0002,0.8903,1,0.1094,0.9986,0.1097,1.0,-0.5014,-0.4361,0.5,1.0,2.0,12.0,2.0,51505100.0,77890100.0,122258800.0,32993300.0,1.0,0.5015,0.6704,0.5,1.0,0.0002,0.1747,1.0,0.010310186979872751,46620575.0
2025-08-06,BRK-B,1,4557100,0.0140859952536963,0.5904,0.1454,0.2642,9,0.4451,0.8024,0.7358,-0.3344,0.1454,0.4473,0.9556,3.0,19.0,4.0,1.0,6780700.0,10874300.0,5287500.0,3803000.0,0.3347,0.6969,0.4474,0.9559,0.0005,0.6043,0.9999,0.9999,0.007200265595997393,4928495.0
2025-08-06,JPM,0,6330200,0.0107081936829548,0.5523,0.1429,0.3049,7,0.4094,0.7945,0.6951,-0.3589,-0.0,0.3384,0.674,13.0,1.0,3.0,3.0,7182300.0,6649500.0,12007100.0,5840400.0,0.5358,0.0,0.3466,0.6742,0.1651,0.1836,0.9882,0.9999,0.010336378232150762,9121180.0
2025-08-06,META,1,9733900,0.0171168736049107,0.0033,0.0,0.9967,2,0.0033,0.9976,0.0033,0.4657,-0.0202,0.9509,0.3276,4.0,2.0,2.0,9.0,11640300.0,15801700.0,19028700.0,27077300.0,0.4658,0.0402,0.9523,0.333,0.9999,0.2483,0.9993,0.992,0.013557479368078247,14470725.0
2025-08-06,MSFT,0,21355700,0.0144471323364911,0.5538,0.0001,0.4461,2,0.5538,0.9999,0.5539,1.0,-0.0044,0.9918,0.7995,1.0,2.0,1.0,5.0,19171600.0,25349000.0,28977600.0,26380400.0,1.0,0.0045,0.9918,0.7996,1.0,0.0063,1.0,0.9999,0.013124765832904114,21070110.0
2025-08-06,TSLA,1,78523600,0.0439767706022634,0.3319,0.3305,0.3376,3,0.0014,0.5011,0.6624,-0.0,-0.0017,0.4999,-0.0008,2.0,1.0,2.0,3.0,78683900.0,85270900.0,83931900.0,148227000.0,0.0001,0.0017,0.5001,0.0008,0.3642,0.0027,0.9998,0.0277,0.016811388181190292,98524605.0
2025-08-07,AAPL,1,90224800,0.0195084255172009,0.3242,0.0001,0.6757,3,0.324,0.9996,0.3243,0.3871,-0.4706,0.2623,-0.0198,1.0,2.0,3.0,2.0,108483100.0,75109300.0,80698400.0,40268800.0,0.3871,0.4802,0.4937,0.9802,1.0,0.0101,0.7656,0.4899,0.012417497835586343,61301955.0
2025-08-07,AMZN,1,40603500,0.0244343615225537,0.0768,0.1515,0.7717,2,-0.0747,0.3364,0.2283,0.1094,1.0,-0.5014,-0.1332,1.0,1.0,2.0,9.0,54823000.0,51505100.0,77890100.0,104357300.0,0.1097,1.0,0.5015,0.3623,0.9986,1.0,0.0002,0.3162,0.01307393978819661,47880105.0
2025-08-07,BRK-B,0,5755700,0.0241475208761173,0.4253,0.2239,0.3508,9,0.2014,0.6551,0.6492,0.4451,-0.3344,0.1454,0.112,9.0,3.0,19.0,9.0,4557100.0,6780700.0,10874300.0,6315300.0,0.7358,0.3347,0.6969,0.1156,0.8024,0.0005,0.6043,0.9843,0.007485258808686329,4837135.0
2025-08-07,GOOGL,0,26321800,0.0162894118281091,0.1584,0.0015,0.8402,2,0.1569,0.9907,0.1598,-0.0001,0.0,0.5,0.1969,1.0,2.0,2.0,5.0,31602300.0,34832200.0,51329200.0,38139500.0,0.0001,1.0,0.5001,0.2729,0.2297,0.5,1.0,0.8606,0.014034070640183785,43542380.0
2025-08-07,JPM,0,8057100,0.0240663198409677,0.6935,0.0433,0.2632,9,0.6503,0.9412,0.7368,0.4094,-0.3589,-0.0,1.0,7.0,13.0,1.0,1.0,6330200.0,7182300.0,6649500.0,8061700.0,0.6951,0.5358,0.0,1.0,0.7945,0.1651,0.1836,1.0,0.010178843317358606,9032960.0
2025-08-07,TSLA,1,66658700,0.0195127742194561,0.5786,0.0781,0.3433,4,0.5006,0.8811,0.6567,0.0014,-0.0,-0.0017,-0.0001,3.0,2.0,1.0,2.0,78523600.0,78683900.0,85270900.0,112673800.0,0.6624,0.0001,0.0017,0.0001,0.5011,0.3642,0.0027,0.0335,0.01880311009058153,97997435.0
2025-08-07,UNH,0,11369900,0.0375375378164648,0.0001,0.9976,0.0024,1,-0.9975,0.0001,0.9976,-0.9373,0.0008,-0.0002,-1.0,2.0,1.0,1.0,4.0,23795900.0,17427900.0,39989200.0,41706000.0,0.9386,0.0016,0.0002,1.0,0.0007,0.7523,0.0874,0.0,0.024850091903346742,17653090.0
2025-08-08,AAPL,1,113854000,0.0532083498735346,0.6655,0.0001,0.3344,3,0.6655,0.9999,0.6656,0.324,0.3871,-0.4706,-0.0438,3.0,1.0,2.0,1.0,90224800.0,108483100.0,75109300.0,51411700.0,0.3243,0.3871,0.4802,0.0439,0.9996,1.0,0.0101,0.001,0.011914208062849343,62170065.0
2025-08-08,AMZN,0,32970500,0.0086044553831543,0.0002,0.4999,0.5,2,-0.4997,0.0003,0.5,-0.0747,0.1094,1.0,-0.4361,2.0,1.0,1.0,12.0,40603500.0,54823000.0,51505100.0,122258800.0,0.2283,0.1097,1.0,0.6704,0.3364,0.9986,1.0,0.1747,0.013236147205142452,48080075.0
2025-08-08,BRK-B,1,3330600,0.007085148749296,0.3336,0.4951,0.1713,6,-0.1615,0.4025,0.8287,0.2014,0.4451,-0.3344,0.4473,9.0,9.0,3.0,4.0,5755700.0,4557100.0,6780700.0,5287500.0,0.6492,0.7358,0.3347,0.4474,0.6551,0.8024,0.0005,0.9999,0.008045140560504588,4886120.0
2025-08-08,GOOGL,1,39161800,0.0275834215989001,0.7138,0.0029,0.2833,2,0.7109,0.996,0.7167,0.1569,-0.0001,0.0,1.0,2.0,1.0,2.0,1.0,26321800.0,31602300.0,34832200.0,32445400.0,0.1598,0.0001,1.0,1.0,0.9907,0.2297,0.5,1.0,0.012324716537181146,39451460.0
2025-08-08,JPM,0,6634100,0.0225621817543583,0.5,0.25,0.25,8,0.25,0.6667,0.75,0.6503,0.4094,-0.3589,0.3384,9.0,7.0,13.0,3.0,8057100.0,6330200.0,7182300.0,12007100.0,0.7368,0.6951,0.5358,0.3466,0.9412,0.7945,0.1651,0.9882,0.010879711068222941,8988710.0
2025-08-08,META,1,7320800,0.0148410453283759,0.0,0.0001,0.9999,2,-0.0001,0.1243,0.0001,0.0033,0.4657,-0.0202,0.5676,2.0,4.0,2.0,19.0,9733900.0,11640300.0,15801700.0,38831100.0,0.0033,0.4658,0.0402,0.7902,0.9976,0.9999,0.2483,0.8592,0.012826491367258051,14259180.0
2025-08-08,MSFT,0,15531000,0.0100459246943394,0.0956,0.0032,0.9012,3,0.0925,0.968,0.0988,0.5538,1.0,-0.0044,0.5197,2.0,1.0,2.0,8.0,21355700.0,19171600.0,25349000.0,51617300.0,0.5539,1.0,0.0045,0.5775,0.9999,1.0,0.0063,0.9499,0.013332599558725462,21297170.0
2025-08-08,TSLA,1,91200300,0.0440841963508028,0.0001,0.4676,0.5322,2,-0.4675,0.0003,0.4678,0.5006,0.0014,-0.0,0.4999,4.0,3.0,2.0,2.0,66658700.0,78523600.0,78683900.0,83931900.0,0.6567,0.6624,0.0001,0.5001,0.8811,0.5011,0.3642,0.9998,0.018805879364775204,94076085.0
2025-08-11,AAPL,0,61806100,0.0210600346188132,0.5447,0.0026,0.4527,3,0.5422,0.9953,0.5473,0.6655,0.324,0.3871,0.2623,3.0,3.0,1.0,3.0,113854000.0,90224800.0,108483100.0,80698400.0,0.6656,0.3243,0.3871,0.4937,0.9999,0.9996,1.0,0.7656,0.014390401480393123,65129135.0
2025-08-11,AMZN,0,31646200,0.011948819415003,0.2499,0.2354,0.5147,4,0.0144,0.5149,0.4853,-0.4997,-0.0747,0.1094,-0.5014,2.0,2.0,1.0,2.0,32970500.0,40603500.0,54823000.0,77890100.0,0.5,0.2283,0.1097,0.5015,0.0003,0.3364,0.9986,0.0002,0.012304028032813868,47444000.0
2025-08-11,BRK-B,0,3712100,0.0106975739094133,0.3191,0.0,0.6809,9,0.3191,0.9999,0.3191,-0.1615,0.2014,0.4451,0.1454,6.0,9.0,9.0,19.0,3330600.0,5755700.0,4557100.0,10874300.0,0.8287,0.6492,0.7358,0.6969,0.4025,0.6551,0.8024,0.6043,0.007687570661855911,4818930.0
2025-08-11,GOOGL,1,25832400,0.0119935720814129,0.0007,0.0,0.9993,1,0.0006,0.9578,0.0007,0.7109,0.1569,-0.0001,0.5,2.0,2.0,1.0,2.0,39161800.0,26321800.0,31602300.0,51329200.0,0.7167,0.1598,0.0001,0.5001,0.996,0.9907,0.2297,1.0,0.0119771904063311,38240605.0
2025-08-11,JPM,1,5510100,0.0087768092553257,0.2532,0.2111,0.5358,12,0.0421,0.5453,0.4642,0.25,0.6503,0.4094,-0.0,8.0,9.0,7.0,1.0,6634100.0,8057100.0,6330200.0,6649500.0,0.75,0.7368,0.6951,0.0,0.6667,0.9412,0.7945,0.1836,0.010828670225838959,8426985.0
2025-08-11,META,0,7612000,0.0114144489759881,0.9993,0.0,0.0007,1,0.9993,1.0,0.9993,-0.0001,0.0033,0.4657,0.9509,2.0,2.0,4.0,2.0,7320800.0,9733900.0,11640300.0,19028700.0,0.0001,0.0033,0.4658,0.9523,0.1243,0.9976,0.9999,0.9993,0.01276087396236432,13686435.0
2025-08-11,MSFT,0,20194400,0.0150680764623401,0.0,0.0,1.0,1,0.0,0.6111,0.0,0.0925,0.5538,1.0,0.9918,3.0,2.0,1.0,1.0,15531000.0,21355700.0,19171600.0,28977600.0,0.0988,0.5539,1.0,0.9918,0.968,0.9999,1.0,1.0,0.012700897616089776,20830520.0
2025-08-11,TSLA,1,105320200,0.0372836440356809,0.6613,0.0079,0.3308,3,0.6534,0.9882,0.6692,-0.4675,0.5006,0.0014,-0.0017,2.0,4.0,3.0,1.0,91200300.0,66658700.0,78523600.0,85270900.0,0.4678,0.6567,0.6624,0.0017,0.0003,0.8811,0.5011,0.0027,0.01942542239192588,92661915.0
2025-08-12,AAPL,1,55626200,0.0163589132818791,0.0,0.0005,0.9995,1,-0.0005,0.0089,0.0005,0.5422,0.6655,0.324,-0.4706,3.0,3.0,3.0,2.0,61806100.0,113854000.0,90224800.0,75109300.0,0.5473,0.6656,0.3243,0.4802,0.9953,0.9999,0.9996,0.0101,0.01445346063284261,66024210.0
2025-08-12,AMZN,0,37185800,0.0200242858020751,0.9783,0.0004,0.0212,1,0.9779,0.9996,0.9788,0.0144,-0.4997,-0.0747,1.0,4.0,2.0,2.0,1.0,31646200.0,32970500.0,40603500.0,51505100.0,0.4853,0.5,0.2283,1.0,0.5149,0.0003,0.3364,1.0,0.012271246509629971,47118555.0
2025-08-12,BRK-B,1,3767300,0.0159173494329897,0.3102,0.1197,0.5702,9,0.1905,0.7216,0.4298,0.3191,-0.1615,0.2014,-0.3344,9.0,6.0,9.0,3.0,3712100.0,3330600.0,5755700.0,6780700.0,0.3191,0.8287,0.6492,0.3347,0.9999,0.4025,0.6551,0.0005,0.007638382986142339,4836165.0
2025-08-12,GOOGL,1,30397900,0.019417012250678,0.0001,0.0,0.9999,1,0.0,0.8522,0.0001,0.0006,0.7109,0.1569,0.0,1.0,2.0,2.0,2.0,25832400.0,39161800.0,26321800.0,34832200.0,0.0007,0.7167,0.1598,1.0,0.9578,0.996,0.9907,0.5,0.011977798087612084,37737000.0
2025-08-12,JPM,1,8570900,0.0151286575029477,0.6887,0.0004,0.3109,15,0.6883,0.9994,0.6891,0.0421,0.25,0.6503,-0.3589,12.0,8.0,9.0,13.0,5510100.0,6634100.0,8057100.0,7182300.0,0.4642,0.75,0.7368,0.5358,0.5453,0.6667,0.9412,0.1651,0.010824577990624046,8235575.0
2025-08-12,META,1,14563100,0.0274773482980271,0.5005,0.0,0.4995,2,0.5004,0.9999,0.5005,0.9993,-0.0001,0.0033,-0.0202,1.0,2.0,2.0,2.0,7612000.0,7320800.0,9733900.0,15801700.0,0.9993,0.0001,0.0033,0.0402,1.0,0.1243,0.9976,0.2483,0.012721021141095403,13296930.0
2025-08-12,TSLA,0,80522100,0.0357101661571558,0.0,0.0,1.0,1,-0.0,0.0894,0.0,0.6534,-0.4675,0.5006,-0.0,3.0,2.0,4.0,2.0,105320200.0,91200300.0,66658700.0,78683900.0,0.6692,0.4678,0.6567,0.0001,0.9882,0.0003,0.8811,0.3642,0.019286175229799956,95025810.0
2025-08-13,AAPL,1,69878500,0.0197775876546645,0.0,0.0,1.0,2,-0.0,0.2209,0.0,-0.0005,0.5422,0.6655,0.3871,1.0,3.0,3.0,1.0,55626200.0,61806100.0,113854000.0,108483100.0,0.0005,0.5473,0.6656,0.3871,0.0089,0.9953,0.9999,1.0,0.014072038858244398,66102320.0
2025-08-13,AMZN,1,36508300,0.013153144905159,0.5,0.0,0.5,2,0.5,1.0,0.5,0.9779,0.0144,-0.4997,0.1094,1.0,4.0,2.0,1.0,37185800.0,31646200.0,32970500.0,54823000.0,0.9788,0.4853,0.5,0.1097,0.9996,0.5149,0.0003,0.9986,0.012302343433531043,47459315.0
2025-08-13,BRK-B,1,4629400,0.0171719438072867,0.4524,0.2738,0.2739,11,0.1786,0.623,0.7261,0.1905,0.3191,-0.1615,0.4451,9.0,9.0,6.0,9.0,3767300.0,3712100.0,3330600.0,4557100.0,0.4298,0.3191,0.8287,0.7358,0.7216,0.9999,0.4025,0.8024,0.008053949156187715,4803700.0
2025-08-13,GOOGL,0,28342900,0.0343898697131321,0.0009,0.2504,0.7487,4,-0.2495,0.0035,0.2513,0.0,0.0006,0.7109,-0.0001,1.0,1.0,2.0,1.0,30397900.0,25832400.0,39161800.0,31602300.0,0.0001,0.0007,0.7167,0.0001,0.8522,0.9578,0.996,0.2297,0.012096017482267728,38172410.0
2025-08-13,JPM,0,8420400,0.0251402749582284,0.3815,0.1907,0.4278,11,0.1909,0.6668,0.5722,0.6883,0.0421,0.25,0.4094,15.0,12.0,8.0,7.0,8570900.0,5510100.0,6634100.0,6330200.0,0.6891,0.4642,0.75,0.6951,0.9994,0.5453,0.6667,0.7945,0.010876372035295994,8256185.0
2025-08-13,META,0,8811800,0.0217784756015992,1.0,0.0,0.0,1,1.0,1.0,1.0,0.5004,0.9993,-0.0001,0.4657,2.0,1.0,2.0,4.0,14563100.0,7612000.0,7320800.0,11640300.0,0.5005,0.9993,0.0001,0.4658,0.9999,1.0,0.1243,0.9999,0.013067973169836227,13353525.0
2025-08-13,TSLA,0,67838900,0.0315666142878385,0.0001,0.0001,0.9998,3,-0.0001,0.3886,0.0002,-0.0,0.6534,-0.4675,0.0014,1.0,3.0,2.0,3.0,80522100.0,105320200.0,91200300.0,78523600.0,0.0,0.6692,0.4678,0.6624,0.0894,0.9882,0.0003,0.5011,0.019624367771185404,92493020.0
2025-08-13,UNH,1,19480300,0.035175261082893,0.7336,0.002,0.2644,2,0.7316,0.9973,0.7356,-0.9975,-0.9373,0.0008,0.3729,1.0,2.0,1.0,1.0,11369900.0,23795900.0,17427900.0,29606900.0,0.9976,0.9386,0.0016,0.3817,0.0001,0.0007,0.7523,0.9885,0.02483874772725477,17611305.0
2025-08-14,AMZN,1,61545800,0.0267809872530732,0.5078,0.0,0.4922,2,0.5078,1.0,0.5078,0.5,0.9779,0.0144,-0.0747,2.0,1.0,4.0,2.0,36508300.0,37185800.0,31646200.0,40603500.0,0.5,0.9788,0.4853,0.2283,1.0,0.9996,0.5149,0.3364,0.012476140344122068,46758815.0
2025-08-14,BRK-B,1,4187100,0.0100344679245807,0.1191,0.0773,0.8037,13,0.0418,0.6064,0.1963,0.1786,0.1905,0.3191,0.2014,11.0,9.0,9.0,9.0,4629400.0,3767300.0,3712100.0,5755700.0,0.7261,0.4298,0.3191,0.6492,0.623,0.7216,0.9999,0.6551,0.00845937671121661,4820435.0
2025-08-14,GOOGL,1,25230400,0.0159305544112515,0.159,0.0009,0.8401,2,0.1582,0.9946,0.1599,-0.2495,0.0,0.0006,0.1569,4.0,1.0,1.0,2.0,28342900.0,30397900.0,25832400.0,26321800.0,0.2513,0.0001,0.0007,0.1598,0.0035,0.8522,0.9578,0.9907,0.01198107813662348,37880775.0
2025-08-14,JPM,1,6322400,0.0156927447495072,0.4405,0.153,0.4065,19,0.2875,0.7422,0.5935,0.1909,0.6883,0.0421,0.6503,11.0,15.0,12.0,9.0,8420400.0,8570900.0,5510100.0,8057100.0,0.5722,0.6891,0.4642,0.7368,0.6668,0.9994,0.5453,0.9412,0.010723392730491728,8350125.0
2025-08-14,META,1,8116200,0.0196688277072678,0.0,0.0001,0.9999,1,-0.0001,0.0068,0.0001,1.0,0.5004,0.9993,0.0033,1.0,2.0,1.0,2.0,8811800.0,14563100.0,7612000.0,9733900.0,1.0,0.5005,0.9993,0.0033,1.0,0.9999,1.0,0.9976,0.01335302141991601,13405580.0
2025-08-14,MSFT,0,20269100,0.0111183358575819,1.0,0.0,0.0,1,1.0,1.0,1.0,0.0,0.0925,0.5538,-0.0044,1.0,3.0,2.0,2.0,20194400.0,15531000.0,21355700.0,25349000.0,0.0,0.0988,0.5539,0.0045,0.6111,0.968,0.9999,0.0063,0.012664533683893336,20724960.0
2025-08-14,TSLA,0,75000700,0.0299916816515702,0.0001,0.0004,0.9995,1,-0.0003,0.2121,0.0005,-0.0001,-0.0,0.6534,0.5006,3.0,1.0,3.0,4.0,67838900.0,80522100.0,105320200.0,66658700.0,0.0002,0.0,0.6692,0.6567,0.3886,0.0894,0.9882,0.8811,0.019752487251194502,90722630.0
2025-08-14,UNH,0,25011100,0.0251745900399197,0.0,0.0005,0.9995,6,-0.0005,0.0516,0.0005,0.7316,-0.9975,-0.9373,-0.0002,2.0,1.0,2.0,1.0,19480300.0,11369900.0,23795900.0,39989200.0,0.7356,0.9976,0.9386,0.0002,0.9973,0.0001,0.0007,0.0874,0.025928872672609734,17971585.0
2025-08-15,AAPL,0,56038700,0.0211111215444711,0.0027,0.0001,0.9972,1,0.0026,0.9498,0.0028,-0.0,-0.0005,0.5422,0.324,2.0,1.0,3.0,3.0,69878500.0,55626200.0,61806100.0,90224800.0,0.0,0.0005,0.5473,0.3243,0.2209,0.0089,0.9953,0.9996,0.014051069565387797,67056290.0
2025-08-15,AMZN,0,39649200,0.0183592924535389,0.5083,0.4611,0.0306,2,0.0472,0.5243,0.9694,0.5078,0.5,0.9779,-0.4997,2.0,2.0,1.0,2.0,61545800.0,36508300.0,37185800.0,32970500.0,0.5078,0.5,0.9788,0.5,1.0,1.0,0.9996,0.0003,0.0128989391839025,48050975.0
2025-08-15,BRK-B,0,5229800,0.0128330099783969,0.3754,0.0005,0.6241,25,0.3749,0.9987,0.3759,0.0418,0.1786,0.1905,-0.1615,13.0,11.0,9.0,6.0,4187100.0,4629400.0,3767300.0,3330600.0,0.1963,0.7261,0.4298,0.8287,0.6064,0.623,0.7216,0.4025,0.008469354906038003,4839945.0
2025-08-15,GOOGL,1,34931400,0.0253127471553232,0.3415,0.0039,0.6547,2,0.3376,0.9888,0.3453,0.1582,-0.2495,0.0,0.7109,2.0,4.0,1.0,2.0,25230400.0,28342900.0,30397900.0,39161800.0,0.1599,0.2513,0.0001,0.7167,0.9946,0.0035,0.8522,0.996,0.011831227912623844,37679675.0
2025-08-15,JPM,0,7340500,0.0192646613292992,0.3012,0.194,0.5048,10,0.1072,0.6083,0.4952,0.2875,0.1909,0.6883,0.25,19.0,11.0,15.0,8.0,6322400.0,8420400.0,8570900.0,6634100.0,0.5935,0.5722,0.6891,0.75,0.7422,0.6668,0.9994,0.6667,0.009868270231650128,7894200.0
2025-08-15,MSFT,0,25213300,0.0134283876921409,0.0006,0.0028,0.9965,1,-0.0022,0.1799,0.0035,1.0,0.0,0.0925,1.0,1.0,1.0,3.0,1.0,20269100.0,20194400.0,15531000.0,19171600.0,1.0,0.0,0.0988,1.0,1.0,0.6111,0.968,1.0,0.01240590474980736,20659470.0
2025-08-15,TSLA,0,74319800,0.036367940076152,1.0,0.0,0.0,1,1.0,1.0,1.0,-0.0003,-0.0001,-0.0,-0.4675,1.0,3.0,1.0,2.0,75000700.0,67838900.0,80522100.0,91200300.0,0.0005,0.0002,0.0,0.4678,0.2121,0.3886,0.0894,0.0003,0.01966299407925784,90693325.0
2025-08-15,UNH,1,68198500,0.0516721248199427,0.4413,0.1019,0.4568,51,0.3395,0.8125,0.5432,-0.0005,0.7316,-0.9975,0.0008,6.0,2.0,1.0,1.0,25011100.0,19480300.0,11369900.0,17427900.0,0.0005,0.7356,0.9976,0.0016,0.0516,0.9973,0.0001,0.7523,0.02560845906450799,18783070.0
2025-08-18,AAPL,0,37476200,0.0129909130189083,1.0,0.0,0.0,1,1.0,1.0,1.0,0.0026,-0.0,-0.0005,0.6655,1.0,2.0,1.0,3.0,56038700.0,69878500.0,55626200.0,113854000.0,0.0028,0.0,0.0005,0.6656,0.9498,0.2209,0.0089,0.9999,0.014321397588680397,66198795.0
2025-08-18,AMZN,1,25248900,0.0155496759652957,0.9999,0.0,0.0001,1,0.9999,1.0,0.9999,0.0472,0.5078,0.5,0.0144,2.0,2.0,2.0,4.0,39649200.0,61545800.0,36508300.0,31646200.0,0.9694,0.5078,0.5,0.4853,0.5243,1.0,1.0,0.5149,0.013034091717358589,48288070.0
2025-08-18,BRK-B,1,3911300,0.0090800601016937,0.2477,0.2554,0.4969,12,-0.0077,0.4923,0.5031,0.3749,0.0418,0.1786,0.3191,25.0,13.0,11.0,9.0,5229800.0,4187100.0,4629400.0,3712100.0,0.3759,0.1963,0.7261,0.3191,0.9987,0.6064,0.623,0.9999,0.008803485726151264,4900645.0
2025-08-18,GOOGL,0,18526600,0.0136140980452682,0.2879,0.0017,0.7104,7,0.2862,0.9942,0.2896,0.3376,0.1582,-0.2495,0.0006,2.0,2.0,4.0,1.0,34931400.0,25230400.0,28342900.0,25832400.0,0.3453,0.1599,0.2513,0.0007,0.9888,0.9946,0.0035,0.9578,0.01102854693104014,37712100.0
2025-08-18,JPM,1,5386900,0.0120344490840517,0.4313,0.3904,0.1783,19,0.0409,0.5249,0.8217,0.1072,0.2875,0.1909,0.0421,10.0,19.0,11.0,12.0,7340500.0,6322400.0,8420400.0,5510100.0,0.4952,0.5935,0.5722,0.4642,0.6083,0.7422,0.6668,0.5453,0.010390496546194384,7891990.0
2025-08-18,META,0,16513700,0.0248358246565203,0.1257,0.1626,0.7117,8,-0.0368,0.4361,0.2883,-0.0001,1.0,0.5004,-0.0001,1.0,1.0,2.0,2.0,8116200.0,8811800.0,14563100.0,7320800.0,0.0001,1.0,0.5005,0.0001,0.0068,1.0,0.9999,0.1243,0.012939049722571051,13240490.0
2025-08-18,MSFT,0,23760600,0.0168714648284621,0.5,0.0,0.5,2,0.5,1.0,0.5,-0.0022,1.0,0.0,0.5538,1.0,1.0,1.0,2.0,25213300.0,20269100.0,20194400.0,21355700.0,0.0035,1.0,0.0,0.5539,0.1799,1.0,0.6111,0.9999,0.012417748663869623,20193175.0
2025-08-18,TSLA,1,56956600,0.0202657386527973,0.0015,0.0103,0.9882,1,-0.0088,0.1278,0.0118,1.0,-0.0003,-0.0001,0.6534,1.0,1.0,3.0,3.0,74319800.0,75000700.0,67838900.0,105320200.0,1.0,0.0005,0.0002,0.6692,1.0,0.2121,0.3886,0.9882,0.01914682301632944,89191050.0
2025-08-18,UNH,0,39600500,0.0286735445391189,0.5623,0.1795,0.2582,42,0.3828,0.758,0.7418,0.3395,-0.0005,0.7316,-0.9373,51.0,6.0,2.0,2.0,68198500.0,25011100.0,19480300.0,23795900.0,0.5432,0.0005,0.7356,0.9386,0.8125,0.0516,0.9973,0.0007,0.025731911329194637,21756890.0
2025-08-19,AMZN,0,29891000,0.0148203038653698,0.0,1.0,0.0,1,-1.0,0.0,1.0,0.9999,0.0472,0.5078,0.9779,1.0,2.0,2.0,1.0,25248900.0,39649200.0,61545800.0,37185800.0,0.9999,0.9694,0.5078,0.9788,1.0,0.5243,1.0,0.9996,0.013049491400108078,47658825.0
2025-08-19,BRK-B,1,4726400,0.0127769660945545,0.4466,0.4048,0.1486,7,0.0419,0.5246,0.8514,-0.0077,0.3749,0.0418,0.1905,12.0,25.0,13.0,9.0,3911300.0,5229800.0,4187100.0,3767300.0,0.5031,0.3759,0.1963,0.4298,0.4923,0.9987,0.6064,0.7216,0.008777083198174074,4906645.0
2025-08-19,GOOGL,0,24240200,0.0171403031495948,0.5702,0.0,0.4298,2,0.5702,1.0,0.5702,0.2862,0.3376,0.1582,0.0,7.0,2.0,2.0,1.0,18526600.0,34931400.0,25230400.0,30397900.0,0.2896,0.3453,0.1599,0.0001,0.9942,0.9888,0.9946,0.8522,0.011032125711570171,37011600.0
2025-08-19,JPM,0,6031500,0.0101434251735875,0.6325,0.0206,0.3469,11,0.6118,0.9684,0.6531,0.0409,0.1072,0.2875,0.6883,19.0,10.0,19.0,15.0,5386900.0,7340500.0,6322400.0,8570900.0,0.8217,0.4952,0.5935,0.6891,0.5249,0.6083,0.7422,0.9994,0.010378601170695067,7707340.0
2025-08-19,META,0,12286700,0.0232167036082444,0.0,0.5,0.5,2,-0.5,0.0,0.5,-0.0368,-0.0001,1.0,0.9993,8.0,1.0,1.0,1.0,16513700.0,8116200.0,8811800.0,7612000.0,0.2883,0.0001,1.0,0.9993,0.4361,0.0068,1.0,1.0,0.013022795339007699,13570495.0
2025-08-19,TSLA,0,75956000,0.0378212018412517,0.0001,0.0,0.9999,2,0.0001,0.9458,0.0001,-0.0088,1.0,-0.0003,-0.0,1.0,1.0,1.0,1.0,56956600.0,74319800.0,75000700.0,80522100.0,0.0118,1.0,0.0005,0.0,0.1278,1.0,0.2121,0.0894,0.0190807263006636,88077060.0
2025-08-19,UNH,0,22348600,0.0365490733829707,0.2508,0.3062,0.4429,22,-0.0554,0.4503,0.5571,0.3828,0.3395,-0.0005,-0.9975,42.0,51.0,6.0,1.0,39600500.0,68198500.0,25011100.0,11369900.0,0.7418,0.5432,0.0005,0.9976,0.758,0.8125,0.0516,0.0001,0.02308436352183357,22843640.0
2025-08-20,AMZN,0,36604300,0.0279588157803507,0.0044,0.332,0.6635,3,-0.3276,0.0131,0.3365,-1.0,0.9999,0.0472,0.5,1.0,1.0,2.0,2.0,29891000.0,25248900.0,39649200.0,36508300.0,1.0,0.9999,0.9694,0.5,0.0,1.0,0.5243,1.0,0.012817987986809337,47138495.0
2025-08-20,BRK-B,1,4779800,0.0131211799762577,0.4988,0.4996,0.0015,4,-0.0008,0.4996,0.9985,0.0419,-0.0077,0.3749,0.1786,7.0,12.0,25.0,11.0,4726400.0,3911300.0,5229800.0,4629400.0,0.8514,0.5031,0.3759,0.7261,0.5246,0.4923,0.9987,0.623,0.009093719709586369,4916890.0
2025-08-20,GOOGL,0,28955500,0.0233148646210982,0.0008,0.9982,0.001,1,-0.9974,0.0008,0.999,0.5702,0.2862,0.3376,-0.2495,2.0,7.0,2.0,4.0,24240200.0,18526600.0,34931400.0,28342900.0,0.5702,0.2896,0.3453,0.2513,1.0,0.9942,0.9888,0.0035,0.011139318684508704,36568400.0
2025-08-20,JPM,1,7374200,0.020838339842057,0.2336,0.2039,0.5625,11,0.0298,0.534,0.4375,0.6118,0.0409,0.1072,0.1909,11.0,19.0,10.0,11.0,6031500.0,5386900.0,7340500.0,8420400.0,0.6531,0.8217,0.4952,0.5722,0.9684,0.5249,0.6083,0.6668,0.010320834338668807,7382610.0
2025-08-20,TSLA,0,77481800,0.0509385485434998,0.0381,0.4413,0.5206,1,-0.4032,0.0794,0.4794,0.0001,-0.0088,1.0,-0.0001,2.0,1.0,1.0,3.0,75956000.0,56956600.0,74319800.0,67838900.0,0.0001,0.0118,1.0,0.0002,0.9458,0.1278,1.0,0.3886,0.019599812672989592,87972690.0
2025-08-20,UNH,0,16679000,0.0375326378233714,0.386,0.2992,0.3149,22,0.0868,0.5634,0.6851,-0.0554,0.3828,0.3395,0.7316,22.0,42.0,51.0,2.0,22348600.0,39600500.0,68198500.0,19480300.0,0.5571,0.7418,0.5432,0.7356,0.4503,0.758,0.8125,0.9973,0.02173304328599588,23052210.0
2025-08-21,AMZN,0,32140500,0.0102402822447725,0.3041,0.0061,0.6897,2,0.298,0.9802,0.3103,-0.3276,-1.0,0.9999,0.5078,3.0,1.0,1.0,2.0,36604300.0,29891000.0,25248900.0,61545800.0,0.3365,1.0,0.9999,0.5078,0.0131,0.0,1.0,1.0,0.013063089582391389,47094525.0
2025-08-21,BRK-B,1,3082200,0.0110212528216421,0.2704,0.5409,0.1887,8,-0.2705,0.3333,0.8113,-0.0008,0.0419,-0.0077,0.0418,4.0,7.0,12.0,13.0,4779800.0,4726400.0,3911300.0,4187100.0,0.9985,0.8514,0.5031,0.1963,0.4996,0.5246,0.4923,0.6064,0.009054531024965031,4936600.0
2025-08-21,GOOGL,0,19774600,0.0152691016358337,0.0,0.0,1.0,2,0.0,0.8128,0.0,-0.9974,0.5702,0.2862,0.1582,1.0,2.0,7.0,2.0,28955500.0,24240200.0,18526600.0,25230400.0,0.999,0.5702,0.2896,0.1599,0.0008,1.0,0.9942,0.9946,0.011044357028823346,36416545.0
2025-08-21,JPM,0,6624000,0.0113036506315404,0.3977,0.1682,0.4341,12,0.2295,0.7028,0.5659,0.0298,0.6118,0.0409,0.2875,11.0,11.0,19.0,19.0,7374200.0,6031500.0,5386900.0,6322400.0,0.4375,0.6531,0.8217,0.5935,0.534,0.9684,0.5249,0.7422,0.010163033546272774,7252330.0
2025-08-21,META,0,8876300,0.0166373679457376,0.0,0.6665,0.3334,3,-0.6665,0.0,0.6666,-0.5,-0.0368,-0.0001,0.5004,2.0,8.0,1.0,2.0,12286700.0,16513700.0,8116200.0,14563100.0,0.5,0.2883,0.0001,0.5005,0.0,0.4361,0.0068,0.9999,0.013575493403170777,13641135.0
2025-08-21,TSLA,0,55744400,0.0193119767760159,0.0,0.3337,0.6663,3,-0.3337,0.0001,0.3337,-0.4032,0.0001,-0.0088,-0.0003,1.0,2.0,1.0,1.0,77481800.0,75956000.0,56956600.0,75000700.0,0.4794,0.0001,0.0118,0.0005,0.0794,0.9458,0.1278,0.2121,0.018885706329296204,87968965.0
2025-08-21,UNH,1,13359000,0.0290119398039803,0.3514,0.1916,0.457,32,0.1598,0.6471,0.543,0.0868,-0.0554,0.3828,-0.0005,22.0,22.0,42.0,6.0,16679000.0,22348600.0,39600500.0,25011100.0,0.6851,0.5571,0.7418,0.0005,0.5634,0.4503,0.758,0.0516,0.022025097676806785,23578105.0
2025-08-22,AMZN,1,37315300,0.0373445500972038,0.6665,0.0,0.3335,3,0.6665,1.0,0.6665,0.298,-0.3276,-1.0,0.0472,2.0,3.0,1.0,2.0,32140500.0,36604300.0,29891000.0,39649200.0,0.3103,0.3365,1.0,0.9694,0.9802,0.0131,0.0,0.5243,0.013080690385547487,47286805.0
2025-08-22,BRK-B,0,4205100,0.0133672580350329,0.2982,0.1418,0.56,7,0.1563,0.6776,0.44,-0.2705,-0.0008,0.0419,0.3749,8.0,4.0,7.0,25.0,3082200.0,4779800.0,4726400.0,5229800.0,0.8113,0.9985,0.8514,0.3759,0.3333,0.4996,0.5246,0.9987,0.009029283694172073,4838470.0
2025-08-22,GOOGL,1,42827000,0.0357124766287926,0.2859,0.0001,0.714,7,0.2858,0.9997,0.286,0.0,-0.9974,0.5702,0.3376,2.0,1.0,2.0,2.0,19774600.0,28955500.0,24240200.0,34931400.0,0.0,0.999,0.5702,0.3453,0.8128,0.0008,1.0,0.9888,0.011047066125270037,35704550.0
2025-08-22,JPM,1,8552800,0.0239768024782104,0.277,0.041,0.682,19,0.236,0.8711,0.318,0.2295,0.0298,0.6118,0.1072,12.0,11.0,11.0,10.0,6624000.0,7374200.0,6031500.0,7340500.0,0.5659,0.4375,0.6531,0.4952,0.7028,0.534,0.9684,0.6083,0.008713396491330478,7158055.0
2025-08-22,META,1,10612700,0.0304506180219466,0.2011,0.2,0.5989,5,0.0011,0.5013,0.4011,-0.6665,-0.5,-0.0368,1.0,3.0,2.0,8.0,1.0,8876300.0,12286700.0,16513700.0,8811800.0,0.6666,0.5,0.2883,1.0,0.0,0.0,0.4361,1.0,0.01345827740697955,13637980.0
2025-08-22,TSLA,1,94016300,0.0639184148620205,0.4983,0.1831,0.3186,38,0.3151,0.7312,0.6814,-0.3337,-0.4032,0.0001,1.0,3.0,1.0,2.0,1.0,55744400.0,77481800.0,75956000.0,74319800.0,0.3337,0.4794,0.0001,1.0,0.0001,0.0794,0.9458,1.0,0.01873875576565467,87060040.0
2025-08-22,UNH,1,14930000,0.0199281476049783,0.5414,0.1872,0.2714,16,0.3542,0.7431,0.7286,0.1598,0.0868,-0.0554,0.3395,32.0,22.0,22.0,51.0,13359000.0,16679000.0,22348600.0,68198500.0,0.543,0.6851,0.5571,0.5432,0.6471,0.5634,0.4503,0.8125,0.022086629036358624,23678275.0
2025-08-25,AAPL,1,30983100,0.0135553134145765,0.3315,0.2874,0.3811,37,0.0442,0.5357,0.6189,1.0,0.0026,-0.0,0.5422,1.0,1.0,2.0,3.0,37476200.0,56038700.0,69878500.0,61806100.0,1.0,0.0028,0.0,0.5473,1.0,0.9498,0.2209,0.9953,0.014160460392151132,63476965.0
2025-08-25,AMZN,1,22633700,0.0100726126388543,0.664,0.103,0.233,33,0.5609,0.8657,0.767,0.6665,0.298,-0.3276,0.9999,3.0,2.0,3.0,1.0,37315300.0,32140500.0,36604300.0,25248900.0,0.6665,0.3103,0.3365,0.9999,1.0,0.9802,0.0131,1.0,0.01415194510142271,47007455.0
2025-08-25,BRK-B,0,3935100,0.0147031805030991,0.0,0.0002,0.9998,4,-0.0002,0.0595,0.0002,0.1563,-0.2705,-0.0008,-0.0077,7.0,8.0,4.0,12.0,4205100.0,3082200.0,4779800.0,3911300.0,0.44,0.8113,0.9985,0.5031,0.6776,0.3333,0.4996,0.4923,0.009019424524216401,4837700.0
2025-08-25,GOOGL,1,29928900,0.025383934888735,0.5528,0.0876,0.3596,9,0.4652,0.8632,0.6404,0.2858,0.0,-0.9974,0.2862,7.0,2.0,1.0,7.0,42827000.0,19774600.0,28955500.0,18526600.0,0.286,0.0,0.999,0.2896,0.9997,0.8128,0.0008,0.9942,0.010651389292303992,35555745.0
2025-08-25,JPM,0,5856300,0.0108357803162852,0.4796,0.092,0.4284,14,0.3876,0.8391,0.5716,0.236,0.2295,0.0298,0.0409,19.0,12.0,11.0,19.0,8552800.0,6624000.0,7374200.0,5386900.0,0.318,0.5659,0.4375,0.8217,0.8711,0.7028,0.534,0.5249,0.009057242358342005,7190790.0
2025-08-25,META,0,6861200,0.0115921675566312,0.566,0.1277,0.3063,37,0.4383,0.8159,0.6937,0.0011,-0.6665,-0.5,-0.0001,5.0,3.0,2.0,1.0,10612700.0,8876300.0,12286700.0,8116200.0,0.4011,0.6666,0.5,0.0001,0.5013,0.0,0.0,0.0068,0.014341707135062493,13515235.0
2025-08-25,MSFT,0,21638600,0.0080334904861391,0.5569,0.1763,0.2667,37,0.3806,0.7595,0.7333,0.5,-0.0022,1.0,0.0925,2.0,1.0,1.0,3.0,23760600.0,25213300.0,20269100.0,15531000.0,0.5,0.0035,1.0,0.0988,1.0,0.1799,1.0,0.968,0.01211129855076395,20681965.0
2025-08-25,TSLA,1,86670000,0.0427854832137558,0.3421,0.3137,0.3441,42,0.0284,0.5217,0.6559,0.3151,-0.3337,-0.4032,-0.0088,38.0,3.0,1.0,1.0,94016300.0,55744400.0,77481800.0,56956600.0,0.6814,0.3337,0.4794,0.0118,0.7312,0.0001,0.0794,0.1278,0.02254675998523713,87892335.0
2025-08-25,UNH,0,8917100,0.0199033496230931,0.217,0.3186,0.4644,10,-0.1016,0.4051,0.5356,0.3542,0.1598,0.0868,0.3828,16.0,32.0,22.0,42.0,14930000.0,13359000.0,16679000.0,39600500.0,0.7286,0.543,0.6851,0.7418,0.7431,0.6471,0.5634,0.758,0.021761014786157523,23934365.0
2025-08-26,AAPL,1,54575100,0.0211575049811167,0.276,0.2869,0.4372,55,-0.0109,0.4903,0.5628,0.0442,1.0,0.0026,-0.0005,37.0,1.0,1.0,1.0,30983100.0,37476200.0,56038700.0,55626200.0,0.6189,1.0,0.0028,0.0005,0.5357,1.0,0.9498,0.0089,0.014150669682024093,61086675.0
2025-08-26,AMZN,1,26105400,0.0131213760712009,0.4455,0.172,0.3825,45,0.2735,0.7215,0.6175,0.5609,0.6665,0.298,-1.0,33.0,3.0,2.0,1.0,22633700.0,37315300.0,32140500.0,29891000.0,0.767,0.6665,0.3103,1.0,0.8657,1.0,0.9802,0.0,0.014128642637161432,46703535.0
2025-08-26,BRK-B,1,8217500,0.0170302460779449,0.1278,0.3306,0.5416,9,-0.2028,0.2788,0.4584,-0.0002,0.1563,-0.2705,0.0419,4.0,7.0,8.0,7.0,3935100.0,4205100.0,3082200.0,4726400.0,0.0002,0.44,0.8113,0.8514,0.0595,0.6776,0.3333,0.5246,0.009028915650897962,4853150.0
2025-08-26,GOOGL,0,28464100,0.0103609908543589,0.4203,0.1408,0.4389,73,0.2796,0.7491,0.5611,0.4652,0.2858,0.0,0.5702,9.0,7.0,2.0,2.0,29928900.0,42827000.0,19774600.0,24240200.0,0.6404,0.286,0.0,0.5702,0.8632,0.9997,0.8128,1.0,0.01095110410630543,34819180.0
2025-08-26,JPM,1,6714700,0.0178134014452691,0.6655,0.1667,0.1678,12,0.4989,0.7997,0.8322,0.3876,0.236,0.2295,0.6118,14.0,19.0,12.0,11.0,5856300.0,8552800.0,6624000.0,6031500.0,0.5716,0.318,0.5659,0.6531,0.8391,0.8711,0.7028,0.9684,0.009090012776914354,7133545.0
2025-08-26,META,1,7601800,0.0092301448967153,0.3938,0.1197,0.4864,54,0.2741,0.7669,0.5136,0.4383,0.0011,-0.6665,-0.0368,37.0,5.0,3.0,8.0,6861200.0,10612700.0,8876300.0,16513700.0,0.6937,0.4011,0.6666,0.2883,0.8159,0.5013,0.0,0.4361,0.014335764960503606,13268130.0
2025-08-26,MSFT,0,30835700,0.0128281414240132,0.5221,0.0625,0.4154,47,0.4596,0.8931,0.5846,0.3806,0.5,-0.0022,0.0,37.0,2.0,1.0,1.0,21638600.0,23760600.0,25213300.0,20194400.0,0.7333,0.5,0.0035,0.0,0.7595,1.0,0.1799,0.6111,0.012073554951392044,21064815.0
2025-08-26,TSLA,1,76651600,0.0237149359275059,0.3542,0.2866,0.3593,37,0.0676,0.5527,0.6407,0.0284,0.3151,-0.3337,0.0001,42.0,38.0,3.0,2.0,86670000.0,94016300.0,55744400.0,75956000.0,0.6559,0.6814,0.3337,0.0001,0.5217,0.7312,0.0001,0.9458,0.02295697684991037,87598145.0
2025-08-26,UNH,0,16303200,0.0485031033040737,0.2659,0.3258,0.4083,10,-0.06,0.4493,0.5917,-0.1016,0.3542,0.1598,-0.0554,10.0,16.0,32.0,22.0,8917100.0,14930000.0,13359000.0,22348600.0,0.5356,0.7286,0.543,0.5571,0.4051,0.7431,0.6471,0.4503,0.02125992114872711,23579270.0
2025-08-27,AAPL,1,31259500,0.0115480485656799,0.3288,0.1823,0.4889,41,0.1465,0.6433,0.5111,-0.0109,0.0442,1.0,-0.0,55.0,37.0,1.0,2.0,54575100.0,30983100.0,37476200.0,69878500.0,0.5628,0.6189,1.0,0.0,0.4903,0.5357,1.0,0.2209,0.013902031985083314,60418340.0
2025-08-27,AMZN,1,21254500,0.0090125453584631,0.4454,0.1196,0.435,52,0.3259,0.7884,0.565,0.2735,0.5609,0.6665,-0.3276,45.0,33.0,3.0,3.0,26105400.0,22633700.0,37315300.0,36604300.0,0.6175,0.767,0.6665,0.3365,0.7215,0.8657,1.0,0.0131,0.01417318634766328,46693800.0
2025-08-27,BRK-B,1,4385900,0.0134600992349538,0.5018,0.0008,0.4973,2,0.501,0.9983,0.5027,-0.2028,-0.0002,0.1563,-0.0008,9.0,4.0,7.0,4.0,8217500.0,3935100.0,4205100.0,4779800.0,0.4584,0.0002,0.44,0.9985,0.2788,0.0595,0.6776,0.4996,0.00918504261014029,5054365.0
2025-08-27,GOOGL,1,23022900,0.0158483705104052,0.3899,0.1019,0.5082,55,0.288,0.7928,0.4918,0.2796,0.4652,0.2858,-0.9974,73.0,9.0,7.0,1.0,28464100.0,29928900.0,42827000.0,28955500.0,0.5611,0.6404,0.286,0.999,0.7491,0.8632,0.9997,0.0008,0.010869623775408578,33308290.0
2025-08-27,JPM,1,6056500,0.0135576073315286,0.6132,0.1374,0.2493,8,0.4758,0.8169,0.7507,0.4989,0.3876,0.236,0.0298,12.0,14.0,19.0,11.0,6714700.0,5856300.0,8552800.0,7374200.0,0.8322,0.5716,0.318,0.4375,0.7997,0.8391,0.8711,0.534,0.009605623516751845,7173355.0
2025-08-27,META,0,8315400,0.0150338930507947,0.4399,0.126,0.4341,41,0.314,0.7774,0.5659,0.2741,0.4383,0.0011,-0.5,54.0,37.0,5.0,2.0,7601800.0,6861200.0,10612700.0,12286700.0,0.5136,0.6937,0.4011,0.5,0.7669,0.8159,0.5013,0.0,0.014125478005171471,13209640.0
2025-08-27,MSFT,1,17277900,0.0147211447180029,0.5681,0.1163,0.3156,54,0.4517,0.83,0.6844,0.4596,0.3806,0.5,1.0,47.0,37.0,2.0,1.0,30835700.0,21638600.0,23760600.0,20269100.0,0.5846,0.7333,0.5,1.0,0.8931,0.7595,1.0,1.0,0.01206025967679016,22014270.0
2025-08-27,TSLA,0,65519000,0.0177019120961259,0.3186,0.1942,0.4873,30,0.1244,0.6213,0.5127,0.0676,0.0284,0.3151,-0.4032,37.0,42.0,38.0,1.0,76651600.0,86670000.0,94016300.0,77481800.0,0.6407,0.6559,0.6814,0.4794,0.5527,0.5217,0.7312,0.0794,0.022719233308732455,83582425.0
2025-08-27,UNH,1,9982800,0.01820057584741,0.5973,0.157,0.2457,14,0.4404,0.7919,0.7543,-0.06,-0.1016,0.3542,0.0868,10.0,10.0,16.0,22.0,16303200.0,8917100.0,14930000.0,16679000.0,0.5917,0.5356,0.7286,0.6851,0.4493,0.4051,0.7431,0.5634,0.021291844743718313,23908730.0
2025-08-28,AAPL,1,38074700,0.017632818625215,0.3919,0.3499,0.2582,37,0.0419,0.5283,0.7418,0.1465,-0.0109,0.0442,0.0026,41.0,55.0,37.0,1.0,31259500.0,54575100.0,30983100.0,56038700.0,0.5111,0.5628,0.6189,0.0028,0.6433,0.4903,0.5357,0.9498,0.013438465213337416,59469865.0
2025-08-28,AMZN,1,33679600,0.0204794661975605,0.5886,0.1357,0.2757,39,0.4528,0.8126,0.7243,0.3259,0.2735,0.5609,0.298,52.0,45.0,33.0,2.0,21254500.0,26105400.0,22633700.0,32140500.0,0.565,0.6175,0.767,0.3103,0.7884,0.7215,0.8657,0.9802,0.014062241156553018,46106860.0
2025-08-28,BRK-B,1,4530400,0.0081722131883511,0.2157,0.201,0.5833,12,0.0148,0.5177,0.4167,0.501,-0.2028,-0.0002,-0.2705,2.0,9.0,4.0,8.0,4385900.0,8217500.0,3935100.0,3082200.0,0.5027,0.4584,0.0002,0.8113,0.9983,0.2788,0.0595,0.3333,0.009382520146185564,5083510.0
2025-08-28,GOOGL,1,32339300,0.0256695166427926,0.5132,0.134,0.3528,42,0.3793,0.793,0.6472,0.288,0.2796,0.4652,0.0,55.0,73.0,9.0,2.0,23022900.0,28464100.0,29928900.0,19774600.0,0.4918,0.5611,0.6404,0.0,0.7928,0.7491,0.8632,0.8128,0.009447752820157798,30715350.0
2025-08-28,JPM,1,6410500,0.0084660293325588,0.2936,0.393,0.3134,10,-0.0994,0.4276,0.6866,0.4758,0.4989,0.3876,0.2295,8.0,12.0,14.0,12.0,6056500.0,6714700.0,5856300.0,6624000.0,0.7507,0.8322,0.5716,0.5659,0.8169,0.7997,0.8391,0.7028,0.009712705446452505,7184160.0
2025-08-28,META,1,7468000,0.0164650537634408,0.6021,0.1238,0.2741,40,0.4783,0.8294,0.7259,0.314,0.2741,0.4383,-0.6665,41.0,54.0,37.0,3.0,8315400.0,7601800.0,6861200.0,8876300.0,0.5659,0.5136,0.6937,0.6666,0.7774,0.7669,0.8159,0.0,0.014152410454602088,13079370.0
2025-08-28,MSFT,1,18015600,0.0110236770164281,0.632,0.0679,0.3001,47,0.5641,0.903,0.6999,0.4517,0.4596,0.3806,-0.0022,54.0,47.0,37.0,1.0,17277900.0,30835700.0,21638600.0,25213300.0,0.6844,0.5846,0.7333,0.0035,0.83,0.8931,0.7595,0.1799,0.012043293531322162,22055190.0
2025-08-28,TSLA,0,67903200,0.0378728958668862,0.2511,0.3912,0.3577,36,-0.1401,0.391,0.6423,0.1244,0.0676,0.0284,-0.3337,30.0,37.0,42.0,3.0,65519000.0,76651600.0,86670000.0,55744400.0,0.5127,0.6407,0.6559,0.3337,0.6213,0.5527,0.5217,0.0001,0.022488843723879676,79447025.0
2025-08-28,UNH,0,11235000,0.0166639517640714,0.4227,0.1987,0.3786,13,0.224,0.6803,0.6214,0.4404,-0.06,-0.1016,0.1598,14.0,10.0,10.0,32.0,9982800.0,16303200.0,8917100.0,13359000.0,0.7543,0.5917,0.5356,0.543,0.7919,0.4493,0.4051,0.6471,0.021379593706537272,23677855.0
2025-08-29,AAPL,0,39418400,0.0086448316765407,0.4775,0.2065,0.316,38,0.271,0.6981,0.684,0.0419,0.1465,-0.0109,1.0,37.0,41.0,55.0,1.0,38074700.0,31259500.0,54575100.0,37476200.0,0.7418,0.5111,0.5628,1.0,0.5283,0.6433,0.4903,1.0,0.013412914986101743,59151420.0
2025-08-29,AMZN,0,26199200,0.0157789805503876,0.4477,0.2481,0.3042,41,0.1996,0.6434,0.6958,0.4528,0.3259,0.2735,0.6665,39.0,52.0,45.0,3.0,33679600.0,21254500.0,26105400.0,37315300.0,0.7243,0.565,0.6175,0.6665,0.8126,0.7884,0.7215,1.0,0.014058920422600615,42572975.0
2025-08-29,BRK-B,1,4663600,0.0117200659791432,0.4286,0.0002,0.5712,7,0.4283,0.9994,0.4288,0.0148,0.501,-0.2028,0.1563,12.0,2.0,9.0,7.0,4530400.0,4385900.0,8217500.0,4205100.0,0.4167,0.5027,0.4584,0.44,0.5177,0.9983,0.2788,0.6776,0.009373059028240607,4994265.0
2025-08-29,GOOGL,1,39728400,0.0211391243378598,0.4689,0.1571,0.374,49,0.3118,0.749,0.626,0.3793,0.288,0.2796,0.2858,42.0,55.0,73.0,7.0,32339300.0,23022900.0,28464100.0,42827000.0,0.6472,0.4918,0.5611,0.286,0.793,0.7928,0.7491,0.9997,0.010315138033264785,30425340.0
2025-08-29,JPM,0,6796400,0.0106608433638161,0.4794,0.3619,0.1587,11,0.1175,0.5698,0.8413,-0.0994,0.4758,0.4989,0.236,10.0,8.0,12.0,19.0,6410500.0,6056500.0,6714700.0,8552800.0,0.6866,0.7507,0.8322,0.318,0.4276,0.8169,0.7997,0.8711,0.009602833281494664,7101600.0
2025-08-29,META,0,9070500,0.0158196095414272,0.476,0.1483,0.3757,39,0.3278,0.7625,0.6243,0.4783,0.314,0.2741,0.0011,40.0,41.0,54.0,5.0,7468000.0,8315400.0,7601800.0,10612700.0,0.7259,0.5659,0.5136,0.4011,0.8294,0.7774,0.7669,0.5013,0.014359783008152653,13016985.0
2025-08-29,MSFT,0,20961600,0.0100460343497639,0.4466,0.286,0.2674,46,0.1606,0.6096,0.7326,0.5641,0.4517,0.4596,0.5,47.0,54.0,47.0,2.0,18015600.0,17277900.0,30835700.0,23760600.0,0.6999,0.6844,0.5846,0.5,0.903,0.83,0.8931,1.0,0.012113351561088198,22353030.0
2025-08-29,TSLA,0,81145700,0.0491028633859648,0.2815,0.4095,0.309,43,-0.128,0.4073,0.691,-0.1401,0.1244,0.0676,0.3151,36.0,30.0,37.0,38.0,67903200.0,65519000.0,76651600.0,94016300.0,0.6423,0.5127,0.6407,0.6814,0.391,0.6213,0.5527,0.7312,0.022438792480178903,77208495.0
2025-08-29,UNH,1,12065400,0.0300694565165379,0.4609,0.2074,0.3316,10,0.2535,0.6896,0.6684,0.224,0.4404,-0.06,0.3542,13.0,14.0,10.0,16.0,11235000.0,9982800.0,16303200.0,14930000.0,0.6214,0.7543,0.5917,0.7286,0.6803,0.7919,0.4493,0.7431,0.021243335535642678,23110345.0
2025-09-02,AAPL,1,44075600,0.0169247759337514,0.0001,0.0001,0.9999,2,-0.0,0.4416,0.0001,0.271,0.0419,0.1465,0.0442,38.0,37.0,41.0,37.0,39418400.0,38074700.0,31259500.0,30983100.0,0.684,0.7418,0.5111,0.6189,0.6981,0.5283,0.6433,0.5357,0.01326811244277641,59180335.0
2025-09-02,AMZN,1,38843900,0.0194165902600841,0.0,0.9979,0.0021,2,-0.9979,0.0,0.9979,0.1996,0.4528,0.3259,0.5609,41.0,39.0,52.0,33.0,26199200.0,33679600.0,21254500.0,22633700.0,0.6958,0.7243,0.565,0.767,0.6434,0.8126,0.7884,0.8657,0.013993990421747865,37769995.0
2025-09-02,BRK-B,0,4977800,0.01642074991999,0.0945,0.091,0.8145,11,0.0036,0.5096,0.1855,0.4283,0.0148,0.501,-0.0002,7.0,12.0,2.0,4.0,4663600.0,4530400.0,4385900.0,3935100.0,0.4288,0.4167,0.5027,0.0002,0.9994,0.5177,0.9983,0.0595,0.009366883222587854,4963070.0
2025-09-02,GOOGL,1,47523000,0.0262905184386547,0.5,0.1666,0.3333,6,0.3334,0.75,0.6667,0.3118,0.3793,0.288,0.4652,49.0,42.0,55.0,9.0,39728400.0,32339300.0,23022900.0,29928900.0,0.626,0.6472,0.4918,0.6404,0.749,0.793,0.7928,0.8632,0.010500432476725588,30789490.0
2025-09-02,JPM,0,7221900,0.0198494346940518,0.8393,0.0,0.1607,2,0.8392,0.9999,0.8393,0.1175,-0.0994,0.4758,0.3876,11.0,10.0,8.0,14.0,6796400.0,6410500.0,6056500.0,5856300.0,0.8413,0.6866,0.7507,0.5716,0.5698,0.4276,0.8169,0.8391,0.00957761976792401,6841065.0
2025-09-02,MSFT,1,18128000,0.0183627438587543,0.001,0.0003,0.9987,2,0.0008,0.7936,0.0013,0.1606,0.5641,0.4517,0.3806,46.0,47.0,54.0,37.0,20961600.0,18015600.0,17277900.0,21638600.0,0.7326,0.6999,0.6844,0.7333,0.6096,0.903,0.83,0.7595,0.011534711787920413,22525955.0
2025-09-02,UNH,1,10957100,0.0181311890620944,0.3937,0.3002,0.3061,10,0.0935,0.5674,0.6939,0.2535,0.224,0.4404,-0.1016,10.0,13.0,14.0,10.0,12065400.0,11235000.0,9982800.0,8917100.0,0.6684,0.6214,0.7543,0.5356,0.6896,0.6803,0.7919,0.4051,0.022275049311762597,22889285.0
2025-09-03,AAPL,1,66427800,0.0189283983225047,0.0288,0.3042,0.667,3,-0.2754,0.0864,0.333,-0.0,0.271,0.0419,-0.0109,2.0,38.0,37.0,55.0,44075600.0,39418400.0,38074700.0,54575100.0,0.0001,0.684,0.7418,0.5628,0.4416,0.6981,0.5283,0.4903,0.013184758334143202,58980710.0
2025-09-03,BRK-B,1,3206200,0.0110499232280224,0.0006,0.1784,0.8209,5,-0.1778,0.0035,0.1791,0.0036,0.4283,0.0148,-0.2028,11.0,7.0,12.0,9.0,4977800.0,4663600.0,4530400.0,8217500.0,0.1855,0.4288,0.4167,0.4584,0.5096,0.9994,0.5177,0.2788,0.008223973522653872,4668245.0
2025-09-03,GOOGL,1,103336100,0.0288227933289799,0.2239,0.0408,0.7353,10,0.1831,0.8459,0.2647,0.3334,0.3118,0.3793,0.2796,6.0,49.0,42.0,73.0,47523000.0,39728400.0,32339300.0,28464100.0,0.6667,0.626,0.6472,0.5611,0.75,0.749,0.793,0.7491,0.009381919074082062,30599180.0
2025-09-03,META,1,7699300,0.0085054480511208,0.0,0.0,1.0,1,-0.0,0.1221,0.0,0.3278,0.4783,0.314,0.4383,39.0,40.0,41.0,37.0,9070500.0,7468000.0,8315400.0,6861200.0,0.6243,0.7259,0.5659,0.6937,0.7625,0.8294,0.7774,0.8159,0.013180118961997854,12807160.0
2025-09-03,MSFT,1,16345100,0.0108577008831553,0.8798,0.0001,0.1201,1,0.8797,0.9999,0.8799,0.0008,0.1606,0.5641,0.4596,2.0,46.0,47.0,47.0,18128000.0,20961600.0,18015600.0,30835700.0,0.0013,0.7326,0.6999,0.5846,0.7936,0.6096,0.903,0.8931,0.011686590318345364,22729015.0
2025-09-03,UNH,0,9654600,0.0191164986884106,0.5001,0.1666,0.3333,6,0.3334,0.7501,0.6667,0.0935,0.2535,0.224,-0.06,10.0,10.0,13.0,10.0,10957100.0,12065400.0,11235000.0,16303200.0,0.6939,0.6684,0.6214,0.5917,0.5674,0.6896,0.6803,0.4493,0.022307536526200853,22648170.0
2025-09-04,AAPL,1,47549400,0.0132522056773446,0.9999,0.0,0.0001,1,0.9999,1.0,0.9999,-0.2754,-0.0,0.271,0.1465,3.0,2.0,38.0,41.0,66427800.0,44075600.0,39418400.0,31259500.0,0.333,0.0001,0.684,0.5111,0.0864,0.4416,0.6981,0.6433,0.013168895191768244,59853370.0
2025-09-04,AMZN,1,59391800,0.0215840020782417,0.5336,0.0007,0.4657,5,0.533,0.9988,0.5343,-0.9979,0.1996,0.4528,0.2735,2.0,41.0,39.0,45.0,38843900.0,26199200.0,33679600.0,26105400.0,0.9979,0.6958,0.7243,0.6175,0.0,0.6434,0.8126,0.7215,0.01222701352076248,35817685.0
2025-09-04,BRK-B,1,2976700,0.0121694078175853,0.4173,0.2508,0.3319,4,0.1665,0.6246,0.6681,-0.1778,0.0036,0.4283,0.501,5.0,11.0,7.0,2.0,3206200.0,4977800.0,4663600.0,4385900.0,0.1791,0.1855,0.4288,0.5027,0.0035,0.5096,0.9994,0.9983,0.00813612403895538,4489520.0
2025-09-04,GOOGL,1,51684200,0.0272588490015709,0.9537,0.0001,0.0463,2,0.9536,0.9999,0.9537,0.1831,0.3334,0.3118,0.288,10.0,6.0,49.0,55.0,103336100.0,47523000.0,39728400.0,23022900.0,0.2647,0.6667,0.626,0.4918,0.8459,0.75,0.749,0.7928,0.009926641088603042,34024375.0
2025-09-04,JPM,1,6605800,0.0204999796549475,0.0049,0.0,0.9951,1,0.0049,0.9962,0.0049,0.8392,0.1175,-0.0994,0.4989,2.0,11.0,10.0,12.0,7221900.0,6796400.0,6410500.0,6714700.0,0.8393,0.8413,0.6866,0.8322,0.9999,0.5698,0.4276,0.7997,0.009043730882618149,6869685.0
2025-09-04,META,1,11439100,0.0204923596593798,0.297,0.0014,0.7016,2,0.2956,0.9953,0.2984,-0.0,0.3278,0.4783,0.2741,1.0,39.0,40.0,54.0,7699300.0,9070500.0,7468000.0,7601800.0,0.0,0.6243,0.7259,0.5136,0.1221,0.7625,0.8294,0.7669,0.012592842307192214,11838260.0
2025-09-04,MSFT,1,15509500,0.0099147335336694,0.0,0.0,1.0,1,-0.0,0.0644,0.0,0.8797,0.0008,0.1606,0.4517,1.0,2.0,46.0,54.0,16345100.0,18128000.0,20961600.0,17277900.0,0.8799,0.0013,0.7326,0.6844,0.9999,0.7936,0.6096,0.83,0.011708590277980692,22589985.0
2025-09-04,TSLA,1,60711000,0.0220437417719877,0.5,0.0002,0.4998,2,0.4999,0.9997,0.5002,-0.128,-0.1401,0.1244,0.0284,43.0,36.0,30.0,42.0,81145700.0,67903200.0,65519000.0,86670000.0,0.691,0.6423,0.5127,0.6559,0.4073,0.391,0.6213,0.5217,0.02413243185828633,77069185.0
2025-09-04,UNH,1,7725700,0.025514529248172,0.6168,0.1669,0.2164,6,0.4499,0.7871,0.7836,0.3334,0.0935,0.2535,0.4404,6.0,10.0,10.0,14.0,9654600.0,10957100.0,12065400.0,9982800.0,0.6667,0.6939,0.6684,0.7543,0.7501,0.5674,0.6896,0.7919,0.022074362844842283,21045600.0
2025-09-05,AMZN,0,36721800,0.0173051884942801,0.0003,0.0314,0.9683,1,-0.0312,0.0087,0.0317,0.533,-0.9979,0.1996,0.3259,5.0,2.0,41.0,52.0,59391800.0,38843900.0,26199200.0,21254500.0,0.5343,0.9979,0.6958,0.565,0.9988,0.0,0.6434,0.7884,0.012671385653915122,36212020.0
2025-09-05,BRK-B,0,4222900,0.0195849874745244,0.6667,0.0002,0.3331,3,0.6664,0.9996,0.6669,0.1665,-0.1778,0.0036,0.0148,4.0,5.0,11.0,12.0,2976700.0,3206200.0,4977800.0,4530400.0,0.6681,0.1791,0.1855,0.4167,0.6246,0.0035,0.5096,0.5177,0.008119363257984393,4410500.0
2025-09-05,GOOGL,1,46588900,0.0166236031915709,0.1206,0.4984,0.3811,2,-0.3778,0.1948,0.6189,0.9536,0.1831,0.3334,0.3793,2.0,10.0,6.0,42.0,51684200.0,103336100.0,47523000.0,32339300.0,0.9537,0.2647,0.6667,0.6472,0.9999,0.8459,0.75,0.793,0.00992750426731188,35028470.0
2025-09-05,JPM,0,9837700,0.0356989842113614,0.5,0.4997,0.0003,6,0.0003,0.5002,0.9997,0.0049,0.8392,0.1175,0.4758,1.0,2.0,11.0,8.0,6605800.0,7221900.0,6796400.0,6056500.0,0.0049,0.8393,0.8413,0.7507,0.9962,0.9999,0.5698,0.8169,0.00912762851377357,6840860.0
2025-09-05,META,0,9663400,0.0171666750737129,0.0002,0.0001,0.9998,3,0.0001,0.6574,0.0002,0.2956,-0.0,0.3278,0.314,2.0,1.0,39.0,41.0,11439100.0,7699300.0,9070500.0,8315400.0,0.2984,0.0,0.6243,0.5659,0.9953,0.1221,0.7625,0.7774,0.012587076884501145,10468660.0
2025-09-05,MSFT,0,31994800,0.0385015927505481,0.0014,0.3344,0.6642,3,-0.333,0.0043,0.3358,-0.0,0.8797,0.0008,0.5641,1.0,1.0,2.0,47.0,15509500.0,16345100.0,18128000.0,18015600.0,0.0,0.8799,0.0013,0.6999,0.0644,0.9999,0.7936,0.903,0.011997824664821152,22650060.0
2025-09-05,TSLA,1,108989800,0.0321551794293283,0.0003,0.0,0.9997,1,0.0002,0.9072,0.0003,0.4999,-0.128,-0.1401,0.0676,2.0,43.0,36.0,37.0,60711000.0,81145700.0,67903200.0,76651600.0,0.5002,0.691,0.6423,0.6407,0.9997,0.4073,0.391,0.5527,0.022547282234697114,75841190.0
2025-09-05,UNH,1,14126700,0.0313747911280003,0.2462,0.2774,0.4764,4,-0.0313,0.4702,0.5236,0.4499,0.3334,0.0935,0.224,6.0,6.0,10.0,13.0,7725700.0,9654600.0,10957100.0,11235000.0,0.7836,0.6667,0.6939,0.6214,0.7871,0.7501,0.5674,0.6803,0.0199413011832684,19951540.0
2025-09-08,AAPL,0,48999500,0.0159214271207914,0.3209,0.0047,0.6744,1,0.3162,0.9855,0.3256,0.9999,-0.2754,-0.0,0.0419,1.0,3.0,2.0,37.0,47549400.0,66427800.0,44075600.0,38074700.0,0.9999,0.333,0.0001,0.7418,1.0,0.0864,0.4416,0.5283,0.013154803248049596,59661970.0
2025-09-08,AMZN,1,33947100,0.0163871884885835,0.0014,0.0001,0.9985,2,0.0013,0.9323,0.0015,-0.0312,0.533,-0.9979,0.4528,1.0,5.0,2.0,39.0,36721800.0,59391800.0,38843900.0,33679600.0,0.0317,0.5343,0.9979,0.7243,0.0087,0.9988,0.0,0.8126,0.011069399008689494,35306960.0
2025-09-08,BRK-B,0,5146300,0.0124048145118361,0.0193,0.0165,0.9642,5,0.0028,0.5393,0.0358,0.6664,0.1665,-0.1778,0.4283,3.0,4.0,5.0,7.0,4222900.0,2976700.0,3206200.0,4663600.0,0.6669,0.6681,0.1791,0.4288,0.9996,0.6246,0.0035,0.9994,0.007654765658114035,4333860.0
2025-09-08,GOOGL,0,32474700,0.0189408701352444,0.3409,0.0047,0.6544,3,0.3362,0.9865,0.3456,-0.3778,0.9536,0.1831,0.3118,2.0,2.0,10.0,49.0,46588900.0,51684200.0,103336100.0,39728400.0,0.6189,0.9537,0.2647,0.626,0.1948,0.9999,0.8459,0.749,0.009796598721962455,36041825.0
2025-09-08,JPM,0,8188500,0.0170232587212442,0.4105,0.1912,0.3983,10,0.2193,0.6822,0.6017,0.0003,0.0049,0.8392,-0.0994,6.0,1.0,2.0,10.0,9837700.0,6605800.0,7221900.0,6410500.0,0.9997,0.0049,0.8393,0.6866,0.5002,0.9962,0.9999,0.4276,0.011486870196256299,7016235.0
2025-09-08,META,0,13087800,0.0191666537491732,0.3999,0.0,0.6001,5,0.3999,1.0,0.3999,0.0001,0.2956,-0.0,0.4783,3.0,2.0,1.0,40.0,9663400.0,11439100.0,7699300.0,7468000.0,0.0002,0.2984,0.0,0.7259,0.6574,0.9953,0.1221,0.8294,0.012170673034414757,10000395.0
2025-09-08,TSLA,0,75208300,0.0383487636526228,0.0053,0.5009,0.4938,4,-0.4956,0.0104,0.5062,0.0002,0.4999,-0.128,0.1244,1.0,2.0,43.0,30.0,108989800.0,60711000.0,81145700.0,65519000.0,0.0003,0.5002,0.691,0.5127,0.9072,0.9997,0.4073,0.6213,0.02256146942850547,77356485.0
2025-09-08,UNH,1,18438600,0.0245535213578666,0.621,0.091,0.288,11,0.53,0.8722,0.712,-0.0313,0.4499,0.3334,0.2535,4.0,6.0,6.0,10.0,14126700.0,7725700.0,9654600.0,12065400.0,0.5236,0.7836,0.6667,0.6684,0.4702,0.7871,0.7501,0.6896,0.016114095890433826,18658415.0
2025-09-09,AAPL,0,66313900,0.0228691905862671,0.0,0.0,0.9999,1,-0.0,0.4833,0.0001,0.3162,0.9999,-0.2754,0.271,1.0,1.0,3.0,38.0,48999500.0,47549400.0,66427800.0,39418400.0,0.3256,0.9999,0.333,0.684,0.9855,1.0,0.0864,0.6981,0.013235221640085906,60098505.0
2025-09-09,AMZN,1,27033800,0.0159502634232765,0.25,0.0001,0.7499,4,0.2498,0.9994,0.2501,0.0013,-0.0312,0.533,0.1996,2.0,1.0,5.0,41.0,33947100.0,36721800.0,59391800.0,26199200.0,0.0015,0.0317,0.5343,0.6958,0.9323,0.0087,0.9988,0.6434,0.01095791627669476,34974140.0
2025-09-09,BRK-B,1,3748700,0.0104173109059763,1.0,0.0,0.0,4,1.0,1.0,1.0,0.0028,0.6664,0.1665,0.0036,5.0,3.0,4.0,11.0,5146300.0,4222900.0,2976700.0,4977800.0,0.0358,0.6669,0.6681,0.1855,0.5393,0.9996,0.6246,0.5096,0.008139967195447566,4424645.0
2025-09-09,GOOGL,1,38061000,0.0309177330562246,0.5048,0.0075,0.4878,3,0.4973,0.9854,0.5122,0.3362,-0.3778,0.9536,0.3334,3.0,2.0,2.0,6.0,32474700.0,46588900.0,51684200.0,47523000.0,0.3456,0.6189,0.9537,0.6667,0.9865,0.1948,0.9999,0.75,0.009557071989407641,35707470.0
2025-09-09,JPM,1,7848200,0.022863985994038,0.4074,0.3099,0.2826,15,0.0975,0.568,0.7174,0.2193,0.0003,0.0049,0.1175,10.0,6.0,1.0,11.0,8188500.0,9837700.0,6605800.0,6796400.0,0.6017,0.9997,0.0049,0.8413,0.6822,0.5002,0.9962,0.5698,0.010614191429001742,7022805.0
2025-09-09,META,1,10999000,0.0169903170775964,0.4937,0.0003,0.5061,2,0.4934,0.9995,0.4939,0.3999,0.0001,0.2956,0.3278,5.0,3.0,2.0,39.0,13087800.0,9663400.0,11439100.0,9070500.0,0.3999,0.0002,0.2984,0.6243,1.0,0.6574,0.9953,0.7625,0.01112778231040628,9864700.0
2025-09-09,MSFT,0,14410500,0.0090740240101885,0.0011,0.0013,0.9976,2,-0.0002,0.4668,0.0024,-0.333,-0.0,0.8797,0.1606,3.0,1.0,1.0,46.0,31994800.0,15509500.0,16345100.0,20961600.0,0.3358,0.0,0.8799,0.7326,0.0043,0.0644,0.9999,0.6096,0.013118392150968413,23426340.0
2025-09-09,TSLA,0,53816000,0.0199459925403422,0.0011,0.1877,0.8112,3,-0.1867,0.0056,0.1888,-0.4956,0.0002,0.4999,-0.1401,4.0,1.0,2.0,36.0,75208300.0,108989800.0,60711000.0,67903200.0,0.5062,0.0003,0.5002,0.6423,0.0104,0.9072,0.9997,0.391,0.021717551621215685,77190720.0
2025-09-09,UNH,1,46408900,0.0738345497532895,0.3612,0.2588,0.38,20,0.1024,0.5826,0.62,0.53,-0.0313,0.4499,0.0935,11.0,4.0,6.0,10.0,18438600.0,14126700.0,7725700.0,10957100.0,0.712,0.5236,0.7836,0.6939,0.8722,0.4702,0.7871,0.5674,0.016008240457457443,18708950.0
2025-09-10,AAPL,0,83440800,0.0278651154342265,0.2553,0.4946,0.2501,4,-0.2394,0.3404,0.7499,-0.0,0.3162,0.9999,-0.0,1.0,1.0,1.0,2.0,66313900.0,48999500.0,47549400.0,44075600.0,0.0001,0.3256,0.9999,0.0001,0.4833,0.9855,1.0,0.4416,0.013071140088566517,60843615.0
2025-09-10,AMZN,0,60907700,0.0361232166467271,0.007,0.3174,0.6757,2,-0.3104,0.0215,0.3243,0.2498,0.0013,-0.0312,-0.9979,4.0,2.0,1.0,2.0,27033800.0,33947100.0,36721800.0,38843900.0,0.2501,0.0015,0.0317,0.9979,0.9994,0.9323,0.0087,0.0,0.010964970867920771,34677305.0
2025-09-10,BRK-B,1,5561600,0.0110816799864478,0.5039,0.1624,0.3337,6,0.3415,0.7563,0.6663,1.0,0.0028,0.6664,-0.1778,4.0,5.0,3.0,5.0,3748700.0,5146300.0,4222900.0,3206200.0,1.0,0.0358,0.6669,0.1791,1.0,0.5393,0.9996,0.0035,0.008047675412258495,4426475.0
2025-09-10,JPM,1,7787300,0.0206943525305725,0.4001,0.215,0.3849,15,0.1852,0.6505,0.6151,0.0975,0.2193,0.0003,0.8392,15.0,10.0,6.0,2.0,7848200.0,8188500.0,9837700.0,7221900.0,0.7174,0.6017,0.9997,0.8393,0.568,0.6822,0.5002,0.9999,0.011337833314473161,7083510.0
2025-09-10,META,0,12478300,0.0192124372501673,0.0249,0.0013,0.9738,2,0.0236,0.9509,0.0262,0.4934,0.3999,0.0001,-0.0,2.0,5.0,3.0,1.0,10999000.0,13087800.0,9663400.0,7699300.0,0.4939,0.3999,0.0002,0.0,0.9995,1.0,0.6574,0.1221,0.010788226065147887,9832635.0
2025-09-10,MSFT,0,21611800,0.0129428796839443,0.4227,0.0079,0.5693,3,0.4148,0.9816,0.4307,-0.0002,-0.333,-0.0,0.0008,2.0,3.0,1.0,2.0,14410500.0,31994800.0,15509500.0,18128000.0,0.0024,0.3358,0.0,0.0013,0.4668,0.0043,0.0644,0.7936,0.013116569915866651,22827845.0
2025-09-10,TSLA,0,72121700,0.0292682345038514,0.0,0.0007,0.9993,2,-0.0007,0.0045,0.0007,-0.1867,-0.4956,0.0002,-0.128,3.0,4.0,1.0,43.0,53816000.0,75208300.0,108989800.0,81145700.0,0.1888,0.5062,0.0003,0.691,0.0056,0.0104,0.9072,0.4073,0.021676240302647247,76548585.0
2025-09-10,UNH,1,17804300,0.02074896827871,0.4641,0.1746,0.3612,23,0.2895,0.7266,0.6388,0.1024,0.53,-0.0313,0.3334,20.0,11.0,4.0,6.0,46408900.0,18438600.0,14126700.0,9654600.0,0.62,0.712,0.5236,0.6667,0.5826,0.8722,0.4702,0.7501,0.016732011422408075,19839600.0
2025-09-11,AAPL,1,50208600,0.0167489552625871,0.5,0.0,0.5,2,0.5,1.0,0.5,-0.2394,-0.0,0.3162,-0.2754,4.0,1.0,1.0,3.0,83440800.0,66313900.0,48999500.0,66427800.0,0.7499,0.0001,0.3256,0.333,0.3404,0.4833,0.9855,0.0864,0.014378265046112565,60980735.0
2025-09-11,AMZN,0,37485600,0.0094604621773655,0.5081,0.0001,0.4918,3,0.5081,0.9999,0.5082,-0.3104,0.2498,0.0013,0.533,2.0,4.0,2.0,5.0,60907700.0,27033800.0,33947100.0,59391800.0,0.3243,0.2501,0.0015,0.5343,0.0215,0.9994,0.9323,0.9988,0.013237005295165685,36140380.0
2025-09-11,BRK-B,1,3669000,0.0167780264450759,0.3695,0.0921,0.5384,4,0.2773,0.8004,0.4616,0.3415,1.0,0.0028,0.1665,6.0,4.0,5.0,4.0,5561600.0,3748700.0,5146300.0,2976700.0,0.6663,1.0,0.0358,0.6681,0.7563,1.0,0.5393,0.6246,0.007795163789984281,4516190.0
2025-09-11,GOOGL,1,30599300,0.0250125057439912,0.5005,0.0012,0.4983,2,0.4994,0.9977,0.5017,0.4973,0.3362,-0.3778,0.1831,3.0,3.0,2.0,10.0,38061000.0,32474700.0,46588900.0,103336100.0,0.5122,0.3456,0.6189,0.2647,0.9854,0.9865,0.1948,0.8459,0.010279422967138034,36318900.0
2025-09-11,JPM,1,7942500,0.0163988932464203,0.3902,0.1742,0.4356,20,0.2159,0.6913,0.5644,0.1852,0.0975,0.2193,0.0049,15.0,15.0,10.0,1.0,7787300.0,7848200.0,8188500.0,6605800.0,0.6151,0.7174,0.6017,0.0049,0.6505,0.568,0.6822,0.9962,0.011646957528176976,7197370.0
2025-09-11,META,0,7923300,0.0115682504291022,0.0005,0.0017,0.9978,1,-0.0013,0.2158,0.0022,0.0236,0.4934,0.3999,0.2956,2.0,2.0,5.0,2.0,12478300.0,10999000.0,13087800.0,11439100.0,0.0262,0.4939,0.3999,0.2984,0.9509,0.9995,1.0,0.9953,0.01145393663904668,9969855.0
2025-09-11,MSFT,0,18881600,0.0105326202985005,0.5,0.0,0.5,2,0.5,1.0,0.5,0.4148,-0.0002,-0.333,0.8797,3.0,2.0,3.0,1.0,21611800.0,14410500.0,31994800.0,16345100.0,0.4307,0.0024,0.3358,0.8799,0.9816,0.4668,0.0043,0.9999,0.010401161328433502,21327570.0
2025-09-11,TSLA,1,103756000,0.0610845683828769,0.0238,0.0032,0.973,1,0.0206,0.8802,0.027,-0.0007,-0.1867,-0.4956,0.4999,2.0,3.0,4.0,2.0,72121700.0,53816000.0,75208300.0,60711000.0,0.0007,0.1888,0.5062,0.5002,0.0045,0.0056,0.0104,0.9997,0.020878726151200865,75594655.0
2025-09-11,UNH,1,18943500,0.0433811307978152,0.7021,0.0842,0.2136,13,0.6179,0.8929,0.7864,0.2895,0.1024,0.53,0.4499,23.0,20.0,11.0,6.0,17804300.0,46408900.0,18438600.0,7725700.0,0.6388,0.62,0.712,0.7836,0.7266,0.5826,0.8722,0.7871,0.01655084831978358,20161320.0
2025-09-12,AAPL,1,55824200,0.0239507469031421,0.0084,0.0048,0.9867,1,0.0036,0.6345,0.0133,0.5,-0.2394,-0.0,0.9999,2.0,4.0,1.0,1.0,50208600.0,83440800.0,66313900.0,47549400.0,0.5,0.7499,0.0001,0.9999,1.0,0.3404,0.4833,1.0,0.014366426477991212,59735700.0
2025-09-12,AMZN,0,38496200,0.0195354889549157,0.0007,0.7057,0.2936,1,-0.705,0.001,0.7064,0.5081,-0.3104,0.2498,-0.0312,3.0,2.0,4.0,1.0,37485600.0,60907700.0,27033800.0,36721800.0,0.5082,0.3243,0.2501,0.0317,0.9999,0.0215,0.9994,0.0087,0.013321832944326584,36155370.0
2025-09-12,BRK-B,0,2951700,0.0086535724557173,0.334,0.0248,0.6412,6,0.3091,0.9308,0.3588,0.2773,0.3415,1.0,0.6664,4.0,6.0,4.0,3.0,3669000.0,5561600.0,3748700.0,4222900.0,0.4616,0.6663,1.0,0.6669,0.8004,0.7563,1.0,0.9996,0.008087369435062323,4468170.0
2025-09-12,GOOGL,1,26771600,0.0169738399714387,0.0128,0.0,0.9871,2,0.0128,0.9974,0.0129,0.4994,0.4973,0.3362,0.9536,2.0,3.0,3.0,2.0,30599300.0,38061000.0,32474700.0,51684200.0,0.5017,0.5122,0.3456,0.9537,0.9977,0.9854,0.9865,0.9999,0.010293788943552028,36328970.0
2025-09-12,JPM,1,6846700,0.0126228707735656,0.5973,0.0587,0.344,17,0.5387,0.9106,0.656,0.2159,0.1852,0.0975,0.0003,20.0,15.0,15.0,6.0,7942500.0,7787300.0,7848200.0,9837700.0,0.5644,0.6151,0.7174,0.9997,0.6913,0.6505,0.568,0.5002,0.01197722723200611,7165950.0
2025-09-12,META,1,8248600,0.0184445633523956,0.5016,0.0,0.4984,4,0.5016,1.0,0.5016,-0.0013,0.0236,0.4934,0.0001,1.0,2.0,2.0,3.0,7923300.0,12478300.0,10999000.0,9663400.0,0.0022,0.0262,0.4939,0.0002,0.2158,0.9509,0.9995,0.6574,0.011276351975530667,9999980.0
2025-09-12,TSLA,1,168156400,0.0713053648378334,0.4989,0.0035,0.4975,5,0.4954,0.993,0.5025,0.0206,-0.0007,-0.1867,0.0002,1.0,2.0,3.0,1.0,103756000.0,72121700.0,53816000.0,108989800.0,0.027,0.0007,0.1888,0.0003,0.8802,0.0045,0.0056,0.9072,0.024083677828590402,75516445.0
2025-09-12,UNH,0,14016200,0.0276763311953879,0.6263,0.1861,0.1876,16,0.4403,0.771,0.8124,0.6179,0.2895,0.1024,-0.0313,13.0,23.0,20.0,4.0,18943500.0,17804300.0,46408900.0,14126700.0,0.7864,0.6388,0.62,0.5236,0.8929,0.7266,0.5826,0.4702,0.015720291709120156,20134480.0
2025-09-15,AAPL,0,42699500,0.0133333487852717,0.5,0.0,0.5,2,0.5,1.0,0.5,0.0036,0.5,-0.2394,0.3162,1.0,2.0,4.0,1.0,55824200.0,50208600.0,83440800.0,48999500.0,0.0133,0.5,0.7499,0.3256,0.6345,1.0,0.3404,0.9855,0.012844601110356978,57102755.0
2025-09-15,AMZN,1,33243300,0.0147855367086904,0.4805,0.0,0.5195,2,0.4805,0.9999,0.4805,-0.705,0.5081,-0.3104,0.0013,1.0,3.0,2.0,2.0,38496200.0,37485600.0,60907700.0,33947100.0,0.7064,0.5082,0.3243,0.0015,0.001,0.9999,0.0215,0.9323,0.013320679076081325,36254765.0
2025-09-15,BRK-B,0,3629800,0.0116896048264266,0.6659,0.0003,0.3338,6,0.6656,0.9996,0.6662,0.3091,0.2773,0.3415,0.0028,6.0,4.0,6.0,5.0,2951700.0,3669000.0,5561600.0,5146300.0,0.3588,0.4616,0.6663,0.0358,0.9308,0.8004,0.7563,0.5393,0.008182264153381566,4406400.0
2025-09-15,GOOGL,1,58383800,0.0316766119676152,0.3421,0.0011,0.6568,9,0.3409,0.9967,0.3432,0.0128,0.4994,0.4973,-0.3778,2.0,2.0,3.0,2.0,26771600.0,30599300.0,38061000.0,46588900.0,0.0129,0.5017,0.5122,0.6189,0.9974,0.9977,0.9854,0.1948,0.00958257712396847,36250405.0
2025-09-15,JPM,1,7122000,0.009050358621516,0.6184,0.1138,0.2679,15,0.5046,0.8446,0.7321,0.5387,0.2159,0.1852,0.2193,17.0,20.0,15.0,10.0,6846700.0,7942500.0,7787300.0,8188500.0,0.656,0.5644,0.6151,0.6017,0.9106,0.6913,0.6505,0.6822,0.011558733688335897,7087265.0
2025-09-15,META,1,10533800,0.0291496929830074,0.0001,0.0001,0.9998,3,-0.0,0.4166,0.0002,0.5016,-0.0013,0.0236,0.3999,4.0,1.0,2.0,5.0,8248600.0,7923300.0,12478300.0,13087800.0,0.5016,0.0022,0.0262,0.3999,1.0,0.2158,0.9509,1.0,0.01146865929462543,10031810.0
2025-09-15,TSLA,0,163823700,0.0549949643436293,0.3334,0.0001,0.6666,6,0.3333,0.9998,0.3334,0.4954,0.0206,-0.0007,-0.4956,5.0,1.0,2.0,4.0,168156400.0,103756000.0,72121700.0,75208300.0,0.5025,0.027,0.0007,0.5062,0.993,0.8802,0.0045,0.0104,0.0281281543302271,79898160.0
2025-09-15,UNH,0,11035900,0.0261344656965264,0.3526,0.2277,0.4197,17,0.1249,0.6076,0.5803,0.4403,0.6179,0.2895,0.53,16.0,13.0,23.0,11.0,14016200.0,18943500.0,17804300.0,18438600.0,0.8124,0.7864,0.6388,0.712,0.771,0.8929,0.7266,0.8722,0.01593406320080094,19584735.0
2025-09-16,AAPL,1,63421100,0.0206593896947391,0.45,0.0011,0.5489,6,0.4488,0.9975,0.4511,0.5,0.0036,0.5,-0.0,2.0,1.0,2.0,1.0,42699500.0,55824200.0,50208600.0,66313900.0,0.5,0.0133,0.5,0.0001,1.0,0.6345,1.0,0.4833,0.012892817303715838,54726490.0
2025-09-16,AMZN,1,38203900,0.0157551220506598,0.3333,0.0001,0.6667,3,0.3332,0.9998,0.3333,0.4805,-0.705,0.5081,0.2498,2.0,1.0,3.0,4.0,33243300.0,38496200.0,37485600.0,27033800.0,0.4805,0.7064,0.5082,0.2501,0.9999,0.001,0.9999,0.9994,0.012853535948474985,34839640.0
2025-09-16,BRK-B,0,4070000,0.0096077540380178,0.1669,0.4824,0.3507,6,-0.3154,0.2571,0.6493,0.6656,0.3091,0.2773,1.0,6.0,6.0,4.0,4.0,3629800.0,2951700.0,3669000.0,3748700.0,0.6662,0.3588,0.4616,1.0,0.9996,0.9308,0.8004,1.0,0.0078045677643234475,4326400.0
2025-09-16,GOOGL,0,34109700,0.0141621391601793,0.3331,0.0,0.6669,3,0.3331,1.0,0.3331,0.3409,0.0128,0.4994,0.3362,9.0,2.0,2.0,3.0,58383800.0,26771600.0,30599300.0,32474700.0,0.3432,0.0129,0.5017,0.3456,0.9967,0.9974,0.9977,0.9865,0.010743284494340288,37908075.0
2025-09-16,JPM,0,10525600,0.0121612548828125,0.4662,0.0004,0.5334,17,0.4659,0.9992,0.4666,0.5046,0.5387,0.2159,0.0975,15.0,17.0,20.0,15.0,7122000.0,6846700.0,7942500.0,7848200.0,0.7321,0.656,0.5644,0.7174,0.8446,0.9106,0.6913,0.568,0.011369781403357147,7127245.0
2025-09-16,META,1,11782500,0.0211994912198499,0.4113,0.0001,0.5887,4,0.4112,0.9998,0.4113,-0.0,0.5016,-0.0013,0.4934,3.0,4.0,1.0,2.0,10533800.0,8248600.0,7923300.0,10999000.0,0.0002,0.5016,0.0022,0.4939,0.4166,1.0,0.2158,0.9995,0.010470921305133045,9830345.0
2025-09-16,MSFT,0,19711900,0.0166962820842547,0.001,0.0,0.999,2,0.001,0.9967,0.001,0.5,0.4148,-0.0002,-0.0,2.0,3.0,2.0,1.0,18881600.0,21611800.0,14410500.0,15509500.0,0.5,0.4307,0.0024,0.0,1.0,0.9816,0.4668,0.0644,0.009609344903650976,20822770.0
2025-09-16,TSLA,1,104285700,0.0285163023503466,0.5,0.0001,0.4999,2,0.4999,0.9999,0.5001,0.3333,0.4954,0.0206,-0.1867,6.0,5.0,1.0,3.0,163823700.0,168156400.0,103756000.0,53816000.0,0.3334,0.5025,0.027,0.1888,0.9998,0.993,0.8802,0.0056,0.029144423029444762,84697400.0
2025-09-16,UNH,0,12695800,0.030848924376124,0.3886,0.2308,0.3806,13,0.1578,0.6274,0.6194,0.1249,0.4403,0.6179,0.1024,17.0,16.0,13.0,20.0,11035900.0,14016200.0,18943500.0,46408900.0,0.5803,0.8124,0.7864,0.62,0.6076,0.771,0.8929,0.5826,0.016121528414682704,16726605.0
2025-09-17,AMZN,0,42815200,0.0239123764200963,0.2504,0.0001,0.7494,4,0.2503,0.9995,0.2506,0.3332,0.4805,-0.705,-0.3104,3.0,2.0,1.0,2.0,38203900.0,33243300.0,38496200.0,60907700.0,0.3333,0.4805,0.7064,0.3243,0.9998,0.9999,0.001,0.0215,0.012803309369107391,34767375.0
2025-09-17,BRK-B,1,5060700,0.0115900159145929,0.6667,0.0,0.3333,3,0.6667,1.0,0.6667,-0.3154,0.6656,0.3091,0.3415,6.0,6.0,6.0,6.0,4070000.0,3629800.0,2951700.0,5561600.0,0.6493,0.6662,0.3588,0.6663,0.2571,0.9996,0.9308,0.7563,0.007818761667124327,4334335.0
2025-09-17,GOOGL,0,34108000,0.0211766869611031,0.5,0.0,0.5,4,0.5,1.0,0.5,0.3331,0.3409,0.0128,0.4973,3.0,9.0,2.0,3.0,34109700.0,58383800.0,26771600.0,38061000.0,0.3331,0.3432,0.0129,0.5122,1.0,0.9967,0.9974,0.9854,0.0109206258779422,37866990.0
2025-09-17,JPM,1,8657800,0.0133381051356523,0.5053,0.0002,0.4945,10,0.5051,0.9996,0.5055,0.4659,0.5046,0.5387,0.1852,17.0,15.0,17.0,15.0,10525600.0,7122000.0,6846700.0,7787300.0,0.4666,0.7321,0.656,0.6151,0.9992,0.8446,0.9106,0.6505,0.01069549155861226,7286500.0
2025-09-17,META,0,9400900,0.0217694850976842,0.0008,0.1067,0.8926,4,-0.1059,0.007,0.1074,0.4112,-0.0,0.5016,0.0236,4.0,3.0,4.0,2.0,11782500.0,10533800.0,8248600.0,12478300.0,0.4113,0.0002,0.5016,0.0262,0.9998,0.4166,1.0,0.9509,0.010667950084384122,9978880.0
2025-09-17,TSLA,1,106133500,0.0448345980297279,0.0,0.0001,0.9999,2,-0.0001,0.0871,0.0001,0.4999,0.3333,0.4954,-0.0007,2.0,6.0,5.0,2.0,104285700.0,163823700.0,168156400.0,72121700.0,0.5001,0.3334,0.5025,0.0007,0.9999,0.9998,0.993,0.0045,0.029294612838467377,86161650.0
2025-09-17,UNH,1,8467700,0.0157244736894901,0.2754,0.1795,0.5451,6,0.0959,0.6054,0.4549,0.1578,0.1249,0.4403,0.2895,13.0,17.0,16.0,23.0,12695800.0,11035900.0,14016200.0,17804300.0,0.6194,0.5803,0.8124,0.6388,0.6274,0.6076,0.771,0.7266,0.016594770148497463,15381370.0
2025-09-18,AAPL,0,44249600,0.0189607160420569,1.0,0.0,0.0,1,1.0,1.0,1.0,0.4488,0.5,0.0036,-0.2394,6.0,2.0,1.0,4.0,63421100.0,42699500.0,55824200.0,83440800.0,0.4511,0.5,0.0133,0.7499,0.9975,1.0,0.6345,0.3404,0.009941970604770724,52204845.0
2025-09-18,AMZN,0,37931700,0.0201720535114246,0.0001,0.0022,0.9976,2,-0.0021,0.062,0.0024,0.2503,0.3332,0.4805,0.5081,4.0,3.0,2.0,3.0,42815200.0,38203900.0,33243300.0,37485600.0,0.2506,0.3333,0.4805,0.5082,0.9995,0.9998,0.9999,0.9999,0.012917537683790578,35645690.0
2025-09-18,BRK-B,1,4058900,0.014051149164662,0.0,0.001,0.999,1,-0.001,0.0217,0.001,0.6667,-0.3154,0.6656,0.2773,3.0,6.0,6.0,4.0,5060700.0,4070000.0,3629800.0,3669000.0,0.6667,0.6493,0.6662,0.4616,1.0,0.2571,0.9996,0.8004,0.007462403877601039,4351050.0
2025-09-18,GOOGL,1,31239500,0.016648134787591,0.5,0.0,0.5,2,0.5,1.0,0.5,0.5,0.3331,0.3409,0.4994,4.0,3.0,9.0,2.0,34108000.0,34109700.0,58383800.0,30599300.0,0.5,0.3331,0.3432,0.5017,1.0,1.0,0.9967,0.9977,0.011118640412785312,38646060.0
2025-09-18,JPM,1,8050700,0.0122839635167204,0.5381,0.0611,0.4008,13,0.4769,0.898,0.5992,0.5051,0.4659,0.5046,0.2159,10.0,17.0,15.0,20.0,8657800.0,10525600.0,7122000.0,7942500.0,0.5055,0.4666,0.7321,0.5644,0.9996,0.9992,0.8446,0.6913,0.010688497002744959,7450045.0
2025-09-18,META,0,10955000,0.0197502964397214,0.3349,0.0004,0.6647,3,0.3345,0.9987,0.3353,-0.1059,0.4112,-0.0,-0.0013,4.0,4.0,3.0,1.0,9400900.0,11782500.0,10533800.0,7923300.0,0.1074,0.4113,0.0002,0.0022,0.007,0.9998,0.4166,0.2158,0.010666031011379232,10043115.0
2025-09-18,MSFT,0,18913700,0.0105769492373261,1.0,0.0,0.0,1,1.0,1.0,1.0,0.001,0.5,0.4148,-0.333,2.0,2.0,3.0,3.0,19711900.0,18881600.0,21611800.0,31994800.0,0.001,0.5,0.4307,0.3358,0.9967,1.0,0.9816,0.0043,0.009173821543679279,20540915.0
2025-09-18,TSLA,0,90454500,0.0365145704768418,0.4954,0.2501,0.2545,4,0.2453,0.6645,0.7455,-0.0001,0.4999,0.3333,0.0206,2.0,2.0,6.0,1.0,106133500.0,104285700.0,163823700.0,103756000.0,0.0001,0.5001,0.3334,0.027,0.0871,0.9999,0.9998,0.8802,0.02900440387390665,87752335.0
2025-09-18,UNH,0,11255600,0.0314674048758656,0.7501,0.0235,0.2264,4,0.7266,0.9696,0.7736,0.0959,0.1578,0.1249,0.6179,6.0,13.0,17.0,13.0,8467700.0,12695800.0,11035900.0,18943500.0,0.4549,0.6194,0.5803,0.7864,0.6054,0.6274,0.6076,0.8929,0.016257427684500798,14687325.0
2025-09-19,AAPL,1,163741300,0.0252456014830305,0.0,0.0001,0.9999,1,-0.0001,0.0628,0.0001,1.0,0.4488,0.5,0.5,1.0,6.0,2.0,2.0,44249600.0,63421100.0,42699500.0,50208600.0,1.0,0.4511,0.5,0.5,1.0,0.9975,1.0,1.0,0.01016379370234953,51327020.0
2025-09-19,AMZN,0,97943200,0.0191935568601183,0.0017,0.0087,0.9896,3,-0.007,0.1667,0.0104,-0.0021,0.2503,0.3332,-0.705,2.0,4.0,3.0,1.0,37931700.0,42815200.0,38203900.0,38496200.0,0.0024,0.2506,0.3333,0.7064,0.062,0.9995,0.9998,0.001,0.012814884981205688,36047725.0
2025-09-19,BRK-B,1,7356300,0.0114257734217931,0.6666,0.0,0.3334,3,0.6666,1.0,0.6666,-0.001,0.6667,-0.3154,0.3091,1.0,3.0,6.0,6.0,4058900.0,5060700.0,4070000.0,2951700.0,0.001,0.6667,0.6493,0.3588,0.0217,1.0,0.2571,0.9308,0.007443157984375292,4315005.0
2025-09-19,GOOGL,1,55571400,0.0165449257311204,0.0,0.0004,0.9996,2,-0.0004,0.0274,0.0004,0.5,0.5,0.3331,0.0128,2.0,4.0,3.0,2.0,31239500.0,34108000.0,34109700.0,26771600.0,0.5,0.5,0.3331,0.0129,1.0,1.0,1.0,0.9974,0.010682701885466417,38996025.0
2025-09-19,JPM,1,23568600,0.0213009966382981,0.3514,0.0845,0.5641,12,0.2669,0.8061,0.4359,0.4769,0.5051,0.4659,0.5387,13.0,10.0,17.0,17.0,8050700.0,8657800.0,10525600.0,6846700.0,0.5992,0.5055,0.4666,0.656,0.898,0.9996,0.9992,0.9106,0.010654353204840745,7551005.0
2025-09-19,META,0,23696800,0.0274789372360484,0.0,0.0001,0.9999,3,-0.0001,0.0612,0.0001,0.3345,-0.1059,0.4112,0.5016,3.0,4.0,4.0,4.0,10955000.0,9400900.0,11782500.0,8248600.0,0.3353,0.1074,0.4113,0.5016,0.9987,0.007,0.9998,1.0,0.01042326228753544,9765180.0
2025-09-19,TSLA,1,93131000,0.0183727653156176,0.0165,0.5,0.4835,2,-0.4836,0.0319,0.5165,0.2453,-0.0001,0.4999,0.4954,4.0,2.0,2.0,5.0,90454500.0,106133500.0,104285700.0,168156400.0,0.7455,0.0001,0.5001,0.5025,0.6645,0.0871,0.9999,0.993,0.02987112375270024,89427230.0
2025-09-19,UNH,1,13656800,0.0211589750882244,0.3334,0.3333,0.3333,3,0.0,0.5,0.6667,0.7266,0.0959,0.1578,0.4403,4.0,6.0,13.0,16.0,11255600.0,8467700.0,12695800.0,14016200.0,0.7736,0.4549,0.6194,0.8124,0.9696,0.6054,0.6274,0.771,0.016588073750675655,14416155.0
2025-09-22,AAPL,1,105517400,0.0343134088865636,0.4866,0.0037,0.5097,4,0.4828,0.9924,0.4903,-0.0001,1.0,0.4488,0.0036,1.0,1.0,6.0,1.0,163741300.0,44249600.0,63421100.0,55824200.0,0.0001,1.0,0.4511,0.0133,0.0628,1.0,0.9975,0.6345,0.010722137001801935,56732775.0
2025-09-22,AMZN,0,45914500,0.0132720890431356,0.9975,0.0,0.0024,1,0.9975,1.0,0.9976,-0.007,-0.0021,0.2503,0.4805,3.0,2.0,4.0,2.0,97943200.0,37931700.0,42815200.0,33243300.0,0.0104,0.0024,0.2506,0.4805,0.1667,0.062,0.9995,0.9999,0.0123966766773514,39114670.0
2025-09-22,BRK-B,1,3582900,0.0111706390258959,0.3032,0.0742,0.6226,10,0.229,0.8034,0.3774,0.6666,-0.001,0.6667,0.6656,3.0,1.0,3.0,6.0,7356300.0,4058900.0,5060700.0,3629800.0,0.6666,0.001,0.6667,0.6662,1.0,0.0217,1.0,0.9996,0.007435174911408805,4528710.0
2025-09-22,GOOGL,0,32290500,0.0215383244322228,0.5788,0.0581,0.3631,4,0.5207,0.9087,0.6369,-0.0004,0.5,0.5,0.3409,2.0,2.0,4.0,9.0,55571400.0,31239500.0,34108000.0,58383800.0,0.0004,0.5,0.5,0.3432,0.0274,1.0,1.0,0.9967,0.010113477734816136,40326820.0
2025-09-22,JPM,1,7520200,0.013363508107057,0.2223,0.3341,0.4437,9,-0.1118,0.3995,0.5563,0.2669,0.4769,0.5051,0.5046,12.0,13.0,10.0,15.0,23568600.0,8050700.0,8657800.0,7122000.0,0.4359,0.5992,0.5055,0.7321,0.8061,0.898,0.9996,0.8446,0.010649269088383715,8360725.0
2025-09-22,META,0,11706900,0.027191929947548,0.0006,0.1669,0.8325,5,-0.1664,0.0034,0.1675,-0.0001,0.3345,-0.1059,-0.0,3.0,3.0,4.0,3.0,23696800.0,10955000.0,9400900.0,10533800.0,0.0001,0.3353,0.1074,0.0002,0.0612,0.9987,0.007,0.4166,0.009583012447427416,10335685.0
2025-09-22,MSFT,0,20009300,0.0100855562291334,0.5,0.0001,0.4998,2,0.4999,0.9997,0.5002,1.0,0.001,0.5,-0.0002,1.0,2.0,2.0,2.0,18913700.0,19711900.0,18881600.0,14410500.0,1.0,0.001,0.5,0.0024,1.0,0.9967,1.0,0.4668,0.008622033370719213,20528020.0
2025-09-22,TSLA,1,97108800,0.0367655740810323,0.6569,0.0,0.3431,3,0.6568,1.0,0.6569,-0.4836,0.2453,-0.0001,0.3333,2.0,4.0,2.0,6.0,93131000.0,90454500.0,106133500.0,163823700.0,0.5165,0.7455,0.0001,0.3334,0.0319,0.6645,0.0871,0.9998,0.02937917245747561,90285980.0
2025-09-22,UNH,1,8903700,0.0295401696323356,0.2556,0.1364,0.608,13,0.1191,0.652,0.392,0.0,0.7266,0.0959,0.1249,3.0,4.0,6.0,17.0,13656800.0,11255600.0,8467700.0,11035900.0,0.6667,0.7736,0.4549,0.5803,0.5,0.9696,0.6054,0.6076,0.0165933585876256,14431045.0
2025-09-23,AMZN,0,70956200,0.0341921310781072,0.2227,0.2009,0.5764,5,0.0218,0.5257,0.4236,0.9975,-0.007,-0.0021,0.3332,1.0,3.0,2.0,3.0,45914500.0,97943200.0,37931700.0,38203900.0,0.9976,0.0104,0.0024,0.3333,1.0,0.1667,0.062,0.9998,0.012720414149543845,39803370.0
2025-09-23,BRK-B,1,3933200,0.0116653703015261,0.7968,0.0696,0.1336,10,0.7272,0.9197,0.8664,0.229,0.6666,-0.001,-0.3154,10.0,3.0,1.0,6.0,3582900.0,7356300.0,4058900.0,4070000.0,0.3774,0.6666,0.001,0.6493,0.8034,1.0,0.0217,0.2571,0.007390937388919469,4497600.0
2025-09-23,GOOGL,0,26628000,0.0153335638071451,1.0,0.0,0.0,1,1.0,1.0,1.0,0.5207,-0.0004,0.5,0.3331,4.0,2.0,2.0,3.0,32290500.0,55571400.0,31239500.0,34109700.0,0.6369,0.0004,0.5,0.3331,0.9087,0.0274,1.0,1.0,0.010570436091422103,40952615.0
2025-09-23,JPM,1,8584400,0.0183760209471429,0.3744,0.1253,0.5003,8,0.249,0.7492,0.4997,-0.1118,0.2669,0.4769,0.4659,9.0,12.0,13.0,17.0,7520200.0,23568600.0,8050700.0,10525600.0,0.5563,0.4359,0.5992,0.4666,0.3995,0.8061,0.898,0.9992,0.01063838065179732,8405535.0
2025-09-23,META,0,10872600,0.0253883240321336,0.3937,0.1085,0.4978,24,0.2852,0.7839,0.5022,-0.1664,-0.0001,0.3345,0.4112,5.0,3.0,3.0,4.0,11706900.0,23696800.0,10955000.0,11782500.0,0.1675,0.0001,0.3353,0.4113,0.0034,0.0612,0.9987,0.9998,0.01064368392161568,10477215.0
2025-09-23,MSFT,0,19799600,0.0141689946863299,0.3333,0.0001,0.6666,3,0.3333,0.9998,0.3334,0.4999,1.0,0.001,0.4148,2.0,1.0,2.0,3.0,20009300.0,18913700.0,19711900.0,21611800.0,0.5002,1.0,0.001,0.4307,0.9997,1.0,0.9967,0.9816,0.008426129558127481,20460700.0
2025-09-23,TSLA,0,83422700,0.0392152400848398,0.3291,0.0244,0.6466,14,0.3047,0.9311,0.3534,0.6568,-0.4836,0.2453,0.4999,3.0,2.0,4.0,2.0,97108800.0,93131000.0,90454500.0,104285700.0,0.6569,0.5165,0.7455,0.5001,1.0,0.0319,0.6645,0.9999,0.028931583195908023,91267330.0
2025-09-23,UNH,1,12504100,0.0373607646684842,0.5429,0.3883,0.0688,11,0.1547,0.583,0.9312,0.1191,0.0,0.7266,0.1578,13.0,3.0,4.0,13.0,8903700.0,13656800.0,11255600.0,12695800.0,0.392,0.6667,0.7736,0.6194,0.652,0.5,0.9696,0.6274,0.017070232317738243,14129730.0
2025-09-24,AAPL,0,42303700,0.0184155324212495,0.2612,0.193,0.5458,33,0.0682,0.5751,0.4542,0.4828,-0.0001,1.0,0.5,4.0,1.0,1.0,2.0,105517400.0,163741300.0,44249600.0,42699500.0,0.4903,0.0001,1.0,0.5,0.9924,0.0628,1.0,1.0,0.01246845624928828,58514720.0
2025-09-24,AMZN,0,49509000,0.0227972373388125,0.495,0.0892,0.4158,11,0.4059,0.8474,0.5842,0.0218,0.9975,-0.007,0.2503,5.0,1.0,3.0,4.0,70956200.0,45914500.0,97943200.0,42815200.0,0.4236,0.9976,0.0104,0.2506,0.5257,1.0,0.1667,0.9995,0.012840503630531535,41485415.0
2025-09-24,BRK-B,1,2811500,0.0082100515117924,0.5004,0.0001,0.4995,4,0.5003,0.9998,0.5005,0.7272,0.229,0.6666,0.6667,10.0,10.0,3.0,3.0,3933200.0,3582900.0,7356300.0,5060700.0,0.8664,0.3774,0.6666,0.6667,0.9197,0.8034,1.0,1.0,0.007194913946840914,4497505.0
2025-09-24,GOOGL,0,28201000,0.0234840800131451,0.3195,0.2047,0.4758,19,0.1148,0.6095,0.5242,1.0,0.5207,-0.0004,0.5,1.0,4.0,2.0,4.0,26628000.0,32290500.0,55571400.0,34108000.0,1.0,0.6369,0.0004,0.5,1.0,0.9087,0.0274,1.0,0.010786780241012973,40142665.0
2025-09-24,JPM,0,7310500,0.0156343682069111,0.4388,0.1936,0.3676,16,0.2451,0.6938,0.6324,0.249,-0.1118,0.2669,0.5051,8.0,9.0,12.0,10.0,8584400.0,7520200.0,23568600.0,8657800.0,0.4997,0.5563,0.4359,0.5055,0.7492,0.3995,0.8061,0.9996,0.010530739230614499,8407115.0
2025-09-24,META,1,8828200,0.0113266746596534,0.4013,0.2238,0.3749,32,0.1775,0.642,0.6251,0.2852,-0.1664,-0.0001,-0.1059,24.0,5.0,3.0,4.0,10872600.0,11706900.0,23696800.0,9400900.0,0.5022,0.1675,0.0001,0.1074,0.7839,0.0034,0.0612,0.007,0.010143454301422068,10490210.0
2025-09-24,MSFT,0,13533700,0.0108937791210929,0.0,0.0,1.0,1,-0.0,0.3272,0.0,0.3333,0.4999,1.0,0.5,3.0,2.0,1.0,2.0,19799600.0,20009300.0,18913700.0,18881600.0,0.3334,0.5002,1.0,0.5,0.9998,0.9997,1.0,1.0,0.008514285539624225,20674130.0
2025-09-24,TSLA,1,93133600,0.0353162718981894,0.4961,0.1826,0.3213,33,0.3135,0.731,0.6787,0.3047,0.6568,-0.4836,-0.0001,14.0,3.0,2.0,2.0,83422700.0,97108800.0,93131000.0,106133500.0,0.3534,0.6569,0.5165,0.0001,0.9311,1.0,0.0319,0.0871,0.030084709109919398,92651245.0
2025-09-24,UNH,1,9016300,0.0190177139633338,0.4442,0.3303,0.2256,10,0.1139,0.5735,0.7744,0.1547,0.1191,0.0,0.0959,11.0,13.0,3.0,6.0,12504100.0,8903700.0,13656800.0,8467700.0,0.9312,0.392,0.6667,0.4549,0.583,0.652,0.5,0.6054,0.017051447974878984,14309080.0
2025-09-25,AAPL,1,55202100,0.0215631553615379,0.2985,0.3075,0.394,67,-0.009,0.4926,0.606,0.0682,0.4828,-0.0001,0.4488,33.0,4.0,1.0,6.0,42303700.0,105517400.0,163741300.0,63421100.0,0.4542,0.4903,0.0001,0.4511,0.5751,0.9924,0.0628,0.9975,0.012533770200678331,57827970.0
2025-09-25,AMZN,0,52226300,0.0190856902428342,0.2606,0.2469,0.4925,62,0.0137,0.5135,0.5075,0.4059,0.0218,0.9975,-0.0021,11.0,5.0,1.0,2.0,49509000.0,70956200.0,45914500.0,37931700.0,0.5842,0.4236,0.9976,0.0024,0.8474,0.5257,1.0,0.062,0.01316532389857456,42829180.0
2025-09-25,BRK-B,0,4056100,0.0086062462283588,0.4984,0.0088,0.4927,4,0.4896,0.9826,0.5073,0.5003,0.7272,0.229,-0.001,4.0,10.0,10.0,1.0,2811500.0,3933200.0,3582900.0,4058900.0,0.5005,0.8664,0.3774,0.001,0.9998,0.9197,0.8034,0.0217,0.006673339351110581,4227205.0
2025-09-25,GOOGL,1,31020400,0.0235270054975345,0.4371,0.1193,0.4436,48,0.3178,0.7856,0.5564,0.1148,1.0,0.5207,0.5,19.0,1.0,4.0,2.0,28201000.0,26628000.0,32290500.0,31239500.0,0.5242,1.0,0.6369,0.5,0.6095,1.0,0.9087,1.0,0.012109125738419838,40056270.0
2025-09-25,JPM,0,7083200,0.0122564821194501,0.363,0.2724,0.3646,11,0.0906,0.5713,0.6354,0.2451,0.249,-0.1118,0.4769,16.0,8.0,9.0,13.0,7310500.0,8584400.0,7520200.0,8050700.0,0.6324,0.4997,0.5563,0.5992,0.6938,0.7492,0.3995,0.898,0.010443778441186942,8479825.0
2025-09-25,META,0,10591100,0.0162187690494367,0.4252,0.1668,0.408,41,0.2584,0.7183,0.592,0.1775,0.2852,-0.1664,0.3345,32.0,24.0,5.0,3.0,8828200.0,10872600.0,11706900.0,10955000.0,0.6251,0.5022,0.1675,0.3353,0.642,0.7839,0.0034,0.9987,0.010236354237938457,10588560.0
2025-09-25,MSFT,0,15786500,0.0097776929767061,0.4623,0.1342,0.4035,47,0.3281,0.775,0.5965,-0.0,0.3333,0.4999,0.001,1.0,3.0,2.0,2.0,13533700.0,19799600.0,20009300.0,19711900.0,0.0,0.3334,0.5002,0.001,0.3272,0.9998,0.9997,0.9967,0.008523409187675099,20341095.0
2025-09-25,TSLA,0,96746400,0.0373817201918616,0.2688,0.3782,0.353,56,-0.1094,0.4154,0.647,0.3135,0.3047,0.6568,0.2453,33.0,14.0,3.0,4.0,93133600.0,83422700.0,97108800.0,90454500.0,0.6787,0.3534,0.6569,0.7455,0.731,0.9311,1.0,0.6645,0.02819782556112746,92607110.0
2025-09-25,UNH,0,8104900,0.0188879233395624,0.2419,0.2914,0.4667,8,-0.0495,0.4535,0.5333,0.1139,0.1547,0.1191,0.7266,10.0,11.0,13.0,4.0,9016300.0,12504100.0,8903700.0,11255600.0,0.7744,0.9312,0.392,0.7736,0.5735,0.583,0.652,0.9696,0.016539656662794305,13944735.0
2025-09-26,AAPL,1,46076300,0.0150334798601402,0.567,0.1864,0.2466,54,0.3806,0.7526,0.7534,-0.009,0.0682,0.4828,1.0,67.0,33.0,4.0,1.0,55202100.0,42303700.0,105517400.0,44249600.0,0.606,0.4542,0.4903,1.0,0.4926,0.5751,0.9924,1.0,0.012671780852118756,58714265.0
2025-09-26,AMZN,1,41650100,0.0138305584899232,0.3899,0.2057,0.4044,44,0.1842,0.6546,0.5956,0.0137,0.4059,0.0218,-0.007,62.0,11.0,5.0,3.0,52226300.0,49509000.0,70956200.0,97943200.0,0.5075,0.5842,0.4236,0.0104,0.5135,0.8474,0.5257,0.1667,0.012937467630256095,44135225.0
2025-09-26,BRK-B,1,3707600,0.0109671432773694,0.2254,0.0014,0.7731,5,0.224,0.9936,0.2269,0.4896,0.5003,0.7272,0.6666,4.0,4.0,10.0,3.0,4056100.0,2811500.0,3933200.0,7356300.0,0.5073,0.5005,0.8664,0.6666,0.9826,0.9998,0.9197,1.0,0.006448209292191864,4210715.0
2025-09-26,GOOGL,0,18503200,0.0139636412594381,0.4173,0.1007,0.482,46,0.3166,0.8057,0.518,0.3178,0.1148,1.0,-0.0004,48.0,19.0,1.0,2.0,31020400.0,28201000.0,26628000.0,55571400.0,0.5564,0.5242,1.0,0.0004,0.7856,0.6095,1.0,0.0274,0.01198380355395853,40184085.0
2025-09-26,JPM,1,7258100,0.013051716199504,0.5247,0.1286,0.3467,14,0.3961,0.8032,0.6533,0.0906,0.2451,0.249,0.2669,11.0,16.0,8.0,12.0,7083200.0,7310500.0,8584400.0,23568600.0,0.6354,0.6324,0.4997,0.4359,0.5713,0.6938,0.7492,0.8061,0.010165983242375186,8498250.0
2025-09-26,META,0,9696300,0.0194400227864582,0.3269,0.1769,0.4962,37,0.15,0.6489,0.5038,0.2584,0.1775,0.2852,-0.0001,41.0,32.0,24.0,3.0,10591100.0,8828200.0,10872600.0,23696800.0,0.592,0.6251,0.5022,0.0001,0.7183,0.642,0.7839,0.0612,0.010176184799037804,10738025.0
2025-09-26,MSFT,1,16213100,0.0143512672220053,0.4674,0.1222,0.4103,43,0.3452,0.7927,0.5897,0.3281,-0.0,0.3333,1.0,47.0,1.0,3.0,1.0,15786500.0,13533700.0,19799600.0,18913700.0,0.5965,0.0,0.3334,1.0,0.775,0.3272,0.9998,1.0,0.008493382454992789,20116965.0
2025-09-26,TSLA,1,101628200,0.0454121241218269,0.6244,0.131,0.2446,50,0.4934,0.8266,0.7554,-0.1094,0.3135,0.3047,-0.4836,56.0,33.0,14.0,2.0,96746400.0,93133600.0,83422700.0,93131000.0,0.647,0.6787,0.3534,0.5165,0.4154,0.731,0.9311,0.0319,0.028668266758045995,93110930.0
2025-09-26,UNH,0,6774700,0.0249188446246237,0.4629,0.178,0.3591,7,0.2849,0.7222,0.6409,-0.0495,0.1139,0.1547,0.0,8.0,10.0,11.0,3.0,8104900.0,9016300.0,12504100.0,13656800.0,0.5333,0.7744,0.9312,0.6667,0.4535,0.5735,0.583,0.5,0.01683227181642193,13850840.0
2025-09-29,AAPL,0,40127700,0.0078174320877181,0.4428,0.2403,0.317,44,0.2025,0.6482,0.683,0.3806,-0.009,0.0682,-0.0001,54.0,67.0,33.0,1.0,46076300.0,55202100.0,42303700.0,163741300.0,0.7534,0.606,0.4542,0.0001,0.7526,0.4926,0.5751,0.0628,0.01267208990229682,59468925.0
2025-09-29,AMZN,1,44259200,0.0149945611791254,0.4393,0.1826,0.3781,49,0.2566,0.7063,0.6219,0.1842,0.0137,0.4059,0.9975,44.0,62.0,11.0,1.0,41650100.0,52226300.0,49509000.0,45914500.0,0.5956,0.5075,0.5842,0.9976,0.6546,0.5135,0.8474,1.0,0.012961788124097998,45155005.0
2025-09-29,BRK-B,0,5161900,0.0104600219726562,0.5037,0.3,0.1963,10,0.2036,0.6267,0.8037,0.224,0.4896,0.5003,0.229,5.0,4.0,4.0,10.0,3707600.0,4056100.0,2811500.0,3582900.0,0.2269,0.5073,0.5005,0.3774,0.9936,0.9826,0.9998,0.8034,0.006531189793641594,4169575.0
2025-09-29,GOOGL,0,32505800,0.033810729948191,0.4639,0.1289,0.4072,50,0.335,0.7825,0.5928,0.3166,0.3178,0.1148,0.5207,46.0,48.0,19.0,4.0,18503200.0,31020400.0,28201000.0,32290500.0,0.518,0.5564,0.5242,0.6369,0.8057,0.7856,0.6095,0.9087,0.01209965513500632,39958100.0
2025-09-29,JPM,0,6462400,0.0137198200246366,0.3859,0.099,0.5151,10,0.2869,0.7958,0.4849,0.3961,0.0906,0.2451,-0.1118,14.0,11.0,16.0,9.0,7258100.0,7083200.0,7310500.0,7520200.0,0.6533,0.6354,0.6324,0.5563,0.8032,0.5713,0.6938,0.3995,0.010125026719907108,8558330.0
2025-09-29,META,0,9246800,0.0155331837507828,0.2273,0.1169,0.6558,33,0.1104,0.6604,0.3442,0.15,0.2584,0.1775,-0.1664,37.0,41.0,32.0,5.0,9696300.0,10591100.0,8828200.0,11706900.0,0.5038,0.592,0.6251,0.1675,0.6489,0.7183,0.642,0.0034,0.010224270993894552,10807070.0
2025-09-29,MSFT,1,17617800,0.0155815654020038,0.5058,0.1882,0.306,51,0.3175,0.7288,0.694,0.3452,0.3281,-0.0,0.4999,43.0,47.0,1.0,2.0,16213100.0,15786500.0,13533700.0,20009300.0,0.5897,0.5965,0.0,0.5002,0.7927,0.775,0.3272,0.9997,0.008595444859033864,19666955.0
2025-09-29,TSLA,0,79491500,0.0258355144112538,0.5096,0.1864,0.304,39,0.3231,0.7321,0.696,0.4934,-0.1094,0.3135,0.6568,50.0,56.0,33.0,3.0,101628200.0,96746400.0,93133600.0,97108800.0,0.7554,0.647,0.6787,0.6569,0.8266,0.4154,0.731,1.0,0.029019406170616498,94359760.0
2025-09-29,UNH,1,6878900,0.0119192262776584,0.5686,0.0001,0.4313,5,0.5685,0.9998,0.5687,0.2849,-0.0495,0.1139,0.1191,7.0,8.0,10.0,13.0,6774700.0,8104900.0,9016300.0,8903700.0,0.6409,0.5333,0.7744,0.392,0.7222,0.4535,0.5735,0.652,0.017024542106149836,13627825.0
2025-09-30,AAPL,0,37704300,0.0110256515414901,0.3524,0.3364,0.3112,33,0.016,0.5116,0.6888,0.2025,0.3806,-0.009,0.4828,44.0,54.0,67.0,4.0,40127700.0,46076300.0,55202100.0,105517400.0,0.683,0.7534,0.606,0.4903,0.6482,0.7526,0.4926,0.9924,0.012615845106778182,58746555.0
2025-09-30,AMZN,0,48396400,0.0195919746314986,0.4945,0.1963,0.3092,54,0.2981,0.7158,0.6908,0.2566,0.1842,0.0137,0.0218,49.0,44.0,62.0,5.0,44259200.0,41650100.0,52226300.0,70956200.0,0.6219,0.5956,0.5075,0.4236,0.7063,0.6546,0.5135,0.5257,0.012849305103646751,45683985.0
2025-09-30,BRK-B,1,3873500,0.0136243038737282,0.0,0.1687,0.8313,6,-0.1687,0.0,0.1687,0.2036,0.224,0.4896,0.7272,10.0,5.0,4.0,10.0,5161900.0,3707600.0,4056100.0,3933200.0,0.8037,0.2269,0.5073,0.8664,0.6267,0.9936,0.9826,0.9197,0.006506435374636999,4194490.0
2025-09-30,GOOGL,1,34724300,0.0166384964653604,0.5659,0.1263,0.3078,58,0.4396,0.8175,0.6922,0.335,0.3166,0.3178,1.0,50.0,46.0,48.0,1.0,32505800.0,18503200.0,31020400.0,26628000.0,0.5928,0.518,0.5564,1.0,0.7825,0.8057,0.7856,1.0,0.012351281189361367,39966425.0
2025-09-30,JPM,0,11823300,0.0230830618515316,0.4608,0.2047,0.3345,10,0.2561,0.6924,0.6655,0.2869,0.3961,0.0906,0.249,10.0,14.0,11.0,8.0,6462400.0,7258100.0,7083200.0,8584400.0,0.4849,0.6533,0.6354,0.4997,0.7958,0.8032,0.5713,0.7492,0.010241560401274058,8560925.0
2025-09-30,META,0,16226800,0.022458717292228,0.5636,0.1786,0.2578,60,0.385,0.7593,0.7422,0.1104,0.15,0.2584,0.2852,33.0,37.0,41.0,24.0,9246800.0,9696300.0,10591100.0,10872600.0,0.3442,0.5038,0.592,0.5022,0.6604,0.6489,0.7183,0.7839,0.009881702598967096,10896010.0
2025-09-30,MSFT,1,19728200,0.0165613935861473,0.612,0.1375,0.2504,59,0.4745,0.8165,0.7496,0.3175,0.3452,0.3281,0.3333,51.0,43.0,47.0,3.0,17617800.0,16213100.0,15786500.0,19799600.0,0.694,0.5897,0.5965,0.3334,0.7288,0.7927,0.775,0.9998,0.008722725259334143,19359815.0
2025-09-30,TSLA,1,74358000,0.0269070601069539,0.5031,0.2034,0.2935,27,0.2998,0.7121,0.7065,0.3231,0.4934,-0.1094,0.3047,39.0,50.0,56.0,14.0,79491500.0,101628200.0,96746400.0,83422700.0,0.696,0.7554,0.647,0.3534,0.7321,0.8266,0.4154,0.9311,0.028969510797869667,95058385.0
2025-09-30,UNH,1,7429700,0.0203346058238635,0.3649,0.3769,0.2582,7,-0.012,0.4919,0.7418,0.5685,0.2849,-0.0495,0.1547,5.0,7.0,8.0,11.0,6878900.0,6774700.0,8104900.0,12504100.0,0.5687,0.6409,0.5333,0.9312,0.9998,0.7222,0.4535,0.583,0.016324007769796454,13368500.0
2025-10-01,AAPL,1,48713900,0.0151349434235988,1.0,0.0,0.0,2,1.0,1.0,1.0,0.016,0.2025,0.3806,0.0682,33.0,44.0,54.0,33.0,37704300.0,40127700.0,46076300.0,42303700.0,0.6888,0.683,0.7534,0.4542,0.5116,0.6482,0.7526,0.5751,0.012606414963652559,59068795.0
2025-10-01,AMZN,1,43933800,0.0254876392647055,0.9091,0.0879,0.0031,2,0.8212,0.9118,0.9969,0.2981,0.2566,0.1842,0.4059,54.0,49.0,44.0,11.0,48396400.0,44259200.0,41650100.0,49509000.0,0.6908,0.6219,0.5956,0.5842,0.7158,0.7063,0.6546,0.8474,0.012873685311473258,46793845.0
2025-10-01,BRK-B,0,4481100,0.0138706491954291,0.4033,0.1018,0.4949,10,0.3015,0.7984,0.5051,-0.1687,0.2036,0.224,0.5003,6.0,10.0,5.0,4.0,3873500.0,5161900.0,3707600.0,2811500.0,0.1687,0.8037,0.2269,0.5005,0.0,0.6267,0.9936,0.9998,0.006630032892819929,4139275.0
2025-10-01,JPM,0,9235200,0.0228684035030916,0.0,0.0,1.0,1,-0.0,0.1114,0.0,0.2561,0.2869,0.3961,0.2451,10.0,10.0,14.0,16.0,11823300.0,6462400.0,7258100.0,7310500.0,0.6655,0.4849,0.6533,0.6324,0.6924,0.7958,0.8032,0.6938,0.010254284686077796,8812270.0
2025-10-01,META,0,20419600,0.016147089407466,0.5005,0.4995,0.0,2,0.001,0.5005,1.0,0.385,0.1104,0.15,0.1775,60.0,33.0,37.0,32.0,16226800.0,9246800.0,9696300.0,8828200.0,0.7422,0.3442,0.5038,0.6251,0.7593,0.6604,0.6489,0.642,0.00994342951878113,11253825.0
2025-10-01,MSFT,1,22632300,0.0171328817664341,1.0,0.0,0.0,1,1.0,1.0,1.0,0.4745,0.3175,0.3452,-0.0,59.0,51.0,43.0,1.0,19728200.0,17617800.0,16213100.0,13533700.0,0.7496,0.694,0.5897,0.0,0.8165,0.7288,0.7927,0.3272,0.009070092073662314,19264295.0
2025-10-01,TSLA,1,98122300,0.0485353968846214,0.8444,0.0629,0.0927,2,0.7814,0.9306,0.9073,0.2998,0.3231,0.4934,0.3135,27.0,39.0,50.0,33.0,74358000.0,79491500.0,101628200.0,93133600.0,0.7065,0.696,0.7554,0.6787,0.7121,0.7321,0.8266,0.731,0.02873019311259709,95381125.0
2025-10-01,UNH,1,8825500,0.0205583234943205,0.6583,0.0006,0.341,3,0.6577,0.999,0.659,-0.012,0.5685,0.2849,0.1139,7.0,5.0,7.0,10.0,7429700.0,6878900.0,6774700.0,9016300.0,0.7418,0.5687,0.6409,0.7744,0.4919,0.9998,0.7222,0.5735,0.016319746381392417,13192130.0
2025-10-02,AMZN,1,41258600,0.0174652762603102,0.0961,0.3369,0.567,3,-0.2408,0.2219,0.433,0.8212,0.2981,0.2566,0.0137,2.0,54.0,49.0,62.0,43933800.0,48396400.0,44259200.0,52226300.0,0.9969,0.6908,0.6219,0.5075,0.9118,0.7158,0.7063,0.5135,0.01332644602832727,47048340.0
2025-10-02,BRK-B,0,3461400,0.0128581460091983,0.2507,0.0782,0.6711,13,0.1726,0.7624,0.3289,0.3015,-0.1687,0.2036,0.4896,10.0,6.0,10.0,4.0,4481100.0,3873500.0,5161900.0,4056100.0,0.5051,0.1687,0.8037,0.5073,0.7984,0.0,0.6267,0.9826,0.006971369644011825,4203020.0
2025-10-02,GOOGL,1,25483300,0.0183968779078994,0.0,0.0,1.0,2,-0.0,0.2875,0.0,0.4396,0.335,0.3166,0.1148,58.0,50.0,46.0,19.0,34724300.0,32505800.0,18503200.0,28201000.0,0.6922,0.5928,0.518,0.5242,0.8175,0.7825,0.8057,0.6095,0.012222753097899566,39716220.0
2025-10-02,MSFT,0,21222900,0.0210957086027685,0.5304,0.0239,0.4457,3,0.5065,0.9569,0.5543,1.0,0.4745,0.3175,0.3281,1.0,59.0,51.0,47.0,22632300.0,19728200.0,17617800.0,15786500.0,1.0,0.7496,0.694,0.5965,1.0,0.8165,0.7288,0.775,0.009373278822543027,18854125.0
2025-10-02,TSLA,0,137009000,0.0747651465059694,0.6584,0.3309,0.0106,3,0.3275,0.6655,0.9894,0.7814,0.2998,0.3231,-0.1094,2.0,27.0,39.0,56.0,98122300.0,74358000.0,79491500.0,96746400.0,0.9073,0.7065,0.696,0.647,0.9306,0.7121,0.7321,0.4154,0.027805880019047116,96229955.0
2025-10-03,AMZN,0,43639000,0.0217508080793455,1.0,0.0,0.0,1,1.0,1.0,1.0,-0.2408,0.8212,0.2981,0.1842,3.0,2.0,54.0,44.0,41258600.0,43933800.0,48396400.0,41650100.0,0.433,0.9969,0.6908,0.5956,0.2219,0.9118,0.7158,0.6546,0.012374126823386478,46141680.0
2025-10-03,BRK-B,1,4678800,0.0151240171250447,0.3106,0.169,0.5204,15,0.1416,0.6476,0.4796,0.1726,0.3015,-0.1687,0.224,13.0,10.0,6.0,5.0,3461400.0,4481100.0,3873500.0,3707600.0,0.3289,0.5051,0.1687,0.2269,0.7624,0.7984,0.0,0.9936,0.006794728468133994,4227255.0
2025-10-03,GOOGL,1,30249600,0.0189782783974707,0.0,0.0001,0.9998,1,-0.0001,0.2562,0.0002,-0.0,0.4396,0.335,0.3178,2.0,58.0,50.0,48.0,25483300.0,34724300.0,32505800.0,31020400.0,0.0,0.6922,0.5928,0.5564,0.2875,0.8175,0.7825,0.7856,0.011952791159779357,38614235.0
2025-10-03,META,0,16154300,0.0285350207432364,1.0,0.0,0.0,1,1.0,1.0,1.0,0.001,0.385,0.1104,0.2584,2.0,60.0,33.0,41.0,20419600.0,16226800.0,9246800.0,10591100.0,1.0,0.7422,0.3442,0.592,0.5005,0.7593,0.6604,0.7183,0.00989682591959859,11889840.0
2025-10-03,MSFT,1,15112300,0.0106168835690895,0.0005,0.0,0.9994,2,0.0005,0.9592,0.0006,0.5065,1.0,0.4745,0.3452,3.0,1.0,59.0,43.0,21222900.0,22632300.0,19728200.0,16213100.0,0.5543,1.0,0.7496,0.5897,0.9569,1.0,0.8165,0.7927,0.009062663600365915,19051375.0
2025-10-03,TSLA,0,133188200,0.0681044053767498,0.0023,0.3325,0.6652,3,-0.3302,0.0068,0.3348,0.3275,0.7814,0.2998,0.4934,3.0,2.0,27.0,50.0,137009000.0,98122300.0,74358000.0,101628200.0,0.9894,0.9073,0.7065,0.7554,0.6655,0.9306,0.7121,0.8266,0.03310901903025525,100044855.0
2025-10-03,UNH,1,13494800,0.0318824762727433,0.2794,0.0006,0.72,1,0.2788,0.9978,0.28,0.6577,-0.012,0.5685,-0.0495,3.0,7.0,5.0,8.0,8825500.0,7429700.0,6878900.0,8104900.0,0.659,0.7418,0.5687,0.5333,0.999,0.4919,0.9998,0.4535,0.016411660529414437,13150675.0
2025-10-06,AAPL,0,44664100,0.0155820164526884,0.0,1.0,0.0,1,-1.0,0.0,1.0,1.0,0.016,0.2025,-0.009,2.0,33.0,44.0,67.0,48713900.0,37704300.0,40127700.0,55202100.0,1.0,0.6888,0.683,0.606,1.0,0.5116,0.6482,0.4926,0.012568316042291793,59600755.0
2025-10-06,AMZN,0,43690900,0.0257918413947609,0.4228,0.0009,0.5763,2,0.4219,0.9979,0.4237,1.0,-0.2408,0.8212,0.2566,1.0,3.0,2.0,49.0,43639000.0,41258600.0,43933800.0,44259200.0,1.0,0.433,0.9969,0.6219,1.0,0.2219,0.9118,0.7063,0.012592060614974856,46487540.0
2025-10-06,BRK-B,1,3519500,0.0139139383524149,1.0,0.0,0.0,2,1.0,1.0,1.0,0.1416,0.1726,0.3015,0.2036,15.0,13.0,10.0,10.0,4678800.0,3461400.0,4481100.0,5161900.0,0.4796,0.3289,0.5051,0.8037,0.6476,0.7624,0.7984,0.6267,0.0061903823825472,4250050.0
2025-10-06,GOOGL,1,28894700,0.0275349519028354,0.0631,0.0069,0.93,2,0.0562,0.9011,0.07,-0.0001,-0.0,0.4396,0.3166,1.0,2.0,58.0,46.0,30249600.0,25483300.0,34724300.0,18503200.0,0.0002,0.0,0.6922,0.518,0.2562,0.2875,0.8175,0.8057,0.011257986510314823,34959910.0
2025-10-06,JPM,0,7214500,0.0213424310835775,0.0,0.0,1.0,1,0.0,0.5233,0.0,-0.0,0.2561,0.2869,0.0906,1.0,10.0,10.0,11.0,9235200.0,11823300.0,6462400.0,7083200.0,0.0,0.6655,0.4849,0.6354,0.1114,0.6924,0.7958,0.5713,0.010605091211772869,8912935.0
2025-10-06,META,1,21654700,0.0373941704021513,0.0026,0.0029,0.9944,1,-0.0003,0.4727,0.0056,1.0,0.001,0.385,0.15,1.0,2.0,60.0,37.0,16154300.0,20419600.0,16226800.0,9696300.0,1.0,1.0,0.7422,0.5038,1.0,0.5005,0.7593,0.6489,0.011056105539465308,12125600.0
2025-10-06,MSFT,1,21388600,0.0247392403776151,0.281,0.0043,0.7147,4,0.2767,0.9849,0.2853,0.0005,0.5065,1.0,0.3175,2.0,3.0,1.0,51.0,15112300.0,21222900.0,22632300.0,17617800.0,0.0006,0.5543,1.0,0.694,0.9592,0.9569,1.0,0.7288,0.008944146965977838,18906210.0
2025-10-06,UNH,0,7181700,0.0149849144957524,0.0,0.0,0.9999,2,-0.0,0.1492,0.0001,0.2788,0.6577,-0.012,0.2849,1.0,3.0,7.0,7.0,13494800.0,8825500.0,7429700.0,6774700.0,0.28,0.659,0.7418,0.6409,0.9978,0.999,0.4919,0.7222,0.016282430487377642,13439130.0
2025-10-07,AAPL,0,31955800,0.0076710456735767,0.0,0.502,0.4979,2,-0.502,0.0001,0.5021,-1.0,1.0,0.016,0.3806,1.0,2.0,33.0,54.0,44664100.0,48713900.0,37704300.0,46076300.0,1.0,1.0,0.6888,0.7534,0.0,1.0,0.5116,0.7526,0.012656324271682054,59863040.0
2025-10-07,AMZN,1,31194700,0.0123143841025638,0.998,0.0,0.002,1,0.998,1.0,0.998,0.4219,1.0,-0.2408,0.2981,2.0,1.0,3.0,54.0,43690900.0,43639000.0,41258600.0,48396400.0,0.4237,1.0,0.433,0.6908,0.9979,1.0,0.2219,0.7158,0.012460970373627294,46974730.0
2025-10-07,BRK-B,1,3057400,0.0116962693151843,0.4318,0.1792,0.389,7,0.2527,0.7068,0.611,1.0,0.1416,0.1726,-0.1687,2.0,15.0,13.0,6.0,3519500.0,4678800.0,3461400.0,3873500.0,1.0,0.4796,0.3289,0.1687,1.0,0.6476,0.7624,0.0,0.005540744805897416,4168710.0
2025-10-07,GOOGL,0,23181300,0.0198171268549458,0.0407,0.0518,0.9075,2,-0.0111,0.4401,0.0925,0.0562,-0.0001,-0.0,0.335,2.0,1.0,2.0,50.0,28894700.0,30249600.0,25483300.0,32505800.0,0.07,0.0002,0.0,0.5928,0.9011,0.2562,0.2875,0.7825,0.012056124714646906,33820435.0
2025-10-07,JPM,0,8454200,0.0171650152055174,1.0,0.0,0.0,1,1.0,1.0,1.0,0.0,-0.0,0.2561,0.3961,1.0,1.0,10.0,14.0,7214500.0,9235200.0,11823300.0,7258100.0,0.0,0.0,0.6655,0.6533,0.5233,0.1114,0.6924,0.8032,0.010338042369066134,8943370.0
2025-10-07,META,0,12062900,0.0177645885867008,1.0,0.0,0.0,2,1.0,1.0,1.0,-0.0003,1.0,0.001,0.1104,1.0,1.0,2.0,33.0,21654700.0,16154300.0,20419600.0,9246800.0,0.0056,1.0,1.0,0.3442,0.4727,1.0,0.5005,0.6604,0.011873421035699218,12725165.0
2025-10-07,MSFT,0,14615200,0.0158246146988798,0.0028,0.0012,0.996,2,0.0016,0.6987,0.004,0.2767,0.0005,0.5065,0.4745,4.0,2.0,3.0,59.0,21388600.0,15112300.0,21222900.0,19728200.0,0.2853,0.0006,0.5543,0.7496,0.9849,0.9592,0.9569,0.8165,0.01008146031299873,18927560.0
2025-10-07,UNH,1,7236200,0.0185303792166303,0.5146,0.4417,0.0437,4,0.0728,0.5381,0.9563,-0.0,0.2788,0.6577,0.5685,2.0,1.0,3.0,5.0,7181700.0,13494800.0,8825500.0,6878900.0,0.0001,0.28,0.659,0.5687,0.1492,0.9978,0.999,0.9998,0.01617930787022715,13091880.0
2025-10-08,AAPL,1,36496900,0.0093949936274984,0.3338,0.0001,0.6661,3,0.3337,0.9997,0.3339,-0.502,-1.0,1.0,0.2025,2.0,1.0,2.0,44.0,31955800.0,44664100.0,48713900.0,40127700.0,0.5021,1.0,1.0,0.683,0.0001,0.0,1.0,0.6482,0.012687490696811896,59257050.0
2025-10-08,AMZN,1,46686000,0.0248519349167326,0.0001,0.0002,0.9997,3,-0.0,0.4307,0.0003,0.998,0.4219,1.0,0.8212,1.0,2.0,1.0,2.0,31194700.0,43690900.0,43639000.0,43933800.0,0.998,0.4237,1.0,0.9969,1.0,0.9979,1.0,0.9118,0.012265874366488566,47182775.0
2025-10-08,BRK-B,0,2944600,0.0098267440977402,0.9999,0.0,0.0001,1,0.9999,1.0,0.9999,0.2527,1.0,0.1416,0.3015,7.0,2.0,15.0,10.0,3057400.0,3519500.0,4678800.0,4481100.0,0.611,1.0,0.4796,0.5051,0.7068,1.0,0.6476,0.7984,0.005556598364287643,4134145.0
2025-10-08,GOOGL,0,21307100,0.0089401825710074,0.0,0.0132,0.9867,1,-0.0132,0.0032,0.0133,-0.0111,0.0562,-0.0001,0.4396,2.0,2.0,1.0,58.0,23181300.0,28894700.0,30249600.0,34724300.0,0.0925,0.07,0.0002,0.6922,0.4401,0.9011,0.2562,0.8175,0.01212903712921505,32650055.0
2025-10-08,JPM,0,6489900,0.0169689858581058,0.0,0.049,0.951,1,-0.049,0.0001,0.049,1.0,0.0,-0.0,0.2869,1.0,1.0,1.0,10.0,8454200.0,7214500.0,9235200.0,6462400.0,1.0,0.0,0.0,0.4849,1.0,0.5233,0.1114,0.7958,0.00741312157104144,8874195.0
2025-10-08,META,1,10790600,0.0165954539952169,1.0,0.0,0.0,2,1.0,1.0,1.0,1.0,-0.0003,1.0,0.385,2.0,1.0,1.0,60.0,12062900.0,21654700.0,16154300.0,16226800.0,1.0,0.0056,1.0,0.7422,1.0,0.4727,1.0,0.7593,0.011883970929434174,12673920.0
2025-10-08,UNH,1,9438300,0.0240645825255442,0.6297,0.0956,0.2747,11,0.5341,0.8682,0.7253,0.0728,-0.0,0.2788,-0.012,4.0,2.0,1.0,7.0,7236200.0,7181700.0,13494800.0,7429700.0,0.9563,0.0001,0.28,0.7418,0.5381,0.1492,0.9978,0.4919,0.01629915571977301,12531760.0
2025-10-09,AAPL,0,38322000,0.018851094435339,0.0001,0.9873,0.0126,1,-0.9871,0.0001,0.9874,0.3337,-0.502,-1.0,0.016,3.0,2.0,1.0,33.0,36496900.0,31955800.0,44664100.0,37704300.0,0.3339,0.5021,1.0,0.6888,0.9997,0.0001,0.0,0.5116,0.01269635769987402,57760505.0
2025-10-09,AMZN,1,46412100,0.0287111409505208,0.6176,0.2813,0.1011,2,0.3363,0.6871,0.8989,-0.0,0.998,0.4219,-0.2408,3.0,1.0,2.0,3.0,46686000.0,31194700.0,43690900.0,41258600.0,0.0003,0.998,0.4237,0.433,0.4307,1.0,0.9979,0.2219,0.01134379565530788,46471690.0
2025-10-09,BRK-B,0,3172200,0.0134205194360492,0.4286,0.1432,0.4282,7,0.2854,0.7495,0.5718,0.9999,0.2527,1.0,0.1726,1.0,7.0,2.0,13.0,2944600.0,3057400.0,3519500.0,3461400.0,0.9999,0.611,1.0,0.3289,1.0,0.7068,1.0,0.7624,0.005811332761787637,4003295.0
2025-10-09,GOOGL,0,27892100,0.0229476033146782,0.4911,0.0,0.5089,2,0.4911,1.0,0.4911,-0.0132,-0.0111,0.0562,-0.0,1.0,2.0,2.0,2.0,21307100.0,23181300.0,28894700.0,25483300.0,0.0133,0.0925,0.07,0.0,0.0032,0.4401,0.9011,0.2875,0.012026480609106301,32091675.0
2025-10-09,JPM,1,7060300,0.0152433833226055,0.0,0.9672,0.0328,3,-0.9672,0.0,0.9672,-0.049,1.0,0.0,0.2561,1.0,1.0,1.0,10.0,6489900.0,8454200.0,7214500.0,11823300.0,0.049,1.0,0.0,0.6655,0.0001,1.0,0.5233,0.6924,0.007986572731718792,8789265.0
2025-10-09,META,1,12717200,0.0293339734711046,0.4008,0.1995,0.3997,5,0.2013,0.6676,0.6003,1.0,1.0,-0.0003,0.001,2.0,2.0,1.0,2.0,10790600.0,12062900.0,21654700.0,20419600.0,1.0,1.0,0.0056,1.0,1.0,1.0,0.4727,0.5005,0.011615000482564593,12663500.0
2025-10-09,MSFT,1,18343600,0.0132672058802391,0.3375,0.0,0.6625,3,0.3375,0.9999,0.3375,0.0016,0.2767,0.0005,1.0,2.0,4.0,2.0,1.0,14615200.0,21388600.0,15112300.0,22632300.0,0.004,0.2853,0.0006,1.0,0.6987,0.9849,0.9592,1.0,0.009928459802344752,18751920.0
2025-10-09,TSLA,1,69339900,0.0235520564258225,0.665,0.0017,0.3333,3,0.6633,0.9974,0.6667,-0.3302,0.3275,0.7814,0.3231,3.0,3.0,2.0,39.0,133188200.0,137009000.0,98122300.0,79491500.0,0.3348,0.9894,0.9073,0.696,0.0068,0.6655,0.9306,0.7321,0.033901398307070243,101254775.0
2025-10-09,UNH,0,8759800,0.0272200551580747,0.9998,0.0,0.0002,5,0.9998,1.0,0.9998,0.5341,0.0728,-0.0,0.6577,11.0,4.0,2.0,3.0,9438300.0,7236200.0,7181700.0,8825500.0,0.7253,0.9563,0.0001,0.659,0.8682,0.5381,0.1492,0.999,0.012870284574820102,10683230.0
2025-10-10,BRK-B,0,4763800,0.0179587585234414,0.6251,0.0003,0.3747,8,0.6248,0.9995,0.6253,0.2854,0.9999,0.2527,0.1416,7.0,1.0,7.0,15.0,3172200.0,2944600.0,3057400.0,4678800.0,0.5718,0.9999,0.611,0.4796,0.7495,1.0,0.7068,0.6476,0.0051150868697105506,3978455.0
2025-10-10,GOOGL,0,33180300,0.0341713964721814,0.6573,0.0052,0.3375,3,0.6521,0.9921,0.6625,0.4911,-0.0132,-0.0111,-0.0001,2.0,1.0,2.0,1.0,27892100.0,21307100.0,23181300.0,30249600.0,0.4911,0.0133,0.0925,0.0002,1.0,0.0032,0.4401,0.2562,0.01120683442933283,31583230.0
2025-10-10,JPM,0,8597400,0.0316037543230156,0.0028,0.0004,0.9968,2,0.0024,0.8719,0.0032,-0.9672,-0.049,1.0,-0.0,3.0,1.0,1.0,1.0,7060300.0,6489900.0,8454200.0,9235200.0,0.9672,0.049,1.0,0.0,0.0,0.0001,1.0,0.1114,0.007043613520784994,8749870.0
2025-10-10,MSFT,0,24133800,0.0268455311634709,0.0,0.0017,0.9983,1,-0.0017,0.0026,0.0017,0.3375,0.0016,0.2767,0.5065,3.0,2.0,4.0,3.0,18343600.0,14615200.0,21388600.0,21222900.0,0.3375,0.004,0.2853,0.5543,0.9999,0.6987,0.9849,0.9569,0.009877483896150323,18851845.0
2025-10-10,TSLA,0,112107900,0.0725706511560696,0.0002,0.0001,0.9997,3,0.0001,0.7118,0.0003,0.6633,-0.3302,0.3275,0.2998,3.0,3.0,3.0,27.0,69339900.0,133188200.0,137009000.0,74358000.0,0.6667,0.3348,0.9894,0.7065,0.9974,0.0068,0.6655,0.7121,0.03344686439956997,100961355.0
2025-10-10,UNH,0,13141900,0.0457227515157795,0.1001,0.8844,0.0155,10,-0.7843,0.1017,0.9845,0.9998,0.5341,0.0728,0.2788,5.0,11.0,4.0,1.0,8759800.0,9438300.0,7236200.0,13494800.0,0.9998,0.7253,0.9563,0.28,1.0,0.8682,0.5381,0.9978,0.013252890654499845,10231005.0
2025-10-13,AAPL,0,38142900,0.0165610907127589,0.9796,0.0003,0.0201,1,0.9794,0.9997,0.9799,-0.9871,0.3337,-0.502,1.0,1.0,3.0,2.0,2.0,38322000.0,36496900.0,31955800.0,48713900.0,0.9874,0.3339,0.5021,1.0,0.0001,0.9997,0.0001,1.0,0.0132376345309553,57299135.0
2025-10-13,AMZN,1,37809700,0.0167202546654782,0.2675,0.0018,0.7307,2,0.2657,0.9935,0.2693,0.3363,-0.0,0.998,1.0,2.0,3.0,1.0,1.0,46412100.0,46686000.0,31194700.0,43639000.0,0.8989,0.0003,0.998,1.0,0.6871,0.4307,1.0,1.0,0.011869658427016027,46918015.0
2025-10-13,BRK-B,1,3183500,0.0122502930318956,0.3331,0.3328,0.3341,6,0.0003,0.5002,0.6659,0.6248,0.2854,0.9999,1.0,8.0,7.0,1.0,2.0,4763800.0,3172200.0,2944600.0,3519500.0,0.6253,0.5718,0.9999,1.0,0.9995,0.7495,1.0,1.0,0.006308599990958249,4069060.0
2025-10-13,GOOGL,1,24995000,0.0199408565515697,0.0359,0.0006,0.9636,2,0.0353,0.9837,0.0364,0.6521,0.4911,-0.0132,0.0562,3.0,2.0,1.0,2.0,33180300.0,27892100.0,21307100.0,28894700.0,0.6625,0.4911,0.0133,0.07,0.9921,1.0,0.0032,0.9011,0.012023871295698128,31712280.0
2025-10-13,JPM,1,10788700,0.0131216595810164,0.0,0.0001,0.9999,1,-0.0001,0.0561,0.0001,0.0024,-0.9672,-0.049,0.0,2.0,3.0,1.0,1.0,8597400.0,7060300.0,6489900.0,7214500.0,0.0032,0.9672,0.049,0.0,0.8719,0.0,0.0001,0.5233,0.007405756710843308,8790375.0
2025-10-13,META,1,9251800,0.0172507925898711,0.0161,0.6892,0.2948,2,-0.6731,0.0228,0.7052,0.2013,1.0,1.0,1.0,5.0,2.0,2.0,1.0,12717200.0,10790600.0,12062900.0,16154300.0,0.6003,1.0,1.0,1.0,0.6676,1.0,1.0,1.0,0.01253300885714274,12675445.0
2025-10-13,TSLA,1,79552800,0.0405874495099554,1.0,0.0,0.0,3,1.0,1.0,1.0,0.0001,0.6633,-0.3302,0.7814,3.0,3.0,3.0,2.0,112107900.0,69339900.0,133188200.0,98122300.0,0.0003,0.6667,0.3348,0.9073,0.7118,0.9974,0.0068,0.9306,0.03566081925177417,103875950.0
2025-10-13,UNH,1,5659400,0.0164627515889374,0.5451,0.091,0.3639,11,0.4542,0.857,0.6361,-0.7843,0.9998,0.5341,-0.0,10.0,5.0,11.0,2.0,13141900.0,8759800.0,9438300.0,7181700.0,0.9845,0.9998,0.7253,0.0001,0.1017,1.0,0.8682,0.1492,0.015750200545725745,9940925.0
2025-10-14,AMZN,1,45665600,0.0311746209724117,0.5,0.0069,0.4931,2,0.4931,0.9864,0.5069,0.2657,0.3363,-0.0,0.4219,2.0,2.0,3.0,2.0,37809700.0,46412100.0,46686000.0,43690900.0,0.2693,0.8989,0.0003,0.4237,0.9935,0.6871,0.4307,0.9979,0.01214575684728024,46883690.0
2025-10-14,BRK-B,1,3056000,0.0145101741868621,0.5,0.0,0.5,2,0.5,1.0,0.5,0.0003,0.6248,0.2854,0.2527,6.0,8.0,7.0,7.0,3183500.0,4763800.0,3172200.0,3057400.0,0.6659,0.6253,0.5718,0.611,0.5002,0.9995,0.7495,0.7068,0.006449634128079453,4046745.0
2025-10-14,GOOGL,1,22111600,0.0274012383510437,0.9988,0.0,0.0012,1,0.9988,1.0,0.9988,0.0353,0.6521,0.4911,-0.0111,2.0,3.0,2.0,2.0,24995000.0,33180300.0,27892100.0,23181300.0,0.0364,0.6625,0.4911,0.0925,0.9837,0.9921,1.0,0.4401,0.012659283147730207,31623450.0
2025-10-14,JPM,0,16178800,0.0418192803363478,0.8,0.0,0.2,5,0.8,1.0,0.8,-0.0001,0.0024,-0.9672,1.0,1.0,2.0,3.0,1.0,10788700.0,8597400.0,7060300.0,8454200.0,0.0001,0.0032,0.9672,1.0,0.0561,0.8719,0.0,1.0,0.006845565926530207,8932685.0
2025-10-14,MSFT,1,14684300,0.0181879330832299,0.9999,0.0,0.0001,1,0.9999,1.0,0.9999,-0.0017,0.3375,0.0016,0.0005,1.0,3.0,2.0,2.0,24133800.0,18343600.0,14615200.0,15112300.0,0.0017,0.3375,0.004,0.0006,0.0026,0.9999,0.6987,0.9592,0.010183021303183252,19283060.0
2025-10-14,TSLA,1,72669400,0.0382858701664027,0.0107,0.0053,0.9841,2,0.0054,0.6697,0.0159,1.0,0.0001,0.6633,0.3275,3.0,3.0,3.0,3.0,79552800.0,112107900.0,69339900.0,137009000.0,1.0,0.0003,0.6667,0.9894,1.0,0.7118,0.9974,0.6655,0.03617948424139566,104247505.0
2025-10-14,UNH,1,5974800,0.0251584515246408,0.6028,0.0029,0.3943,6,0.5999,0.9953,0.6057,0.4542,-0.7843,0.9998,0.0728,11.0,10.0,5.0,4.0,5659400.0,13141900.0,8759800.0,7236200.0,0.6361,0.9845,0.9998,0.9563,0.857,0.1017,1.0,0.5381,0.015907522681841185,9523085.0
2025-10-15,AMZN,0,45909500,0.0233127281210854,0.0035,0.0058,0.9908,2,-0.0023,0.3767,0.0092,0.4931,0.2657,0.3363,0.998,2.0,2.0,2.0,1.0,45665600.0,37809700.0,46412100.0,31194700.0,0.5069,0.2693,0.8989,0.998,0.9864,0.9935,0.6871,1.0,0.012154939666083399,47504805.0
2025-10-15,BRK-B,1,3566200,0.0129176047006586,0.455,0.0003,0.5446,6,0.4547,0.9992,0.4554,0.5,0.0003,0.6248,0.9999,2.0,6.0,8.0,1.0,3056000.0,3183500.0,4763800.0,2944600.0,0.5,0.6659,0.6253,0.9999,1.0,0.5002,0.9995,1.0,0.006935033585550879,3996045.0
2025-10-15,GOOGL,1,27007700,0.0247522552767947,0.027,0.0016,0.9714,2,0.0254,0.9439,0.0286,0.9988,0.0353,0.6521,-0.0132,1.0,2.0,3.0,1.0,22111600.0,24995000.0,33180300.0,21307100.0,0.9988,0.0364,0.6625,0.0133,1.0,0.9837,0.9921,0.0032,0.011521097086633821,29809840.0
2025-10-15,JPM,0,11354800,0.0218022531949878,1.0,0.0,0.0,1,1.0,1.0,1.0,0.8,-0.0001,0.0024,-0.049,5.0,1.0,2.0,1.0,16178800.0,10788700.0,8597400.0,6489900.0,0.8,0.0001,0.0032,0.049,1.0,0.0561,0.8719,0.0001,0.0071140420872961895,9399290.0
2025-10-15,META,1,10246800,0.0200680761685658,0.0002,0.0092,0.9905,1,-0.009,0.0257,0.0095,-0.6731,0.2013,1.0,-0.0003,2.0,5.0,2.0,1.0,9251800.0,12717200.0,10790600.0,21654700.0,0.7052,0.6003,1.0,0.0056,0.0228,0.6676,1.0,0.4727,0.012595292900105871,12741870.0
2025-10-15,MSFT,0,14694700,0.0139622536403184,0.6676,0.0004,0.332,3,0.6672,0.9994,0.668,0.9999,-0.0017,0.3375,0.2767,1.0,1.0,3.0,4.0,14684300.0,24133800.0,18343600.0,21388600.0,0.9999,0.0017,0.3375,0.2853,1.0,0.0026,0.9999,0.9849,0.008546892643500394,18417535.0
2025-10-15,TSLA,1,71558200,0.0326052503848379,0.345,0.0587,0.5963,5,0.2863,0.8546,0.4037,0.0054,1.0,0.0001,-0.3302,2.0,3.0,3.0,3.0,72669400.0,79552800.0,112107900.0,133188200.0,0.0159,1.0,0.0003,0.3348,0.6697,1.0,0.7118,0.0068,0.03414461337043317,102693175.0
2025-10-15,UNH,1,6579600,0.0232894481650393,0.0002,0.3333,0.6665,3,-0.3331,0.0006,0.3335,0.5999,0.4542,-0.7843,0.5341,6.0,11.0,10.0,11.0,5974800.0,5659400.0,13141900.0,9438300.0,0.6057,0.6361,0.9845,0.7253,0.9953,0.857,0.1017,0.8682,0.016113319006077483,9270030.0
2025-10-16,AAPL,0,39777000,0.0157502050486215,0.9979,0.0,0.0021,1,0.9979,1.0,0.9979,0.9794,-0.9871,0.3337,-1.0,1.0,1.0,3.0,1.0,38142900.0,38322000.0,36496900.0,44664100.0,0.9799,0.9874,0.3339,1.0,0.9997,0.0001,0.9997,0.0,0.013268101068519663,56756305.0
2025-10-16,AMZN,0,42414600,0.0268001985828792,0.0,0.0,1.0,1,0.0,0.6086,0.0,-0.0023,0.4931,0.2657,-0.0,2.0,2.0,2.0,3.0,45909500.0,45665600.0,37809700.0,46686000.0,0.0092,0.5069,0.2693,0.0003,0.3767,0.9864,0.9935,0.4307,0.01206790768487538,47890085.0
2025-10-16,BRK-B,0,4254300,0.0205811381788012,0.0422,0.3984,0.5594,5,-0.3562,0.0957,0.4406,0.4547,0.5,0.0003,0.2854,6.0,2.0,6.0,7.0,3566200.0,3056000.0,3183500.0,3172200.0,0.4554,0.5,0.6659,0.5718,0.9992,1.0,0.5002,0.7495,0.006978425623568666,3921320.0
2025-10-16,GOOGL,0,27997200,0.0272470319543655,0.0001,0.0023,0.9975,3,-0.0022,0.0603,0.0025,0.0254,0.9988,0.0353,0.4911,2.0,1.0,2.0,2.0,27007700.0,22111600.0,24995000.0,27892100.0,0.0286,0.9988,0.0364,0.4911,0.9439,1.0,0.9837,1.0,0.012080786984087643,29454740.0
2025-10-16,JPM,0,10549400,0.0380218933011143,0.6263,0.3727,0.001,8,0.2537,0.627,0.999,1.0,0.8,-0.0001,-0.9672,1.0,5.0,1.0,3.0,11354800.0,16178800.0,10788700.0,7060300.0,1.0,0.8,0.0001,0.9672,1.0,1.0,0.0561,0.0,0.00691006948379274,9610930.0
2025-10-16,META,0,9017000,0.0301163482951623,0.9763,0.0,0.0236,2,0.9763,1.0,0.9764,-0.009,-0.6731,0.2013,1.0,1.0,2.0,5.0,2.0,10246800.0,9251800.0,12717200.0,12062900.0,0.0095,0.7052,0.6003,1.0,0.0257,0.0228,0.6676,1.0,0.012337004165213125,12841780.0
2025-10-16,MSFT,0,15559600,0.017011920895068,0.9979,0.0,0.0021,1,0.9979,1.0,0.9979,0.6672,0.9999,-0.0017,0.0016,3.0,1.0,1.0,2.0,14694700.0,14684300.0,24133800.0,14615200.0,0.668,0.9999,0.0017,0.004,0.9994,1.0,0.0026,0.6987,0.008482803026727487,18431745.0
2025-10-16,TSLA,0,77189900,0.0414970397465594,0.6666,0.3333,0.0,3,0.3333,0.6667,1.0,0.2863,0.0054,1.0,0.6633,5.0,2.0,3.0,3.0,71558200.0,72669400.0,79552800.0,69339900.0,0.4037,0.0159,1.0,0.6667,0.8546,0.6697,1.0,0.9974,0.030211826682425814,97863265.0
2025-10-16,UNH,0,5872100,0.0210037756478934,0.4748,0.0705,0.4546,15,0.4043,0.8706,0.5454,-0.3331,0.5999,0.4542,0.9998,3.0,6.0,11.0,5.0,6579600.0,5974800.0,5659400.0,8759800.0,0.3335,0.6057,0.6361,0.9998,0.0006,0.9953,0.857,1.0,0.01524919379151645,8964220.0
2025-10-17,AAPL,1,49147000,0.0246351121082937,1.0,0.0,0.0,1,1.0,1.0,1.0,0.9979,0.9794,-0.9871,-0.502,1.0,1.0,1.0,2.0,39777000.0,38142900.0,38322000.0,31955800.0,0.9979,0.9799,0.9874,0.5021,1.0,0.9997,0.0001,0.0001,0.01298322410677635,55429460.0
2025-10-17,BRK-B,1,3794300,0.0085714534837373,0.5,0.197,0.303,4,0.303,0.7174,0.697,-0.3562,0.4547,0.5,0.6248,5.0,6.0,2.0,8.0,4254300.0,3566200.0,3056000.0,4763800.0,0.4406,0.4554,0.5,0.6253,0.0957,0.9992,1.0,0.9995,0.007749786362197242,3931090.0
2025-10-17,JPM,0,10153500,0.0178833250449485,0.4072,0.3446,0.2482,39,0.0626,0.5416,0.7518,0.2537,1.0,0.8,0.0024,8.0,1.0,5.0,2.0,10549400.0,11354800.0,16178800.0,8597400.0,0.999,1.0,0.8,0.0032,0.627,1.0,1.0,0.8719,0.008276003008995619,9612120.0
2025-10-17,TSLA,1,89331600,0.0419741136346944,0.1841,0.2478,0.5681,4,-0.0637,0.4263,0.4319,0.3333,0.2863,0.0054,0.0001,3.0,5.0,2.0,3.0,77189900.0,71558200.0,72669400.0,112107900.0,1.0,0.4037,0.0159,0.0003,0.6667,0.8546,0.6697,0.7118,0.029634433406498843,93531575.0
2025-10-17,UNH,1,8608400,0.0215385415275553,0.5028,0.0001,0.4971,6,0.5028,0.9999,0.5029,0.4043,-0.3331,0.5999,-0.7843,15.0,3.0,6.0,10.0,5872100.0,6579600.0,5974800.0,13141900.0,0.5454,0.3335,0.6057,0.9845,0.8706,0.0006,0.9953,0.1017,0.015445178956372376,8834440.0
2025-10-20,AAPL,1,90483000,0.034194380479388,0.8298,0.0009,0.1693,6,0.8289,0.9989,0.8307,1.0,0.9979,0.9794,0.3337,1.0,1.0,1.0,3.0,49147000.0,39777000.0,38142900.0,36496900.0,1.0,0.9979,0.9799,0.3339,1.0,1.0,0.9997,0.9997,0.011966253777368598,53714770.0
2025-10-20,AMZN,1,38882800,0.0144941370522884,0.5,0.0,0.5,2,0.5,1.0,0.5,0.0,-0.0023,0.4931,0.3363,1.0,2.0,2.0,2.0,42414600.0,45909500.0,45665600.0,46412100.0,0.0,0.0092,0.5069,0.8989,0.6086,0.3767,0.9864,0.6871,0.011986721475785328,47870055.0
2025-10-20,BRK-B,1,4605300,0.0083272528749224,0.0002,0.0001,0.9997,3,0.0002,0.7788,0.0003,0.303,-0.3562,0.4547,0.0003,4.0,5.0,6.0,6.0,3794300.0,4254300.0,3566200.0,3183500.0,0.697,0.4406,0.4554,0.6659,0.7174,0.0957,0.9992,0.5002,0.0078049781744715975,3752990.0
2025-10-20,GOOGL,1,22350200,0.0121716236012825,0.0017,0.012,0.9863,1,-0.0102,0.1265,0.0137,-0.0022,0.0254,0.9988,0.6521,3.0,2.0,1.0,3.0,27997200.0,27007700.0,22111600.0,33180300.0,0.0025,0.0286,0.9988,0.6625,0.0603,0.9439,1.0,0.9921,0.011989871402823052,29149200.0
2025-10-20,JPM,1,6894900,0.0185259590596211,0.4945,0.1139,0.3915,17,0.3806,0.8127,0.6085,0.0626,0.2537,1.0,-0.0001,39.0,8.0,1.0,1.0,10153500.0,10549400.0,11354800.0,10788700.0,0.7518,0.999,1.0,0.0001,0.5416,0.627,1.0,0.0561,0.008107135634638435,9686905.0
2025-10-20,META,1,8900200,0.0188438924686464,0.0,0.0,0.9999,1,-0.0,0.3498,0.0001,0.9763,-0.009,-0.6731,1.0,2.0,1.0,2.0,2.0,9017000.0,10246800.0,9251800.0,10790600.0,0.9764,0.0095,0.7052,1.0,1.0,0.0257,0.0228,1.0,0.012048642730827234,12765940.0
2025-10-20,MSFT,1,14665600,0.0102408030960567,0.0001,0.0,0.9999,1,0.0,0.6356,0.0001,0.9979,0.6672,0.9999,0.3375,1.0,3.0,1.0,3.0,15559600.0,14694700.0,14684300.0,18343600.0,0.9979,0.668,0.9999,0.3375,1.0,0.9994,1.0,0.9999,0.008429448860690537,18129135.0
2025-10-20,TSLA,1,63719000,0.0207042659844129,0.0002,0.0006,0.9993,1,-0.0004,0.2087,0.0007,-0.0637,0.3333,0.2863,1.0,4.0,3.0,5.0,3.0,89331600.0,77189900.0,71558200.0,79552800.0,0.4319,1.0,0.4037,1.0,0.4263,0.6667,0.8546,1.0,0.03036470228559403,92783870.0
2025-10-20,UNH,1,5996500,0.0224800506679964,0.8654,0.0297,0.1048,6,0.8357,0.9668,0.8952,0.5028,0.4043,-0.3331,0.4542,6.0,15.0,3.0,11.0,8608400.0,5872100.0,6579600.0,5659400.0,0.5029,0.5454,0.3335,0.6361,0.9999,0.8706,0.0006,0.857,0.014583263159388822,8702080.0
2025-10-21,AAPL,1,46695900,0.0132122418975995,1.0,0.0,0.0,2,1.0,1.0,1.0,0.8289,1.0,0.9979,-0.9871,6.0,1.0,1.0,1.0,90483000.0,49147000.0,39777000.0,38322000.0,0.8307,1.0,0.9979,0.9874,0.9989,1.0,1.0,0.0001,0.012672802034811756,55728490.0
2025-10-21,AMZN,1,50494600,0.0244014192637274,0.996,0.0,0.004,1,0.9959,1.0,0.996,0.5,0.0,-0.0023,0.2657,2.0,1.0,2.0,2.0,38882800.0,42414600.0,45909500.0,37809700.0,0.5,0.0,0.0092,0.2693,1.0,0.6086,0.3767,0.9935,0.012374197647150687,47917610.0
2025-10-21,BRK-B,0,2714500,0.0090135954972697,0.0,0.1357,0.8642,8,-0.1357,0.0003,0.1358,0.0002,0.303,-0.3562,0.5,3.0,4.0,5.0,2.0,4605300.0,3794300.0,4254300.0,3056000.0,0.0003,0.697,0.4406,0.5,0.7788,0.7174,0.0957,1.0,0.007721237726498456,3804110.0
2025-10-21,GOOGL,0,47312100,0.0421214208799099,0.2239,0.1962,0.5799,12,0.0277,0.533,0.4201,-0.0102,-0.0022,0.0254,0.0353,1.0,3.0,2.0,2.0,22350200.0,27997200.0,27007700.0,24995000.0,0.0137,0.0025,0.0286,0.0364,0.1265,0.0603,0.9439,0.9837,0.012099875562979251,28704735.0
2025-10-21,JPM,0,7372700,0.023370641475114,0.4323,0.1465,0.4213,19,0.2858,0.7469,0.5787,0.3806,0.0626,0.2537,0.8,17.0,39.0,8.0,5.0,6894900.0,10153500.0,10549400.0,16178800.0,0.6085,0.7518,0.999,0.8,0.8127,0.5416,0.627,1.0,0.00873049573666059,9629115.0
2025-10-21,META,0,7647300,0.0132469222864473,0.9995,0.0002,0.0003,1,0.9992,0.9998,0.9997,-0.0,0.9763,-0.009,0.2013,1.0,2.0,1.0,5.0,8900200.0,9017000.0,10246800.0,12717200.0,0.0001,0.9764,0.0095,0.6003,0.3498,1.0,0.0257,0.6676,0.012014038328981347,12621825.0
2025-10-21,UNH,1,6885300,0.0261543172751517,0.1685,0.6656,0.1659,6,-0.4972,0.202,0.8341,0.8357,0.5028,0.4043,0.5999,6.0,6.0,15.0,6.0,5996500.0,8608400.0,5872100.0,5974800.0,0.8952,0.5029,0.5454,0.6057,0.9668,0.9999,0.8706,0.9953,0.014919041965808986,8319065.0
2025-10-22,AAPL,0,45015300,0.0282505752909278,0.0,0.0001,0.9999,1,-0.0001,0.0472,0.0001,1.0,0.8289,1.0,0.9794,2.0,6.0,1.0,1.0,46695900.0,90483000.0,49147000.0,38142900.0,1.0,0.8307,1.0,0.9799,1.0,0.9989,1.0,0.9997,0.012050560495554714,55272075.0
2025-10-22,AMZN,0,44308500,0.0159142279334641,0.0439,0.3315,0.6246,3,-0.2876,0.117,0.3754,0.9959,0.5,0.0,0.4931,1.0,2.0,1.0,2.0,50494600.0,38882800.0,42414600.0,45665600.0,0.996,0.5,0.0,0.5069,1.0,1.0,0.6086,0.9864,0.01297473282861329,45545180.0
2025-10-22,BRK-B,1,3376000,0.0097411352528877,0.0015,0.039,0.9595,5,-0.0374,0.0379,0.0405,-0.1357,0.0002,0.303,0.4547,8.0,3.0,4.0,6.0,2714500.0,4605300.0,3794300.0,3566200.0,0.1358,0.0003,0.697,0.4554,0.0003,0.7788,0.7174,0.9992,0.007818742993698264,3743175.0
2025-10-22,GOOGL,0,35029400,0.0277941274566307,0.6666,0.3329,0.0005,3,0.3336,0.6669,0.9995,0.0277,-0.0102,-0.0022,0.9988,12.0,1.0,3.0,1.0,47312100.0,22350200.0,27997200.0,22111600.0,0.4201,0.0137,0.0025,0.9988,0.533,0.1265,0.0603,1.0,0.012597978369559299,28291770.0
2025-10-22,JPM,0,8054100,0.0252543550093176,0.5073,0.1291,0.3636,18,0.3783,0.7972,0.6364,0.2858,0.3806,0.0626,1.0,19.0,17.0,39.0,1.0,7372700.0,6894900.0,10153500.0,11354800.0,0.5787,0.6085,0.7518,1.0,0.7469,0.8127,0.5416,1.0,0.00897874724693902,8819320.0
2025-10-22,META,0,8734500,0.0225800878993396,0.5398,0.4151,0.0451,1,0.1247,0.5653,0.9549,0.9992,-0.0,0.9763,-0.6731,1.0,1.0,2.0,2.0,7647300.0,8900200.0,9017000.0,9251800.0,0.9997,0.0001,0.9764,0.7052,0.9998,0.3498,1.0,0.0228,0.01200440763539415,12534145.0
2025-10-22,MSFT,0,18962700,0.0144295464718602,0.0003,0.0001,0.9996,2,0.0002,0.7254,0.0004,0.0,0.9979,0.6672,-0.0017,1.0,1.0,3.0,1.0,14665600.0,15559600.0,14694700.0,24133800.0,0.0001,0.9979,0.668,0.0017,0.6356,1.0,0.9994,0.0026,0.00849509381895751,17918335.0
2025-10-22,TSLA,0,84023500,0.0372984735361782,0.3337,0.333,0.3334,3,0.0007,0.5005,0.6666,-0.0004,-0.0637,0.3333,0.0054,1.0,4.0,3.0,2.0,63719000.0,89331600.0,77189900.0,72669400.0,0.0007,0.4319,1.0,0.0159,0.2087,0.4263,0.6667,0.6697,0.029834044255026237,90663145.0
2025-10-22,UNH,0,7833000,0.0164853284450649,0.6954,0.278,0.0266,10,0.4173,0.7144,0.9734,-0.4972,0.8357,0.5028,-0.3331,6.0,6.0,6.0,3.0,6885300.0,5996500.0,8608400.0,6579600.0,0.8341,0.8952,0.5029,0.3335,0.202,0.9668,0.9999,0.0006,0.014352320054160605,8218145.0
2025-10-23,AAPL,0,32754900,0.0100407221937718,0.6271,0.0001,0.3728,3,0.627,0.9998,0.6272,-0.0001,1.0,0.8289,0.9979,1.0,2.0,6.0,1.0,45015300.0,46695900.0,90483000.0,39777000.0,0.0001,1.0,0.8307,0.9979,0.0472,1.0,0.9989,1.0,0.01279093871716253,55387865.0
2025-10-23,AMZN,1,31540000,0.0142466227213541,0.0022,0.0015,0.9962,2,0.0007,0.5951,0.0038,-0.2876,0.9959,0.5,-0.0023,3.0,1.0,2.0,2.0,44308500.0,50494600.0,38882800.0,45909500.0,0.3754,0.996,0.5,0.0092,0.117,1.0,1.0,0.3767,0.01272490083106701,45464880.0
2025-10-23,BRK-B,0,3063000,0.0088177875087689,1.0,0.0,0.0,2,1.0,1.0,1.0,-0.0374,-0.1357,0.0002,-0.3562,5.0,8.0,3.0,5.0,3376000.0,2714500.0,4605300.0,4254300.0,0.0405,0.1358,0.0003,0.4406,0.0379,0.0003,0.7788,0.0957,0.0076258994868087055,3771400.0
2025-10-23,GOOGL,1,19901400,0.0126096420131687,1.0,0.0,0.0,1,1.0,1.0,1.0,0.3336,0.0277,-0.0102,0.0254,3.0,12.0,1.0,2.0,35029400.0,47312100.0,22350200.0,27007700.0,0.9995,0.4201,0.0137,0.0286,0.6669,0.533,0.1265,0.9439,0.012700506768703249,28428715.0
2025-10-23,JPM,1,5438800,0.0131122538471968,0.3677,0.2318,0.4005,21,0.1359,0.6133,0.5995,0.3783,0.2858,0.3806,0.2537,18.0,19.0,17.0,8.0,8054100.0,7372700.0,6894900.0,10549400.0,0.6364,0.5787,0.6085,0.999,0.7972,0.7469,0.8127,0.627,0.008656578820639835,8846015.0
2025-10-23,MSFT,0,14023500,0.0102209291254598,0.0472,0.0763,0.8765,4,-0.0292,0.3818,0.1235,0.0002,0.0,0.9979,0.9999,2.0,1.0,1.0,1.0,18962700.0,14665600.0,15559600.0,14684300.0,0.0004,0.0001,0.9979,0.9999,0.7254,0.6356,1.0,1.0,0.007770762501013153,17880875.0
2025-10-23,UNH,1,5756700,0.0242982857785316,0.3806,0.3542,0.2652,13,0.0264,0.518,0.7348,0.4173,-0.4972,0.8357,0.4043,10.0,6.0,6.0,15.0,7833000.0,6885300.0,5996500.0,5872100.0,0.9734,0.8341,0.8952,0.5454,0.7144,0.202,0.9668,0.8706,0.013861490800035329,7984590.0
2025-10-24,AMZN,1,38685100,0.0157678964758844,0.9971,0.0,0.0029,1,0.9971,1.0,0.9971,0.0007,-0.2876,0.9959,0.0,2.0,3.0,1.0,1.0,31540000.0,44308500.0,50494600.0,42414600.0,0.0038,0.3754,0.996,0.0,0.5951,0.117,1.0,0.6086,0.010524198923177073,43494070.0
2025-10-24,BRK-B,1,3166800,0.0072926138459949,0.0207,0.0127,0.9667,3,0.008,0.6196,0.0333,1.0,-0.0374,-0.1357,0.303,2.0,5.0,8.0,4.0,3063000.0,3376000.0,2714500.0,3794300.0,1.0,0.0405,0.1358,0.697,1.0,0.0379,0.0003,0.7174,0.007663812175126407,3721745.0
2025-10-24,GOOGL,1,28655100,0.02478753482112,0.0,0.0,1.0,1,-0.0,0.0571,0.0,1.0,0.3336,0.0277,-0.0022,1.0,3.0,12.0,3.0,19901400.0,35029400.0,47312100.0,27997200.0,1.0,0.9995,0.4201,0.0025,1.0,0.6669,0.533,0.0603,0.01266097936392721,28092385.0
2025-10-24,JPM,1,7228300,0.0241488591622156,0.4023,0.1343,0.4633,15,0.268,0.7497,0.5367,0.1359,0.3783,0.2858,0.0626,21.0,18.0,19.0,39.0,5438800.0,8054100.0,7372700.0,10153500.0,0.5995,0.6364,0.5787,0.7518,0.6133,0.7972,0.7469,0.5416,0.008556409752289629,8688735.0
2025-10-24,TSLA,0,94727800,0.0481390683133306,0.3611,0.1848,0.4541,16,0.1763,0.6615,0.5459,0.0007,-0.0004,-0.0637,0.2863,3.0,1.0,4.0,5.0,84023500.0,63719000.0,89331600.0,71558200.0,0.6666,0.0007,0.4319,0.4037,0.5005,0.2087,0.4263,0.8546,0.029302723984518317,90341595.0
2025-10-24,UNH,1,5462100,0.014915501345621,0.4002,0.2995,0.3003,10,0.1007,0.5719,0.6997,0.0264,0.4173,-0.4972,0.5028,13.0,10.0,6.0,6.0,5756700.0,7833000.0,6885300.0,8608400.0,0.7348,0.9734,0.8341,0.5029,0.518,0.7144,0.202,0.9999,0.014140093861256779,7821610.0
2025-10-27,AAPL,1,44888200,0.0168755705915995,0.1862,0.0004,0.8134,2,0.1858,0.9977,0.1866,0.627,-0.0001,1.0,1.0,3.0,1.0,2.0,1.0,32754900.0,45015300.0,46695900.0,49147000.0,0.6272,0.0001,1.0,1.0,0.9998,0.0472,1.0,1.0,0.0128219938142061,53854555.0
2025-10-27,AMZN,0,38267000,0.0125625958198453,0.0,0.0002,0.9998,2,-0.0002,0.0038,0.0002,0.9971,0.0007,-0.2876,0.5,1.0,2.0,3.0,2.0,38685100.0,31540000.0,44308500.0,38882800.0,0.9971,0.0038,0.3754,0.5,1.0,0.5951,0.117,1.0,0.009580320582237078,42952875.0
2025-10-27,BRK-B,0,6451500,0.0157545938129197,0.1442,0.7078,0.148,7,-0.5636,0.1693,0.852,0.008,1.0,-0.0374,0.0002,3.0,2.0,5.0,3.0,3166800.0,3063000.0,3376000.0,4605300.0,0.0333,1.0,0.0405,0.0003,0.6196,1.0,0.0379,0.7788,0.007544862533237941,3694705.0
2025-10-27,GOOGL,1,35235200,0.0221282973607286,0.3787,0.0059,0.6154,8,0.3729,0.9847,0.3846,-0.0,1.0,0.3336,-0.0102,1.0,1.0,3.0,1.0,28655100.0,19901400.0,35029400.0,22350200.0,0.0,1.0,0.9995,0.0137,0.0571,1.0,0.6669,0.1265,0.012335976101770584,28115090.0
2025-10-27,JPM,1,5642200,0.0116494207407017,0.4273,0.0101,0.5625,15,0.4172,0.9768,0.4375,0.268,0.1359,0.3783,0.3806,15.0,21.0,18.0,17.0,7228300.0,5438800.0,8054100.0,6894900.0,0.5367,0.5995,0.6364,0.6085,0.7497,0.6133,0.7972,0.8127,0.009627681501988483,8684625.0
2025-10-27,MSFT,0,18734700,0.010474269467365,0.3334,0.0034,0.6631,3,0.33,0.9898,0.3369,-0.0292,0.0002,0.0,0.6672,4.0,2.0,1.0,3.0,14023500.0,18962700.0,14665600.0,14694700.0,0.1235,0.0004,0.0001,0.668,0.3818,0.7254,0.6356,0.9994,0.007691859090075654,17636365.0
2025-10-27,TSLA,1,105867500,0.048797674177453,0.4126,0.1732,0.4142,70,0.2394,0.7044,0.5858,0.1763,0.0007,-0.0004,0.3333,16.0,3.0,1.0,3.0,94727800.0,84023500.0,63719000.0,77189900.0,0.5459,0.6666,0.0007,1.0,0.6615,0.5005,0.2087,0.6667,0.02977209585673133,90421435.0
2025-10-27,UNH,1,7766400,0.013259992638841,0.3763,0.0145,0.6092,16,0.3618,0.9628,0.3908,0.1007,0.0264,0.4173,0.8357,10.0,13.0,10.0,6.0,5462100.0,5756700.0,7833000.0,5996500.0,0.6997,0.7348,0.9734,0.8952,0.5719,0.518,0.7144,0.9668,0.013912823537698647,7689470.0
2025-10-28,AAPL,1,41534800,0.0064687193394705,0.5328,0.1339,0.3333,47,0.3989,0.7992,0.6667,0.1858,0.627,-0.0001,0.8289,2.0,3.0,1.0,6.0,44888200.0,32754900.0,45015300.0,90483000.0,0.1866,0.6272,0.0001,0.8307,0.9977,0.9998,0.0472,0.9989,0.012810326894249626,53886485.0
2025-10-28,AMZN,1,47100000,0.0231355654677734,0.3843,0.0635,0.5522,27,0.3207,0.8581,0.4478,-0.0002,0.9971,0.0007,0.9959,2.0,1.0,2.0,1.0,38267000.0,38685100.0,31540000.0,50494600.0,0.0002,0.9971,0.0038,0.996,0.0038,1.0,0.5951,1.0,0.009282101360695775,42254910.0
2025-10-28,BRK-B,0,5029100,0.0094028954068766,0.5454,0.0988,0.3558,8,0.4467,0.8467,0.6442,-0.5636,0.008,1.0,-0.1357,7.0,3.0,2.0,8.0,6451500.0,3166800.0,3063000.0,2714500.0,0.852,0.0333,1.0,0.1358,0.1693,0.6196,1.0,0.0003,0.007728058276405044,3759185.0
2025-10-28,GOOGL,0,29738600,0.0156847155921072,0.6797,0.0027,0.3176,17,0.6771,0.9961,0.6824,0.3729,-0.0,1.0,0.0277,8.0,1.0,1.0,12.0,35235200.0,28655100.0,19901400.0,47312100.0,0.3846,0.0,1.0,0.4201,0.9847,0.0571,1.0,0.533,0.012809401772194967,28325830.0
2025-10-28,JPM,1,6336000,0.0157777267916839,0.7546,0.0066,0.2388,10,0.748,0.9913,0.7612,0.4172,0.268,0.1359,0.2858,15.0,15.0,21.0,19.0,5642200.0,7228300.0,5438800.0,7372700.0,0.4375,0.5367,0.5995,0.5787,0.9768,0.7497,0.6133,0.7469,0.009922988479071053,8612575.0
2025-10-28,META,0,12193800,0.0171133289920031,0.488,0.1495,0.3625,38,0.3385,0.7655,0.6375,0.1247,0.9992,-0.0,-0.009,1.0,1.0,1.0,1.0,8734500.0,7647300.0,8900200.0,10246800.0,0.9549,0.9997,0.0001,0.0095,0.5653,0.9998,0.3498,0.0257,0.012005209583215999,12423120.0
2025-10-28,MSFT,0,29986700,0.0235453657670454,0.5628,0.0001,0.4371,5,0.5627,0.9998,0.5629,0.33,-0.0292,0.0002,0.9979,3.0,4.0,2.0,1.0,18734700.0,14023500.0,18962700.0,15559600.0,0.3369,0.1235,0.0004,0.9979,0.9898,0.3818,0.7254,1.0,0.007671972497459324,17572635.0
2025-10-28,TSLA,1,80185700,0.0338625136061842,0.3732,0.1282,0.4986,34,0.245,0.7443,0.5014,0.2394,0.1763,0.0007,-0.0637,70.0,16.0,3.0,4.0,105867500.0,94727800.0,84023500.0,89331600.0,0.5858,0.5459,0.6666,0.4319,0.7044,0.6615,0.5005,0.4263,0.030549848910120598,90859370.0
2025-10-28,UNH,0,18858700,0.0587632540390417,0.7134,0.0684,0.2182,71,0.645,0.9125,0.7818,0.3618,0.1007,0.0264,-0.4972,16.0,10.0,13.0,6.0,7766400.0,5462100.0,5756700.0,6885300.0,0.3908,0.6997,0.7348,0.8341,0.9628,0.5719,0.518,0.202,0.013609583738744517,7739055.0
2025-10-29,AAPL,1,51086700,0.0159685766861249,0.5569,0.1629,0.2803,62,0.394,0.7737,0.7197,0.3989,0.1858,0.627,1.0,47.0,2.0,3.0,2.0,41534800.0,44888200.0,32754900.0,46695900.0,0.6667,0.1866,0.6272,1.0,0.7992,0.9977,0.9998,1.0,0.0124019399234823,47776160.0
2025-10-29,AMZN,0,52036200,0.021841467852444,0.4067,0.167,0.4263,75,0.2397,0.7089,0.5737,0.3207,-0.0002,0.9971,-0.2876,27.0,2.0,1.0,3.0,47100000.0,38267000.0,38685100.0,44308500.0,0.4478,0.0002,0.9971,0.3754,0.8581,0.0038,1.0,0.117,0.009282659336132386,42527405.0
2025-10-29,BRK-B,0,6204500,0.0106427270894075,0.0138,0.3142,0.672,3,-0.3004,0.0421,0.328,0.4467,-0.5636,0.008,-0.0374,8.0,7.0,3.0,5.0,5029100.0,6451500.0,3166800.0,3376000.0,0.6442,0.852,0.0333,0.0405,0.8467,0.1693,0.6196,0.0379,0.007417471027296541,3816965.0
2025-10-29,GOOGL,1,43580300,0.0286460612890987,0.6122,0.0753,0.3125,84,0.5368,0.8905,0.6875,0.6771,0.3729,-0.0,0.3336,17.0,8.0,1.0,3.0,29738600.0,35235200.0,28655100.0,35029400.0,0.6824,0.3846,0.0,0.9995,0.9961,0.9847,0.0571,0.6669,0.012968128864888587,28887600.0
2025-10-29,JPM,1,7520300,0.0172646372962176,0.2238,0.2221,0.5542,9,0.0017,0.5019,0.4458,0.748,0.4172,0.268,0.3783,10.0,15.0,15.0,18.0,6336000.0,5642200.0,7228300.0,8054100.0,0.7612,0.4375,0.5367,0.6364,0.9913,0.9768,0.7497,0.7972,0.009851633095709555,8566470.0
2025-10-29,META,0,26818600,0.0220602363417108,0.4961,0.1541,0.3498,73,0.342,0.763,0.6502,0.3385,0.1247,0.9992,0.9763,38.0,1.0,1.0,2.0,12193800.0,8734500.0,7647300.0,9017000.0,0.6375,0.9549,0.9997,0.9764,0.7655,0.5653,0.9998,1.0,0.01189772580348589,11847970.0
2025-10-29,MSFT,0,36023000,0.0175065860824297,0.5086,0.1351,0.3563,86,0.3736,0.7902,0.6437,0.5627,0.33,-0.0292,0.0,5.0,3.0,4.0,1.0,29986700.0,18734700.0,14023500.0,14665600.0,0.5629,0.3369,0.1235,0.0001,0.9998,0.9898,0.3818,0.6356,0.008110265714342521,18081990.0
2025-10-29,TSLA,0,67983500,0.0282162558065879,0.4189,0.2387,0.3424,42,0.1803,0.6371,0.6576,0.245,0.2394,0.1763,-0.0004,34.0,70.0,16.0,1.0,80185700.0,105867500.0,94727800.0,63719000.0,0.5014,0.5858,0.5459,0.0007,0.7443,0.7044,0.6615,0.2087,0.029941787008875342,90697520.0
2025-10-29,UNH,0,11874900,0.0336828512539493,0.4415,0.3519,0.2065,30,0.0896,0.5564,0.7935,0.645,0.3618,0.1007,0.4173,71.0,16.0,10.0,10.0,18858700.0,7766400.0,5462100.0,7833000.0,0.7818,0.3908,0.6997,0.9734,0.9125,0.9628,0.5719,0.7144,0.015862435367929476,8338045.0
2025-10-30,AAPL,0,69886500,0.020809602799103,0.3825,0.1892,0.4283,76,0.1932,0.669,0.5717,0.394,0.3989,0.1858,-0.0001,62.0,47.0,2.0,1.0,51086700.0,41534800.0,44888200.0,45015300.0,0.7197,0.6667,0.1866,0.0001,0.7737,0.7992,0.9977,0.0472,0.010439774612082049,45054625.0
2025-10-30,AMZN,0,102252900,0.0250594666721861,0.3601,0.2259,0.4139,75,0.1342,0.6145,0.5861,0.2397,0.3207,-0.0002,0.0007,75.0,27.0,2.0,2.0,52036200.0,47100000.0,38267000.0,31540000.0,0.5737,0.4478,0.0002,0.0038,0.7089,0.8581,0.0038,0.5951,0.009424494699050831,42916255.0
2025-10-30,BRK-B,1,4786600,0.0127832688295688,0.4001,0.0,0.5999,5,0.4,0.9999,0.4001,-0.3004,0.4467,-0.5636,1.0,3.0,8.0,7.0,2.0,6204500.0,5029100.0,6451500.0,3063000.0,0.328,0.6442,0.852,1.0,0.0421,0.8467,0.1693,1.0,0.007244718576117168,3903135.0
2025-10-30,GOOGL,0,74876000,0.0395418187321352,0.4714,0.19,0.3387,100,0.2814,0.7127,0.6613,0.5368,0.6771,0.3729,1.0,84.0,17.0,8.0,1.0,43580300.0,29738600.0,35235200.0,19901400.0,0.6875,0.6824,0.3846,1.0,0.8905,0.9961,0.9847,1.0,0.013456412887770327,29441325.0
2025-10-30,JPM,1,7514600,0.0245592695581602,0.5588,0.0888,0.3524,23,0.47,0.8629,0.6476,0.0017,0.748,0.4172,0.1359,9.0,10.0,15.0,21.0,7520300.0,6336000.0,5642200.0,5438800.0,0.4458,0.7612,0.4375,0.5995,0.5019,0.9913,0.9768,0.6133,0.010128123128795128,8619365.0
2025-10-30,META,0,88440100,0.0460136560399308,0.2162,0.4059,0.3779,104,-0.1897,0.3475,0.6221,0.342,0.3385,0.1247,-0.0,73.0,38.0,1.0,1.0,26818600.0,12193800.0,8734500.0,8900200.0,0.6502,0.6375,0.9549,0.0001,0.763,0.7655,0.5653,0.3498,0.011084503544173853,12603555.0
2025-10-30,MSFT,0,41023100,0.0242232997644564,0.3603,0.3,0.3397,100,0.0603,0.5457,0.6603,0.3736,0.5627,0.33,0.0002,86.0,5.0,3.0,2.0,36023000.0,29986700.0,18734700.0,18962700.0,0.6437,0.5629,0.3369,0.0004,0.7902,0.9998,0.9898,0.7254,0.008232681937334646,19206455.0
2025-10-30,TSLA,0,72447900,0.0342534367036116,0.2334,0.3037,0.463,48,-0.0703,0.4345,0.537,0.1803,0.245,0.2394,0.0007,42.0,34.0,70.0,3.0,67983500.0,80185700.0,105867500.0,84023500.0,0.6576,0.5014,0.5858,0.6666,0.6371,0.7443,0.7044,0.5005,0.029050742728181058,89440015.0
2025-10-30,UNH,0,11441900,0.0314802105986942,0.6012,0.2664,0.1324,15,0.3348,0.6929,0.8676,0.0896,0.645,0.3618,0.0264,30.0,71.0,16.0,13.0,11874900.0,18858700.0,7766400.0,5756700.0,0.7935,0.7818,0.3908,0.7348,0.5564,0.9125,0.9628,0.518,0.016832283398044743,8560305.0
2025-10-31,AAPL,0,86167100,0.029459561535797,0.7173,0.1034,0.1794,72,0.6139,0.874,0.8206,0.1932,0.394,0.3989,0.627,76.0,62.0,47.0,3.0,69886500.0,51086700.0,41534800.0,32754900.0,0.5717,0.7197,0.6667,0.6272,0.669,0.7737,0.7992,0.9998,0.010040323980824384,46433765.0
2025-10-31,AMZN,0,166340800,0.0260695886179321,0.6885,0.0753,0.2362,96,0.6131,0.9014,0.7638,0.1342,0.2397,0.3207,0.9971,75.0,75.0,27.0,1.0,102252900.0,52036200.0,47100000.0,38685100.0,0.5861,0.5737,0.4478,0.9971,0.6145,0.7089,0.8581,1.0,0.010129094439555918,45609080.0
2025-10-31,BRK-B,1,7146400,0.0071308598647881,0.0025,0.2038,0.7937,5,-0.2013,0.0121,0.2063,0.4,-0.3004,0.4467,0.008,5.0,3.0,8.0,3.0,4786600.0,6204500.0,5029100.0,3166800.0,0.4001,0.328,0.6442,0.0333,0.9999,0.0421,0.8467,0.6196,0.007512450521748918,3969395.0
2025-10-31,GOOGL,0,39267900,0.031672615696279,0.4763,0.2101,0.3136,57,0.2662,0.6939,0.6864,0.2814,0.5368,0.6771,-0.0,100.0,84.0,17.0,1.0,74876000.0,43580300.0,29738600.0,28655100.0,0.6613,0.6875,0.6824,0.0,0.7127,0.8905,0.9961,0.0571,0.01589137458668731,31448910.0
2025-10-31,JPM,1,7721300,0.0182148018459307,0.3411,0.1232,0.5357,18,0.2179,0.7347,0.4643,0.47,0.0017,0.748,0.268,23.0,9.0,10.0,15.0,7514600.0,7520300.0,6336000.0,7228300.0,0.6476,0.4458,0.7612,0.5367,0.8629,0.5019,0.9913,0.7497,0.010694513466616182,8403930.0
2025-10-31,META,0,56953200,0.0434686022441783,0.4554,0.2698,0.2747,61,0.1856,0.628,0.7253,-0.1897,0.342,0.3385,0.9992,104.0,73.0,38.0,1.0,88440100.0,26818600.0,12193800.0,7647300.0,0.6221,0.6502,0.6375,0.9997,0.3475,0.763,0.7655,0.9998,0.010444093298828217,16481930.0
2025-10-31,MSFT,0,34006400,0.0268870662664437,0.5276,0.2174,0.255,64,0.3103,0.7082,0.745,0.0603,0.3736,0.5627,-0.0292,100.0,86.0,5.0,4.0,41023100.0,36023000.0,29986700.0,14023500.0,0.6603,0.6437,0.5629,0.1235,0.5457,0.7902,0.9998,0.3818,0.008448784462965521,20468285.0
2025-10-31,TSLA,1,83135800,0.0320313319722298,0.4785,0.1667,0.3549,21,0.3118,0.7417,0.6451,-0.0703,0.1803,0.245,0.1763,48.0,42.0,34.0,16.0,72447900.0,67983500.0,80185700.0,94727800.0,0.537,0.6576,0.5014,0.5459,0.4345,0.6371,0.7443,0.6615,0.02892456954797803,88225090.0
2025-10-31,UNH,0,8390800,0.0265977620502734,0.2356,0.4477,0.3167,6,-0.2121,0.3448,0.6833,0.3348,0.0896,0.645,0.1007,15.0,30.0,71.0,10.0,11441900.0,11874900.0,18858700.0,5462100.0,0.8676,0.7935,0.7818,0.6997,0.6929,0.5564,0.9125,0.5719,0.016603658338503628,8691125.0
2025-11-03,AAPL,0,50194600,0.0170105978666586,0.2501,0.4941,0.2558,4,-0.244,0.336,0.7442,0.6139,0.1932,0.394,0.1858,72.0,76.0,62.0,2.0,86167100.0,69886500.0,51086700.0,44888200.0,0.8206,0.5717,0.7197,0.1866,0.874,0.669,0.7737,0.9977,0.011114161652065494,47982015.0
2025-11-03,AMZN,0,95997800,0.0223214763213004,0.5515,0.0032,0.4453,9,0.5482,0.9942,0.5547,0.6131,0.1342,0.2397,-0.0002,96.0,75.0,75.0,2.0,166340800.0,102252900.0,52036200.0,38267000.0,0.7638,0.5861,0.5737,0.0002,0.9014,0.6145,0.7089,0.0038,0.011256426189516923,51729430.0
2025-11-03,BRK-B,0,5868100,0.0142645538124092,0.1303,0.1062,0.7634,18,0.0241,0.5509,0.2366,-0.2013,0.4,-0.3004,-0.5636,5.0,5.0,3.0,7.0,7146400.0,4786600.0,6204500.0,6451500.0,0.2063,0.4001,0.328,0.852,0.0121,0.9999,0.0421,0.1693,0.007379212395390091,4092775.0
2025-11-03,GOOGL,1,29786000,0.0203062270006923,0.001,0.0012,0.9978,3,-0.0003,0.4398,0.0022,0.2662,0.2814,0.5368,0.3729,57.0,100.0,84.0,8.0,39267900.0,74876000.0,43580300.0,35235200.0,0.6864,0.6613,0.6875,0.3846,0.6939,0.7127,0.8905,0.9847,0.015999959586380896,32138140.0
2025-11-03,META,0,33003600,0.0352896713629002,0.3518,0.1438,0.5044,8,0.208,0.7099,0.4956,0.1856,-0.1897,0.342,0.1247,61.0,104.0,73.0,1.0,56953200.0,88440100.0,26818600.0,8734500.0,0.7253,0.6221,0.6502,0.9549,0.628,0.3475,0.763,0.5653,0.01328916375651807,18888180.0
2025-11-03,MSFT,0,22374700,0.0199495876683645,0.57,0.0013,0.4287,2,0.5688,0.9978,0.5713,0.3103,0.0603,0.3736,0.33,64.0,100.0,86.0,3.0,34006400.0,41023100.0,36023000.0,18734700.0,0.745,0.6603,0.6437,0.3369,0.7082,0.5457,0.7902,0.9898,0.009555480051147055,21357950.0
2025-11-03,TSLA,1,84595200,0.0444527730111605,0.4811,0.0,0.5189,4,0.4811,1.0,0.4811,0.3118,-0.0703,0.1803,0.2394,21.0,48.0,42.0,70.0,83135800.0,72447900.0,67983500.0,105867500.0,0.6451,0.537,0.6576,0.5858,0.7417,0.4345,0.6371,0.7044,0.02860933752420227,87300470.0
2025-11-03,UNH,0,11181400,0.0415769937796803,0.1904,0.4578,0.3518,13,-0.2674,0.2938,0.6482,-0.2121,0.3348,0.0896,0.3618,6.0,15.0,30.0,16.0,8390800.0,11441900.0,11874900.0,7766400.0,0.6833,0.8676,0.7935,0.3908,0.3448,0.6929,0.5564,0.9628,0.016496963861203435,8435925.0
2025-11-04,AAPL,1,49274800,0.0144225219351145,0.0341,0.001,0.965,2,0.0331,0.9721,0.035,-0.244,0.6139,0.1932,0.3989,4.0,72.0,76.0,47.0,50194600.0,86167100.0,69886500.0,41534800.0,0.7442,0.8206,0.5717,0.6667,0.336,0.874,0.669,0.7992,0.011091527268348913,48187930.0
2025-11-04,AMZN,0,51546300,0.0333493327768875,0.0001,0.002,0.9979,2,-0.002,0.0304,0.0021,0.5482,0.6131,0.1342,0.3207,9.0,96.0,75.0,27.0,95997800.0,166340800.0,102252900.0,47100000.0,0.5547,0.7638,0.5861,0.4478,0.9942,0.9014,0.6145,0.8581,0.011253559648724452,54466390.0
2025-11-04,BRK-B,1,7803200,0.0279495447842731,0.4163,0.203,0.3806,11,0.2133,0.6722,0.6194,0.0241,-0.2013,0.4,0.4467,18.0,5.0,5.0,8.0,5868100.0,7146400.0,4786600.0,5029100.0,0.2366,0.2063,0.4001,0.6442,0.5509,0.0121,0.9999,0.8467,0.007525797746842778,4210205.0
2025-11-04,GOOGL,1,30078400,0.0181029060453366,0.9999,0.0,0.0001,1,0.9999,1.0,0.9999,-0.0003,0.2662,0.2814,0.6771,3.0,57.0,100.0,17.0,29786000.0,39267900.0,74876000.0,29738600.0,0.0022,0.6864,0.6613,0.6824,0.4398,0.6939,0.7127,0.9961,0.016023001322618587,32114960.0
2025-11-04,META,0,27356600,0.0250461451803712,0.5014,0.4463,0.0523,2,0.0551,0.5291,0.9477,0.208,0.1856,-0.1897,0.3385,8.0,61.0,104.0,38.0,33003600.0,56953200.0,88440100.0,12193800.0,0.4956,0.7253,0.6221,0.6375,0.7099,0.628,0.3475,0.7655,0.014367255287989138,20008805.0
2025-11-04,MSFT,1,20958700,0.0150656387915287,0.5002,0.0149,0.4849,2,0.4853,0.971,0.5151,0.5688,0.3103,0.0603,0.5627,2.0,64.0,100.0,5.0,22374700.0,34006400.0,41023100.0,29986700.0,0.5713,0.745,0.6603,0.5629,0.9978,0.7082,0.5457,0.9998,0.009407835684410266,21595795.0
2025-11-04,TSLA,0,87756600,0.0365708652679722,0.5,0.0007,0.4993,2,0.4993,0.9987,0.5007,0.4811,0.3118,-0.0703,0.245,4.0,21.0,48.0,34.0,84595200.0,83135800.0,72447900.0,80185700.0,0.4811,0.6451,0.537,0.5014,1.0,0.7417,0.4345,0.7443,0.029363747163377904,87555655.0
2025-11-04,UNH,1,9646600,0.0283856412854958,0.375,0.375,0.25,8,0.0001,0.5001,0.75,-0.2674,-0.2121,0.3348,0.645,13.0,6.0,15.0,71.0,11181400.0,8390800.0,11441900.0,18858700.0,0.6482,0.6833,0.8676,0.7818,0.2938,0.3448,0.6929,0.9125,0.016747398116858797,8635910.0
2025-11-05,AAPL,1,43683100,0.0177581616149038,1.0,0.0,0.0,1,1.0,1.0,1.0,0.0331,-0.244,0.6139,0.394,2.0,4.0,72.0,62.0,49274800.0,50194600.0,86167100.0,51086700.0,0.035,0.7442,0.8206,0.7197,0.9721,0.336,0.874,0.7737,0.011199923854482407,48645285.0
2025-11-05,AMZN,1,40610700,0.0194353947782014,0.5,0.471,0.029,2,0.0291,0.515,0.971,-0.002,0.5482,0.6131,0.2397,2.0,9.0,96.0,75.0,51546300.0,95997800.0,166340800.0,52036200.0,0.0021,0.5547,0.7638,0.5737,0.0304,0.9942,0.9014,0.7089,0.0105170840286351,54861755.0
2025-11-05,BRK-B,1,6551200,0.0134403462875341,0.5137,0.0014,0.4849,2,0.5123,0.9973,0.5151,0.2133,0.0241,-0.2013,-0.3004,11.0,18.0,5.0,3.0,7803200.0,5868100.0,7146400.0,6204500.0,0.6194,0.2366,0.2063,0.328,0.6722,0.5509,0.0121,0.0421,0.009593689077775103,4447495.0
2025-11-05,GOOGL,1,31010300,0.0325600360340957,0.0002,0.0,0.9998,2,0.0002,0.9791,0.0002,0.9999,-0.0003,0.2662,0.5368,1.0,3.0,57.0,84.0,30078400.0,29786000.0,39267900.0,43580300.0,0.9999,0.0022,0.6864,0.6875,1.0,0.4398,0.6939,0.8905,0.015166171802978048,32174145.0
2025-11-05,META,1,20219900,0.0248137820088038,0.1019,0.1682,0.7298,6,-0.0663,0.3773,0.2702,0.0551,0.208,0.1856,0.342,2.0,8.0,61.0,73.0,27356600.0,33003600.0,56953200.0,26818600.0,0.9477,0.4956,0.7253,0.6502,0.5291,0.7099,0.628,0.763,0.014357243969147084,20891820.0
2025-11-05,MSFT,0,23024300,0.0160725320743737,0.1082,0.3513,0.5406,3,-0.2431,0.2355,0.4594,0.4853,0.5688,0.3103,0.3736,2.0,2.0,64.0,86.0,20958700.0,22374700.0,34006400.0,36023000.0,0.5151,0.5713,0.745,0.6437,0.971,0.9978,0.7082,0.7902,0.009185210793574228,21657320.0
2025-11-05,UNH,1,9697100,0.0183573106296759,0.4898,0.2105,0.2998,10,0.2793,0.6994,0.7002,0.0001,-0.2674,-0.2121,0.0896,8.0,13.0,6.0,30.0,9646600.0,11181400.0,8390800.0,11874900.0,0.75,0.6482,0.6833,0.7935,0.5001,0.2938,0.3448,0.5564,0.016658236042022226,8756430.0
2025-11-06,AAPL,1,51204000,0.0205680650519125,0.5,0.0002,0.4998,2,0.4998,0.9995,0.5002,1.0,0.0331,-0.244,0.1932,1.0,2.0,4.0,76.0,43683100.0,49274800.0,50194600.0,69886500.0,1.0,0.035,0.7442,0.5717,1.0,0.9721,0.336,0.669,0.011276053793814992,48944225.0
2025-11-06,AMZN,0,46004200,0.0329507408620885,0.6665,0.0,0.3335,3,0.6665,1.0,0.6665,0.0291,-0.002,0.5482,0.1342,2.0,2.0,9.0,75.0,40610700.0,51546300.0,95997800.0,102252900.0,0.971,0.0021,0.5547,0.5861,0.515,0.0304,0.9942,0.6145,0.010547096899456801,54707745.0
2025-11-06,BRK-B,1,4964700,0.0148571403659119,0.4901,0.1685,0.3414,7,0.3216,0.7441,0.6586,0.5123,0.2133,0.0241,0.4,2.0,11.0,18.0,5.0,6551200.0,7803200.0,5868100.0,4786600.0,0.5151,0.6194,0.2366,0.4001,0.9973,0.6722,0.5509,0.9999,0.009533359254131093,4627825.0
2025-11-06,GOOGL,0,37173600,0.0252689580288895,0.5042,0.0,0.4958,2,0.5042,1.0,0.5042,0.0002,0.9999,-0.0003,0.2814,2.0,1.0,3.0,100.0,31010300.0,30078400.0,29786000.0,74876000.0,0.0002,0.9999,0.0022,0.6613,0.9791,1.0,0.4398,0.7127,0.015576555271921097,32565595.0
2025-11-06,META,0,23628800,0.0283085644273447,0.136,0.2726,0.5914,4,-0.1365,0.3329,0.4086,-0.0663,0.0551,0.208,-0.1897,6.0,2.0,8.0,104.0,20219900.0,27356600.0,33003600.0,88440100.0,0.2702,0.9477,0.4956,0.6221,0.3773,0.5291,0.7099,0.3475,0.014506601928226963,21440475.0
2025-11-06,MSFT,0,27406500,0.0195586255128182,0.3352,0.2774,0.3874,4,0.0577,0.5471,0.6126,-0.2431,0.4853,0.5688,0.0603,3.0,2.0,2.0,100.0,23024300.0,20958700.0,22374700.0,41023100.0,0.4594,0.5151,0.5713,0.6603,0.2355,0.971,0.9978,0.5457,0.008961525923071551,21676920.0
2025-11-06,UNH,0,7922100,0.0331995088908004,0.3535,0.0001,0.6463,6,0.3534,0.9996,0.3537,0.2793,0.0001,-0.2674,0.3348,10.0,8.0,13.0,15.0,9697100.0,9646600.0,11181400.0,11441900.0,0.7002,0.75,0.6482,0.8676,0.6994,0.5001,0.2938,0.6929,0.016547158570009452,8769370.0
2025-11-07,AMZN,1,46374300,0.0263894136039049,0.0004,0.3846,0.615,1,-0.3842,0.001,0.385,0.6665,0.0291,-0.002,0.6131,3.0,2.0,2.0,96.0,46004200.0,40610700.0,51546300.0,166340800.0,0.6665,0.971,0.0021,0.7638,1.0,0.515,0.0304,0.9014,0.011968102745071894,55448220.0
2025-11-07,BRK-B,1,6377800,0.0137595168192905,0.3051,0.4542,0.2408,4,-0.1491,0.4018,0.7592,0.3216,0.5123,0.2133,-0.2013,7.0,2.0,11.0,5.0,4964700.0,6551200.0,7803200.0,7146400.0,0.6586,0.5151,0.6194,0.2063,0.7441,0.9973,0.6722,0.0121,0.009501550030202005,4717450.0
2025-11-07,GOOGL,0,34479600,0.0303308378837797,1.0,0.0,0.0,1,1.0,1.0,1.0,0.5042,0.0002,0.9999,0.2662,2.0,2.0,1.0,57.0,37173600.0,31010300.0,30078400.0,39267900.0,0.5042,0.0002,0.9999,0.6864,1.0,0.9791,1.0,0.6939,0.01558327702767962,33358920.0
2025-11-07,META,1,29946800,0.0339502554904812,0.294,0.3032,0.4028,8,-0.0092,0.4923,0.5972,-0.1365,-0.0663,0.0551,0.1856,4.0,6.0,2.0,61.0,23628800.0,20219900.0,27356600.0,56953200.0,0.4086,0.2702,0.9477,0.7253,0.3329,0.3773,0.5291,0.628,0.015333683415761896,21810575.0
2025-11-07,MSFT,0,24019800,0.0123352545170253,0.0361,0.0427,0.9212,1,-0.0066,0.4581,0.0788,0.0577,-0.2431,0.4853,0.3103,4.0,3.0,2.0,64.0,27406500.0,23024300.0,20958700.0,34006400.0,0.6126,0.4594,0.5151,0.745,0.5471,0.2355,0.971,0.7082,0.009448558843375988,21986100.0
2025-11-07,TSLA,0,103471500,0.0399159205625904,0.0004,0.9784,0.0212,1,-0.978,0.0004,0.9788,0.4993,0.4811,0.3118,0.1803,2.0,4.0,21.0,42.0,87756600.0,84595200.0,83135800.0,67983500.0,0.5007,0.4811,0.6451,0.6576,0.9987,1.0,0.7417,0.6371,0.029676537761710243,88225585.0
2025-11-07,UNH,1,9402900,0.0325032347238597,0.0001,0.6619,0.338,3,-0.6618,0.0002,0.662,0.3534,0.2793,0.0001,-0.2121,6.0,10.0,8.0,6.0,7922100.0,9697100.0,9646600.0,8390800.0,0.3537,0.7002,0.75,0.6833,0.9996,0.6994,0.5001,0.3448,0.016968143037109248,8727485.0
2025-11-10,AAPL,1,41312400,0.0233120900150578,0.5,0.0002,0.4998,2,0.4998,0.9996,0.5002,0.4998,1.0,0.0331,0.6139,2.0,1.0,2.0,72.0,51204000.0,43683100.0,49274800.0,86167100.0,0.5002,1.0,0.035,0.8206,0.9995,1.0,0.9721,0.874,0.011378592698427736,49068730.0
2025-11-10,BRK-B,0,5084000,0.0123722420186198,0.18,0.0976,0.7224,12,0.0823,0.6482,0.2776,-0.1491,0.3216,0.5123,0.0241,4.0,7.0,2.0,18.0,6377800.0,4964700.0,6551200.0,5868100.0,0.7592,0.6586,0.5151,0.2366,0.4018,0.7441,0.9973,0.5509,0.008739504010367402,4798150.0
2025-11-10,META,1,19245000,0.0267632412646344,0.0274,0.9723,0.0003,1,-0.9449,0.0274,0.9997,-0.0092,-0.1365,-0.0663,0.208,8.0,4.0,6.0,8.0,29946800.0,23628800.0,20219900.0,33003600.0,0.5972,0.4086,0.2702,0.4956,0.4923,0.3329,0.3773,0.7099,0.015592071780199486,22286935.0
2025-11-10,MSFT,1,26101500,0.0160987484460927,1.0,0.0,0.0,1,1.0,1.0,1.0,-0.0066,0.0577,-0.2431,0.5688,1.0,4.0,3.0,2.0,24019800.0,27406500.0,23024300.0,22374700.0,0.0788,0.6126,0.4594,0.5713,0.4581,0.5471,0.2355,0.9978,0.009430547802474723,22431475.0
2025-11-10,TSLA,1,76515900,0.0371019741804353,0.0,0.3334,0.6666,3,-0.3334,0.0,0.3334,-0.978,0.4993,0.4811,-0.0703,1.0,2.0,4.0,48.0,103471500.0,87756600.0,84595200.0,72447900.0,0.9788,0.5007,0.4811,0.537,0.0004,0.9987,1.0,0.4345,0.028509283972278456,88493045.0
2025-11-10,UNH,1,9283800,0.0221256501401182,0.5791,0.1806,0.2403,11,0.3985,0.7623,0.7597,-0.6618,0.3534,0.2793,-0.2674,3.0,6.0,10.0,13.0,9402900.0,7922100.0,9697100.0,11181400.0,0.662,0.3537,0.7002,0.6482,0.0002,0.9996,0.6994,0.2938,0.015038442158518732,8540535.0
2025-11-11,BRK-B,0,2960200,0.0110110316586746,0.5112,0.2304,0.2584,4,0.2807,0.6893,0.7416,0.0823,-0.1491,0.3216,0.2133,12.0,4.0,7.0,11.0,5084000.0,6377800.0,4964700.0,7803200.0,0.2776,0.7592,0.6586,0.6194,0.6482,0.4018,0.7441,0.6722,0.00864359224802378,4893175.0
2025-11-11,JPM,0,5030200,0.0118739811454233,0.2027,0.0003,0.7969,10,0.2024,0.9984,0.2031,0.2179,0.47,0.0017,0.4172,18.0,23.0,9.0,15.0,7721300.0,7514600.0,7520300.0,5642200.0,0.4643,0.6476,0.4458,0.4375,0.7347,0.8629,0.5019,0.9768,0.010804395799718994,8328235.0
2025-11-11,META,0,13302200,0.0161942403027965,0.0014,0.5082,0.4904,2,-0.5068,0.0027,0.5096,-0.9449,-0.0092,-0.1365,0.0551,1.0,8.0,4.0,2.0,19245000.0,29946800.0,23628800.0,27356600.0,0.9997,0.5972,0.4086,0.9477,0.0274,0.4923,0.3329,0.5291,0.014685079598958213,22441470.0
2025-11-11,MSFT,1,17980000,0.0143621239606159,0.5154,0.0032,0.4815,2,0.5122,0.9939,0.5185,1.0,-0.0066,0.0577,0.4853,1.0,1.0,4.0,2.0,26101500.0,24019800.0,27406500.0,20958700.0,1.0,0.0788,0.6126,0.5151,1.0,0.4581,0.5471,0.971,0.008579360099398551,22667120.0
2025-11-11,TSLA,1,60533200,0.0230541762028311,0.4374,0.0008,0.5618,3,0.4366,0.9982,0.4382,-0.3334,-0.978,0.4993,0.3118,3.0,1.0,2.0,21.0,76515900.0,103471500.0,87756600.0,83135800.0,0.3334,0.9788,0.5007,0.6451,0.0,0.0004,0.9987,0.7417,0.02377061015130343,85468390.0
2025-11-11,UNH,1,7157800,0.0246828975256879,0.2269,0.2611,0.512,8,-0.0342,0.4649,0.488,0.3985,-0.6618,0.3534,0.0001,11.0,3.0,6.0,8.0,9283800.0,9402900.0,7922100.0,9646600.0,0.7597,0.662,0.3537,0.75,0.7623,0.0002,0.9996,0.5001,0.014843579966785671,8721755.0
2025-11-12,AAPL,0,48398000,0.0146545410156248,1.0,0.0,0.0,1,1.0,1.0,1.0,0.4998,0.4998,1.0,-0.244,2.0,2.0,1.0,4.0,41312400.0,51204000.0,43683100.0,50194600.0,0.5002,0.5002,1.0,0.7442,0.9996,0.9995,1.0,0.336,0.01130982238493407,48901145.0
2025-11-12,AMZN,0,31190100,0.0264545834873246,0.2589,0.0299,0.7112,4,0.229,0.8965,0.2888,-0.3842,0.6665,0.0291,0.5482,1.0,3.0,2.0,9.0,46374300.0,46004200.0,40610700.0,95997800.0,0.385,0.6665,0.971,0.5547,0.001,1.0,0.515,0.9942,0.011809866589412549,55432635.0
2025-11-12,BRK-B,1,5456000,0.0150052737905409,0.6574,0.0005,0.3421,3,0.6569,0.9992,0.6579,0.2807,0.0823,-0.1491,0.5123,4.0,12.0,4.0,2.0,2960200.0,5084000.0,6377800.0,6551200.0,0.7416,0.2776,0.7592,0.5151,0.6893,0.6482,0.4018,0.9973,0.00832521304061707,4888385.0
2025-11-12,GOOGL,0,24829900,0.0285244361393922,0.0,0.0002,0.9998,1,-0.0002,0.0561,0.0002,1.0,0.5042,0.0002,-0.0003,1.0,2.0,2.0,3.0,34479600.0,37173600.0,31010300.0,29786000.0,1.0,0.5042,0.0002,0.0022,1.0,1.0,0.9791,0.4398,0.015756794873614716,33688295.0
2025-11-12,JPM,1,10578300,0.0190982367622071,0.4081,0.0646,0.5273,36,0.3436,0.8634,0.4727,0.2024,0.2179,0.47,0.748,10.0,18.0,23.0,10.0,5030200.0,7721300.0,7514600.0,6336000.0,0.2031,0.4643,0.6476,0.7612,0.9984,0.7347,0.8629,0.9913,0.010840678027545627,8219020.0
2025-11-12,META,0,24493300,0.0337827687551464,0.0001,0.0737,0.9262,1,-0.0736,0.0011,0.0738,-0.5068,-0.9449,-0.0092,-0.0663,2.0,1.0,8.0,6.0,13302200.0,19245000.0,29946800.0,20219900.0,0.5096,0.9997,0.5972,0.2702,0.0027,0.0274,0.4923,0.3773,0.014127005165656166,22023845.0
2025-11-12,MSFT,1,26574900,0.0246387990251822,0.0016,0.9974,0.0011,1,-0.9958,0.0016,0.9989,0.5122,1.0,-0.0066,-0.2431,2.0,1.0,1.0,3.0,17980000.0,26101500.0,24019800.0,23024300.0,0.5185,1.0,0.0788,0.4594,0.9939,1.0,0.4581,0.2355,0.00895744195084121,22835360.0
2025-11-12,TSLA,0,58513500,0.0356666046169027,0.0002,0.0676,0.9322,1,-0.0673,0.0036,0.0678,0.4366,-0.3334,-0.978,0.4811,3.0,3.0,1.0,4.0,60533200.0,76515900.0,103471500.0,84595200.0,0.4382,0.3334,0.9788,0.4811,0.9982,0.0,0.0004,1.0,0.022732528098111555,81835640.0
2025-11-12,UNH,1,10403300,0.0489877492996613,0.3358,0.2291,0.4351,13,0.1067,0.5944,0.5649,-0.0342,0.3985,-0.6618,0.2793,8.0,11.0,3.0,10.0,7157800.0,9283800.0,9402900.0,9697100.0,0.488,0.7597,0.662,0.7002,0.4649,0.7623,0.0002,0.6994,0.014781227150164137,8780905.0
2025-11-13,AAPL,0,49602800,0.0168181245321218,0.5,0.0,0.5,2,0.5,1.0,0.5,1.0,0.4998,0.4998,0.0331,1.0,2.0,2.0,2.0,48398000.0,41312400.0,51204000.0,49274800.0,1.0,0.5002,0.5002,0.035,1.0,0.9996,0.9995,0.9721,0.011389692680692304,49723255.0
2025-11-13,AMZN,0,41401700,0.0298292528655352,0.9956,0.0002,0.0042,1,0.9953,0.9998,0.9958,0.229,-0.3842,0.6665,-0.002,4.0,1.0,3.0,2.0,31190100.0,46374300.0,46004200.0,51546300.0,0.2888,0.385,0.6665,0.0021,0.8965,0.001,1.0,0.0304,0.012520081496280422,54671535.0
2025-11-13,BRK-B,1,7340700,0.0186997391237375,0.2005,0.1901,0.6095,5,0.0104,0.5134,0.3905,0.6569,0.2807,0.0823,0.3216,3.0,4.0,12.0,7.0,5456000.0,2960200.0,5084000.0,4964700.0,0.6579,0.7416,0.2776,0.6586,0.9992,0.6893,0.6482,0.7441,0.008559531803243293,4982875.0
2025-11-13,GOOGL,0,29494000,0.019834264277647,0.0001,0.0008,0.9991,2,-0.0007,0.1284,0.0009,-0.0002,1.0,0.5042,0.9999,1.0,1.0,2.0,1.0,24829900.0,34479600.0,37173600.0,30078400.0,0.0002,1.0,0.5042,0.9999,0.0561,1.0,1.0,1.0,0.015550514660255746,33270775.0
2025-11-13,JPM,0,8973300,0.0361181542539578,0.4805,0.2964,0.2231,18,0.1841,0.6185,0.7769,0.3436,0.2024,0.2179,0.0017,36.0,10.0,18.0,9.0,10578300.0,5030200.0,7721300.0,7520300.0,0.4727,0.2031,0.4643,0.4458,0.8634,0.9984,0.7347,0.5019,0.011305534773515879,8325225.0
2025-11-13,META,0,20973800,0.0238961688535432,0.25,0.0005,0.7494,4,0.2495,0.9979,0.2506,-0.0736,-0.5068,-0.9449,-0.1365,1.0,2.0,1.0,4.0,24493300.0,13302200.0,19245000.0,23628800.0,0.0738,0.5096,0.9997,0.4086,0.0011,0.0027,0.0274,0.3329,0.015389951814328152,22645365.0
2025-11-13,MSFT,0,25273100,0.0239266162009224,0.6579,0.0023,0.3398,1,0.6557,0.9965,0.6602,-0.9958,0.5122,1.0,0.0577,1.0,2.0,1.0,4.0,26574900.0,17980000.0,26101500.0,27406500.0,0.9989,0.5185,1.0,0.6126,0.0016,0.9939,1.0,0.5471,0.009066705286669115,23246925.0
2025-11-13,TSLA,0,118948000,0.0665516586797204,0.0013,0.2323,0.7664,1,-0.231,0.0054,0.2336,-0.0673,0.4366,-0.3334,0.4993,1.0,3.0,3.0,2.0,58513500.0,60533200.0,76515900.0,87756600.0,0.0678,0.4382,0.3334,0.5007,0.0036,0.9982,0.0,0.9987,0.023412208619631253,81294320.0
2025-11-13,UNH,0,7788700,0.0228756911327113,0.2588,0.0901,0.6511,12,0.1687,0.7417,0.3489,0.1067,-0.0342,0.3985,0.3534,13.0,8.0,11.0,6.0,10403300.0,7157800.0,9283800.0,7922100.0,0.5649,0.488,0.7597,0.3537,0.5944,0.4649,0.7623,0.9996,0.016550274513112542,8972090.0
2025-11-14,AMZN,0,38956700,0.0248447051754727,0.09,0.0003,0.9097,4,0.0896,0.9965,0.0903,0.9953,0.229,-0.3842,0.0291,1.0,4.0,1.0,2.0,41401700.0,31190100.0,46374300.0,40610700.0,0.9958,0.2888,0.385,0.971,0.9998,0.8965,0.001,0.515,0.012880931548114262,54851135.0
2025-11-14,BRK-B,0,5462500,0.019817333296177,0.3329,0.0,0.6671,9,0.3329,0.9999,0.3329,0.0104,0.6569,0.2807,-0.1491,5.0,3.0,4.0,4.0,7340700.0,5456000.0,2960200.0,6377800.0,0.3905,0.6579,0.7416,0.7592,0.5134,0.9992,0.6893,0.4018,0.008469269938420423,5137195.0
2025-11-14,GOOGL,1,31647200,0.0289598218396832,0.0,0.0,1.0,3,-0.0,0.2729,0.0,-0.0007,-0.0002,1.0,0.0002,2.0,1.0,1.0,2.0,29494000.0,24829900.0,34479600.0,31010300.0,0.0009,0.0002,1.0,0.0002,0.1284,0.0561,1.0,0.9791,0.01545697371083506,33495725.0
2025-11-14,JPM,0,10327000,0.0208448618209042,0.333,0.3766,0.2904,23,-0.0436,0.4693,0.7096,0.1841,0.3436,0.2024,0.47,18.0,36.0,10.0,23.0,8973300.0,10578300.0,5030200.0,7514600.0,0.7769,0.4727,0.2031,0.6476,0.6185,0.8634,0.9984,0.8629,0.012836451831162499,8449395.0
2025-11-14,META,1,20724100,0.0307083553124747,0.239,0.6584,0.1026,2,-0.4194,0.2663,0.8974,0.2495,-0.0736,-0.5068,-0.0092,4.0,1.0,2.0,8.0,20973800.0,24493300.0,13302200.0,29946800.0,0.2506,0.0738,0.5096,0.5972,0.9979,0.0011,0.0027,0.4923,0.015192973766237794,23154525.0
2025-11-14,MSFT,1,28505700,0.0284206156792465,0.2503,0.2497,0.5,4,0.0006,0.5006,0.5,0.6557,-0.9958,0.5122,-0.0066,1.0,1.0,2.0,1.0,25273100.0,26574900.0,17980000.0,24019800.0,0.6602,0.9989,0.5185,0.0788,0.9965,0.0016,0.9939,0.4581,0.008864995891549295,23303890.0
2025-11-14,TSLA,1,105506700,0.0761325513628316,0.5613,0.2335,0.2052,5,0.3278,0.7062,0.7948,-0.231,-0.0673,0.4366,-0.978,1.0,1.0,3.0,1.0,118948000.0,58513500.0,60533200.0,103471500.0,0.2336,0.0678,0.4382,0.9788,0.0054,0.0036,0.9982,0.0004,0.023088041195638627,81636325.0
2025-11-14,UNH,0,8676500,0.0236121759671768,0.3635,0.5454,0.0912,11,-0.1819,0.3999,0.9088,0.1687,0.1067,-0.0342,-0.6618,12.0,13.0,8.0,3.0,7788700.0,10403300.0,7157800.0,9402900.0,0.3489,0.5649,0.488,0.662,0.7417,0.5944,0.4649,0.0002,0.016697087965044197,9067920.0
2025-11-17,AAPL,0,45018300,0.0177069381681325,0.0001,0.0001,0.9999,1,0.0,0.5185,0.0001,0.5,1.0,0.4998,1.0,2.0,1.0,2.0,1.0,49602800.0,48398000.0,41312400.0,43683100.0,0.5,1.0,0.5002,1.0,1.0,1.0,0.9996,1.0,0.011359025514812611,50378550.0
2025-11-17,AMZN,0,59919000,0.0231940135567388,0.0,0.0028,0.9972,3,-0.0028,0.0034,0.0028,0.0896,0.9953,0.229,0.6665,4.0,1.0,4.0,3.0,38956700.0,41401700.0,31190100.0,46004200.0,0.0903,0.9958,0.2888,0.6665,0.9965,0.9998,0.8965,1.0,0.012762684943270913,54515690.0
2025-11-17,BRK-B,0,5371000,0.0164862319554583,0.1998,0.2349,0.5653,16,-0.035,0.4597,0.4347,0.3329,0.0104,0.6569,0.0823,9.0,5.0,3.0,12.0,5462500.0,7340700.0,5456000.0,5084000.0,0.3329,0.3905,0.6579,0.2776,0.9999,0.5134,0.9992,0.6482,0.008986838615391556,5220605.0
2025-11-17,GOOGL,0,52670200,0.0363216632624763,0.322,0.0061,0.6719,13,0.3159,0.9814,0.3281,-0.0,-0.0007,-0.0002,0.5042,3.0,2.0,1.0,2.0,31647200.0,29494000.0,24829900.0,37173600.0,0.0,0.0009,0.0002,0.5042,0.2729,0.1284,0.0561,1.0,0.015514037343327128,33972505.0
2025-11-17,JPM,0,8344000,0.026052575362356,0.4298,0.2841,0.2861,14,0.1456,0.602,0.7139,-0.0436,0.1841,0.3436,0.2179,23.0,18.0,36.0,18.0,10327000.0,8973300.0,10578300.0,7721300.0,0.7096,0.7769,0.4727,0.4643,0.4693,0.6185,0.8634,0.7347,0.013033641630774976,8612730.0
2025-11-17,META,0,16501300,0.0267469765779683,0.0011,0.0037,0.9953,1,-0.0026,0.229,0.0047,-0.4194,0.2495,-0.0736,-0.9449,2.0,4.0,1.0,1.0,20724100.0,20973800.0,24493300.0,19245000.0,0.8974,0.2506,0.0738,0.9997,0.2663,0.9979,0.0011,0.0274,0.014533073394041038,23554870.0
2025-11-17,MSFT,0,19092800,0.0141803349040776,0.0,0.0001,0.9999,1,-0.0001,0.1798,0.0001,0.0006,0.6557,-0.9958,1.0,4.0,1.0,1.0,1.0,28505700.0,25273100.0,26574900.0,26101500.0,0.5,0.6602,0.9989,1.0,0.5006,0.9965,0.0016,1.0,0.010594011028167783,23994960.0
2025-11-17,TSLA,1,102214300,0.0632492397009868,0.0187,0.2793,0.702,3,-0.2606,0.0628,0.298,0.3278,-0.231,-0.0673,-0.3334,5.0,1.0,1.0,3.0,105506700.0,118948000.0,58513500.0,76515900.0,0.7948,0.2336,0.0678,0.3334,0.7062,0.0054,0.0036,0.0,0.02457471241092534,82934020.0
2025-11-17,UNH,0,6485400,0.0263568685157883,0.6214,0.0001,0.3785,8,0.6213,0.9999,0.6215,-0.1819,0.1687,0.1067,0.3985,11.0,12.0,13.0,11.0,8676500.0,7788700.0,10403300.0,9283800.0,0.9088,0.3489,0.5649,0.7597,0.3999,0.7417,0.5944,0.7623,0.016591817784758097,9071325.0
2025-11-18,AAPL,0,45677300,0.0199636443046662,0.5001,0.0002,0.4997,4,0.4999,0.9996,0.5003,0.0,0.5,1.0,0.4998,1.0,2.0,1.0,2.0,45018300.0,49602800.0,48398000.0,51204000.0,0.0001,0.5,1.0,0.5002,0.5185,1.0,1.0,0.9995,0.010903987994238017,50713365.0
2025-11-18,AMZN,0,60608400,0.0341078411710615,0.0026,0.4986,0.4989,2,-0.496,0.0051,0.5011,-0.0028,0.0896,0.9953,-0.3842,3.0,4.0,1.0,1.0,59919000.0,38956700.0,41401700.0,46374300.0,0.0028,0.0903,0.9958,0.385,0.0034,0.9965,0.9998,0.001,0.012775806288923997,55216165.0
2025-11-18,BRK-B,1,5457400,0.0119986657843027,0.2698,0.0218,0.7084,7,0.248,0.9253,0.2916,-0.035,0.3329,0.0104,0.2807,16.0,9.0,5.0,4.0,5371000.0,5462500.0,7340700.0,2960200.0,0.4347,0.3329,0.3905,0.7416,0.4597,0.9999,0.5134,0.6893,0.00969194257042983,5258890.0
2025-11-18,GOOGL,0,49158700,0.0368156956501323,0.5164,0.0408,0.4428,3,0.4756,0.9268,0.5572,0.3159,-0.0,-0.0007,1.0,13.0,3.0,2.0,1.0,52670200.0,31647200.0,29494000.0,34479600.0,0.3281,0.0,0.0009,1.0,0.9814,0.2729,0.1284,1.0,0.015090460749349702,35255630.0
2025-11-18,JPM,0,8077300,0.0197997435504487,0.4023,0.0937,0.504,15,0.3085,0.811,0.496,0.1456,-0.0436,0.1841,0.2024,14.0,23.0,18.0,10.0,8344000.0,10327000.0,8973300.0,5030200.0,0.7139,0.7096,0.7769,0.2031,0.602,0.4693,0.6185,0.9984,0.012864530997516298,8600060.0
2025-11-18,META,1,25500600,0.0336036928128108,0.0157,0.7071,0.2772,4,-0.6914,0.0218,0.7228,-0.0026,-0.4194,0.2495,-0.5068,1.0,2.0,4.0,2.0,16501300.0,20724100.0,20973800.0,13302200.0,0.0047,0.8974,0.2506,0.5096,0.229,0.2663,0.9979,0.0027,0.014434689313212,23917345.0
2025-11-18,MSFT,0,33815100,0.0327028531536289,0.549,0.3333,0.1176,3,0.2157,0.6222,0.8824,-0.0001,0.0006,0.6557,0.5122,1.0,4.0,1.0,2.0,19092800.0,28505700.0,25273100.0,17980000.0,0.0001,0.5,0.6602,0.5185,0.1798,0.5006,0.9965,0.9939,0.010594927363104719,24214865.0
2025-11-18,UNH,0,9182100,0.0275385972600125,0.151,0.4418,0.4072,18,-0.2909,0.2546,0.5928,0.6213,-0.1819,0.1687,-0.0342,8.0,11.0,12.0,8.0,6485400.0,8676500.0,7788700.0,7157800.0,0.6215,0.9088,0.3489,0.488,0.9999,0.3999,0.7417,0.4649,0.01603679834127842,9095770.0
2025-11-19,AAPL,1,40424500,0.0252701822239501,0.7518,0.0,0.2482,4,0.7517,1.0,0.7518,0.4999,0.0,0.5,0.4998,4.0,1.0,2.0,2.0,45677300.0,45018300.0,49602800.0,41312400.0,0.5003,0.0001,0.5,0.5002,0.9996,0.5185,1.0,0.9996,0.011008842965033067,51090085.0
2025-11-19,AMZN,0,58335600,0.0233306565323324,0.0015,0.9956,0.0029,1,-0.9941,0.0015,0.9971,-0.496,-0.0028,0.0896,0.229,2.0,3.0,4.0,4.0,60608400.0,59919000.0,38956700.0,31190100.0,0.5011,0.0028,0.0903,0.2888,0.0051,0.0034,0.9965,0.8965,0.013551067402881875,56125855.0
2025-11-19,BRK-B,0,4695000,0.0172725528893999,0.9998,0.0,0.0002,2,0.9997,1.0,0.9998,0.248,-0.035,0.3329,0.6569,7.0,16.0,9.0,3.0,5457400.0,5371000.0,5462500.0,5456000.0,0.2916,0.4347,0.3329,0.6579,0.9253,0.4597,0.9999,0.9992,0.009597896141317378,5396035.0
2025-11-19,GOOGL,1,68198900,0.0598272477249174,0.7747,0.0001,0.2252,9,0.7746,0.9999,0.7748,0.4756,0.3159,-0.0,-0.0002,3.0,13.0,3.0,1.0,49158700.0,52670200.0,31647200.0,24829900.0,0.5572,0.3281,0.0,0.0002,0.9268,0.9814,0.2729,0.0561,0.015313891723656036,36313705.0
2025-11-19,JPM,1,5546600,0.017281722032849,0.4463,0.155,0.3986,17,0.2913,0.7422,0.6014,0.3085,0.1456,-0.0436,0.3436,15.0,14.0,23.0,36.0,8077300.0,8344000.0,10327000.0,10578300.0,0.496,0.7139,0.7096,0.4727,0.811,0.602,0.4693,0.8634,0.012656634054092484,8464490.0
2025-11-19,META,0,24744700,0.023714912390717,0.3564,0.0077,0.6359,6,0.3486,0.9787,0.3641,-0.6914,-0.0026,-0.4194,-0.0736,4.0,1.0,2.0,1.0,25500600.0,16501300.0,20724100.0,24493300.0,0.7228,0.0047,0.8974,0.0738,0.0218,0.229,0.2663,0.0011,0.014824845648648681,24680035.0
2025-11-19,MSFT,0,23245300,0.0252193750565471,0.0002,0.4982,0.5016,2,-0.498,0.0004,0.4984,0.2157,-0.0001,0.0006,-0.9958,3.0,1.0,4.0,1.0,33815100.0,19092800.0,28505700.0,26574900.0,0.8824,0.0001,0.5,0.9989,0.6222,0.1798,0.5006,0.0016,0.010594512838702077,25127640.0
2025-11-19,TSLA,0,72047700,0.0326948619300832,0.9965,0.0,0.0035,2,0.9965,1.0,0.9965,-0.2606,0.3278,-0.231,0.4366,3.0,5.0,1.0,3.0,102214300.0,105506700.0,118948000.0,60533200.0,0.298,0.7948,0.2336,0.4382,0.0628,0.7062,0.0054,0.9982,0.025209161341099275,84411265.0
2025-11-19,UNH,0,8181100,0.0333513887330804,0.3484,0.2196,0.432,12,0.1288,0.6134,0.568,-0.2909,0.6213,-0.1819,0.1067,18.0,8.0,11.0,13.0,9182100.0,6485400.0,8676500.0,10403300.0,0.5928,0.6215,0.9088,0.5649,0.2546,0.9999,0.3999,0.5944,0.016123626036013805,9210610.0
2025-11-20,AAPL,0,45823600,0.0351142034470003,0.0,0.0,1.0,2,0.0,0.5088,0.0,0.7517,0.4999,0.0,1.0,4.0,4.0,1.0,1.0,40424500.0,45677300.0,45018300.0,48398000.0,0.7518,0.5003,0.0001,1.0,1.0,0.9996,0.5185,1.0,0.011243866517926051,51122460.0
2025-11-20,AMZN,0,50309000,0.0469940454769029,0.0127,0.7095,0.2777,1,-0.6968,0.0176,0.7223,-0.9941,-0.496,-0.0028,0.9953,1.0,2.0,3.0,1.0,58335600.0,60608400.0,59919000.0,41401700.0,0.9971,0.5011,0.0028,0.9958,0.0015,0.0051,0.0034,0.9998,0.012932377717725815,57098495.0
2025-11-20,BRK-B,1,5486900,0.0112550434301976,0.2,0.0109,0.7891,5,0.1892,0.9485,0.2109,0.9997,0.248,-0.035,0.0104,2.0,7.0,16.0,5.0,4695000.0,5457400.0,5371000.0,7340700.0,0.9998,0.2916,0.4347,0.3905,1.0,0.9253,0.4597,0.5134,0.009691337493359707,5461985.0
2025-11-20,GOOGL,0,62025200,0.0582846243579248,0.3335,0.0,0.6665,3,0.3335,1.0,0.3335,0.7746,0.4756,0.3159,-0.0007,9.0,3.0,13.0,2.0,68198900.0,49158700.0,52670200.0,29494000.0,0.7748,0.5572,0.3281,0.0009,0.9999,0.9268,0.9814,0.1284,0.015928610069067015,38606140.0
2025-11-20,JPM,0,7501600,0.0383887507547456,0.5045,0.2034,0.2921,15,0.3011,0.7127,0.7079,0.2913,0.3085,0.1456,0.1841,17.0,15.0,14.0,18.0,5546600.0,8077300.0,8344000.0,8973300.0,0.6014,0.496,0.7139,0.7769,0.7422,0.811,0.602,0.6185,0.012842520501951055,7932880.0
2025-11-20,META,0,20603000,0.0387241012712304,0.0,0.0,1.0,1,-0.0,0.1173,0.0,0.3486,-0.6914,-0.0026,0.2495,6.0,4.0,1.0,4.0,24744700.0,25500600.0,16501300.0,20973800.0,0.3641,0.7228,0.0047,0.2506,0.9787,0.0218,0.229,0.9979,0.014816877490276938,25466420.0
2025-11-20,MSFT,0,26802500,0.0366747328806019,0.0,0.0047,0.9953,1,-0.0047,0.0066,0.0047,-0.498,0.2157,-0.0001,0.6557,2.0,3.0,1.0,1.0,23245300.0,33815100.0,19092800.0,25273100.0,0.4984,0.8824,0.0001,0.6602,0.0004,0.6222,0.1798,0.9965,0.010492878929028338,25556625.0
2025-11-20,TSLA,0,113548800,0.0824832062423878,0.3297,0.0,0.6703,3,0.3297,0.9999,0.3297,0.9965,-0.2606,0.3278,-0.0673,2.0,3.0,5.0,1.0,72047700.0,102214300.0,105506700.0,58513500.0,0.9965,0.298,0.7948,0.0678,1.0,0.0628,0.7062,0.0036,0.025249331120156968,84435740.0
2025-11-20,UNH,1,7337600,0.0152826486834759,0.3401,0.2103,0.4496,9,0.1298,0.6179,0.5504,0.1288,-0.2909,0.6213,0.1687,12.0,18.0,8.0,12.0,8181100.0,9182100.0,6485400.0,7788700.0,0.568,0.5928,0.6215,0.3489,0.6134,0.2546,0.9999,0.7417,0.01634250899121689,9228015.0
2025-11-21,AAPL,1,59030800,0.0288023041659733,0.0,0.0,1.0,2,-0.0,0.0106,0.0,0.0,0.7517,0.4999,0.5,2.0,4.0,4.0,2.0,45823600.0,40424500.0,45677300.0,49602800.0,0.0,0.7518,0.5003,0.5,0.5088,1.0,0.9996,1.0,0.011253298500840876,50956290.0
2025-11-21,AMZN,1,68490500,0.0324937085267394,0.0012,0.0697,0.929,2,-0.0685,0.0175,0.071,-0.6968,-0.9941,-0.496,0.0896,1.0,1.0,2.0,4.0,50309000.0,58335600.0,60608400.0,38956700.0,0.7223,0.9971,0.5011,0.0903,0.0176,0.0015,0.0051,0.9965,0.014359053258219243,57089215.0
2025-11-21,BRK-B,1,6059000,0.0106302776118503,0.5677,0.4316,0.0007,2,0.1362,0.5681,0.9993,0.1892,0.9997,0.248,0.3329,5.0,2.0,7.0,9.0,5486900.0,4695000.0,5457400.0,5462500.0,0.2109,0.9998,0.2916,0.3329,0.9485,1.0,0.9253,0.9999,0.009620545996110666,5583180.0
2025-11-21,GOOGL,1,74137700,0.0339720898321656,0.0007,0.1375,0.8617,1,-0.1368,0.0052,0.1383,0.3335,0.7746,0.4756,-0.0,3.0,9.0,3.0,3.0,62025200.0,68198900.0,49158700.0,31647200.0,0.3335,0.7748,0.5572,0.0,1.0,0.9999,0.9268,0.2729,0.01902616363252173,39341795.0
2025-11-21,JPM,0,11766800,0.0294400573056671,0.383,0.2687,0.3484,9,0.1143,0.5877,0.6516,0.3011,0.2913,0.3085,-0.0436,15.0,17.0,15.0,23.0,7501600.0,5546600.0,8077300.0,10327000.0,0.7079,0.6014,0.496,0.7096,0.7127,0.7422,0.811,0.4693,0.013960749223424957,7740220.0
2025-11-21,MSFT,0,31769200,0.0222571043136102,0.2104,0.0009,0.7887,3,0.2095,0.9958,0.2113,-0.0047,-0.498,0.2157,0.0006,1.0,2.0,3.0,4.0,26802500.0,23245300.0,33815100.0,28505700.0,0.0047,0.4984,0.8824,0.5,0.0066,0.0004,0.6222,0.5006,0.011957026217432018,25948615.0
2025-11-21,TSLA,0,100460600,0.0473254565537925,0.168,0.5673,0.2647,10,-0.3993,0.2285,0.7353,0.3297,0.9965,-0.2606,-0.231,3.0,2.0,3.0,1.0,113548800.0,72047700.0,102214300.0,118948000.0,0.3297,0.9965,0.298,0.2336,0.9999,1.0,0.0628,0.0054,0.027244208798579552,86253685.0
2025-11-21,UNH,1,8406300,0.0397550375136967,0.5037,0.1699,0.3264,11,0.3338,0.7478,0.6736,0.1298,0.1288,-0.2909,-0.1819,9.0,12.0,18.0,11.0,7337600.0,8181100.0,9182100.0,8676500.0,0.5504,0.568,0.5928,0.9088,0.6179,0.6134,0.2546,0.3999,0.015905367813181016,9307060.0
2025-11-24,AAPL,1,65585800,0.0225175571832849,0.5553,0.1482,0.2964,50,0.4071,0.7893,0.7036,-0.0,0.0,0.7517,0.0,2.0,2.0,4.0,1.0,59030800.0,45823600.0,40424500.0,45018300.0,0.0,0.0,0.7518,0.0001,0.0106,0.5088,1.0,0.5185,0.010805259907429964,49383680.0
2025-11-24,AMZN,1,54318400,0.0227354314077111,0.5306,0.1542,0.3152,60,0.3764,0.7749,0.6848,-0.0685,-0.6968,-0.9941,-0.0028,2.0,1.0,1.0,3.0,68490500.0,50309000.0,58335600.0,59919000.0,0.071,0.7223,0.9971,0.0028,0.0175,0.0176,0.0015,0.0034,0.015754785157853154,58298315.0
2025-11-24,BRK-B,1,13404500,0.0239689159704952,0.6667,0.0,0.3333,3,0.6667,1.0,0.6667,0.1362,0.1892,0.9997,-0.035,2.0,5.0,2.0,16.0,6059000.0,5486900.0,4695000.0,5371000.0,0.9993,0.2109,0.9998,0.4347,0.5681,0.9485,1.0,0.4597,0.00961652121734993,5727790.0
2025-11-24,GOOGL,1,85165100,0.0317552300573964,0.5366,0.1431,0.3203,7,0.3935,0.7895,0.6797,-0.1368,0.3335,0.7746,0.3159,1.0,3.0,9.0,13.0,74137700.0,62025200.0,68198900.0,52670200.0,0.1383,0.3335,0.7748,0.3281,0.0052,1.0,0.9999,0.9814,0.019159074741981686,41297210.0
2025-11-24,JPM,0,10940200,0.0178044451866461,0.3142,0.2474,0.4385,16,0.0668,0.5595,0.5615,0.1143,0.3011,0.2913,0.1456,9.0,15.0,17.0,14.0,11766800.0,7501600.0,5546600.0,8344000.0,0.6516,0.7079,0.6014,0.7139,0.5877,0.7127,0.7422,0.602,0.013335960365649272,7801090.0
2025-11-24,META,1,23554900,0.0318512965281971,0.437,0.1322,0.4308,30,0.3048,0.7677,0.5692,-0.0,0.3486,-0.6914,-0.4194,1.0,6.0,4.0,2.0,20603000.0,24744700.0,25500600.0,20724100.0,0.0,0.3641,0.7228,0.8974,0.1173,0.9787,0.0218,0.2663,0.014514806596976798,26051560.0
2025-11-24,MSFT,0,34421000,0.0186947471217105,0.5958,0.1729,0.2313,65,0.4229,0.7751,0.7687,0.2095,-0.0047,-0.498,-0.0001,3.0,1.0,2.0,1.0,31769200.0,26802500.0,23245300.0,19092800.0,0.2113,0.0047,0.4984,0.0001,0.9958,0.0066,0.0004,0.1798,0.012113854331534836,26835900.0
2025-11-24,TSLA,1,96806400,0.0512967257478521,0.4497,0.1695,0.3808,64,0.2802,0.7262,0.6192,-0.3993,0.3297,0.9965,0.3278,10.0,3.0,2.0,5.0,100460600.0,113548800.0,72047700.0,105506700.0,0.7353,0.3297,0.9965,0.7948,0.2285,0.9999,1.0,0.7062,0.026682995821180604,86810135.0
2025-11-24,UNH,0,10773800,0.0253597849729915,0.1847,0.3621,0.4532,11,-0.1773,0.3379,0.5468,0.3338,0.1298,0.1288,0.6213,11.0,9.0,12.0,8.0,8406300.0,7337600.0,8181100.0,6485400.0,0.6736,0.5504,0.568,0.6215,0.7478,0.6179,0.6134,0.9999,0.01720371951896746,9454270.0
2025-11-25,AAPL,1,46914200,0.0186362665294315,0.4376,0.2029,0.3596,57,0.2347,0.6832,0.6404,0.4071,-0.0,0.0,0.4999,50.0,2.0,2.0,4.0,65585800.0,59030800.0,45823600.0,45677300.0,0.7036,0.0,0.0,0.5003,0.7893,0.0106,0.5088,0.9996,0.011617039011604833,50328175.0
2025-11-25,AMZN,1,39379300,0.0296846058651768,0.4303,0.1492,0.4205,59,0.2811,0.7425,0.5795,0.3764,-0.0685,-0.6968,-0.496,60.0,2.0,1.0,2.0,54318400.0,68490500.0,50309000.0,60608400.0,0.6848,0.071,0.7223,0.5011,0.7749,0.0175,0.0176,0.0051,0.016240173105813948,59437235.0
2025-11-25,BRK-B,0,4064000,0.0108069873639847,0.3107,0.0017,0.6876,5,0.3091,0.9947,0.3124,0.6667,0.1362,0.1892,0.248,3.0,2.0,5.0,7.0,13404500.0,6059000.0,5486900.0,5457400.0,0.6667,0.9993,0.2109,0.2916,1.0,0.5681,0.9485,0.9253,0.009653449119314818,6075440.0
2025-11-25,GOOGL,0,88632100,0.0342723796592259,0.4226,0.2171,0.3603,79,0.2055,0.6606,0.6397,0.3935,-0.1368,0.3335,0.4756,7.0,1.0,3.0,3.0,85165100.0,74137700.0,62025200.0,49158700.0,0.6797,0.1383,0.3335,0.5572,0.7895,0.0052,1.0,0.9268,0.019988188823372395,44560395.0
2025-11-25,JPM,1,8877200,0.0297950435097994,0.5391,0.189,0.2719,11,0.3501,0.7404,0.7281,0.0668,0.1143,0.3011,0.3085,16.0,9.0,15.0,15.0,10940200.0,11766800.0,7501600.0,8077300.0,0.5615,0.6516,0.7079,0.496,0.5595,0.5877,0.7127,0.811,0.013317117585912532,7840425.0
2025-11-25,META,1,25213000,0.0300480769230768,0.2756,0.3414,0.3831,67,-0.0658,0.4467,0.6169,0.3048,-0.0,0.3486,-0.0026,30.0,1.0,6.0,1.0,23554900.0,20603000.0,24744700.0,16501300.0,0.5692,0.0,0.3641,0.0047,0.7677,0.1173,0.9787,0.229,0.01611405324607879,26846940.0
2025-11-25,MSFT,1,28019800,0.0300799017607845,0.4682,0.1829,0.3489,58,0.2852,0.719,0.6511,0.4229,0.2095,-0.0047,0.2157,65.0,3.0,1.0,3.0,34421000.0,31769200.0,26802500.0,33815100.0,0.7687,0.2113,0.0047,0.8824,0.7751,0.9958,0.0066,0.6222,0.012087334288461064,27620215.0
2025-11-25,TSLA,1,71915600,0.0350610450955707,0.4843,0.2497,0.266,56,0.2347,0.6598,0.734,0.2802,-0.3993,0.3297,-0.2606,64.0,10.0,3.0,3.0,96806400.0,100460600.0,113548800.0,102214300.0,0.6192,0.7353,0.3297,0.298,0.7262,0.2285,0.9999,0.0628,0.02825528315712702,88464505.0
2025-11-25,UNH,1,6149100,0.022110133942063,0.5445,0.1367,0.3187,9,0.4078,0.7993,0.6813,-0.1773,0.3338,0.1298,-0.2909,11.0,11.0,9.0,18.0,10773800.0,8406300.0,7337600.0,9182100.0,0.5468,0.6736,0.5504,0.5928,0.3379,0.7478,0.6179,0.2546,0.01731299583712354,9604640.0
2025-11-26,AAPL,1,33431400,0.0104708043975902,0.4407,0.2883,0.271,55,0.1523,0.6045,0.729,0.2347,0.4071,-0.0,0.7517,57.0,50.0,2.0,4.0,46914200.0,65585800.0,59030800.0,40424500.0,0.6404,0.7036,0.0,0.7518,0.6832,0.7893,0.0106,1.0,0.011063806245715813,50423120.0
2025-11-26,AMZN,0,38497900,0.0129149504056303,0.3667,0.2456,0.3877,59,0.1212,0.5989,0.6123,0.2811,0.3764,-0.0685,-0.9941,59.0,60.0,2.0,1.0,39379300.0,54318400.0,68490500.0,58335600.0,0.5795,0.6848,0.071,0.9971,0.7425,0.7749,0.0175,0.0015,0.01651799886283864,59471945.0
2025-11-26,BRK-B,1,3686700,0.0099165798930719,0.749,0.0031,0.2479,4,0.746,0.9959,0.7521,0.3091,0.6667,0.1362,0.9997,5.0,3.0,2.0,2.0,4064000.0,13404500.0,6059000.0,4695000.0,0.3124,0.6667,0.9993,0.9998,0.9947,1.0,0.5681,1.0,0.009426987537362269,6027185.0
2025-11-26,GOOGL,0,51373400,0.0240426332517512,0.5349,0.1817,0.2834,91,0.3532,0.7464,0.7166,0.2055,0.3935,-0.1368,0.7746,79.0,7.0,1.0,9.0,88632100.0,85165100.0,74137700.0,68198900.0,0.6397,0.6797,0.1383,0.7748,0.6606,0.7895,0.0052,0.9999,0.019809817032768285,47559245.0
2025-11-26,JPM,1,7910900,0.0174753658107067,0.4694,0.1315,0.399,22,0.3379,0.7811,0.601,0.3501,0.0668,0.1143,0.2913,11.0,16.0,9.0,17.0,8877200.0,10940200.0,11766800.0,5546600.0,0.7281,0.5615,0.6516,0.6014,0.7404,0.5595,0.5877,0.7422,0.013152293438258824,7939540.0
2025-11-26,META,0,15209500,0.0105536866549327,0.5055,0.2416,0.2529,78,0.2638,0.6766,0.7471,-0.0658,0.3048,-0.0,-0.6914,67.0,30.0,1.0,4.0,25213000.0,23554900.0,20603000.0,25500600.0,0.6169,0.5692,0.0,0.7228,0.4467,0.7677,0.1173,0.0218,0.01707472874686428,27670865.0
2025-11-26,MSFT,0,25709100,0.0146202738731602,0.4847,0.232,0.2833,56,0.2526,0.6763,0.7167,0.2852,0.4229,0.2095,-0.498,58.0,65.0,3.0,2.0,28019800.0,34421000.0,31769200.0,23245300.0,0.6511,0.7687,0.2113,0.4984,0.719,0.7751,0.9958,0.0004,0.012129015274494786,27521870.0
2025-11-26,TSLA,1,63463000,0.0237055961872717,0.4339,0.2143,0.3518,50,0.2196,0.6694,0.6482,0.2347,0.2802,-0.3993,0.9965,56.0,64.0,10.0,2.0,71915600.0,96806400.0,100460600.0,72047700.0,0.734,0.6192,0.7353,0.9965,0.6598,0.7262,0.2285,1.0,0.02837307382147034,87859110.0
2025-11-26,UNH,1,5504200,0.0284760338566738,0.5247,0.0596,0.4158,4,0.4651,0.898,0.5842,0.4078,-0.1773,0.3338,0.1288,9.0,11.0,11.0,12.0,6149100.0,10773800.0,8406300.0,8181100.0,0.6813,0.5468,0.6736,0.568,0.7993,0.3379,0.7478,0.6134,0.016385582474898814,8969160.0
2025-11-28,AAPL,1,20135600,0.0108562708634737,0.341,0.1917,0.4672,24,0.1493,0.6401,0.5328,0.1523,0.2347,0.4071,0.0,55.0,57.0,50.0,2.0,33431400.0,46914200.0,65585800.0,45823600.0,0.729,0.6404,0.7036,0.0,0.6045,0.6832,0.7893,0.5088,0.011051432123662103,50456945.0
2025-11-28,AMZN,1,20292300,0.0132762151552554,0.4132,0.0674,0.5194,38,0.3457,0.8597,0.4806,0.1212,0.2811,0.3764,-0.6968,59.0,59.0,60.0,1.0,38497900.0,39379300.0,54318400.0,50309000.0,0.6123,0.5795,0.6848,0.7223,0.5989,0.7425,0.7749,0.0176,0.016491234724418966,59483490.0
2025-11-28,BRK-B,1,2312200,0.0103342082790516,0.0,0.0,1.0,1,-0.0,0.0478,0.0,0.746,0.3091,0.6667,0.1892,4.0,5.0,3.0,5.0,3686700.0,4064000.0,13404500.0,5486900.0,0.7521,0.3124,0.6667,0.2109,0.9959,0.9947,1.0,0.9485,0.009333991143389187,5901295.0
2025-11-28,GOOGL,0,26018600,0.0311098670578514,0.4457,0.2649,0.2893,32,0.1808,0.6272,0.7107,0.3532,0.2055,0.3935,0.3335,91.0,79.0,7.0,3.0,51373400.0,88632100.0,85165100.0,62025200.0,0.7166,0.6397,0.6797,0.3335,0.7464,0.6606,0.7895,1.0,0.01934037263934956,48366155.0
2025-11-28,JPM,1,4322400,0.0177289255196354,0.5184,0.1863,0.2953,12,0.3321,0.7357,0.7047,0.3379,0.3501,0.0668,0.3011,22.0,11.0,16.0,15.0,7910900.0,8877200.0,10940200.0,7501600.0,0.601,0.7281,0.5615,0.7079,0.7811,0.7404,0.5595,0.7127,0.012982183125285542,7966450.0
2025-11-28,META,1,11033200,0.0197302028923762,0.4012,0.1762,0.4226,30,0.225,0.6948,0.5774,0.2638,-0.0658,0.3048,0.3486,78.0,67.0,30.0,6.0,15209500.0,25213000.0,23554900.0,24744700.0,0.7471,0.6169,0.5692,0.3641,0.6766,0.4467,0.7677,0.9787,0.017057656566162996,27821650.0
2025-11-28,MSFT,1,14386700,0.0122641733213157,0.5509,0.1443,0.3048,26,0.4066,0.7925,0.6952,0.2526,0.2852,0.4229,-0.0047,56.0,58.0,65.0,1.0,25709100.0,28019800.0,34421000.0,26802500.0,0.7167,0.6511,0.7687,0.0047,0.6763,0.719,0.7751,0.0066,0.012129485904218052,27006175.0
2025-11-28,TSLA,1,36252900,0.0157762266497673,0.6687,0.0776,0.2537,16,0.5911,0.896,0.7463,0.2196,0.2347,0.2802,0.3297,50.0,56.0,64.0,3.0,63463000.0,71915600.0,96806400.0,113548800.0,0.6482,0.734,0.6192,0.3297,0.6694,0.6598,0.7262,0.9999,0.027631392217133288,86295870.0
2025-11-28,UNH,0,2464500,0.0095576409739164,0.5615,0.4268,0.0117,3,0.1347,0.5682,0.9883,0.4651,0.4078,-0.1773,0.1298,4.0,9.0,11.0,9.0,5504200.0,6149100.0,10773800.0,7337600.0,0.5842,0.6813,0.5468,0.5504,0.898,0.7993,0.3379,0.6179,0.015613640690224482,8650625.0
2025-12-01,AAPL,1,46587700,0.0261861031026698,0.0001,0.0002,0.9997,2,-0.0001,0.4157,0.0003,0.1493,0.1523,0.2347,-0.0,24.0,55.0,57.0,2.0,20135600.0,33431400.0,46914200.0,59030800.0,0.5328,0.729,0.6404,0.0,0.6401,0.6045,0.6832,0.0106,0.010640059591818877,49219315.0
2025-12-01,AMZN,1,42904000,0.0152216921069232,0.1585,0.0,0.8415,4,0.1585,0.9998,0.1585,0.3457,0.1212,0.2811,-0.0685,38.0,59.0,59.0,2.0,20292300.0,38497900.0,39379300.0,68490500.0,0.4806,0.6123,0.5795,0.071,0.8597,0.5989,0.7425,0.0175,0.016666964070752056,58143105.0
2025-12-01,BRK-B,0,3995200,0.0122846242746541,0.4979,0.0107,0.4915,6,0.4872,0.979,0.5085,-0.0,0.746,0.3091,0.1362,1.0,4.0,5.0,2.0,2312200.0,3686700.0,4064000.0,6059000.0,0.0,0.7521,0.3124,0.9993,0.0478,0.9959,0.9947,0.5681,0.009265061465208651,5777575.0
2025-12-01,GOOGL,0,41183000,0.0187598087065676,0.3399,0.0011,0.659,4,0.3387,0.9967,0.341,0.1808,0.3532,0.2055,-0.1368,32.0,91.0,79.0,1.0,26018600.0,51373400.0,88632100.0,74137700.0,0.7107,0.7166,0.6397,0.1383,0.6272,0.7464,0.6606,0.0052,0.01936987617819376,48180155.0
2025-12-01,JPM,0,7727300,0.0175746917573579,0.0025,0.0007,0.9968,2,0.0017,0.7702,0.0032,0.3321,0.3379,0.3501,0.1143,12.0,22.0,11.0,9.0,4322400.0,7910900.0,8877200.0,11766800.0,0.7047,0.601,0.7281,0.6516,0.7357,0.7811,0.7404,0.5877,0.013037236584384533,7779865.0
2025-12-01,MSFT,0,23964000,0.0106665945234554,1.0,0.0,0.0,3,1.0,1.0,1.0,0.4066,0.2526,0.2852,0.2095,26.0,56.0,58.0,3.0,14386700.0,25709100.0,28019800.0,31769200.0,0.6952,0.7167,0.6511,0.2113,0.7925,0.6763,0.719,0.9958,0.012397300073285088,25674355.0
2025-12-01,TSLA,1,57463600,0.0196792884723316,0.0,0.0003,0.9997,2,-0.0003,0.1232,0.0003,0.5911,0.2196,0.2347,-0.3993,16.0,50.0,56.0,10.0,36252900.0,63463000.0,71915600.0,100460600.0,0.7463,0.6482,0.734,0.7353,0.896,0.6694,0.6598,0.2285,0.02692526065638198,82815140.0
2025-12-01,UNH,0,6154600,0.0214879529912141,0.5003,0.2183,0.2814,8,0.282,0.6962,0.7186,0.1347,0.4651,0.4078,0.3338,3.0,4.0,9.0,11.0,2464500.0,5504200.0,6149100.0,8406300.0,0.9883,0.5842,0.6813,0.6736,0.5682,0.898,0.7993,0.7478,0.015560659258245232,8201755.0
2025-12-02,AAPL,1,53669500,0.016855084853964,0.3415,0.0002,0.6583,3,0.3413,0.9994,0.3417,-0.0001,0.1493,0.1523,0.4071,2.0,24.0,55.0,50.0,46587700.0,20135600.0,33431400.0,65585800.0,0.0003,0.5328,0.729,0.7036,0.4157,0.6401,0.6045,0.7893,0.011337635214512113,49471960.0
2025-12-02,AMZN,0,45785400,0.0230628411371145,0.1472,0.4113,0.4415,7,-0.2641,0.2636,0.5585,0.1585,0.3457,0.1212,0.3764,4.0,38.0,59.0,60.0,42904000.0,20292300.0,38497900.0,54318400.0,0.1585,0.4806,0.6123,0.6848,0.9998,0.8597,0.5989,0.7749,0.016811863084339216,57686495.0
2025-12-02,BRK-B,0,3378000,0.0098504699384808,0.5,0.0012,0.4988,4,0.4988,0.9975,0.5012,0.4872,-0.0,0.746,0.6667,6.0,1.0,4.0,3.0,3995200.0,2312200.0,3686700.0,13404500.0,0.5085,0.0,0.7521,0.6667,0.979,0.0478,0.9959,1.0,0.009680112450938815,5620015.0
2025-12-02,GOOGL,0,35854700,0.0141125255999266,0.5,0.0,0.5,2,0.5,1.0,0.5,0.3387,0.1808,0.3532,0.3935,4.0,32.0,91.0,7.0,41183000.0,26018600.0,51373400.0,85165100.0,0.341,0.7107,0.7166,0.6797,0.9967,0.6272,0.7464,0.7895,0.01825454697698107,48060290.0
2025-12-02,JPM,0,7249000,0.0109801605093789,1.0,0.0,0.0,1,1.0,1.0,1.0,0.0017,0.3321,0.3379,0.0668,2.0,12.0,22.0,16.0,7727300.0,4322400.0,7910900.0,10940200.0,0.0032,0.7047,0.601,0.5615,0.7702,0.7357,0.7811,0.5595,0.013369584007954889,7894290.0
2025-12-02,MSFT,1,19562700,0.0147517929359255,1.0,0.0,0.0,1,1.0,1.0,1.0,1.0,0.4066,0.2526,0.4229,3.0,26.0,56.0,65.0,23964000.0,14386700.0,25709100.0,34421000.0,1.0,0.6952,0.7167,0.7687,1.0,0.7925,0.6763,0.7751,0.011657655765460946,25172235.0
2025-12-02,UNH,1,7978100,0.0182454293940425,0.5241,0.2096,0.2663,12,0.3144,0.7143,0.7337,0.282,0.1347,0.4651,-0.1773,8.0,3.0,4.0,11.0,6154600.0,2464500.0,5504200.0,10773800.0,0.7186,0.9883,0.5842,0.5468,0.6962,0.5682,0.898,0.3379,0.01569382905334981,8089945.0
2025-12-03,AAPL,0,43538700,0.0185884245189001,0.9635,0.0244,0.0121,3,0.9391,0.9753,0.9879,0.3413,-0.0001,0.1493,0.2347,3.0,2.0,24.0,57.0,53669500.0,46587700.0,20135600.0,46914200.0,0.3417,0.0003,0.5328,0.6404,0.9994,0.4157,0.6401,0.6832,0.011539387377825056,49601100.0
2025-12-03,AMZN,0,35495100,0.0118705986715599,0.2001,0.2161,0.5838,5,-0.016,0.4808,0.4162,-0.2641,0.1585,0.3457,0.2811,7.0,4.0,38.0,59.0,45785400.0,42904000.0,20292300.0,39379300.0,0.5585,0.1585,0.4806,0.5795,0.2636,0.9998,0.8597,0.7425,0.01659477154968946,54863120.0
2025-12-03,BRK-B,0,3803200,0.0118221944551594,0.3364,0.0001,0.6636,3,0.3363,0.9998,0.3364,0.4988,0.4872,-0.0,0.3091,4.0,6.0,1.0,5.0,3378000.0,3995200.0,2312200.0,4064000.0,0.5012,0.5085,0.0,0.3124,0.9975,0.979,0.0478,0.9947,0.009440158708909461,5495510.0
2025-12-03,GOOGL,1,41838300,0.0236790658833412,0.6407,0.167,0.1923,6,0.4737,0.7932,0.8077,0.5,0.3387,0.1808,0.2055,2.0,4.0,32.0,79.0,35854700.0,41183000.0,26018600.0,88632100.0,0.5,0.341,0.7107,0.6397,1.0,0.9967,0.6272,0.6606,0.01678282917815611,46109225.0
2025-12-03,MSFT,1,34615100,0.018978791334269,0.0,0.6593,0.3406,6,-0.6593,0.0,0.6594,1.0,1.0,0.4066,0.2852,1.0,3.0,26.0,58.0,19562700.0,23964000.0,14386700.0,28019800.0,1.0,1.0,0.6952,0.6511,1.0,1.0,0.7925,0.719,0.011792043023484177,25031635.0
2025-12-03,UNH,1,9770000,0.0503067297438172,0.6904,0.0262,0.2834,17,0.6643,0.9635,0.7166,0.3144,0.282,0.1347,0.4078,12.0,8.0,3.0,9.0,7978100.0,6154600.0,2464500.0,6149100.0,0.7337,0.7186,0.9883,0.6813,0.7143,0.6962,0.5682,0.7993,0.015261872108805388,7929780.0
2025-12-04,AAPL,0,43989100,0.0216121595090719,0.5015,0.0014,0.4971,2,0.5,0.9971,0.5029,0.9391,0.3413,-0.0001,0.1523,3.0,3.0,2.0,55.0,43538700.0,53669500.0,46587700.0,33431400.0,0.9879,0.3417,0.0003,0.729,0.9753,0.9994,0.4157,0.6045,0.011690664301217561,48283710.0
2025-12-04,AMZN,0,45683200,0.028783764339325,0.0024,0.0006,0.9971,2,0.0018,0.8072,0.0029,-0.016,-0.2641,0.1585,0.1212,5.0,7.0,4.0,59.0,35495100.0,45785400.0,42904000.0,38497900.0,0.4162,0.5585,0.1585,0.6123,0.4808,0.2636,0.9998,0.5989,0.01606309942467715,48320835.0
2025-12-04,BRK-B,0,3574800,0.0114992421127325,0.0,0.0,1.0,1,-0.0,0.1222,0.0,0.3363,0.4988,0.4872,0.746,3.0,4.0,6.0,4.0,3803200.0,3378000.0,3995200.0,3686700.0,0.3364,0.5012,0.5085,0.7521,0.9998,0.9975,0.979,0.9959,0.007944313664548045,5295510.0
2025-12-04,GOOGL,0,31240900,0.0237717558370323,0.0004,0.001,0.9987,2,-0.0006,0.2692,0.0013,0.4737,0.5,0.3387,0.3532,6.0,2.0,4.0,91.0,41838300.0,35854700.0,41183000.0,51373400.0,0.8077,0.5,0.341,0.7166,0.7932,1.0,0.9967,0.7464,0.01704576957718242,46237745.0
2025-12-04,META,0,29874600,0.0237425854925571,0.3219,0.1417,0.5364,14,0.1802,0.6943,0.4636,0.225,0.2638,-0.0658,-0.0,30.0,78.0,67.0,1.0,11033200.0,15209500.0,25213000.0,20603000.0,0.5774,0.7471,0.6169,0.0,0.6948,0.6766,0.4467,0.1173,0.017878607952692877,27032380.0
2025-12-04,MSFT,1,22318200,0.0100675691836077,0.0011,0.0001,0.9988,3,0.001,0.9106,0.0012,-0.6593,1.0,1.0,0.2526,6.0,1.0,3.0,56.0,34615100.0,19562700.0,23964000.0,25709100.0,0.6594,1.0,1.0,0.7167,0.0,1.0,1.0,0.6763,0.011741121512661552,25714455.0
2025-12-04,UNH,0,8061600,0.0369475803489452,0.3282,0.2306,0.4413,9,0.0976,0.5873,0.5587,0.6643,0.3144,0.282,0.4651,17.0,12.0,8.0,4.0,9770000.0,7978100.0,6154600.0,5504200.0,0.7166,0.7337,0.7186,0.5842,0.9635,0.7143,0.6962,0.898,0.017745862072431808,7935950.0
2025-12-05,AAPL,0,47265800,0.011014567481821,0.0071,0.1003,0.8926,4,-0.0931,0.0665,0.1074,0.5,0.9391,0.3413,0.1493,2.0,3.0,3.0,24.0,43989100.0,43538700.0,53669500.0,20135600.0,0.5029,0.9879,0.3417,0.5328,0.9971,0.9753,0.9994,0.6401,0.010554262457514393,46174810.0
2025-12-05,AMZN,0,33117400,0.0116794127989914,0.0002,0.0002,0.9996,1,0.0001,0.5913,0.0004,0.0018,-0.016,-0.2641,0.3457,2.0,5.0,7.0,38.0,45683200.0,35495100.0,45785400.0,20292300.0,0.0029,0.4162,0.5585,0.4806,0.8072,0.4808,0.2636,0.8597,0.016247306885574426,45805105.0
2025-12-05,BRK-B,1,3463700,0.0103600233645482,0.0086,0.0004,0.991,3,0.0082,0.9576,0.009,-0.0,0.3363,0.4988,-0.0,1.0,3.0,4.0,1.0,3574800.0,3803200.0,3378000.0,2312200.0,0.0,0.3364,0.5012,0.0,0.1222,0.9998,0.9975,0.0478,0.007951749238994481,5146690.0
2025-12-05,GOOGL,1,28851700,0.0124886236074187,0.3331,0.0001,0.6668,6,0.3329,0.9996,0.3332,-0.0006,0.4737,0.5,0.1808,2.0,6.0,2.0,32.0,31240900.0,41838300.0,35854700.0,26018600.0,0.0013,0.8077,0.5,0.7107,0.2692,0.7932,1.0,0.6272,0.01718581056525354,46310490.0
2025-12-05,META,1,21207900,0.018524078001459,0.3417,0.0029,0.6554,3,0.3389,0.9917,0.3446,0.1802,0.225,0.2638,0.3048,14.0,30.0,78.0,30.0,29874600.0,11033200.0,15209500.0,23554900.0,0.4636,0.5774,0.7471,0.5692,0.6943,0.6948,0.6766,0.7677,0.01829121445521422,24104105.0
2025-12-05,TSLA,1,56427500,0.0159150419939201,0.0,0.5001,0.4999,2,-0.5,0.0,0.5001,-0.0003,0.5911,0.2196,0.2802,2.0,16.0,50.0,64.0,57463600.0,36252900.0,63463000.0,96806400.0,0.0003,0.7463,0.6482,0.6192,0.1232,0.896,0.6694,0.7262,0.02689183122011701,81679035.0
2025-12-05,UNH,0,5906000,0.0214924826550839,0.2511,0.2475,0.5014,4,0.0036,0.5036,0.4986,0.0976,0.6643,0.3144,0.1347,9.0,17.0,12.0,3.0,8061600.0,9770000.0,7978100.0,2464500.0,0.5587,0.7166,0.7337,0.9883,0.5873,0.9635,0.7143,0.5682,0.01829088618434724,7854175.0
2025-12-08,AAPL,0,38211800,0.012656022253813,0.9993,0.0,0.0007,1,0.9993,1.0,0.9993,-0.0931,0.5,0.9391,-0.0001,4.0,2.0,3.0,2.0,47265800.0,43989100.0,43538700.0,46587700.0,0.1074,0.5029,0.9879,0.0003,0.0665,0.9971,0.9753,0.4157,0.010603103925166607,46028370.0
2025-12-08,AMZN,0,35019200,0.0198614819083091,0.0,1.0,0.0,1,-1.0,0.0,1.0,0.0001,0.0018,-0.016,0.1585,1.0,2.0,5.0,4.0,33117400.0,45683200.0,35495100.0,42904000.0,0.0004,0.0029,0.4162,0.1585,0.5913,0.8072,0.4808,0.9998,0.01625119758712426,44883660.0
2025-12-08,BRK-B,0,7032200,0.0245967057426593,0.1739,0.1344,0.6917,17,0.0395,0.564,0.3083,0.0082,-0.0,0.3363,0.4872,3.0,1.0,3.0,6.0,3463700.0,3574800.0,3803200.0,3995200.0,0.009,0.0,0.3364,0.5085,0.9576,0.1222,0.9998,0.979,0.00782698228370956,5071640.0
2025-12-08,GOOGL,0,33909400,0.0288080036630632,0.0009,0.0032,0.9958,1,-0.0023,0.2276,0.0042,0.3329,-0.0006,0.4737,0.3387,6.0,2.0,6.0,4.0,28851700.0,31240900.0,41838300.0,41183000.0,0.3332,0.0013,0.8077,0.341,0.9996,0.2692,0.7932,0.9967,0.017241958568950614,46249155.0
2025-12-08,JPM,1,7417200,0.009902860221432,0.0131,0.0105,0.9764,2,0.0026,0.5557,0.0236,1.0,0.0017,0.3321,0.3501,1.0,2.0,12.0,11.0,7249000.0,7727300.0,4322400.0,8877200.0,1.0,0.0032,0.7047,0.7281,1.0,0.7702,0.7357,0.7404,0.012899574994696227,7895325.0
2025-12-08,META,0,13161000,0.0173902862243601,0.4899,0.0006,0.5096,2,0.4893,0.9989,0.4904,0.3389,0.1802,0.225,-0.0658,3.0,14.0,30.0,67.0,21207900.0,29874600.0,11033200.0,25213000.0,0.3446,0.4636,0.5774,0.6169,0.9917,0.6943,0.6948,0.4467,0.016924704826955708,22316840.0
2025-12-08,MSFT,1,21965900,0.0163335656971582,0.1799,0.0003,0.8198,2,0.1796,0.9982,0.1802,0.001,-0.6593,1.0,0.4066,3.0,6.0,1.0,26.0,22318200.0,34615100.0,19562700.0,14386700.0,0.0012,0.6594,1.0,0.6952,0.9106,0.0,1.0,0.7925,0.011507629798745683,25679150.0
2025-12-08,TSLA,0,69165800,0.0324058545187634,0.0001,0.6768,0.323,3,-0.6767,0.0002,0.677,-0.5,-0.0003,0.5911,0.2347,2.0,2.0,16.0,56.0,56427500.0,57463600.0,36252900.0,71915600.0,0.5001,0.0003,0.7463,0.734,0.0,0.1232,0.896,0.6598,0.026911904859376973,81101235.0
2025-12-08,UNH,0,4782800,0.0190752032199524,0.7502,0.235,0.0148,4,0.5152,0.7615,0.9852,0.0036,0.0976,0.6643,0.282,4.0,9.0,17.0,8.0,5906000.0,8061600.0,9770000.0,6154600.0,0.4986,0.5587,0.7166,0.7186,0.5036,0.5873,0.9635,0.6962,0.017724792789370763,7753370.0
2025-12-09,AAPL,0,32193300,0.0111805626639993,0.6667,0.0,0.3333,3,0.6667,1.0,0.6667,0.9993,-0.0931,0.5,0.3413,1.0,4.0,2.0,3.0,38211800.0,47265800.0,43989100.0,53669500.0,0.9993,0.1074,0.5029,0.3417,1.0,0.0665,0.9971,0.9994,0.010584944543693341,45475220.0
2025-12-09,BRK-B,0,4574000,0.0168599452728202,0.2001,0.668,0.132,5,-0.4679,0.2305,0.868,0.0395,0.0082,-0.0,0.4988,17.0,3.0,1.0,4.0,7032200.0,3463700.0,3574800.0,3378000.0,0.3083,0.009,0.0,0.5012,0.564,0.9576,0.1222,0.9975,0.007871089333340095,5104360.0
2025-12-09,GOOGL,1,30194000,0.0194960989630451,0.0127,0.3274,0.6599,3,-0.3148,0.0372,0.3401,-0.0023,0.3329,-0.0006,0.5,1.0,6.0,2.0,2.0,33909400.0,28851700.0,31240900.0,35854700.0,0.0042,0.3332,0.0013,0.5,0.2276,0.9996,0.2692,1.0,0.016838469765592994,46394110.0
2025-12-09,JPM,0,18049200,0.059628506275313,0.0,1.0,0.0,1,-1.0,0.0,1.0,0.0026,1.0,0.0017,0.3379,2.0,1.0,2.0,22.0,7417200.0,7249000.0,7727300.0,7910900.0,0.0236,1.0,0.0032,0.601,0.5557,1.0,0.7702,0.7811,0.01277811075859861,7984075.0
2025-12-09,META,0,12997100,0.0167828514176465,0.2501,0.1064,0.6435,4,0.1437,0.7015,0.3565,0.4893,0.3389,0.1802,0.2638,2.0,3.0,14.0,78.0,13161000.0,21207900.0,29874600.0,15209500.0,0.4904,0.3446,0.4636,0.7471,0.9989,0.9917,0.6943,0.6766,0.015833685126543335,21324710.0
2025-12-09,MSFT,1,14696100,0.0074013393416749,0.7476,0.0,0.2524,4,0.7476,1.0,0.7476,0.1796,0.001,-0.6593,1.0,2.0,3.0,6.0,3.0,21965900.0,22318200.0,34615100.0,23964000.0,0.1802,0.0012,0.6594,1.0,0.9982,0.9106,0.0,1.0,0.011232389664074341,25407120.0
2025-12-09,TSLA,1,62367400,0.0381450887129391,0.9999,0.0,0.0001,2,0.9999,1.0,0.9999,-0.6767,-0.5,-0.0003,0.2196,3.0,2.0,2.0,50.0,69165800.0,56427500.0,57463600.0,63463000.0,0.677,0.5001,0.0003,0.6482,0.0002,0.0,0.1232,0.6694,0.026638656254852205,80937130.0
2025-12-09,UNH,1,4628400,0.0120063569787901,0.3599,0.1667,0.4734,6,0.1932,0.6835,0.5266,0.5152,0.0036,0.0976,0.3144,4.0,4.0,9.0,12.0,4782800.0,5906000.0,8061600.0,7978100.0,0.9852,0.4986,0.5587,0.7337,0.7615,0.5036,0.5873,0.7143,0.017889747512730054,7522365.0
2025-12-10,AAPL,1,33038300,0.0119171829292303,0.3096,0.0,0.6904,1,0.3096,0.9999,0.3096,0.6667,0.9993,-0.0931,0.9391,3.0,1.0,4.0,3.0,32193300.0,38211800.0,47265800.0,43538700.0,0.6667,0.9993,0.1074,0.9879,1.0,1.0,0.0665,0.9753,0.010619360432125888,44900730.0
2025-12-10,AMZN,1,38790700,0.0173068987252799,0.3494,0.2722,0.3783,7,0.0772,0.5621,0.6217,-1.0,0.0001,0.0018,-0.2641,1.0,1.0,2.0,7.0,35019200.0,33117400.0,45683200.0,45785400.0,1.0,0.0004,0.0029,0.5585,0.0,0.5913,0.8072,0.2636,0.016134194355761664,44604085.0
2025-12-10,BRK-B,0,4558800,0.014179178712425,0.3341,0.2787,0.3872,3,0.0554,0.5452,0.6128,-0.4679,0.0395,0.0082,0.3363,5.0,17.0,3.0,3.0,4574000.0,7032200.0,3463700.0,3803200.0,0.868,0.3083,0.009,0.3364,0.2305,0.564,0.9576,0.9998,0.008291007540595832,5078860.0
2025-12-10,GOOGL,1,33428900,0.020992322340157,1.0,0.0,0.0,2,1.0,1.0,1.0,-0.3148,-0.0023,0.3329,0.4737,3.0,1.0,6.0,6.0,30194000.0,33909400.0,28851700.0,41838300.0,0.3401,0.0042,0.3332,0.8077,0.0372,0.2276,0.9996,0.7932,0.017392937842912546,46045130.0
2025-12-10,JPM,1,18874100,0.0423627653455178,0.0001,0.1951,0.8048,2,-0.195,0.0005,0.1952,-1.0,0.0026,1.0,0.3321,1.0,2.0,1.0,12.0,18049200.0,7417200.0,7249000.0,4322400.0,1.0,0.0236,1.0,0.7047,0.0,0.5557,1.0,0.7357,0.01613956043672204,8569735.0
2025-12-10,META,1,16910900,0.017093599727518,0.7145,0.2646,0.0209,1,0.4499,0.7298,0.9791,0.1437,0.4893,0.3389,0.225,4.0,2.0,3.0,30.0,12997100.0,13161000.0,21207900.0,11033200.0,0.3565,0.4904,0.3446,0.5774,0.7015,0.9989,0.9917,0.6948,0.01596448731783296,20606735.0
2025-12-10,MSFT,0,35756200,0.018945134497574,0.0827,0.5836,0.3336,3,-0.5009,0.1242,0.6664,0.7476,0.1796,0.001,1.0,4.0,2.0,3.0,1.0,14696100.0,21965900.0,22318200.0,19562700.0,0.7476,0.1802,0.0012,1.0,1.0,0.9982,0.9106,1.0,0.011293298767315446,24940935.0
2025-12-10,TSLA,1,63257500,0.0297487374478528,0.0,0.0001,0.9999,1,-0.0,0.0524,0.0001,0.9999,-0.6767,-0.5,0.5911,2.0,3.0,2.0,16.0,62367400.0,69165800.0,56427500.0,36252900.0,0.9999,0.677,0.5001,0.7463,1.0,0.0002,0.0,0.896,0.02646130754917923,79898710.0
2025-12-10,UNH,1,5910500,0.0282881638506971,0.2942,0.1443,0.5615,7,0.1499,0.6709,0.4385,0.1932,0.5152,0.0036,0.6643,6.0,4.0,4.0,17.0,4628400.0,4782800.0,5906000.0,9770000.0,0.5266,0.9852,0.4986,0.7166,0.6835,0.7615,0.5036,0.9635,0.01786076932797409,7289595.0
2025-12-11,AAPL,0,33248000,0.0207094183192282,0.0003,0.9997,0.0,1,-0.9995,0.0003,1.0,0.3096,0.6667,0.9993,0.5,1.0,3.0,1.0,2.0,33038300.0,32193300.0,38211800.0,43989100.0,0.3096,0.6667,0.9993,0.5029,0.9999,1.0,1.0,0.9971,0.01055622592333266,43992445.0
2025-12-11,AMZN,0,28249600,0.0148237964085663,0.499,0.5003,0.0007,2,-0.0012,0.4994,0.9993,0.0772,-1.0,0.0001,-0.016,7.0,1.0,1.0,5.0,38790700.0,35019200.0,33117400.0,35495100.0,0.6217,1.0,0.0004,0.4162,0.5621,0.0,0.5913,0.4808,0.01606052293907653,44243410.0
2025-12-11,BRK-B,1,4493400,0.0128499837276394,0.0243,0.0006,0.9751,5,0.0236,0.9742,0.0249,0.0554,-0.4679,0.0395,-0.0,3.0,5.0,17.0,1.0,4558800.0,4574000.0,7032200.0,3574800.0,0.6128,0.868,0.3083,0.0,0.5452,0.2305,0.564,0.1222,0.00828217850794622,5158790.0
2025-12-11,GOOGL,0,42353700,0.0391151885119352,0.0035,0.0002,0.9963,4,0.0032,0.9431,0.0037,1.0,-0.3148,-0.0023,-0.0006,2.0,3.0,1.0,2.0,33428900.0,30194000.0,33909400.0,31240900.0,1.0,0.3401,0.0042,0.0013,1.0,0.0372,0.2276,0.2692,0.017574426611190734,45992595.0
2025-12-11,JPM,1,9721900,0.0283275450855684,0.0,0.0001,0.9999,1,-0.0001,0.008,0.0001,-0.195,-1.0,0.0026,0.0017,2.0,1.0,2.0,2.0,18874100.0,18049200.0,7417200.0,7727300.0,0.1952,1.0,0.0236,0.0032,0.0005,0.0,0.5557,0.7702,0.01790556508859228,9137425.0
2025-12-11,META,1,13056700,0.0225093534774308,0.525,0.0131,0.462,5,0.5119,0.9757,0.538,0.4499,0.1437,0.4893,0.1802,1.0,4.0,2.0,14.0,16910900.0,12997100.0,13161000.0,29874600.0,0.9791,0.3565,0.4904,0.4636,0.7298,0.7015,0.9989,0.6943,0.015878465442443368,20441285.0
2025-12-11,MSFT,1,24669200,0.0213373336205195,0.5503,0.4495,0.0002,2,0.1007,0.5504,0.9998,-0.5009,0.7476,0.1796,-0.6593,3.0,4.0,2.0,6.0,35756200.0,14696100.0,21965900.0,34615100.0,0.6664,0.7476,0.1802,0.6594,0.1242,1.0,0.9982,0.0,0.011296428287213773,25423670.0
2025-12-11,TSLA,0,55979500,0.0199131355347499,0.0001,0.3341,0.6658,3,-0.3339,0.0004,0.3342,-0.0,0.9999,-0.6767,-0.0003,1.0,2.0,3.0,2.0,63257500.0,62367400.0,69165800.0,57463600.0,0.0001,0.9999,0.677,0.0003,0.0524,1.0,0.0002,0.1232,0.02584829725378278,78831825.0
2025-12-11,UNH,1,7513200,0.0317522486588229,0.3184,0.4068,0.2748,7,-0.0884,0.439,0.7252,0.1499,0.1932,0.5152,0.0976,7.0,6.0,4.0,9.0,5910500.0,4628400.0,4782800.0,8061600.0,0.4385,0.5266,0.9852,0.5587,0.6709,0.6835,0.7615,0.5873,0.01805743214939487,7227230.0
2025-12-12,AAPL,1,39532900,0.0086361782986521,0.0002,0.0005,0.9993,2,-0.0003,0.3059,0.0007,-0.9995,0.3096,0.6667,-0.0931,1.0,1.0,3.0,4.0,33248000.0,33038300.0,32193300.0,47265800.0,1.0,0.3096,0.6667,0.1074,0.0003,0.9999,1.0,0.0665,0.010621310916651644,43589225.0
2025-12-12,AMZN,0,35639100,0.0215774429861478,0.7505,0.0195,0.23,4,0.731,0.9747,0.77,-0.0012,0.0772,-1.0,0.0018,2.0,7.0,1.0,2.0,28249600.0,38790700.0,35019200.0,45683200.0,0.9993,0.6217,1.0,0.0029,0.4994,0.5621,0.0,0.8072,0.01588396702580306,43337175.0
2025-12-12,BRK-B,1,4113700,0.0110728596054372,0.4768,0.0004,0.5228,4,0.4764,0.9992,0.4772,0.0236,0.0554,-0.4679,0.0082,5.0,3.0,5.0,3.0,4493400.0,4558800.0,4574000.0,3463700.0,0.0249,0.6128,0.868,0.009,0.9742,0.5452,0.2305,0.9576,0.008119933283292372,5110660.0
2025-12-12,GOOGL,0,35940200,0.0296780274029744,0.9995,0.0,0.0005,1,0.9995,1.0,0.9995,0.0032,1.0,-0.3148,0.3329,4.0,2.0,3.0,6.0,42353700.0,33428900.0,30194000.0,28851700.0,0.0037,1.0,0.3401,0.3332,0.9431,1.0,0.0372,0.9996,0.017944040911706104,46868785.0
2025-12-12,JPM,0,8982900,0.0114801770340327,0.9986,0.0002,0.0012,1,0.9984,0.9998,0.9988,-0.0001,-0.195,-1.0,1.0,1.0,2.0,1.0,1.0,9721900.0,18874100.0,18049200.0,7249000.0,0.0001,0.1952,1.0,1.0,0.008,0.0005,0.0,1.0,0.01878655652447816,9247790.0
2025-12-12,META,0,14016900,0.1114035334077313,0.29,0.5599,0.1501,2,-0.2699,0.3412,0.8499,0.5119,0.4499,0.1437,0.3389,5.0,1.0,4.0,3.0,13056700.0,16910900.0,12997100.0,21207900.0,0.538,0.9791,0.3565,0.3446,0.9757,0.7298,0.7015,0.9917,0.015159994169205764,19912680.0
2025-12-12,TSLA,1,95656700,0.0476243533939525,0.0001,0.2835,0.7163,3,-0.2834,0.0005,0.2837,-0.3339,-0.0,0.9999,-0.5,3.0,1.0,2.0,2.0,55979500.0,63257500.0,62367400.0,56427500.0,0.3342,0.0001,0.9999,0.5001,0.0004,0.0524,1.0,0.0,0.025371187448958266,77242970.0
2025-12-12,UNH,1,7979000,0.0225481951678241,0.4558,0.1458,0.3984,9,0.31,0.7576,0.6016,-0.0884,0.1499,0.1932,0.0036,7.0,7.0,6.0,4.0,7513200.0,5910500.0,4628400.0,5906000.0,0.7252,0.4385,0.5266,0.4986,0.439,0.6709,0.6835,0.5036,0.017058668233374985,7082725.0
2025-12-15,AAPL,0,50409100,0.0260931562300687,0.0003,0.4959,0.5037,2,-0.4956,0.0007,0.4963,-0.0003,-0.9995,0.3096,0.9993,2.0,1.0,1.0,1.0,39532900.0,33248000.0,33038300.0,38211800.0,0.0007,1.0,0.3096,0.9993,0.3059,0.0003,0.9999,1.0,0.010502678823733172,43145970.0
2025-12-15,AMZN,0,47286100,0.0282103842513064,0.5956,0.001,0.4035,2,0.5946,0.9984,0.5965,0.731,-0.0012,0.0772,0.0001,4.0,2.0,7.0,1.0,35639100.0,28249600.0,38790700.0,33117400.0,0.77,0.9993,0.6217,0.0004,0.9747,0.4994,0.5621,0.5913,0.015457580445124382,43559625.0
2025-12-15,BRK-B,1,5173900,0.0126693500814714,0.5415,0.2564,0.2021,5,0.2851,0.6786,0.7979,0.4764,0.0236,0.0554,0.0395,4.0,5.0,3.0,17.0,4113700.0,4493400.0,4558800.0,7032200.0,0.4772,0.0249,0.6128,0.3083,0.9992,0.9742,0.5452,0.564,0.007179738207892224,4949310.0
2025-12-15,GOOGL,0,29151900,0.0210073506072834,0.3357,0.0016,0.6627,3,0.3341,0.9953,0.3373,0.9995,0.0032,1.0,-0.0023,1.0,4.0,2.0,1.0,35940200.0,42353700.0,33428900.0,33909400.0,0.9995,0.0037,1.0,0.0042,1.0,0.9431,1.0,0.2276,0.017967247632455954,47191095.0
2025-12-15,JPM,1,10864100,0.0140492202065921,1.0,0.0,0.0,2,1.0,1.0,1.0,0.9984,-0.0001,-0.195,0.0026,1.0,1.0,2.0,2.0,8982900.0,9721900.0,18874100.0,7417200.0,0.9988,0.0001,0.1952,0.0236,0.9998,0.008,0.0005,0.5557,0.018633989250479707,9310870.0
2025-12-15,META,1,15549100,0.0221464883423041,0.6667,0.0,0.3333,3,0.6667,1.0,0.6667,-0.2699,0.5119,0.4499,0.4893,2.0,5.0,1.0,2.0,14016900.0,13056700.0,16910900.0,13161000.0,0.8499,0.538,0.9791,0.4904,0.3412,0.9757,0.7298,0.9989,0.015149294668244759,19116185.0
2025-12-15,MSFT,0,23727700,0.0170798002557475,1.0,0.0,0.0,1,1.0,1.0,1.0,0.1007,-0.5009,0.7476,0.001,2.0,3.0,4.0,3.0,24669200.0,35756200.0,14696100.0,22318200.0,0.9998,0.6664,0.7476,0.0012,0.5504,0.1242,1.0,0.9106,0.011635821460403093,25758130.0
2025-12-15,TSLA,1,114542200,0.0300570579375021,0.3745,0.0015,0.624,8,0.3731,0.9961,0.376,-0.2834,-0.3339,-0.0,-0.6767,3.0,3.0,1.0,3.0,95656700.0,55979500.0,63257500.0,69165800.0,0.2837,0.3342,0.0001,0.677,0.0005,0.0004,0.0524,0.0002,0.025507853913588483,76852230.0
2025-12-15,UNH,1,6447200,0.0233437686824968,0.3925,0.2077,0.3998,5,0.1849,0.654,0.6002,0.31,-0.0884,0.1499,0.5152,9.0,7.0,7.0,4.0,7979000.0,7513200.0,5910500.0,4782800.0,0.6016,0.7252,0.4385,0.9852,0.7576,0.439,0.6709,0.7615,0.016790963427429674,7092240.0
2025-12-16,AAPL,1,37648600,0.0135986780862049,0.0,1.0,0.0,1,-1.0,0.0,1.0,-0.4956,-0.0003,-0.9995,0.6667,2.0,2.0,1.0,3.0,50409100.0,39532900.0,33248000.0,32193300.0,0.4963,0.0007,1.0,0.6667,0.0007,0.3059,0.0003,1.0,0.011653004481006682,43186285.0
2025-12-16,AMZN,0,39298900,0.0113432516833479,0.0,0.0,1.0,2,-0.0,0.0609,0.0,0.5946,0.731,-0.0012,-1.0,2.0,4.0,2.0,1.0,47286100.0,35639100.0,28249600.0,35019200.0,0.5965,0.77,0.9993,1.0,0.9984,0.9747,0.4994,0.0,0.015530499317209146,43853845.0
2025-12-16,BRK-B,0,4376700,0.0170397689704023,0.5248,0.0498,0.4254,11,0.4751,0.9134,0.5746,0.2851,0.4764,0.0236,-0.4679,5.0,4.0,5.0,5.0,5173900.0,4113700.0,4493400.0,4574000.0,0.7979,0.4772,0.0249,0.868,0.6786,0.9992,0.9742,0.2305,0.007463151754016992,4934880.0
2025-12-16,GOOGL,1,30585000,0.0268240444280679,0.9997,0.0,0.0003,1,0.9997,1.0,0.9997,0.3341,0.9995,0.0032,-0.3148,3.0,1.0,4.0,3.0,29151900.0,35940200.0,42353700.0,30194000.0,0.3373,0.9995,0.0037,0.3401,0.9953,1.0,0.9431,0.0372,0.017337640240445845,47066330.0
2025-12-16,JPM,0,8331300,0.016045614641475,0.4996,0.0002,0.5002,2,0.4995,0.9997,0.4998,1.0,0.9984,-0.0001,-1.0,2.0,1.0,1.0,1.0,10864100.0,8982900.0,9721900.0,18049200.0,1.0,0.9988,0.0001,1.0,1.0,0.9998,0.008,0.0,0.01863371928913315,9602565.0
2025-12-16,META,1,14309100,0.0300543369391025,0.5009,0.0003,0.4988,2,0.5007,0.9995,0.5012,0.6667,-0.2699,0.5119,0.1437,3.0,2.0,5.0,4.0,15549100.0,14016900.0,13056700.0,12997100.0,0.6667,0.8499,0.538,0.3565,1.0,0.3412,0.9757,0.7015,0.015164702709043592,18931390.0
2025-12-16,MSFT,1,20705600,0.0148545479248714,0.2565,0.0628,0.6807,7,0.1937,0.8033,0.3193,1.0,0.1007,-0.5009,0.1796,1.0,2.0,3.0,2.0,23727700.0,24669200.0,35756200.0,21965900.0,1.0,0.9998,0.6664,0.1802,1.0,0.5504,0.1242,0.9982,0.011861744467742059,25615770.0
2025-12-16,TSLA,1,107608100,0.0543614364207632,0.2021,0.2136,0.5843,7,-0.0115,0.4861,0.4157,0.3731,-0.2834,-0.3339,0.9999,8.0,3.0,3.0,2.0,114542200.0,95656700.0,55979500.0,62367400.0,0.376,0.2837,0.3342,0.9999,0.9961,0.0005,0.0004,1.0,0.025501254419853604,78753545.0
2025-12-16,UNH,0,6334000,0.0292579491869166,0.1992,0.5021,0.2987,10,-0.3029,0.284,0.7013,0.1849,0.31,-0.0884,0.1932,5.0,9.0,7.0,6.0,6447200.0,7979000.0,7513200.0,4628400.0,0.6002,0.6016,0.7252,0.5266,0.654,0.7576,0.439,0.6835,0.01631359479887871,6980775.0
2025-12-17,AAPL,0,50138700,0.0164357254396812,0.247,0.0066,0.7464,3,0.2404,0.9739,0.2536,-1.0,-0.4956,-0.0003,0.3096,1.0,2.0,2.0,1.0,37648600.0,50409100.0,39532900.0,33038300.0,1.0,0.4963,0.0007,0.3096,0.0,0.0007,0.3059,0.9999,0.01164338706707299,42817800.0
2025-12-17,AMZN,0,44034400,0.0186949028744742,0.9998,0.0,0.0001,3,0.9998,1.0,0.9999,-0.0,0.5946,0.731,0.0772,2.0,2.0,4.0,7.0,39298900.0,47286100.0,35639100.0,38790700.0,0.0,0.5965,0.77,0.6217,0.0609,0.9984,0.9747,0.5621,0.015525682630334818,43870955.0
2025-12-17,BRK-B,1,4128600,0.011382281478052,0.3328,0.0111,0.6561,12,0.3216,0.9676,0.3439,0.4751,0.2851,0.4764,0.0554,11.0,5.0,4.0,3.0,4376700.0,5173900.0,4113700.0,4558800.0,0.5746,0.7979,0.4772,0.6128,0.9134,0.6786,0.9992,0.5452,0.007423866210552727,4885165.0
2025-12-17,GOOGL,0,43930400,0.0388623773292676,0.3363,0.0003,0.6634,3,0.336,0.9991,0.3366,0.9997,0.3341,0.9995,1.0,1.0,3.0,1.0,2.0,30585000.0,29151900.0,35940200.0,33428900.0,0.9997,0.3373,0.9995,1.0,1.0,0.9953,1.0,1.0,0.01745930249665927,45962070.0
2025-12-17,JPM,0,8718700,0.0147912934190019,0.3025,0.1781,0.5194,29,0.1244,0.6294,0.4806,0.4995,1.0,0.9984,-0.195,2.0,2.0,1.0,2.0,8331300.0,10864100.0,8982900.0,18874100.0,0.4998,1.0,0.9988,0.1952,0.9997,1.0,0.9998,0.0005,0.01837803191219965,9490215.0
2025-12-17,META,0,15598500,0.0183492755304326,0.3564,0.005,0.6386,3,0.3514,0.9862,0.3614,0.5007,0.6667,-0.2699,0.4499,2.0,3.0,2.0,1.0,14309100.0,15549100.0,14016900.0,16910900.0,0.5012,0.6667,0.8499,0.9791,0.9995,1.0,0.3412,0.7298,0.015923228164262445,18981735.0
2025-12-17,TSLA,0,106490400,0.0595632839694328,0.0234,0.6699,0.3066,4,-0.6465,0.0338,0.6934,-0.0115,0.3731,-0.2834,-0.0,7.0,8.0,3.0,1.0,107608100.0,114542200.0,95656700.0,63257500.0,0.4157,0.376,0.2837,0.0001,0.4861,0.9961,0.0005,0.0524,0.026688836471537823,81107290.0
2025-12-17,UNH,0,4685600,0.0151073956075761,0.4538,0.1025,0.4437,13,0.3514,0.8158,0.5563,-0.3029,0.1849,0.31,0.1499,10.0,5.0,9.0,7.0,6334000.0,6447200.0,7979000.0,5910500.0,0.7013,0.6002,0.6016,0.4385,0.284,0.654,0.7576,0.6709,0.01694289458509449,6973205.0
2025-12-18,BRK-B,1,3646700,0.0088007144405327,0.3725,0.0021,0.6254,8,0.3704,0.9944,0.3746,0.3216,0.4751,0.2851,0.0236,12.0,11.0,5.0,5.0,4128600.0,4376700.0,5173900.0,4493400.0,0.3439,0.5746,0.7979,0.0249,0.9676,0.9134,0.6786,0.9742,0.007703944169609479,4818725.0
2025-12-18,GOOGL,1,33518000,0.0156767216280438,0.0,0.0009,0.9991,2,-0.0008,0.0449,0.0009,0.336,0.9997,0.3341,0.0032,3.0,1.0,3.0,4.0,43930400.0,30585000.0,29151900.0,42353700.0,0.3366,0.9997,0.3373,0.0037,0.9991,1.0,0.9953,0.9431,0.018886933678524315,45700655.0
2025-12-18,JPM,0,11444900,0.0173418069187598,0.2966,0.1052,0.5982,43,0.1914,0.7382,0.4018,0.1244,0.4995,1.0,-0.0001,29.0,2.0,2.0,1.0,8718700.0,8331300.0,10864100.0,9721900.0,0.4806,0.4998,1.0,0.0001,0.6294,0.9997,1.0,0.008,0.017339716274459044,9477485.0
2025-12-18,META,1,20260300,0.0214601691813487,0.0002,0.0412,0.9585,2,-0.041,0.0056,0.0415,0.3514,0.5007,0.6667,0.5119,3.0,2.0,3.0,5.0,15598500.0,14309100.0,15549100.0,13056700.0,0.3614,0.5012,0.6667,0.538,0.9862,0.9995,1.0,0.9757,0.014385090883210919,18536995.0
2025-12-18,MSFT,1,28573500,0.0244881561623885,0.2293,0.0369,0.7338,5,0.1925,0.8615,0.2662,0.1937,1.0,0.1007,0.7476,7.0,1.0,2.0,4.0,20705600.0,23727700.0,24669200.0,14696100.0,0.3193,1.0,0.9998,0.7476,0.8033,1.0,0.5504,1.0,0.011645319957446318,25387395.0
2025-12-18,TSLA,1,95168400,0.037100531408961,0.4999,0.0014,0.4987,2,0.4984,0.9971,0.5013,-0.6465,-0.0115,0.3731,-0.3339,4.0,7.0,8.0,3.0,106490400.0,107608100.0,114542200.0,55979500.0,0.6934,0.4157,0.376,0.3342,0.0338,0.4861,0.9961,0.0004,0.027921379796006278,83506135.0
2025-12-18,UNH,0,6354900,0.0170552563660322,0.5001,0.3339,0.1659,6,0.1662,0.5996,0.8341,0.3514,-0.3029,0.1849,-0.0884,13.0,10.0,5.0,7.0,4685600.0,6334000.0,6447200.0,7513200.0,0.5563,0.7013,0.6002,0.7252,0.8158,0.284,0.654,0.439,0.01679321196025066,6748380.0
2025-12-19,AAPL,1,144632000,0.0172699331708195,0.5276,0.2228,0.2496,4,0.3048,0.7031,0.7504,0.2404,-1.0,-0.4956,-0.9995,3.0,1.0,2.0,1.0,50138700.0,37648600.0,50409100.0,33248000.0,0.2536,1.0,0.4963,1.0,0.9739,0.0,0.0007,0.0003,0.011752602708808742,43040870.0
2025-12-19,AMZN,1,85544400,0.0156553322356461,0.0,0.0004,0.9996,3,-0.0003,0.0422,0.0004,0.9998,-0.0,0.5946,-0.0012,3.0,2.0,2.0,2.0,44034400.0,39298900.0,47286100.0,28249600.0,0.9999,0.0,0.5965,0.9993,1.0,0.0609,0.9984,0.4994,0.01569300732280638,43076725.0
2025-12-19,BRK-B,0,14652800,0.0184673666044203,0.4948,0.2499,0.2553,4,0.245,0.6645,0.7447,0.3704,0.3216,0.4751,0.4764,8.0,12.0,11.0,4.0,3646700.0,4128600.0,4376700.0,4113700.0,0.3746,0.3439,0.5746,0.4772,0.9944,0.9676,0.9134,0.9992,0.007653767923836748,4766310.0
2025-12-19,GOOGL,1,59943200,0.0208133051093198,0.0482,0.0005,0.9513,1,0.0477,0.9898,0.0487,-0.0008,0.336,0.9997,0.9995,2.0,3.0,1.0,1.0,33518000.0,43930400.0,30585000.0,35940200.0,0.0009,0.3366,0.9997,0.9995,0.0449,0.9991,1.0,1.0,0.018092000832114815,43966610.0
2025-12-19,JPM,1,24494400,0.0171133400393746,0.3248,0.1904,0.4849,21,0.1344,0.6304,0.5151,0.1914,0.1244,0.4995,0.9984,43.0,29.0,2.0,1.0,11444900.0,8718700.0,8331300.0,8982900.0,0.4018,0.4806,0.4998,0.9988,0.7382,0.6294,0.9997,0.9998,0.017253847268433695,9533380.0
2025-12-19,META,0,49977100,0.0192371292172777,0.3408,0.0911,0.5682,36,0.2497,0.7891,0.4318,-0.041,0.3514,0.5007,-0.2699,2.0,3.0,2.0,2.0,20260300.0,15598500.0,14309100.0,14016900.0,0.0415,0.3614,0.5012,0.8499,0.0056,0.9862,0.9995,0.3412,0.014446656857128546,18501320.0
2025-12-19,TSLA,0,103305400,0.0323076070872405,0.4975,0.1655,0.337,4,0.332,0.7504,0.663,0.4984,-0.6465,-0.0115,-0.2834,2.0,4.0,7.0,3.0,95168400.0,106490400.0,107608100.0,95656700.0,0.5013,0.6934,0.4157,0.2837,0.9971,0.0338,0.4861,0.0005,0.024998214433871374,82317155.0
2025-12-19,UNH,0,10553000,0.0260013376905953,0.5731,0.1152,0.3117,9,0.4579,0.8326,0.6883,0.1662,0.3514,-0.3029,0.31,6.0,13.0,10.0,9.0,6354900.0,4685600.0,6334000.0,7979000.0,0.8341,0.5563,0.7013,0.6016,0.5996,0.8158,0.284,0.7576,0.01634671042888426,6657070.0
2025-12-22,AAPL,0,36571800,0.0123506387821777,0.4773,0.1549,0.3678,37,0.3224,0.755,0.6322,0.3048,0.2404,-1.0,-0.0003,4.0,3.0,1.0,2.0,144632000.0,50138700.0,37648600.0,39532900.0,0.7504,0.2536,1.0,0.0007,0.7031,0.9739,0.0,0.3059,0.01155465049884658,48251245.0
2025-12-22,AMZN,0,32261300,0.012116657216554,0.5069,0.1287,0.3645,34,0.3782,0.7975,0.6355,-0.0003,0.9998,-0.0,0.731,3.0,3.0,2.0,4.0,85544400.0,44034400.0,39298900.0,35639100.0,0.0004,0.9999,0.0,0.77,0.0422,1.0,0.0609,0.9747,0.015091723163090206,44323525.0
2025-12-22,BRK-B,1,4070000,0.0095902200119784,0.2227,0.0317,0.7456,9,0.191,0.8754,0.2544,0.245,0.3704,0.3216,0.2851,4.0,8.0,12.0,5.0,14652800.0,3646700.0,4128600.0,5173900.0,0.7447,0.3746,0.3439,0.7979,0.6645,0.9944,0.9676,0.6786,0.008533849115440051,5224605.0
2025-12-22,GOOGL,0,26429900,0.0155867336186158,0.4758,0.0046,0.5196,13,0.4712,0.9905,0.4804,0.0477,-0.0008,0.336,0.3341,1.0,2.0,3.0,3.0,59943200.0,33518000.0,43930400.0,29151900.0,0.0487,0.0009,0.3366,0.3373,0.9898,0.0449,0.9991,0.9953,0.015582672071246376,43862510.0
2025-12-22,JPM,1,8354600,0.0180151839147541,0.2738,0.0309,0.6953,34,0.243,0.8987,0.3047,0.1344,0.1914,0.1244,1.0,21.0,43.0,29.0,2.0,24494400.0,11444900.0,8718700.0,10864100.0,0.5151,0.4018,0.4806,1.0,0.6304,0.7382,0.6294,1.0,0.017328036413880397,10340900.0
2025-12-22,META,0,15659400,0.0255875342720253,0.4644,0.0505,0.4851,25,0.4138,0.9018,0.5149,0.2497,-0.041,0.3514,0.6667,36.0,2.0,3.0,3.0,49977100.0,20260300.0,15598500.0,15549100.0,0.4318,0.0415,0.3614,0.6667,0.7891,0.0056,0.9862,1.0,0.014552454879282719,19963970.0
2025-12-22,MSFT,0,16963000,0.0124249333612904,0.6072,0.0981,0.2947,42,0.5091,0.8609,0.7053,0.1925,0.1937,1.0,-0.5009,5.0,7.0,1.0,3.0,28573500.0,20705600.0,23727700.0,35756200.0,0.2662,0.3193,1.0,0.6664,0.8615,0.8033,1.0,0.1242,0.010646205598804793,25390785.0
2025-12-22,TSLA,0,86916100,0.0275577689749338,0.7344,0.1176,0.1479,22,0.6168,0.8619,0.8521,0.332,0.4984,-0.6465,0.3731,4.0,2.0,4.0,8.0,103305400.0,95168400.0,106490400.0,114542200.0,0.663,0.5013,0.6934,0.376,0.7504,0.9971,0.0338,0.9961,0.023455535326970683,82207090.0
2025-12-22,UNH,1,7872400,0.0252399939626419,0.3006,0.3766,0.3229,5,-0.076,0.4439,0.6771,0.4579,0.1662,0.3514,0.1849,9.0,6.0,13.0,5.0,10553000.0,6354900.0,4685600.0,6447200.0,0.6883,0.8341,0.5563,0.6002,0.8326,0.5996,0.8158,0.654,0.016373122817659794,6817840.0
2025-12-23,AAPL,1,29642000,0.0108551265734711,0.3944,0.2517,0.3539,34,0.1427,0.6104,0.6461,0.3224,0.3048,0.2404,-0.4956,37.0,4.0,3.0,2.0,36571800.0,144632000.0,50138700.0,50409100.0,0.6322,0.7504,0.2536,0.4963,0.755,0.7031,0.9739,0.0007,0.010947590089893353,47788655.0
2025-12-23,AMZN,1,29230200,0.0162402918901261,0.5791,0.1618,0.2591,40,0.4173,0.7816,0.7409,0.3782,-0.0003,0.9998,0.5946,34.0,3.0,3.0,2.0,32261300.0,85544400.0,44034400.0,47286100.0,0.6355,0.0004,0.9999,0.5965,0.7975,0.0422,1.0,0.9984,0.015102950217131407,43019810.0
2025-12-23,BRK-B,1,3680800,0.008331966948966,0.5,0.0076,0.4924,2,0.4924,0.985,0.5076,0.191,0.245,0.3704,0.4751,9.0,4.0,8.0,11.0,4070000.0,14652800.0,3646700.0,4376700.0,0.2544,0.7447,0.3746,0.5746,0.8754,0.6645,0.9944,0.9134,0.008714916995260237,5125155.0
2025-12-23,GOOGL,1,25478700,0.018150679935927,0.6195,0.1036,0.2769,44,0.5159,0.8567,0.7231,0.4712,0.0477,-0.0008,0.9997,13.0,1.0,2.0,1.0,26429900.0,59943200.0,33518000.0,30585000.0,0.4804,0.0487,0.0009,0.9997,0.9905,0.9898,0.0449,1.0,0.01528376198968802,41477120.0
2025-12-23,JPM,1,6668300,0.0144927618234992,0.371,0.1426,0.4864,27,0.2284,0.7224,0.5136,0.243,0.1344,0.1914,0.4995,34.0,21.0,43.0,2.0,8354600.0,24494400.0,11444900.0,8331300.0,0.3047,0.5151,0.4018,0.4998,0.8987,0.6304,0.7382,0.9997,0.017820896891835712,10354765.0
2025-12-23,META,1,8486800,0.0117415349493664,0.3127,0.2232,0.464,19,0.0895,0.5835,0.536,0.4138,0.2497,-0.041,0.5007,25.0,36.0,2.0,2.0,15659400.0,49977100.0,20260300.0,14309100.0,0.5149,0.4318,0.0415,0.5012,0.9018,0.7891,0.0056,0.9995,0.014246454034156747,19921875.0
2025-12-23,MSFT,1,14683600,0.0063713890632447,0.5169,0.1618,0.3213,32,0.3551,0.7616,0.6787,0.5091,0.1925,0.1937,0.1007,42.0,5.0,7.0,2.0,16963000.0,28573500.0,20705600.0,24669200.0,0.7053,0.2662,0.3193,0.9998,0.8609,0.8615,0.8033,0.5504,0.010652224753017239,25284295.0
2025-12-23,TSLA,0,58223600,0.0186555067361599,0.436,0.2169,0.347,32,0.2191,0.6678,0.653,0.6168,0.332,0.4984,-0.0115,22.0,4.0,2.0,7.0,86916100.0,103305400.0,95168400.0,107608100.0,0.8521,0.663,0.5013,0.4157,0.8619,0.7504,0.9971,0.4861,0.0228730099148419,81442180.0
2025-12-23,UNH,1,4463300,0.0124690679856289,0.5004,0.386,0.1136,4,0.1144,0.5645,0.8864,-0.076,0.4579,0.1662,-0.3029,5.0,9.0,6.0,10.0,7872400.0,10553000.0,6354900.0,6334000.0,0.6771,0.6883,0.8341,0.7013,0.4439,0.8326,0.5996,0.284,0.015444975780019233,6791145.0
2025-12-24,AAPL,1,17910600,0.0118601032245832,0.4568,0.1221,0.4211,24,0.3347,0.7891,0.5789,0.1427,0.3224,0.3048,-1.0,34.0,37.0,4.0,1.0,29642000.0,36571800.0,144632000.0,37648600.0,0.6461,0.6322,0.7504,1.0,0.6104,0.755,0.7031,0.0,0.01000938272153919,46319215.0
2025-12-24,AMZN,1,11420500,0.0069788268776599,0.3711,0.2085,0.4204,30,0.1626,0.6403,0.5796,0.4173,0.3782,-0.0003,-0.0,40.0,34.0,3.0,2.0,29230200.0,32261300.0,85544400.0,39298900.0,0.7409,0.6355,0.0004,0.0,0.7816,0.7975,0.0422,0.0609,0.012231452223963813,41965870.0
2025-12-24,BRK-B,1,2000200,0.0045173993624181,0.1832,0.249,0.5678,4,-0.0658,0.4238,0.4322,0.4924,0.191,0.245,0.3216,2.0,9.0,4.0,12.0,3680800.0,4070000.0,14652800.0,4128600.0,0.5076,0.2544,0.7447,0.3439,0.985,0.8754,0.6645,0.9676,0.008218011704637039,4638970.0
2025-12-24,GOOGL,0,10097400,0.0100389911834768,0.3859,0.1136,0.5004,32,0.2723,0.7725,0.4996,0.5159,0.4712,0.0477,0.336,44.0,13.0,1.0,3.0,25478700.0,26429900.0,59943200.0,43930400.0,0.7231,0.4804,0.0487,0.3366,0.8567,0.9905,0.9898,0.9991,0.014591578388900931,38492800.0
2025-12-24,JPM,1,4289300,0.0137628444359298,0.6039,0.1054,0.2907,12,0.4985,0.8514,0.7093,0.2284,0.243,0.1344,0.1244,27.0,34.0,21.0,29.0,6668300.0,8354600.0,24494400.0,8718700.0,0.5136,0.3047,0.5151,0.4806,0.7224,0.8987,0.6304,0.6294,0.01768824587671838,10410850.0
2025-12-24,META,1,5627500,0.0090259764905997,0.3258,0.0779,0.5963,24,0.248,0.8071,0.4037,0.0895,0.4138,0.2497,0.3514,19.0,25.0,36.0,3.0,8486800.0,15659400.0,49977100.0,15598500.0,0.536,0.5149,0.4318,0.3614,0.5835,0.9018,0.7891,0.9862,0.01417027253784811,19071185.0
2025-12-24,MSFT,1,5855900,0.0089153705220348,0.5027,0.1947,0.3025,27,0.308,0.7208,0.6975,0.3551,0.5091,0.1925,1.0,32.0,42.0,5.0,1.0,14683600.0,16963000.0,28573500.0,23727700.0,0.6787,0.7053,0.2662,1.0,0.7616,0.8609,0.8615,1.0,0.010660969701088088,24327720.0
2025-12-24,TSLA,0,41285400,0.0288650626154489,0.4713,0.1256,0.4031,28,0.3458,0.7896,0.5969,0.2191,0.6168,0.332,-0.6465,32.0,22.0,4.0,4.0,58223600.0,86916100.0,103305400.0,106490400.0,0.653,0.8521,0.663,0.6934,0.6678,0.8619,0.7504,0.0338,0.022919591813046914,80750975.0
2025-12-24,UNH,1,2842700,0.0149446038411229,0.0236,0.4038,0.5726,5,-0.3802,0.0552,0.4274,0.1144,-0.076,0.4579,0.3514,4.0,5.0,9.0,13.0,4463300.0,7872400.0,10553000.0,4685600.0,0.8864,0.6771,0.6883,0.5563,0.5645,0.4439,0.8326,0.8158,0.014856572712922978,6475620.0
2025-12-26,AAPL,0,21521800,0.0091552733152078,0.4018,0.2549,0.3434,15,0.1469,0.6119,0.6566,0.3347,0.1427,0.3224,0.2404,24.0,34.0,37.0,3.0,17910600.0,29642000.0,36571800.0,50138700.0,0.5789,0.6461,0.6322,0.2536,0.7891,0.6104,0.755,0.9739,0.009163971030120642,43935455.0
2025-12-26,AMZN,1,15994700,0.0078004347084723,0.4524,0.2195,0.328,27,0.2329,0.6733,0.672,0.1626,0.4173,0.3782,0.9998,30.0,40.0,34.0,3.0,11420500.0,29230200.0,32261300.0,44034400.0,0.5796,0.7409,0.6355,0.9999,0.6403,0.7816,0.7975,1.0,0.011239128642719445,39112370.0
2025-12-26,BRK-B,0,2247600,0.0094515153780661,0.3512,0.0003,0.6485,2,0.3508,0.999,0.3515,-0.0658,0.4924,0.191,0.3704,4.0,2.0,9.0,8.0,2000200.0,3680800.0,4070000.0,3646700.0,0.4322,0.5076,0.2544,0.3746,0.4238,0.985,0.8754,0.9944,0.00825072350261705,4535780.0
2025-12-26,GOOGL,0,10899000,0.0089353773226492,0.4436,0.1427,0.4137,26,0.3009,0.7566,0.5863,0.2723,0.5159,0.4712,-0.0008,32.0,44.0,13.0,2.0,10097400.0,25478700.0,26429900.0,33518000.0,0.4996,0.7231,0.4804,0.0009,0.7725,0.8567,0.9905,0.0449,0.014539356935097282,34566065.0
2025-12-26,JPM,0,4158300,0.0131262404634301,0.3712,0.2133,0.4155,15,0.1579,0.6351,0.5845,0.4985,0.2284,0.243,0.1914,12.0,27.0,34.0,43.0,4289300.0,6668300.0,8354600.0,11444900.0,0.7093,0.5136,0.3047,0.4018,0.8514,0.7224,0.8987,0.7382,0.016723287503346285,10250235.0
2025-12-26,META,0,7133800,0.0114211371893186,0.2864,0.2614,0.4521,7,0.025,0.5228,0.5479,0.248,0.0895,0.4138,-0.041,24.0,19.0,25.0,2.0,5627500.0,8486800.0,15659400.0,20260300.0,0.4037,0.536,0.5149,0.0415,0.8071,0.5835,0.9018,0.0056,0.014117820349622289,18115325.0
2025-12-26,MSFT,1,8842200,0.0044379686055998,0.5905,0.2355,0.174,20,0.3551,0.7149,0.826,0.308,0.3551,0.5091,0.1937,27.0,32.0,42.0,7.0,5855900.0,14683600.0,16963000.0,20705600.0,0.6975,0.6787,0.7053,0.3193,0.7208,0.7616,0.8609,0.8033,0.010598284605384391,23458250.0
2025-12-26,TSLA,0,58780700,0.0314695889947789,0.3574,0.2101,0.4325,28,0.1473,0.6298,0.5675,0.3458,0.2191,0.6168,0.4984,28.0,32.0,22.0,2.0,41285400.0,58223600.0,86916100.0,95168400.0,0.5969,0.653,0.8521,0.5013,0.7896,0.6678,0.8619,0.9971,0.02002884034814298,77137805.0
2025-12-26,UNH,1,4359300,0.017206615748077,0.5003,0.0009,0.4988,4,0.4994,0.9982,0.5012,-0.3802,0.1144,-0.076,0.1662,5.0,4.0,5.0,6.0,2842700.0,4463300.0,7872400.0,6354900.0,0.4274,0.8864,0.6771,0.8341,0.0552,0.5645,0.4439,0.5996,0.01454689555436537,6310300.0
2025-12-29,AAPL,1,23715200,0.0073709312041201,0.5476,0.2115,0.241,33,0.3361,0.7214,0.759,0.1469,0.3347,0.1427,0.3048,15.0,24.0,34.0,4.0,21521800.0,17910600.0,29642000.0,144632000.0,0.6566,0.5789,0.6461,0.7504,0.6119,0.7891,0.6104,0.7031,0.009059840789284629,42665835.0
2025-12-29,AMZN,1,19797900,0.0078899793558335,0.4875,0.2643,0.2482,44,0.2233,0.6485,0.7518,0.2329,0.1626,0.4173,-0.0003,27.0,30.0,40.0,3.0,15994700.0,11420500.0,29230200.0,85544400.0,0.672,0.5796,0.7409,0.0004,0.6733,0.6403,0.7816,0.0422,0.010433941178258141,37196185.0
2025-12-29,BRK-B,1,3056200,0.0085937669070863,0.2857,0.1429,0.5714,7,0.1429,0.6667,0.4286,0.3508,-0.0658,0.4924,0.245,2.0,4.0,2.0,4.0,2247600.0,2000200.0,3680800.0,14652800.0,0.3515,0.4322,0.5076,0.7447,0.999,0.4238,0.985,0.6645,0.00819527349274738,4463825.0
2025-12-29,GOOGL,1,19621800,0.0109194654263481,0.4744,0.0713,0.4543,49,0.4032,0.8694,0.5457,0.3009,0.2723,0.5159,0.0477,26.0,32.0,44.0,1.0,10899000.0,10097400.0,25478700.0,59943200.0,0.5863,0.4996,0.7231,0.0487,0.7566,0.7725,0.8567,0.9898,0.014538699615701632,32542345.0
2025-12-29,JPM,0,8635300,0.0129663309919724,0.1391,0.0916,0.7693,17,0.0476,0.6031,0.2307,0.1579,0.4985,0.2284,0.1344,15.0,12.0,27.0,21.0,4158300.0,4289300.0,6668300.0,24494400.0,0.5845,0.7093,0.5136,0.5151,0.6351,0.8514,0.7224,0.6304,0.01652191176974542,9869810.0
2025-12-29,META,1,8506500,0.0089056173380245,0.5866,0.0856,0.3278,25,0.5011,0.8727,0.6722,0.025,0.248,0.0895,0.2497,7.0,24.0,19.0,36.0,7133800.0,5627500.0,8486800.0,49977100.0,0.5479,0.4037,0.536,0.4318,0.5228,0.8071,0.5835,0.7891,0.012940315631643416,17441865.0
2025-12-29,MSFT,1,10893400,0.0086004486938858,0.5005,0.1849,0.3146,37,0.3155,0.7302,0.6854,0.3551,0.308,0.3551,0.1925,20.0,27.0,32.0,5.0,8842200.0,5855900.0,14683600.0,28573500.0,0.826,0.6975,0.6787,0.2662,0.7149,0.7208,0.7616,0.8615,0.007948443988957141,22560235.0
2025-12-29,TSLA,0,66263000,0.0221748270713952,0.2677,0.3732,0.3591,50,-0.1055,0.4177,0.6409,0.1473,0.3458,0.2191,0.332,28.0,28.0,32.0,4.0,58780700.0,41285400.0,58223600.0,103305400.0,0.5675,0.5969,0.653,0.663,0.6298,0.7896,0.6678,0.7504,0.019488622792182622,75053810.0
2025-12-29,UNH,0,4346800,0.0180422525806531,0.4993,0.0044,0.4964,6,0.4949,0.9913,0.5036,0.4994,-0.3802,0.1144,0.4579,4.0,5.0,4.0,9.0,4359300.0,2842700.0,4463300.0,10553000.0,0.5012,0.4274,0.8864,0.6883,0.9982,0.0552,0.5645,0.8326,0.014714708246193807,6253055.0
2025-12-30,AAPL,1,22139600,0.0065979539205932,0.4368,0.1388,0.4244,31,0.298,0.7589,0.5756,0.3361,0.1469,0.3347,0.3224,33.0,15.0,24.0,37.0,23715200.0,21521800.0,17910600.0,36571800.0,0.759,0.6566,0.5789,0.6322,0.7214,0.6119,0.7891,0.755,0.009096432549756565,42180025.0
2025-12-30,AMZN,1,21910500,0.0111154675385621,0.3304,0.156,0.5137,34,0.1744,0.6793,0.4863,0.2233,0.2329,0.1626,0.3782,44.0,27.0,30.0,34.0,19797900.0,15994700.0,11420500.0,32261300.0,0.7518,0.672,0.5796,0.6355,0.6485,0.6733,0.6403,0.7975,0.009689153638314282,36217115.0
2025-12-30,BRK-B,1,2897100,0.0095412964079864,0.0001,0.0317,0.9682,4,-0.0316,0.002,0.0318,0.1429,0.3508,-0.0658,0.191,7.0,2.0,4.0,9.0,3056200.0,2247600.0,2000200.0,4070000.0,0.4286,0.3515,0.4322,0.2544,0.6667,0.999,0.4238,0.8754,0.008193775145563423,4501025.0
2025-12-30,GOOGL,1,17380900,0.0143680664062499,0.4864,0.0414,0.4722,38,0.445,0.9216,0.5278,0.4032,0.3009,0.2723,0.4712,49.0,26.0,32.0,13.0,19621800.0,10899000.0,10097400.0,26429900.0,0.5457,0.5863,0.4996,0.4804,0.8694,0.7566,0.7725,0.9905,0.01460505208420766,32222505.0
2025-12-30,JPM,0,7904300,0.007542908855782,0.1664,0.1233,0.7103,19,0.043,0.5743,0.2897,0.0476,0.1579,0.4985,0.243,17.0,15.0,12.0,34.0,8635300.0,4158300.0,4289300.0,8354600.0,0.2307,0.5845,0.7093,0.3047,0.6031,0.6351,0.8514,0.8987,0.016721430208475822,9754565.0
2025-12-30,META,1,9187500,0.0218311251033984,0.3356,0.1467,0.5177,52,0.1889,0.6958,0.4823,0.5011,0.025,0.248,0.4138,25.0,7.0,24.0,25.0,8506500.0,7133800.0,5627500.0,15659400.0,0.6722,0.5479,0.4037,0.5149,0.8727,0.5228,0.8071,0.9018,0.011982034252667242,16689445.0
2025-12-30,MSFT,1,13944500,0.0086020470824697,0.4627,0.1428,0.3945,36,0.3198,0.7641,0.6055,0.3155,0.3551,0.308,0.5091,37.0,20.0,27.0,42.0,10893400.0,8842200.0,5855900.0,16963000.0,0.6854,0.826,0.6975,0.7053,0.7302,0.7149,0.7208,0.8609,0.007046000629628321,21516445.0
2025-12-30,TSLA,0,59238500,0.0201479290782836,0.3496,0.2823,0.368,50,0.0673,0.5532,0.632,-0.1055,0.1473,0.3458,0.6168,50.0,28.0,28.0,22.0,66263000.0,58780700.0,41285400.0,86916100.0,0.6409,0.5675,0.5969,0.8521,0.4177,0.6298,0.7896,0.8619,0.01835452757927092,73526640.0
2025-12-30,UNH,1,4432500,0.0201376396130793,0.2833,0.3601,0.3566,7,-0.0768,0.4403,0.6434,0.4949,0.4994,-0.3802,-0.076,6.0,4.0,5.0,5.0,4346800.0,4359300.0,2842700.0,7872400.0,0.5036,0.5012,0.4274,0.6771,0.9913,0.9982,0.0552,0.4439,0.014719196503771487,6347170.0
2025-12-31,AAPL,0,27293600,0.007068016893859,0.3398,0.2637,0.3965,32,0.0761,0.5631,0.6035,0.298,0.3361,0.1469,0.1427,31.0,33.0,15.0,34.0,22139600.0,23715200.0,21521800.0,29642000.0,0.5756,0.759,0.6566,0.6461,0.7589,0.7214,0.6119,0.6104,0.008987952545238626,42280225.0
2025-12-31,AMZN,0,24383700,0.0123224006305036,0.6049,0.104,0.2911,22,0.501,0.8533,0.7089,0.1744,0.2233,0.2329,0.4173,34.0,44.0,27.0,40.0,21910500.0,19797900.0,15994700.0,29230200.0,0.4863,0.7518,0.672,0.7409,0.6793,0.6485,0.6733,0.7816,0.009831978073769222,35387745.0
2025-12-31,BRK-B,0,3105200,0.0067669542213932,0.0819,0.0161,0.902,14,0.0659,0.836,0.098,-0.0316,0.1429,0.3508,0.4924,4.0,7.0,2.0,2.0,2897100.0,3056200.0,2247600.0,3680800.0,0.0318,0.4286,0.3515,0.5076,0.002,0.6667,0.999,0.985,0.008078889221607715,4446120.0
2025-12-31,GOOGL,1,16377700,0.0100367079098614,0.4937,0.1698,0.3365,37,0.3239,0.7441,0.6635,0.445,0.4032,0.3009,0.5159,38.0,49.0,26.0,44.0,17380900.0,19621800.0,10899000.0,25478700.0,0.5278,0.5457,0.5863,0.7231,0.9216,0.8694,0.7566,0.8567,0.014580783200779988,31032400.0
2025-12-31,JPM,0,5048500,0.0087562322561414,0.5748,0.0226,0.4026,12,0.5522,0.9622,0.5974,0.043,0.0476,0.1579,0.2284,19.0,17.0,15.0,27.0,7904300.0,8635300.0,4158300.0,6668300.0,0.2897,0.2307,0.5845,0.5136,0.5743,0.6031,0.6351,0.7224,0.01663991762231657,9705920.0
2025-12-31,META,0,7940400,0.0083640429614047,0.3446,0.2382,0.4171,26,0.1064,0.5912,0.5829,0.1889,0.5011,0.025,0.0895,52.0,25.0,7.0,19.0,9187500.0,8506500.0,7133800.0,8486800.0,0.4823,0.6722,0.5479,0.536,0.6958,0.8727,0.5228,0.5835,0.01146262392916497,15888170.0
2025-12-31,MSFT,0,15601600,0.0099213407916567,0.6316,0.1045,0.2639,36,0.5271,0.858,0.7361,0.3198,0.3155,0.3551,0.3551,36.0,37.0,20.0,32.0,13944500.0,10893400.0,8842200.0,14683600.0,0.6055,0.6854,0.826,0.6787,0.7641,0.7302,0.7149,0.7616,0.006932660099815148,20492620.0
2025-12-31,TSLA,0,49078000,0.0158956367090127,0.3461,0.3025,0.3514,35,0.0437,0.5337,0.6486,0.0673,-0.1055,0.1473,0.2191,50.0,50.0,28.0,32.0,59238500.0,66263000.0,58780700.0,58223600.0,0.632,0.6409,0.5675,0.653,0.5532,0.4177,0.6298,0.6678,0.01847357419694623,72892785.0
2025-12-31,UNH,0,4285200,0.0103815046142775,0.5712,0.0074,0.4214,8,0.5637,0.9871,0.5786,-0.0768,0.4949,0.4994,0.1144,7.0,6.0,4.0,4.0,4432500.0,4346800.0,4359300.0,4463300.0,0.6434,0.5036,0.5012,0.8864,0.4403,0.9913,0.9982,0.5645,0.014392364715214495,6261065.0
2026-01-02,AAPL,0,37838100,0.0324689488753801,0.2538,0.0111,0.7351,3,0.2428,0.9582,0.2649,0.0761,0.298,0.3361,0.3347,32.0,31.0,33.0,24.0,27293600.0,22139600.0,23715200.0,17910600.0,0.6035,0.5756,0.759,0.5789,0.5631,0.7589,0.7214,0.7891,0.007820856373030207,41315520.0
2026-01-02,AMZN,0,51456200,0.0465116708565566,0.0767,0.223,0.7004,5,-0.1463,0.2558,0.2996,0.501,0.1744,0.2233,0.1626,22.0,34.0,44.0,30.0,24383700.0,21910500.0,19797900.0,11420500.0,0.7089,0.4863,0.7518,0.5796,0.8533,0.6793,0.6485,0.6403,0.009585028793853615,35592315.0
2026-01-02,BRK-B,0,5876600,0.0179056239494276,0.2472,0.066,0.6868,26,0.1812,0.7893,0.3132,0.0659,-0.0316,0.1429,-0.0658,14.0,4.0,7.0,4.0,3105200.0,2897100.0,3056200.0,2000200.0,0.098,0.0318,0.4286,0.4322,0.836,0.002,0.6667,0.4238,0.008085282612000356,4432480.0
2026-01-02,GOOGL,0,32009400,0.0384033249041643,0.2137,0.0071,0.7793,5,0.2066,0.9681,0.2207,0.3239,0.445,0.4032,0.2723,37.0,38.0,49.0,32.0,16377700.0,17380900.0,19621800.0,10097400.0,0.6635,0.5278,0.5457,0.4996,0.7441,0.9216,0.8694,0.7725,0.014582119740393244,30058550.0
2026-01-02,TSLA,0,85535400,0.0503276740045288,0.0481,0.0085,0.9435,2,0.0396,0.8505,0.0565,0.0437,0.0673,-0.1055,0.3458,35.0,50.0,50.0,28.0,49078000.0,59238500.0,66263000.0,41285400.0,0.6486,0.632,0.6409,0.5969,0.5337,0.5532,0.4177,0.7896,0.018650279972310564,72173535.0
2026-01-05,AAPL,0,45647200,0.019841837224858,0.0591,0.4378,0.5031,2,-0.3787,0.119,0.4969,0.2428,0.0761,0.298,0.1469,3.0,32.0,31.0,15.0,37838100.0,27293600.0,22139600.0,21521800.0,0.2649,0.6035,0.5756,0.6566,0.9582,0.5631,0.7589,0.6119,0.007203309281119111,40523950.0
2026-01-05,AMZN,1,49733300,0.0298025145663293,0.9701,0.0002,0.0297,3,0.9699,0.9998,0.9703,-0.1463,0.501,0.1744,0.2329,5.0,22.0,34.0,27.0,51456200.0,24383700.0,21910500.0,15994700.0,0.2996,0.7089,0.4863,0.672,0.2558,0.8533,0.6793,0.6733,0.010242063094990097,36019925.0
2026-01-05,BRK-B,1,5145300,0.0180425761339395,0.0,0.3333,0.6667,3,-0.3333,0.0,0.3333,0.1812,0.0659,-0.0316,0.3508,26.0,14.0,4.0,2.0,5876600.0,3105200.0,2897100.0,2247600.0,0.3132,0.098,0.0318,0.3515,0.7893,0.836,0.002,0.999,0.008107824317268586,4536150.0
2026-01-05,GOOGL,0,30195600,0.0138197572254923,0.4907,0.0,0.5093,2,0.4906,1.0,0.4907,0.2066,0.3239,0.445,0.3009,5.0,37.0,38.0,26.0,32009400.0,16377700.0,17380900.0,10899000.0,0.2207,0.6635,0.5278,0.5863,0.9681,0.7441,0.9216,0.7566,0.014275343536644778,29567105.0
2026-01-05,JPM,1,10752600,0.0370506837437593,0.5951,0.1995,0.2054,5,0.3956,0.7489,0.7946,0.5522,0.043,0.0476,0.4985,12.0,19.0,17.0,12.0,5048500.0,7904300.0,8635300.0,4289300.0,0.5974,0.2897,0.2307,0.7093,0.9622,0.5743,0.6031,0.8514,0.01659917312921409,9562800.0
2026-01-05,TSLA,1,67940800,0.0289738180577634,0.0028,0.0032,0.994,2,-0.0004,0.4677,0.006,0.0396,0.0437,0.0673,0.1473,2.0,35.0,50.0,28.0,85535400.0,49078000.0,59238500.0,58780700.0,0.0565,0.6486,0.632,0.5675,0.8505,0.5337,0.5532,0.6298,0.020683387107205634,74637660.0
2026-01-05,UNH,1,7956600,0.0390221966359976,0.3443,0.1712,0.4845,3,0.1732,0.668,0.5155,0.5637,-0.0768,0.4949,-0.3802,8.0,7.0,6.0,5.0,4285200.0,4432500.0,4346800.0,2842700.0,0.5786,0.6434,0.5036,0.4274,0.9871,0.4403,0.9913,0.0552,0.014543362639746704,6076420.0
2026-01-06,AAPL,0,52352100,0.0203370512201544,0.3339,0.0473,0.6189,3,0.2866,0.876,0.3811,-0.3787,0.2428,0.0761,0.3361,2.0,3.0,32.0,33.0,45647200.0,37838100.0,27293600.0,23715200.0,0.4969,0.2649,0.6035,0.759,0.119,0.9582,0.5631,0.7214,0.0074737617978068785,40629375.0
2026-01-06,BRK-B,1,4040000,0.0092794202544581,0.1529,0.0072,0.84,8,0.1457,0.9553,0.16,-0.3333,0.1812,0.0659,0.1429,3.0,26.0,14.0,7.0,5145300.0,5876600.0,3105200.0,3056200.0,0.3333,0.3132,0.098,0.4286,0.0,0.7893,0.836,0.6667,0.008290819116340274,4614675.0
2026-01-06,GOOGL,0,31212100,0.0289507074551532,0.3334,0.0039,0.6626,3,0.3295,0.9883,0.3374,0.4906,0.2066,0.3239,0.4032,2.0,5.0,37.0,49.0,30195600.0,32009400.0,16377700.0,19621800.0,0.4907,0.2207,0.6635,0.5457,1.0,0.9681,0.7441,0.8694,0.013991657627793303,29514840.0
2026-01-06,JPM,1,7660800,0.0156935881706813,1.0,0.0,0.0,1,1.0,1.0,1.0,0.3956,0.5522,0.043,0.1579,5.0,12.0,19.0,15.0,10752600.0,5048500.0,7904300.0,4158300.0,0.7946,0.5974,0.2897,0.5845,0.7489,0.9622,0.5743,0.6351,0.017401180963193204,9884310.0
2026-01-06,TSLA,0,89093800,0.0436175478465137,0.0,0.329,0.6709,3,-0.329,0.0001,0.3291,-0.0004,0.0396,0.0437,-0.1055,2.0,2.0,35.0,50.0,67940800.0,85535400.0,49078000.0,66263000.0,0.006,0.0565,0.6486,0.6409,0.4677,0.8505,0.5337,0.4177,0.020574104148711102,75161520.0
2026-01-06,UNH,1,9441900,0.0215013351604456,0.9976,0.0001,0.0023,1,0.9975,0.9999,0.9977,0.1732,0.5637,-0.0768,0.4994,3.0,8.0,7.0,4.0,7956600.0,4285200.0,4432500.0,4359300.0,0.5155,0.5786,0.6434,0.5012,0.668,0.9871,0.4403,0.9982,0.011943681259342654,5985750.0
2026-01-07,AAPL,0,48309800,0.01470362818275,0.6533,0.0011,0.3456,3,0.6521,0.9983,0.6544,0.2866,-0.3787,0.2428,0.298,3.0,2.0,3.0,31.0,52352100.0,45647200.0,37838100.0,22139600.0,0.3811,0.4969,0.2649,0.5756,0.876,0.119,0.9582,0.7589,0.00790553303258529,41047525.0
2026-01-07,AMZN,1,42236500,0.0240807520511421,0.5112,0.0015,0.4873,7,0.5097,0.997,0.5127,0.9699,-0.1463,0.501,0.2233,3.0,5.0,22.0,44.0,49733300.0,51456200.0,24383700.0,19797900.0,0.9703,0.2996,0.7089,0.7518,0.9998,0.2558,0.8533,0.6485,0.011448976769437375,36217320.0
2026-01-07,BRK-B,0,4445100,0.0121716025933198,0.0771,0.3335,0.5894,6,-0.2564,0.1878,0.4106,0.1457,-0.3333,0.1812,-0.0316,8.0,3.0,26.0,4.0,4040000.0,5145300.0,5876600.0,2897100.0,0.16,0.3333,0.3132,0.0318,0.9553,0.0,0.7893,0.002,0.008357158159167526,4643490.0
2026-01-07,GOOGL,1,35104400,0.038045527460191,0.3673,0.0005,0.6323,2,0.3668,0.9988,0.3677,0.3295,0.4906,0.2066,0.445,3.0,2.0,5.0,38.0,31212100.0,30195600.0,32009400.0,17380900.0,0.3374,0.4907,0.2207,0.5278,0.9883,1.0,0.9681,0.9216,0.01392730044652647,29632860.0
2026-01-07,JPM,0,9815200,0.0227999862867203,0.5324,0.1017,0.3659,2,0.4306,0.8396,0.6341,1.0,0.3956,0.5522,0.0476,1.0,5.0,12.0,17.0,7660800.0,10752600.0,5048500.0,8635300.0,1.0,0.7946,0.5974,0.2307,1.0,0.7489,0.9622,0.6031,0.0171471952688945,9880985.0
2026-01-07,TSLA,0,59828800,0.01624222682129,0.93,0.0044,0.0656,2,0.9256,0.9953,0.9344,-0.329,-0.0004,0.0396,0.0673,3.0,2.0,2.0,50.0,89093800.0,67940800.0,85535400.0,59238500.0,0.3291,0.006,0.0565,0.632,0.0001,0.4677,0.8505,0.5532,0.02126299221098278,76794835.0
2026-01-07,UNH,0,7461400,0.0345864417062944,0.8044,0.0086,0.1871,1,0.7958,0.9895,0.8129,0.9975,0.1732,0.5637,0.4949,1.0,3.0,8.0,6.0,9441900.0,7956600.0,4285200.0,4346800.0,0.9977,0.5155,0.5786,0.5036,0.9999,0.668,0.9871,0.9913,0.01111642204251325,6054765.0
2026-01-08,AAPL,1,50419300,0.013967830325013,0.5008,0.0,0.4992,2,0.5008,1.0,0.5008,0.6521,0.2866,-0.3787,0.0761,3.0,3.0,2.0,32.0,48309800.0,52352100.0,45647200.0,27293600.0,0.6544,0.3811,0.4969,0.6035,0.9983,0.876,0.119,0.5631,0.008067995064239724,41099725.0
2026-01-08,AMZN,1,39509800,0.0186373686530002,0.7175,0.0,0.2825,2,0.7175,1.0,0.7175,0.5097,0.9699,-0.1463,0.1744,7.0,3.0,5.0,34.0,42236500.0,49733300.0,51456200.0,21910500.0,0.5127,0.9703,0.2996,0.4863,0.997,0.9998,0.2558,0.6793,0.011731754528309636,36554390.0
2026-01-08,BRK-B,1,4807700,0.0201426373237063,0.5013,0.0259,0.4728,4,0.4754,0.9509,0.5272,-0.2564,0.1457,-0.3333,0.0659,6.0,8.0,3.0,14.0,4445100.0,4040000.0,5145300.0,3105200.0,0.4106,0.16,0.3333,0.098,0.1878,0.9553,0.0,0.836,0.008094170757233255,4514135.0
2026-01-08,GOOGL,0,31896100,0.0268109775708743,0.9945,0.0,0.0055,3,0.9944,1.0,0.9945,0.3668,0.3295,0.4906,0.3239,2.0,3.0,2.0,37.0,35104400.0,31212100.0,30195600.0,16377700.0,0.3677,0.3374,0.4907,0.6635,0.9988,0.9883,1.0,0.7441,0.014468215469038904,29692610.0
2026-01-08,JPM,1,11737100,0.0176169605133092,0.0001,0.0012,0.9986,1,-0.0011,0.1006,0.0014,0.4306,1.0,0.3956,0.043,2.0,1.0,5.0,19.0,9815200.0,7660800.0,10752600.0,7904300.0,0.6341,1.0,0.7946,0.2897,0.8396,1.0,0.7489,0.5743,0.01741023027921508,10009295.0
2026-01-08,TSLA,1,57041100,0.0292599011489826,1.0,0.0,0.0,2,1.0,1.0,1.0,0.9256,-0.329,-0.0004,0.0437,2.0,3.0,2.0,35.0,59828800.0,89093800.0,67940800.0,49078000.0,0.9344,0.3291,0.006,0.6486,0.9953,0.0001,0.4677,0.5337,0.021111547413263133,76327985.0
2026-01-08,UNH,1,5059300,0.0208205210996458,0.3392,0.001,0.6598,3,0.3383,0.9971,0.3402,0.7958,0.9975,0.1732,-0.0768,1.0,1.0,3.0,7.0,7461400.0,9441900.0,7956600.0,4432500.0,0.8129,0.9977,0.5155,0.6434,0.9895,0.9999,0.668,0.4403,0.011847116169608757,6132535.0
2026-01-09,AAPL,1,39997000,0.0154006115530737,0.5004,0.0001,0.4995,2,0.5003,0.9999,0.5005,0.5008,0.6521,0.2866,0.2428,2.0,3.0,3.0,3.0,50419300.0,48309800.0,52352100.0,37838100.0,0.5008,0.6544,0.3811,0.2649,1.0,0.9983,0.876,0.9582,0.008438500660670086,41710100.0
2026-01-09,AMZN,1,34560000,0.0229790855333182,1.0,0.0,0.0,1,1.0,1.0,1.0,0.7175,0.5097,0.9699,0.501,2.0,7.0,3.0,22.0,39509800.0,42236500.0,49733300.0,24383700.0,0.7175,0.5127,0.9703,0.7089,1.0,0.997,0.9998,0.8533,0.011838526172146745,36245720.0
2026-01-09,BRK-B,1,3432100,0.0077564338362346,0.6543,0.0033,0.3423,3,0.651,0.9949,0.6577,0.4754,-0.2564,0.1457,0.1812,4.0,6.0,8.0,26.0,4807700.0,4445100.0,4040000.0,5876600.0,0.5272,0.4106,0.16,0.3132,0.9509,0.1878,0.9553,0.7893,0.007779838402608984,4525820.0
2026-01-09,GOOGL,1,26214200,0.0153780269516429,0.5,0.0,0.5,4,0.5,1.0,0.5,0.9944,0.3668,0.3295,0.2066,3.0,2.0,3.0,5.0,31896100.0,35104400.0,31212100.0,32009400.0,0.9945,0.3677,0.3374,0.2207,1.0,0.9988,0.9883,0.9681,0.014202642290546902,29777715.0
2026-01-09,JPM,0,6738100,0.0113256224880842,0.5,0.0,0.4999,4,0.5,1.0,0.5001,-0.0011,0.4306,1.0,0.5522,1.0,2.0,1.0,12.0,11737100.0,9815200.0,7660800.0,5048500.0,0.0014,0.6341,1.0,0.5974,0.1006,0.8396,1.0,0.9622,0.017537224081011757,10225290.0
2026-01-09,MSFT,1,18491000,0.0160739044771347,0.5,0.0,0.5,2,0.5,1.0,0.5,0.5271,0.3198,0.3155,0.308,36.0,36.0,37.0,27.0,15601600.0,13944500.0,10893400.0,5855900.0,0.7361,0.6055,0.6854,0.6975,0.858,0.7641,0.7302,0.7208,0.007410074971100429,19871710.0
2026-01-09,UNH,0,4129100,0.0189488454204912,1.0,0.0,0.0,1,1.0,1.0,1.0,0.3383,0.7958,0.9975,0.5637,3.0,1.0,1.0,8.0,5059300.0,7461400.0,9441900.0,4285200.0,0.3402,0.8129,0.9977,0.5786,0.9971,0.9895,0.9999,0.9871,0.011605509222999475,6146360.0
2026-01-12,AAPL,1,45263800,0.0173637904630803,0.5,0.0,0.5,2,0.4999,1.0,0.5,0.5003,0.5008,0.6521,-0.3787,2.0,2.0,3.0,2.0,39997000.0,50419300.0,48309800.0,45647200.0,0.5005,0.5008,0.6544,0.4969,0.9999,1.0,0.9983,0.119,0.008485475355825872,42100285.0
2026-01-12,AMZN,0,35867800,0.0120779628709183,0.3354,0.0059,0.6587,3,0.3295,0.9829,0.3413,1.0,0.7175,0.5097,-0.1463,1.0,2.0,7.0,5.0,34560000.0,39509800.0,42236500.0,51456200.0,1.0,0.7175,0.5127,0.2996,1.0,1.0,0.997,0.2558,0.012163904300836064,36317850.0
2026-01-12,BRK-B,1,4209300,0.0098914012274398,0.3847,0.0145,0.6008,4,0.3702,0.9636,0.3992,0.651,0.4754,-0.2564,-0.3333,3.0,4.0,6.0,3.0,3432100.0,4807700.0,4445100.0,5145300.0,0.6577,0.5272,0.4106,0.3333,0.9949,0.9509,0.1878,0.0,0.007766711162673405,4469485.0
2026-01-12,GOOGL,1,33923900,0.0277471113678076,0.6628,0.0001,0.3371,3,0.6627,0.9999,0.6629,0.5,0.9944,0.3668,0.4906,4.0,3.0,2.0,2.0,26214200.0,31896100.0,35104400.0,30195600.0,0.5,0.9945,0.3677,0.4907,1.0,1.0,0.9988,1.0,0.013827048867088373,29416980.0
2026-01-12,JPM,1,12805100,0.014881253742641,0.5723,0.1452,0.2825,3,0.4272,0.7977,0.7175,0.5,-0.0011,0.4306,0.3956,4.0,1.0,2.0,5.0,6738100.0,11737100.0,9815200.0,10752600.0,0.5001,0.0014,0.6341,0.7946,1.0,0.1006,0.8396,0.7489,0.013585284095400454,9659735.0
2026-01-12,MSFT,1,23519900,0.0111397768036834,1.0,0.0,0.0,1,1.0,1.0,1.0,0.5,0.5271,0.3198,0.3551,2.0,36.0,36.0,20.0,18491000.0,15601600.0,13944500.0,8842200.0,0.5,0.7361,0.6055,0.826,1.0,0.858,0.7641,0.7149,0.007550930846502914,19510805.0
2026-01-12,TSLA,1,61649600,0.0369421557625505,0.0018,0.059,0.9391,1,-0.0572,0.0303,0.0609,1.0,0.9256,-0.329,0.0396,2.0,2.0,3.0,2.0,57041100.0,59828800.0,89093800.0,85535400.0,1.0,0.9344,0.3291,0.0565,1.0,0.9953,0.0001,0.8505,0.02117239799161591,76061670.0
2026-01-12,UNH,0,7146400,0.0255110746661652,0.0002,0.9998,0.0,2,-0.9996,0.0002,1.0,1.0,0.3383,0.7958,0.1732,1.0,3.0,1.0,3.0,4129100.0,5059300.0,7461400.0,7956600.0,1.0,0.3402,0.8129,0.5155,1.0,0.9971,0.9895,0.668,0.011945633807109548,6121395.0
2026-01-13,AAPL,1,45730800,0.0132188578154758,0.0144,0.0175,0.968,3,-0.0031,0.4517,0.032,0.4999,0.5003,0.5008,0.2866,2.0,2.0,2.0,3.0,45263800.0,39997000.0,50419300.0,52352100.0,0.5,0.5005,0.5008,0.3811,1.0,0.9999,1.0,0.876,0.008505994123537877,42711560.0
2026-01-13,AMZN,0,38371800,0.0300572088540959,0.729,0.0001,0.2709,3,0.729,0.9999,0.7291,0.3295,1.0,0.7175,0.9699,3.0,1.0,2.0,3.0,35867800.0,34560000.0,39509800.0,49733300.0,0.3413,1.0,0.7175,0.9703,0.9829,1.0,1.0,0.9998,0.011877752881026708,36360280.0
2026-01-13,BRK-B,0,4257600,0.0093645828299402,0.0002,0.0011,0.9987,2,-0.001,0.1407,0.0013,0.3702,0.651,0.4754,0.1457,4.0,3.0,4.0,8.0,4209300.0,3432100.0,4807700.0,4040000.0,0.3992,0.6577,0.5272,0.16,0.9636,0.9949,0.9509,0.9553,0.007607728452670841,4455280.0
2026-01-13,GOOGL,1,33517600,0.0205105086335724,0.7446,0.0002,0.2552,8,0.7445,0.9998,0.7448,0.6627,0.5,0.9944,0.3295,3.0,4.0,3.0,3.0,33923900.0,26214200.0,31896100.0,31212100.0,0.6629,0.5,0.9945,0.3374,0.9999,1.0,1.0,0.9883,0.013504387901470747,28995490.0
2026-01-13,JPM,0,19371200,0.0502312014817071,0.4572,0.0938,0.4491,11,0.3634,0.8298,0.5509,0.4272,0.5,-0.0011,1.0,3.0,4.0,1.0,1.0,12805100.0,6738100.0,11737100.0,7660800.0,0.7175,0.5001,0.0014,1.0,0.7977,1.0,0.1006,1.0,0.011918457637113614,9356285.0
2026-01-13,META,0,18030400,0.0282903504643943,0.9933,0.0015,0.0053,1,0.9918,0.9985,0.9947,0.1064,0.1889,0.5011,0.248,26.0,52.0,25.0,24.0,7940400.0,9187500.0,8506500.0,5627500.0,0.5829,0.4823,0.6722,0.4037,0.5912,0.6958,0.8727,0.8071,0.011485825091499261,15524715.0
2026-01-13,MSFT,0,28545800,0.0207086599897621,0.0001,0.9997,0.0003,1,-0.9996,0.0001,0.9997,1.0,0.5,0.5271,0.3155,1.0,2.0,36.0,37.0,23519900.0,18491000.0,15601600.0,10893400.0,1.0,0.5,0.7361,0.6854,1.0,1.0,0.858,0.7302,0.007447620694034534,19967465.0
2026-01-13,UNH,0,5605900,0.0263250080069547,0.6667,0.0,0.3333,3,0.6666,0.9999,0.6667,-0.9996,1.0,0.3383,0.9975,2.0,1.0,3.0,1.0,7146400.0,4129100.0,5059300.0,9441900.0,1.0,1.0,0.3402,0.9977,0.0002,1.0,0.9971,0.9999,0.011484461482264466,6183190.0
2026-01-14,AAPL,1,40019400,0.01969253559463,0.5006,0.2451,0.2543,4,0.2555,0.6713,0.7457,-0.0031,0.4999,0.5003,0.6521,3.0,2.0,2.0,3.0,45730800.0,45263800.0,39997000.0,48309800.0,0.032,0.5,0.5005,0.6544,0.4517,1.0,0.9999,0.9983,0.00889077127003124,43335700.0
2026-01-14,AMZN,0,41410600,0.0209827812011713,0.3269,0.0034,0.6697,3,0.3235,0.9897,0.3303,0.729,0.3295,1.0,0.5097,3.0,3.0,1.0,7.0,38371800.0,35867800.0,34560000.0,42236500.0,0.7291,0.3413,1.0,0.5127,0.9999,0.9829,1.0,0.997,0.011970001887531213,36339335.0
2026-01-14,BRK-B,0,5033700,0.0113725943794227,0.6667,0.0,0.3333,3,0.6667,1.0,0.6667,-0.001,0.3702,0.651,-0.2564,2.0,4.0,3.0,6.0,4257600.0,4209300.0,3432100.0,4445100.0,0.0013,0.3992,0.6577,0.4106,0.1407,0.9636,0.9949,0.1878,0.007636071869973313,4462475.0
2026-01-14,GOOGL,1,28525600,0.0180265566506116,0.5213,0.0073,0.4714,5,0.5139,0.9861,0.5286,0.7445,0.6627,0.5,0.3668,8.0,3.0,4.0,2.0,33517600.0,33923900.0,26214200.0,35104400.0,0.7448,0.6629,0.5,0.3677,0.9998,0.9999,1.0,0.9988,0.013076479604065952,28874360.0
2026-01-14,JPM,0,25951500,0.0182998521254074,0.5008,0.0007,0.4985,4,0.5001,0.9986,0.5015,0.3634,0.4272,0.5,0.4306,11.0,3.0,4.0,2.0,19371200.0,12805100.0,6738100.0,9815200.0,0.5509,0.7175,0.5001,0.6341,0.8298,0.7977,1.0,0.8396,0.014192027169164824,9838750.0
2026-01-14,META,0,15527900,0.0217557939071229,0.0005,0.0018,0.9977,1,-0.0013,0.2146,0.0023,0.9918,0.1064,0.1889,0.025,1.0,26.0,52.0,7.0,18030400.0,7940400.0,9187500.0,7133800.0,0.9947,0.5829,0.4823,0.5479,0.9985,0.5912,0.6958,0.5228,0.011488590245229633,15874575.0
2026-01-14,MSFT,0,28184300,0.0236461839843752,0.599,0.1991,0.2019,5,0.3999,0.7505,0.7981,-0.9996,1.0,0.5,0.3198,1.0,1.0,2.0,36.0,28545800.0,23519900.0,18491000.0,13944500.0,0.9997,1.0,0.5,0.6055,0.0001,1.0,1.0,0.7641,0.007752119530146783,20196555.0
2026-01-14,TSLA,0,57259500,0.021882980273326,0.0042,0.017,0.9788,3,-0.0128,0.1969,0.0212,-0.0572,1.0,0.9256,-0.0004,1.0,2.0,2.0,2.0,61649600.0,57041100.0,59828800.0,67940800.0,0.0609,1.0,0.9344,0.006,0.0303,1.0,0.9953,0.4677,0.021442030333483332,75981275.0
2026-01-14,UNH,0,5740900,0.0179204440932375,0.0197,0.5009,0.4794,2,-0.4813,0.0378,0.5206,0.6666,-0.9996,1.0,0.7958,3.0,2.0,1.0,1.0,5605900.0,7146400.0,4129100.0,7461400.0,0.6667,1.0,1.0,0.8129,0.9999,0.0002,1.0,0.9895,0.011891363504164074,6087825.0
2026-01-15,AAPL,0,39388600,0.0153079641104375,0.0031,0.0,0.9969,1,0.0031,0.9968,0.0031,0.2555,-0.0031,0.4999,0.5008,4.0,3.0,2.0,2.0,40019400.0,45730800.0,45263800.0,50419300.0,0.7457,0.032,0.5,0.5008,0.6713,0.4517,1.0,1.0,0.008900287938743298,43360025.0
2026-01-15,AMZN,0,43003600,0.0167982493614276,0.4791,0.502,0.019,2,-0.0229,0.4883,0.981,0.3235,0.729,0.3295,0.7175,3.0,3.0,3.0,2.0,41410600.0,38371800.0,35867800.0,39509800.0,0.3303,0.7291,0.3413,0.7175,0.9897,0.9999,0.9829,1.0,0.012572370555360956,36997385.0
2026-01-15,BRK-B,0,4165200,0.0098995937964658,0.0034,0.0005,0.9961,2,0.0029,0.8813,0.0039,0.6667,-0.001,0.3702,0.4754,3.0,2.0,4.0,4.0,5033700.0,4257600.0,4209300.0,4807700.0,0.6667,0.0013,0.3992,0.5272,1.0,0.1407,0.9636,0.9509,0.007168809094091926,4455465.0
2026-01-15,JPM,1,14751400,0.0168249827239859,0.0007,0.302,0.6972,2,-0.3013,0.0025,0.3028,0.5001,0.3634,0.4272,-0.0011,4.0,11.0,3.0,1.0,25951500.0,19371200.0,12805100.0,11737100.0,0.5015,0.5509,0.7175,0.0014,0.9986,0.8298,0.7977,0.1006,0.01417720823643619,10687180.0
2026-01-15,META,1,13076100,0.0160716640074148,0.0067,0.0022,0.9912,2,0.0045,0.7525,0.0088,-0.0013,0.9918,0.1064,0.5011,1.0,1.0,26.0,25.0,15527900.0,18030400.0,7940400.0,8506500.0,0.0023,0.9947,0.5829,0.6722,0.2146,0.9985,0.5912,0.8727,0.011140221375206203,15157240.0
2026-01-15,MSFT,0,23225800,0.0179910501408312,0.3479,0.0005,0.6516,2,0.3474,0.9985,0.3484,0.3999,-0.9996,1.0,0.5271,5.0,1.0,1.0,36.0,28184300.0,28545800.0,23519900.0,15601600.0,0.7981,0.9997,1.0,0.7361,0.7505,0.0001,1.0,0.858,0.008656875013818389,20627635.0
2026-01-15,TSLA,0,49465800,0.0174778214352621,0.0001,0.0,0.9999,1,0.0001,0.7872,0.0001,-0.0128,-0.0572,1.0,-0.329,3.0,1.0,2.0,3.0,57259500.0,61649600.0,57041100.0,89093800.0,0.0212,0.0609,1.0,0.3291,0.1969,0.0303,1.0,0.0001,0.02145260717574784,76045275.0
2026-01-15,UNH,1,6943500,0.0339797560669616,0.0001,0.3334,0.6665,3,-0.3333,0.0002,0.3335,-0.4813,0.6666,-0.9996,0.3383,2.0,3.0,2.0,3.0,5740900.0,5605900.0,7146400.0,5059300.0,0.5206,0.6667,1.0,0.3402,0.0378,0.9999,0.0002,0.9971,0.01148025384773702,5975920.0
2026-01-16,AAPL,0,72142800,0.0153935684942149,0.0,0.0004,0.9995,1,-0.0004,0.0257,0.0005,0.0031,0.2555,-0.0031,0.5003,1.0,4.0,3.0,2.0,39388600.0,40019400.0,45730800.0,39997000.0,0.0031,0.7457,0.032,0.5005,0.9968,0.6713,0.4517,0.9999,0.007846621526382016,42809000.0
2026-01-16,BRK-B,1,4807400,0.0086643676638439,0.0003,0.9974,0.0023,1,-0.997,0.0003,0.9977,0.0029,0.6667,-0.001,0.651,2.0,3.0,2.0,3.0,4165200.0,5033700.0,4257600.0,3432100.0,0.0039,0.6667,0.0013,0.6577,0.8813,1.0,0.1407,0.9949,0.006361990334621743,4444890.0
2026-01-16,GOOGL,0,40341600,0.0207828163432438,0.5418,0.169,0.2892,5,0.3728,0.7622,0.7108,0.5139,0.7445,0.6627,0.9944,5.0,8.0,3.0,3.0,28525600.0,33517600.0,33923900.0,31896100.0,0.5286,0.7448,0.6629,0.9945,0.9861,0.9998,0.9999,1.0,0.012808648035668354,28843045.0
2026-01-16,JPM,1,14652500,0.0232318070349039,0.3333,0.0001,0.6665,3,0.3332,0.9996,0.3335,-0.3013,0.5001,0.3634,0.5,2.0,4.0,11.0,4.0,14751400.0,25951500.0,19371200.0,6738100.0,0.3028,0.5015,0.5509,0.5001,0.0025,0.9986,0.8298,1.0,0.014189149696814066,10881545.0
2026-01-16,META,0,17012500,0.0144189177891109,0.141,0.2002,0.6589,5,-0.0592,0.4132,0.3411,0.0045,-0.0013,0.9918,0.1889,2.0,1.0,1.0,52.0,13076100.0,15527900.0,18030400.0,9187500.0,0.0088,0.0023,0.9947,0.4823,0.7525,0.2146,0.9985,0.6958,0.010672184754882,14750650.0
2026-01-16,MSFT,1,34246700,0.0146560768230041,0.8666,0.1273,0.0061,2,0.7393,0.8719,0.9939,0.3474,0.3999,-0.9996,0.5,2.0,5.0,1.0,2.0,23225800.0,28184300.0,28545800.0,18491000.0,0.3484,0.7981,0.9997,0.5,0.9985,0.7505,0.0001,1.0,0.009511339827972884,20058170.0
2026-01-16,UNH,0,8039100,0.0172311407264506,0.0,0.0003,0.9997,1,-0.0003,0.0231,0.0003,-0.3333,-0.4813,0.6666,1.0,3.0,2.0,3.0,1.0,6943500.0,5740900.0,5605900.0,4129100.0,0.3335,0.5206,0.6667,1.0,0.0002,0.0378,0.9999,1.0,0.011801082609083758,6000735.0
2026-01-20,AAPL,0,80267500,0.0449887045835476,1.0,0.0,0.0,1,1.0,1.0,1.0,-0.0004,0.0031,0.2555,0.4999,1.0,1.0,4.0,2.0,72142800.0,39388600.0,40019400.0,45263800.0,0.0005,0.0031,0.7457,0.5,0.0257,0.9968,0.6713,1.0,0.007794349031570213,44533710.0
2026-01-20,AMZN,0,47737900,0.0245978787436695,0.0061,0.6567,0.3372,2,-0.6506,0.0092,0.6628,-0.0229,0.3235,0.729,1.0,2.0,3.0,3.0,1.0,43003600.0,41410600.0,38371800.0,34560000.0,0.981,0.3303,0.7291,1.0,0.4883,0.9897,0.9999,1.0,0.012172559495035776,37365610.0
2026-01-20,BRK-B,0,5521500,0.0168092913716209,0.5756,0.2003,0.2241,5,0.3753,0.7419,0.7759,-0.997,0.0029,0.6667,0.3702,1.0,2.0,3.0,4.0,4807400.0,4165200.0,5033700.0,4209300.0,0.9977,0.0039,0.6667,0.3992,0.0003,0.8813,1.0,0.9636,0.006104140264105647,4478830.0
2026-01-20,GOOGL,1,35361000,0.02275070409086,0.5001,0.0,0.4999,2,0.5001,1.0,0.5001,0.3728,0.5139,0.7445,0.5,5.0,5.0,8.0,4.0,40341600.0,28525600.0,33517600.0,26214200.0,0.7108,0.5286,0.7448,0.5,0.7622,0.9861,0.9998,1.0,0.013207477323425674,29330875.0
2026-01-20,JPM,0,12900600,0.0303386852296253,0.662,0.0181,0.3199,3,0.6439,0.9734,0.6801,0.3332,-0.3013,0.5001,0.4272,3.0,2.0,4.0,3.0,14652500.0,14751400.0,25951500.0,12805100.0,0.3335,0.3028,0.5015,0.7175,0.9996,0.0025,0.9986,0.7977,0.01406117405265685,11197605.0
2026-01-20,MSFT,1,26130000,0.0166659035355876,0.0002,0.3951,0.6047,5,-0.3949,0.0005,0.3953,0.7393,0.3474,0.3999,1.0,2.0,2.0,5.0,1.0,34246700.0,23225800.0,28184300.0,23519900.0,0.9939,0.3484,0.7981,1.0,0.8719,0.9985,0.7505,1.0,0.009542357119882014,20654595.0
2026-01-20,TSLA,0,63187300,0.030953067352189,0.25,0.0001,0.7499,4,0.2499,0.9995,0.2501,0.0001,-0.0128,-0.0572,0.9256,1.0,3.0,1.0,2.0,49465800.0,57259500.0,61649600.0,59828800.0,0.0001,0.0212,0.0609,0.9344,0.7872,0.1969,0.0303,0.9953,0.020298337888255698,73735730.0
2026-01-20,UNH,1,7596500,0.0408980296214396,1.0,0.0,0.0,1,1.0,1.0,1.0,-0.0003,-0.3333,-0.4813,-0.9996,1.0,3.0,2.0,2.0,8039100.0,6943500.0,5740900.0,7146400.0,0.0003,0.3335,0.5206,1.0,0.0231,0.0002,0.0378,0.0002,0.01135038517628022,6085990.0
2026-01-21,AAPL,0,54641700,0.0256534176160053,0.5,0.0001,0.4999,2,0.4999,0.9997,0.5001,1.0,-0.0004,0.0031,-0.0031,1.0,1.0,1.0,3.0,80267500.0,72142800.0,39388600.0,45730800.0,1.0,0.0005,0.0031,0.032,1.0,0.0257,0.9968,0.4517,0.008970104229352587,46040150.0
2026-01-21,AMZN,1,47276100,0.0234540579637225,0.4818,0.3445,0.1736,3,0.1373,0.5831,0.8264,-0.6506,-0.0229,0.3235,0.3295,2.0,2.0,3.0,3.0,47737900.0,43003600.0,41410600.0,35867800.0,0.6628,0.981,0.3303,0.3413,0.0092,0.4883,0.9897,0.9829,0.011309129295231644,37388200.0
2026-01-21,BRK-B,0,5730200,0.0132851088342586,0.2128,0.1666,0.6206,14,0.0461,0.5608,0.3794,0.3753,-0.997,0.0029,-0.001,5.0,1.0,2.0,2.0,5521500.0,4807400.0,4165200.0,4257600.0,0.7759,0.9977,0.0039,0.0013,0.7419,0.0003,0.8813,0.1407,0.006579809814475695,4572570.0
2026-01-21,GOOGL,1,35386600,0.0409136368360807,0.9628,0.0002,0.037,1,0.9626,0.9998,0.963,0.5001,0.3728,0.5139,0.6627,2.0,5.0,5.0,3.0,35361000.0,40341600.0,28525600.0,33923900.0,0.5001,0.7108,0.5286,0.6629,1.0,0.7622,0.9861,0.9999,0.009808304622233446,28902405.0
2026-01-21,JPM,0,10270100,0.0140065257310972,0.2864,0.1436,0.57,7,0.1428,0.6661,0.43,0.6439,0.3332,-0.3013,0.3634,3.0,3.0,2.0,11.0,12900600.0,14652500.0,14751400.0,19371200.0,0.6801,0.3335,0.3028,0.5509,0.9734,0.9996,0.0025,0.8298,0.014082217638386036,11406700.0
2026-01-21,META,1,14494700,0.0299798970468054,0.002,0.5792,0.4188,3,-0.5773,0.0034,0.5812,-0.0592,0.0045,-0.0013,0.1064,5.0,2.0,1.0,26.0,17012500.0,13076100.0,15527900.0,7940400.0,0.3411,0.0088,0.0023,0.5829,0.4132,0.7525,0.2146,0.5912,0.010726293240998537,14943225.0
2026-01-21,MSFT,0,37980500,0.0309545063559295,0.3334,0.0081,0.6584,3,0.3253,0.9762,0.3416,-0.3949,0.7393,0.3474,-0.9996,5.0,2.0,2.0,1.0,26130000.0,34246700.0,23225800.0,28545800.0,0.3953,0.9939,0.3484,0.9997,0.0005,0.8719,0.9985,0.0001,0.009265427843077136,20862800.0
2026-01-21,TSLA,1,68124000,0.0440639779169869,0.4982,0.2524,0.2494,4,0.2458,0.6638,0.7506,0.2499,0.0001,-0.0128,1.0,4.0,1.0,3.0,2.0,63187300.0,49465800.0,57259500.0,57041100.0,0.2501,0.0001,0.0212,1.0,0.9995,0.7872,0.1969,1.0,0.02009792717931323,71167985.0
2026-01-21,UNH,1,8933300,0.027663978827671,0.0,0.0,1.0,1,-0.0,0.0271,0.0,1.0,-0.0003,-0.3333,0.6666,1.0,1.0,3.0,3.0,7596500.0,8039100.0,6943500.0,5605900.0,1.0,0.0003,0.3335,0.6667,1.0,0.0231,0.0002,0.9999,0.013532464130022495,6231535.0
2026-01-22,AAPL,0,39708300,0.0114366217432479,0.0004,0.2993,0.7002,3,-0.2989,0.0014,0.2998,0.4999,1.0,-0.0004,0.2555,2.0,1.0,1.0,4.0,54641700.0,80267500.0,72142800.0,40019400.0,0.5001,1.0,0.0005,0.7457,0.9997,1.0,0.0257,0.6713,0.00875197489479911,41540635.0
2026-01-22,AMZN,1,31913300,0.0205939212192739,0.5149,0.3626,0.1225,2,0.1522,0.5867,0.8775,0.1373,-0.6506,-0.0229,0.729,3.0,2.0,2.0,3.0,47276100.0,47737900.0,43003600.0,38371800.0,0.8264,0.6628,0.981,0.7291,0.5831,0.0092,0.4883,0.9999,0.011316158738574616,37787060.0
2026-01-22,BRK-B,1,4054200,0.008608210027821,0.0001,0.0025,0.9974,3,-0.0024,0.0449,0.0026,0.0461,0.3753,-0.997,0.6667,14.0,5.0,1.0,3.0,5730200.0,5521500.0,4807400.0,5033700.0,0.3794,0.7759,0.9977,0.6667,0.5608,0.7419,0.0003,1.0,0.0053067276578067585,4126440.0
2026-01-22,GOOGL,0,26253600,0.0191358758047306,0.9999,0.0,0.0001,1,0.9999,1.0,0.9999,0.9626,0.5001,0.3728,0.7445,1.0,2.0,5.0,8.0,35386600.0,35361000.0,40341600.0,33517600.0,0.963,0.5001,0.7108,0.7448,0.9998,1.0,0.7622,0.9998,0.010805553574751211,28995835.0
2026-01-22,JPM,0,10535800,0.0173850900912262,0.3722,0.3002,0.3276,68,0.0721,0.5536,0.6724,0.1428,0.6439,0.3332,0.5001,7.0,3.0,3.0,4.0,10270100.0,12900600.0,14652500.0,25951500.0,0.43,0.6801,0.3335,0.5015,0.6661,0.9734,0.9996,0.9986,0.013946278294159583,11347960.0
2026-01-22,META,1,21394700,0.05405580495904,0.7439,0.0069,0.2492,4,0.7369,0.9908,0.7508,-0.5773,-0.0592,0.0045,0.9918,3.0,5.0,2.0,1.0,14494700.0,17012500.0,13076100.0,18030400.0,0.5812,0.3411,0.0088,0.9947,0.0034,0.4132,0.7525,0.9985,0.010745798613977496,15018105.0
2026-01-22,MSFT,1,25349400,0.0181850324374545,0.2205,0.0009,0.7786,2,0.2196,0.996,0.2214,0.3253,-0.3949,0.7393,0.3999,3.0,5.0,2.0,5.0,37980500.0,26130000.0,34246700.0,28184300.0,0.3416,0.3953,0.9939,0.7981,0.9762,0.0005,0.8719,0.7505,0.010116167877281342,22027020.0
2026-01-22,TSLA,1,71546700,0.0387673383932743,0.5761,0.0832,0.3408,3,0.4929,0.8739,0.6592,0.2458,0.2499,0.0001,-0.0572,4.0,4.0,1.0,1.0,68124000.0,63187300.0,49465800.0,61649600.0,0.7506,0.2501,0.0001,0.0609,0.6638,0.9995,0.7872,0.0303,0.01857953205350057,69193780.0
2026-01-22,UNH,1,7491400,0.0235613323518858,0.1522,0.0681,0.7797,4,0.084,0.6907,0.2203,-0.0,1.0,-0.0003,-0.4813,1.0,1.0,1.0,2.0,8933300.0,7596500.0,8039100.0,5740900.0,0.0,1.0,0.0003,0.5206,0.0271,1.0,0.0231,0.0378,0.014397845271122424,6360455.0
2026-01-23,AAPL,1,41689000,0.0191250640718581,0.0567,0.0114,0.9319,1,0.0453,0.8322,0.0681,-0.2989,0.4999,1.0,0.0031,3.0,2.0,1.0,1.0,39708300.0,54641700.0,80267500.0,39388600.0,0.2998,0.5001,1.0,0.0031,0.0014,0.9997,1.0,0.9968,0.008710682886161334,41697460.0
2026-01-23,AMZN,1,33778500,0.0250254913857916,1.0,0.0,0.0,1,1.0,1.0,1.0,0.1522,0.1373,-0.6506,0.3235,2.0,3.0,2.0,3.0,31913300.0,47276100.0,47737900.0,41410600.0,0.8775,0.8264,0.6628,0.3303,0.5867,0.5831,0.0092,0.9897,0.010825219672411072,37181005.0
2026-01-23,BRK-B,0,5436600,0.0103264025328335,0.2608,0.2529,0.4863,4,0.008,0.5078,0.5137,-0.0024,0.0461,0.3753,0.0029,3.0,14.0,5.0,2.0,4054200.0,5730200.0,5521500.0,4165200.0,0.0026,0.3794,0.7759,0.0039,0.0449,0.5608,0.7419,0.8813,0.005086989865453985,4125650.0
2026-01-23,GOOGL,0,27280000,0.0187674529088119,0.2863,0.0032,0.7105,4,0.2832,0.989,0.2895,0.9999,0.9626,0.5001,0.5139,1.0,1.0,2.0,5.0,26253600.0,35386600.0,35361000.0,28525600.0,0.9999,0.963,0.5001,0.5286,1.0,0.9998,1.0,0.9861,0.010817385447890536,27311355.0
2026-01-23,JPM,0,11107900,0.0194039250051738,0.3293,0.3085,0.3621,46,0.0208,0.5163,0.6379,0.0721,0.1428,0.6439,-0.3013,68.0,7.0,3.0,2.0,10535800.0,10270100.0,12900600.0,14751400.0,0.6724,0.43,0.6801,0.3028,0.5536,0.6661,0.9734,0.0025,0.013756064726741379,10650030.0
2026-01-23,META,1,22797700,0.0341826967131116,0.0773,0.7295,0.1933,1,-0.6522,0.0958,0.8067,0.7369,-0.5773,-0.0592,-0.0013,4.0,3.0,5.0,1.0,21394700.0,14494700.0,17012500.0,15527900.0,0.7508,0.5812,0.3411,0.0023,0.9908,0.0034,0.4132,0.2146,0.012519592163278326,15242295.0
2026-01-23,MSFT,1,38000200,0.04552195885209,0.6406,0.0006,0.3588,3,0.6399,0.999,0.6412,0.2196,0.3253,-0.3949,0.3474,2.0,3.0,5.0,2.0,25349400.0,37980500.0,26130000.0,23225800.0,0.2214,0.3416,0.3953,0.3484,0.996,0.9762,0.0005,0.9985,0.009963471305445016,21506680.0
2026-01-23,TSLA,1,56771400,0.0187515013928425,0.3334,0.3337,0.3329,3,-0.0003,0.4998,0.6671,0.4929,0.2458,0.2499,-0.0128,3.0,4.0,4.0,3.0,71546700.0,68124000.0,63187300.0,57259500.0,0.6592,0.7506,0.2501,0.0212,0.8739,0.6638,0.9995,0.1969,0.01905050696249238,67446595.0
2026-01-23,UNH,1,9082200,0.0137744295461979,1.0,0.0,0.0,1,1.0,1.0,1.0,0.084,-0.0,1.0,-0.3333,4.0,1.0,1.0,3.0,7491400.0,8933300.0,7596500.0,6943500.0,0.2203,0.0,1.0,0.3335,0.6907,0.0271,1.0,0.0002,0.014872685135124849,6207375.0
2026-01-26,AAPL,1,55969200,0.0268808438908993,0.6363,0.3335,0.0302,3,0.3029,0.6561,0.9698,0.0453,-0.2989,0.4999,-0.0004,1.0,3.0,2.0,1.0,41689000.0,39708300.0,54641700.0,72142800.0,0.0681,0.2998,0.5001,0.0005,0.8322,0.0014,0.9997,0.0257,0.008588048547409891,42299810.0
2026-01-26,AMZN,0,32825500,0.0142095329728271,0.0804,0.8298,0.0899,4,-0.7494,0.0883,0.9101,1.0,0.1522,0.1373,-0.0229,1.0,2.0,3.0,2.0,33778500.0,31913300.0,47276100.0,43003600.0,1.0,0.8775,0.8264,0.981,1.0,0.5867,0.5831,0.4883,0.011547396586411487,34592710.0
2026-01-26,BRK-B,1,5077200,0.0163229210948365,0.249,0.0,0.751,4,0.249,0.9999,0.249,0.008,-0.0024,0.0461,-0.997,4.0,3.0,14.0,1.0,5436600.0,4054200.0,5730200.0,4807400.0,0.5137,0.0026,0.3794,0.9977,0.5078,0.0449,0.5608,0.0003,0.005324333901904869,4213440.0
2026-01-26,GOOGL,1,26042100,0.0269668295772783,0.8821,0.0004,0.1175,3,0.8816,0.9995,0.8825,0.2832,0.9999,0.9626,0.3728,4.0,1.0,1.0,5.0,27280000.0,26253600.0,35386600.0,40341600.0,0.2895,0.9999,0.963,0.7108,0.989,1.0,0.9998,0.7622,0.011399624984818698,27353860.0
2026-01-26,JPM,1,11752700,0.0145394265060347,0.369,0.1141,0.517,18,0.2549,0.7638,0.483,0.0208,0.0721,0.1428,0.3332,46.0,68.0,7.0,3.0,11107900.0,10535800.0,10270100.0,14652500.0,0.6379,0.6724,0.43,0.3335,0.5163,0.5536,0.6661,0.9996,0.013413157526717106,10787695.0
2026-01-26,META,1,16327400,0.0210335591039772,0.3345,0.1102,0.5553,9,0.2243,0.7522,0.4447,-0.6522,0.7369,-0.5773,0.0045,1.0,4.0,3.0,2.0,22797700.0,21394700.0,14494700.0,13076100.0,0.8067,0.7508,0.5812,0.0088,0.0958,0.9908,0.0034,0.7525,0.012992295184573097,15729345.0
2026-01-26,MSFT,1,29291200,0.0263265351363044,0.7489,0.0001,0.251,4,0.7488,0.9999,0.749,0.6399,0.2196,0.3253,0.7393,3.0,2.0,3.0,2.0,38000200.0,25349400.0,37980500.0,34246700.0,0.6412,0.2214,0.3416,0.9939,0.999,0.996,0.9762,0.8719,0.011759782762164921,22173230.0
2026-01-26,TSLA,0,49397400,0.0241797972261235,0.9923,0.0,0.0077,1,0.9922,1.0,0.9923,-0.0003,0.4929,0.2458,0.0001,3.0,3.0,4.0,1.0,56771400.0,71546700.0,68124000.0,49465800.0,0.6671,0.6592,0.7506,0.0001,0.4998,0.8739,0.6638,0.7872,0.018789433022532952,65526745.0
2026-01-26,UNH,0,10399500,0.0212459931399902,1.0,0.0,0.0,1,1.0,1.0,1.0,1.0,0.084,-0.0,-0.0003,1.0,4.0,1.0,1.0,9082200.0,7491400.0,8933300.0,8039100.0,1.0,0.2203,0.0,0.0003,1.0,0.6907,0.0271,0.0231,0.01486277184109426,6267865.0
2026-01-27,AAPL,0,49648300,0.0144307618867179,0.0,0.4972,0.5028,2,-0.4972,0.0,0.4972,0.3029,0.0453,-0.2989,1.0,3.0,1.0,3.0,1.0,55969200.0,41689000.0,39708300.0,80267500.0,0.9698,0.0681,0.2998,1.0,0.6561,0.8322,0.0014,1.0,0.009397759030644078,44202740.0
2026-01-27,AMZN,1,38029200,0.0283699903312409,0.0496,0.024,0.9264,3,0.0257,0.6745,0.0736,-0.7494,1.0,0.1522,-0.6506,4.0,1.0,2.0,2.0,32825500.0,33778500.0,31913300.0,47737900.0,0.9101,1.0,0.8775,0.6628,0.0883,1.0,0.5867,0.0092,0.011652949595115807,34620920.0
2026-01-27,BRK-B,0,6314500,0.0182966980120005,0.0,0.995,0.005,3,-0.9949,0.0,0.995,0.249,0.008,-0.0024,0.3753,4.0,4.0,3.0,5.0,5077200.0,5436600.0,4054200.0,5521500.0,0.249,0.5137,0.0026,0.7759,0.9999,0.5078,0.0449,0.7419,0.00581424886399127,4367290.0
2026-01-27,GOOGL,0,21636200,0.0132092695836826,0.0001,0.5046,0.4952,2,-0.5045,0.0003,0.5048,0.8816,0.2832,0.9999,0.5001,3.0,4.0,1.0,2.0,26042100.0,27280000.0,26253600.0,35361000.0,0.8825,0.2895,0.9999,0.5001,0.9995,0.989,1.0,1.0,0.011489065812482572,27382030.0
2026-01-27,JPM,0,11527400,0.0126771562554152,0.3614,0.0221,0.6164,12,0.3393,0.9423,0.3836,0.2549,0.0208,0.0721,0.6439,18.0,46.0,68.0,3.0,11752700.0,11107900.0,10535800.0,12900600.0,0.483,0.6379,0.6724,0.6801,0.7638,0.5163,0.5536,0.9734,0.0135680204789243,11041915.0
2026-01-27,META,0,13297400,0.0180258137470105,0.0028,0.0004,0.9967,3,0.0024,0.8689,0.0033,0.2243,-0.6522,0.7369,-0.0592,9.0,1.0,4.0,5.0,16327400.0,22797700.0,21394700.0,17012500.0,0.4447,0.8067,0.7508,0.3411,0.7522,0.0958,0.9908,0.4132,0.012878151336453321,15844870.0
2026-01-27,MSFT,1,29213900,0.0204981870484613,0.467,0.5328,0.0002,2,-0.0658,0.4671,0.9998,0.7488,0.6399,0.2196,-0.3949,4.0,3.0,2.0,5.0,29291200.0,38000200.0,25349400.0,26130000.0,0.749,0.6412,0.2214,0.3953,0.9999,0.999,0.996,0.0005,0.011581737427940868,22451405.0
2026-01-27,TSLA,0,37733100,0.0156146098970831,0.1344,0.1279,0.7378,2,0.0065,0.5124,0.2622,0.9922,-0.0003,0.4929,0.2499,1.0,3.0,3.0,4.0,49397400.0,56771400.0,71546700.0,63187300.0,0.9923,0.6671,0.6592,0.2501,1.0,0.4998,0.8739,0.9995,0.019052451116970962,62831345.0
2026-01-27,UNH,0,65836900,0.0649726367459376,0.2106,0.5217,0.2677,165,-0.3111,0.2876,0.7323,1.0,1.0,0.084,1.0,1.0,1.0,4.0,1.0,10399500.0,9082200.0,7491400.0,7596500.0,1.0,1.0,0.2203,1.0,1.0,1.0,0.6907,1.0,0.015055098204375936,6564675.0
2026-01-28,AAPL,0,41288000,0.0168833337775054,1.0,0.0,0.0,1,1.0,1.0,1.0,-0.4972,0.3029,0.0453,0.4999,2.0,3.0,1.0,2.0,49648300.0,55969200.0,41689000.0,54641700.0,0.4972,0.9698,0.0681,0.5001,0.0,0.6561,0.8322,0.9997,0.009399128148479532,45609065.0
2026-01-28,AMZN,0,40882700,0.0253683489218203,0.3643,0.2089,0.4267,48,0.1554,0.6356,0.5733,0.0257,-0.7494,1.0,0.1373,3.0,4.0,1.0,3.0,38029200.0,32825500.0,33778500.0,47276100.0,0.0736,0.9101,1.0,0.8264,0.6745,0.0883,1.0,0.5831,0.012195163692784871,35060870.0
2026-01-28,BRK-B,1,4563900,0.0105071798018941,0.1572,0.1668,0.676,6,-0.0096,0.4853,0.324,-0.9949,0.249,0.008,0.0461,3.0,4.0,4.0,14.0,6314500.0,5077200.0,5436600.0,5730200.0,0.995,0.249,0.5137,0.3794,0.0,0.9999,0.5078,0.5608,0.006856328388344491,4570635.0
2026-01-28,GOOGL,0,27434400,0.0166637092905984,0.6619,0.056,0.282,53,0.6059,0.922,0.718,-0.5045,0.8816,0.2832,0.9626,2.0,3.0,4.0,1.0,21636200.0,26042100.0,27280000.0,35386600.0,0.5048,0.8825,0.2895,0.963,0.0003,0.9995,0.989,0.9998,0.011494527681135404,27958970.0
2026-01-28,JPM,1,9556700,0.0128884862835539,0.3316,0.0604,0.608,27,0.2712,0.846,0.392,0.3393,0.2549,0.0208,0.1428,12.0,18.0,46.0,7.0,11527400.0,11752700.0,11107900.0,10270100.0,0.3836,0.483,0.6379,0.43,0.9423,0.7638,0.5163,0.6661,0.013335583636249088,11403820.0
2026-01-28,META,0,25709600,0.0171682981317178,0.1902,0.1874,0.6225,6,0.0028,0.5037,0.3775,0.0024,0.2243,-0.6522,-0.5773,3.0,9.0,1.0,3.0,13297400.0,16327400.0,22797700.0,14494700.0,0.0033,0.4447,0.8067,0.5812,0.8689,0.7522,0.0958,0.0034,0.012936453265835474,15732285.0
2026-01-28,MSFT,0,36875400,0.011878873234989,0.6,0.4,0.0,5,0.2001,0.6,1.0,-0.0658,0.7488,0.6399,0.3253,2.0,4.0,3.0,3.0,29213900.0,29291200.0,38000200.0,37980500.0,0.9998,0.749,0.6412,0.3416,0.4671,0.9999,0.999,0.9762,0.011800910068724834,22876820.0
2026-01-28,TSLA,0,54857400,0.0188928332127567,0.3511,0.1773,0.4715,12,0.1738,0.6644,0.5285,0.0065,0.9922,-0.0003,0.2458,2.0,1.0,3.0,4.0,37733100.0,49397400.0,56771400.0,68124000.0,0.2622,0.9923,0.6671,0.7506,0.5124,1.0,0.4998,0.6638,0.019123584377752263,60372195.0
2026-01-28,UNH,1,23396900,0.0395460354308091,0.2256,0.5706,0.2038,56,-0.345,0.2834,0.7962,-0.3111,1.0,1.0,-0.0,165.0,1.0,1.0,1.0,65836900.0,10399500.0,9082200.0,8933300.0,0.7323,1.0,1.0,0.0,0.2876,1.0,1.0,0.0271,0.017722313849897815,9714385.0
2026-01-29,AAPL,1,67253000,0.0203100396681201,0.4918,0.2188,0.2894,86,0.273,0.6921,0.7106,1.0,-0.4972,0.3029,-0.2989,1.0,2.0,3.0,3.0,41288000.0,49648300.0,55969200.0,39708300.0,1.0,0.4972,0.9698,0.2998,1.0,0.0,0.6561,0.0014,0.00927178502004297,46487705.0
2026-01-29,AMZN,0,47229600,0.0257803900750131,0.3763,0.2094,0.4143,115,0.167,0.6425,0.5857,0.1554,0.0257,-0.7494,0.1522,48.0,3.0,4.0,2.0,40882700.0,38029200.0,32825500.0,31913300.0,0.5733,0.0736,0.9101,0.8775,0.6356,0.6745,0.0883,0.5867,0.012605285830688458,36533980.0
2026-01-29,BRK-B,1,5380500,0.0089502895185493,0.1816,0.0029,0.8155,2,0.1788,0.9844,0.1845,-0.0096,-0.9949,0.249,-0.0024,6.0,3.0,4.0,3.0,4563900.0,6314500.0,5077200.0,4054200.0,0.324,0.995,0.249,0.0026,0.4853,0.0,0.9999,0.0449,0.0067990971364466895,4646020.0
2026-01-29,GOOGL,0,39785600,0.0462826934028041,0.4136,0.1864,0.4,90,0.2272,0.6893,0.6,0.6059,-0.5045,0.8816,0.9999,53.0,2.0,3.0,1.0,27434400.0,21636200.0,26042100.0,26253600.0,0.718,0.5048,0.8825,0.9999,0.922,0.0003,0.9995,1.0,0.01144647093168977,28785740.0
2026-01-29,JPM,1,11580000,0.0152446608618006,0.3817,0.1716,0.4467,32,0.2101,0.6898,0.5533,0.2712,0.3393,0.2549,0.0721,27.0,12.0,18.0,68.0,9556700.0,11527400.0,11752700.0,10535800.0,0.392,0.3836,0.483,0.6724,0.846,0.9423,0.7638,0.5536,0.013360542686746768,11673740.0
2026-01-29,META,1,59852900,0.0426481327304224,0.5213,0.1796,0.2992,150,0.3417,0.7438,0.7008,0.0028,0.0024,0.2243,0.7369,6.0,3.0,9.0,4.0,25709600.0,13297400.0,16327400.0,21394700.0,0.3775,0.0033,0.4447,0.7508,0.5037,0.8689,0.7522,0.9908,0.012410435160497758,16302310.0
2026-01-29,MSFT,0,128855300,0.0488193174005757,0.2769,0.4956,0.2275,108,-0.2188,0.3584,0.7725,0.2001,-0.0658,0.7488,0.2196,5.0,2.0,4.0,2.0,36875400.0,29213900.0,29291200.0,25349400.0,1.0,0.9998,0.749,0.2214,0.6,0.4671,0.9999,0.996,0.011638805916227424,23291915.0
2026-01-29,TSLA,0,81686100,0.0584970684861036,0.3804,0.2088,0.4108,151,0.1716,0.6456,0.5892,0.1738,0.0065,0.9922,0.4929,12.0,2.0,1.0,3.0,54857400.0,37733100.0,49397400.0,71546700.0,0.5285,0.2622,0.9923,0.6592,0.6644,0.5124,1.0,0.8739,0.01916579455886619,60203885.0
2026-01-29,UNH,0,13456400,0.0216763672540246,0.3454,0.4169,0.2377,23,-0.0715,0.4531,0.7623,-0.345,-0.3111,1.0,0.084,56.0,165.0,1.0,4.0,23396900.0,65836900.0,10399500.0,7491400.0,0.7962,0.7323,1.0,0.2203,0.2834,0.2876,1.0,0.6907,0.019183931442694247,10666265.0
2026-01-30,AAPL,1,92443400,0.0380922572812325,0.413,0.2415,0.3455,147,0.1714,0.631,0.6545,0.273,1.0,-0.4972,0.0453,86.0,1.0,2.0,1.0,67253000.0,41288000.0,49648300.0,41689000.0,0.7106,1.0,0.4972,0.0681,0.6921,1.0,0.0,0.8322,0.009274095103233956,48743375.0
2026-01-30,AMZN,0,46585000,0.0236775519989242,0.3237,0.1926,0.4838,70,0.1311,0.627,0.5162,0.167,0.1554,0.0257,1.0,115.0,48.0,3.0,1.0,47229600.0,40882700.0,38029200.0,33778500.0,0.5857,0.5733,0.0736,1.0,0.6425,0.6356,0.6745,1.0,0.01263166247234897,38095725.0
2026-01-30,BRK-B,1,5082200,0.0112743969238177,0.9997,0.0001,0.0002,1,0.9996,0.9999,0.9998,0.1788,-0.0096,-0.9949,0.008,2.0,6.0,3.0,4.0,5380500.0,4563900.0,6314500.0,5436600.0,0.1845,0.324,0.995,0.5137,0.9844,0.4853,0.0,0.5078,0.006848916601732345,4770190.0
2026-01-30,GOOGL,0,31024000,0.022676445456112,0.4493,0.1681,0.3825,81,0.2812,0.7277,0.6175,0.2272,0.6059,-0.5045,0.2832,90.0,53.0,2.0,4.0,39785600.0,27434400.0,21636200.0,27280000.0,0.6,0.718,0.5048,0.2895,0.6893,0.922,0.0003,0.989,0.011517890793687079,29793930.0
2026-01-30,JPM,1,11953200,0.0175921215960278,0.075,0.3393,0.5858,18,-0.2643,0.181,0.4142,0.2101,0.2712,0.3393,0.0208,32.0,27.0,12.0,46.0,11580000.0,9556700.0,11527400.0,11107900.0,0.5533,0.392,0.3836,0.6379,0.6898,0.846,0.9423,0.5163,0.013645439750398617,11820975.0
2026-01-30,META,0,23744600,0.0255394584944157,0.4982,0.2581,0.2437,85,0.2401,0.6587,0.7563,0.3417,0.0028,0.0024,-0.6522,150.0,6.0,3.0,1.0,59852900.0,25709600.0,13297400.0,22797700.0,0.7008,0.3775,0.0033,0.8067,0.7438,0.5037,0.8689,0.0958,0.012155679119908731,18515030.0
2026-01-30,MSFT,0,58566800,0.0299428319202586,0.3563,0.3369,0.3069,126,0.0194,0.514,0.6931,-0.2188,0.2001,-0.0658,0.6399,108.0,5.0,2.0,3.0,128855300.0,36875400.0,29213900.0,38000200.0,0.7725,1.0,0.9998,0.6412,0.3584,0.6,0.4671,0.999,0.012181003328744585,28886530.0
2026-01-30,TSLA,1,82626100,0.0403902490402225,0.3229,0.1837,0.4934,69,0.1392,0.6374,0.5066,0.1716,0.1738,0.0065,-0.0003,151.0,12.0,2.0,3.0,81686100.0,54857400.0,37733100.0,56771400.0,0.5892,0.5285,0.2622,0.6671,0.6456,0.6644,0.5124,0.4998,0.021340368615568917,62223920.0
2026-01-30,UNH,0,12022200,0.0282437515495167,0.4826,0.3058,0.2116,23,0.1767,0.6121,0.7884,-0.0715,-0.345,-0.3111,1.0,23.0,56.0,165.0,1.0,13456400.0,23396900.0,65836900.0,9082200.0,0.7623,0.7962,0.7323,1.0,0.4531,0.2834,0.2876,1.0,0.019209633995998506,11121745.0
2026-02-02,AAPL,1,73913400,0.0433796055541688,0.7406,0.0493,0.2101,4,0.6913,0.9376,0.7899,0.1714,0.273,1.0,0.3029,147.0,86.0,1.0,3.0,92443400.0,67253000.0,41288000.0,55969200.0,0.6545,0.7106,1.0,0.9698,0.631,0.6921,1.0,0.6561,0.01029679954871916,52000865.0
2026-02-02,BRK-B,1,5064600,0.019779804223359,0.4992,0.0015,0.4992,8,0.4977,0.9969,0.5008,0.9996,0.1788,-0.0096,0.249,1.0,2.0,6.0,4.0,5082200.0,5380500.0,4563900.0,5077200.0,0.9998,0.1845,0.324,0.249,0.9999,0.9844,0.4853,0.9999,0.007133080457509276,4869040.0
2026-02-02,GOOGL,1,32006100,0.0273629815479478,0.3337,0.0006,0.6657,3,0.3331,0.9981,0.3343,0.2812,0.2272,0.6059,0.8816,81.0,90.0,53.0,3.0,31024000.0,39785600.0,27434400.0,26042100.0,0.6175,0.6,0.718,0.8825,0.7277,0.6893,0.922,0.9995,0.011606021374537279,30476085.0
2026-02-02,JPM,1,9839400,0.0260460911066907,0.3333,0.0002,0.6665,3,0.3332,0.9995,0.3335,-0.2643,0.2101,0.2712,0.2549,18.0,32.0,27.0,18.0,11953200.0,11580000.0,9556700.0,11752700.0,0.4142,0.5533,0.392,0.483,0.181,0.6898,0.846,0.7638,0.01363651246439596,12023420.0
2026-02-02,META,0,14365200,0.0248810087729713,0.3334,0.0001,0.6666,3,0.3333,0.9998,0.3334,0.2401,0.3417,0.0028,0.2243,85.0,150.0,6.0,9.0,23744600.0,59852900.0,25709600.0,16327400.0,0.7563,0.7008,0.3775,0.4447,0.6587,0.7438,0.5037,0.7522,0.012506109063231671,18689245.0
2026-02-02,MSFT,0,42219900,0.0197331499327853,0.2514,0.2506,0.498,4,0.0008,0.5008,0.502,0.0194,-0.2188,0.2001,0.7488,126.0,108.0,5.0,4.0,58566800.0,128855300.0,36875400.0,29291200.0,0.6931,0.7725,1.0,0.749,0.514,0.3584,0.6,0.9999,0.0130501884593077,31080690.0
2026-02-02,TSLA,1,58739500,0.0300268072821753,0.4991,0.25,0.2509,4,0.249,0.6662,0.7491,0.1392,0.1716,0.1738,0.9922,69.0,151.0,12.0,1.0,82626100.0,81686100.0,54857400.0,49397400.0,0.5066,0.5892,0.5285,0.9923,0.6374,0.6456,0.6644,1.0,0.021614177052424723,63416190.0
2026-02-02,UNH,0,8664200,0.0283896071221769,0.06,0.5032,0.4368,8,-0.4431,0.1066,0.5632,0.1767,-0.0715,-0.345,1.0,23.0,23.0,56.0,1.0,12022200.0,13456400.0,23396900.0,10399500.0,0.7884,0.7623,0.7962,1.0,0.6121,0.4531,0.2834,1.0,0.019693569546685462,11501230.0
2026-02-03,AAPL,1,64394700,0.0158618846122713,0.803,0.0004,0.1966,6,0.8026,0.9995,0.8034,0.6913,0.1714,0.273,-0.4972,4.0,147.0,86.0,2.0,73913400.0,92443400.0,67253000.0,49648300.0,0.7899,0.6545,0.7106,0.4972,0.9376,0.631,0.6921,0.0,0.013686569968213201,53804630.0
2026-02-03,BRK-B,1,6641200,0.0285979873722368,0.5861,0.0002,0.4138,5,0.5859,0.9997,0.5862,0.4977,0.9996,0.1788,-0.9949,8.0,1.0,2.0,3.0,5064600.0,5082200.0,5380500.0,6314500.0,0.5008,0.9998,0.1845,0.995,0.9969,0.9999,0.9844,0.0,0.007350635304683854,4828440.0
2026-02-03,GOOGL,0,36506700,0.0331951370439945,0.0322,0.4972,0.4706,2,-0.465,0.0608,0.5294,0.3331,0.2812,0.2272,-0.5045,3.0,81.0,90.0,2.0,32006100.0,31024000.0,39785600.0,21636200.0,0.3343,0.6175,0.6,0.5048,0.9981,0.7277,0.6893,0.0003,0.012548031802672043,31257505.0
2026-02-03,JPM,1,12688000,0.0230846015654581,1.0,0.0,0.0,2,1.0,1.0,1.0,0.3332,-0.2643,0.2101,0.3393,3.0,18.0,32.0,12.0,9839400.0,11953200.0,11580000.0,11527400.0,0.3335,0.4142,0.5533,0.3836,0.9995,0.181,0.6898,0.9423,0.013841893235651635,12262965.0
2026-02-03,META,0,13760700,0.0432447334020733,0.478,0.385,0.137,3,0.093,0.5539,0.863,0.3333,0.2401,0.3417,0.0024,3.0,85.0,150.0,3.0,14365200.0,23744600.0,59852900.0,13297400.0,0.3334,0.7563,0.7008,0.0033,0.9998,0.6587,0.7438,0.8689,0.012505187918409053,16908650.0
2026-02-03,MSFT,0,61424100,0.0319660432743455,0.4735,0.2625,0.264,4,0.2109,0.6433,0.736,0.0008,0.0194,-0.2188,-0.0658,4.0,126.0,108.0,2.0,42219900.0,58566800.0,128855300.0,29213900.0,0.502,0.6931,0.7725,0.9998,0.5008,0.514,0.3584,0.4671,0.013456702640842026,32898890.0
2026-02-03,TSLA,0,56886500,0.0350484255361938,0.5255,0.0668,0.4077,4,0.4587,0.8872,0.5923,0.249,0.1392,0.1716,0.0065,4.0,69.0,151.0,2.0,58739500.0,82626100.0,81686100.0,37733100.0,0.7491,0.5066,0.5892,0.2622,0.6662,0.6374,0.6456,0.5124,0.021465062369351497,63040015.0
2026-02-03,UNH,0,10809100,0.0333332976026498,0.3209,0.2777,0.4014,13,0.0431,0.536,0.5986,-0.4431,0.1767,-0.0715,-0.3111,8.0,23.0,23.0,165.0,8664200.0,12022200.0,13456400.0,65836900.0,0.5632,0.7884,0.7623,0.7323,0.1066,0.6121,0.4531,0.2876,0.019617103250412767,11720180.0
2026-02-04,AAPL,1,90545700,0.0244592289584898,0.4,0.2007,0.3993,5,0.1993,0.6659,0.6007,0.8026,0.6913,0.1714,1.0,6.0,4.0,147.0,1.0,64394700.0,73913400.0,92443400.0,41288000.0,0.8034,0.7899,0.6545,1.0,0.9995,0.9376,0.631,1.0,0.01336766757615958,54742005.0
2026-02-04,BRK-B,1,10591700,0.0331988540950737,0.5011,0.0,0.4988,4,0.5011,0.9999,0.5012,0.5859,0.4977,0.9996,-0.0096,5.0,8.0,1.0,6.0,6641200.0,5064600.0,5082200.0,4563900.0,0.5862,0.5008,0.9998,0.324,0.9997,0.9969,0.9999,0.4853,0.008411167453638554,4903235.0
2026-02-04,GOOGL,0,70618400,0.0431245886208833,0.5027,0.1259,0.3713,8,0.3768,0.7997,0.6287,-0.465,0.3331,0.2812,0.6059,2.0,3.0,81.0,53.0,36506700.0,32006100.0,31024000.0,27434400.0,0.5294,0.3343,0.6175,0.718,0.0608,0.9981,0.7277,0.922,0.013561203300342991,31482370.0
2026-02-04,META,0,16882800,0.0310732347346875,0.6545,0.016,0.3295,3,0.6384,0.9761,0.6705,0.093,0.3333,0.2401,0.0028,3.0,3.0,85.0,6.0,13760700.0,14365200.0,23744600.0,25709600.0,0.863,0.3334,0.7563,0.3775,0.5539,0.9998,0.6587,0.5037,0.01349723888786191,16813715.0
2026-02-04,MSFT,1,45012400,0.025693424716773,0.0,0.0,1.0,2,-0.0,0.0616,0.0,0.2109,0.0008,0.0194,0.2001,4.0,4.0,126.0,5.0,61424100.0,42219900.0,58566800.0,36875400.0,0.736,0.502,0.6931,1.0,0.6433,0.5008,0.514,0.6,0.014488473106369196,35527985.0
2026-02-04,TSLA,0,74606900,0.0587927548948355,0.2869,0.0348,0.6783,7,0.2522,0.8919,0.3217,0.4587,0.249,0.1392,0.1738,4.0,4.0,69.0,12.0,56886500.0,58739500.0,82626100.0,54857400.0,0.5923,0.7491,0.5066,0.5285,0.8872,0.6662,0.6374,0.6644,0.021371799901429876,62922415.0
2026-02-04,UNH,0,12944100,0.0370554655691693,0.2787,0.5322,0.1891,14,-0.2535,0.3437,0.8109,0.0431,-0.4431,0.1767,-0.345,13.0,8.0,23.0,56.0,10809100.0,8664200.0,12022200.0,23396900.0,0.5986,0.5632,0.7884,0.7962,0.536,0.1066,0.6121,0.2834,0.01916291062239353,11862805.0
2026-02-05,AAPL,0,52977400,0.0225433750533807,0.663,0.0017,0.3353,3,0.6614,0.9975,0.6647,0.1993,0.8026,0.6913,0.273,5.0,6.0,4.0,86.0,90545700.0,64394700.0,73913400.0,67253000.0,0.6007,0.8034,0.7899,0.7106,0.6659,0.9995,0.9376,0.6921,0.013044891033320467,56651685.0
2026-02-05,AMZN,0,103509200,0.0263660690019376,0.312,0.6316,0.0563,9,-0.3196,0.3307,0.9437,0.1311,0.167,0.1554,-0.7494,70.0,115.0,48.0,4.0,46585000.0,47229600.0,40882700.0,32825500.0,0.5162,0.5857,0.5733,0.9101,0.627,0.6425,0.6356,0.0883,0.012637502409646085,39435080.0
2026-02-05,BRK-B,0,5033900,0.0178292966455637,0.2025,0.0001,0.7974,5,0.2025,0.9997,0.2026,0.5011,0.5859,0.4977,0.1788,4.0,5.0,8.0,2.0,10591700.0,6641200.0,5064600.0,5380500.0,0.5012,0.5862,0.5008,0.1845,0.9999,0.9997,0.9969,0.9844,0.008992204224052858,5230820.0
2026-02-05,GOOGL,1,88205800,0.0840113089609098,0.4204,0.168,0.4117,10,0.2524,0.7145,0.5883,0.3768,-0.465,0.3331,0.2272,8.0,2.0,3.0,90.0,70618400.0,36506700.0,32006100.0,39785600.0,0.6287,0.5294,0.3343,0.6,0.7997,0.0608,0.9981,0.6893,0.015119466445485414,33503510.0
2026-02-05,JPM,0,9388000,0.0332380991133432,0.5855,0.0018,0.4127,2,0.5837,0.9969,0.5873,1.0,0.3332,-0.2643,0.2712,2.0,3.0,18.0,27.0,12688000.0,9839400.0,11953200.0,9556700.0,1.0,0.3335,0.4142,0.392,1.0,0.9995,0.181,0.846,0.013033520461187885,12359735.0
2026-02-05,META,1,17131800,0.0421953634511103,0.0313,0.9674,0.0012,3,-0.9361,0.0314,0.9988,0.6384,0.093,0.3333,0.3417,3.0,3.0,3.0,150.0,16882800.0,13760700.0,14365200.0,59852900.0,0.6705,0.863,0.3334,0.7008,0.9761,0.5539,0.9998,0.7438,0.014599962241376415,17233515.0
2026-02-05,MSFT,0,66289200,0.0392204505522213,0.3364,0.4079,0.2557,3,-0.0715,0.452,0.7443,-0.0,0.2109,0.0008,-0.2188,2.0,4.0,4.0,108.0,45012400.0,61424100.0,42219900.0,128855300.0,0.0,0.736,0.502,0.7725,0.0616,0.6433,0.5008,0.3584,0.014587018445075215,37233935.0
2026-02-05,UNH,0,13035300,0.0386452505497647,0.1281,0.5067,0.3652,17,-0.3786,0.2018,0.6348,-0.2535,0.0431,-0.4431,-0.0715,14.0,13.0,8.0,23.0,12944100.0,10809100.0,8664200.0,13456400.0,0.8109,0.5986,0.5632,0.7623,0.3437,0.536,0.1066,0.4531,0.01978534236667798,12037915.0
2026-02-06,AAPL,1,50453400,0.0143620491355922,0.9996,0.0001,0.0004,2,0.9995,0.9999,0.9996,0.6614,0.1993,0.8026,0.1714,3.0,5.0,6.0,147.0,52977400.0,90545700.0,64394700.0,92443400.0,0.6647,0.6007,0.8034,0.6545,0.9975,0.6659,0.9995,0.631,0.01290466670022635,56885065.0
2026-02-06,AMZN,1,179210900,0.0549087570319721,0.5441,0.351,0.1049,12,0.1931,0.6079,0.8951,-0.3196,0.1311,0.167,0.0257,9.0,70.0,115.0,3.0,103509200.0,46585000.0,47229600.0,38029200.0,0.9437,0.5162,0.5857,0.0736,0.3307,0.627,0.6425,0.6745,0.012710645689626796,43515015.0
2026-02-06,BRK-B,1,4421600,0.0134277224642378,0.6025,0.0103,0.3872,5,0.5922,0.9832,0.6128,0.2025,0.5011,0.5859,0.9996,5.0,4.0,5.0,1.0,5033900.0,10591700.0,6641200.0,5082200.0,0.2026,0.5012,0.5862,0.9998,0.9997,0.9999,0.9997,0.9999,0.009008728425909593,5260260.0
2026-02-06,GOOGL,0,56380500,0.0319701439245505,0.1338,0.0608,0.8054,3,0.073,0.6876,0.1946,0.2524,0.3768,-0.465,0.2812,10.0,8.0,2.0,81.0,88205800.0,70618400.0,36506700.0,31024000.0,0.5883,0.6287,0.5294,0.6175,0.7145,0.7997,0.0608,0.7277,0.020271595008969242,36353195.0
2026-02-06,JPM,1,17797400,0.0303136500395591,0.6673,0.0116,0.3211,3,0.6557,0.983,0.6789,0.5837,1.0,0.3332,0.2101,2.0,2.0,3.0,32.0,9388000.0,12688000.0,9839400.0,11580000.0,0.5873,1.0,0.3335,0.5533,0.9969,1.0,0.9995,0.6898,0.0133767784413741,12446095.0
2026-02-06,META,0,18159300,0.0383025899839572,1.0,0.0,0.0,1,1.0,1.0,1.0,-0.9361,0.6384,0.093,0.2401,3.0,3.0,3.0,85.0,17131800.0,16882800.0,13760700.0,23744600.0,0.9988,0.6705,0.863,0.7563,0.0314,0.9761,0.5539,0.6587,0.0146955395883603,17808730.0
2026-02-06,MSFT,1,53515300,0.0222210958208495,0.5182,0.1584,0.3234,3,0.3598,0.7659,0.6766,-0.0715,-0.0,0.2109,0.0194,3.0,2.0,4.0,126.0,66289200.0,45012400.0,61424100.0,58566800.0,0.7443,0.0,0.736,0.6931,0.452,0.0616,0.6433,0.514,0.016107042340721314,39851170.0
2026-02-06,TSLA,1,62677100,0.0419088183141709,0.0,0.0005,0.9995,1,-0.0005,0.0183,0.0005,0.2522,0.4587,0.249,0.1716,7.0,4.0,4.0,151.0,74606900.0,56886500.0,58739500.0,81686100.0,0.3217,0.5923,0.7491,0.5892,0.8919,0.8872,0.6662,0.6456,0.022264833218067343,64198860.0
2026-02-06,UNH,1,9572800,0.0426870141567464,0.1883,0.5654,0.2463,16,-0.3771,0.2498,0.7537,-0.3786,-0.2535,0.0431,0.1767,17.0,14.0,13.0,23.0,13035300.0,12944100.0,10809100.0,12022200.0,0.6348,0.8109,0.5986,0.7884,0.2018,0.3437,0.536,0.6121,0.0197889000436537,12316610.0
2026-02-09,AMZN,0,91178400,0.0452696147763667,0.7498,0.0,0.2502,4,0.7498,0.9999,0.7498,0.1931,-0.3196,0.1311,0.1554,12.0,9.0,70.0,48.0,179210900.0,103509200.0,46585000.0,40882700.0,0.8951,0.9437,0.5162,0.5733,0.6079,0.3307,0.627,0.6356,0.01524998733232306,51256375.0
2026-02-09,BRK-B,0,4573000,0.0203421443224203,0.0366,0.017,0.9464,7,0.0196,0.6825,0.0536,0.5922,0.2025,0.5011,0.4977,5.0,5.0,4.0,8.0,4421600.0,5033900.0,10591700.0,5064600.0,0.6128,0.2026,0.5012,0.5008,0.9832,0.9997,0.9999,0.9969,0.008936065947473714,5240955.0
2026-02-09,JPM,1,11477500,0.0195743095058352,0.5424,0.1253,0.3324,3,0.4171,0.8124,0.6676,0.6557,0.5837,1.0,-0.2643,3.0,2.0,2.0,18.0,17797400.0,9388000.0,12688000.0,11953200.0,0.6789,0.5873,1.0,0.4142,0.983,0.9969,1.0,0.181,0.014252490669639052,12845205.0
2026-02-09,META,1,14837500,0.0369884021421483,0.0,0.0,1.0,3,-0.0,0.044,0.0,1.0,-0.9361,0.6384,0.3333,1.0,3.0,3.0,3.0,18159300.0,17131800.0,16882800.0,14365200.0,1.0,0.9988,0.6705,0.3334,1.0,0.0314,0.9761,0.9998,0.01467823838181429,18360005.0
2026-02-09,MSFT,1,45480500,0.0346301576383457,0.4492,0.0021,0.5487,3,0.4471,0.9954,0.4513,0.3598,-0.0715,-0.0,0.0008,3.0,3.0,2.0,4.0,53515300.0,66289200.0,45012400.0,42219900.0,0.6766,0.7443,0.0,0.502,0.7659,0.452,0.0616,0.5008,0.01619766233622551,41746855.0
2026-02-09,TSLA,1,54484300,0.0340562351012672,0.0006,0.0067,0.9928,1,-0.0061,0.0807,0.0072,-0.0005,0.2522,0.4587,0.1392,1.0,7.0,4.0,69.0,62677100.0,74606900.0,56886500.0,82626100.0,0.0005,0.3217,0.5923,0.5066,0.0183,0.8919,0.8872,0.6374,0.021610801317389114,63055945.0
2026-02-09,UNH,1,10371600,0.0250227448633566,0.0755,0.6919,0.2326,3,-0.6164,0.0984,0.7674,-0.3771,-0.3786,-0.2535,-0.4431,16.0,17.0,14.0,8.0,9572800.0,13035300.0,12944100.0,8664200.0,0.7537,0.6348,0.8109,0.5632,0.2498,0.2018,0.3437,0.1066,0.02108019216106569,12542285.0
2026-02-10,AAPL,0,34376900,0.0088398724809594,0.4928,0.0088,0.4984,2,0.4839,0.9824,0.5016,0.9995,0.6614,0.1993,0.6913,2.0,3.0,5.0,4.0,50453400.0,52977400.0,90545700.0,73913400.0,0.9996,0.6647,0.6007,0.7899,0.9999,0.9975,0.6659,0.9376,0.012845901426241067,56886770.0
2026-02-10,AMZN,0,67175000,0.0298850102642396,0.4988,0.0051,0.4961,2,0.4937,0.9899,0.5039,0.7498,0.1931,-0.3196,0.167,4.0,12.0,9.0,115.0,91178400.0,179210900.0,103509200.0,47229600.0,0.7498,0.8951,0.9437,0.5857,0.9999,0.6079,0.3307,0.6425,0.014370923912651858,53242485.0
2026-02-10,BRK-B,1,3789100,0.0080939924255847,0.4413,0.0575,0.5012,2,0.3837,0.8846,0.4988,0.0196,0.5922,0.2025,0.5859,7.0,5.0,5.0,5.0,4573000.0,4421600.0,5033900.0,6641200.0,0.0536,0.6128,0.2026,0.5862,0.6825,0.9832,0.9997,0.9997,0.010044462794313012,5298000.0
2026-02-10,GOOGL,0,39170000,0.0219959125442296,0.3348,0.3316,0.3337,3,0.0032,0.5024,0.6663,0.073,0.2524,0.3768,0.3331,3.0,10.0,8.0,3.0,56380500.0,88205800.0,70618400.0,32006100.0,0.1946,0.5883,0.6287,0.3343,0.6876,0.7145,0.7997,0.9981,0.019955620546282325,37417000.0
2026-02-10,META,0,10455800,0.0160272236983594,0.5001,0.0,0.4999,2,0.5001,1.0,0.5001,-0.0,1.0,-0.9361,0.093,3.0,1.0,3.0,3.0,14837500.0,18159300.0,17131800.0,13760700.0,0.0,1.0,0.9988,0.863,0.044,1.0,0.0314,0.5539,0.015569461471124499,18676555.0
2026-02-10,MSFT,0,44857900,0.0261664853832421,0.9063,0.0778,0.0159,1,0.8285,0.921,0.9841,0.4471,0.3598,-0.0715,0.2109,3.0,3.0,3.0,4.0,45480500.0,53515300.0,66289200.0,61424100.0,0.4513,0.6766,0.7443,0.736,0.9954,0.7659,0.452,0.6433,0.016859734912219402,43096330.0
2026-02-10,TSLA,1,64450200,0.024516839669933,0.0041,0.9868,0.0091,1,-0.9826,0.0042,0.9909,-0.0061,-0.0005,0.2522,0.249,1.0,1.0,7.0,4.0,54484300.0,62677100.0,74606900.0,58739500.0,0.0072,0.0005,0.3217,0.7491,0.0807,0.0183,0.8919,0.6662,0.02199148023322053,62383120.0
2026-02-10,UNH,0,7284700,0.0246468600773607,0.1283,0.4012,0.4705,10,-0.273,0.2422,0.5295,-0.6164,-0.3771,-0.3786,0.0431,3.0,16.0,17.0,13.0,10371600.0,9572800.0,13035300.0,10809100.0,0.7674,0.7537,0.6348,0.5986,0.0984,0.2498,0.2018,0.536,0.020983837943640078,12854410.0
2026-02-11,AAPL,1,51931300,0.0208590470117327,0.0113,0.2495,0.7392,4,-0.2382,0.0433,0.2608,0.4839,0.9995,0.6614,0.8026,2.0,2.0,3.0,6.0,34376900.0,50453400.0,52977400.0,64394700.0,0.5016,0.9996,0.6647,0.8034,0.9824,0.9999,0.9975,0.9995,0.01293043110509901,56605765.0
2026-02-11,AMZN,0,65545500,0.0292223488532071,0.0005,0.2501,0.7494,4,-0.2496,0.002,0.2506,0.4937,0.7498,0.1931,0.1311,2.0,4.0,12.0,70.0,67175000.0,91178400.0,179210900.0,46585000.0,0.5039,0.7498,0.8951,0.5162,0.9899,0.9999,0.6079,0.627,0.014015105556906727,54114570.0
2026-02-11,BRK-B,1,3614400,0.0120756958157458,0.0001,0.3998,0.6001,5,-0.3997,0.0002,0.3999,0.3837,0.0196,0.5922,0.5011,2.0,7.0,5.0,4.0,3789100.0,4573000.0,4421600.0,10591700.0,0.4988,0.0536,0.6128,0.5012,0.8846,0.6825,0.9832,0.9999,0.0100712293852931,5276990.0
2026-02-11,GOOGL,0,45406400,0.0357400189762561,0.002,0.0071,0.991,1,-0.0051,0.2177,0.009,0.0032,0.073,0.2524,-0.465,3.0,3.0,10.0,2.0,39170000.0,56380500.0,88205800.0,36506700.0,0.6663,0.1946,0.5883,0.5294,0.5024,0.6876,0.7145,0.0608,0.01986422297025971,37780695.0
2026-02-11,JPM,0,8703500,0.0512003102740122,0.9998,0.0,0.0002,1,0.9998,1.0,0.9998,0.4171,0.6557,0.5837,0.3332,3.0,3.0,2.0,3.0,11477500.0,17797400.0,9388000.0,9839400.0,0.6676,0.6789,0.5873,0.3335,0.8124,0.983,0.9969,0.9995,0.014074927989904862,12832225.0
2026-02-11,META,0,14323800,0.0328932402749445,0.4959,0.0001,0.504,4,0.4958,0.9998,0.496,0.5001,-0.0,1.0,0.6384,2.0,3.0,1.0,3.0,10455800.0,14837500.0,18159300.0,16882800.0,0.5001,0.0,1.0,0.6705,1.0,0.044,1.0,0.9761,0.01542017018423902,18739970.0
2026-02-11,MSFT,0,42491000,0.0371233167411993,0.2636,0.3665,0.3699,2,-0.1029,0.4184,0.6301,0.8285,0.4471,0.3598,-0.0,1.0,3.0,3.0,2.0,44857900.0,45480500.0,53515300.0,45012400.0,0.9841,0.4513,0.6766,0.0,0.921,0.9954,0.7659,0.0616,0.017040423355609798,44163230.0
2026-02-11,TSLA,1,57362000,0.0381344229602636,0.009,0.6819,0.3092,2,-0.6729,0.013,0.6908,-0.9826,-0.0061,-0.0005,0.4587,1.0,1.0,1.0,4.0,64450200.0,54484300.0,62677100.0,56886500.0,0.9909,0.0072,0.0005,0.5923,0.0042,0.0807,0.0183,0.8872,0.02141013540448775,61150940.0
2026-02-11,UNH,1,6333100,0.0363016244303716,0.3674,0.5459,0.0867,11,-0.1785,0.4023,0.9133,-0.273,-0.6164,-0.3771,-0.2535,10.0,3.0,16.0,14.0,7284700.0,10371600.0,9572800.0,12944100.0,0.5295,0.7674,0.7537,0.8109,0.2422,0.0984,0.2498,0.3437,0.021297139390616168,12861325.0
2026-02-12,AAPL,0,81077200,0.0563881445314468,0.0212,0.3235,0.6553,3,-0.3023,0.0616,0.3447,-0.2382,0.4839,0.9995,0.1993,4.0,2.0,2.0,5.0,51931300.0,34376900.0,50453400.0,90545700.0,0.2608,0.5016,0.9996,0.6007,0.0433,0.9824,0.9999,0.6659,0.012921889354747015,56939140.0
2026-02-12,AMZN,0,83975400,0.0313787455608979,0.3805,0.3333,0.2861,3,0.0472,0.5331,0.7139,-0.2496,0.4937,0.7498,-0.3196,4.0,2.0,4.0,9.0,65545500.0,67175000.0,91178400.0,103509200.0,0.2506,0.5039,0.7498,0.9437,0.002,0.9899,0.9999,0.3307,0.014560113044046235,55280020.0
2026-02-12,BRK-B,0,4689900,0.0156221677655191,0.3334,0.0001,0.6666,6,0.3333,0.9998,0.3334,-0.3997,0.3837,0.0196,0.2025,5.0,2.0,7.0,5.0,3614400.0,3789100.0,4573000.0,5033900.0,0.3999,0.4988,0.0536,0.2026,0.0002,0.8846,0.6825,0.9997,0.009963085919479446,5244830.0
2026-02-12,GOOGL,0,47761300,0.0289659333314752,0.2503,0.0018,0.748,4,0.2485,0.9929,0.252,-0.0051,0.0032,0.073,0.3768,1.0,3.0,3.0,8.0,45406400.0,39170000.0,56380500.0,70618400.0,0.009,0.6663,0.1946,0.6287,0.2177,0.5024,0.6876,0.7997,0.020715562282735474,38740305.0
2026-02-12,JPM,0,13443400,0.043550679379653,0.3329,0.0001,0.667,3,0.3329,0.9998,0.333,0.9998,0.4171,0.6557,1.0,1.0,3.0,3.0,2.0,8703500.0,11477500.0,17797400.0,12688000.0,0.9998,0.6676,0.6789,1.0,1.0,0.8124,0.983,1.0,0.01652338158459858,12930495.0
2026-02-12,META,0,14960100,0.0458527576555181,0.0015,0.2149,0.7836,2,-0.2135,0.0068,0.2164,0.4958,0.5001,-0.0,-0.9361,4.0,2.0,3.0,3.0,14323800.0,10455800.0,14837500.0,17131800.0,0.496,0.5001,0.0,0.9988,0.9998,1.0,0.044,0.0314,0.015435725234137419,19059140.0
2026-02-12,MSFT,0,40802400,0.0202222282503858,0.9996,0.0003,0.0001,1,0.9994,0.9997,0.9999,-0.1029,0.8285,0.4471,-0.0715,2.0,1.0,3.0,3.0,42491000.0,44857900.0,45480500.0,66289200.0,0.6301,0.9841,0.4513,0.7443,0.4184,0.921,0.9954,0.452,0.017885489566246852,44860490.0
2026-02-12,TSLA,0,61933400,0.0516616584172986,0.5,0.0003,0.4996,2,0.4997,0.9993,0.5004,-0.6729,-0.9826,-0.0061,0.2522,2.0,1.0,1.0,7.0,57362000.0,64450200.0,54484300.0,74606900.0,0.6908,0.9909,0.0072,0.3217,0.013,0.0042,0.0807,0.8919,0.021278998767154052,61027600.0
2026-02-12,UNH,1,12336900,0.037748058174297,0.3049,0.39,0.3051,10,-0.0851,0.4387,0.6949,-0.1785,-0.273,-0.6164,-0.3786,11.0,10.0,3.0,17.0,6333100.0,7284700.0,10371600.0,13035300.0,0.9133,0.5295,0.7674,0.6348,0.4023,0.2422,0.0984,0.2018,0.02121005210490217,12897685.0
2026-02-13,AAPL,0,56290700,0.0258769275423898,0.9984,0.0015,0.0002,1,0.9969,0.9985,0.9998,-0.3023,-0.2382,0.4839,0.6614,3.0,4.0,2.0,3.0,81077200.0,51931300.0,34376900.0,52977400.0,0.3447,0.2608,0.5016,0.6647,0.0616,0.0433,0.9824,0.9975,0.017276143819523807,58706460.0
2026-02-13,AMZN,0,66321600,0.0195092758827048,1.0,0.0,0.0,1,1.0,1.0,1.0,0.0472,-0.2496,0.4937,0.1931,3.0,4.0,2.0,12.0,83975400.0,65545500.0,67175000.0,179210900.0,0.7139,0.2506,0.5039,0.8951,0.5331,0.002,0.9899,0.6079,0.014861014660915186,57503300.0
2026-02-13,BRK-B,0,4685900,0.0137558831685929,0.1659,0.1669,0.6672,6,-0.0011,0.4984,0.3328,0.3333,-0.3997,0.3837,0.5922,6.0,5.0,2.0,5.0,4689900.0,3614400.0,3789100.0,4421600.0,0.3334,0.3999,0.4988,0.6128,0.9998,0.0002,0.8846,0.9832,0.009970082589939585,5227640.0
2026-02-13,GOOGL,0,38499700,0.0159880845289182,1.0,0.0,0.0,1,1.0,1.0,1.0,0.2485,-0.0051,0.0032,0.2524,4.0,1.0,3.0,10.0,47761300.0,45406400.0,39170000.0,88205800.0,0.252,0.009,0.6663,0.5883,0.9929,0.2177,0.5024,0.7145,0.020348594327705628,39432175.0
2026-02-13,META,0,12336400,0.0261354611527441,0.0003,0.0005,0.9993,1,-0.0002,0.377,0.0007,-0.2135,0.4958,0.5001,1.0,2.0,4.0,2.0,1.0,14960100.0,14323800.0,10455800.0,18159300.0,0.2164,0.496,0.5001,1.0,0.0068,0.9998,1.0,1.0,0.016327590365715638,18905625.0
2026-02-13,MSFT,0,34091600,0.0185190271378188,0.3564,0.3325,0.3111,3,0.0239,0.5173,0.6889,0.9994,-0.1029,0.8285,0.3598,1.0,2.0,1.0,3.0,40802400.0,42491000.0,44857900.0,53515300.0,0.9999,0.6301,0.9841,0.6766,0.9997,0.4184,0.921,0.7659,0.017736560421356684,45491395.0
2026-02-13,TSLA,1,51434100,0.0318119107756198,0.1106,0.004,0.8854,1,0.1066,0.9652,0.1146,0.4997,-0.6729,-0.9826,-0.0005,2.0,2.0,1.0,1.0,61933400.0,57362000.0,64450200.0,62677100.0,0.5004,0.6908,0.9909,0.0005,0.9993,0.013,0.0042,0.0183,0.02190430289823643,61272215.0
2026-02-13,UNH,1,10281900,0.031334178960383,0.0011,0.9989,0.0,1,-0.9978,0.0011,1.0,-0.0851,-0.1785,-0.273,-0.3771,10.0,11.0,10.0,16.0,12336900.0,6333100.0,7284700.0,9572800.0,0.6949,0.9133,0.5295,0.7537,0.4387,0.4023,0.2422,0.2498,0.021630006619173314,13227485.0
2026-02-17,AAPL,1,58469100,0.0416586543976651,0.094,0.4111,0.4949,2,-0.3171,0.1861,0.5051,0.9969,-0.3023,-0.2382,0.9995,1.0,3.0,4.0,2.0,56290700.0,81077200.0,51931300.0,50453400.0,0.9998,0.3447,0.2608,0.9996,0.9985,0.0616,0.0433,0.9999,0.017985316043784724,59520025.0
2026-02-17,AMZN,1,69879200,0.0289709047176328,0.6025,0.3901,0.0074,3,0.2124,0.607,0.9926,1.0,0.0472,-0.2496,0.7498,1.0,3.0,4.0,4.0,66321600.0,83975400.0,65545500.0,91178400.0,1.0,0.7139,0.2506,0.7498,1.0,0.5331,0.002,0.9999,0.014505661476977938,59091380.0
2026-02-17,BRK-B,1,4263300,0.0137594596895692,0.3084,0.0366,0.655,12,0.2718,0.894,0.345,-0.0011,0.3333,-0.3997,0.0196,6.0,6.0,5.0,7.0,4685900.0,4689900.0,3614400.0,4573000.0,0.3328,0.3334,0.3999,0.0536,0.4984,0.9998,0.0002,0.6825,0.010079401656530014,5253675.0
2026-02-17,GOOGL,1,39247600,0.0272963678448237,0.0488,0.3372,0.614,3,-0.2884,0.1264,0.386,1.0,0.2485,-0.0051,0.073,1.0,4.0,1.0,3.0,38499700.0,47761300.0,45406400.0,56380500.0,1.0,0.252,0.009,0.1946,1.0,0.9929,0.2177,0.6876,0.020351521054131988,39681280.0
2026-02-17,JPM,1,8896800,0.018958878482064,0.1838,0.1019,0.7144,4,0.0819,0.6433,0.2856,0.3329,0.9998,0.4171,0.5837,3.0,1.0,3.0,2.0,13443400.0,8703500.0,11477500.0,9388000.0,0.333,0.9998,0.6676,0.5873,0.9998,1.0,0.8124,0.9969,0.017577716998047055,12962410.0
2026-02-17,META,0,12674700,0.0215793397857212,0.4094,0.0847,0.5059,2,0.3248,0.8287,0.4941,-0.0002,-0.2135,0.4958,-0.0,1.0,2.0,4.0,3.0,12336400.0,14960100.0,14323800.0,14837500.0,0.0007,0.2164,0.496,0.0,0.377,0.0068,0.9998,0.044,0.016017758398762297,18746050.0
2026-02-17,MSFT,0,32078800,0.0150042337960505,0.0051,0.7265,0.2684,4,-0.7214,0.007,0.7316,0.0239,0.9994,-0.1029,0.4471,3.0,1.0,2.0,3.0,34091600.0,40802400.0,42491000.0,45480500.0,0.6889,0.9999,0.6301,0.4513,0.5173,0.9997,0.4184,0.9954,0.017546547197776954,46034685.0
2026-02-17,TSLA,0,59678800,0.0320350953641047,0.0085,0.0025,0.989,3,0.006,0.7701,0.011,0.1066,0.4997,-0.6729,-0.0061,1.0,2.0,2.0,1.0,51434100.0,61933400.0,57362000.0,54484300.0,0.1146,0.5004,0.6908,0.0072,0.9652,0.9993,0.013,0.0807,0.021543723424066567,60761440.0
2026-02-17,UNH,0,6091700,0.0200340634300593,0.1429,0.0001,0.8571,7,0.1428,0.9996,0.1429,-0.9978,-0.0851,-0.1785,-0.6164,1.0,10.0,11.0,3.0,10281900.0,12336900.0,6333100.0,10371600.0,1.0,0.6949,0.9133,0.7674,0.0011,0.4387,0.4023,0.0984,0.02216442702507527,13394405.0
2026-02-18,AAPL,1,34203300,0.0165781298027412,0.0812,0.1325,0.7863,4,-0.0514,0.3798,0.2137,-0.3171,0.9969,-0.3023,0.4839,2.0,1.0,3.0,2.0,58469100.0,56290700.0,81077200.0,34376900.0,0.5051,0.9998,0.3447,0.5016,0.1861,0.9985,0.0616,0.9824,0.01873246117335462,60474050.0
2026-02-18,BRK-B,0,3732500,0.0150374380567035,0.034,0.2977,0.6683,23,-0.2637,0.1025,0.3317,0.2718,-0.0011,0.3333,0.3837,12.0,6.0,6.0,2.0,4263300.0,4685900.0,4689900.0,3789100.0,0.345,0.3328,0.3334,0.4988,0.894,0.4984,0.9998,0.8846,0.010141080415208436,5226470.0
2026-02-18,JPM,1,7209600,0.0164040643803578,0.4211,0.0001,0.5788,9,0.4211,0.9999,0.4212,0.0819,0.3329,0.9998,0.6557,4.0,3.0,1.0,3.0,8896800.0,13443400.0,8703500.0,17797400.0,0.2856,0.333,0.9998,0.6789,0.6433,0.9998,1.0,0.983,0.015587922529112206,12438690.0
2026-02-18,META,1,14649200,0.0265856357060101,1.0,0.0,0.0,1,1.0,1.0,1.0,0.3248,-0.0002,-0.2135,0.5001,2.0,1.0,2.0,2.0,12674700.0,12336400.0,14960100.0,10455800.0,0.4941,0.0007,0.2164,0.5001,0.8287,0.377,0.0068,1.0,0.015961378700430108,18725980.0
2026-02-18,MSFT,1,23223400,0.0156732478282105,0.5005,0.36,0.1395,2,0.1404,0.5816,0.8605,-0.7214,0.0239,0.9994,0.8285,4.0,3.0,1.0,1.0,32078800.0,34091600.0,40802400.0,44857900.0,0.7316,0.6889,0.9999,0.9841,0.007,0.5173,0.9997,0.921,0.017435229056592352,45926290.0
2026-02-18,TSLA,1,45921400,0.0178054719784026,0.0047,0.6779,0.3174,3,-0.6732,0.0069,0.6826,0.006,0.1066,0.4997,-0.9826,3.0,1.0,2.0,1.0,59678800.0,51434100.0,61933400.0,64450200.0,0.011,0.1146,0.5004,0.9909,0.7701,0.9652,0.9993,0.0042,0.021508656959714573,60882405.0
2026-02-18,UNH,0,6632000,0.0132413666823814,0.4775,0.2941,0.2285,10,0.1834,0.6188,0.7715,0.1428,-0.9978,-0.0851,-0.273,7.0,1.0,10.0,10.0,6091700.0,10281900.0,12336900.0,7284700.0,0.1429,1.0,0.6949,0.5295,0.9996,0.0011,0.4387,0.2422,0.02239434421301574,13297035.0
2026-02-19,AAPL,0,30845300,0.0168698518293753,0.0,0.001,0.999,2,-0.001,0.0052,0.001,-0.0514,-0.3171,0.9969,-0.2382,4.0,2.0,1.0,4.0,34203300.0,58469100.0,56290700.0,51931300.0,0.2137,0.5051,0.9998,0.2608,0.3798,0.1861,0.9985,0.0433,0.01863987104472589,58577075.0
2026-02-19,AMZN,1,35669600,0.01388617168144,0.351,0.0004,0.6486,1,0.3506,0.9989,0.3514,0.2124,1.0,0.0472,0.4937,3.0,1.0,3.0,2.0,69879200.0,66321600.0,83975400.0,67175000.0,0.9926,1.0,0.7139,0.5039,0.607,1.0,0.5331,0.9899,0.015072194981597505,60791950.0
2026-02-19,BRK-B,0,2610400,0.0096812568973636,0.2757,0.001,0.7233,4,0.2748,0.9964,0.2767,-0.2637,0.2718,-0.0011,-0.3997,23.0,12.0,6.0,5.0,3732500.0,4263300.0,4685900.0,3614400.0,0.3317,0.345,0.3328,0.3999,0.1025,0.894,0.4984,0.0002,0.010155120086007772,5137020.0
2026-02-19,GOOGL,1,25834400,0.01799083077335,0.0,0.0001,0.9999,1,-0.0001,0.2008,0.0001,-0.2884,1.0,0.2485,0.0032,3.0,1.0,4.0,3.0,39247600.0,38499700.0,47761300.0,39170000.0,0.386,1.0,0.252,0.6663,0.1264,1.0,0.9929,0.5024,0.020420123106560707,40217380.0
2026-02-19,JPM,1,6737700,0.0132174280727727,0.2843,0.269,0.4467,32,0.0153,0.5139,0.5533,0.4211,0.0819,0.3329,0.4171,9.0,4.0,3.0,3.0,7209600.0,8896800.0,13443400.0,11477500.0,0.4212,0.2856,0.333,0.6676,0.9999,0.6433,0.9998,0.8124,0.015593153864289775,11501595.0
2026-02-19,META,1,10035700,0.0163960593485334,0.6676,0.0002,0.3321,4,0.6674,0.9996,0.6679,1.0,0.3248,-0.0002,0.4958,1.0,2.0,1.0,4.0,14649200.0,12674700.0,12336400.0,14323800.0,1.0,0.4941,0.0007,0.496,1.0,0.8287,0.377,0.9998,0.016397990043838198,18607815.0
2026-02-19,MSFT,0,28234000,0.0193665407191726,0.9974,0.0017,0.0009,2,0.9957,0.9983,0.9991,0.1404,-0.7214,0.0239,-0.1029,2.0,4.0,3.0,2.0,23223400.0,32078800.0,34091600.0,42491000.0,0.8605,0.7316,0.6889,0.6301,0.5816,0.007,0.5173,0.4184,0.017323737136858974,45780960.0
2026-02-19,UNH,0,4931800,0.0137509017105117,0.125,0.2501,0.6248,8,-0.1251,0.3333,0.3752,0.1834,0.1428,-0.9978,-0.1785,10.0,7.0,1.0,11.0,6632000.0,6091700.0,10281900.0,6333100.0,0.7715,0.1429,1.0,0.9133,0.6188,0.9996,0.0011,0.4023,0.02140128587179331,13248810.0
2026-02-20,AAPL,1,42070500,0.0254469487076783,0.0,1.0,0.0,1,-1.0,0.0,1.0,-0.001,-0.0514,-0.3171,-0.3023,2.0,4.0,2.0,3.0,30845300.0,34203300.0,58469100.0,81077200.0,0.001,0.2137,0.5051,0.3447,0.0052,0.3798,0.1861,0.0616,0.01789266668541891,56105965.0
2026-02-20,AMZN,1,65881600,0.0362375384254935,0.3204,0.3326,0.347,3,-0.0122,0.4906,0.653,0.3506,0.2124,1.0,-0.2496,1.0,3.0,1.0,4.0,35669600.0,69879200.0,66321600.0,65545500.0,0.3514,0.9926,1.0,0.2506,0.9989,0.607,1.0,0.002,0.014801634153886373,60656840.0
2026-02-20,BRK-B,1,4326700,0.0131480899215673,0.9756,0.0001,0.0244,3,0.9755,0.9999,0.9756,0.2748,-0.2637,0.2718,0.3333,4.0,23.0,12.0,6.0,2610400.0,3732500.0,4263300.0,4689900.0,0.2767,0.3317,0.345,0.3334,0.9964,0.1025,0.894,0.9998,0.010176993841824345,4981030.0
2026-02-20,GOOGL,1,53210800,0.0414038045487156,0.5576,0.0003,0.4422,3,0.5573,0.9995,0.5578,-0.0001,-0.2884,1.0,-0.0051,1.0,3.0,1.0,1.0,25834400.0,39247600.0,38499700.0,45406400.0,0.0001,0.386,1.0,0.009,0.2008,0.1264,1.0,0.2177,0.02026329269212699,39492020.0
2026-02-20,JPM,1,7792700,0.0172503483447034,0.1927,0.2539,0.5535,20,-0.0612,0.4314,0.4465,0.0153,0.4211,0.0819,0.9998,32.0,9.0,4.0,1.0,6737700.0,7209600.0,8896800.0,8703500.0,0.5533,0.4212,0.2856,0.9998,0.5139,0.9999,0.6433,1.0,0.015596643469724253,11100910.0
2026-02-20,META,1,14183500,0.0384091453599246,0.0002,0.0001,0.9997,1,0.0001,0.6632,0.0003,0.6674,1.0,0.3248,-0.2135,4.0,1.0,2.0,2.0,10035700.0,14649200.0,12674700.0,14960100.0,0.6679,1.0,0.4941,0.2164,0.9996,1.0,0.8287,0.0068,0.016378483392616393,18384865.0
2026-02-20,MSFT,1,34015200,0.0125217531455963,0.7775,0.0313,0.1912,4,0.7462,0.9612,0.8088,0.9957,0.1404,-0.7214,0.9994,2.0,2.0,4.0,1.0,28234000.0,23223400.0,32078800.0,40802400.0,0.9991,0.8605,0.7316,0.9999,0.9983,0.5816,0.007,0.9997,0.017010784859746008,45293635.0
2026-02-20,TSLA,1,57912200,0.0225324821995738,0.1166,0.5442,0.3391,9,-0.4276,0.1765,0.6609,-0.6732,0.006,0.1066,-0.6729,3.0,3.0,1.0,2.0,45921400.0,59678800.0,51434100.0,57362000.0,0.6826,0.011,0.1146,0.6908,0.0069,0.7701,0.9652,0.013,0.02150319490535851,60705185.0
2026-02-20,UNH,1,6974100,0.0181723783693852,0.5,0.3,0.2,10,0.2,0.625,0.8,-0.1251,0.1834,0.1428,-0.0851,8.0,10.0,7.0,10.0,4931800.0,6632000.0,6091700.0,12336900.0,0.3752,0.7715,0.1429,0.6949,0.3333,0.6188,0.9996,0.4387,0.020782717872928208,13048735.0
2026-02-23,AAPL,1,37308200,0.0229609777114769,0.3441,0.2549,0.4009,14,0.0892,0.5744,0.5991,-1.0,-0.001,-0.0514,0.9969,1.0,2.0,4.0,1.0,42070500.0,30845300.0,34203300.0,56290700.0,1.0,0.001,0.2137,0.9998,0.0,0.0052,0.3798,0.9985,0.01844784950033195,55477405.0
2026-02-23,AMZN,0,53581500,0.0255645935098306,0.0082,0.4105,0.5814,1,-0.4023,0.0195,0.4186,-0.0122,0.3506,0.2124,0.0472,3.0,1.0,3.0,3.0,65881600.0,35669600.0,69879200.0,83975400.0,0.653,0.3514,0.9926,0.7139,0.4906,0.9989,0.607,0.5331,0.01539856296852746,61880390.0
2026-02-23,BRK-B,0,3556500,0.0197784024302934,0.0181,0.0006,0.9813,6,0.0175,0.9686,0.0187,0.9755,0.2748,-0.2637,-0.0011,3.0,4.0,23.0,6.0,4326700.0,2610400.0,3732500.0,4685900.0,0.9756,0.2767,0.3317,0.3328,0.9999,0.9964,0.1025,0.4984,0.010180508307521083,4994655.0
2026-02-23,GOOGL,0,31423000,0.0302460249669285,0.6595,0.0008,0.3398,3,0.6587,0.9988,0.6602,0.5573,-0.0001,-0.2884,0.2485,3.0,1.0,3.0,4.0,53210800.0,25834400.0,39247600.0,47761300.0,0.5578,0.0001,0.386,0.252,0.9995,0.2008,0.1264,0.9929,0.021786211031324113,40384510.0
2026-02-23,JPM,0,12955400,0.0514896195758412,0.2467,0.4129,0.3404,51,-0.1661,0.374,0.6596,-0.0612,0.0153,0.4211,0.3329,20.0,32.0,9.0,3.0,7792700.0,6737700.0,7209600.0,13443400.0,0.4465,0.5533,0.4212,0.333,0.4314,0.5139,0.9999,0.9998,0.015621275438306475,10757920.0
2026-02-23,MSFT,0,43238300,0.031037922146954,0.0,0.9993,0.0007,2,-0.9992,0.0,0.9993,0.7462,0.9957,0.1404,0.0239,4.0,2.0,2.0,3.0,34015200.0,28234000.0,23223400.0,34091600.0,0.8088,0.9991,0.8605,0.6889,0.9612,0.9983,0.5816,0.5173,0.01686106009048917,45726925.0
2026-02-23,TSLA,0,69680000,0.0335387644565869,0.2207,0.2894,0.4899,41,-0.0686,0.4327,0.5101,-0.4276,-0.6732,0.006,0.4997,9.0,3.0,3.0,2.0,57912200.0,45921400.0,59678800.0,61933400.0,0.6609,0.6826,0.011,0.5004,0.1765,0.0069,0.7701,0.9993,0.021014845493306414,60441430.0
2026-02-23,UNH,0,7247500,0.0350025160742134,0.2913,0.2404,0.4683,7,0.0509,0.5479,0.5317,0.2,-0.1251,0.1834,-0.9978,10.0,8.0,10.0,1.0,6974100.0,4931800.0,6632000.0,10281900.0,0.8,0.3752,0.7715,1.0,0.625,0.3333,0.6188,0.0011,0.020260943561983585,13022870.0
2026-02-24,AAPL,1,47014600,0.0268051354663357,0.4204,0.0913,0.4884,53,0.3291,0.8216,0.5116,0.0892,-1.0,-0.001,-0.3171,14.0,1.0,2.0,2.0,37308200.0,42070500.0,30845300.0,58469100.0,0.5991,1.0,0.001,0.5051,0.5744,0.0,0.0052,0.1861,0.018490383318114617,55357400.0
2026-02-24,AMZN,1,41137200,0.0346035945301546,0.576,0.0017,0.4223,3,0.5743,0.997,0.5777,-0.4023,-0.0122,0.3506,1.0,1.0,3.0,1.0,1.0,53581500.0,65881600.0,35669600.0,66321600.0,0.4186,0.653,0.3514,1.0,0.0195,0.4906,0.9989,1.0,0.015698114186508814,62409285.0
2026-02-24,BRK-B,1,3224300,0.0141036122166785,0.0,0.0,0.9999,2,-0.0,0.4377,0.0001,0.0175,0.9755,0.2748,0.2718,6.0,3.0,4.0,12.0,3556500.0,4326700.0,2610400.0,4263300.0,0.0187,0.9756,0.2767,0.345,0.9686,0.9999,0.9964,0.894,0.010103354533989944,4900650.0
2026-02-24,GOOGL,1,25615600,0.0204173533498722,0.9991,0.0,0.0009,1,0.999,1.0,0.9991,0.6587,0.5573,-0.0001,1.0,3.0,3.0,1.0,1.0,31423000.0,53210800.0,25834400.0,38499700.0,0.6602,0.5578,0.0001,1.0,0.9988,0.9995,0.2008,1.0,0.021764167809565558,40186330.0
2026-02-24,JPM,1,13554100,0.0281988912831098,0.3625,0.2261,0.4114,54,0.1364,0.6158,0.5886,-0.1661,-0.0612,0.0153,0.0819,51.0,20.0,32.0,4.0,12955400.0,7792700.0,6737700.0,8896800.0,0.6596,0.4465,0.5533,0.2856,0.374,0.4314,0.5139,0.6433,0.01738883826942146,10760660.0
2026-02-24,META,1,10135600,0.0191603028927876,0.2857,0.1425,0.5718,7,0.1433,0.6673,0.4282,0.0001,0.6674,1.0,-0.0002,1.0,4.0,1.0,1.0,14183500.0,10035700.0,14649200.0,12336400.0,0.0003,0.6679,1.0,0.0007,0.6632,0.9996,1.0,0.377,0.015998176235998477,18024305.0
2026-02-24,MSFT,1,33884700,0.019914597815293,0.6037,0.1422,0.2541,5,0.4616,0.8094,0.7459,-0.9992,0.7462,0.9957,-0.7214,2.0,4.0,2.0,4.0,43238300.0,34015200.0,28234000.0,32078800.0,0.9993,0.8088,0.9991,0.7316,0.0,0.9612,0.9983,0.007,0.015341046252495232,45988830.0
2026-02-24,TSLA,1,58579500,0.0329912207153474,0.2975,0.3762,0.3263,51,-0.0787,0.4416,0.6737,-0.0686,-0.4276,-0.6732,0.1066,41.0,9.0,3.0,1.0,69680000.0,57912200.0,45921400.0,51434100.0,0.5101,0.6609,0.6826,0.1146,0.4327,0.1765,0.0069,0.9652,0.020594464679210847,60519230.0
2026-02-24,UNH,0,9684500,0.0375620327604349,0.3312,0.5014,0.1674,6,-0.1702,0.3978,0.8326,0.0509,0.2,-0.1251,0.1428,7.0,10.0,8.0,7.0,7247500.0,6974100.0,4931800.0,6091700.0,0.5317,0.8,0.3752,0.1429,0.5479,0.625,0.3333,0.9996,0.020777354472570793,12931135.0
2026-02-25,AAPL,1,33714300,0.0143131012801146,0.3679,0.1692,0.4629,47,0.1987,0.6849,0.5371,0.3291,0.0892,-1.0,-0.0514,53.0,14.0,1.0,4.0,47014600.0,37308200.0,42070500.0,34203300.0,0.5116,0.5991,1.0,0.2137,0.8216,0.5744,0.0,0.3798,0.018729655572510634,55623680.0
2026-02-25,AMZN,1,41346400,0.012638998276408,0.0,0.0005,0.9995,1,-0.0004,0.0582,0.0005,0.5743,-0.4023,-0.0122,0.2124,3.0,1.0,3.0,3.0,41137200.0,53581500.0,65881600.0,69879200.0,0.5777,0.4186,0.653,0.9926,0.997,0.0195,0.4906,0.607,0.01573037457585875,62079250.0
2026-02-25,BRK-B,0,3475500,0.0127719162911234,0.0496,0.2252,0.7252,4,-0.1756,0.1804,0.2748,-0.0,0.0175,0.9755,-0.2637,2.0,6.0,3.0,23.0,3224300.0,3556500.0,4326700.0,3732500.0,0.0001,0.0187,0.9756,0.3317,0.4377,0.9686,0.9999,0.1025,0.009895859793234388,4808005.0
2026-02-25,GOOGL,1,29963600,0.0134589894247583,0.7312,0.1425,0.1263,14,0.5887,0.8369,0.8737,0.999,0.6587,0.5573,-0.2884,1.0,3.0,3.0,3.0,25615600.0,31423000.0,53210800.0,39247600.0,0.9991,0.6602,0.5578,0.386,1.0,0.9988,0.9995,0.1264,0.021640022012728983,40154430.0
2026-02-25,JPM,1,8095500,0.022267591649809,0.2928,0.2291,0.478,29,0.0637,0.561,0.522,0.1364,-0.1661,-0.0612,0.4211,54.0,51.0,20.0,9.0,13554100.0,12955400.0,7792700.0,7209600.0,0.5886,0.6596,0.4465,0.4212,0.6158,0.374,0.4314,0.9999,0.017393275328835205,10924860.0
2026-02-25,META,1,11330700,0.0182715043641185,0.5019,0.1703,0.3278,79,0.3316,0.7467,0.6722,0.1433,0.0001,0.6674,0.3248,7.0,1.0,4.0,2.0,10135600.0,14183500.0,10035700.0,12674700.0,0.4282,0.0003,0.6679,0.4941,0.6673,0.6632,0.9996,0.8287,0.01528631107697614,17391200.0
2026-02-25,MSFT,1,43625500,0.0289606370674367,0.4746,0.1761,0.3493,35,0.2985,0.7294,0.6507,0.4616,-0.9992,0.7462,0.1404,5.0,2.0,4.0,2.0,33884700.0,43238300.0,34015200.0,23223400.0,0.7459,0.9993,0.8088,0.8605,0.8094,0.0,0.9612,0.5816,0.015467986364375635,46218505.0
2026-02-25,TSLA,1,54809700,0.0198714122593515,0.2386,0.2799,0.4815,38,-0.0414,0.4601,0.5185,-0.0787,-0.0686,-0.4276,0.006,51.0,41.0,9.0,3.0,58579500.0,69680000.0,57912200.0,59678800.0,0.6737,0.5101,0.6609,0.011,0.4416,0.4327,0.1765,0.7701,0.01994870572825495,59870870.0
2026-02-25,UNH,1,11380600,0.0283818200247647,0.375,0.184,0.441,8,0.1911,0.6709,0.559,-0.1702,0.0509,0.2,0.1834,6.0,7.0,10.0,10.0,9684500.0,7247500.0,6974100.0,6632000.0,0.8326,0.5317,0.8,0.7715,0.3978,0.5479,0.625,0.6188,0.021683431603861682,12895385.0
2026-02-26,AAPL,0,32345100,0.0193125925544439,0.3494,0.2374,0.4132,73,0.112,0.5954,0.5868,0.1987,0.3291,0.0892,-0.001,47.0,53.0,14.0,2.0,33714300.0,47014600.0,37308200.0,30845300.0,0.5371,0.5116,0.5991,0.001,0.6849,0.8216,0.5744,0.0052,0.018558110086190634,54510935.0
2026-02-26,AMZN,0,47756800,0.0270488163232915,0.3379,0.2828,0.3793,96,0.0551,0.5444,0.6207,-0.0004,0.5743,-0.4023,0.3506,1.0,3.0,1.0,1.0,41346400.0,41137200.0,53581500.0,35669600.0,0.0005,0.5777,0.4186,0.3514,0.0582,0.997,0.0195,0.9989,0.01573070556324109,61782765.0
2026-02-26,BRK-B,1,4577000,0.0187405016234807,0.4286,0.0001,0.5713,7,0.4285,0.9998,0.4287,-0.1756,-0.0,0.0175,0.2748,4.0,2.0,6.0,4.0,3475500.0,3224300.0,3556500.0,2610400.0,0.2748,0.0001,0.0187,0.2767,0.1804,0.4377,0.9686,0.9964,0.009053701265001844,4666055.0
2026-02-26,GOOGL,0,36431200,0.0345125640972579,0.4193,0.2421,0.3385,109,0.1772,0.634,0.6615,0.5887,0.999,0.6587,-0.0001,14.0,1.0,3.0,1.0,29963600.0,25615600.0,31423000.0,25834400.0,0.8737,0.9991,0.6602,0.0001,0.8369,1.0,0.9988,0.2008,0.021440598809183954,40288610.0
2026-02-26,JPM,1,7007800,0.0176308206511572,0.274,0.1515,0.5745,25,0.1224,0.6439,0.4255,0.0637,0.1364,-0.1661,0.0153,29.0,54.0,51.0,32.0,8095500.0,13554100.0,12955400.0,6737700.0,0.522,0.5886,0.6596,0.5533,0.561,0.6158,0.374,0.5139,0.017796107932391888,10802845.0
2026-02-26,META,1,10637700,0.0207516720518273,0.3512,0.2902,0.3586,87,0.061,0.5476,0.6414,0.3316,0.1433,0.0001,1.0,79.0,7.0,1.0,1.0,11330700.0,10135600.0,14183500.0,14649200.0,0.6722,0.4282,0.0003,1.0,0.7467,0.6673,0.6632,1.0,0.015647049529564184,17141365.0
2026-02-26,MSFT,0,34405900,0.0216204200161716,0.3985,0.3072,0.2943,97,0.0913,0.5647,0.7057,0.2985,0.4616,-0.9992,0.9957,35.0,5.0,2.0,2.0,43625500.0,33884700.0,43238300.0,28234000.0,0.6507,0.7459,0.9993,0.9991,0.7294,0.8094,0.0,0.9983,0.016470563894599187,46939085.0
2026-02-26,TSLA,0,53602500,0.0317310783031897,0.2124,0.447,0.3406,31,-0.2346,0.3221,0.6594,-0.0414,-0.0787,-0.0686,-0.6732,38.0,51.0,41.0,3.0,54809700.0,58579500.0,69680000.0,45921400.0,0.5185,0.6737,0.5101,0.6826,0.4601,0.4416,0.4327,0.0069,0.020209994542487068,59772785.0
2026-02-26,UNH,0,10210000,0.0349501651520065,0.2943,0.3167,0.389,11,-0.0223,0.4817,0.611,0.1911,-0.1702,0.0509,-0.1251,8.0,6.0,7.0,8.0,11380600.0,9684500.0,7247500.0,4931800.0,0.559,0.8326,0.5317,0.3752,0.6709,0.3978,0.5479,0.3333,0.020751832117878278,10172570.0
2026-02-27,AAPL,0,72366500,0.0363622411162759,0.3713,0.1251,0.5036,43,0.2462,0.748,0.4964,0.112,0.1987,0.3291,-1.0,73.0,47.0,53.0,1.0,32345100.0,33714300.0,47014600.0,42070500.0,0.5868,0.5371,0.5116,1.0,0.5954,0.6849,0.8216,0.0,0.0186467836884259,53645775.0
2026-02-27,AMZN,1,57422800,0.024803001679625,0.317,0.1908,0.4922,116,0.1262,0.6242,0.5078,0.0551,-0.0004,0.5743,-0.0122,96.0,1.0,3.0,3.0,47756800.0,41346400.0,41137200.0,65881600.0,0.6207,0.0005,0.5777,0.653,0.5444,0.0582,0.997,0.4906,0.01609734238064729,62574940.0
2026-02-27,BRK-B,1,6364900,0.0106573056936089,0.269,0.0842,0.6468,4,0.1848,0.7617,0.3532,0.4285,-0.1756,-0.0,0.9755,7.0,4.0,2.0,3.0,4577000.0,3475500.0,3224300.0,4326700.0,0.4287,0.2748,0.0001,0.9756,0.9998,0.1804,0.4377,0.9999,0.009588428026032686,4666710.0
2026-02-27,GOOGL,1,44640600,0.028177835573938,0.3472,0.1935,0.4593,96,0.1536,0.6421,0.5407,0.1772,0.5887,0.999,0.5573,109.0,14.0,1.0,3.0,36431200.0,29963600.0,25615600.0,53210800.0,0.6615,0.8737,0.9991,0.5578,0.634,0.8369,1.0,0.9995,0.02136958844934464,40808065.0
2026-02-27,JPM,1,18620800,0.0283333333333334,0.2877,0.2736,0.4388,23,0.0141,0.5126,0.5612,0.1224,0.0637,0.1364,-0.0612,25.0,29.0,54.0,20.0,7007800.0,8095500.0,13554100.0,7792700.0,0.4255,0.522,0.5886,0.4465,0.6439,0.561,0.6158,0.4314,0.017541274220271644,10597840.0
2026-02-27,META,1,15703000,0.0175926755916768,0.3909,0.2454,0.3637,65,0.1454,0.6143,0.6363,0.061,0.3316,0.1433,0.6674,87.0,79.0,7.0,4.0,10637700.0,11330700.0,10135600.0,10035700.0,0.6414,0.6722,0.4282,0.6679,0.5476,0.7467,0.6673,0.9996,0.015872987149070893,17008380.0
2026-02-27,MSFT,1,51367200,0.017754815684386,0.356,0.2569,0.3871,94,0.0991,0.5808,0.6129,0.0913,0.2985,0.4616,0.7462,97.0,35.0,5.0,4.0,34405900.0,43625500.0,33884700.0,34015200.0,0.7057,0.6507,0.7459,0.8088,0.5647,0.7294,0.8094,0.9612,0.016452790340675406,46815610.0
2026-02-27,TSLA,0,56890100,0.0223606733286184,0.2571,0.2734,0.4695,37,-0.0164,0.4846,0.5305,-0.2346,-0.0414,-0.0787,-0.4276,31.0,38.0,51.0,9.0,53602500.0,54809700.0,58579500.0,57912200.0,0.6594,0.5185,0.6737,0.6609,0.3221,0.4601,0.4416,0.1765,0.019882827275118538,59983040.0
2026-02-27,UNH,1,9723300,0.0361081782175034,0.25,0.1254,0.6246,8,0.1246,0.666,0.3754,-0.0223,0.1911,-0.1702,0.2,11.0,8.0,6.0,10.0,10210000.0,11380600.0,9684500.0,6974100.0,0.611,0.559,0.8326,0.8,0.4817,0.6709,0.3978,0.625,0.018995893351796102,9513225.0
2026-03-02,AAPL,1,41827900,0.0241225047975551,0.3953,0.0003,0.6043,3,0.395,0.9992,0.3957,0.2462,0.112,0.1987,0.0892,43.0,73.0,47.0,14.0,72366500.0,32345100.0,33714300.0,37308200.0,0.4964,0.5868,0.5371,0.5991,0.748,0.5954,0.6849,0.5744,0.02012890870101237,55199700.0
2026-03-02,AMZN,1,46001000,0.0306525979962236,0.0004,0.6105,0.3892,5,-0.6101,0.0006,0.6108,0.1262,0.0551,-0.0004,-0.4023,116.0,96.0,1.0,1.0,57422800.0,47756800.0,41346400.0,53581500.0,0.5078,0.6207,0.0005,0.4186,0.6242,0.5444,0.0582,0.0195,0.01596790339079965,63757155.0
2026-03-02,BRK-B,0,11725300,0.0360236575775354,0.0548,0.3046,0.6406,22,-0.2498,0.1525,0.3594,0.1848,0.4285,-0.1756,0.0175,4.0,7.0,4.0,6.0,6364900.0,4577000.0,3475500.0,3556500.0,0.3532,0.4287,0.2748,0.0187,0.7617,0.9998,0.1804,0.9686,0.009554215997326044,4715930.0
2026-03-02,GOOGL,1,34790200,0.0237113813966468,0.4004,0.1234,0.4762,5,0.277,0.7645,0.5238,0.1536,0.1772,0.5887,0.6587,96.0,109.0,14.0,3.0,44640600.0,36431200.0,29963600.0,31423000.0,0.5407,0.6615,0.8737,0.6602,0.6421,0.634,0.8369,0.9988,0.022194594862734285,41958285.0
2026-03-02,JPM,1,8508900,0.0229640093189324,0.4769,0.3322,0.1908,3,0.1447,0.5894,0.8092,0.0141,0.1224,0.0637,-0.1661,23.0,25.0,29.0,51.0,18620800.0,7007800.0,8095500.0,12955400.0,0.5612,0.4255,0.522,0.6596,0.5126,0.6439,0.561,0.374,0.017369454972773347,10941245.0
2026-03-02,MSFT,1,35474900,0.0268797992983271,0.5,0.5,0.0,2,-0.0,0.5,1.0,0.0991,0.0913,0.2985,-0.9992,94.0,97.0,35.0,2.0,51367200.0,34405900.0,43625500.0,43238300.0,0.6129,0.7057,0.6507,0.9993,0.5808,0.5647,0.7294,0.0,0.016533600507035187,42941205.0
2026-03-02,TSLA,1,55088300,0.0417050903491403,0.0086,0.0113,0.9801,3,-0.0027,0.433,0.0199,-0.0164,-0.2346,-0.0414,-0.0686,37.0,31.0,38.0,41.0,56890100.0,53602500.0,54809700.0,69680000.0,0.5305,0.6594,0.5185,0.5101,0.4846,0.3221,0.4601,0.4327,0.019655707292448244,60940890.0
2026-03-02,UNH,1,8141400,0.0271029895174195,0.2311,0.3349,0.434,12,-0.1038,0.4083,0.566,0.1246,-0.0223,0.1911,0.0509,8.0,11.0,8.0,7.0,9723300.0,10210000.0,11380600.0,7247500.0,0.3754,0.611,0.559,0.5317,0.666,0.4817,0.6709,0.5479,0.020162678849303863,9326570.0
2026-03-03,AAPL,1,38568900,0.0206087462022424,0.1797,0.0024,0.8179,2,0.1774,0.9869,0.1821,0.395,0.2462,0.112,0.3291,3.0,43.0,73.0,53.0,41827900.0,72366500.0,32345100.0,47014600.0,0.3957,0.4964,0.5868,0.5116,0.9992,0.748,0.5954,0.8216,0.020195827525735507,53928445.0
2026-03-03,BRK-B,1,6348700,0.0229731329779772,0.2895,0.1825,0.528,10,0.1069,0.6133,0.472,-0.2498,0.1848,0.4285,-0.0,22.0,4.0,7.0,2.0,11725300.0,6364900.0,4577000.0,3224300.0,0.3594,0.3532,0.4287,0.0001,0.1525,0.7617,0.9998,0.4377,0.011944085453633225,5048085.0
2026-03-03,GOOGL,1,35497000,0.0242138419739504,0.0,0.0006,0.9994,1,-0.0006,0.0673,0.0006,0.277,0.1536,0.1772,0.999,5.0,96.0,109.0,1.0,34790200.0,44640600.0,36431200.0,25615600.0,0.5238,0.5407,0.6615,0.9991,0.7645,0.6421,0.634,1.0,0.02233757483432473,42326075.0
2026-03-03,JPM,1,10278200,0.0441000864607264,0.0008,0.0418,0.9574,1,-0.0411,0.0177,0.0426,0.1447,0.0141,0.1224,0.1364,3.0,23.0,25.0,54.0,8508900.0,18620800.0,7007800.0,13554100.0,0.8092,0.5612,0.4255,0.5886,0.5894,0.5126,0.6439,0.6158,0.017475625984636367,10790320.0
2026-03-03,META,1,12263800,0.0311588206767297,0.0,0.0,1.0,1,-0.0,0.2081,0.0,0.1454,0.061,0.3316,0.0001,65.0,87.0,79.0,1.0,15703000.0,10637700.0,11330700.0,14183500.0,0.6363,0.6414,0.6722,0.0003,0.6143,0.5476,0.7467,0.6632,0.015894822379485536,16508050.0
2026-03-03,MSFT,1,38199200,0.0356870281745374,0.1048,0.322,0.5732,1,-0.2172,0.2456,0.4268,-0.0,0.0991,0.0913,0.4616,2.0,94.0,97.0,5.0,35474900.0,51367200.0,34405900.0,33884700.0,1.0,0.6129,0.7057,0.7459,0.5,0.5808,0.5647,0.8094,0.016760768302980115,41786610.0
2026-03-03,UNH,1,7051100,0.0324578885075056,0.2986,0.4579,0.2435,7,-0.1594,0.3947,0.7565,-0.1038,0.1246,-0.0223,-0.1702,12.0,8.0,11.0,6.0,8141400.0,9723300.0,10210000.0,9684500.0,0.566,0.3754,0.611,0.8326,0.4083,0.666,0.4817,0.3978,0.02027814438497962,9132530.0
2026-03-04,AAPL,0,39803100,0.0178725886183098,0.2256,0.0216,0.7528,4,0.204,0.9125,0.2472,0.1774,0.395,0.2462,0.1987,2.0,3.0,43.0,47.0,38568900.0,41827900.0,72366500.0,33714300.0,0.1821,0.3957,0.4964,0.5371,0.9869,0.9992,0.748,0.6849,0.01988166456031268,51234720.0
2026-03-04,AMZN,1,54731100,0.0351118893276344,0.444,0.2551,0.3009,2,0.1889,0.6351,0.6991,-0.6101,0.1262,0.0551,0.5743,5.0,116.0,96.0,3.0,46001000.0,57422800.0,47756800.0,41137200.0,0.6108,0.5078,0.6207,0.5777,0.0006,0.6242,0.5444,0.997,0.0163333470498573,64415930.0
2026-03-04,BRK-B,1,4369100,0.0193346939562761,0.3342,0.0014,0.6644,3,0.3327,0.9957,0.3356,0.1069,-0.2498,0.1848,-0.1756,10.0,22.0,4.0,4.0,6348700.0,11725300.0,6364900.0,3475500.0,0.472,0.3594,0.3532,0.2748,0.6133,0.1525,0.7617,0.1804,0.011788143099159924,5112290.0
2026-03-04,GOOGL,1,29536200,0.0155832183051052,1.0,0.0,0.0,2,1.0,1.0,1.0,-0.0006,0.277,0.1536,0.5887,1.0,5.0,96.0,14.0,35497000.0,34790200.0,44640600.0,29963600.0,0.0006,0.5238,0.5407,0.8737,0.0673,0.7645,0.6421,0.8369,0.022585286767089163,42111645.0
2026-03-04,JPM,0,8055700,0.0172672183886342,0.0011,0.6394,0.3595,1,-0.6382,0.0017,0.6405,-0.0411,0.1447,0.0141,0.0637,1.0,3.0,23.0,29.0,10278200.0,8508900.0,18620800.0,8095500.0,0.0426,0.8092,0.5612,0.522,0.0177,0.5894,0.5126,0.561,0.018472804928652997,10826395.0
2026-03-04,MSFT,1,35808000,0.0267151830792354,0.4932,0.4633,0.0435,2,0.03,0.5157,0.9565,-0.2172,-0.0,0.0991,0.2985,1.0,2.0,94.0,35.0,38199200.0,35474900.0,51367200.0,43625500.0,0.4268,1.0,0.6129,0.6507,0.2456,0.5,0.5808,0.7294,0.017910713423776137,41585575.0
2026-03-04,UNH,1,7796000,0.0230441972148657,0.0051,0.3428,0.6521,3,-0.3377,0.0146,0.3479,-0.1594,-0.1038,0.1246,0.1911,7.0,12.0,8.0,8.0,7051100.0,8141400.0,9723300.0,11380600.0,0.7565,0.566,0.3754,0.559,0.3947,0.4083,0.666,0.6709,0.02025886881489028,9051875.0
2026-03-05,AAPL,0,49658600,0.0165266974093116,0.0,0.0,1.0,2,-0.0,0.0588,0.0,0.204,0.1774,0.395,0.112,4.0,2.0,3.0,73.0,39803100.0,38568900.0,41827900.0,32345100.0,0.2472,0.1821,0.3957,0.5868,0.9125,0.9869,0.9992,0.5954,0.017902068906412234,49529205.0
2026-03-05,BRK-B,1,8963400,0.0169113429588607,0.0038,0.1003,0.8959,20,-0.0964,0.0367,0.1041,0.3327,0.1069,-0.2498,0.4285,3.0,10.0,22.0,7.0,4369100.0,6348700.0,11725300.0,4577000.0,0.3356,0.472,0.3594,0.4287,0.9957,0.6133,0.1525,0.9998,0.01127879829672013,4998685.0
2026-03-05,GOOGL,0,35752300,0.017522430731474,0.0005,0.0015,0.9981,2,-0.001,0.2414,0.0019,1.0,-0.0006,0.277,0.1772,2.0,1.0,5.0,109.0,29536200.0,35497000.0,34790200.0,36431200.0,1.0,0.0006,0.5238,0.6615,1.0,0.0673,0.7645,0.634,0.02252338181694697,42037255.0
2026-03-05,JPM,0,12732500,0.0295657333840355,0.331,0.3337,0.3353,3,-0.0027,0.4979,0.6647,-0.6382,-0.0411,0.1447,0.1224,1.0,1.0,3.0,25.0,8055700.0,10278200.0,8508900.0,7007800.0,0.6405,0.0426,0.8092,0.4255,0.0017,0.0177,0.5894,0.6439,0.01828781093896742,10650180.0
2026-03-05,META,0,13341400,0.0308038839062316,0.0,0.0,1.0,1,-0.0,0.1046,0.0,-0.0,0.1454,0.061,0.1433,1.0,65.0,87.0,7.0,12263800.0,15703000.0,10637700.0,10135600.0,0.0,0.6363,0.6414,0.4282,0.2081,0.6143,0.5476,0.6673,0.016084825239864337,14128595.0
2026-03-05,MSFT,1,39001300,0.0178279788726788,0.9999,0.0,0.0001,1,0.9999,1.0,0.9999,0.03,-0.2172,-0.0,0.0913,2.0,1.0,2.0,97.0,35808000.0,38199200.0,35474900.0,34405900.0,0.9565,0.4268,1.0,0.7057,0.5157,0.2456,0.5,0.5647,0.017180077571356818,40304770.0
2026-03-05,TSLA,1,51925900,0.0229100319288169,0.0,0.9907,0.0092,1,-0.9907,0.0,0.9908,-0.0027,-0.0164,-0.2346,-0.0787,3.0,37.0,31.0,51.0,55088300.0,56890100.0,53602500.0,58579500.0,0.0199,0.5305,0.6594,0.6737,0.433,0.4846,0.3221,0.4416,0.02107795650893283,60952435.0
2026-03-05,UNH,0,5397900,0.0160318035158188,0.4105,0.2879,0.3016,7,0.1226,0.5878,0.6984,-0.3377,-0.1594,-0.1038,-0.0223,3.0,7.0,12.0,11.0,7796000.0,7051100.0,8141400.0,10210000.0,0.3479,0.7565,0.566,0.611,0.0146,0.3947,0.4083,0.4817,0.02028780099059613,8901220.0
2026-03-06,AAPL,0,41120000,0.0170126969547794,0.0027,0.0002,0.9971,1,0.0025,0.9344,0.0029,-0.0,0.204,0.1774,0.2462,2.0,4.0,2.0,43.0,49658600.0,39803100.0,38568900.0,72366500.0,0.0,0.2472,0.1821,0.4964,0.0588,0.9125,0.9869,0.748,0.017893940574075378,48792400.0
2026-03-06,AMZN,0,51152700,0.0222801452278402,0.0037,0.002,0.9943,1,0.0017,0.6484,0.0057,0.1889,-0.6101,0.1262,-0.0004,2.0,5.0,116.0,1.0,54731100.0,46001000.0,57422800.0,41346400.0,0.6991,0.6108,0.5078,0.0005,0.6351,0.0006,0.6242,0.0582,0.017010321583563005,65251025.0
2026-03-06,BRK-B,0,5564400,0.0176665144200677,0.0464,0.012,0.9416,2,0.0344,0.7945,0.0584,-0.0964,0.3327,0.1069,0.1848,20.0,3.0,10.0,4.0,8963400.0,4369100.0,6348700.0,6364900.0,0.1041,0.3356,0.472,0.3532,0.0367,0.9957,0.6133,0.7617,0.011089639128192448,4917270.0
2026-03-06,GOOGL,1,25576900,0.0180688512603794,0.3056,0.0254,0.669,2,0.2803,0.9234,0.331,-0.001,1.0,-0.0006,0.1536,2.0,2.0,1.0,96.0,35752300.0,29536200.0,35497000.0,44640600.0,0.0019,1.0,0.0006,0.5407,0.2414,1.0,0.0673,0.6421,0.02206040384687863,42224565.0
2026-03-06,JPM,1,13496500,0.0219319650052878,1.0,0.0,0.0,1,1.0,1.0,1.0,-0.0027,-0.6382,-0.0411,0.0141,3.0,1.0,1.0,23.0,12732500.0,8055700.0,10278200.0,18620800.0,0.6647,0.6405,0.0426,0.5612,0.4979,0.0017,0.0177,0.5126,0.01862647848036519,10689145.0
2026-03-06,TSLA,0,64054600,0.0204476744538147,0.0001,0.9385,0.0614,1,-0.9384,0.0001,0.9386,-0.9907,-0.0027,-0.0164,-0.0414,1.0,3.0,37.0,38.0,51925900.0,55088300.0,56890100.0,54809700.0,0.9908,0.0199,0.5305,0.5185,0.0,0.433,0.4846,0.4601,0.017753875295088643,59464425.0
2026-03-06,UNH,0,6816900,0.0288160328698558,0.2756,0.3861,0.3383,3,-0.1105,0.4165,0.6617,0.1226,-0.3377,-0.1594,0.1246,7.0,3.0,7.0,8.0,5397900.0,7796000.0,7051100.0,9723300.0,0.6984,0.3479,0.7565,0.3754,0.5878,0.0146,0.3947,0.666,0.019515398089863103,8523910.0
2026-03-09,AAPL,1,38218500,0.0292150696131147,0.0297,0.0049,0.9654,3,0.0248,0.8572,0.0346,0.0025,-0.0,0.204,0.395,1.0,2.0,4.0,3.0,41120000.0,49658600.0,39803100.0,41827900.0,0.0029,0.0,0.2472,0.3957,0.9344,0.0588,0.9125,0.9992,0.017454571846631937,46321115.0
2026-03-09,AMZN,1,54642900,0.0318840903358027,1.0,0.0,0.0,1,1.0,1.0,1.0,0.0017,0.1889,-0.6101,0.0551,1.0,2.0,5.0,96.0,51152700.0,54731100.0,46001000.0,47756800.0,0.0057,0.6991,0.6108,0.6207,0.6484,0.6351,0.0006,0.5444,0.016778424958382974,65764525.0
2026-03-09,BRK-B,1,5833600,0.0173974863110254,0.2596,0.4492,0.2912,9,-0.1896,0.3663,0.7088,0.0344,-0.0964,0.3327,-0.2498,2.0,20.0,3.0,22.0,5564400.0,8963400.0,4369100.0,11725300.0,0.0584,0.1041,0.3356,0.3594,0.7945,0.0367,0.9957,0.1525,0.011050566006875493,4943795.0
2026-03-09,GOOGL,1,29312100,0.0432123992855592,0.0024,0.0001,0.9975,1,0.0024,0.972,0.0025,0.2803,-0.001,1.0,0.277,2.0,2.0,2.0,5.0,25576900.0,35752300.0,29536200.0,34790200.0,0.331,0.0019,1.0,0.5238,0.9234,0.2414,1.0,0.7645,0.021494261577858807,41678075.0
2026-03-09,JPM,1,12241100,0.0373029558545865,0.2573,0.3017,0.441,4,-0.0444,0.4603,0.559,1.0,-0.0027,-0.6382,0.1447,1.0,3.0,1.0,3.0,13496500.0,12732500.0,8055700.0,8508900.0,1.0,0.6647,0.6405,0.8092,1.0,0.4979,0.0017,0.5894,0.018590452107253998,10872000.0
2026-03-09,MSFT,1,30131900,0.0165711529007336,0.0902,0.3332,0.5766,3,-0.243,0.213,0.4234,0.9999,0.03,-0.2172,0.0991,1.0,2.0,1.0,94.0,39001300.0,35808000.0,38199200.0,51367200.0,0.9999,0.9565,0.4268,0.6129,1.0,0.5157,0.2456,0.5808,0.017451205622620414,40004215.0
2026-03-09,UNH,1,10348800,0.0231915196628435,0.2412,0.4969,0.2619,4,-0.2557,0.3268,0.7381,-0.1105,0.1226,-0.3377,-0.1038,3.0,7.0,3.0,12.0,6816900.0,5397900.0,7796000.0,8141400.0,0.6617,0.6984,0.3479,0.566,0.4165,0.5878,0.0146,0.4083,0.018683546853225503,8212990.0
2026-03-10,AAPL,1,30590800,0.0214632210762585,0.0,0.0002,0.9998,1,-0.0002,0.1016,0.0002,0.0248,0.0025,-0.0,0.1774,3.0,1.0,2.0,2.0,38218500.0,41120000.0,49658600.0,38568900.0,0.0346,0.0029,0.0,0.1821,0.8572,0.9344,0.0588,0.9869,0.017892744895027086,45583170.0
2026-03-10,AMZN,1,35678800,0.0150333871049094,0.0009,0.0013,0.9978,3,-0.0004,0.405,0.0022,1.0,0.0017,0.1889,0.1262,1.0,1.0,2.0,116.0,54642900.0,51152700.0,54731100.0,57422800.0,1.0,0.0057,0.6991,0.5078,1.0,0.6484,0.6351,0.6242,0.016863637795784626,66135190.0
2026-03-10,BRK-B,0,3598700,0.0128451433086668,0.0066,0.0,0.9934,2,0.0066,0.9996,0.0066,-0.1896,0.0344,-0.0964,0.1069,9.0,2.0,20.0,10.0,5833600.0,5564400.0,8963400.0,6348700.0,0.7088,0.0584,0.1041,0.472,0.3663,0.7945,0.0367,0.6133,0.010960222252228887,5014395.0
2026-03-10,GOOGL,1,23239700,0.0128686751432508,0.0029,0.0006,0.9965,2,0.0023,0.8292,0.0035,0.0024,0.2803,-0.001,-0.0006,1.0,2.0,2.0,1.0,29312100.0,25576900.0,35752300.0,35497000.0,0.0025,0.331,0.0019,0.0006,0.972,0.9234,0.2414,0.0673,0.021923570342522777,39612760.0
2026-03-10,JPM,0,8344900,0.0192540604918742,0.9357,0.0025,0.0618,2,0.9332,0.9974,0.9382,-0.0444,1.0,-0.0027,-0.0411,4.0,1.0,3.0,1.0,12241100.0,13496500.0,12732500.0,10278200.0,0.559,1.0,0.6647,0.0426,0.4603,1.0,0.4979,0.0177,0.018543189409146996,10849655.0
2026-03-10,META,1,9859300,0.0172899012105704,0.9999,0.0,0.0001,1,0.9999,1.0,0.9999,-0.0,-0.0,0.1454,0.3316,1.0,1.0,65.0,79.0,13341400.0,12263800.0,15703000.0,11330700.0,0.0,0.0,0.6363,0.6722,0.1046,0.2081,0.6143,0.7467,0.01570586319773775,13608435.0
2026-03-10,MSFT,0,31706400,0.0177304576564973,1.0,0.0,0.0,1,1.0,1.0,1.0,-0.243,0.9999,0.03,-0.0,3.0,1.0,2.0,2.0,30131900.0,39001300.0,35808000.0,35474900.0,0.4234,0.9999,0.9565,1.0,0.213,1.0,0.5157,0.5,0.01563314474041419,38196350.0
2026-03-10,TSLA,0,59258700,0.0208840780443316,0.0118,0.9263,0.0619,1,-0.9145,0.0126,0.9381,-0.9384,-0.9907,-0.0027,-0.2346,1.0,1.0,3.0,31.0,64054600.0,51925900.0,55088300.0,53602500.0,0.9386,0.9908,0.0199,0.6594,0.0001,0.0,0.433,0.3221,0.017686747192952088,58535850.0
2026-03-10,UNH,0,6075600,0.0302038851983482,0.0001,0.5046,0.4954,6,-0.5045,0.0001,0.5046,-0.2557,-0.1105,0.1226,-0.1594,4.0,3.0,7.0,7.0,10348800.0,6816900.0,5397900.0,7051100.0,0.7381,0.6617,0.6984,0.7565,0.3268,0.4165,0.5878,0.3947,0.01732260624751634,8251790.0
2026-03-11,AAPL,0,26218900,0.009881715600106,0.3371,0.0,0.6629,3,0.3371,0.9999,0.3371,-0.0002,0.0248,0.0025,0.204,1.0,3.0,1.0,4.0,30590800.0,38218500.0,41120000.0,39803100.0,0.0002,0.0346,0.0029,0.2472,0.1016,0.8572,0.9344,0.9125,0.01812205774424726,44590040.0
2026-03-11,AMZN,0,34199300,0.0261925442521493,0.0006,0.334,0.6654,3,-0.3333,0.0019,0.3346,-0.0004,1.0,0.0017,-0.6101,3.0,1.0,1.0,5.0,35678800.0,54642900.0,51152700.0,46001000.0,0.0022,1.0,0.0057,0.6108,0.405,1.0,0.6484,0.0006,0.016815047458447887,65589880.0
2026-03-11,BRK-B,1,3845700,0.009227499699367,0.2947,0.0015,0.7038,4,0.2932,0.9949,0.2962,0.0066,-0.1896,0.0344,0.3327,2.0,9.0,2.0,3.0,3598700.0,5833600.0,5564400.0,4369100.0,0.0066,0.7088,0.0584,0.3356,0.9996,0.3663,0.7945,0.9957,0.010104905474735188,4965680.0
2026-03-11,JPM,0,10205000,0.019459248925846,0.3395,0.003,0.6575,4,0.3364,0.9912,0.3425,0.9332,-0.0444,1.0,-0.6382,2.0,4.0,1.0,1.0,8344900.0,12241100.0,13496500.0,8055700.0,0.9382,0.559,1.0,0.6405,0.9974,0.4603,1.0,0.0017,0.018194196865068096,10797500.0
2026-03-11,TSLA,1,62559900,0.0353733991983408,0.6667,0.0,0.3333,3,0.6666,0.9999,0.6667,-0.9145,-0.9384,-0.9907,-0.0164,1.0,1.0,1.0,37.0,59258700.0,64054600.0,51925900.0,56890100.0,0.9381,0.9386,0.9908,0.5305,0.0126,0.0001,0.0,0.4846,0.017821325402869327,58561810.0
2026-03-11,UNH,1,6878800,0.0199022417310311,0.0893,0.2004,0.7103,5,-0.1111,0.3083,0.2897,-0.5045,-0.2557,-0.1105,-0.3377,6.0,4.0,3.0,3.0,6075600.0,10348800.0,6816900.0,7796000.0,0.5046,0.7381,0.6617,0.3479,0.0001,0.3268,0.4165,0.0146,0.017976131502325996,8036990.0
2026-03-12,AAPL,0,40794000,0.01844127218633,0.277,0.0045,0.7185,2,0.2726,0.9842,0.2815,0.3371,-0.0002,0.0248,-0.0,3.0,1.0,3.0,2.0,26218900.0,30590800.0,38218500.0,49658600.0,0.3371,0.0002,0.0346,0.0,0.9999,0.1016,0.8572,0.0588,0.018102409081098274,44182140.0
2026-03-12,AMZN,0,44349500,0.0169210172903206,1.0,0.0,0.0,4,1.0,1.0,1.0,-0.3333,-0.0004,1.0,0.1889,3.0,3.0,1.0,2.0,34199300.0,35678800.0,54642900.0,54731100.0,0.3346,0.0022,1.0,0.6991,0.0019,0.405,1.0,0.6351,0.01703096977132315,62124385.0
2026-03-12,BRK-B,0,4170900,0.0088961202975827,0.0538,0.0026,0.9436,6,0.0512,0.9545,0.0564,0.2932,0.0066,-0.1896,-0.0964,4.0,2.0,9.0,20.0,3845700.0,3598700.0,5833600.0,8963400.0,0.2962,0.0066,0.7088,0.1041,0.9949,0.9996,0.3663,0.0367,0.010061988560528845,4968510.0
2026-03-12,JPM,1,13760500,0.0169006081612054,0.0935,0.0007,0.9058,2,0.0928,0.9925,0.0942,0.3364,0.9332,-0.0444,-0.0027,4.0,2.0,4.0,3.0,10205000.0,8344900.0,12241100.0,12732500.0,0.3425,0.9382,0.559,0.6647,0.9912,0.9974,0.4603,0.4979,0.01734221764016293,10417880.0
2026-03-12,META,0,11617500,0.0255876309609825,0.9999,0.0,0.0001,1,0.9999,1.0,0.9999,0.9999,-0.0,-0.0,0.061,1.0,1.0,1.0,87.0,9859300.0,13341400.0,12263800.0,10637700.0,0.9999,0.0,0.0,0.6414,1.0,0.1046,0.2081,0.5476,0.015451721023911609,13383140.0
2026-03-12,MSFT,0,27263900,0.0108988547781735,1.0,0.0,0.0,1,1.0,1.0,1.0,1.0,-0.243,0.9999,-0.2172,1.0,3.0,1.0,1.0,31706400.0,30131900.0,39001300.0,38199200.0,1.0,0.4234,0.9999,0.4268,1.0,0.213,1.0,0.2456,0.015882024226156734,37105905.0
2026-03-12,UNH,0,10512300,0.0395743699065259,0.0002,0.5001,0.4997,8,-0.4999,0.0004,0.5003,-0.1111,-0.5045,-0.2557,0.1226,5.0,6.0,4.0,7.0,6878800.0,6075600.0,10348800.0,5397900.0,0.2897,0.5046,0.7381,0.6984,0.3083,0.0001,0.3268,0.5878,0.01750149941330248,8016695.0
2026-03-13,AAPL,0,36930000,0.0266556380683019,0.2069,0.7755,0.0177,1,-0.5686,0.2106,0.9823,0.2726,0.3371,-0.0002,0.0025,2.0,3.0,1.0,1.0,40794000.0,26218900.0,30590800.0,41120000.0,0.2815,0.3371,0.0002,0.0029,0.9842,0.9999,0.1016,0.9344,0.018232266397048995,43625275.0
2026-03-13,AMZN,0,35662100,0.0207051014992281,0.352,0.4353,0.2127,3,-0.0833,0.4471,0.7873,1.0,-0.3333,-0.0004,0.0017,4.0,3.0,3.0,1.0,44349500.0,34199300.0,35678800.0,51152700.0,1.0,0.3346,0.0022,0.0057,1.0,0.0019,0.405,0.6484,0.015143524386560683,55381315.0
2026-03-13,BRK-B,0,3565700,0.0094867897589315,0.0986,0.0057,0.8957,2,0.0928,0.9449,0.1043,0.0512,0.2932,0.0066,0.0344,6.0,4.0,2.0,2.0,4170900.0,3845700.0,3598700.0,5564400.0,0.0564,0.2962,0.0066,0.0584,0.9545,0.9949,0.9996,0.7945,0.010066780613679636,4996335.0
2026-03-13,JPM,0,9091200,0.0148944041675515,0.3091,0.6872,0.0037,1,-0.378,0.3103,0.9963,0.0928,0.3364,0.9332,1.0,2.0,4.0,2.0,1.0,13760500.0,10205000.0,8344900.0,13496500.0,0.0942,0.3425,0.9382,1.0,0.9925,0.9912,0.9974,1.0,0.017328932386698997,10532030.0
2026-03-13,META,0,18957600,0.0314478428192881,0.0,0.9265,0.0735,2,-0.9264,0.0,0.9265,0.9999,0.9999,-0.0,0.1454,1.0,1.0,1.0,65.0,11617500.0,9859300.0,13341400.0,15703000.0,0.9999,0.9999,0.0,0.6363,1.0,1.0,0.1046,0.6143,0.015037407351604715,13275980.0
2026-03-13,MSFT,0,26848000,0.0263091964911935,0.3163,0.2556,0.4281,5,0.0608,0.5531,0.5719,1.0,1.0,-0.243,0.03,1.0,1.0,3.0,2.0,27263900.0,31706400.0,30131900.0,35808000.0,1.0,1.0,0.4234,0.9565,1.0,1.0,0.213,0.5157,0.015270095192899676,36195075.0
2026-03-13,TSLA,0,58504100,0.0256782815722595,0.001,0.9541,0.0449,1,-0.953,0.0011,0.9551,0.6666,-0.9145,-0.9384,-0.0027,3.0,1.0,1.0,3.0,62559900.0,59258700.0,64054600.0,55088300.0,0.6667,0.9381,0.9386,0.0199,0.9999,0.0126,0.0001,0.433,0.017919467389514953,58845480.0
2026-03-13,UNH,1,4737600,0.018233501290132,0.3337,0.333,0.3333,6,0.0007,0.5005,0.6667,-0.4999,-0.1111,-0.5045,-0.1105,8.0,5.0,6.0,3.0,10512300.0,6878800.0,6075600.0,6816900.0,0.5003,0.2897,0.5046,0.6617,0.0004,0.3083,0.0001,0.4165,0.0181972184810231,8225655.0
2026-03-16,AAPL,1,32074200,0.0159057335969531,0.987,0.0125,0.0005,2,0.9745,0.9875,0.9995,-0.5686,0.2726,0.3371,0.0248,1.0,2.0,3.0,3.0,36930000.0,40794000.0,26218900.0,38218500.0,0.9823,0.2815,0.3371,0.0346,0.2106,0.9842,0.9999,0.8572,0.014976706162152104,41417915.0
2026-03-16,BRK-B,0,3752000,0.0112628983791317,0.4482,0.0052,0.5466,4,0.4431,0.9886,0.4534,0.0928,0.0512,0.2932,-0.1896,2.0,6.0,4.0,9.0,3565700.0,4170900.0,3845700.0,5833600.0,0.1043,0.0564,0.2962,0.7088,0.9449,0.9545,0.9949,0.3663,0.010177349145550728,4940125.0
2026-03-16,GOOGL,1,23519700,0.0114013509154421,0.6676,0.0002,0.3322,2,0.6675,0.9998,0.6678,0.0023,0.0024,0.2803,1.0,2.0,1.0,2.0,2.0,23239700.0,29312100.0,25576900.0,29536200.0,0.0035,0.0025,0.331,1.0,0.8292,0.972,0.9234,1.0,0.017549604685329474,36364455.0
2026-03-16,JPM,0,8149000,0.0162743721509671,0.113,0.7591,0.1279,1,-0.6461,0.1296,0.8721,-0.378,0.0928,0.3364,-0.0444,1.0,2.0,4.0,4.0,9091200.0,13760500.0,10205000.0,12241100.0,0.9963,0.0942,0.3425,0.559,0.3103,0.9925,0.9912,0.4603,0.014945716066471014,10551415.0
2026-03-16,META,0,15134900,0.0184335829336432,0.385,0.0935,0.5215,5,0.2916,0.8047,0.4785,-0.9264,0.9999,0.9999,-0.0,2.0,1.0,1.0,1.0,18957600.0,11617500.0,9859300.0,12263800.0,0.9265,0.9999,0.9999,0.0,0.0,1.0,1.0,0.2081,0.014111232012365164,13379720.0
2026-03-16,MSFT,1,27733700,0.0146707770754859,0.3255,0.3309,0.3436,3,-0.0054,0.4959,0.6564,0.0608,1.0,1.0,0.9999,5.0,1.0,1.0,1.0,26848000.0,27263900.0,31706400.0,39001300.0,0.5719,1.0,1.0,0.9999,0.5531,1.0,1.0,1.0,0.015191733309352468,35294580.0
2026-03-16,TSLA,0,58068300,0.0234970408609127,0.9606,0.0161,0.0233,1,0.9446,0.9836,0.9767,-0.953,0.6666,-0.9145,-0.9907,1.0,3.0,1.0,1.0,58504100.0,62559900.0,59258700.0,51925900.0,0.9551,0.6667,0.9381,0.9908,0.0011,0.9999,0.0126,0.0,0.016582216351201946,58040340.0
2026-03-16,UNH,1,4854000,0.0223958909272269,0.8086,0.0012,0.1902,11,0.8075,0.9986,0.8098,0.0007,-0.4999,-0.1111,-0.2557,6.0,8.0,5.0,4.0,4737600.0,10512300.0,6878800.0,10348800.0,0.6667,0.5003,0.2897,0.7381,0.5005,0.0004,0.3083,0.3268,0.017809379513288922,7845690.0
2026-03-17,AAPL,1,32361600,0.0116619707808916,0.0069,0.0316,0.9616,2,-0.0247,0.1783,0.0384,0.9745,-0.5686,0.2726,-0.0002,2.0,1.0,2.0,1.0,32074200.0,36930000.0,40794000.0,30590800.0,0.9995,0.9823,0.2815,0.0002,0.9875,0.2106,0.9842,0.1016,0.0138823336938298,40207090.0
2026-03-17,AMZN,1,44969900,0.01536511681197,0.9661,0.0,0.0339,1,0.966,1.0,0.9661,-0.0833,1.0,-0.3333,1.0,3.0,4.0,3.0,1.0,35662100.0,44349500.0,34199300.0,54642900.0,0.7873,1.0,0.3346,1.0,0.4471,1.0,0.0019,1.0,0.015335386275548733,52605500.0
2026-03-17,BRK-B,0,4424900,0.0112157219182805,0.5,0.0001,0.4999,2,0.4999,0.9998,0.5001,0.4431,0.0928,0.0512,0.0066,4.0,2.0,6.0,2.0,3752000.0,3565700.0,4170900.0,3598700.0,0.4534,0.1043,0.0564,0.0066,0.9886,0.9449,0.9545,0.9996,0.010101343569215444,4893430.0
2026-03-17,JPM,0,8961200,0.020103797780601,0.2454,0.007,0.7476,2,0.2384,0.9723,0.2524,-0.6461,-0.378,0.0928,0.9332,1.0,1.0,2.0,2.0,8149000.0,9091200.0,13760500.0,8344900.0,0.8721,0.9963,0.0942,0.9382,0.1296,0.3103,0.9925,0.9974,0.012959373284092178,10286695.0
2026-03-17,META,0,10348800,0.0236468348490637,0.5,0.0001,0.4999,2,0.4999,0.9999,0.5001,0.2916,-0.9264,0.9999,-0.0,5.0,2.0,1.0,1.0,15134900.0,18957600.0,11617500.0,13341400.0,0.4785,0.9265,0.9999,0.0,0.8047,0.0,1.0,0.1046,0.014119230773428375,13279875.0
2026-03-17,MSFT,0,26228300,0.0166137709021628,0.5099,0.0002,0.4899,2,0.5098,0.9997,0.5101,-0.0054,0.0608,1.0,-0.243,3.0,5.0,1.0,3.0,27733700.0,26848000.0,27263900.0,30131900.0,0.6564,0.5719,1.0,0.4234,0.4959,0.5531,1.0,0.213,0.013614460467416501,34556715.0
2026-03-17,TSLA,1,46890500,0.0179938716501734,0.2225,0.028,0.7495,3,0.1946,0.8884,0.2505,0.9446,-0.953,0.6666,-0.9384,1.0,1.0,3.0,1.0,58068300.0,58504100.0,62559900.0,64054600.0,0.9767,0.9551,0.6667,0.9386,0.9836,0.0011,0.9999,0.0001,0.01578673537769539,57809900.0
2026-03-17,UNH,0,5752000,0.0144197153318496,0.3332,0.0097,0.6571,6,0.3235,0.9718,0.3429,0.8075,0.0007,-0.4999,-0.5045,11.0,6.0,8.0,6.0,4854000.0,4737600.0,10512300.0,6075600.0,0.8098,0.6667,0.5003,0.5046,0.9986,0.5005,0.0004,0.0001,0.01683602273700959,7574295.0
2026-03-18,AAPL,0,35757900,0.0235126561635528,0.0005,0.9995,0.0,1,-0.999,0.0005,1.0,-0.0247,0.9745,-0.5686,0.3371,2.0,2.0,1.0,3.0,32361600.0,32074200.0,36930000.0,26218900.0,0.0384,0.9995,0.9823,0.3371,0.1783,0.9875,0.2106,0.9999,0.013003099997091112,38901715.0
2026-03-18,AMZN,0,37846600,0.0294956190091437,0.0,0.0,1.0,3,-0.0,0.051,0.0,0.966,-0.0833,1.0,-0.0004,1.0,3.0,4.0,3.0,44969900.0,35662100.0,44349500.0,35678800.0,0.9661,0.7873,1.0,0.0022,1.0,0.4471,1.0,0.405,0.01528172716052635,51495245.0
2026-03-18,BRK-B,0,4356400,0.0154335156243979,0.5415,0.0001,0.4585,4,0.5414,0.9998,0.5415,0.4999,0.4431,0.0928,0.2932,2.0,4.0,2.0,4.0,4424900.0,3752000.0,3565700.0,3845700.0,0.5001,0.4534,0.1043,0.2962,0.9998,0.9886,0.9449,0.9949,0.010050894164825044,4901510.0
2026-03-18,GOOGL,0,20009800,0.0179131785873896,0.0005,0.0479,0.9516,2,-0.0474,0.0099,0.0484,0.6675,0.0023,0.0024,-0.001,2.0,2.0,1.0,2.0,23519700.0,23239700.0,29312100.0,35752300.0,0.6678,0.0035,0.0025,0.0019,0.9998,0.8292,0.972,0.2414,0.017171465974900487,34721415.0
2026-03-18,MSFT,0,25908500,0.0176264697049662,1.0,0.0,0.0,1,1.0,1.0,1.0,0.5098,-0.0054,0.0608,1.0,2.0,3.0,5.0,1.0,26228300.0,27733700.0,26848000.0,31706400.0,0.5101,0.6564,0.5719,1.0,0.9997,0.4959,0.5531,1.0,0.013457106148166434,33828010.0
2026-03-18,TSLA,0,50853100,0.0269674430216166,0.3344,0.0029,0.6627,3,0.3315,0.9913,0.3373,0.1946,0.9446,-0.953,-0.9145,3.0,1.0,1.0,1.0,46890500.0,58068300.0,58504100.0,59258700.0,0.2505,0.9767,0.9551,0.9381,0.8884,0.9836,0.0011,0.0126,0.015436077227614598,57430210.0
2026-03-18,UNH,0,4544100,0.018688591669472,0.0007,0.19,0.8093,6,-0.1892,0.0038,0.1907,0.3235,0.8075,0.0007,-0.1111,6.0,11.0,6.0,5.0,5752000.0,4854000.0,4737600.0,6878800.0,0.3429,0.8098,0.6667,0.2897,0.9718,0.9986,0.5005,0.3083,0.016363891923405795,7557310.0
2026-03-19,BRK-B,0,4045600,0.0112419973342053,0.4,0.1998,0.4002,5,0.2003,0.667,0.5998,0.5414,0.4999,0.4431,0.0512,4.0,2.0,4.0,6.0,4356400.0,4424900.0,3752000.0,4170900.0,0.5415,0.5001,0.4534,0.0564,0.9998,0.9998,0.9886,0.9545,0.010201195286619646,4932705.0
2026-03-19,GOOGL,1,25075800,0.0187822481880783,0.0016,0.5436,0.4548,1,-0.542,0.003,0.5452,-0.0474,0.6675,0.0023,0.2803,2.0,2.0,2.0,2.0,20009800.0,23519700.0,23239700.0,25576900.0,0.0484,0.6678,0.0035,0.331,0.0099,0.9998,0.8292,0.9234,0.017103902964757296,33763405.0
2026-03-19,JPM,1,9846700,0.0170455053165347,0.0,0.5,0.5,2,-0.5,0.0,0.5,0.2384,-0.6461,-0.378,0.3364,2.0,1.0,1.0,4.0,8961200.0,8149000.0,9091200.0,10205000.0,0.2524,0.8721,0.9963,0.3425,0.9723,0.1296,0.3103,0.9912,0.012809298699979828,10289915.0
2026-03-19,META,0,13247700,0.017544702778792,0.0065,0.0976,0.8959,1,-0.0912,0.0621,0.1041,0.4999,0.2916,-0.9264,0.9999,2.0,5.0,2.0,1.0,10348800.0,15134900.0,18957600.0,9859300.0,0.5001,0.4785,0.9265,0.9999,0.9999,0.8047,0.0,1.0,0.014194285054394271,12889350.0
2026-03-19,MSFT,0,25138800,0.0139194888254893,0.0004,0.5437,0.4559,2,-0.5433,0.0007,0.5441,1.0,0.5098,-0.0054,1.0,1.0,2.0,3.0,1.0,25908500.0,26228300.0,27733700.0,27263900.0,1.0,0.5101,0.6564,1.0,1.0,0.9997,0.4959,1.0,0.013739282625204444,33418855.0
2026-03-19,TSLA,0,67078300,0.0220517423751166,0.0004,0.4936,0.506,2,-0.4932,0.0008,0.494,0.3315,0.1946,0.9446,0.6666,3.0,3.0,1.0,3.0,50853100.0,46890500.0,58068300.0,62559900.0,0.3373,0.2505,0.9767,0.6667,0.9913,0.8884,0.9836,0.9999,0.015466000010685243,56750355.0
2026-03-19,UNH,0,5542100,0.0263379593970071,0.2887,0.262,0.4494,7,0.0267,0.5242,0.5506,-0.1892,0.3235,0.8075,-0.4999,6.0,6.0,11.0,8.0,4544100.0,5752000.0,4854000.0,10512300.0,0.1907,0.3429,0.8098,0.5003,0.0038,0.9718,0.9986,0.0004,0.016305724254335564,7452915.0
2026-03-20,AAPL,1,88331100,0.0129042543889633,0.0009,0.0001,0.999,2,0.0008,0.8738,0.001,-0.999,-0.0247,0.9745,0.2726,1.0,2.0,2.0,2.0,35757900.0,32361600.0,32074200.0,40794000.0,1.0,0.0384,0.9995,0.2815,0.0005,0.1783,0.9875,0.9842,0.01322789625339906,38979445.0
2026-03-20,AMZN,0,63694600,0.0155254872549378,0.0,0.0165,0.9835,2,-0.0165,0.0024,0.0165,-0.0,0.966,-0.0833,-0.3333,3.0,1.0,3.0,3.0,37846600.0,44969900.0,35662100.0,34199300.0,0.0,0.9661,0.7873,0.3346,0.051,1.0,0.4471,0.0019,0.0152705358639393,50110300.0
2026-03-20,BRK-B,0,7786400,0.0113364852682021,0.3986,0.0155,0.5859,5,0.3831,0.9626,0.4141,0.2003,0.5414,0.4999,0.0928,5.0,4.0,2.0,2.0,4045600.0,4356400.0,4424900.0,3565700.0,0.5998,0.5415,0.5001,0.1043,0.667,0.9998,0.9998,0.9449,0.010252955807374628,5004465.0
2026-03-20,GOOGL,0,44364100,0.0253061323988968,1.0,0.0,0.0,1,1.0,1.0,1.0,-0.542,-0.0474,0.6675,0.0024,1.0,2.0,2.0,1.0,25075800.0,20009800.0,23519700.0,29312100.0,0.5452,0.0484,0.6678,0.0025,0.003,0.0099,0.9998,0.972,0.015802368844131998,32746875.0
2026-03-20,JPM,0,22436500,0.0188836527873191,0.0001,0.0001,0.9998,1,0.0001,0.6269,0.0002,-0.5,0.2384,-0.6461,0.0928,2.0,2.0,1.0,2.0,9846700.0,8961200.0,8149000.0,13760500.0,0.5,0.2524,0.8721,0.0942,0.0,0.9723,0.1296,0.9925,0.012820831382559697,10421770.0
2026-03-20,MSFT,0,50853200,0.0177874421024849,0.0014,0.0469,0.9517,2,-0.0455,0.0288,0.0483,-0.5433,1.0,0.5098,0.0608,2.0,1.0,2.0,5.0,25138800.0,25908500.0,26228300.0,26848000.0,0.5441,1.0,0.5101,0.5719,0.0007,1.0,0.9997,0.5531,0.013661323439796447,33071855.0
2026-03-20,TSLA,0,78628600,0.0406213582872878,0.4371,0.0,0.5628,2,0.4371,0.9999,0.4372,-0.4932,0.3315,0.1946,-0.953,2.0,3.0,3.0,1.0,67078300.0,50853100.0,46890500.0,58504100.0,0.494,0.3373,0.2505,0.9551,0.0008,0.9913,0.8884,0.0011,0.01598941420714572,57236170.0
2026-03-20,UNH,0,38893000,0.0290333215779925,0.4088,0.0006,0.5906,5,0.4083,0.9986,0.4094,0.0267,-0.1892,0.3235,0.0007,7.0,6.0,6.0,6.0,5542100.0,4544100.0,5752000.0,4737600.0,0.5506,0.1907,0.3429,0.6667,0.5242,0.0038,0.9718,0.5005,0.01656762760827578,7483430.0
2026-03-23,AAPL,0,40546100,0.0170099118142092,0.0,0.0,1.0,1,0.0,0.6036,0.0,0.0008,-0.999,-0.0247,-0.5686,2.0,1.0,2.0,1.0,88331100.0,35757900.0,32361600.0,36930000.0,0.001,1.0,0.0384,0.9823,0.8738,0.0005,0.1783,0.2106,0.013106355375358435,41853735.0
2026-03-23,AMZN,1,44277400,0.0156823902483976,0.5,0.0,0.5,2,0.5,1.0,0.5,-0.0165,-0.0,0.966,1.0,2.0,3.0,1.0,4.0,63694600.0,37846600.0,44969900.0,44349500.0,0.0165,0.0,0.9661,1.0,0.0024,0.051,1.0,1.0,0.014519296293040147,49096260.0
2026-03-23,BRK-B,0,4958000,0.0144364239634501,0.3613,0.1005,0.5382,10,0.2608,0.7824,0.4618,0.3831,0.2003,0.5414,0.4431,5.0,5.0,4.0,4.0,7786400.0,4045600.0,4356400.0,3752000.0,0.4141,0.5998,0.5415,0.4534,0.9626,0.667,0.9998,0.9886,0.010223447715845246,5177450.0
2026-03-23,GOOGL,0,29326900,0.0167158272000518,0.0,0.0,1.0,1,-0.0,0.0398,0.0,1.0,-0.542,-0.0474,0.0023,1.0,1.0,2.0,2.0,44364100.0,25075800.0,20009800.0,23239700.0,1.0,0.5452,0.0484,0.0035,1.0,0.003,0.0099,0.8292,0.01606773746661173,32577015.0
2026-03-23,JPM,0,11470800,0.0264347077701563,0.4004,0.2018,0.3977,31,0.1986,0.6649,0.6023,0.0001,-0.5,0.2384,-0.378,1.0,2.0,2.0,1.0,22436500.0,9846700.0,8961200.0,9091200.0,0.0002,0.5,0.2524,0.9963,0.6269,0.0,0.9723,0.3103,0.012903217791156222,11206710.0
2026-03-23,META,0,13638000,0.0158966064677581,0.4999,0.4644,0.0357,2,0.0354,0.5184,0.9643,-0.0912,0.4999,0.2916,0.9999,1.0,2.0,5.0,1.0,13247700.0,10348800.0,15134900.0,11617500.0,0.1041,0.5001,0.4785,0.9999,0.0621,0.9999,0.8047,1.0,0.013518463677390048,12809860.0
2026-03-23,MSFT,0,29680100,0.0144047899640968,0.5394,0.2178,0.2428,3,0.3217,0.7124,0.7572,-0.0455,-0.5433,1.0,-0.0054,2.0,2.0,1.0,3.0,50853200.0,25138800.0,25908500.0,27733700.0,0.0483,0.5441,1.0,0.6564,0.0288,0.0007,1.0,0.4959,0.01405395379973024,34453345.0
2026-03-23,TSLA,1,74606000,0.0337719470090703,0.666,0.3333,0.0007,3,0.3326,0.6664,0.9993,0.4371,-0.4932,0.3315,0.9446,2.0,2.0,3.0,1.0,78628600.0,67078300.0,50853100.0,58068300.0,0.4372,0.494,0.3373,0.9767,0.9999,0.0008,0.9913,0.9836,0.016044690513995465,58070930.0
2026-03-23,UNH,0,10424200,0.0417711651867418,0.5021,0.3707,0.1272,8,0.1314,0.5753,0.8728,0.4083,0.0267,-0.1892,0.8075,5.0,7.0,6.0,11.0,38893000.0,5542100.0,4544100.0,4854000.0,0.4094,0.5506,0.1907,0.8098,0.9986,0.5242,0.0038,0.9986,0.01679461384920428,9079375.0
2026-03-24,AAPL,1,45152300,0.0210904679471576,0.0006,0.3689,0.6305,3,-0.3683,0.0017,0.3695,0.0,0.0008,-0.999,0.9745,1.0,2.0,1.0,2.0,40546100.0,88331100.0,35757900.0,32074200.0,0.0,0.001,1.0,0.9995,0.6036,0.8738,0.0005,0.9875,0.012267363326469766,41777515.0
2026-03-24,AMZN,0,35351400,0.0130320113182866,0.0991,0.046,0.8549,4,0.0531,0.6831,0.1451,0.5,-0.0165,-0.0,-0.0833,2.0,2.0,3.0,3.0,44277400.0,63694600.0,37846600.0,35662100.0,0.5,0.0165,0.0,0.7873,1.0,0.0024,0.051,0.4471,0.01450007810486995,47994050.0
2026-03-24,BRK-B,1,3434400,0.012447724282492,0.2213,0.2764,0.5023,2,-0.0552,0.4446,0.4977,0.2608,0.3831,0.2003,0.4999,10.0,5.0,5.0,2.0,4958000.0,7786400.0,4045600.0,4424900.0,0.4618,0.4141,0.5998,0.5001,0.7824,0.9626,0.667,0.9998,0.01029162135502733,5247525.0
2026-03-24,GOOGL,0,36864300,0.03205222748732,0.0126,0.0099,0.9774,3,0.0027,0.56,0.0226,-0.0,1.0,-0.542,0.6675,1.0,1.0,1.0,2.0,29326900.0,44364100.0,25075800.0,23519700.0,0.0,1.0,0.5452,0.6678,0.0398,1.0,0.003,0.9998,0.015895099282414078,32118375.0
2026-03-24,JPM,1,11092300,0.035328704597813,0.2924,0.3265,0.3811,31,-0.0342,0.4724,0.6189,0.1986,0.0001,-0.5,-0.6461,31.0,1.0,2.0,1.0,11470800.0,22436500.0,9846700.0,8149000.0,0.6023,0.0002,0.5,0.8721,0.6649,0.6269,0.0,0.1296,0.013277107578101126,11390615.0
2026-03-24,META,0,10739700,0.0166917049032087,0.5421,0.1263,0.3316,4,0.4158,0.811,0.6684,0.0354,-0.0912,0.4999,-0.9264,2.0,1.0,2.0,2.0,13638000.0,13247700.0,10348800.0,18957600.0,0.9643,0.1041,0.5001,0.9265,0.5184,0.0621,0.9999,0.0,0.013342503681387827,12968970.0
2026-03-24,MSFT,0,42733600,0.0277748601423939,0.1173,0.2165,0.6663,3,-0.0992,0.3514,0.3337,0.3217,-0.0455,-0.5433,0.5098,3.0,2.0,2.0,2.0,29680100.0,50853200.0,25138800.0,26228300.0,0.7572,0.0483,0.5441,0.5101,0.7124,0.0288,0.0007,0.9997,0.013988542319991987,34525650.0
2026-03-24,UNH,1,5911700,0.0215346027822787,0.576,0.24,0.1841,7,0.336,0.7059,0.8159,0.1314,0.4083,0.0267,0.3235,8.0,5.0,7.0,6.0,10424200.0,38893000.0,5542100.0,5752000.0,0.8728,0.4094,0.5506,0.3429,0.5753,0.9986,0.5242,0.9718,0.017870999872159364,9238210.0
2026-03-25,AAPL,0,28476700,0.0133805344935697,0.6658,0.0002,0.334,3,0.6655,0.9997,0.666,-0.3683,0.0,0.0008,-0.0247,3.0,1.0,2.0,2.0,45152300.0,40546100.0,88331100.0,32361600.0,0.3695,0.0,0.001,0.0384,0.0017,0.6036,0.8738,0.1783,0.012068793796095033,42169720.0
2026-03-25,AMZN,1,36388800,0.014983992552072,0.0027,0.0033,0.9941,1,-0.0006,0.4529,0.0059,0.0531,0.5,-0.0165,0.966,4.0,2.0,2.0,1.0,35351400.0,44277400.0,63694600.0,44969900.0,0.1451,0.5,0.0165,0.9661,0.6831,1.0,0.0024,1.0,0.014280246690140275,46267660.0
2026-03-25,GOOGL,0,29460700,0.0230371105145245,0.6659,0.0,0.3341,3,0.6658,0.9999,0.6659,0.0027,-0.0,1.0,-0.0474,3.0,1.0,1.0,2.0,36864300.0,29326900.0,44364100.0,20009800.0,0.0226,0.0,1.0,0.0484,0.56,0.0398,1.0,0.0099,0.017639240604251278,31999210.0
2026-03-25,JPM,1,12188200,0.0176780972800605,0.4126,0.2103,0.3771,24,0.2023,0.6624,0.6229,-0.0342,0.1986,0.0001,0.2384,31.0,31.0,1.0,2.0,11092300.0,11470800.0,22436500.0,8961200.0,0.6189,0.6023,0.0002,0.2524,0.4724,0.6649,0.6269,0.9723,0.011157564230401375,11297460.0
2026-03-25,META,0,12585000,0.0171526182710354,0.728,0.0011,0.2709,4,0.727,0.9986,0.7291,0.4158,0.0354,-0.0912,0.2916,4.0,2.0,1.0,5.0,10739700.0,13638000.0,13247700.0,15134900.0,0.6684,0.9643,0.1041,0.4785,0.811,0.5184,0.0621,0.8047,0.013427472932949729,12789765.0
2026-03-25,MSFT,0,31181200,0.0197123856815467,0.6643,0.3334,0.0022,3,0.3309,0.6658,0.9978,-0.0992,0.3217,-0.0455,1.0,3.0,3.0,2.0,1.0,42733600.0,29680100.0,50853200.0,25908500.0,0.3337,0.7572,0.0483,1.0,0.3514,0.7124,0.0288,1.0,0.015199900525721424,34961570.0
2026-03-25,TSLA,0,55157300,0.0287699723112384,0.3463,0.336,0.3177,3,0.0103,0.5076,0.6823,0.3326,0.4371,-0.4932,0.1946,3.0,2.0,2.0,3.0,74606000.0,78628600.0,67078300.0,46890500.0,0.9993,0.4372,0.494,0.2505,0.6664,0.9999,0.0008,0.8884,0.0166679514913201,59229525.0
2026-03-25,UNH,0,8121200,0.0326181862571023,0.4498,0.2375,0.3127,10,0.2123,0.6544,0.6873,0.336,0.1314,0.4083,-0.1892,7.0,8.0,5.0,6.0,5911700.0,10424200.0,38893000.0,4544100.0,0.8159,0.8728,0.4094,0.1907,0.7059,0.5753,0.9986,0.0038,0.01677724138756845,9049570.0
2026-03-26,AAPL,1,41796700,0.0247104388711546,0.352,0.2015,0.4465,55,0.1505,0.636,0.5535,0.6655,-0.3683,0.0,-0.999,3.0,3.0,1.0,1.0,28476700.0,45152300.0,40546100.0,35757900.0,0.666,0.3695,0.0,1.0,0.9997,0.0017,0.6036,0.0005,0.011368963649741288,41242825.0
2026-03-26,AMZN,0,46746000,0.0273966300543153,0.4977,0.0021,0.5002,4,0.4957,0.9958,0.4998,-0.0006,0.0531,0.5,-0.0,1.0,4.0,2.0,3.0,36388800.0,35351400.0,44277400.0,37846600.0,0.0059,0.1451,0.5,0.0,0.4529,0.6831,1.0,0.051,0.01426631046152534,46303620.0
2026-03-26,BRK-B,0,3774600,0.0081437428908788,0.5,0.0,0.5,2,0.5,1.0,0.5,-0.0552,0.2608,0.3831,0.5414,2.0,10.0,5.0,4.0,3434400.0,4958000.0,7786400.0,4356400.0,0.4977,0.4618,0.4141,0.5415,0.4446,0.7824,0.9626,0.9998,0.010302805220415047,5258030.0
2026-03-26,GOOGL,0,39080600,0.0328227990928781,0.4923,0.3938,0.1139,2,0.0985,0.5556,0.8861,0.6658,0.0027,-0.0,-0.542,3.0,3.0,1.0,1.0,29460700.0,36864300.0,29326900.0,25075800.0,0.6659,0.0226,0.0,0.5452,0.9999,0.56,0.0398,0.003,0.017835323953682158,32180525.0
2026-03-26,JPM,0,8669200,0.0145600500497483,0.2765,0.2145,0.5091,25,0.062,0.5631,0.4909,0.2023,-0.0342,0.1986,-0.5,24.0,31.0,31.0,2.0,12188200.0,11092300.0,11470800.0,9846700.0,0.6229,0.6189,0.6023,0.5,0.6624,0.4724,0.6649,0.0,0.011158587974222766,11229165.0
2026-03-26,META,0,35780100,0.0680698811632945,0.0,0.7469,0.2531,8,-0.7468,0.0,0.7469,0.727,0.4158,0.0354,0.4999,4.0,4.0,2.0,2.0,12585000.0,10739700.0,13638000.0,10348800.0,0.7291,0.6684,0.9643,0.5001,0.9986,0.811,0.5184,0.9999,0.011578841265074353,12671010.0
2026-03-26,MSFT,0,36836600,0.0256997966427536,0.3336,0.3332,0.3331,3,0.0004,0.5003,0.6669,0.3309,-0.0992,0.3217,-0.5433,3.0,3.0,3.0,2.0,31181200.0,42733600.0,29680100.0,25138800.0,0.9978,0.3337,0.7572,0.5441,0.6658,0.3514,0.7124,0.0007,0.014351378235288176,34358715.0
2026-03-26,TSLA,0,55522900,0.0329402702389081,0.3202,0.3141,0.3657,37,0.0061,0.5048,0.6343,0.0103,0.3326,0.4371,0.3315,3.0,3.0,2.0,3.0,55157300.0,74606000.0,78628600.0,50853100.0,0.6823,0.9993,0.4372,0.3373,0.5076,0.6664,0.9999,0.9913,0.016803779635289548,59003450.0
2026-03-26,UNH,0,6218800,0.0276307353697826,0.3503,0.2349,0.4149,10,0.1154,0.5986,0.5851,0.2123,0.336,0.1314,0.0267,10.0,7.0,8.0,7.0,8121200.0,5911700.0,10424200.0,5542100.0,0.6873,0.8159,0.8728,0.5506,0.6544,0.7059,0.5753,0.5242,0.016248553250136317,8886600.0
2026-03-27,AAPL,0,47900000,0.0292240974687477,0.3518,0.2053,0.4429,41,0.1464,0.6314,0.5571,0.1505,0.6655,-0.3683,0.0008,55.0,3.0,3.0,2.0,41796700.0,28476700.0,45152300.0,88331100.0,0.5535,0.666,0.3695,0.001,0.636,0.9997,0.0017,0.8738,0.011123535401433984,41646945.0
2026-03-27,AMZN,0,56009800,0.0361329384446159,0.2678,0.3643,0.3679,61,-0.0965,0.4237,0.6321,0.4957,-0.0006,0.0531,-0.0165,4.0,1.0,4.0,2.0,46746000.0,36388800.0,35351400.0,63694600.0,0.4998,0.0059,0.1451,0.0165,0.9958,0.4529,0.6831,0.0024,0.013527591555522394,45346840.0
2026-03-27,BRK-B,0,5382300,0.0160062344182984,0.143,0.1473,0.7097,7,-0.0044,0.4925,0.2903,0.5,-0.0552,0.2608,0.2003,2.0,2.0,10.0,5.0,3774600.0,3434400.0,4958000.0,4045600.0,0.5,0.4977,0.4618,0.5998,1.0,0.4446,0.7824,0.667,0.010293108944891504,5272985.0
2026-03-27,GOOGL,0,35890600,0.0195469667268366,0.4969,0.2983,0.2048,44,0.1986,0.6249,0.7952,0.0985,0.6658,0.0027,1.0,2.0,3.0,3.0,1.0,39080600.0,29460700.0,36864300.0,44364100.0,0.8861,0.6659,0.0226,1.0,0.5556,0.9999,0.56,1.0,0.017083474603696303,31474015.0
2026-03-27,JPM,0,9873300,0.0289132770561947,0.4558,0.1399,0.4043,32,0.3159,0.7652,0.5957,0.062,0.2023,-0.0342,0.0001,25.0,24.0,31.0,1.0,8669200.0,12188200.0,11092300.0,22436500.0,0.4909,0.6229,0.6189,0.0002,0.5631,0.6624,0.4724,0.6269,0.010822439445173693,11257850.0
2026-03-27,META,0,30133000,0.04321415825837,0.2045,0.4838,0.3117,39,-0.2792,0.2972,0.6883,-0.7468,0.727,0.4158,-0.0912,8.0,4.0,4.0,1.0,35780100.0,12585000.0,10739700.0,13247700.0,0.7469,0.7291,0.6684,0.1041,0.0,0.9986,0.811,0.0621,0.01782608520732555,13843195.0
2026-03-27,MSFT,0,37883400,0.0164133808830773,0.3746,0.3974,0.2279,35,-0.0228,0.4852,0.7721,0.0004,0.3309,-0.0992,-0.0455,3.0,3.0,3.0,2.0,36836600.0,31181200.0,42733600.0,50853200.0,0.6669,0.9978,0.3337,0.0483,0.5003,0.6658,0.3514,0.0288,0.014375857190035188,34506310.0
2026-03-27,TSLA,0,62065700,0.0281045850908725,0.2668,0.3477,0.3855,66,-0.0809,0.4342,0.6145,0.0061,0.0103,0.3326,-0.4932,37.0,3.0,3.0,2.0,55522900.0,55157300.0,74606000.0,67078300.0,0.6343,0.6823,0.9993,0.494,0.5048,0.5076,0.6664,0.0008,0.01766566549247631,59483525.0
2026-03-27,UNH,0,10735300,0.043738363390771,0.3507,0.2188,0.4306,10,0.1319,0.6158,0.5694,0.1154,0.2123,0.336,0.4083,10.0,10.0,7.0,5.0,6218800.0,8121200.0,5911700.0,38893000.0,0.5851,0.6873,0.8159,0.4094,0.5986,0.6544,0.7059,0.9986,0.016313394788864902,8687040.0
2026-03-30,AAPL,0,39446200,0.0214340002933748,0.3935,0.2524,0.3541,44,0.1411,0.6092,0.6459,0.1464,0.1505,0.6655,0.0,41.0,55.0,3.0,1.0,47900000.0,41796700.0,28476700.0,40546100.0,0.5571,0.5535,0.666,0.0,0.6314,0.636,0.9997,0.6036,0.011739803136207979,42424690.0
2026-03-30,AMZN,0,46373800,0.0189597349872121,0.3612,0.3086,0.3302,58,0.0526,0.5392,0.6698,-0.0965,0.4957,-0.0006,0.5,61.0,4.0,1.0,2.0,56009800.0,46746000.0,36388800.0,44277400.0,0.6321,0.4998,0.0059,0.5,0.4237,0.9958,0.4529,1.0,0.015317774113175649,45468255.0
2026-03-30,BRK-B,1,4590900,0.0149571017559085,0.5001,0.1665,0.3334,6,0.3336,0.7502,0.6666,-0.0044,0.5,-0.0552,0.3831,7.0,2.0,2.0,5.0,5382300.0,3774600.0,3434400.0,7786400.0,0.2903,0.5,0.4977,0.4141,0.4925,1.0,0.4446,0.9626,0.009793526232539207,5313250.0
2026-03-30,GOOGL,0,35141200,0.018016101383448,0.4087,0.25,0.3413,61,0.1588,0.6205,0.6587,0.1986,0.0985,0.6658,-0.0,44.0,2.0,3.0,1.0,35890600.0,39080600.0,29460700.0,29326900.0,0.7952,0.8861,0.6659,0.0,0.6249,0.5556,0.9999,0.0398,0.01637654237664615,31697395.0
2026-03-30,JPM,0,11734400,0.017278968871512,0.307,0.3353,0.3577,41,-0.0283,0.478,0.6423,0.3159,0.062,0.2023,0.1986,32.0,25.0,24.0,31.0,9873300.0,8669200.0,12188200.0,11470800.0,0.5957,0.4909,0.6229,0.6023,0.7652,0.5631,0.6624,0.6649,0.012023092720922016,11401125.0
2026-03-30,META,0,22795200,0.0205265104317795,0.444,0.2328,0.3232,75,0.2112,0.656,0.6768,-0.2792,-0.7468,0.727,0.0354,39.0,8.0,4.0,2.0,30133000.0,35780100.0,12585000.0,13638000.0,0.6883,0.7469,0.7291,0.9643,0.2972,0.0,0.9986,0.5184,0.01866978445395762,14716110.0
2026-03-30,MSFT,0,44797000,0.0250897671329136,0.4305,0.2498,0.3197,71,0.1808,0.6328,0.6803,-0.0228,0.0004,0.3309,0.3217,35.0,3.0,3.0,3.0,37883400.0,36836600.0,31181200.0,29680100.0,0.7721,0.6669,0.9978,0.7572,0.4852,0.5003,0.6658,0.7124,0.013248826323284441,34219205.0
2026-03-30,TSLA,0,67954400,0.0414092672144138,0.3305,0.3272,0.3423,55,0.0033,0.5025,0.6577,-0.0809,0.0061,0.0103,0.4371,66.0,37.0,3.0,2.0,62065700.0,55522900.0,55157300.0,78628600.0,0.6145,0.6343,0.6823,0.4372,0.4342,0.5048,0.5076,0.9999,0.01800775512286539,59691200.0
2026-03-30,UNH,1,7774700,0.0217540675834531,0.0087,0.0002,0.9911,2,0.0085,0.9745,0.0089,0.1319,0.1154,0.2123,0.1314,10.0,10.0,10.0,8.0,10735300.0,6218800.0,8121200.0,10424200.0,0.5694,0.5851,0.6873,0.8728,0.6158,0.5986,0.6544,0.5753,0.015962016456697557,8737640.0
2026-03-31,AAPL,1,49598100,0.0338025472963365,0.3534,0.2413,0.4053,88,0.1121,0.5943,0.5947,0.1411,0.1464,0.1505,-0.3683,44.0,41.0,55.0,3.0,39446200.0,47900000.0,41796700.0,45152300.0,0.6459,0.5571,0.5535,0.3695,0.6092,0.6314,0.636,0.0017,0.010047912670218383,40778675.0
2026-03-31,AMZN,1,58470100,0.0299731472136044,0.4308,0.1412,0.428,98,0.2896,0.7532,0.572,0.0526,-0.0965,0.4957,0.0531,58.0,61.0,4.0,4.0,46373800.0,56009800.0,46746000.0,35351400.0,0.6698,0.6321,0.4998,0.1451,0.5392,0.4237,0.9958,0.6831,0.014841440318110915,45730085.0
2026-03-31,BRK-B,1,4725300,0.01054880605676,0.0726,0.2428,0.6846,14,-0.1702,0.2302,0.3154,0.3336,-0.0044,0.5,0.2608,6.0,7.0,2.0,10.0,4590900.0,5382300.0,3774600.0,4958000.0,0.6666,0.2903,0.5,0.4618,0.7502,0.4925,1.0,0.7824,0.009985769945830895,5224550.0
2026-03-31,GOOGL,1,43875400,0.0395266504697989,0.4074,0.2982,0.2944,105,0.1092,0.5774,0.7056,0.1588,0.1986,0.0985,0.0027,61.0,44.0,2.0,3.0,35141200.0,35890600.0,39080600.0,36864300.0,0.6587,0.7952,0.8861,0.0226,0.6205,0.6249,0.5556,0.56,0.016554275458317117,32173675.0
2026-03-31,JPM,1,12956900,0.0350816205302574,0.4273,0.1218,0.451,51,0.3055,0.7782,0.549,-0.0283,0.3159,0.062,-0.0342,41.0,32.0,25.0,31.0,11734400.0,9873300.0,8669200.0,11092300.0,0.6423,0.5957,0.4909,0.6189,0.478,0.7652,0.5631,0.4724,0.012057117124413059,11056805.0
2026-03-31,META,1,32898300,0.0489472051095609,0.4331,0.234,0.3329,89,0.1991,0.6492,0.6671,0.2112,-0.2792,-0.7468,0.4158,75.0,39.0,8.0,4.0,22795200.0,30133000.0,35780100.0,10739700.0,0.6768,0.6883,0.7469,0.6684,0.656,0.2972,0.0,0.811,0.018211098614418317,15123410.0
2026-03-31,MSFT,1,45244400,0.0269647151321486,0.4298,0.2044,0.3658,113,0.2254,0.6777,0.6342,0.1808,-0.0228,0.0004,-0.0992,71.0,35.0,3.0,3.0,44797000.0,37883400.0,36836600.0,42733600.0,0.6803,0.7721,0.6669,0.3337,0.6328,0.4852,0.5003,0.3514,0.013263848350982333,34738760.0
2026-03-31,TSLA,1,75534900,0.0341069022687903,0.3635,0.2302,0.4063,57,0.1333,0.6122,0.5937,0.0033,-0.0809,0.0061,0.3326,55.0,66.0,37.0,3.0,67954400.0,62065700.0,55522900.0,74606000.0,0.6577,0.6145,0.6343,0.9993,0.5025,0.4342,0.5048,0.6664,0.018622107988192586,59604920.0
2026-03-31,UNH,1,9170800,0.0352472225522813,0.1087,0.03,0.8613,4,0.0787,0.7838,0.1387,0.0085,0.1319,0.1154,0.336,2.0,10.0,10.0,7.0,7774700.0,10735300.0,6218800.0,5911700.0,0.0089,0.5694,0.5851,0.8159,0.9745,0.6158,0.5986,0.7059,0.014816066420740034,8719305.0
2026-04-01,AAPL,1,40059400,0.0112169034327292,0.0001,0.0002,0.9997,1,-0.0,0.4772,0.0003,0.1121,0.1411,0.1464,0.6655,88.0,44.0,41.0,3.0,49598100.0,39446200.0,47900000.0,28476700.0,0.5947,0.6459,0.5571,0.666,0.5943,0.6092,0.6314,0.9997,0.011405279708450804,41167185.0
2026-04-01,AMZN,1,45955400,0.0256129981330388,0.0993,0.0002,0.9005,4,0.0991,0.9983,0.0995,0.2896,0.0526,-0.0965,-0.0006,98.0,58.0,61.0,1.0,58470100.0,46373800.0,56009800.0,36388800.0,0.572,0.6698,0.6321,0.0059,0.7532,0.5392,0.4237,0.4529,0.01541136310952956,46586270.0
2026-04-01,BRK-B,0,3600800,0.0080379264587421,0.0001,0.0016,0.9983,4,-0.0015,0.0529,0.0017,-0.1702,0.3336,-0.0044,-0.0552,14.0,6.0,7.0,2.0,4725300.0,4590900.0,5382300.0,3434400.0,0.3154,0.6666,0.2903,0.4977,0.2302,0.7502,0.4925,0.4446,0.007400688645150589,4874550.0
2026-04-01,GOOGL,1,37684500,0.0347613308996775,0.0014,0.0003,0.9983,1,0.0011,0.8263,0.0017,0.1092,0.1588,0.1986,0.6658,105.0,61.0,44.0,3.0,43875400.0,35141200.0,35890600.0,29460700.0,0.7056,0.6587,0.7952,0.6659,0.5774,0.6205,0.6249,0.9999,0.018263855235550384,32869265.0
2026-04-01,JPM,0,11267200,0.0196689030450424,0.5962,0.0497,0.3541,4,0.5466,0.9231,0.6459,0.3055,-0.0283,0.3159,0.2023,51.0,41.0,32.0,24.0,12956900.0,11734400.0,9873300.0,12188200.0,0.549,0.6423,0.5957,0.6229,0.7782,0.478,0.7652,0.6624,0.012668528460508966,11279205.0
2026-04-01,MSFT,0,29417200,0.0155023646650084,0.0839,0.0003,0.9159,3,0.0836,0.997,0.0841,0.2254,0.1808,-0.0228,0.3309,113.0,71.0,35.0,3.0,45244400.0,44797000.0,37883400.0,31181200.0,0.6342,0.6803,0.7721,0.9978,0.6777,0.6328,0.4852,0.6658,0.01378044542137091,34432620.0
2026-04-01,TSLA,1,58683800,0.0239284471894296,0.369,0.0211,0.61,2,0.3479,0.946,0.39,0.1333,0.0033,-0.0809,0.0103,57.0,55.0,66.0,3.0,75534900.0,67954400.0,62065700.0,55157300.0,0.5937,0.6577,0.6145,0.6823,0.6122,0.5025,0.4342,0.5076,0.018926000632750396,60452690.0
2026-04-01,UNH,0,5473400,0.0165565740447774,0.5,0.0,0.5,2,0.5,1.0,0.5,0.0787,0.0085,0.1319,0.2123,4.0,2.0,10.0,10.0,9170800.0,7774700.0,10735300.0,8121200.0,0.1387,0.0089,0.5694,0.6873,0.7838,0.9745,0.6158,0.6544,0.016610010780185293,8825290.0
2026-04-02,BRK-B,0,2972800,0.0085597008814981,0.2514,0.0001,0.7486,4,0.2513,0.9998,0.2514,-0.0015,-0.1702,0.3336,0.5,4.0,14.0,6.0,2.0,3600800.0,4725300.0,4590900.0,3774600.0,0.0017,0.3154,0.6666,0.5,0.0529,0.2302,0.7502,1.0,0.007087094283330413,4737155.0
2026-04-02,UNH,1,6407000,0.0275809230230569,0.5,0.0,0.5,2,0.5,1.0,0.5,0.5,0.0787,0.0085,0.1154,2.0,4.0,2.0,10.0,5473400.0,9170800.0,7774700.0,6218800.0,0.5,0.1387,0.0089,0.5851,1.0,0.7838,0.9745,0.5986,0.016309480650714706,8709160.0
2026-04-06,BRK-B,1,3663500,0.0087247064384929,0.0638,0.4551,0.481,3,-0.3913,0.123,0.519,0.2513,-0.0015,-0.1702,-0.0044,4.0,4.0,14.0,7.0,2972800.0,3600800.0,4725300.0,5382300.0,0.2514,0.0017,0.3154,0.2903,0.9998,0.0529,0.2302,0.4925,0.006266910184507952,4667340.0
2026-04-06,JPM,1,7142600,0.0123443324334213,0.0018,0.9943,0.0039,1,-0.9924,0.0019,0.9961,0.5466,0.3055,-0.0283,0.062,4.0,51.0,41.0,25.0,11267200.0,12956900.0,11734400.0,8669200.0,0.6459,0.549,0.6423,0.4909,0.9231,0.7782,0.478,0.5631,0.011054103334313461,11328655.0
2026-04-06,MSFT,0,16146600,0.0113256341453051,0.0027,0.2272,0.7701,1,-0.2245,0.0118,0.2299,0.0836,0.2254,0.1808,0.0004,3.0,113.0,71.0,3.0,29417200.0,45244400.0,44797000.0,36836600.0,0.0841,0.6342,0.6803,0.6669,0.997,0.6777,0.6328,0.5003,0.013338403633170504,34129735.0
2026-04-06,TSLA,0,77697600,0.0581372536064717,0.0006,0.9643,0.0351,1,-0.9636,0.0007,0.9649,0.3479,0.1333,0.0033,0.0061,2.0,57.0,55.0,37.0,58683800.0,75534900.0,67954400.0,55522900.0,0.39,0.5937,0.6577,0.6343,0.946,0.6122,0.5025,0.5048,0.0187068917039531,60646395.0
2026-04-06,UNH,1,7097000,0.0217719435967339,0.5,0.4999,0.0001,2,0.0,0.5,0.9999,0.5,0.5,0.0787,0.1319,2.0,2.0,4.0,10.0,6407000.0,5473400.0,9170800.0,10735300.0,0.5,0.5,0.1387,0.5694,1.0,1.0,0.7838,0.6158,0.01705697266226061,8759615.0
2026-04-07,BRK-B,1,3206500,0.0114145020565412,0.3399,0.0109,0.6492,3,0.329,0.969,0.3508,-0.3913,0.2513,-0.0015,0.3336,3.0,4.0,4.0,6.0,3663500.0,2972800.0,3600800.0,4590900.0,0.519,0.2514,0.0017,0.6666,0.123,0.9998,0.0529,0.7502,0.005274131025244986,4402345.0
2026-04-07,JPM,1,7849100,0.0186940717572187,0.5,0.4986,0.0014,2,0.0014,0.5007,0.9986,-0.9924,0.5466,0.3055,0.3159,1.0,4.0,51.0,32.0,7142600.0,11267200.0,12956900.0,9873300.0,0.9961,0.6459,0.549,0.5957,0.0019,0.9231,0.7782,0.7652,0.011104839600696706,11283000.0
2026-04-07,UNH,0,22099800,0.0378176864010373,0.361,0.3315,0.3075,3,0.0295,0.5213,0.6925,0.0,0.5,0.5,0.0085,2.0,2.0,2.0,2.0,7097000.0,6407000.0,5473400.0,7774700.0,0.9999,0.5,0.5,0.0089,0.5,1.0,1.0,0.9745,0.017405062654808286,8773620.0
2026-04-08,BRK-B,0,4655100,0.0125478187580748,1.0,0.0,0.0,1,1.0,1.0,1.0,0.329,-0.3913,0.2513,-0.1702,3.0,3.0,4.0,14.0,3206500.0,3663500.0,2972800.0,4725300.0,0.3508,0.519,0.2514,0.3154,0.969,0.123,0.9998,0.2302,0.005489920328024659,4284450.0
2026-04-08,JPM,0,10590200,0.0192551974862956,0.9992,0.0,0.0008,1,0.9992,1.0,0.9992,0.0014,-0.9924,0.5466,-0.0283,2.0,1.0,4.0,41.0,7849100.0,7142600.0,11267200.0,11734400.0,0.9986,0.9961,0.6459,0.6423,0.5007,0.0019,0.9231,0.478,0.010986294023795888,11038830.0
2026-04-08,UNH,0,9645000,0.0260897905398636,1.0,0.0,0.0,1,1.0,1.0,1.0,0.0295,0.0,0.5,0.0787,3.0,2.0,2.0,4.0,22099800.0,7097000.0,6407000.0,9170800.0,0.6925,0.9999,0.5,0.1387,0.5213,0.5,1.0,0.7838,0.017116254277619848,9361170.0
2026-04-09,AAPL,1,28121600,0.0194980223666748,0.0042,0.0008,0.995,1,0.0035,0.8448,0.005,-0.0,0.1121,0.1411,0.1505,1.0,88.0,44.0,55.0,40059400.0,49598100.0,39446200.0,41796700.0,0.0003,0.5947,0.6459,0.5535,0.4772,0.5943,0.6092,0.636,0.011529901193667955,41241710.0
2026-04-09,BRK-B,1,3518500,0.0222914699663083,0.4884,0.0002,0.5114,4,0.4882,0.9996,0.4886,1.0,0.329,-0.3913,-0.0015,1.0,3.0,3.0,4.0,4655100.0,3206500.0,3663500.0,3600800.0,1.0,0.3508,0.519,0.0017,1.0,0.969,0.123,0.0529,0.0054714317415122515,4225525.0
2026-04-09,JPM,1,6586600,0.0167780557395414,0.7225,0.0018,0.2757,5,0.7207,0.9976,0.7243,0.9992,0.0014,-0.9924,0.3055,1.0,2.0,1.0,51.0,10590200.0,7849100.0,7142600.0,12956900.0,0.9992,0.9986,0.9961,0.549,1.0,0.5007,0.0019,0.7782,0.010755703029066074,10893515.0
2026-04-09,UNH,1,5742000,0.0122621146759191,0.0,0.0001,0.9999,2,-0.0,0.3452,0.0001,1.0,0.0295,0.0,0.5,1.0,3.0,2.0,2.0,9645000.0,22099800.0,7097000.0,5473400.0,1.0,0.6925,0.9999,0.5,1.0,0.5213,0.5,1.0,0.017199458383989556,9539640.0
2026-04-10,AAPL,1,31291500,0.0121932967681161,0.0,0.0001,0.9999,1,-0.0001,0.0474,0.0001,0.0035,-0.0,0.1121,0.1464,1.0,1.0,88.0,41.0,28121600.0,40059400.0,49598100.0,47900000.0,0.005,0.0003,0.5947,0.5571,0.8448,0.4772,0.5943,0.6314,0.011540436243413256,40657635.0
2026-04-10,BRK-B,0,3758900,0.0122721624285238,0.5,0.0,0.5,2,0.5,1.0,0.5,0.4882,1.0,0.329,0.2513,4.0,1.0,3.0,4.0,3518500.0,4655100.0,3206500.0,2972800.0,0.4886,1.0,0.3508,0.2514,0.9996,1.0,0.969,0.9998,0.0066511089154686195,4221515.0
2026-04-10,GOOGL,0,19152600,0.0172176096406636,0.5214,0.0039,0.4748,5,0.5175,0.9927,0.5252,0.0011,0.1092,0.1588,0.0985,1.0,105.0,61.0,2.0,37684500.0,43875400.0,35141200.0,39080600.0,0.0017,0.7056,0.6587,0.8861,0.8263,0.5774,0.6205,0.5556,0.01832439130693571,32931930.0
2026-04-10,JPM,0,6069700,0.0117096931703629,0.5,0.0,0.5,2,0.5,1.0,0.5,0.7207,0.9992,0.0014,0.5466,5.0,1.0,2.0,4.0,6586600.0,10590200.0,7849100.0,11267200.0,0.7243,0.9992,0.9986,0.6459,0.9976,1.0,0.5007,0.9231,0.010478872240758956,10610790.0
2026-04-10,META,0,13294800,0.022459691802605,0.7289,0.2652,0.0059,1,0.4637,0.7332,0.9941,0.1991,0.2112,-0.2792,0.727,89.0,75.0,39.0,4.0,32898300.0,22795200.0,30133000.0,12585000.0,0.6671,0.6768,0.6883,0.7291,0.6492,0.656,0.2972,0.9986,0.020534087773582035,16266540.0
2026-04-13,BRK-B,1,3612400,0.0077469022809802,0.2005,0.0023,0.7972,4,0.1982,0.9885,0.2028,0.5,0.4882,1.0,-0.3913,2.0,4.0,1.0,3.0,3758900.0,3518500.0,4655100.0,3663500.0,0.5,0.4886,1.0,0.519,1.0,0.9996,1.0,0.123,0.006805470924974904,4217175.0
2026-04-13,GOOGL,1,18866400,0.0194236090609315,0.9944,0.0003,0.0053,1,0.9941,0.9997,0.9947,0.5175,0.0011,0.1092,0.1986,5.0,1.0,105.0,44.0,19152600.0,37684500.0,43875400.0,35890600.0,0.5252,0.0017,0.7056,0.7952,0.9927,0.8263,0.5774,0.6249,0.01776040182664695,31657530.0
2026-04-13,JPM,1,8318200,0.0269294524552768,0.6838,0.0872,0.2291,5,0.5966,0.8869,0.7709,0.5,0.7207,0.9992,-0.9924,2.0,5.0,1.0,1.0,6069700.0,6586600.0,10590200.0,7142600.0,0.5,0.7243,0.9992,0.9961,1.0,0.9976,1.0,0.0019,0.010464714810800755,10497030.0
2026-04-13,UNH,1,7972200,0.0342951158993713,0.3283,0.0015,0.6702,3,0.3268,0.9956,0.3298,-0.0,1.0,0.0295,0.5,2.0,1.0,3.0,2.0,5742000.0,9645000.0,22099800.0,6407000.0,0.0001,1.0,0.6925,0.5,0.3452,1.0,0.5213,1.0,0.016995256964431195,9482800.0
2026-04-14,AAPL,0,48370700,0.0182834724566053,0.5,0.0001,0.4998,2,0.4999,0.9998,0.5002,-0.0001,0.0035,-0.0,0.1411,1.0,1.0,1.0,44.0,31291500.0,28121600.0,40059400.0,39446200.0,0.0001,0.005,0.0003,0.6459,0.0474,0.8448,0.4772,0.6092,0.011555786778753761,39739280.0
2026-04-14,BRK-B,0,4864000,0.0093578505183745,0.0,0.0,1.0,3,-0.0,0.0135,0.0,0.1982,0.5,0.4882,0.329,4.0,2.0,4.0,3.0,3612400.0,3758900.0,3518500.0,3206500.0,0.2028,0.5,0.4886,0.3508,0.9885,1.0,0.9996,0.969,0.006881227753778793,4189250.0
2026-04-14,GOOGL,1,27721400,0.0293728510543216,0.6018,0.0003,0.3979,5,0.6014,0.9995,0.6021,0.9941,0.5175,0.0011,0.1588,1.0,5.0,1.0,61.0,18866400.0,19152600.0,37684500.0,35141200.0,0.9947,0.5252,0.0017,0.6587,0.9997,0.9927,0.8263,0.6205,0.017830649935420644,30861340.0
2026-04-14,JPM,1,11455500,0.0175908981931175,0.429,0.1396,0.4314,7,0.2893,0.7544,0.5686,0.5966,0.5,0.7207,0.0014,5.0,2.0,5.0,2.0,8318200.0,6069700.0,6586600.0,7849100.0,0.7709,0.5,0.7243,0.9986,0.8869,1.0,0.9976,0.5007,0.011245671651622711,10402690.0
2026-04-14,TSLA,1,59979600,0.0359549735408247,0.1301,0.8612,0.0087,1,-0.7311,0.1312,0.9913,-0.9636,0.3479,0.1333,-0.0809,1.0,2.0,57.0,66.0,77697600.0,58683800.0,75534900.0,62065700.0,0.9649,0.39,0.5937,0.6145,0.0007,0.946,0.6122,0.4342,0.01928977236307239,61851150.0
2026-04-14,UNH,1,5864500,0.0227512243748442,1.0,0.0,0.0,2,1.0,1.0,1.0,0.3268,-0.0,1.0,0.0,3.0,2.0,1.0,2.0,7972200.0,5742000.0,9645000.0,7097000.0,0.3298,0.0001,1.0,0.9999,0.9956,0.3452,1.0,0.5,0.017780364686461044,9355795.0
2026-04-15,AAPL,1,49913500,0.0338937088467519,0.4584,0.2008,0.3409,5,0.2576,0.6954,0.6591,0.4999,-0.0001,0.0035,0.1121,2.0,1.0,1.0,88.0,48370700.0,31291500.0,28121600.0,49598100.0,0.5002,0.0001,0.005,0.5947,0.9998,0.0474,0.8448,0.5943,0.011524445116154558,40101815.0
2026-04-15,BRK-B,0,6993900,0.010523009998529,0.0079,0.0016,0.9905,2,0.0063,0.834,0.0095,-0.0,0.1982,0.5,1.0,3.0,4.0,2.0,1.0,4864000.0,3612400.0,3758900.0,4655100.0,0.0,0.2028,0.5,1.0,0.0135,0.9885,1.0,1.0,0.006821617577847782,4254165.0
2026-04-15,JPM,0,9885800,0.0317884379063784,0.3334,0.0001,0.6665,3,0.3333,0.9997,0.3335,0.2893,0.5966,0.5,0.9992,7.0,5.0,2.0,1.0,11455500.0,8318200.0,6069700.0,10590200.0,0.5686,0.7709,0.5,0.9992,0.7544,0.8869,1.0,1.0,0.011248531272826094,10287440.0
2026-04-15,UNH,0,5041200,0.0209177717377868,1.0,0.0,0.0,1,1.0,1.0,1.0,1.0,0.3268,-0.0,0.0295,2.0,3.0,2.0,3.0,5864500.0,7972200.0,5742000.0,22099800.0,1.0,0.3298,0.0001,0.6925,1.0,0.9956,0.3452,0.5213,0.01749330679185735,9412140.0
2026-04-16,AAPL,0,43323100,0.0220765176833817,0.0354,0.0926,0.872,3,-0.0572,0.2766,0.128,0.2576,0.4999,-0.0001,-0.0,5.0,2.0,1.0,1.0,49913500.0,48370700.0,31291500.0,40059400.0,0.6591,0.5002,0.0001,0.0003,0.6954,0.9998,0.0474,0.4772,0.013156288367376166,40686565.0
2026-04-16,BRK-B,1,4534000,0.0258427920423555,0.3333,0.0,0.6667,3,0.3333,1.0,0.3333,0.0063,-0.0,0.1982,0.4882,2.0,3.0,4.0,4.0,6993900.0,4864000.0,3612400.0,3518500.0,0.0095,0.0,0.2028,0.4886,0.834,0.0135,0.9885,0.9996,0.006973944268481484,4416260.0
2026-04-16,GOOGL,0,20541500,0.0158229250749541,0.6596,0.0009,0.3395,3,0.6587,0.9986,0.6605,0.6014,0.9941,0.5175,0.1092,5.0,1.0,5.0,105.0,27721400.0,18866400.0,19152600.0,43875400.0,0.6021,0.9947,0.5252,0.7056,0.9995,0.9997,0.9927,0.5774,0.01828780037516987,30472560.0
2026-04-16,JPM,1,8208600,0.015555919125771,0.0016,0.39,0.6084,2,-0.3884,0.0041,0.3916,0.3333,0.2893,0.5966,0.7207,3.0,7.0,5.0,5.0,9885800.0,11455500.0,8318200.0,6586600.0,0.3335,0.5686,0.7709,0.7243,0.9997,0.7544,0.8869,0.9976,0.012787161082629896,10327170.0
2026-04-16,TSLA,0,63515100,0.0311317890394613,0.9969,0.0,0.0031,3,0.9969,1.0,0.9969,-0.7311,-0.9636,0.3479,0.0033,1.0,1.0,2.0,55.0,59979600.0,77697600.0,58683800.0,67954400.0,0.9913,0.9649,0.39,0.6577,0.1312,0.0007,0.946,0.5025,0.019942123687800743,62005625.0
2026-04-16,UNH,1,5205600,0.0174603174603178,0.2644,0.0287,0.7068,3,0.2357,0.902,0.2932,1.0,1.0,0.3268,1.0,1.0,2.0,3.0,1.0,5041200.0,5864500.0,7972200.0,9645000.0,1.0,1.0,0.3298,1.0,1.0,1.0,0.9956,1.0,0.017468951342243386,9421500.0
2026-04-17,AAPL,1,61436200,0.020901958161789,0.0236,0.0056,0.9709,2,0.018,0.8093,0.0291,-0.0572,0.2576,0.4999,0.0035,3.0,5.0,2.0,1.0,43323100.0,49913500.0,48370700.0,28121600.0,0.128,0.6591,0.5002,0.005,0.2766,0.6954,0.9998,0.8448,0.01312846572860877,41323180.0
2026-04-17,BRK-B,0,6492900,0.0116511570352746,0.0,0.0176,0.9824,2,-0.0176,0.0001,0.0176,0.3333,0.0063,-0.0,0.5,3.0,2.0,3.0,2.0,4534000.0,6993900.0,4864000.0,3758900.0,0.3333,0.0095,0.0,0.5,1.0,0.834,0.0135,1.0,0.007010467004120523,4421715.0
2026-04-17,GOOGL,1,25581900,0.018006862726933,0.9997,0.0,0.0003,1,0.9997,1.0,0.9997,0.6587,0.6014,0.9941,0.0011,3.0,5.0,1.0,1.0,20541500.0,27721400.0,18866400.0,37684500.0,0.6605,0.6021,0.9947,0.0017,0.9986,0.9995,0.9997,0.8263,0.018428677631390278,30022825.0
2026-04-17,MSFT,0,48568200,0.0256343485313962,0.6923,0.0006,0.3071,3,0.6917,0.9991,0.6929,-0.2245,0.0836,0.2254,-0.0228,1.0,3.0,113.0,35.0,16146600.0,29417200.0,45244400.0,37883400.0,0.2299,0.0841,0.6342,0.7721,0.0118,0.997,0.6777,0.4852,0.011218374318028712,33027105.0
2026-04-17,TSLA,1,90640000,0.0445292086403468,0.3336,0.0024,0.664,3,0.3311,0.9928,0.336,0.9969,-0.7311,-0.9636,0.1333,3.0,1.0,1.0,57.0,63515100.0,59979600.0,77697600.0,75534900.0,0.9969,0.9913,0.9649,0.5937,1.0,0.1312,0.0007,0.6122,0.01811376216089399,62426965.0
2026-04-17,UNH,1,9414700,0.0254022017663484,0.8245,0.0082,0.1672,6,0.8163,0.9901,0.8328,0.2357,1.0,1.0,-0.0,3.0,1.0,2.0,2.0,5205600.0,5041200.0,5864500.0,5742000.0,0.2932,1.0,1.0,0.0001,0.902,1.0,1.0,0.3452,0.017518011105830355,9394180.0
2026-04-20,AAPL,1,36590200,0.0147597027061902,0.167,0.0258,0.8072,6,0.1411,0.866,0.1928,0.018,-0.0572,0.2576,-0.0001,2.0,3.0,5.0,1.0,61436200.0,43323100.0,49913500.0,31291500.0,0.0291,0.128,0.6591,0.0001,0.8093,0.2766,0.6954,0.0474,0.01346384380564043,43084045.0
2026-04-20,AMZN,0,39463100,0.0193025302438638,0.3567,0.0001,0.6432,6,0.3567,0.9999,0.3568,0.0991,0.2896,0.0526,0.4957,4.0,98.0,58.0,4.0,45955400.0,58470100.0,46373800.0,46746000.0,0.0995,0.572,0.6698,0.4998,0.9983,0.7532,0.5392,0.9958,0.015145202786149312,46496200.0
2026-04-20,BRK-B,0,5147000,0.0098444567217541,0.1672,0.0233,0.8095,6,0.1439,0.8775,0.1905,-0.0176,0.3333,0.0063,0.1982,2.0,3.0,2.0,4.0,6492900.0,4534000.0,6993900.0,3612400.0,0.0176,0.3333,0.0095,0.2028,0.0001,1.0,0.834,0.9885,0.006427074595452959,4528540.0
2026-04-20,GOOGL,0,18784200,0.0140568388532928,0.2548,0.0548,0.6904,4,0.1999,0.8229,0.3096,0.9997,0.6587,0.6014,0.5175,1.0,3.0,5.0,5.0,25581900.0,20541500.0,27721400.0,19152600.0,0.9997,0.6605,0.6021,0.5252,1.0,0.9986,0.9995,0.9927,0.018441215170159276,29514305.0
2026-04-20,JPM,1,10772000,0.0217468542155146,0.6044,0.1237,0.2719,8,0.4807,0.8301,0.7281,-0.3884,0.3333,0.2893,0.5,2.0,3.0,7.0,2.0,8208600.0,9885800.0,11455500.0,6069700.0,0.3916,0.3335,0.5686,0.5,0.0041,0.9997,0.7544,1.0,0.013152491539916916,10330150.0
2026-04-20,META,0,12534000,0.0225725097062705,0.0025,0.0002,0.9973,1,0.0023,0.919,0.0027,0.4637,0.1991,0.2112,-0.7468,1.0,89.0,75.0,8.0,13294800.0,32898300.0,22795200.0,35780100.0,0.9941,0.6671,0.6768,0.7469,0.7332,0.6492,0.656,0.0,0.019527911856663503,16222105.0
2026-04-20,MSFT,0,27582200,0.0166923872282538,0.3957,0.3236,0.2807,8,0.0721,0.5501,0.7193,0.6917,-0.2245,0.0836,0.1808,3.0,1.0,3.0,71.0,48568200.0,16146600.0,29417200.0,44797000.0,0.6929,0.2299,0.0841,0.6803,0.9991,0.0118,0.997,0.6328,0.01067890181401646,33665115.0
2026-04-20,TSLA,0,64603900,0.0458790844968834,0.1713,0.0039,0.8248,5,0.1673,0.9775,0.1752,0.3311,0.9969,-0.7311,0.3479,3.0,3.0,1.0,2.0,90640000.0,63515100.0,59979600.0,58683800.0,0.336,0.9969,0.9913,0.39,0.9928,1.0,0.1312,0.946,0.018208038806221828,64362670.0
2026-04-20,UNH,0,9050600,0.0162867415390182,0.3691,0.2663,0.3646,23,0.1028,0.5809,0.6354,0.8163,0.2357,1.0,0.3268,6.0,3.0,1.0,3.0,9414700.0,5205600.0,5041200.0,7972200.0,0.8328,0.2932,1.0,0.3298,0.9901,0.902,1.0,0.9956,0.017846247810546334,9637710.0
2026-04-21,AAPL,0,50209800,0.0272559627863143,0.0994,0.0212,0.8793,5,0.0782,0.8241,0.1207,0.1411,0.018,-0.0572,0.4999,6.0,2.0,3.0,2.0,36590200.0,61436200.0,43323100.0,48370700.0,0.1928,0.0291,0.128,0.5002,0.866,0.8093,0.2766,0.9998,0.013408168995780853,42873855.0
2026-04-21,AMZN,0,42922400,0.0234818704001263,0.2528,0.0002,0.7471,3,0.2526,0.9993,0.2529,0.3567,0.0991,0.2896,-0.0965,6.0,4.0,98.0,61.0,39463100.0,45955400.0,58470100.0,56009800.0,0.3568,0.0995,0.572,0.6321,0.9999,0.9983,0.7532,0.4237,0.014690982428976722,45598215.0
2026-04-21,BRK-B,0,5919000,0.012972456875532,0.4273,0.0036,0.569,7,0.4237,0.9916,0.431,0.1439,-0.0176,0.3333,-0.0,6.0,2.0,3.0,3.0,5147000.0,6492900.0,4534000.0,4864000.0,0.1905,0.0176,0.3333,0.0,0.8775,0.0001,1.0,0.0135,0.006422256059923346,4583610.0
2026-04-21,GOOGL,0,23123800,0.0236607248559612,0.0,0.0001,0.9999,1,-0.0001,0.0927,0.0001,0.1999,0.9997,0.6587,0.9941,4.0,1.0,3.0,1.0,18784200.0,25581900.0,20541500.0,18866400.0,0.3096,0.9997,0.6605,0.9947,0.8229,1.0,0.9986,0.9997,0.01859462153214739,29174670.0
2026-04-21,JPM,0,7084300,0.0235912641807883,0.5132,0.1625,0.3243,46,0.3508,0.7596,0.6757,0.4807,-0.3884,0.3333,0.5966,8.0,2.0,3.0,5.0,10772000.0,8208600.0,9885800.0,8318200.0,0.7281,0.3916,0.3335,0.7709,0.8301,0.0041,0.9997,0.8869,0.01354455626230983,10420690.0
2026-04-21,META,0,8660100,0.0132190687290425,0.5013,0.0001,0.4986,4,0.5012,0.9998,0.5014,0.0023,0.4637,0.1991,-0.2792,1.0,1.0,89.0,39.0,12534000.0,13294800.0,32898300.0,30133000.0,0.0027,0.9941,0.6671,0.6883,0.919,0.7332,0.6492,0.2972,0.019411584144904955,16342025.0
2026-04-21,MSFT,1,32048500,0.0237482883606199,0.7502,0.0268,0.223,4,0.7235,0.9655,0.777,0.0721,0.6917,-0.2245,0.2254,8.0,3.0,1.0,113.0,27582200.0,48568200.0,16146600.0,45244400.0,0.7193,0.6929,0.2299,0.6342,0.5501,0.9991,0.0118,0.6777,0.009462702678565936,33094160.0
2026-04-21,TSLA,0,50530600,0.0222137684130488,0.3411,0.2899,0.369,3,0.0512,0.5406,0.631,0.1673,0.3311,0.9969,-0.9636,5.0,3.0,3.0,1.0,64603900.0,90640000.0,63515100.0,77697600.0,0.1752,0.336,0.9969,0.9649,0.9775,0.9928,1.0,0.0007,0.018703148386403887,64390135.0
2026-04-21,UNH,0,26097300,0.0352680698706506,0.6075,0.0917,0.3008,115,0.5159,0.8689,0.6992,0.1028,0.8163,0.2357,1.0,23.0,6.0,3.0,2.0,9050600.0,9414700.0,5205600.0,5864500.0,0.6354,0.8328,0.2932,1.0,0.5809,0.9901,0.902,1.0,0.017621092886597946,9813135.0
2026-04-22,AAPL,1,43249200,0.0256515380827048,0.1526,0.3561,0.4913,5,-0.2035,0.3,0.5087,0.0782,0.1411,0.018,0.2576,5.0,6.0,2.0,5.0,50209800.0,36590200.0,61436200.0,49913500.0,0.1207,0.1928,0.0291,0.6591,0.8241,0.866,0.8093,0.6954,0.013296734391666972,43537845.0
2026-04-22,AMZN,1,36065100,0.0222231047222941,0.5079,0.0055,0.4865,2,0.5024,0.9893,0.5135,0.2526,0.3567,0.0991,0.0526,3.0,6.0,4.0,58.0,42922400.0,39463100.0,45955400.0,46373800.0,0.2529,0.3568,0.0995,0.6698,0.9993,0.9999,0.9983,0.5392,0.014460822673517459,45444285.0
2026-04-22,BRK-B,0,5720500,0.0135861351281899,0.2193,0.0753,0.7054,8,0.144,0.7444,0.2946,0.4237,0.1439,-0.0176,0.0063,7.0,6.0,2.0,2.0,5919000.0,5147000.0,6492900.0,6993900.0,0.431,0.1905,0.0176,0.0095,0.9916,0.8775,0.0001,0.834,0.006637291238320179,4490240.0
2026-04-22,GOOGL,1,20293000,0.0137973830872558,0.9181,0.0,0.0819,2,0.918,1.0,0.9181,-0.0001,0.1999,0.9997,0.6014,1.0,4.0,1.0,5.0,23123800.0,18784200.0,25581900.0,27721400.0,0.0001,0.3096,0.9997,0.6021,0.0927,0.8229,1.0,0.9995,0.016544656235493713,28865255.0
2026-04-22,JPM,0,5545900,0.0101953037727519,0.336,0.0151,0.6488,25,0.3209,0.9569,0.3512,0.3508,0.4807,-0.3884,0.2893,46.0,8.0,2.0,7.0,7084300.0,10772000.0,8208600.0,11455500.0,0.6757,0.7281,0.3916,0.5686,0.7596,0.8301,0.0041,0.7544,0.014087858307228437,10282570.0
2026-04-22,MSFT,1,29378200,0.0235341015083427,1.0,0.0,0.0,4,1.0,1.0,1.0,0.7235,0.0721,0.6917,0.0836,4.0,8.0,3.0,3.0,32048500.0,27582200.0,48568200.0,29417200.0,0.777,0.7193,0.6929,0.0841,0.9655,0.5501,0.9991,0.997,0.009295247703757194,33189990.0
2026-04-22,TSLA,0,62362800,0.0198932369041818,0.1246,0.3593,0.5161,4,-0.2347,0.2575,0.4839,0.0512,0.1673,0.3311,-0.7311,3.0,5.0,3.0,1.0,50530600.0,64603900.0,90640000.0,59979600.0,0.631,0.1752,0.336,0.9913,0.5406,0.9775,0.9928,0.1312,0.018836737153695205,63953730.0
2026-04-22,UNH,1,11807300,0.0269607595857097,0.7823,0.1039,0.1139,39,0.6784,0.8828,0.8861,0.5159,0.1028,0.8163,1.0,115.0,23.0,6.0,1.0,26097300.0,9050600.0,9414700.0,5041200.0,0.6992,0.6354,0.8328,1.0,0.8689,0.5809,0.9901,1.0,0.01798366051960565,9173350.0
2026-04-23,AAPL,0,33399600,0.0149790776223871,0.2594,0.2593,0.4813,4,0.0001,0.5,0.5187,-0.2035,0.0782,0.1411,-0.0572,5.0,5.0,6.0,3.0,43249200.0,50209800.0,36590200.0,43323100.0,0.5087,0.1207,0.1928,0.128,0.3,0.8241,0.866,0.2766,0.013977212999744568,44096595.0
2026-04-23,AMZN,0,39091400,0.0223971229663387,0.6381,0.3334,0.0285,3,0.3048,0.6569,0.9715,0.5024,0.2526,0.3567,0.2896,2.0,3.0,6.0,98.0,36065100.0,42922400.0,39463100.0,58470100.0,0.5135,0.2529,0.3568,0.572,0.9893,0.9993,0.9999,0.7532,0.012677896396066849,44510985.0
2026-04-23,BRK-B,1,4749100,0.0134556024230193,0.2001,0.0446,0.7553,5,0.1556,0.8179,0.2447,0.144,0.4237,0.1439,0.3333,8.0,7.0,6.0,3.0,5720500.0,5919000.0,5147000.0,4534000.0,0.2946,0.431,0.1905,0.3333,0.7444,0.9916,0.8775,1.0,0.0066419436020166535,4528365.0
2026-04-23,GOOGL,0,18650300,0.0169412008423059,0.0,0.0001,0.9999,1,-0.0001,0.08,0.0001,0.918,-0.0001,0.1999,0.6587,2.0,1.0,4.0,3.0,20293000.0,23123800.0,18784200.0,20541500.0,0.9181,0.0001,0.3096,0.6605,1.0,0.0927,0.8229,0.9986,0.016618258336508016,28717920.0
2026-04-23,JPM,0,6969700,0.0194564168145319,0.3345,0.2242,0.4413,18,0.1103,0.5987,0.5587,0.3209,0.3508,0.4807,0.3333,25.0,46.0,8.0,3.0,5545900.0,7084300.0,10772000.0,9885800.0,0.3512,0.6757,0.7281,0.3335,0.9569,0.7596,0.8301,0.9997,0.014103591456987093,9438040.0
2026-04-23,META,0,11667000,0.0248757111073774,0.3304,0.0788,0.5908,6,0.2516,0.8074,0.4092,0.5012,0.0023,0.4637,0.2112,4.0,1.0,1.0,75.0,8660100.0,12534000.0,13294800.0,22795200.0,0.5014,0.0027,0.9941,0.6768,0.9998,0.919,0.7332,0.656,0.018690096110379,16208495.0
2026-04-23,MSFT,0,38308000,0.0291743065389554,0.1729,0.1847,0.6424,6,-0.0117,0.4836,0.3576,1.0,0.7235,0.0721,-0.2245,4.0,4.0,8.0,1.0,29378200.0,32048500.0,27582200.0,16146600.0,1.0,0.777,0.7193,0.2299,1.0,0.9655,0.5501,0.0118,0.010522712525401167,33073580.0
2026-04-23,TSLA,0,93969500,0.0469249238138027,0.252,0.3831,0.3649,8,-0.1311,0.3968,0.6351,-0.2347,0.0512,0.1673,0.9969,4.0,3.0,5.0,3.0,62362800.0,50530600.0,64603900.0,63515100.0,0.4839,0.631,0.1752,0.9969,0.2575,0.5406,0.9775,1.0,0.018269355827310752,63943875.0
2026-04-23,UNH,0,7255800,0.0179034798540786,0.6102,0.0485,0.3413,21,0.5617,0.9264,0.6587,0.6784,0.5159,0.1028,0.2357,39.0,115.0,23.0,3.0,11807300.0,26097300.0,9050600.0,5205600.0,0.8861,0.6992,0.6354,0.2932,0.8828,0.8689,0.5809,0.902,0.016130460172234407,9242505.0
2026-04-24,AAPL,0,38157100,0.0125018460918792,0.5,0.0007,0.4993,2,0.4994,0.9987,0.5007,0.0001,-0.2035,0.0782,0.018,4.0,5.0,5.0,2.0,33399600.0,43249200.0,50209800.0,61436200.0,0.5187,0.5087,0.1207,0.0291,0.5,0.3,0.8241,0.8093,0.01404738409138941,44148495.0
2026-04-24,AMZN,1,53777400,0.026194312142528,0.4238,0.076,0.5003,6,0.3478,0.848,0.4997,0.3048,0.5024,0.2526,0.0991,3.0,2.0,3.0,4.0,39091400.0,36065100.0,42922400.0,45955400.0,0.9715,0.5135,0.2529,0.0995,0.6569,0.9893,0.9993,0.9983,0.012659748921589943,43907920.0
2026-04-24,BRK-B,1,3857000,0.0078925177119783,0.4001,0.0002,0.5997,5,0.3999,0.9995,0.4003,0.1556,0.144,0.4237,-0.0176,5.0,8.0,7.0,2.0,4749100.0,5720500.0,5919000.0,6492900.0,0.2447,0.2946,0.431,0.0176,0.8179,0.7444,0.9916,0.0001,0.006927381160614569,4594100.0
2026-04-24,GOOGL,1,26426100,0.0291676971180247,0.0002,0.0001,0.9997,1,0.0,0.5438,0.0003,-0.0001,0.918,-0.0001,0.9997,1.0,2.0,1.0,1.0,18650300.0,20293000.0,23123800.0,25581900.0,0.0001,0.9181,0.0001,0.9997,0.08,1.0,0.0927,1.0,0.016625427486821852,28474450.0
2026-04-24,JPM,0,5215300,0.0104771952820008,0.2921,0.2375,0.4704,35,0.0546,0.5516,0.5296,0.1103,0.3209,0.3508,-0.3884,18.0,25.0,46.0,2.0,6969700.0,5545900.0,7084300.0,8208600.0,0.5587,0.3512,0.6757,0.3916,0.5987,0.9569,0.7596,0.0041,0.013656994016014962,9212985.0
2026-04-24,META,1,13348300,0.0406317478754115,0.455,0.0007,0.5442,3,0.4543,0.9984,0.4558,0.2516,0.5012,0.0023,0.1991,6.0,4.0,1.0,89.0,11667000.0,8660100.0,12534000.0,32898300.0,0.4092,0.5014,0.0027,0.6671,0.8074,0.9998,0.919,0.6492,0.018304104084454417,16259960.0
2026-04-24,MSFT,1,27457400,0.0219440832368643,0.0241,0.0086,0.9673,1,0.0155,0.7373,0.0327,-0.0117,1.0,0.7235,0.6917,6.0,4.0,4.0,3.0,38308000.0,29378200.0,32048500.0,48568200.0,0.3576,1.0,0.777,0.6929,0.4836,1.0,0.9655,0.9991,0.01056487420969199,33625785.0
2026-04-24,TSLA,1,62893300,0.032208832073084,0.2499,0.4365,0.3136,4,-0.1867,0.364,0.6864,-0.1311,-0.2347,0.0512,0.3311,8.0,4.0,3.0,3.0,93969500.0,62362800.0,50530600.0,90640000.0,0.6351,0.4839,0.631,0.336,0.3968,0.2575,0.5406,0.9928,0.018060689678651397,65717145.0
2026-04-24,UNH,0,8554600,0.0193272863743792,0.4979,0.1123,0.3898,18,0.3856,0.816,0.6102,0.5617,0.6784,0.5159,0.8163,21.0,39.0,115.0,6.0,7255800.0,11807300.0,26097300.0,9414700.0,0.6587,0.8861,0.6992,0.8328,0.9264,0.8828,0.8689,0.9901,0.01593576842618929,9309710.0
2026-04-27,AAPL,1,41466800,0.0123641552580806,0.1449,0.068,0.7871,7,0.0768,0.6804,0.2129,0.4994,0.0001,-0.2035,0.1411,2.0,4.0,5.0,6.0,38157100.0,33399600.0,43249200.0,36590200.0,0.5007,0.5187,0.5087,0.1928,0.9987,0.5,0.3,0.866,0.013888405139483898,44268455.0
2026-04-27,AMZN,0,44906800,0.0144613895170621,0.4795,0.002,0.5185,4,0.4775,0.9959,0.4815,0.3478,0.3048,0.5024,0.3567,6.0,3.0,2.0,6.0,53777400.0,39091400.0,36065100.0,39463100.0,0.4997,0.9715,0.5135,0.3568,0.848,0.6569,0.9893,0.9999,0.012736280294748286,43864645.0
2026-04-27,BRK-B,1,4888000,0.0130906642321892,0.004,0.0002,0.9957,3,0.0038,0.9424,0.0043,0.3999,0.1556,0.144,0.1439,5.0,5.0,8.0,6.0,3857000.0,4749100.0,5720500.0,5147000.0,0.4003,0.2447,0.2946,0.1905,0.9995,0.8179,0.7444,0.8775,0.006937986027232979,4598220.0
2026-04-27,GOOGL,1,28576900,0.0302040041552171,0.4994,0.0001,0.5005,4,0.4993,0.9998,0.4995,0.0,-0.0001,0.918,0.1999,1.0,1.0,2.0,4.0,26426100.0,18650300.0,20293000.0,18784200.0,0.0003,0.0001,0.9181,0.3096,0.5438,0.08,1.0,0.8229,0.01708202858129635,28795265.0
2026-04-27,JPM,1,7925300,0.0185739754912667,0.1209,0.1667,0.7124,32,-0.0458,0.4203,0.2876,0.0546,0.1103,0.3209,0.4807,35.0,18.0,25.0,8.0,5215300.0,6969700.0,5545900.0,10772000.0,0.5296,0.5587,0.3512,0.7281,0.5516,0.5987,0.9569,0.8301,0.01313459652068477,8919135.0
2026-04-27,META,1,12805200,0.0173770091572746,0.056,0.1865,0.7575,2,-0.1305,0.2309,0.2425,0.4543,0.2516,0.5012,0.4637,3.0,6.0,4.0,1.0,13348300.0,11667000.0,8660100.0,13294800.0,0.4558,0.4092,0.5014,0.9941,0.9984,0.8074,0.9998,0.7332,0.019200806192102772,16142225.0
2026-04-27,MSFT,1,30867300,0.0237700125746466,0.0001,0.3479,0.652,3,-0.3478,0.0002,0.348,0.0155,-0.0117,1.0,0.0721,1.0,6.0,4.0,8.0,27457400.0,38308000.0,29378200.0,27582200.0,0.0327,0.3576,1.0,0.7193,0.7373,0.4836,1.0,0.5501,0.011654998798160716,33656255.0
2026-04-27,TSLA,1,66735800,0.0450428926619285,0.3688,0.1564,0.4748,76,0.2125,0.7023,0.5252,-0.1867,-0.1311,-0.2347,0.1673,4.0,8.0,4.0,5.0,62893300.0,93969500.0,62362800.0,64603900.0,0.6864,0.6351,0.4839,0.1752,0.364,0.3968,0.2575,0.9775,0.018320419073602878,65958395.0
2026-04-27,UNH,1,7256100,0.0213047892100343,0.7326,0.1201,0.1474,11,0.6125,0.8592,0.8526,0.3856,0.5617,0.6784,0.1028,18.0,21.0,39.0,23.0,8554600.0,7255800.0,11807300.0,9050600.0,0.6102,0.6587,0.8861,0.6354,0.816,0.9264,0.8828,0.5809,0.015466775867057364,9331380.0
2026-04-28,AAPL,0,40018900,0.0167805220888258,0.4724,0.1673,0.3603,61,0.3051,0.7385,0.6397,0.0768,0.4994,0.0001,0.0782,7.0,2.0,4.0,5.0,41466800.0,38157100.0,33399600.0,50209800.0,0.2129,0.5007,0.5187,0.1207,0.6804,0.9987,0.5,0.8241,0.01392079969288778,41925240.0
2026-04-28,AMZN,1,42204400,0.0170284981889526,0.3595,0.1145,0.526,9,0.245,0.7584,0.474,0.4775,0.3478,0.3048,0.2526,4.0,6.0,3.0,3.0,44906800.0,53777400.0,39091400.0,42922400.0,0.4815,0.4997,0.9715,0.2529,0.9959,0.848,0.6569,0.9993,0.012735211891730625,44326045.0
2026-04-28,BRK-B,1,4902400,0.0085991222812111,0.3257,0.0499,0.6244,7,0.2757,0.8671,0.3756,0.0038,0.3999,0.1556,0.4237,3.0,5.0,5.0,7.0,4888000.0,3857000.0,4749100.0,5919000.0,0.0043,0.4003,0.2447,0.431,0.9424,0.9995,0.8179,0.9916,0.006609897105958172,4573505.0
2026-04-28,GOOGL,1,27824100,0.0180749348190738,0.3334,0.3333,0.3333,3,0.0001,0.5,0.6667,0.4993,0.0,-0.0001,-0.0001,4.0,1.0,1.0,1.0,28576900.0,26426100.0,18650300.0,23123800.0,0.4995,0.0003,0.0001,0.0001,0.9998,0.5438,0.08,0.0927,0.017166176846445464,28970320.0
2026-04-28,JPM,0,7398600,0.0135786758043833,0.2349,0.3055,0.4597,30,-0.0706,0.4347,0.5403,-0.0458,0.0546,0.1103,0.3508,32.0,35.0,18.0,46.0,7925300.0,5215300.0,6969700.0,7084300.0,0.2876,0.5296,0.5587,0.6757,0.4203,0.5516,0.5987,0.7596,0.01350549637351542,8705990.0
2026-04-28,META,0,10606800,0.0186135322359123,0.4947,0.0,0.5052,4,0.4947,0.9999,0.4948,-0.1305,0.4543,0.2516,0.0023,2.0,3.0,6.0,1.0,12805200.0,13348300.0,11667000.0,12534000.0,0.2425,0.4558,0.4092,0.0027,0.2309,0.9984,0.8074,0.919,0.019242148459864623,16169295.0
2026-04-28,MSFT,1,30438100,0.0188897458437887,0.6423,0.0,0.3577,5,0.6422,0.9999,0.6423,-0.3478,0.0155,-0.0117,0.7235,3.0,1.0,6.0,4.0,30867300.0,27457400.0,38308000.0,32048500.0,0.348,0.0327,0.3576,0.777,0.0002,0.7373,0.4836,0.9655,0.011698953297772516,33812935.0
2026-04-28,TSLA,1,50864400,0.0260222061241388,0.2234,0.3529,0.4237,51,-0.1294,0.3877,0.5763,0.2125,-0.1867,-0.1311,0.0512,76.0,4.0,8.0,3.0,66735800.0,62893300.0,93969500.0,50530600.0,0.5252,0.6864,0.6351,0.631,0.7023,0.364,0.3968,0.5406,0.0188053316122117,66950660.0
2026-04-28,UNH,1,10604100,0.0389810665980895,0.667,0.065,0.268,15,0.602,0.9112,0.732,0.6125,0.3856,0.5617,0.5159,11.0,18.0,21.0,115.0,7256100.0,8554600.0,7255800.0,26097300.0,0.8526,0.6102,0.6587,0.6992,0.8592,0.816,0.9264,0.8689,0.015318895461260883,9383245.0
2026-04-29,AAPL,1,30047900,0.014950477228559,0.4372,0.095,0.4679,55,0.3422,0.8216,0.5321,0.3051,0.0768,0.4994,-0.2035,61.0,7.0,2.0,5.0,40018900.0,41466800.0,38157100.0,43249200.0,0.6397,0.2129,0.5007,0.5087,0.7385,0.6804,0.9987,0.3,0.01378467854896365,41898880.0
2026-04-29,AMZN,1,72367900,0.0318229069570475,0.5293,0.2075,0.2632,67,0.3218,0.7183,0.7368,0.245,0.4775,0.3478,0.5024,9.0,4.0,6.0,2.0,42204400.0,44906800.0,53777400.0,36065100.0,0.474,0.4815,0.4997,0.5135,0.7584,0.9959,0.848,0.9893,0.012682599377376282,44726300.0
2026-04-29,BRK-B,0,3175600,0.0072620240663875,0.1572,0.0148,0.828,6,0.1425,0.9142,0.172,0.2757,0.0038,0.3999,0.144,7.0,3.0,5.0,8.0,4902400.0,4888000.0,3857000.0,5720500.0,0.3756,0.0043,0.4003,0.2946,0.8671,0.9424,0.9995,0.7444,0.006344126884159129,4589080.0
2026-04-29,GOOGL,1,35376300,0.0333170781305124,0.6089,0.1213,0.2698,33,0.4876,0.8339,0.7302,0.0001,0.4993,0.0,0.918,3.0,4.0,1.0,2.0,27824100.0,28576900.0,26426100.0,20293000.0,0.6667,0.4995,0.0003,0.9181,0.5,0.9998,0.5438,1.0,0.0168421030383631,28143320.0
2026-04-29,JPM,0,8031800,0.0153265902559539,0.1981,0.3144,0.4875,26,-0.1164,0.3865,0.5125,-0.0706,-0.0458,0.0546,0.3209,30.0,32.0,35.0,25.0,7398600.0,7925300.0,5215300.0,5545900.0,0.5403,0.2876,0.5296,0.3512,0.4347,0.4203,0.5516,0.9569,0.013811360145328746,8642460.0
2026-04-29,META,1,18947500,0.0156074851034557,0.431,0.2789,0.29,49,0.1521,0.6071,0.71,0.4947,-0.1305,0.4543,0.5012,4.0,2.0,3.0,4.0,10606800.0,12805200.0,13348300.0,8660100.0,0.4948,0.2425,0.4558,0.5014,0.9999,0.2309,0.9984,0.9998,0.019223386435735772,16032565.0
2026-04-29,MSFT,0,38288300,0.0153799024584629,0.4468,0.18,0.3731,59,0.2668,0.7128,0.6269,0.6422,-0.3478,0.0155,1.0,5.0,3.0,1.0,4.0,30438100.0,30867300.0,27457400.0,29378200.0,0.6423,0.348,0.0327,1.0,0.9999,0.0002,0.7373,1.0,0.01216855570261783,34023425.0
2026-04-29,TSLA,0,45384800,0.0169418898640585,0.2469,0.2087,0.5444,58,0.0381,0.5418,0.4556,-0.1294,0.2125,-0.1867,-0.2347,51.0,76.0,4.0,4.0,50864400.0,66735800.0,62893300.0,62362800.0,0.5763,0.5252,0.6864,0.4839,0.3877,0.7023,0.364,0.2575,0.018791148939716472,66951225.0
2026-04-29,UNH,1,9046600,0.015928925060835,0.3969,0.001,0.6021,7,0.396,0.9976,0.3979,0.602,0.6125,0.3856,0.6784,15.0,11.0,18.0,39.0,10604100.0,7256100.0,8554600.0,11807300.0,0.732,0.8526,0.6102,0.8861,0.9112,0.8592,0.816,0.8828,0.014088320234993462,9376685.0
2026-04-30,AAPL,1,91848200,0.0290572471407118,0.543,0.1395,0.3175,128,0.4035,0.7956,0.6825,0.3422,0.3051,0.0768,0.0001,55.0,61.0,7.0,4.0,30047900.0,40018900.0,41466800.0,33399600.0,0.5321,0.6397,0.2129,0.5187,0.8216,0.7385,0.6804,0.5,0.01388456023218145,41143660.0
2026-04-30,AMZN,0,100974900,0.0648680321765655,0.598,0.1809,0.2212,196,0.4171,0.7678,0.7788,0.3218,0.245,0.4775,0.3048,67.0,9.0,4.0,3.0,72367900.0,42204400.0,44906800.0,39091400.0,0.7368,0.474,0.4815,0.9715,0.7183,0.7584,0.9959,0.6569,0.013681089694765764,46127220.0
2026-04-30,BRK-B,1,5109300,0.0140666017503681,0.1028,0.0908,0.8064,10,0.012,0.531,0.1936,0.1425,0.2757,0.0038,0.1556,6.0,7.0,3.0,5.0,3175600.0,4902400.0,4888000.0,4749100.0,0.172,0.3756,0.0043,0.2447,0.9142,0.8671,0.9424,0.8179,0.006308212651397413,4511595.0
2026-04-30,GOOGL,1,72040000,0.0535193643480748,0.5914,0.1703,0.2383,224,0.4211,0.7764,0.7617,0.4876,0.0001,0.4993,-0.0001,33.0,3.0,4.0,1.0,35376300.0,27824100.0,28576900.0,18650300.0,0.7302,0.6667,0.4995,0.0001,0.8339,0.5,0.9998,0.08,0.01689570227401404,28445790.0
2026-04-30,JPM,1,8865400,0.0245220913788116,0.3428,0.2648,0.3924,19,0.078,0.5642,0.6076,-0.1164,-0.0706,-0.0458,0.1103,26.0,30.0,32.0,18.0,8031800.0,7398600.0,7925300.0,6969700.0,0.5125,0.5403,0.2876,0.5587,0.3865,0.4347,0.4203,0.5987,0.012784941138564914,8550385.0
2026-04-30,META,0,52765000,0.0336659163911402,0.4724,0.2866,0.241,226,0.1858,0.6224,0.759,0.1521,0.4947,-0.1305,0.2516,49.0,4.0,2.0,6.0,18947500.0,10606800.0,12805200.0,11667000.0,0.71,0.4948,0.2425,0.4092,0.6071,0.9999,0.2309,0.8074,0.01921464446578389,16486975.0
2026-04-30,MSFT,0,70909400,0.0399454827283475,0.6016,0.205,0.1933,199,0.3966,0.7458,0.8067,0.2668,0.6422,-0.3478,-0.0117,59.0,5.0,3.0,6.0,38288300.0,30438100.0,30867300.0,38308000.0,0.6269,0.6423,0.348,0.3576,0.7128,0.9999,0.0002,0.4836,0.011945827391925571,34642415.0
2026-04-30,TSLA,1,51076000,0.0444801785976274,0.481,0.1734,0.3456,58,0.3076,0.7351,0.6544,0.0381,-0.1294,0.2125,-0.1311,58.0,51.0,76.0,8.0,45384800.0,50864400.0,66735800.0,93969500.0,0.4556,0.5763,0.5252,0.6351,0.5418,0.3877,0.7023,0.3968,0.018557870527267404,65866550.0
2026-04-30,UNH,1,6879900,0.024395511644562,0.2892,0.1306,0.5802,7,0.1587,0.689,0.4198,0.396,0.602,0.6125,0.5617,7.0,15.0,11.0,21.0,9046600.0,10604100.0,7256100.0,7255800.0,0.3979,0.732,0.8526,0.6587,0.9976,0.9112,0.8592,0.9264,0.014190867473991134,9440280.0
2026-05-01,AAPL,1,79915400,0.0317363787147815,0.6413,0.0909,0.2678,11,0.5503,0.8758,0.7322,0.4035,0.3422,0.3051,0.4994,128.0,55.0,61.0,2.0,91848200.0,30047900.0,40018900.0,38157100.0,0.6825,0.5321,0.6397,0.5007,0.7956,0.8216,0.7385,0.9987,0.013765234138158534,44312235.0
2026-05-01,AMZN,1,50825200,0.039837403512199,0.5001,0.0,0.4999,2,0.5001,1.0,0.5001,0.4171,0.3218,0.245,0.3478,196.0,67.0,9.0,6.0,100974900.0,72367900.0,42204400.0,53777400.0,0.7788,0.7368,0.474,0.4997,0.7678,0.7183,0.7584,0.848,0.014938225928588459,49392860.0
2026-05-01,BRK-B,0,4818300,0.0128399559567381,0.0682,0.3168,0.615,15,-0.2486,0.1772,0.385,0.012,0.1425,0.2757,0.3999,10.0,6.0,7.0,5.0,5109300.0,3175600.0,4902400.0,3857000.0,0.1936,0.172,0.3756,0.4003,0.531,0.9142,0.8671,0.9995,0.006310474719143365,4587020.0
2026-05-01,GOOGL,1,30105200,0.0202028715614847,0.1774,0.1665,0.656,6,0.0109,0.5158,0.344,0.4211,0.4876,0.0001,0.0,224.0,33.0,3.0,1.0,72040000.0,35376300.0,27824100.0,26426100.0,0.7617,0.7302,0.6667,0.0003,0.7764,0.8339,0.5,0.5438,0.016384674083204178,30204575.0
2026-05-01,META,0,21404000,0.0207747311336291,0.2686,0.2282,0.5032,8,0.0405,0.5407,0.4968,0.1858,0.1521,0.4947,0.4543,226.0,49.0,4.0,3.0,52765000.0,18947500.0,10606800.0,13348300.0,0.759,0.71,0.4948,0.4558,0.6224,0.6071,0.9999,0.9984,0.019120426870575486,18544350.0
2026-05-01,MSFT,1,31372400,0.016157904814429,0.713,0.2481,0.0389,7,0.465,0.7419,0.9611,0.3966,0.2668,0.6422,0.0155,199.0,59.0,5.0,1.0,70909400.0,38288300.0,30438100.0,27457400.0,0.8067,0.6269,0.6423,0.0327,0.7458,0.7128,0.9999,0.7373,0.011992373264755392,36930945.0
2026-05-01,TSLA,1,65338300,0.0497268425759201,0.1678,0.1331,0.6992,6,0.0347,0.5577,0.3008,0.3076,0.0381,-0.1294,-0.1867,58.0,58.0,51.0,4.0,51076000.0,45384800.0,50864400.0,62893300.0,0.6544,0.4556,0.5763,0.6864,0.7351,0.5418,0.3877,0.364,0.018493925412749124,64488920.0
2026-05-01,UNH,0,4945400,0.0158081649045381,0.6747,0.0001,0.3252,9,0.6745,0.9998,0.6748,0.1587,0.396,0.602,0.3856,7.0,7.0,15.0,18.0,6879900.0,9046600.0,10604100.0,8554600.0,0.4198,0.3979,0.732,0.6102,0.689,0.9976,0.9112,0.816,0.013100230149489496,9325735.0
2026-05-04,AAPL,0,46668400,0.0206322658073819,0.5326,0.0041,0.4633,2,0.5285,0.9924,0.5367,0.5503,0.4035,0.3422,0.0768,11.0,128.0,55.0,7.0,79915400.0,91848200.0,30047900.0,41466800.0,0.7322,0.6825,0.5321,0.2129,0.8758,0.7956,0.8216,0.6804,0.013773484709003421,46218170.0
2026-05-04,AMZN,1,49083700,0.0271578074481513,0.4131,0.0011,0.5859,5,0.412,0.9974,0.4141,0.5001,0.4171,0.3218,0.4775,2.0,196.0,67.0,4.0,50825200.0,100974900.0,72367900.0,44906800.0,0.5001,0.7788,0.7368,0.4815,1.0,0.7678,0.7183,0.9959,0.014884579024107667,49685625.0
2026-05-04,BRK-B,0,6895400,0.0297655256719457,0.3294,0.1108,0.5597,16,0.2186,0.7482,0.4403,-0.2486,0.012,0.1425,0.0038,15.0,10.0,6.0,3.0,4818300.0,5109300.0,3175600.0,4888000.0,0.385,0.1936,0.172,0.0043,0.1772,0.531,0.9142,0.9424,0.006368068949975899,4679295.0
2026-05-04,GOOGL,0,26298600,0.0196820689308061,0.4981,0.0004,0.5014,2,0.4977,0.9991,0.4986,0.0109,0.4211,0.4876,0.4993,6.0,224.0,33.0,4.0,30105200.0,72040000.0,35376300.0,28576900.0,0.344,0.7617,0.7302,0.4995,0.5158,0.7764,0.8339,0.9998,0.016175136093831703,30236800.0
2026-05-04,JPM,0,7338200,0.0133281314659008,0.6793,0.0001,0.3206,2,0.6792,0.9999,0.6794,0.078,-0.1164,-0.0706,0.0546,19.0,26.0,30.0,35.0,8865400.0,8031800.0,7398600.0,5215300.0,0.6076,0.5125,0.5403,0.5296,0.5642,0.3865,0.4347,0.5516,0.013308879228014176,8406935.0
2026-05-04,META,1,16203900,0.0185051155620974,0.0,0.0002,0.9998,2,-0.0002,0.0922,0.0002,0.0405,0.1858,0.1521,-0.1305,8.0,226.0,49.0,2.0,21404000.0,52765000.0,18947500.0,12805200.0,0.4968,0.759,0.71,0.2425,0.5407,0.6224,0.6071,0.2309,0.018990615025545193,18666670.0
2026-05-04,MSFT,1,28066500,0.0242504028262389,0.713,0.1389,0.1481,4,0.5741,0.837,0.8519,0.465,0.3966,0.2668,-0.3478,7.0,199.0,59.0,3.0,31372400.0,70909400.0,38288300.0,30867300.0,0.9611,0.8067,0.6269,0.348,0.7419,0.7458,0.7128,0.0002,0.011852269745975173,35956905.0
2026-05-04,TSLA,1,48765100,0.0252159664260508,0.0,0.0,1.0,1,-0.0,0.0349,0.0,0.0347,0.3076,0.0381,0.2125,6.0,58.0,58.0,76.0,65338300.0,51076000.0,45384800.0,66735800.0,0.3008,0.6544,0.4556,0.5252,0.5577,0.7351,0.5418,0.7023,0.018558505405361164,64025535.0
2026-05-04,UNH,1,4916900,0.0167683974507491,0.3075,0.2053,0.4872,10,0.1022,0.5997,0.5128,0.6745,0.1587,0.396,0.6125,9.0,7.0,7.0,11.0,4945400.0,6879900.0,9046600.0,7256100.0,0.6748,0.4198,0.3979,0.8526,0.9998,0.689,0.9976,0.8592,0.013375834068827077,9299335.0
2026-05-05,AAPL,1,49311700,0.029140965361837,0.9816,0.0,0.0183,2,0.9816,1.0,0.9817,0.5285,0.5503,0.4035,0.3051,2.0,11.0,128.0,61.0,46668400.0,79915400.0,91848200.0,40018900.0,0.5367,0.7322,0.6825,0.6397,0.9924,0.8758,0.7956,0.7385,0.01307767722898874,46156590.0
2026-05-05,AMZN,0,41908500,0.0223847905547602,0.9994,0.0,0.0006,1,0.9994,1.0,0.9994,0.412,0.5001,0.4171,0.245,5.0,2.0,196.0,9.0,49083700.0,50825200.0,100974900.0,42204400.0,0.4141,0.5001,0.7788,0.474,0.9974,1.0,0.7678,0.7584,0.014784217838670621,50247480.0
2026-05-05,BRK-B,0,5372700,0.0113546781168323,0.3102,0.3413,0.3485,6,-0.0311,0.4761,0.6515,0.2186,-0.2486,0.012,0.2757,16.0,15.0,10.0,7.0,6895400.0,4818300.0,5109300.0,4902400.0,0.4403,0.385,0.1936,0.3756,0.7482,0.1772,0.531,0.8671,0.006639480015090885,4840890.0
2026-05-05,JPM,1,6316800,0.0135517647900071,0.0,0.0001,0.9999,2,-0.0001,0.1891,0.0001,0.6792,0.078,-0.1164,-0.0458,2.0,19.0,26.0,32.0,7338200.0,8865400.0,8031800.0,7925300.0,0.6794,0.6076,0.5125,0.2876,0.9999,0.5642,0.3865,0.4203,0.013023857308206852,8126000.0
2026-05-05,META,0,17171300,0.0228106345731603,0.2188,0.4912,0.29,1,-0.2724,0.3082,0.71,-0.0002,0.0405,0.1858,0.4947,2.0,8.0,226.0,4.0,16203900.0,21404000.0,52765000.0,10606800.0,0.0002,0.4968,0.759,0.4948,0.0922,0.5407,0.6224,0.9999,0.019112276245426215,18720120.0
2026-05-05,UNH,0,6489000,0.0269649911955538,0.26,0.1672,0.5729,22,0.0928,0.6086,0.4271,0.1022,0.6745,0.1587,0.602,10.0,9.0,7.0,15.0,4916900.0,4945400.0,6879900.0,10604100.0,0.5128,0.6748,0.4198,0.732,0.5997,0.9998,0.689,0.9112,0.012967749011360725,9224830.0
2026-05-06,AAPL,1,58336100,0.0246878232249454,0.5059,0.0001,0.494,2,0.5058,0.9998,0.506,0.9816,0.5285,0.5503,0.3422,2.0,2.0,11.0,55.0,49311700.0,46668400.0,79915400.0,30047900.0,0.9817,0.5367,0.7322,0.5321,1.0,0.9924,0.8758,0.8216,0.013435960453513897,46649865.0
2026-05-06,AMZN,1,44552000,0.0204844297622695,1.0,0.0,0.0,1,1.0,1.0,1.0,0.9994,0.412,0.5001,0.3218,1.0,5.0,2.0,67.0,41908500.0,49083700.0,50825200.0,72367900.0,0.9994,0.4141,0.5001,0.7368,1.0,0.9974,1.0,0.7183,0.014767029524077444,49158175.0
2026-05-06,BRK-B,1,5698900,0.0107079035424253,0.53,0.126,0.344,8,0.4039,0.8079,0.656,-0.0311,0.2186,-0.2486,0.1425,6.0,16.0,15.0,6.0,5372700.0,6895400.0,4818300.0,3175600.0,0.6515,0.4403,0.385,0.172,0.4761,0.7482,0.1772,0.9142,0.006565397114404599,4949200.0
2026-05-06,META,1,19915500,0.0363531104980571,0.3244,0.0008,0.6748,2,0.3236,0.9976,0.3252,-0.2724,-0.0002,0.0405,0.1521,1.0,2.0,8.0,49.0,17171300.0,16203900.0,21404000.0,18947500.0,0.71,0.0002,0.4968,0.71,0.3082,0.0922,0.5407,0.6071,0.019192950804405418,19061245.0
2026-05-06,MSFT,1,30285900,0.0326226178337545,0.7698,0.0014,0.2289,1,0.7684,0.9982,0.7711,0.5741,0.465,0.3966,0.6422,4.0,7.0,199.0,5.0,28066500.0,31372400.0,70909400.0,30438100.0,0.8519,0.9611,0.8067,0.6423,0.837,0.7419,0.7458,0.9999,0.011957755160219668,35876225.0
2026-05-06,TSLA,1,53465400,0.0457216923290859,0.0,0.0007,0.9993,1,-0.0007,0.0524,0.0007,-0.0,0.0347,0.3076,-0.1294,1.0,6.0,58.0,51.0,48765100.0,65338300.0,51076000.0,50864400.0,0.0,0.3008,0.6544,0.5763,0.0349,0.5577,0.7351,0.3877,0.01852358788998041,63705925.0
2026-05-06,UNH,1,6695500,0.028366806994854,0.8335,0.0,0.1665,6,0.8335,1.0,0.8335,0.0928,0.1022,0.6745,0.396,22.0,10.0,9.0,7.0,6489000.0,4916900.0,4945400.0,9046600.0,0.4271,0.5128,0.6748,0.3979,0.6086,0.5997,0.9998,0.9976,0.0136157657740367,9194430.0
2026-05-07,AAPL,0,45224300,0.021951831661374,1.0,0.0,0.0,1,1.0,1.0,1.0,0.5058,0.9816,0.5285,0.4035,2.0,2.0,2.0,128.0,58336100.0,49311700.0,46668400.0,91848200.0,0.506,0.9817,0.5367,0.6825,0.9998,1.0,0.9924,0.7956,0.013175616311527475,47086765.0
2026-05-07,AMZN,0,35892900,0.022325703198731,0.5,0.0,0.5,2,0.5,1.0,0.5,1.0,0.9994,0.412,0.4171,1.0,1.0,5.0,196.0,44552000.0,41908500.0,49083700.0,100974900.0,1.0,0.9994,0.4141,0.7788,1.0,1.0,0.9974,0.7678,0.014900817892606803,49171905.0
2026-05-07,BRK-B,1,5899500,0.0175169438043713,0.6665,0.0,0.3335,3,0.6665,1.0,0.6665,0.4039,-0.0311,0.2186,0.012,8.0,6.0,16.0,10.0,5698900.0,5372700.0,6895400.0,5109300.0,0.656,0.6515,0.4403,0.1936,0.8079,0.4761,0.7482,0.531,0.006744284471991642,5001390.0
2026-05-07,GOOGL,0,24433500,0.018553743695238,0.6656,0.0,0.3343,3,0.6656,1.0,0.6657,0.4977,0.0109,0.4211,0.0001,2.0,6.0,224.0,3.0,26298600.0,30105200.0,72040000.0,27824100.0,0.4986,0.344,0.7617,0.6667,0.9991,0.5158,0.7764,0.5,0.014913616833707921,29597700.0
2026-05-07,JPM,0,8359600,0.0322897611365401,0.0098,0.0001,0.9901,1,0.0097,0.9936,0.0099,-0.0001,0.6792,0.078,-0.0706,2.0,2.0,19.0,30.0,6316800.0,7338200.0,8865400.0,7398600.0,0.0001,0.6794,0.6076,0.5403,0.1891,0.9999,0.5642,0.4347,0.013038948721869219,7878480.0
2026-05-07,META,1,12307400,0.0186101037653308,1.0,0.0,0.0,1,1.0,1.0,1.0,0.3236,-0.2724,-0.0002,0.1858,2.0,1.0,2.0,226.0,19915500.0,17171300.0,16203900.0,52765000.0,0.3252,0.71,0.0002,0.759,0.9976,0.3082,0.0922,0.6224,0.019971110778031317,19394635.0
2026-05-07,MSFT,1,34942400,0.0219466366955965,0.294,0.2419,0.4642,3,0.0521,0.5486,0.5358,0.7684,0.5741,0.465,0.2668,1.0,4.0,7.0,59.0,30285900.0,28066500.0,31372400.0,38288300.0,0.7711,0.8519,0.9611,0.6269,0.9982,0.837,0.7419,0.7128,0.011126339155160207,35253840.0
2026-05-07,TSLA,1,64294200,0.033645801230574,0.0028,0.5058,0.4914,2,-0.503,0.0055,0.5086,-0.0007,-0.0,0.0347,0.0381,1.0,1.0,6.0,58.0,53465400.0,48765100.0,65338300.0,45384800.0,0.0007,0.0,0.3008,0.4556,0.0524,0.0349,0.5577,0.5418,0.019065657513894767,63603050.0
2026-05-07,UNH,1,5235400,0.0138828172990647,0.6224,0.1735,0.2041,5,0.4489,0.782,0.7959,0.8335,0.0928,0.1022,0.1587,6.0,22.0,10.0,7.0,6695500.0,6489000.0,4916900.0,6879900.0,0.8335,0.4271,0.5128,0.4198,1.0,0.6086,0.5997,0.689,0.013708678388506618,8424215.0
2026-05-08,AAPL,1,52692800,0.0164132602508163,0.363,0.0006,0.6364,3,0.3624,0.9983,0.3636,1.0,0.5058,0.9816,0.5503,1.0,2.0,2.0,11.0,45224300.0,58336100.0,49311700.0,79915400.0,1.0,0.506,0.9817,0.7322,1.0,0.9998,1.0,0.8758,0.013399978227509195,47345010.0
2026-05-08,AMZN,1,34732700,0.0149099426431774,0.6657,0.0003,0.334,3,0.6654,0.9996,0.666,0.5,1.0,0.9994,0.5001,2.0,1.0,1.0,2.0,35892900.0,44552000.0,41908500.0,50825200.0,0.5,1.0,0.9994,0.5001,1.0,1.0,1.0,1.0,0.015160924470874757,49198980.0
2026-05-08,BRK-B,1,5225600,0.009266071053867,0.4999,0.0389,0.4612,6,0.461,0.9278,0.5388,0.6665,0.4039,-0.0311,-0.2486,3.0,8.0,6.0,15.0,5899500.0,5698900.0,5372700.0,4818300.0,0.6665,0.656,0.6515,0.385,1.0,0.8079,0.4761,0.1772,0.006487721696799282,5120440.0
2026-05-08,GOOGL,1,21461800,0.0142065860162152,0.0,0.9822,0.0178,1,-0.9822,0.0,0.9822,0.6656,0.4977,0.0109,0.4876,3.0,2.0,6.0,33.0,24433500.0,26298600.0,30105200.0,35376300.0,0.6657,0.4986,0.344,0.7302,1.0,0.9991,0.5158,0.8339,0.014632398845098326,29024845.0
2026-05-08,JPM,0,9464300,0.027542547394566,0.9999,0.0,0.0001,2,0.9999,1.0,0.9999,0.0097,-0.0001,0.6792,-0.1164,1.0,2.0,2.0,26.0,8359600.0,6316800.0,7338200.0,8031800.0,0.0099,0.0001,0.6794,0.5125,0.9936,0.1891,0.9999,0.3865,0.014519470271476749,7939330.0
2026-05-08,UNH,1,6455100,0.0214791283682631,0.0459,0.0,0.9541,1,0.0459,0.9995,0.0459,0.4489,0.8335,0.0928,0.6745,5.0,6.0,22.0,9.0,5235400.0,6695500.0,6489000.0,4945400.0,0.7959,0.8335,0.4271,0.6748,0.782,1.0,0.6086,0.9998,0.012731885890959872,8203735.0
2026-05-11,AAPL,1,42247300,0.0125008348487777,0.6718,0.2465,0.0817,3,0.4253,0.7316,0.9183,0.3624,1.0,0.5058,0.5285,3.0,1.0,2.0,2.0,52692800.0,45224300.0,58336100.0,46668400.0,0.3636,1.0,0.506,0.5367,0.9983,1.0,0.9998,0.9924,0.013495393853398988,48573570.0
2026-05-11,BRK-B,1,4290700,0.0094458439497331,0.5866,0.0001,0.4133,3,0.5865,0.9998,0.5867,0.461,0.6665,0.4039,0.2186,6.0,3.0,8.0,16.0,5225600.0,5899500.0,5698900.0,6895400.0,0.5388,0.6665,0.656,0.4403,0.9278,1.0,0.8079,0.7482,0.006285552190831327,5193775.0
2026-05-11,GOOGL,0,30753700,0.0227867429436868,0.5,0.0,0.5,2,0.5,0.9999,0.5,-0.9822,0.6656,0.4977,0.4211,1.0,3.0,2.0,224.0,21461800.0,24433500.0,26298600.0,72040000.0,0.9822,0.6657,0.4986,0.7617,0.0,1.0,0.9991,0.7764,0.0141093479636157,28340875.0
2026-05-11,JPM,0,9512000,0.014266790703463,0.0002,0.0001,0.9997,2,0.0002,0.8099,0.0003,0.9999,0.0097,-0.0001,0.078,2.0,1.0,2.0,19.0,9464300.0,8359600.0,6316800.0,8865400.0,0.9999,0.0099,0.0001,0.6076,1.0,0.9936,0.1891,0.5642,0.014825077062643145,8020090.0
2026-05-11,UNH,1,6949600,0.0229727689681841,0.8351,0.0004,0.1645,7,0.8347,0.9995,0.8355,0.0459,0.4489,0.8335,0.1022,1.0,5.0,6.0,10.0,6455100.0,5235400.0,6695500.0,4916900.0,0.0459,0.7959,0.8335,0.5128,0.9995,0.782,1.0,0.5997,0.013308208402133943,8239390.0
2026-05-12,AAPL,1,45748100,0.0092630280205528,0.1527,0.4481,0.3992,2,-0.2953,0.2542,0.6008,0.4253,0.3624,1.0,0.9816,3.0,3.0,1.0,2.0,42247300.0,52692800.0,45224300.0,49311700.0,0.9183,0.3636,1.0,0.9817,0.7316,0.9983,1.0,1.0,0.013491196975446805,49121360.0
2026-05-12,BRK-B,1,5622300,0.0218402667563795,0.0008,0.2153,0.7839,4,-0.2145,0.0037,0.2161,0.5865,0.461,0.6665,-0.0311,3.0,6.0,3.0,6.0,4290700.0,5225600.0,5899500.0,5372700.0,0.5867,0.5388,0.6665,0.6515,0.9998,0.9278,1.0,0.4761,0.006451452510573335,5227690.0
2026-05-12,GOOGL,1,26017500,0.0148448392997454,1.0,0.0,0.0,1,1.0,1.0,1.0,0.5,-0.9822,0.6656,0.0109,2.0,1.0,3.0,6.0,30753700.0,21461800.0,24433500.0,30105200.0,0.5,0.9822,0.6657,0.344,0.9999,0.0,1.0,0.5158,0.013236076112627235,27684790.0
2026-05-12,JPM,1,9498200,0.0350310317661735,0.2927,0.1588,0.5485,4,0.134,0.6484,0.4515,0.0002,0.9999,0.0097,0.6792,2.0,2.0,1.0,2.0,9512000.0,9464300.0,8359600.0,7338200.0,0.0003,0.9999,0.0099,0.6794,0.8099,1.0,0.9936,0.9999,0.014879291989227626,7966180.0
2026-05-12,MSFT,0,38594200,0.0213761462958819,0.0,0.9998,0.0002,1,-0.9998,0.0,0.9998,0.0521,0.7684,0.5741,0.3966,3.0,1.0,4.0,199.0,34942400.0,30285900.0,28066500.0,70909400.0,0.5358,0.7711,0.8519,0.8067,0.5486,0.9982,0.837,0.7458,0.01047820099593475,35441900.0
2026-05-12,UNH,1,9236300,0.0402507598705452,0.3337,0.0995,0.5668,10,0.2342,0.7703,0.4332,0.8347,0.0459,0.4489,0.0928,7.0,1.0,5.0,22.0,6949600.0,6455100.0,5235400.0,6489000.0,0.8355,0.0459,0.7959,0.4271,0.9995,0.9995,0.782,0.6086,0.011776385396637213,8188260.0
2026-05-13,AAPL,1,52684300,0.0252811360399807,0.9999,0.0001,0.0,2,0.9998,0.9999,1.0,-0.2953,0.4253,0.3624,0.5058,2.0,3.0,3.0,2.0,45748100.0,42247300.0,52692800.0,58336100.0,0.6008,0.9183,0.3636,0.506,0.2542,0.7316,0.9983,0.9998,0.013431163121420044,48990230.0
2026-05-13,BRK-B,1,4432500,0.013120022123299,0.0,0.0003,0.9997,2,-0.0003,0.136,0.0003,-0.2145,0.5865,0.461,0.4039,4.0,3.0,6.0,8.0,5622300.0,4290700.0,5225600.0,5698900.0,0.2161,0.5867,0.5388,0.656,0.0037,0.9998,0.9278,0.8079,0.006556325248177694,5265605.0
2026-05-13,GOOGL,1,28144600,0.0484958815120225,0.3344,0.3311,0.3345,3,0.0034,0.5025,0.6655,1.0,0.5,-0.9822,0.4977,1.0,2.0,1.0,2.0,26017500.0,30753700.0,21461800.0,26298600.0,1.0,0.5,0.9822,0.4986,1.0,0.9999,0.0,0.9991,0.01258648650093571,27101440.0
2026-05-13,JPM,0,7709500,0.0096932966628348,0.0981,0.0031,0.8988,3,0.095,0.9693,0.1012,0.134,0.0002,0.9999,-0.0001,4.0,2.0,2.0,2.0,9498200.0,9512000.0,9464300.0,6316800.0,0.4515,0.0003,0.9999,0.0001,0.6484,0.8099,1.0,0.1891,0.015150666141618337,8111760.0
2026-05-13,META,1,14634400,0.0388090954132055,0.9967,0.0001,0.0032,2,0.9967,0.9999,0.9968,1.0,0.3236,-0.2724,0.0405,1.0,2.0,1.0,8.0,12307400.0,19915500.0,17171300.0,21404000.0,1.0,0.3252,0.71,0.4968,1.0,0.9976,0.3082,0.5407,0.020039244277489827,19328105.0
2026-05-13,MSFT,1,29667100,0.0130952346712374,0.3335,0.3434,0.323,3,-0.0099,0.4927,0.677,-0.9998,0.0521,0.7684,0.465,1.0,3.0,1.0,7.0,38594200.0,34942400.0,30285900.0,31372400.0,0.9998,0.5358,0.7711,0.9611,0.0,0.5486,0.9982,0.7419,0.010720918713821444,35529780.0
2026-05-13,TSLA,1,68283200,0.0531064687940703,0.4723,0.002,0.5257,2,0.4704,0.9959,0.4743,-0.503,-0.0007,-0.0,0.3076,2.0,1.0,1.0,58.0,64294200.0,53465400.0,48765100.0,51076000.0,0.5086,0.0007,0.0,0.6544,0.0055,0.0524,0.0349,0.7351,0.01835792629534587,63714475.0
2026-05-13,UNH,1,8454100,0.0281210438751181,0.335,0.2573,0.4077,15,0.0777,0.5656,0.5923,0.2342,0.8347,0.0459,0.8335,10.0,7.0,1.0,6.0,9236300.0,6949600.0,6455100.0,6695500.0,0.4332,0.8355,0.0459,0.8335,0.7703,0.9995,0.9995,1.0,0.013719517939452619,8356850.0
2026-05-14,AAPL,0,35324900,0.0169101701032785,0.6667,0.0001,0.3332,3,0.6665,0.9998,0.6668,0.9998,-0.2953,0.4253,1.0,2.0,2.0,3.0,1.0,52684300.0,45748100.0,42247300.0,45224300.0,1.0,0.6008,0.9183,1.0,0.9999,0.2542,0.7316,1.0,0.012271974933505089,49128770.0
2026-05-14,AMZN,0,31338400,0.0154188890603522,0.3333,0.0,0.6667,3,0.3333,1.0,0.3333,0.6654,0.5,1.0,0.412,3.0,2.0,1.0,5.0,34732700.0,35892900.0,44552000.0,49083700.0,0.666,0.5,1.0,0.4141,0.9996,1.0,1.0,0.9974,0.015206457305289177,49116175.0
2026-05-14,BRK-B,0,3375100,0.0114966249914715,0.0594,0.0858,0.8547,4,-0.0264,0.4092,0.1453,-0.0003,-0.2145,0.5865,0.6665,2.0,4.0,3.0,3.0,4432500.0,5622300.0,4290700.0,5899500.0,0.0003,0.2161,0.5867,0.6665,0.136,0.0037,0.9998,1.0,0.006379737055563792,5137535.0
2026-05-14,GOOGL,1,21136700,0.0178463460523452,0.4431,0.5548,0.0021,1,-0.1116,0.4441,0.9979,0.0034,1.0,0.5,0.6656,3.0,1.0,2.0,3.0,28144600.0,26017500.0,30753700.0,24433500.0,0.6655,1.0,0.5,0.6657,0.5025,1.0,0.9999,1.0,0.015148412758936462,27551040.0
2026-05-14,JPM,0,7364300,0.0163440940989454,0.0,0.9999,0.0001,1,-0.9999,0.0,0.9999,0.095,0.134,0.0002,0.0097,3.0,4.0,2.0,1.0,7709500.0,9498200.0,9512000.0,8359600.0,0.1012,0.4515,0.0003,0.0099,0.9693,0.6484,0.8099,0.9936,0.015198572354448756,8193750.0
2026-05-14,MSFT,1,27077500,0.0270964971256605,1.0,0.0,0.0,1,1.0,1.0,1.0,-0.0099,-0.9998,0.0521,0.5741,3.0,1.0,3.0,4.0,29667100.0,38594200.0,34942400.0,28066500.0,0.677,0.9998,0.5358,0.8519,0.4927,0.0,0.5486,0.837,0.01013285815929904,35118965.0
2026-05-14,UNH,0,5342500,0.0147132017368688,0.5807,0.0006,0.4187,19,0.5801,0.9989,0.5813,0.0777,0.2342,0.8347,0.4489,15.0,10.0,7.0,5.0,8454100.0,9236300.0,6949600.0,5235400.0,0.5923,0.4332,0.8355,0.7959,0.5656,0.7703,0.9995,0.782,0.013505744012448485,8527495.0
2026-05-15,BRK-B,0,4680300,0.0134373903088415,0.2283,0.0024,0.7693,4,0.226,0.9897,0.2307,-0.0264,-0.0003,-0.2145,0.461,4.0,2.0,4.0,6.0,3375100.0,4432500.0,5622300.0,5225600.0,0.1453,0.0003,0.2161,0.5388,0.4092,0.136,0.0037,0.9278,0.006566031312404985,5079590.0
2026-05-15,GOOGL,1,20309700,0.0160476780167641,0.5001,0.0001,0.4997,2,0.5,0.9997,0.5003,-0.1116,0.0034,1.0,-0.9822,1.0,3.0,1.0,1.0,21136700.0,28144600.0,26017500.0,21461800.0,0.9979,0.6655,1.0,0.9822,0.4441,0.5025,1.0,0.0,0.015083499142848018,27664555.0
2026-05-15,MSFT,1,50771200,0.0368359045316251,0.3333,0.0,0.6666,3,0.3333,0.9999,0.3334,1.0,-0.0099,-0.9998,0.7684,1.0,3.0,1.0,1.0,27077500.0,29667100.0,38594200.0,30285900.0,1.0,0.677,0.9998,0.7711,1.0,0.4927,0.0,0.9982,0.010088734589931628,34232990.0
2026-05-15,TSLA,0,52688700,0.0291718589373191,0.0002,0.4391,0.5607,1,-0.439,0.0004,0.4393,0.4704,-0.503,-0.0007,0.0347,2.0,2.0,1.0,6.0,68283200.0,64294200.0,53465400.0,65338300.0,0.4743,0.5086,0.0007,0.3008,0.9959,0.0055,0.0524,0.5577,0.017029899448080223,63730915.0
2026-05-15,UNH,0,9811200,0.0187167261255088,0.1586,0.0001,0.8412,14,0.1585,0.9993,0.1588,0.5801,0.0777,0.2342,0.0459,19.0,15.0,10.0,1.0,5342500.0,8454100.0,9236300.0,6455100.0,0.5813,0.5923,0.4332,0.0459,0.9989,0.5656,0.7703,0.9995,0.013728276510124704,8534340.0
2026-05-18,AAPL,0,34483000,0.0191513462131123,0.0033,0.3289,0.6678,2,-0.3256,0.01,0.3322,0.6665,0.9998,-0.2953,0.3624,3.0,2.0,2.0,3.0,35324900.0,52684300.0,45748100.0,52692800.0,0.6668,1.0,0.6008,0.3636,0.9998,0.9999,0.2542,0.9983,0.011838683730868533,48728860.0
2026-05-18,AMZN,1,33690800,0.0239512162851709,0.9952,0.0,0.0048,1,0.9952,1.0,0.9952,0.3333,0.6654,0.5,0.9994,3.0,3.0,2.0,1.0,31338400.0,34732700.0,35892900.0,41908500.0,0.3333,0.666,0.5,0.9994,1.0,0.9996,1.0,1.0,0.01496711981244863,48345795.0
2026-05-18,BRK-B,1,5030700,0.0173757306065305,0.1343,0.0802,0.7855,23,0.054,0.6259,0.2145,0.226,-0.0264,-0.0003,0.5865,4.0,4.0,2.0,3.0,4680300.0,3375100.0,4432500.0,4290700.0,0.2307,0.1453,0.0003,0.5867,0.9897,0.4092,0.136,0.9998,0.006833991372432124,4988960.0
2026-05-18,GOOGL,1,26837200,0.0355833771017517,0.6667,0.0001,0.3333,3,0.6666,0.9999,0.6667,0.5,-0.1116,0.0034,0.5,2.0,1.0,3.0,2.0,20309700.0,21136700.0,28144600.0,30753700.0,0.5003,0.9979,0.6655,0.5,0.9997,0.4441,0.5025,0.9999,0.014438429655663897,27293970.0
2026-05-18,JPM,1,7546300,0.0135570756541003,0.448,0.0005,0.5515,3,0.4475,0.9989,0.4485,-0.9999,0.095,0.134,0.9999,1.0,3.0,4.0,2.0,7364300.0,7709500.0,9498200.0,9464300.0,0.9999,0.1012,0.4515,0.9999,0.0,0.9693,0.6484,1.0,0.014359979577435341,8146055.0
2026-05-18,META,1,13772400,0.0195367416398437,0.0,0.0,1.0,2,-0.0,0.2282,0.0,0.9967,1.0,0.3236,-0.0002,2.0,1.0,2.0,2.0,14634400.0,12307400.0,19915500.0,16203900.0,0.9968,1.0,0.3252,0.0002,0.9999,1.0,0.9976,0.0922,0.021304854748539416,19522840.0
2026-05-18,MSFT,1,32564100,0.0228265802819906,0.1773,0.0003,0.8224,2,0.177,0.9982,0.1776,0.3333,1.0,-0.0099,0.0521,3.0,1.0,3.0,3.0,50771200.0,27077500.0,29667100.0,34942400.0,0.3334,1.0,0.677,0.5358,0.9999,1.0,0.4927,0.5486,0.010307257088211742,34509330.0
2026-05-18,UNH,1,8400700,0.0221538837139422,0.2004,0.3392,0.4603,49,-0.1388,0.3714,0.5397,0.1585,0.5801,0.0777,0.8347,14.0,19.0,15.0,7.0,9811200.0,5342500.0,8454100.0,6949600.0,0.1588,0.5813,0.5923,0.8355,0.9993,0.9989,0.5656,0.9995,0.013662518452219751,8554165.0
2026-05-19,AAPL,1,42243600,0.0140081612452757,0.0013,0.0004,0.9984,1,0.0009,0.7731,0.0016,-0.3256,0.6665,0.9998,0.4253,2.0,3.0,2.0,3.0,34483000.0,35324900.0,52684300.0,42247300.0,0.3322,0.6668,1.0,0.9183,0.01,0.9998,0.9999,0.7316,0.012013177676201886,47381200.0
2026-05-19,AMZN,0,40340700,0.0269424413386227,0.0,0.3332,0.6668,3,-0.3332,0.0,0.3332,0.9952,0.3333,0.6654,1.0,1.0,3.0,3.0,1.0,33690800.0,31338400.0,34732700.0,44552000.0,0.9952,0.3333,0.666,1.0,1.0,1.0,0.9996,1.0,0.012808174252047454,47229845.0
2026-05-19,BRK-B,0,5599900,0.0164682125898357,0.1538,0.0785,0.7677,13,0.0753,0.6621,0.2323,0.054,0.226,-0.0264,-0.2145,23.0,4.0,4.0,4.0,5030700.0,4680300.0,3375100.0,5622300.0,0.2145,0.2307,0.1453,0.2161,0.6259,0.9897,0.4092,0.0037,0.007482109806625814,4983145.0
2026-05-19,GOOGL,0,39545700,0.0278113885090891,0.0079,0.0014,0.9907,3,0.0064,0.8454,0.0093,0.6666,0.5,-0.1116,1.0,3.0,2.0,1.0,1.0,26837200.0,20309700.0,21136700.0,26017500.0,0.6667,0.5003,0.9979,1.0,0.9999,0.9997,0.4441,1.0,0.014123118957482158,27608755.0
2026-05-19,JPM,0,8066900,0.0216878636245646,0.6667,0.0,0.3333,3,0.6667,1.0,0.6667,0.4475,-0.9999,0.095,0.0002,3.0,1.0,3.0,2.0,7546300.0,7364300.0,7709500.0,9512000.0,0.4485,0.9999,0.1012,0.0003,0.9989,0.0,0.9693,0.8099,0.014531001437477525,7950595.0
2026-05-19,META,0,11749900,0.0219733384653705,0.0001,0.0013,0.9987,1,-0.0012,0.0396,0.0013,-0.0,0.9967,1.0,-0.2724,2.0,2.0,1.0,1.0,13772400.0,14634400.0,12307400.0,17171300.0,0.0,0.9968,1.0,0.71,0.2282,0.9999,1.0,0.3082,0.021304150639010516,19582210.0
2026-05-19,TSLA,1,46500600,0.0297648573543948,0.5039,0.181,0.3151,2,0.3229,0.7357,0.6849,-0.439,0.4704,-0.503,-0.0,1.0,2.0,2.0,1.0,52688700.0,68283200.0,64294200.0,48765100.0,0.4393,0.4743,0.5086,0.0,0.0004,0.9959,0.0055,0.0349,0.01766273171743815,62588605.0
2026-05-19,UNH,0,5016800,0.0191794370993589,0.2129,0.202,0.5851,10,0.0109,0.5131,0.4149,-0.1388,0.1585,0.5801,0.2342,49.0,14.0,19.0,10.0,8400700.0,9811200.0,5342500.0,9236300.0,0.5397,0.1588,0.5813,0.4332,0.3714,0.9993,0.9989,0.7703,0.013566850301756415,8521670.0
2026-05-20,AAPL,1,38229800,0.0158293692958646,1.0,0.0,0.0,1,1.0,1.0,1.0,0.0009,-0.3256,0.6665,-0.2953,1.0,2.0,3.0,2.0,42243600.0,34483000.0,35324900.0,45748100.0,0.0016,0.3322,0.6668,0.6008,0.7731,0.01,0.9998,0.2542,0.011941444288341544,47663870.0
2026-05-20,GOOGL,1,31744400,0.0282692574413063,0.4929,0.005,0.5022,2,0.4879,0.99,0.4978,0.0064,0.6666,0.5,0.0034,3.0,3.0,2.0,3.0,39545700.0,26837200.0,20309700.0,28144600.0,0.0093,0.6667,0.5003,0.6655,0.8454,0.9999,0.9997,0.5025,0.015423200729264694,28306945.0
2026-05-20,JPM,1,9327000,0.0312099051805413,0.5458,0.0071,0.4471,14,0.5387,0.9872,0.5529,0.6667,0.4475,-0.9999,0.134,3.0,3.0,1.0,4.0,8066900.0,7546300.0,7364300.0,9498200.0,0.6667,0.4485,0.9999,0.4515,1.0,0.9989,0.0,0.6484,0.013987494944802961,7859650.0
2026-05-20,META,1,11329700,0.0169618521135947,0.5037,0.0001,0.4963,2,0.5036,0.9999,0.5037,-0.0012,-0.0,0.9967,0.3236,1.0,2.0,2.0,2.0,11749900.0,13772400.0,14634400.0,19915500.0,0.0013,0.0,0.9968,0.3252,0.0396,0.2282,0.9999,0.9976,0.016428778308976825,18380700.0
2026-05-20,MSFT,1,27864000,0.0260762922481138,0.4929,0.0001,0.507,2,0.4929,0.9998,0.493,0.177,0.3333,1.0,-0.9998,2.0,3.0,1.0,1.0,32564100.0,50771200.0,27077500.0,38594200.0,0.1776,0.3334,1.0,0.9998,0.9982,0.9999,1.0,0.0,0.010159911742873557,34666675.0
2026-05-20,TSLA,1,45294700,0.0271589220826195,0.0004,0.0006,0.999,4,-0.0002,0.3843,0.001,0.3229,-0.439,0.4704,-0.0007,2.0,1.0,2.0,1.0,46500600.0,52688700.0,68283200.0,53465400.0,0.6849,0.4393,0.4743,0.0007,0.7357,0.0004,0.9959,0.0524,0.017638818441643472,61979445.0
2026-05-20,UNH,0,7783900,0.0325503608602865,0.8335,0.1194,0.0472,6,0.7141,0.8747,0.9528,0.0109,-0.1388,0.1585,0.0777,10.0,49.0,14.0,15.0,5016800.0,8400700.0,9811200.0,8454100.0,0.4149,0.5397,0.1588,0.5923,0.5131,0.3714,0.9993,0.5656,0.012355650035441514,7467645.0
2026-05-21,AAPL,1,42965100,0.0170730574972423,0.5,0.0,0.5,2,0.5,1.0,0.5,1.0,0.0009,-0.3256,0.9998,1.0,1.0,2.0,2.0,38229800.0,42243600.0,34483000.0,52684300.0,1.0,0.0016,0.3322,1.0,1.0,0.7731,0.01,0.9999,0.01082882829553821,47064870.0
2026-05-21,AMZN,1,36591700,0.0308159207483396,0.9999,0.0,0.0001,1,0.9999,1.0,0.9999,-0.3332,0.9952,0.3333,0.5,3.0,1.0,3.0,2.0,40340700.0,33690800.0,31338400.0,35892900.0,0.3332,0.9952,0.3333,0.5,0.0,1.0,1.0,1.0,0.01301964771940117,46928190.0
2026-05-21,BRK-B,0,3294000,0.0104168838970132,0.4016,0.0054,0.593,6,0.3962,0.9867,0.407,0.0753,0.054,0.226,-0.0003,13.0,23.0,4.0,2.0,5599900.0,5030700.0,4680300.0,4432500.0,0.2323,0.2145,0.2307,0.0003,0.6621,0.6259,0.9897,0.136,0.00788487573740898,4967190.0
2026-05-21,JPM,1,7874400,0.0125154180983018,0.2968,0.208,0.4952,37,0.0888,0.588,0.5048,0.5387,0.6667,0.4475,0.095,14.0,3.0,3.0,3.0,9327000.0,8066900.0,7546300.0,7709500.0,0.5529,0.6667,0.4485,0.1012,0.9872,1.0,0.9989,0.9693,0.014177657976753114,7915570.0
2026-05-21,META,1,13476100,0.0246499633789063,0.0032,0.4998,0.497,2,-0.4967,0.0063,0.503,0.5036,-0.0012,-0.0,1.0,2.0,1.0,2.0,1.0,11329700.0,11749900.0,13772400.0,12307400.0,0.5037,0.0013,0.0,1.0,0.9999,0.0396,0.2282,1.0,0.015092543519283264,17440535.0
2026-05-21,MSFT,0,31393500,0.025026497664067,1.0,0.0,0.0,1,1.0,1.0,1.0,0.4929,0.177,0.3333,-0.0099,2.0,2.0,3.0,3.0,27864000.0,32564100.0,50771200.0,29667100.0,0.493,0.1776,0.3334,0.677,0.9998,0.9982,0.9999,0.4927,0.0103963659596936,35252545.0
2026-05-21,TSLA,0,42636900,0.0332796877026259,0.0,0.0153,0.9847,1,-0.0152,0.0026,0.0153,-0.0002,0.3229,-0.439,-0.503,4.0,2.0,1.0,2.0,45294700.0,46500600.0,52688700.0,64294200.0,0.001,0.6849,0.4393,0.5086,0.3843,0.7357,0.0004,0.0055,0.016758837537040334,60359300.0
2026-05-21,UNH,1,4732500,0.0146147588108777,0.4952,0.1713,0.3336,6,0.3239,0.743,0.6664,0.7141,0.0109,-0.1388,0.5801,6.0,10.0,49.0,19.0,7783900.0,5016800.0,8400700.0,5342500.0,0.9528,0.4149,0.5397,0.5813,0.8747,0.5131,0.3714,0.9989,0.013313443486444327,7266475.0
2026-05-22,AMZN,0,27535500,0.0132137953627503,0.2704,0.2583,0.4713,4,0.0121,0.5115,0.5287,0.9999,-0.3332,0.9952,0.6654,1.0,3.0,1.0,3.0,36591700.0,40340700.0,33690800.0,34732700.0,0.9999,0.3332,0.9952,0.666,1.0,0.0,1.0,0.9996,0.01317023008253683,45834270.0
2026-05-22,BRK-B,1,4338200,0.0160533979047502,0.214,0.2498,0.5362,4,-0.0358,0.4614,0.4638,0.3962,0.0753,0.054,-0.0264,6.0,13.0,23.0,4.0,3294000.0,5599900.0,5030700.0,3375100.0,0.407,0.2323,0.2145,0.1453,0.9867,0.6621,0.6259,0.4092,0.007644321072911654,4845865.0
2026-05-22,GOOGL,0,20442100,0.0179940650855196,0.0037,0.0051,0.9912,3,-0.0013,0.4237,0.0088,0.4879,0.0064,0.6666,-0.1116,2.0,3.0,3.0,1.0,31744400.0,39545700.0,26837200.0,21136700.0,0.4978,0.0093,0.6667,0.9979,0.99,0.8454,0.9999,0.4441,0.015095503681189481,28954955.0
2026-05-22,JPM,1,5973900,0.011848549152954,0.2227,0.1519,0.6254,28,0.0708,0.5945,0.3746,0.0888,0.5387,0.6667,-0.9999,37.0,14.0,3.0,1.0,7874400.0,9327000.0,8066900.0,7364300.0,0.5048,0.5529,0.6667,0.9999,0.588,0.9872,1.0,0.0,0.013366656787160293,7770690.0
2026-05-22,META,1,11688600,0.0129301593874233,0.0085,0.8491,0.1424,1,-0.8406,0.0099,0.8576,-0.4967,0.5036,-0.0012,0.9967,2.0,2.0,1.0,2.0,13476100.0,11329700.0,11749900.0,14634400.0,0.503,0.5037,0.0013,0.9968,0.0063,0.9999,0.0396,0.9999,0.015215867245839305,16974580.0
2026-05-22,MSFT,0,22390300,0.0192353700716353,0.0,1.0,0.0,2,-1.0,0.0,1.0,1.0,0.4929,0.177,1.0,1.0,2.0,2.0,1.0,31393500.0,27864000.0,32564100.0,27077500.0,1.0,0.493,0.1776,1.0,1.0,0.9998,0.9982,1.0,0.010996442069806532,34393810.0
2026-05-22,TSLA,1,46104700,0.0260250305215482,0.9998,0.0,0.0002,1,0.9998,1.0,0.9998,-0.0152,-0.0002,0.3229,0.4704,1.0,4.0,2.0,2.0,42636900.0,45294700.0,46500600.0,68283200.0,0.0153,0.001,0.6849,0.4743,0.0026,0.3843,0.7357,0.9959,0.016813211184762526,59492165.0
2026-05-22,UNH,1,5598600,0.0249528656374015,0.6114,0.0078,0.3808,13,0.6036,0.9875,0.6192,0.3239,0.7141,0.0109,0.1585,6.0,6.0,10.0,14.0,4732500.0,7783900.0,5016800.0,9811200.0,0.6664,0.9528,0.4149,0.1588,0.743,0.8747,0.5131,0.9993,0.013258603250995957,7140310.0
2026-05-26,AAPL,0,48000500,0.0134061052113133,0.4239,0.1775,0.3986,75,0.2464,0.7048,0.6014,0.5,1.0,0.0009,0.6665,2.0,1.0,1.0,3.0,42965100.0,38229800.0,42243600.0,35324900.0,0.5,1.0,0.0016,0.6668,1.0,1.0,0.7731,0.9998,0.01043071611531082,47050665.0
2026-05-26,AMZN,0,38028100,0.0269835799166683,0.4994,0.0,0.5006,2,0.4994,1.0,0.4994,0.0121,0.9999,-0.3332,0.3333,4.0,1.0,3.0,3.0,27535500.0,36591700.0,40340700.0,31338400.0,0.5287,0.9999,0.3332,0.3333,0.5115,1.0,0.0,1.0,0.013319325287095006,44913275.0
2026-05-26,BRK-B,0,4348600,0.0094129913990087,0.3996,0.0036,0.5969,5,0.396,0.9911,0.4031,-0.0358,0.3962,0.0753,0.226,4.0,6.0,13.0,4.0,4338200.0,3294000.0,5599900.0,4680300.0,0.4638,0.407,0.2323,0.2307,0.4614,0.9867,0.6621,0.9897,0.008022638741557408,4825320.0
2026-05-26,JPM,0,7725400,0.0145547355716914,0.4681,0.056,0.4759,24,0.4121,0.8931,0.5241,0.0708,0.0888,0.5387,0.4475,28.0,37.0,14.0,3.0,5973900.0,7874400.0,9327000.0,7546300.0,0.3746,0.5048,0.5529,0.4485,0.5945,0.588,0.9872,0.9989,0.013214508275404515,7715170.0
2026-05-26,META,1,12234200,0.0150601630664789,0.496,0.1615,0.3425,27,0.3345,0.7544,0.6575,-0.8406,-0.4967,0.5036,-0.0,1.0,2.0,2.0,2.0,11688600.0,13476100.0,11329700.0,13772400.0,0.8576,0.503,0.5037,0.0,0.0099,0.0063,0.9999,0.2282,0.012535832448623906,15914095.0
2026-05-26,MSFT,0,30398000,0.0162092071145684,0.0009,0.9988,0.0003,1,-0.9979,0.0009,0.9997,-1.0,1.0,0.4929,0.3333,2.0,1.0,2.0,3.0,22390300.0,31393500.0,27864000.0,50771200.0,1.0,1.0,0.493,0.3334,0.0,1.0,0.9998,0.9999,0.010755859288604131,34134215.0
2026-05-26,TSLA,1,45658900,0.0211035580434025,0.3904,0.1274,0.4821,43,0.263,0.7539,0.5179,0.9998,-0.0152,-0.0002,-0.439,1.0,1.0,4.0,1.0,46104700.0,42636900.0,45294700.0,52688700.0,0.9998,0.0153,0.001,0.4393,1.0,0.0026,0.3843,0.0004,0.01638119982720982,58621645.0
2026-05-26,UNH,0,6498100,0.0261916718952399,0.3384,0.0756,0.586,17,0.2628,0.8174,0.414,0.6036,0.3239,0.7141,-0.1388,13.0,6.0,6.0,49.0,5598600.0,4732500.0,7783900.0,8400700.0,0.6192,0.6664,0.9528,0.5397,0.9875,0.743,0.8747,0.3714,0.013307968061869659,6992510.0
2026-05-27,AAPL,1,50430900,0.0160867323603432,0.509,0.2279,0.2632,50,0.2811,0.6908,0.7368,0.2464,0.5,1.0,-0.3256,75.0,2.0,1.0,2.0,48000500.0,42965100.0,38229800.0,34483000.0,0.6014,0.5,1.0,0.3322,0.7048,1.0,1.0,0.01,0.010336433987528024,47780710.0
2026-05-27,AMZN,1,40061900,0.0252113154572826,0.6667,0.0,0.3333,6,0.6667,1.0,0.6667,0.4994,0.0121,0.9999,0.9952,2.0,4.0,1.0,1.0,38028100.0,27535500.0,36591700.0,33690800.0,0.4994,0.5287,0.9999,0.9952,1.0,0.5115,1.0,1.0,0.013475152948923421,44841525.0
2026-05-27,BRK-B,0,4152500,0.0149792006654471,0.2667,0.2355,0.4978,7,0.0312,0.5311,0.5022,0.396,-0.0358,0.3962,0.054,5.0,4.0,6.0,23.0,4348600.0,4338200.0,3294000.0,5030700.0,0.4031,0.4638,0.407,0.2145,0.9911,0.4614,0.9867,0.6259,0.008115393553210807,4849900.0
2026-05-27,GOOGL,1,23087300,0.0206377808188106,0.4243,0.2192,0.3564,14,0.2051,0.6593,0.6436,-0.0013,0.4879,0.0064,0.5,3.0,2.0,3.0,2.0,20442100.0,31744400.0,39545700.0,20309700.0,0.0088,0.4978,0.0093,0.5003,0.4237,0.99,0.8454,0.9997,0.014796978460229919,28820870.0
2026-05-27,JPM,0,11779200,0.0332786685130635,0.2248,0.1942,0.581,53,0.0307,0.5366,0.419,0.4121,0.0708,0.0888,0.6667,24.0,28.0,37.0,3.0,7725400.0,5973900.0,7874400.0,8066900.0,0.5241,0.3746,0.5048,0.6667,0.8931,0.5945,0.588,1.0,0.01321233707626398,7824145.0
2026-05-27,META,1,23143600,0.0484082684905768,0.4499,0.0865,0.4636,64,0.3633,0.8387,0.5364,0.3345,-0.8406,-0.4967,-0.0012,27.0,1.0,2.0,1.0,12234200.0,11688600.0,13476100.0,11749900.0,0.6575,0.8576,0.503,0.0013,0.7544,0.0099,0.0063,0.0396,0.0123787023087864,15861065.0
2026-05-27,MSFT,1,28901500,0.015474114298986,0.0106,0.0028,0.9866,1,0.0078,0.7897,0.0134,-0.9979,-1.0,1.0,0.177,1.0,2.0,1.0,2.0,30398000.0,22390300.0,31393500.0,32564100.0,0.9997,1.0,1.0,0.1776,0.0009,0.0,1.0,0.9982,0.010796667525482835,34051690.0
2026-05-27,TSLA,0,44656500,0.0227596395413095,0.566,0.1291,0.305,63,0.4369,0.8143,0.695,0.263,0.9998,-0.0152,0.3229,43.0,1.0,1.0,2.0,45658900.0,46104700.0,42636900.0,46500600.0,0.5179,0.9998,0.0153,0.6849,0.7539,1.0,0.0026,0.7357,0.016314768970728116,56372590.0
2026-05-27,UNH,1,4544000,0.0196601817651922,0.4126,0.0431,0.5443,12,0.3695,0.9054,0.4557,0.2628,0.6036,0.3239,0.0109,17.0,13.0,6.0,10.0,6498100.0,5598600.0,4732500.0,5016800.0,0.414,0.6192,0.6664,0.4149,0.8174,0.9875,0.743,0.5131,0.014894627296654228,6954610.0
2026-05-28,AAPL,1,48220400,0.0103964868832758,0.3996,0.1908,0.4096,48,0.2088,0.6768,0.5904,0.2811,0.2464,0.5,0.0009,50.0,75.0,2.0,1.0,50430900.0,48000500.0,42965100.0,42243600.0,0.7368,0.6014,0.5,0.0016,0.6908,0.7048,1.0,0.7731,0.010022696137742046,48394400.0
2026-05-28,AMZN,1,40630400,0.0259301349523293,0.459,0.1078,0.4332,106,0.3512,0.8098,0.5668,0.6667,0.4994,0.0121,-0.3332,6.0,2.0,4.0,3.0,40061900.0,38028100.0,27535500.0,40340700.0,0.6667,0.4994,0.5287,0.3332,1.0,1.0,0.5115,0.0,0.013488290060073797,44698500.0
2026-05-28,BRK-B,0,4120000,0.0100342074966188,0.2667,0.2456,0.4877,4,0.0212,0.5207,0.5123,0.0312,0.396,-0.0358,0.0753,7.0,5.0,4.0,13.0,4152500.0,4348600.0,4338200.0,5599900.0,0.5022,0.4031,0.4638,0.2323,0.5311,0.9911,0.4614,0.6621,0.008169470926374166,4813125.0
2026-05-28,GOOGL,1,24357500,0.0172937924099951,0.352,0.1428,0.5052,93,0.2093,0.7115,0.4948,0.2051,-0.0013,0.4879,0.6666,14.0,3.0,2.0,3.0,23087300.0,20442100.0,31744400.0,26837200.0,0.6436,0.0088,0.4978,0.6667,0.6593,0.4237,0.99,0.9999,0.014789632073826768,28960585.0
2026-05-28,JPM,0,9757700,0.0178781704919015,0.5288,0.0307,0.4406,26,0.4981,0.9452,0.5594,0.0307,0.4121,0.0708,0.5387,53.0,24.0,28.0,14.0,11779200.0,7725400.0,5973900.0,9327000.0,0.419,0.5241,0.3746,0.5529,0.5366,0.8931,0.5945,0.9872,0.013724159831503317,8064620.0
2026-05-28,META,0,16772400,0.0214073533094703,0.4188,0.1556,0.4257,66,0.2632,0.7291,0.5743,0.3633,0.3345,-0.8406,0.5036,64.0,27.0,1.0,2.0,23143600.0,12234200.0,11688600.0,11329700.0,0.5364,0.6575,0.8576,0.5037,0.8387,0.7544,0.0099,0.9999,0.014568944003840546,16391545.0
2026-05-28,MSFT,1,47250500,0.0407283073252605,0.5276,0.178,0.2943,97,0.3496,0.7477,0.7057,0.0078,-0.9979,-1.0,0.4929,1.0,1.0,2.0,2.0,28901500.0,30398000.0,22390300.0,27864000.0,0.0134,0.9997,1.0,0.493,0.7897,0.0009,0.0,0.9998,0.010478599000481764,34027855.0
2026-05-28,TSLA,1,32435000,0.0175037789579475,0.2296,0.2665,0.5039,52,-0.0369,0.4628,0.4961,0.4369,0.263,0.9998,-0.0002,63.0,43.0,1.0,4.0,44656500.0,45658900.0,46104700.0,45294700.0,0.695,0.5179,0.9998,0.001,0.8143,0.7539,1.0,0.3843,0.014977764306486724,55375220.0
2026-05-28,UNH,0,4330800,0.0215607296726456,0.4205,0.0206,0.5589,15,0.3999,0.9533,0.4411,0.3695,0.2628,0.6036,0.7141,12.0,17.0,13.0,6.0,4544000.0,6498100.0,5598600.0,7783900.0,0.4557,0.414,0.6192,0.9528,0.9054,0.8174,0.9875,0.8747,0.014107672432551732,6651605.0
2026-05-29,AAPL,1,70026800,0.0175444263330541,0.5384,0.1413,0.3203,33,0.3971,0.7921,0.6797,0.2088,0.2811,0.2464,1.0,48.0,50.0,75.0,1.0,48220400.0,50430900.0,48000500.0,38229800.0,0.5904,0.7368,0.6014,1.0,0.6768,0.6908,0.7048,1.0,0.010022933850106176,48732080.0
2026-05-29,AMZN,0,54749600,0.0188358774396822,0.4433,0.2096,0.3471,83,0.2337,0.679,0.6529,0.3512,0.6667,0.4994,0.9999,106.0,6.0,2.0,1.0,40630400.0,40061900.0,38028100.0,36591700.0,0.5668,0.6667,0.4994,0.9999,0.8098,1.0,1.0,1.0,0.013333344513976213,44926765.0
2026-05-29,BRK-B,0,7902300,0.0105261359432642,0.1549,0.0008,0.8442,2,0.1541,0.9946,0.1558,0.0212,0.0312,0.396,0.3962,4.0,7.0,5.0,6.0,4120000.0,4152500.0,4348600.0,3294000.0,0.5123,0.5022,0.4031,0.407,0.5207,0.5311,0.9911,0.9867,0.00822089833091002,4774005.0
2026-05-29,GOOGL,0,44415800,0.0175994158217374,0.424,0.1888,0.3873,91,0.2352,0.6919,0.6127,0.2093,0.2051,-0.0013,0.0064,93.0,14.0,3.0,3.0,24357500.0,23087300.0,20442100.0,39545700.0,0.4948,0.6436,0.0088,0.0093,0.7115,0.6593,0.4237,0.8454,0.014552238842501404,29245945.0
2026-05-29,JPM,1,13969000,0.0157894492987598,0.2658,0.1529,0.5813,32,0.1128,0.6347,0.4187,0.4981,0.0307,0.4121,0.0888,26.0,53.0,24.0,37.0,9757700.0,11779200.0,7725400.0,7874400.0,0.5594,0.419,0.5241,0.5048,0.9452,0.5366,0.8931,0.588,0.013632922340591125,8291740.0
2026-05-29,META,0,19806500,0.0176006699511641,0.2789,0.1653,0.5558,51,0.1136,0.6279,0.4442,0.2632,0.3633,0.3345,-0.4967,66.0,64.0,27.0,2.0,16772400.0,23143600.0,12234200.0,13476100.0,0.5743,0.5364,0.6575,0.503,0.7291,0.8387,0.7544,0.0063,0.014691243242470713,16797160.0
2026-05-29,MSFT,1,79654400,0.0415443341297797,0.5341,0.1072,0.3587,100,0.427,0.8329,0.6413,0.3496,0.0078,-0.9979,1.0,97.0,1.0,1.0,1.0,47250500.0,28901500.0,30398000.0,31393500.0,0.7057,0.0134,0.9997,1.0,0.7477,0.7897,0.0009,1.0,0.011877670324002328,34474980.0
2026-05-29,TSLA,0,45176800,0.0293963680717519,0.3841,0.2229,0.393,59,0.1612,0.6328,0.607,-0.0369,0.4369,0.263,-0.0152,52.0,63.0,43.0,1.0,32435000.0,44656500.0,45658900.0,42636900.0,0.4961,0.695,0.5179,0.0153,0.4628,0.8143,0.7539,0.0026,0.01403799749983761,54470440.0
2026-05-29,UNH,0,10257900,0.0251966828415078,0.0854,0.286,0.6286,15,-0.2006,0.23,0.3714,0.3999,0.3695,0.2628,0.3239,15.0,12.0,17.0,6.0,4330800.0,4544000.0,6498100.0,4732500.0,0.4411,0.4557,0.414,0.6664,0.9533,0.9054,0.8174,0.743,0.014149639970368581,6415815.0
2026-06-01,AAPL,0,48849900,0.0191196374200718,0.014,0.0004,0.9857,1,0.0136,0.9746,0.0143,0.3971,0.2088,0.2811,0.5,33.0,48.0,50.0,2.0,70026800.0,48220400.0,50430900.0,42965100.0,0.6797,0.5904,0.7368,0.5,0.7921,0.6768,0.6908,1.0,0.009719526574837871,50232475.0
2026-06-01,AMZN,0,53604400,0.0222689266795411,0.1498,0.1781,0.672,3,-0.0283,0.4569,0.328,0.2337,0.3512,0.6667,0.0121,83.0,106.0,6.0,4.0,54749600.0,40630400.0,40061900.0,27535500.0,0.6529,0.5668,0.6667,0.5287,0.679,0.8098,1.0,0.5115,0.013347485551879763,45709675.0
2026-06-01,BRK-B,0,6203600,0.0114787513655656,0.1014,0.1136,0.785,12,-0.0121,0.4718,0.215,0.1541,0.0212,0.0312,-0.0358,2.0,4.0,7.0,4.0,7902300.0,4120000.0,4152500.0,4338200.0,0.1558,0.5123,0.5022,0.4638,0.9946,0.5207,0.5311,0.4614,0.008293487466057714,5010340.0
2026-06-01,GOOGL,0,28672100,0.0133857662062634,0.2079,0.2608,0.5313,2,-0.0529,0.4435,0.4687,0.2352,0.2093,0.2051,0.4879,91.0,93.0,14.0,2.0,44415800.0,24357500.0,23087300.0,31744400.0,0.6127,0.4948,0.6436,0.4978,0.6919,0.7115,0.6593,0.99,0.014802689508239564,30145430.0
2026-06-01,JPM,0,7930000,0.0143773682159151,0.6293,0.3535,0.0172,3,0.2758,0.6403,0.9828,0.1128,0.4981,0.0307,0.0708,32.0,26.0,53.0,28.0,13969000.0,9757700.0,11779200.0,5973900.0,0.4187,0.5594,0.419,0.3746,0.6347,0.9452,0.5366,0.5945,0.013302239132777149,8593925.0
2026-06-01,META,0,29138800,0.0574555350577442,0.0004,0.0376,0.9621,1,-0.0372,0.0093,0.0379,0.1136,0.2632,0.3633,-0.8406,51.0,66.0,64.0,1.0,19806500.0,16772400.0,23143600.0,11688600.0,0.4442,0.5743,0.5364,0.8576,0.6279,0.7291,0.8387,0.0099,0.014510738885231855,17204135.0
2026-06-01,MSFT,0,53628900,0.0173178262928461,0.0009,0.0293,0.9698,3,-0.0284,0.0304,0.0302,0.427,0.3496,0.0078,-1.0,100.0,97.0,1.0,2.0,79654400.0,47250500.0,28901500.0,22390300.0,0.6413,0.7057,0.0134,1.0,0.8329,0.7477,0.7897,0.0,0.013964416661220449,37084830.0
2026-06-01,TSLA,0,44937900,0.03314700636608,0.7077,0.242,0.0503,2,0.4657,0.7452,0.9497,0.1612,-0.0369,0.4369,0.9998,59.0,52.0,63.0,1.0,45176800.0,32435000.0,44656500.0,46104700.0,0.607,0.4961,0.695,0.9998,0.6328,0.4628,0.8143,1.0,0.014423621254387202,53611140.0
2026-06-01,UNH,1,6623700,0.0197548402466269,0.7475,0.1831,0.0694,12,0.5644,0.8033,0.9306,-0.2006,0.3999,0.3695,0.6036,15.0,15.0,12.0,13.0,10257900.0,4330800.0,4544000.0,5598600.0,0.3714,0.4411,0.4557,0.6192,0.23,0.9533,0.9054,0.9875,0.014410046734038454,6584715.0
2026-06-02,BRK-B,1,4704700,0.0120638583568816,0.2203,0.0438,0.7358,16,0.1765,0.8341,0.2642,-0.0121,0.1541,0.0212,0.396,12.0,2.0,4.0,5.0,6203600.0,7902300.0,4120000.0,4348600.0,0.215,0.1558,0.5123,0.4031,0.4718,0.9946,0.5207,0.9911,0.008404432155085663,5065055.0
2026-06-02,UNH,0,3874400,0.0141806053118411,0.639,0.223,0.138,9,0.416,0.7413,0.862,0.5644,-0.2006,0.3999,0.2628,12.0,15.0,15.0,17.0,6623700.0,10257900.0,4330800.0,6498100.0,0.9306,0.3714,0.4411,0.414,0.8033,0.23,0.9533,0.8174,0.0142429818509185,6668630.0
2026-06-03,AMZN,0,51394200,0.0368276000644379,0.0,0.0,1.0,1,-0.0,0.1362,0.0,-0.0283,0.2337,0.3512,0.4994,3.0,83.0,106.0,2.0,53604400.0,54749600.0,40630400.0,38028100.0,0.328,0.6529,0.5668,0.4994,0.4569,0.679,0.8098,1.0,0.013624995168660687,45701025.0
2026-06-03,BRK-B,1,6586300,0.0216186208224898,0.3092,0.0037,0.6871,9,0.3055,0.9882,0.3129,0.1765,-0.0121,0.1541,0.0312,16.0,12.0,2.0,7.0,4704700.0,6203600.0,7902300.0,4152500.0,0.2642,0.215,0.1558,0.5022,0.8341,0.4718,0.9946,0.5311,0.008370720014323362,5059375.0
2026-06-03,JPM,1,7003900,0.0180047801237696,0.0062,0.001,0.9928,2,0.0052,0.8584,0.0072,0.2758,0.1128,0.4981,0.4121,3.0,32.0,26.0,24.0,7930000.0,13969000.0,9757700.0,7725400.0,0.9828,0.4187,0.5594,0.5241,0.6403,0.6347,0.9452,0.8931,0.013120813400181718,8620495.0
2026-06-03,META,1,23020100,0.0396019981472843,0.0478,0.0,0.9522,1,0.0478,0.9994,0.0478,-0.0372,0.1136,0.2632,0.3345,1.0,51.0,66.0,27.0,29138800.0,19806500.0,16772400.0,12234200.0,0.0379,0.4442,0.5743,0.6575,0.0093,0.6279,0.7291,0.7544,0.018160722864267894,17993660.0
2026-06-03,UNH,0,6808400,0.0280262997275903,0.2553,0.1365,0.6082,12,0.1189,0.6517,0.3918,0.416,0.5644,-0.2006,0.3695,9.0,12.0,15.0,12.0,3874400.0,6623700.0,10257900.0,4544000.0,0.862,0.9306,0.3714,0.4557,0.7413,0.8033,0.23,0.9054,0.014255897046806063,6616505.0
2026-06-04,BRK-B,0,5276000,0.0172134726741263,0.1418,0.3019,0.5563,7,-0.1601,0.3196,0.4437,0.3055,0.1765,-0.0121,0.0212,9.0,16.0,12.0,4.0,6586300.0,4704700.0,6203600.0,4120000.0,0.3129,0.2642,0.215,0.5123,0.9882,0.8341,0.4718,0.5207,0.00827274887453641,5043920.0
2026-06-04,JPM,1,10345200,0.0277032821719206,0.3581,0.0009,0.641,3,0.3572,0.9975,0.359,0.0052,0.2758,0.1128,0.0307,2.0,3.0,32.0,53.0,7003900.0,7930000.0,13969000.0,11779200.0,0.0072,0.9828,0.4187,0.419,0.8584,0.6403,0.6347,0.5366,0.013158355808541678,8569100.0
2026-06-04,UNH,1,12666100,0.0296410193810095,0.6313,0.1447,0.224,53,0.4866,0.8136,0.776,0.1189,0.416,0.5644,0.3999,12.0,9.0,12.0,15.0,6808400.0,3874400.0,6623700.0,4330800.0,0.3918,0.862,0.9306,0.4411,0.6517,0.7413,0.8033,0.9533,0.013638819432344193,6632475.0
2026-06-05,AAPL,0,65310500,0.0256345327199252,0.0,0.0,1.0,1,-0.0,0.203,0.0,0.0136,0.3971,0.2088,0.2464,1.0,33.0,48.0,75.0,48849900.0,70026800.0,48220400.0,48000500.0,0.0143,0.6797,0.5904,0.6014,0.9746,0.7921,0.6768,0.7048,0.010348784542877933,51172575.0
2026-06-05,AMZN,0,55607800,0.0416896339672918,0.0,0.0001,0.9998,1,-0.0001,0.0212,0.0002,-0.0,-0.0283,0.2337,0.6667,1.0,3.0,83.0,6.0,51394200.0,53604400.0,54749600.0,40061900.0,0.0,0.328,0.6529,0.6667,0.1362,0.4569,0.679,1.0,0.01408912695181447,46025395.0
2026-06-05,BRK-B,1,8475800,0.0242208655752017,0.0859,0.0011,0.913,10,0.0848,0.9878,0.087,-0.1601,0.3055,0.1765,0.1541,7.0,9.0,16.0,2.0,5276000.0,6586300.0,4704700.0,7902300.0,0.4437,0.3129,0.2642,0.1558,0.3196,0.9882,0.8341,0.9946,0.008260323349084763,5039085.0
2026-06-05,JPM,0,9118800,0.0171815640003475,0.3334,0.3332,0.3334,3,0.0002,0.5002,0.6666,0.3572,0.0052,0.2758,0.4981,3.0,2.0,3.0,26.0,10345200.0,7003900.0,7930000.0,9757700.0,0.359,0.0072,0.9828,0.5594,0.9975,0.8584,0.6403,0.9452,0.012895898963454217,8643090.0
2026-06-05,META,0,30091600,0.0741668264842797,0.0,0.0008,0.9992,2,-0.0008,0.0066,0.0008,0.0478,-0.0372,0.1136,0.3633,1.0,1.0,51.0,64.0,23020100.0,29138800.0,19806500.0,23143600.0,0.0478,0.0379,0.4442,0.5364,0.9994,0.0093,0.6279,0.8387,0.019370382574695116,18504405.0
2026-06-05,TSLA,0,63420200,0.0858263884373143,0.024,0.01,0.966,1,0.014,0.7066,0.034,0.4657,0.1612,-0.0369,0.263,2.0,59.0,52.0,43.0,44937900.0,45176800.0,32435000.0,45658900.0,0.9497,0.607,0.4961,0.5179,0.7452,0.6328,0.4628,0.7539,0.016138922145730473,51159560.0
2026-06-05,UNH,0,10897300,0.0171196781088359,0.5469,0.0927,0.3604,23,0.4541,0.855,0.6396,0.4866,0.1189,0.416,-0.2006,53.0,12.0,9.0,15.0,12666100.0,6808400.0,3874400.0,10257900.0,0.776,0.3918,0.862,0.3714,0.8136,0.6517,0.7413,0.23,0.013835387273652947,6931005.0
2026-06-08,BRK-B,1,5188400,0.0120132398313871,0.1695,0.0025,0.828,6,0.167,0.9854,0.172,0.0848,-0.1601,0.3055,-0.0121,10.0,7.0,9.0,12.0,8475800.0,5276000.0,6586300.0,6203600.0,0.087,0.4437,0.3129,0.215,0.9878,0.3196,0.9882,0.4718,0.00867604591172094,5177930.0
2026-06-08,TSLA,1,50328800,0.0459717958216643,0.0,0.0,1.0,1,0.0,0.6885,0.0,0.014,0.4657,0.1612,0.4369,1.0,2.0,59.0,63.0,63420200.0,44937900.0,45176800.0,44656500.0,0.034,0.9497,0.607,0.695,0.7066,0.7452,0.6328,0.8143,0.023344575612896677,51185905.0
2026-06-08,UNH,1,6963200,0.0345478836955461,0.6853,0.0,0.3146,7,0.6853,1.0,0.6854,0.4541,0.4866,0.1189,0.5644,23.0,53.0,12.0,12.0,10897300.0,12666100.0,6808400.0,6623700.0,0.6396,0.776,0.3918,0.9306,0.855,0.8136,0.6517,0.8033,0.013826134302884109,7214100.0
2026-06-09,AAPL,0,70108800,0.043193024088947,0.039,0.4429,0.5181,3,-0.4038,0.081,0.4819,-0.0,0.0136,0.3971,0.2811,1.0,1.0,33.0,50.0,65310500.0,48849900.0,70026800.0,50430900.0,0.0,0.0143,0.6797,0.7368,0.203,0.9746,0.7921,0.6908,0.011510003720225072,49845690.0
2026-06-09,AMZN,0,44425400,0.0404876234298576,0.0,0.3248,0.6752,1,-0.3248,0.0,0.3248,-0.0001,-0.0,-0.0283,0.3512,1.0,1.0,3.0,106.0,55607800.0,51394200.0,53604400.0,40630400.0,0.0002,0.0,0.328,0.5668,0.0212,0.1362,0.4569,0.8098,0.015642674060746993,46695565.0
2026-06-09,BRK-B,1,4912200,0.012725109798411,0.1669,0.0004,0.8326,6,0.1665,0.9973,0.1674,0.167,0.0848,-0.1601,0.1765,6.0,10.0,7.0,16.0,5188400.0,8475800.0,5276000.0,4704700.0,0.172,0.087,0.4437,0.2642,0.9854,0.9878,0.3196,0.8341,0.00829848370540292,5142375.0
2026-06-09,JPM,0,11594600,0.0236356206541823,0.0003,0.0,0.9997,2,0.0002,0.858,0.0003,0.0002,0.3572,0.0052,0.1128,3.0,3.0,2.0,32.0,9118800.0,10345200.0,7003900.0,13969000.0,0.6666,0.359,0.0072,0.4187,0.5002,0.9975,0.8584,0.6347,0.012809731849018652,8732120.0
2026-06-09,TSLA,0,59940200,0.0833516041830828,0.0,0.3248,0.6752,1,-0.3248,0.0,0.3248,0.0,0.014,0.4657,-0.0369,1.0,1.0,2.0,52.0,50328800.0,63420200.0,44937900.0,32435000.0,0.0,0.034,0.9497,0.4961,0.6885,0.7066,0.7452,0.4628,0.024063607515815943,50365555.0
2026-06-09,UNH,1,8590400,0.0135613007415505,0.6525,0.001,0.3465,9,0.6515,0.9985,0.6535,0.6853,0.4541,0.4866,0.416,7.0,23.0,53.0,9.0,6963200.0,10897300.0,12666100.0,3874400.0,0.6854,0.6396,0.776,0.862,1.0,0.855,0.8136,0.7413,0.013990239154277828,7239505.0
2026-06-10,AAPL,1,52793300,0.0253490932267223,0.2871,0.0124,0.7005,5,0.2747,0.9586,0.2995,-0.4038,-0.0,0.0136,0.2088,3.0,1.0,1.0,48.0,70108800.0,65310500.0,48849900.0,48220400.0,0.4819,0.0,0.0143,0.5904,0.081,0.203,0.9746,0.6768,0.014069390814985384,49355360.0
2026-06-10,BRK-B,0,5062700,0.0147296875207096,0.2494,0.2111,0.5395,8,0.0383,0.5416,0.4605,0.1665,0.167,0.0848,0.3055,6.0,6.0,10.0,9.0,4912200.0,5188400.0,8475800.0,6586300.0,0.1674,0.172,0.087,0.3129,0.9973,0.9854,0.9878,0.9882,0.008302405696387346,5126705.0
2026-06-10,GOOGL,0,32357100,0.0367851131962749,0.5866,0.3039,0.1095,1,0.2827,0.6587,0.8905,-0.0529,0.2352,0.2093,-0.0013,2.0,91.0,93.0,3.0,28672100.0,44415800.0,24357500.0,20442100.0,0.4687,0.6127,0.4948,0.0088,0.4435,0.6919,0.7115,0.4237,0.01467351300006971,30150190.0
2026-06-10,JPM,0,7446200,0.0183004903550743,0.0005,0.0021,0.9975,1,-0.0016,0.1789,0.0025,0.0002,0.0002,0.3572,0.2758,2.0,3.0,3.0,3.0,11594600.0,9118800.0,10345200.0,7930000.0,0.0003,0.6666,0.359,0.9828,0.858,0.5002,0.9975,0.6403,0.012699416654738059,8996010.0
2026-06-10,TSLA,0,49695600,0.0432650612241653,0.038,0.9197,0.0423,1,-0.8818,0.0397,0.9577,-0.3248,0.0,0.014,0.1612,1.0,1.0,1.0,59.0,59940200.0,50328800.0,63420200.0,45176800.0,0.3248,0.0,0.034,0.607,0.0,0.6885,0.7066,0.6328,0.02545054144604789,50819345.0
2026-06-10,UNH,0,6512900,0.0276421358968787,0.2729,0.005,0.7222,11,0.2679,0.9821,0.2778,0.6515,0.6853,0.4541,0.1189,9.0,7.0,23.0,12.0,8590400.0,6963200.0,10897300.0,6808400.0,0.6535,0.6854,0.6396,0.3918,0.9985,1.0,0.855,0.6517,0.013928130796877243,7321545.0
2026-06-11,AAPL,1,42572500,0.0252281207657405,0.3314,0.0019,0.6667,3,0.3296,0.9943,0.3333,0.2747,-0.4038,-0.0,0.3971,5.0,3.0,1.0,33.0,52793300.0,70108800.0,65310500.0,70026800.0,0.2995,0.4819,0.0,0.6797,0.9586,0.081,0.203,0.7921,0.013778223854716857,49661605.0
2026-06-11,BRK-B,1,5664300,0.011203619133955,0.4998,0.0,0.5002,4,0.4998,1.0,0.4998,0.0383,0.1665,0.167,-0.1601,8.0,6.0,6.0,7.0,5062700.0,4912200.0,5188400.0,5276000.0,0.4605,0.1674,0.172,0.4437,0.5416,0.9973,0.9854,0.3196,0.008497019169008035,5165305.0
2026-06-11,GOOGL,1,35538200,0.0349507001303425,0.3334,0.333,0.3336,3,0.0004,0.5003,0.6664,0.2827,-0.0529,0.2352,0.2051,1.0,2.0,91.0,14.0,32357100.0,28672100.0,44415800.0,23087300.0,0.8905,0.4687,0.6127,0.6436,0.6587,0.4435,0.6919,0.6593,0.015455639067932151,30376840.0
2026-06-11,JPM,1,9116600,0.0188654748157026,0.3335,0.0048,0.6617,3,0.3288,0.9859,0.3383,-0.0016,0.0002,0.0002,0.0052,1.0,2.0,3.0,2.0,7446200.0,11594600.0,9118800.0,7003900.0,0.0025,0.0003,0.6666,0.0072,0.1789,0.858,0.5002,0.8584,0.011532376639638206,8950340.0
2026-06-11,TSLA,1,45324300,0.0486247165503472,0.0,0.0,1.0,1,0.0,0.5427,0.0,-0.8818,-0.3248,0.0,0.4657,1.0,1.0,1.0,2.0,49695600.0,59940200.0,50328800.0,44937900.0,0.9577,0.3248,0.0,0.9497,0.0397,0.0,0.6885,0.7452,0.02605605608841756,51034885.0
2026-06-11,UNH,0,4938100,0.0168090474380309,0.4098,0.2438,0.3464,10,0.166,0.627,0.6536,0.2679,0.6515,0.6853,0.4866,11.0,9.0,7.0,53.0,6512900.0,8590400.0,6963200.0,12666100.0,0.2778,0.6535,0.6854,0.776,0.9821,0.9985,1.0,0.8136,0.012318926163501099,7185375.0
2026-06-12,AAPL,0,38742100,0.0254028968761928,0.3113,0.2008,0.4879,5,0.1105,0.6079,0.5121,0.3296,0.2747,-0.4038,0.0136,3.0,5.0,3.0,1.0,42572500.0,52793300.0,70108800.0,48849900.0,0.3333,0.2995,0.4819,0.0143,0.9943,0.9586,0.081,0.9746,0.012665839735098886,49324645.0
2026-06-12,BRK-B,1,4591300,0.0112601564048567,0.1735,0.0015,0.825,4,0.172,0.9913,0.175,0.4998,0.0383,0.1665,0.0848,4.0,8.0,6.0,10.0,5664300.0,5062700.0,4912200.0,8475800.0,0.4998,0.4605,0.1674,0.087,1.0,0.5416,0.9973,0.9878,0.008467336995361754,5167405.0
2026-06-12,GOOGL,0,24704600,0.0320721555331059,1.0,0.0,0.0,1,1.0,1.0,1.0,0.0004,0.2827,-0.0529,0.2093,3.0,1.0,2.0,93.0,35538200.0,32357100.0,28672100.0,24357500.0,0.6664,0.8905,0.4687,0.4948,0.5003,0.6587,0.4435,0.7115,0.015432286053167764,30384935.0
2026-06-12,JPM,1,7426200,0.0181979301129404,0.0,0.0001,0.9999,1,-0.0001,0.1284,0.0001,0.3288,-0.0016,0.0002,0.3572,3.0,1.0,2.0,3.0,9116600.0,7446200.0,11594600.0,10345200.0,0.3383,0.0025,0.0003,0.359,0.9859,0.1789,0.858,0.9975,0.011049862038974186,8932955.0
2026-06-12,META,0,14326400,0.0264769745823388,0.0004,0.1603,0.8393,1,-0.1599,0.0025,0.1607,-0.0008,0.0478,-0.0372,0.2632,2.0,1.0,1.0,66.0,30091600.0,23020100.0,29138800.0,16772400.0,0.0008,0.0478,0.0379,0.5743,0.0066,0.9994,0.0093,0.7291,0.022553154407376687,19478645.0
2026-06-12,UNH,0,7269600,0.0124202757109899,0.484,0.0023,0.5137,4,0.4817,0.9953,0.4863,0.166,0.2679,0.6515,0.4541,10.0,11.0,9.0,23.0,4938100.0,6512900.0,8590400.0,10897300.0,0.6536,0.2778,0.6535,0.6396,0.627,0.9821,0.9985,0.855,0.012202105518621775,7009575.0
2026-06-15,AAPL,1,45732600,0.0206717893145725,0.2845,0.0253,0.6902,7,0.2592,0.9183,0.3098,0.1105,0.3296,0.2747,-0.0,5.0,3.0,5.0,1.0,38742100.0,42572500.0,52793300.0,65310500.0,0.5121,0.3333,0.2995,0.0,0.6079,0.9943,0.9586,0.203,0.01252905227208022,48344945.0
2026-06-15,AMZN,1,41711600,0.0125704096700191,0.1169,0.0068,0.8764,4,0.1101,0.9452,0.1236,-0.3248,-0.0001,-0.0,0.2337,1.0,1.0,1.0,83.0,44425400.0,55607800.0,51394200.0,54749600.0,0.3248,0.0002,0.0,0.6529,0.0,0.0212,0.1362,0.679,0.014901178799680344,45298440.0
2026-06-15,BRK-B,1,6253600,0.019587307902185,0.0556,0.2779,0.6664,5,-0.2223,0.1668,0.3336,0.172,0.4998,0.0383,0.167,4.0,4.0,8.0,6.0,4591300.0,5664300.0,5062700.0,5188400.0,0.175,0.4998,0.4605,0.172,0.9913,1.0,0.5416,0.9854,0.008432085433894215,5175345.0
2026-06-15,GOOGL,1,27727500,0.017503336421614,0.48,0.0868,0.4332,1,0.3932,0.8469,0.5668,1.0,0.0004,0.2827,0.2352,1.0,3.0,1.0,91.0,24704600.0,35538200.0,32357100.0,44415800.0,1.0,0.6664,0.8905,0.6127,1.0,0.5003,0.6587,0.6919,0.014202486634907113,28018165.0
2026-06-15,JPM,0,7988900,0.0218573005567725,0.5,0.0094,0.4906,2,0.4905,0.9815,0.5094,-0.0001,0.3288,-0.0016,0.0002,1.0,3.0,1.0,3.0,7426200.0,9116600.0,7446200.0,9118800.0,0.0001,0.3383,0.0025,0.6666,0.1284,0.9859,0.1789,0.5002,0.011373127429292241,8828665.0
2026-06-15,META,1,17653300,0.0378858955222152,0.324,0.0094,0.6666,11,0.3147,0.9719,0.3334,-0.1599,-0.0008,0.0478,0.1136,1.0,2.0,1.0,51.0,14326400.0,30091600.0,23020100.0,19806500.0,0.1607,0.0008,0.0478,0.4442,0.0025,0.0066,0.9994,0.6279,0.022691558685163524,19247590.0
2026-06-15,MSFT,1,32266400,0.0224294207920388,0.9993,0.0,0.0007,3,0.9992,1.0,0.9993,-0.0284,0.427,0.3496,-0.9979,3.0,100.0,97.0,1.0,53628900.0,79654400.0,47250500.0,30398000.0,0.0302,0.6413,0.7057,0.9997,0.0304,0.8329,0.7477,0.0009,0.01445832355221028,38222910.0
2026-06-15,TSLA,0,45620500,0.0215825448065278,0.1668,0.0629,0.7704,6,0.1039,0.7263,0.2296,0.0,-0.8818,-0.3248,0.014,1.0,1.0,1.0,1.0,45324300.0,49695600.0,59940200.0,63420200.0,0.0,0.9577,0.3248,0.034,0.5427,0.0397,0.0,0.7066,0.026277683294303883,50747300.0
2026-06-15,UNH,1,6777900,0.0356774264325289,0.3404,0.0039,0.6558,10,0.3365,0.9888,0.3442,0.4817,0.166,0.2679,0.6853,4.0,10.0,11.0,7.0,7269600.0,4938100.0,6512900.0,6963200.0,0.4863,0.6536,0.2778,0.6854,0.9953,0.627,0.9821,1.0,0.012152852670091375,7105930.0
2026-06-16,AAPL,1,39874400,0.0220491439987299,0.2929,0.2823,0.4248,7,0.0105,0.5092,0.5752,0.2592,0.1105,0.3296,-0.4038,7.0,5.0,3.0,3.0,45732600.0,38742100.0,42572500.0,70108800.0,0.3098,0.5121,0.3333,0.4819,0.9183,0.6079,0.9943,0.081,0.01256256532922005,48370360.0
2026-06-16,AMZN,0,35187400,0.0163709578975555,0.2037,0.005,0.7913,5,0.1988,0.9761,0.2087,0.1101,-0.3248,-0.0001,-0.0283,4.0,1.0,1.0,3.0,41711600.0,44425400.0,55607800.0,53604400.0,0.1236,0.3248,0.0002,0.328,0.9452,0.0,0.0212,0.4569,0.013774337552554753,42335275.0
2026-06-16,BRK-B,0,4345900,0.0148088850485725,0.3334,0.0025,0.6641,6,0.331,0.9926,0.3359,-0.2223,0.172,0.4998,0.1665,5.0,4.0,4.0,6.0,6253600.0,4591300.0,5664300.0,4912200.0,0.3336,0.175,0.4998,0.1674,0.1668,0.9913,1.0,0.9973,0.009009461539200838,5319270.0
2026-06-16,GOOGL,1,24876100,0.024188317894406,0.5,0.4896,0.0104,2,0.0104,0.5053,0.9896,0.3932,1.0,0.0004,-0.0529,1.0,1.0,3.0,2.0,27727500.0,24704600.0,35538200.0,28672100.0,0.5668,1.0,0.6664,0.4687,0.8469,1.0,0.5003,0.4435,0.014013816835413234,27899280.0
2026-06-16,JPM,1,11094900,0.0238359891375108,0.1936,0.0017,0.8046,5,0.1919,0.9912,0.1954,0.4905,-0.0001,0.3288,0.0002,2.0,1.0,3.0,2.0,7988900.0,7426200.0,9116600.0,11594600.0,0.5094,0.0001,0.3383,0.0003,0.9815,0.1284,0.9859,0.858,0.011314639658855956,8753200.0
2026-06-16,META,1,11344400,0.0232628602554583,0.626,0.0002,0.3738,3,0.6259,0.9998,0.6262,0.3147,-0.1599,-0.0008,-0.0372,11.0,1.0,2.0,1.0,17653300.0,14326400.0,30091600.0,29138800.0,0.3334,0.1607,0.0008,0.0379,0.9719,0.0025,0.0066,0.0093,0.02306766800910129,17492005.0
2026-06-16,MSFT,0,31506800,0.0155385274102652,0.0004,0.5003,0.4994,2,-0.4999,0.0008,0.5006,0.9992,-0.0284,0.427,0.0078,3.0,3.0,100.0,1.0,32266400.0,53628900.0,79654400.0,28901500.0,0.9993,0.0302,0.6413,0.0134,1.0,0.0304,0.8329,0.7897,0.014424350053679275,38314325.0
2026-06-16,TSLA,1,40255500,0.0293979493540039,0.1586,0.1273,0.7141,4,0.0312,0.5546,0.2859,0.1039,0.0,-0.8818,0.0,6.0,1.0,1.0,1.0,45620500.0,45324300.0,49695600.0,50328800.0,0.2296,0.0,0.9577,0.0,0.7263,0.5427,0.0397,0.6885,0.02575604152345783,49761410.0
2026-06-16,UNH,0,4815100,0.012686255839084,0.0007,0.3439,0.6554,3,-0.3432,0.002,0.3446,0.3365,0.4817,0.166,0.6515,10.0,4.0,10.0,9.0,6777900.0,7269600.0,4938100.0,8590400.0,0.3442,0.4863,0.6536,0.6535,0.9888,0.9953,0.627,0.9985,0.012364069130480815,6954265.0
2026-06-17,AAPL,0,42745100,0.0256274615796531,0.2263,0.0052,0.7685,5,0.2211,0.9775,0.2315,0.0105,0.2592,0.1105,0.2747,7.0,7.0,5.0,5.0,39874400.0,45732600.0,38742100.0,52793300.0,0.5752,0.3098,0.5121,0.2995,0.5092,0.9183,0.6079,0.9586,0.012666641310020802,47729440.0
2026-06-17,AMZN,0,44780800,0.0404655120828551,0.4869,0.0029,0.5103,4,0.484,0.9942,0.4897,0.1988,0.1101,-0.3248,-0.0,5.0,4.0,1.0,1.0,35187400.0,41711600.0,44425400.0,51394200.0,0.2087,0.1236,0.3248,0.0,0.9761,0.9452,0.0,0.1362,0.01347014292466388,41553385.0
2026-06-17,BRK-B,0,5412000,0.0139283011377951,1.0,0.0,0.0,2,1.0,1.0,1.0,0.331,-0.2223,0.172,0.0383,6.0,5.0,4.0,8.0,4345900.0,6253600.0,4591300.0,5062700.0,0.3359,0.3336,0.175,0.4605,0.9926,0.1668,0.9913,0.5416,0.00882481696652222,5302550.0
2026-06-17,GOOGL,0,24543600,0.0279305323929623,0.5766,0.0072,0.4163,2,0.5694,0.9877,0.5837,0.0104,0.3932,1.0,0.2827,2.0,1.0,1.0,1.0,24876100.0,27727500.0,24704600.0,32357100.0,0.9896,0.5668,1.0,0.8905,0.5053,0.8469,1.0,0.6587,0.014123763297001258,27828155.0
2026-06-17,JPM,1,12246400,0.0188752759104055,0.1036,0.368,0.5284,3,-0.2644,0.2197,0.4716,0.1919,0.4905,-0.0001,-0.0016,5.0,2.0,1.0,1.0,11094900.0,7988900.0,7426200.0,7446200.0,0.1954,0.5094,0.0001,0.0025,0.9912,0.9815,0.1284,0.1789,0.01213255086918884,8922470.0
2026-06-17,META,0,20478300,0.0466553971574113,0.3197,0.3563,0.324,6,-0.0366,0.4729,0.676,0.6259,0.3147,-0.1599,0.0478,3.0,11.0,1.0,1.0,11344400.0,17653300.0,14326400.0,23020100.0,0.6262,0.3334,0.1607,0.0478,0.9998,0.9719,0.0025,0.9994,0.022981751269734663,16989025.0
2026-06-17,MSFT,0,41987800,0.0334400712183695,0.4277,0.5621,0.0102,7,-0.1344,0.4321,0.9898,-0.4999,0.9992,-0.0284,0.3496,2.0,3.0,3.0,97.0,31506800.0,32266400.0,53628900.0,47250500.0,0.5006,0.9993,0.0302,0.7057,0.0008,1.0,0.0304,0.7477,0.014577507301457236,37975250.0
2026-06-17,TSLA,0,43534300,0.0303339544064205,0.9992,0.0003,0.0005,1,0.999,0.9997,0.9995,0.0312,0.1039,0.0,-0.3248,4.0,6.0,1.0,1.0,40255500.0,45620500.0,45324300.0,59940200.0,0.2859,0.2296,0.0,0.3248,0.5546,0.7263,0.5427,0.0,0.025707031807394847,49335930.0
2026-06-17,UNH,0,5838800,0.0307245000836935,0.2501,0.3434,0.4065,8,-0.0934,0.4214,0.5935,-0.3432,0.3365,0.4817,0.2679,3.0,10.0,4.0,11.0,4815100.0,6777900.0,7269600.0,6512900.0,0.3446,0.3442,0.4863,0.2778,0.002,0.9888,0.9953,0.9821,0.012489367481962787,6774985.0
2026-06-18,AAPL,0,85962200,0.0166046508009239,1.0,0.0,0.0,1,1.0,1.0,1.0,0.2211,0.0105,0.2592,0.3296,5.0,7.0,7.0,3.0,42745100.0,39874400.0,45732600.0,42572500.0,0.2315,0.5752,0.3098,0.3333,0.9775,0.5092,0.9183,0.9943,0.013207751799766935,47754330.0
2026-06-18,AMZN,1,75624400,0.0404380795124508,0.3779,0.2422,0.3798,8,0.1357,0.6094,0.6202,0.484,0.1988,0.1101,-0.0001,4.0,5.0,4.0,1.0,44780800.0,35187400.0,41711600.0,55607800.0,0.4897,0.2087,0.1236,0.0002,0.9942,0.9761,0.9452,0.0212,0.014151819688341342,41338240.0
2026-06-18,BRK-B,0,8882300,0.0158295653182078,0.0,0.0021,0.9978,1,-0.0021,0.0088,0.0022,1.0,0.331,-0.2223,0.4998,2.0,6.0,5.0,4.0,5412000.0,4345900.0,6253600.0,5664300.0,1.0,0.3359,0.3336,0.4998,1.0,0.9926,0.1668,1.0,0.008303903089635715,5321615.0
2026-06-18,GOOGL,1,44470100,0.0295557007753759,0.4528,0.0009,0.5463,4,0.4519,0.998,0.4537,0.5694,0.0104,0.3932,0.0004,2.0,2.0,1.0,3.0,24543600.0,24876100.0,27727500.0,35538200.0,0.5837,0.9896,0.5668,0.6664,0.9877,0.5053,0.8469,0.5003,0.01447248429890186,27833660.0
2026-06-18,JPM,0,20111000,0.0413414220837667,0.2001,0.0972,0.7027,5,0.1029,0.6731,0.2973,-0.2644,0.1919,0.4905,0.3288,3.0,5.0,2.0,3.0,12246400.0,11094900.0,7988900.0,9116600.0,0.4716,0.1954,0.5094,0.3383,0.2197,0.9912,0.9815,0.9859,0.011951453218604796,9166575.0
2026-06-18,META,1,28824600,0.0298872157017684,0.2933,0.0443,0.6624,2,0.249,0.8689,0.3376,-0.0366,0.6259,0.3147,-0.0008,6.0,3.0,11.0,2.0,20478300.0,11344400.0,17653300.0,30091600.0,0.676,0.6262,0.3334,0.0008,0.4729,0.9998,0.9719,0.0066,0.025017535679783983,17202745.0
2026-06-18,MSFT,1,59714200,0.0214123026336939,0.5,0.5,0.0,2,0.0,0.5,1.0,-0.1344,-0.4999,0.9992,0.427,7.0,2.0,3.0,100.0,41987800.0,31506800.0,32266400.0,79654400.0,0.9898,0.5006,0.9993,0.6413,0.4321,0.0008,1.0,0.8329,0.016347156324025672,36529170.0
2026-06-18,TSLA,1,58384700,0.0447625635102526,0.3522,0.0097,0.6381,3,0.3425,0.9732,0.3619,0.999,0.0312,0.1039,-0.8818,1.0,4.0,6.0,1.0,43534300.0,40255500.0,45620500.0,49695600.0,0.9995,0.2859,0.2296,0.9577,0.9997,0.5546,0.7263,0.0397,0.024502668318024404,48839375.0
2026-06-18,UNH,0,11896900,0.0175038322190078,0.1433,0.4314,0.4253,7,-0.2881,0.2493,0.5747,-0.0934,-0.3432,0.3365,0.166,8.0,3.0,10.0,10.0,5838800.0,4815100.0,6777900.0,4938100.0,0.5935,0.3446,0.3442,0.6536,0.4214,0.002,0.9888,0.627,0.013577622392450207,6816085.0
2026-06-22,AAPL,0,44879900,0.0190373808771563,0.0,0.4999,0.5001,2,-0.4998,0.0,0.4999,1.0,0.2211,0.0105,0.1105,1.0,5.0,7.0,5.0,85962200.0,42745100.0,39874400.0,38742100.0,1.0,0.2315,0.5752,0.5121,1.0,0.9775,0.5092,0.6079,0.013074799156079139,49765035.0
2026-06-22,AMZN,0,68388500,0.0406530924375119,0.2262,0.2095,0.5643,11,0.0166,0.5191,0.4357,0.1357,0.484,0.1988,-0.3248,8.0,4.0,5.0,1.0,75624400.0,44780800.0,35187400.0,44425400.0,0.6202,0.4897,0.2087,0.3248,0.6094,0.9942,0.9761,0.0,0.015076491869417764,43024035.0
2026-06-22,BRK-B,0,6076300,0.0104757557744565,0.238,0.0043,0.7577,5,0.2337,0.9822,0.2423,-0.0021,1.0,0.331,0.172,1.0,2.0,6.0,4.0,8882300.0,5412000.0,4345900.0,4591300.0,0.0022,1.0,0.3359,0.175,0.0088,1.0,0.9926,0.9913,0.007826154035469855,5485735.0
2026-06-22,GOOGL,0,52814800,0.0480514362912861,0.0019,0.4958,0.5023,8,-0.4938,0.0038,0.4977,0.4519,0.5694,0.0104,1.0,4.0,2.0,2.0,1.0,44470100.0,24543600.0,24876100.0,24704600.0,0.4537,0.5837,0.9896,1.0,0.998,0.9877,0.5053,1.0,0.014374473565402002,28984075.0
2026-06-22,JPM,1,10182500,0.0182589893563354,0.4428,0.173,0.3843,25,0.2698,0.7191,0.6157,0.1029,-0.2644,0.1919,-0.0001,5.0,3.0,5.0,1.0,20111000.0,12246400.0,11094900.0,7426200.0,0.2973,0.4716,0.1954,0.0001,0.6731,0.2197,0.9912,0.1284,0.014352639322683153,9794810.0
2026-06-22,META,0,15405500,0.0279710490082347,0.5,0.0,0.5,2,0.5,1.0,0.5,0.249,-0.0366,0.6259,-0.1599,2.0,6.0,3.0,1.0,28824600.0,20478300.0,11344400.0,14326400.0,0.3376,0.676,0.6262,0.1607,0.8689,0.4729,0.9998,0.0025,0.02482597905653266,17785410.0
2026-06-22,MSFT,0,45171100,0.0387501941156479,0.1705,0.1996,0.6299,6,-0.0291,0.4606,0.3701,0.0,-0.1344,-0.4999,-0.0284,2.0,7.0,2.0,3.0,59714200.0,41987800.0,31506800.0,53628900.0,1.0,0.9898,0.5006,0.0302,0.5,0.4321,0.0008,0.0304,0.016346385152467304,37946260.0
2026-06-22,TSLA,1,47819500,0.0515385736075703,0.001,0.5012,0.4978,4,-0.5003,0.0019,0.5022,0.3425,0.999,0.0312,0.0,3.0,1.0,4.0,1.0,58384700.0,43534300.0,40255500.0,45324300.0,0.3619,0.9995,0.2859,0.0,0.9732,0.9997,0.5546,0.5427,0.024379376148964346,48543900.0
2026-06-22,UNH,1,5818600,0.0182025576664882,0.7777,0.0,0.2223,9,0.7777,1.0,0.7777,-0.2881,-0.0934,-0.3432,0.4817,7.0,8.0,3.0,4.0,11896900.0,5838800.0,4815100.0,7269600.0,0.5747,0.5935,0.3446,0.4863,0.2493,0.4214,0.002,0.9953,0.01312850535220172,7021735.0
2026-06-23,AAPL,0,52010900,0.0250723323197389,0.5,0.0,0.5,2,0.5,1.0,0.5,-0.4998,1.0,0.2211,0.2592,2.0,1.0,5.0,7.0,44879900.0,85962200.0,42745100.0,45732600.0,0.4999,1.0,0.2315,0.3098,0.0,1.0,0.9775,0.9183,0.012288047299215364,49374815.0
2026-06-23,AMZN,1,60492600,0.0209417116890065,0.9982,0.0015,0.0003,2,0.9967,0.9985,0.9997,0.0166,0.1357,0.484,0.1101,11.0,8.0,4.0,4.0,68388500.0,75624400.0,44780800.0,41711600.0,0.4357,0.6202,0.4897,0.1236,0.5191,0.6094,0.9942,0.9452,0.015833208822595812,44215860.0
2026-06-23,BRK-B,1,4428100,0.0088405365827064,0.2506,0.0002,0.7492,4,0.2504,0.9993,0.2508,0.2337,-0.0021,1.0,-0.2223,5.0,1.0,2.0,5.0,6076300.0,8882300.0,5412000.0,6253600.0,0.2423,0.0022,1.0,0.3336,0.9822,0.0088,1.0,0.1668,0.007826858194083838,5624850.0
2026-06-23,GOOGL,1,34007700,0.0266811361435649,0.3629,0.1675,0.4696,6,0.1954,0.6842,0.5304,-0.4938,0.4519,0.5694,0.3932,8.0,4.0,2.0,1.0,52814800.0,44470100.0,24543600.0,27727500.0,0.4977,0.4537,0.5837,0.5668,0.0038,0.998,0.9877,0.8469,0.015022079719928822,30087130.0
2026-06-23,JPM,1,7582200,0.0247670611341734,0.2005,0.2696,0.5299,25,-0.0691,0.4265,0.4701,0.2698,0.1029,-0.2644,0.4905,25.0,5.0,3.0,2.0,10182500.0,20111000.0,12246400.0,7988900.0,0.6157,0.2973,0.4716,0.5094,0.7191,0.6731,0.2197,0.9815,0.013781251640396841,9900590.0
2026-06-23,META,0,13103300,0.0198843800369608,0.25,0.0016,0.7484,4,0.2484,0.9935,0.2516,0.5,0.249,-0.0366,0.3147,2.0,2.0,6.0,11.0,15405500.0,28824600.0,20478300.0,17653300.0,0.5,0.3376,0.676,0.3334,1.0,0.8689,0.4729,0.9719,0.024701536274599624,17559910.0
2026-06-23,MSFT,1,40647600,0.0175895260408251,0.4352,0.2647,0.3001,9,0.1705,0.6218,0.6999,-0.0291,0.0,-0.1344,0.9992,6.0,2.0,7.0,3.0,45171100.0,59714200.0,41987800.0,32266400.0,0.3701,1.0,0.9898,0.9993,0.4606,0.5,0.4321,1.0,0.01747209189990959,38801490.0
2026-06-23,TSLA,0,50420200,0.0351748505485095,0.1298,0.6373,0.233,7,-0.5075,0.1692,0.767,-0.5003,0.3425,0.999,0.1039,4.0,3.0,1.0,6.0,47819500.0,58384700.0,43534300.0,45620500.0,0.5022,0.3619,0.9995,0.2296,0.0019,0.9732,0.9997,0.7263,0.024733948124892092,47520715.0
2026-06-23,UNH,0,6675900,0.017239689753845,0.4024,0.1567,0.4409,8,0.2457,0.7197,0.5591,0.7777,-0.2881,-0.0934,0.3365,9.0,7.0,8.0,10.0,5818600.0,11896900.0,5838800.0,6777900.0,0.7777,0.5747,0.5935,0.3442,1.0,0.2493,0.4214,0.9888,0.013354109866361518,7076040.0
2026-06-24,AAPL,0,53081900,0.0228873581422298,0.6667,0.0001,0.3333,3,0.6666,0.9999,0.6667,0.5,-0.4998,1.0,0.0105,2.0,2.0,1.0,7.0,52010900.0,44879900.0,85962200.0,39874400.0,0.5,0.4999,1.0,0.5752,1.0,0.0,1.0,0.5092,0.012436871769135585,50209115.0
2026-06-24,AMZN,1,70282600,0.0404960486360267,0.4998,0.0005,0.4996,4,0.4993,0.999,0.5004,0.9967,0.0166,0.1357,0.1988,2.0,11.0,8.0,5.0,60492600.0,68388500.0,75624400.0,35187400.0,0.9997,0.4357,0.6202,0.2087,0.9985,0.5191,0.6094,0.9761,0.01598972367457521,45445845.0
2026-06-24,BRK-B,1,4707800,0.0141990712563394,0.0001,0.1672,0.8327,6,-0.1671,0.0005,0.1673,0.2504,0.2337,-0.0021,0.331,4.0,5.0,1.0,6.0,4428100.0,6076300.0,8882300.0,4345900.0,0.2508,0.2423,0.0022,0.3359,0.9993,0.9822,0.0088,0.9926,0.007240597718267427,5629345.0
2026-06-24,GOOGL,0,44997300,0.0330908148859398,0.0005,0.1432,0.8563,7,-0.1428,0.0032,0.1437,0.1954,-0.4938,0.4519,0.0104,6.0,8.0,4.0,2.0,34007700.0,52814800.0,44470100.0,24876100.0,0.5304,0.4977,0.4537,0.9896,0.6842,0.0038,0.998,0.5053,0.015481126396244651,30486640.0
2026-06-24,JPM,1,7907400,0.0142913191249653,0.424,0.1632,0.4129,42,0.2608,0.7221,0.5871,-0.0691,0.2698,0.1029,0.1919,25.0,25.0,5.0,5.0,7582200.0,10182500.0,20111000.0,11094900.0,0.4701,0.6157,0.2973,0.1954,0.4265,0.7191,0.6731,0.9912,0.01356953736435819,9813350.0
2026-06-24,META,0,13963600,0.0240082398382099,0.4013,0.0005,0.5983,5,0.4008,0.9988,0.4017,0.2484,0.5,0.249,0.6259,4.0,2.0,2.0,3.0,13103300.0,15405500.0,28824600.0,11344400.0,0.2516,0.5,0.3376,0.6262,0.9935,1.0,0.8689,0.9998,0.024689520193025723,17599705.0
2026-06-24,MSFT,0,44509900,0.0379471050557976,0.2933,0.112,0.5947,7,0.1813,0.7236,0.4053,0.1705,-0.0291,0.0,-0.4999,9.0,6.0,2.0,2.0,40647600.0,45171100.0,59714200.0,31506800.0,0.6999,0.3701,1.0,0.5006,0.6218,0.4606,0.5,0.0008,0.017289087205495945,39319575.0
2026-06-24,TSLA,0,37081400,0.0303357166560638,0.3603,0.4859,0.1538,3,-0.1256,0.4258,0.8462,-0.5075,-0.5003,0.3425,0.0312,7.0,4.0,3.0,4.0,50420200.0,47819500.0,58384700.0,40255500.0,0.767,0.5022,0.3619,0.2859,0.1692,0.0019,0.9732,0.5546,0.02478213848752557,47407290.0
2026-06-24,UNH,0,6858800,0.0327129936090303,0.2667,0.0121,0.7213,15,0.2546,0.9566,0.2787,0.2457,0.7777,-0.2881,-0.3432,8.0,9.0,7.0,3.0,6675900.0,5818600.0,11896900.0,4815100.0,0.5591,0.7777,0.5747,0.3446,0.7197,1.0,0.2493,0.002,0.012749426892493861,7129905.0
2026-06-25,AAPL,0,107013700,0.0523659989999493,0.0024,0.5095,0.4881,9,-0.5071,0.0048,0.5119,0.6666,0.5,-0.4998,0.2211,3.0,2.0,2.0,5.0,53081900.0,52010900.0,44879900.0,42745100.0,0.6667,0.5,0.4999,0.2315,0.9999,1.0,0.0,0.9775,0.012429989882217326,51139060.0
2026-06-25,AMZN,0,77674100,0.0291785369700749,0.2822,0.2196,0.4981,9,0.0626,0.5624,0.5019,0.4993,0.9967,0.0166,0.484,4.0,2.0,11.0,4.0,70282600.0,60492600.0,68388500.0,44780800.0,0.5004,0.9997,0.4357,0.4897,0.999,0.9985,0.5191,0.9942,0.015933117097086183,47223340.0
2026-06-25,BRK-B,0,7054100,0.0192666509667953,0.0618,0.3991,0.5392,5,-0.3373,0.134,0.4608,-0.1671,0.2504,0.2337,1.0,6.0,4.0,5.0,2.0,4707800.0,4428100.0,6076300.0,5412000.0,0.1673,0.2508,0.2423,1.0,0.0005,0.9993,0.9822,1.0,0.007200740883957542,5647305.0
2026-06-25,GOOGL,1,44491400,0.0288955859854237,0.57,0.0001,0.4299,7,0.5698,0.9998,0.5701,-0.1428,0.1954,-0.4938,0.5694,7.0,6.0,8.0,2.0,44997300.0,34007700.0,52814800.0,24543600.0,0.1437,0.5304,0.4977,0.5837,0.0032,0.6842,0.0038,0.9877,0.0116434044663032,31329275.0
2026-06-25,JPM,1,10043100,0.0259434041768886,0.3122,0.1382,0.5497,52,0.174,0.6932,0.4503,0.2608,-0.0691,0.2698,-0.2644,42.0,25.0,25.0,3.0,7907400.0,7582200.0,10182500.0,12246400.0,0.5871,0.4701,0.6157,0.4716,0.7221,0.4265,0.7191,0.2197,0.013515758682007353,9815000.0
2026-06-25,META,0,16968600,0.0290883530461163,0.3918,0.2007,0.4075,56,0.191,0.6612,0.5925,0.4008,0.2484,0.5,-0.0366,5.0,4.0,2.0,6.0,13963600.0,13103300.0,15405500.0,20478300.0,0.4017,0.2516,0.5,0.676,0.9988,0.9935,1.0,0.4729,0.0237108164416549,17566165.0
2026-06-25,MSFT,0,66179000,0.0414312077472605,0.215,0.3288,0.4562,12,-0.1139,0.3953,0.5438,0.1813,0.1705,-0.0291,-0.1344,7.0,9.0,6.0,7.0,44509900.0,40647600.0,45171100.0,41987800.0,0.4053,0.6999,0.3701,0.9898,0.7236,0.6218,0.4606,0.4321,0.017846257942969703,39797950.0
2026-06-25,TSLA,0,30138800,0.0210514939317371,0.435,0.2223,0.3427,43,0.2127,0.6618,0.6573,-0.1256,-0.5075,-0.5003,0.999,3.0,7.0,4.0,1.0,37081400.0,50420200.0,47819500.0,43534300.0,0.8462,0.767,0.5022,0.9995,0.4258,0.1692,0.0019,0.9997,0.02479326431079065,46936330.0
2026-06-25,UNH,1,6014400,0.0268781331361917,0.6257,0.0016,0.3727,11,0.6241,0.9975,0.6273,0.2546,0.2457,0.7777,-0.0934,15.0,8.0,9.0,8.0,6858800.0,6675900.0,5818600.0,5838800.0,0.2787,0.5591,0.7777,0.5935,0.9566,0.7197,1.0,0.4214,0.011851503501128942,7147940.0
2026-06-26,AAPL,1,261775500,0.0426909845525569,0.2679,0.3539,0.3781,68,-0.086,0.4309,0.6219,-0.5071,0.6666,0.5,1.0,9.0,3.0,2.0,1.0,107013700.0,53081900.0,52010900.0,85962200.0,0.5119,0.6667,0.5,1.0,0.0048,0.9999,1.0,1.0,0.01521010963412649,54377565.0
2026-06-26,AMZN,1,248372100,0.0341973891293304,0.1285,0.2947,0.5768,10,-0.1661,0.3037,0.4232,0.0626,0.4993,0.9967,0.1357,9.0,4.0,2.0,8.0,77674100.0,70282600.0,60492600.0,75624400.0,0.5019,0.5004,0.9997,0.6202,0.5624,0.999,0.9985,0.6094,0.016333282710305944,49540125.0
2026-06-26,BRK-B,1,7250800,0.0191334959808727,0.1953,0.1893,0.6154,6,0.0061,0.5079,0.3846,-0.3373,-0.1671,0.2504,-0.0021,5.0,6.0,4.0,1.0,7054100.0,4707800.0,4428100.0,8882300.0,0.4608,0.1673,0.2508,0.0022,0.134,0.0005,0.9993,0.0088,0.007518010221244819,5792385.0
2026-06-26,GOOGL,0,114706300,0.0471755180861312,0.0438,0.5004,0.4558,2,-0.4566,0.0805,0.5442,0.5698,-0.1428,0.1954,0.4519,7.0,7.0,6.0,4.0,44491400.0,44997300.0,34007700.0,44470100.0,0.5701,0.1437,0.5304,0.4537,0.9998,0.0032,0.6842,0.998,0.012499443737024957,32497010.0
2026-06-26,JPM,0,17640900,0.0264880770728702,0.3036,0.2179,0.4785,37,0.0856,0.5821,0.5215,0.174,0.2608,-0.0691,0.1029,52.0,42.0,25.0,5.0,10043100.0,7907400.0,7582200.0,20111000.0,0.4503,0.5871,0.4701,0.2973,0.6932,0.7221,0.4265,0.6731,0.01346223510323188,10018460.0
2026-06-26,META,1,18867700,0.0302756107755903,0.278,0.2136,0.5083,53,0.0644,0.5655,0.4917,0.191,0.4008,0.2484,0.249,56.0,5.0,4.0,2.0,16968600.0,13963600.0,13103300.0,28824600.0,0.5925,0.4017,0.2516,0.3376,0.6612,0.9988,0.9935,0.8689,0.02412257046372213,17725975.0
2026-06-26,MSFT,1,186201600,0.0593027944497738,0.2845,0.2978,0.4176,28,-0.0133,0.4886,0.5824,-0.1139,0.1813,0.1705,0.0,12.0,7.0,9.0,2.0,66179000.0,44509900.0,40647600.0,59714200.0,0.5438,0.4053,0.6999,1.0,0.3953,0.7236,0.6218,0.5,0.01862134395764042,41177190.0
2026-06-26,TSLA,1,53434100,0.0518708145509861,0.3115,0.2167,0.4718,52,0.0948,0.5897,0.5282,0.2127,-0.1256,-0.5075,0.3425,43.0,3.0,7.0,3.0,30138800.0,37081400.0,50420200.0,58384700.0,0.6573,0.8462,0.767,0.3619,0.6618,0.4258,0.1692,0.9732,0.023904976109457503,46178535.0
2026-06-26,UNH,1,10588200,0.0282823647397607,0.4011,0.1204,0.4785,10,0.2807,0.7692,0.5215,0.6241,0.2546,0.2457,-0.2881,11.0,15.0,8.0,7.0,6014400.0,6858800.0,6675900.0,11896900.0,0.6273,0.2787,0.5591,0.5747,0.9975,0.9566,0.7197,0.2493,0.01240926302156013,7221460.0
2026-06-29,AAPL,0,66427000,0.0297143259764256,0.4572,0.2726,0.2702,76,0.1846,0.6265,0.7298,-0.086,-0.5071,0.6666,-0.4998,68.0,9.0,3.0,2.0,261775500.0,107013700.0,53081900.0,44879900.0,0.6219,0.5119,0.6667,0.4999,0.4309,0.0048,0.9999,0.0,0.016815343057594415,65554850.0
2026-06-29,AMZN,1,77619200,0.0679276047271366,0.488,0.1324,0.3797,105,0.3556,0.7866,0.6203,-0.1661,0.0626,0.4993,0.0166,10.0,9.0,4.0,11.0,248372100.0,77674100.0,70282600.0,68388500.0,0.4232,0.5019,0.5004,0.4357,0.3037,0.5624,0.999,0.5191,0.017576460493641165,60274190.0
2026-06-29,BRK-B,0,5200700,0.0100845515729527,0.0932,0.0003,0.9064,4,0.0929,0.9964,0.0936,0.0061,-0.3373,-0.1671,0.2337,6.0,5.0,6.0,5.0,7250800.0,7054100.0,4707800.0,6076300.0,0.3846,0.4608,0.1673,0.2423,0.5079,0.134,0.0005,0.9822,0.008289799483683314,5948925.0
2026-06-29,GOOGL,1,34213900,0.0400198730747958,0.4817,0.1612,0.3572,122,0.3205,0.7493,0.6428,-0.4566,0.5698,-0.1428,-0.4938,2.0,7.0,7.0,8.0,114706300.0,44491400.0,44997300.0,52814800.0,0.5442,0.5701,0.1437,0.4977,0.0805,0.9998,0.0032,0.0038,0.012797303866246737,37216840.0
2026-06-29,JPM,1,7981800,0.0158096821637174,0.4041,0.2343,0.3617,30,0.1698,0.633,0.6383,0.0856,0.174,0.2608,0.2698,37.0,52.0,42.0,25.0,17640900.0,10043100.0,7907400.0,10182500.0,0.5215,0.4503,0.5871,0.6157,0.5821,0.6932,0.7221,0.7191,0.01420560443307695,10514235.0
2026-06-29,META,1,15011400,0.0230357578822544,0.4619,0.1676,0.3705,67,0.2943,0.7337,0.6295,0.0644,0.191,0.4008,0.5,53.0,56.0,5.0,2.0,18867700.0,16968600.0,13963600.0,15405500.0,0.4917,0.5925,0.4017,0.5,0.5655,0.6612,0.9988,1.0,0.02431435198380285,18081865.0
2026-06-29,MSFT,0,51229900,0.0545695525920943,0.4339,0.2113,0.3548,103,0.2226,0.6725,0.6452,-0.0133,-0.1139,0.1813,-0.0291,28.0,12.0,7.0,6.0,186201600.0,66179000.0,44509900.0,45171100.0,0.5824,0.5438,0.4053,0.3701,0.4886,0.3953,0.7236,0.4606,0.02090174163254865,49003915.0
2026-06-29,TSLA,1,57645800,0.0889756160727451,0.4753,0.121,0.4036,74,0.3543,0.797,0.5964,0.0948,0.2127,-0.1256,-0.5003,52.0,43.0,3.0,4.0,53434100.0,30138800.0,37081400.0,47819500.0,0.5282,0.6573,0.8462,0.5022,0.5897,0.6618,0.4258,0.0019,0.024907853556447656,46718395.0
2026-06-29,UNH,0,5167400,0.0255316500119666,0.3093,0.0814,0.6093,13,0.2279,0.7917,0.3907,0.2807,0.6241,0.2546,0.7777,10.0,11.0,15.0,9.0,10588200.0,6014400.0,6858800.0,5818600.0,0.5215,0.6273,0.2787,0.7777,0.7692,0.9975,0.9566,1.0,0.013759870679121633,7534330.0
2026-06-30,AAPL,1,65100200,0.0328626446388452,0.3555,0.2885,0.356,92,0.067,0.552,0.644,0.1846,-0.086,-0.5071,0.5,76.0,68.0,9.0,2.0,66427000.0,261775500.0,107013700.0,52010900.0,0.7298,0.6219,0.5119,0.5,0.6265,0.4309,0.0048,1.0,0.01661768146528954,66727945.0
2026-06-30,AMZN,1,66228300,0.0184116073512195,0.3869,0.2105,0.4026,91,0.1765,0.6477,0.5974,0.3556,-0.1661,0.0626,0.9967,105.0,10.0,9.0,2.0,77619200.0,248372100.0,77674100.0,60492600.0,0.6203,0.4232,0.5019,0.9997,0.7866,0.3037,0.5624,0.9985,0.018793144329965775,62138115.0
2026-06-30,BRK-B,1,5910500,0.0116615871648413,0.1125,0.2166,0.6709,9,-0.1041,0.3418,0.3291,0.0929,0.0061,-0.3373,0.2504,4.0,6.0,5.0,4.0,5200700.0,7250800.0,7054100.0,4428100.0,0.0936,0.3846,0.4608,0.2508,0.9964,0.5079,0.134,0.9993,0.008232327249618615,5813845.0
2026-06-30,GOOGL,1,35237200,0.0232288731289042,0.4503,0.243,0.3066,119,0.2073,0.6495,0.6934,0.3205,-0.4566,0.5698,0.1954,122.0,2.0,7.0,6.0,34213900.0,114706300.0,44491400.0,34007700.0,0.6428,0.5442,0.5701,0.5304,0.7493,0.0805,0.9998,0.6842,0.015274759192717938,37585675.0
2026-06-30,JPM,0,8080100,0.0114324229929699,0.3476,0.272,0.3804,34,0.0756,0.561,0.6196,0.1698,0.0856,0.174,-0.0691,30.0,37.0,52.0,25.0,7981800.0,17640900.0,10043100.0,7582200.0,0.6383,0.5215,0.4503,0.4701,0.633,0.5821,0.6932,0.4265,0.013559279210414417,10324365.0
2026-06-30,META,1,18111100,0.0251541792172976,0.3955,0.3247,0.2798,43,0.0708,0.5491,0.7202,0.2943,0.0644,0.191,0.2484,67.0,53.0,56.0,4.0,15011400.0,18867700.0,16968600.0,13103300.0,0.6295,0.4917,0.5925,0.2516,0.7337,0.5655,0.6612,0.9935,0.02427058939922284,18265950.0
2026-06-30,MSFT,1,44945700,0.0180577896975887,0.4048,0.285,0.3102,88,0.1198,0.5868,0.6898,0.2226,-0.0133,-0.1139,0.1705,103.0,28.0,12.0,9.0,51229900.0,186201600.0,66179000.0,40647600.0,0.6452,0.5824,0.5438,0.6999,0.6725,0.4886,0.3953,0.6218,0.021669722740203883,50211535.0
2026-06-30,TSLA,1,43385600,0.0456650456771474,0.3647,0.2205,0.4147,68,0.1442,0.6232,0.5853,0.3543,0.0948,0.2127,-0.5075,74.0,52.0,43.0,7.0,57645800.0,53434100.0,30138800.0,50420200.0,0.5964,0.5282,0.6573,0.767,0.797,0.5897,0.6618,0.1692,0.031004533048503643,47295450.0
2026-06-30,UNH,0,5779800,0.0224498254328407,0.5686,0.0834,0.3481,12,0.4852,0.8721,0.6519,0.2279,0.2807,0.6241,0.2457,13.0,10.0,11.0,8.0,5167400.0,10588200.0,6014400.0,6675900.0,0.3907,0.5215,0.6273,0.5591,0.7917,0.7692,0.9975,0.7197,0.014120703716068593,7279805.0
2026-07-01,AAPL,1,50164200,0.0251839697020689,0.309,0.0265,0.6645,5,0.2824,0.9209,0.3355,0.067,0.1846,-0.086,0.6666,92.0,76.0,68.0,3.0,65100200.0,66427000.0,261775500.0,53081900.0,0.644,0.7298,0.6219,0.6667,0.552,0.6265,0.4309,0.9999,0.018289367526859293,67582930.0
2026-07-01,AMZN,1,53829900,0.0417101147028154,0.406,0.0331,0.5609,5,0.3729,0.9246,0.4391,0.1765,0.3556,-0.1661,0.4993,91.0,105.0,10.0,4.0,66228300.0,77619200.0,248372100.0,70282600.0,0.5974,0.6203,0.4232,0.5004,0.6477,0.7866,0.3037,0.999,0.01815429799117814,63619945.0
2026-07-01,BRK-B,0,4101300,0.0094653570474031,0.0024,0.0001,0.9975,2,0.0024,0.9788,0.0025,-0.1041,0.0929,0.0061,-0.1671,9.0,4.0,6.0,6.0,5910500.0,5200700.0,7250800.0,4707800.0,0.3291,0.0936,0.3846,0.1673,0.3418,0.9964,0.5079,0.0005,0.00814006553997313,5799190.0
2026-07-01,GOOGL,1,26736400,0.0182493195134355,0.1375,0.1188,0.7438,8,0.0187,0.5365,0.2562,0.2073,0.3205,-0.4566,-0.1428,119.0,122.0,2.0,7.0,35237200.0,34213900.0,114706300.0,44997300.0,0.6934,0.6428,0.5442,0.1437,0.6495,0.7493,0.0805,0.0032,0.014542223845792138,37370250.0
2026-07-01,JPM,1,15210200,0.0323720347196121,0.3871,0.1355,0.4775,23,0.2516,0.7408,0.5225,0.0756,0.1698,0.0856,0.2608,34.0,30.0,37.0,42.0,8080100.0,7981800.0,17640900.0,7907400.0,0.6196,0.6383,0.5215,0.5871,0.561,0.633,0.5821,0.7221,0.01359132298012338,10240485.0
2026-07-01,META,1,45536300,0.0545805385282746,0.0032,0.2268,0.77,8,-0.2236,0.0139,0.23,0.0708,0.2943,0.0644,0.4008,43.0,67.0,53.0,5.0,18111100.0,15011400.0,18867700.0,13963600.0,0.7202,0.6295,0.4917,0.4017,0.5491,0.7337,0.5655,0.9988,0.024082683768170594,18497700.0
2026-07-01,MSFT,1,48065800,0.0366041866852386,0.3541,0.0239,0.622,11,0.3302,0.9368,0.378,0.1198,0.2226,-0.0133,0.1813,88.0,103.0,28.0,7.0,44945700.0,51229900.0,186201600.0,44509900.0,0.6898,0.6452,0.5824,0.4053,0.5868,0.6725,0.4886,0.7236,0.021342794544180366,49920260.0
2026-07-01,TSLA,1,40127900,0.0350448187565299,0.75,0.0001,0.2499,4,0.7499,0.9998,0.7501,0.1442,0.3543,0.0948,-0.1256,68.0,74.0,52.0,3.0,43385600.0,57645800.0,53434100.0,37081400.0,0.5853,0.5964,0.5282,0.8462,0.6232,0.797,0.5897,0.4258,0.032032102329486944,47181785.0
2026-07-01,UNH,1,4985900,0.034259496365927,0.183,0.1284,0.6886,6,0.0547,0.5877,0.3114,0.4852,0.2279,0.2807,0.2546,12.0,13.0,10.0,15.0,5779800.0,5167400.0,10588200.0,6858800.0,0.6519,0.3907,0.5215,0.2787,0.8721,0.7917,0.7692,0.9566,0.014558909145491633,7237610.0
2026-07-02,AAPL,1,75352800,0.0535156433199373,0.5118,0.0715,0.4167,6,0.4403,0.8774,0.5833,0.2824,0.067,0.1846,-0.5071,5.0,92.0,76.0,9.0,50164200.0,65100200.0,66427000.0,107013700.0,0.3355,0.644,0.7298,0.5119,0.9209,0.552,0.6265,0.0048,0.01815796849679029,67569595.0
2026-07-02,AMZN,1,48246400,0.0233434020752483,0.421,0.3091,0.2698,8,0.1119,0.5766,0.7302,0.3729,0.1765,0.3556,0.0626,5.0,91.0,105.0,9.0,53829900.0,66228300.0,77619200.0,77674100.0,0.4391,0.5974,0.6203,0.5019,0.9246,0.6477,0.7866,0.5624,0.018322636069665586,64934665.0
2026-07-02,BRK-B,1,4386500,0.0151334247685812,0.0001,0.0001,0.9998,2,0.0,0.5564,0.0002,0.0024,-0.1041,0.0929,-0.3373,2.0,9.0,4.0,5.0,4101300.0,5910500.0,5200700.0,7054100.0,0.0025,0.3291,0.0936,0.4608,0.9788,0.3418,0.9964,0.134,0.008267071771739723,5769020.0
2026-07-02,GOOGL,1,25974800,0.0300155160164221,0.2016,0.4002,0.3983,5,-0.1986,0.335,0.6017,0.0187,0.2073,0.3205,0.5698,8.0,119.0,122.0,7.0,26736400.0,35237200.0,34213900.0,44491400.0,0.2562,0.6934,0.6428,0.5701,0.5365,0.6495,0.7493,0.9998,0.014630810363896064,37119850.0
2026-07-02,JPM,0,8413900,0.0243477050287556,0.3926,0.145,0.4625,39,0.2476,0.7303,0.5375,0.2516,0.0756,0.1698,0.174,23.0,34.0,30.0,52.0,15210200.0,8080100.0,7981800.0,10043100.0,0.5225,0.6196,0.6383,0.4503,0.7408,0.561,0.633,0.6932,0.013963702137858903,10302545.0
2026-07-02,META,0,21705900,0.0486593451256316,0.1049,0.1266,0.7685,5,-0.0217,0.4532,0.2315,-0.2236,0.0708,0.2943,0.191,8.0,43.0,67.0,56.0,45536300.0,18111100.0,15011400.0,16968600.0,0.23,0.7202,0.6295,0.5925,0.0139,0.5491,0.7337,0.6612,0.02416319697469221,20190085.0
2026-07-02,MSFT,1,42128900,0.0221077813075237,0.398,0.1536,0.4484,8,0.2445,0.7216,0.5516,0.3302,0.1198,0.2226,-0.1139,11.0,88.0,103.0,12.0,48065800.0,44945700.0,51229900.0,66179000.0,0.378,0.6898,0.6452,0.5438,0.9368,0.5868,0.6725,0.3953,0.02112510550265198,50695345.0
2026-07-02,TSLA,0,73717700,0.1005818025941044,0.2691,0.431,0.2999,14,-0.1619,0.3844,0.7001,0.7499,0.1442,0.3543,0.2127,4.0,68.0,74.0,43.0,40127900.0,43385600.0,57645800.0,30138800.0,0.7501,0.5853,0.5964,0.6573,0.9998,0.6232,0.797,0.6618,0.03204617776096944,46955355.0
2026-07-02,UNH,0,3928800,0.0225632484337405,0.5001,0.0004,0.4995,14,0.4997,0.9992,0.5005,0.0547,0.4852,0.2279,0.6241,6.0,12.0,13.0,11.0,4985900.0,5779800.0,5167400.0,6014400.0,0.3114,0.6519,0.3907,0.6273,0.5877,0.8721,0.7917,0.9975,0.015380218633829596,7293185.0
2026-07-06,AAPL,1,53590000,0.0234253401554395,0.2059,0.0189,0.7752,5,0.187,0.916,0.2248,0.4403,0.2824,0.067,-0.086,6.0,5.0,92.0,68.0,75352800.0,50164200.0,65100200.0,261775500.0,0.5833,0.3355,0.644,0.6219,0.8774,0.9209,0.552,0.4309,0.021620239286424266,68926215.0
2026-07-06,AMZN,1,40044000,0.0211648414221917,0.5,0.0003,0.4997,2,0.4997,0.9994,0.5003,0.1119,0.3729,0.1765,-0.1661,8.0,5.0,91.0,10.0,48246400.0,53829900.0,66228300.0,248372100.0,0.7302,0.4391,0.5974,0.4232,0.5766,0.9246,0.6477,0.3037,0.018331739460272622,65445580.0
2026-07-06,BRK-B,1,4126100,0.0076998892329405,0.0011,0.0001,0.9988,2,0.0011,0.9353,0.0012,0.0,0.0024,-0.1041,0.0061,2.0,2.0,9.0,6.0,4386500.0,4101300.0,5910500.0,7250800.0,0.0002,0.0025,0.3291,0.3846,0.5564,0.9788,0.3418,0.5079,0.008350537881060206,5659030.0
2026-07-06,GOOGL,1,26915800,0.0291798870119446,0.4279,0.0226,0.5495,3,0.4054,0.9499,0.4505,-0.1986,0.0187,0.2073,-0.4566,5.0,8.0,119.0,2.0,25974800.0,26736400.0,35237200.0,114706300.0,0.6017,0.2562,0.6934,0.5442,0.335,0.5365,0.6495,0.0805,0.01436295429470111,37396485.0
2026-07-06,JPM,1,8673500,0.0167463160272854,0.7097,0.0591,0.2312,25,0.6506,0.9231,0.7688,0.2476,0.2516,0.0756,0.0856,39.0,23.0,34.0,37.0,8413900.0,15210200.0,8080100.0,17640900.0,0.5375,0.5225,0.6196,0.5215,0.7303,0.7408,0.561,0.5821,0.01416133589133295,10326740.0
2026-07-06,META,1,17674100,0.036682143667377,0.9967,0.0,0.0033,1,0.9966,1.0,0.9967,-0.0217,-0.2236,0.0708,0.0644,5.0,8.0,43.0,53.0,21705900.0,45536300.0,18111100.0,18867700.0,0.2315,0.23,0.7202,0.4917,0.4532,0.0139,0.5491,0.5655,0.025567111603526732,20663670.0
2026-07-06,MSFT,0,34224500,0.0204888189869416,0.0188,0.4426,0.5385,5,-0.4238,0.0408,0.4615,0.2445,0.3302,0.1198,-0.0133,8.0,11.0,88.0,28.0,42128900.0,48065800.0,44945700.0,186201600.0,0.5516,0.378,0.6898,0.5824,0.7216,0.9368,0.5868,0.4886,0.02108718229481683,51408590.0
2026-07-06,TSLA,1,54727900,0.0742138364779874,0.4905,0.0508,0.4587,21,0.4397,0.9061,0.5413,-0.1619,0.7499,0.1442,0.0948,14.0,4.0,68.0,52.0,73717700.0,40127900.0,43385600.0,53434100.0,0.7001,0.7501,0.5853,0.5282,0.3844,0.9998,0.6232,0.5897,0.036838802522753955,49019490.0
2026-07-06,UNH,0,6379000,0.0221729317456611,0.6941,0.1539,0.152,14,0.5401,0.8185,0.848,0.4997,0.0547,0.4852,0.2807,14.0,6.0,12.0,10.0,3928800.0,4985900.0,5779800.0,10588200.0,0.5005,0.3114,0.6519,0.5215,0.9992,0.5877,0.8721,0.7692,0.015337493663634138,7149205.0
2026-07-07,AAPL,0,42490000,0.0169051252668676,0.3364,0.0001,0.6635,3,0.3363,0.9997,0.3365,0.187,0.4403,0.2824,0.1846,5.0,6.0,5.0,76.0,53590000.0,75352800.0,50164200.0,66427000.0,0.2248,0.5833,0.3355,0.7298,0.916,0.8774,0.9209,0.6265,0.022017714651922926,68104375.0
2026-07-07,AMZN,0,40579600,0.0252246976893294,0.5784,0.2223,0.1993,9,0.3561,0.7224,0.8007,0.4997,0.1119,0.3729,0.3556,2.0,8.0,5.0,105.0,40044000.0,48246400.0,53829900.0,77619200.0,0.5003,0.7302,0.4391,0.6203,0.9994,0.5766,0.9246,0.7866,0.017478232084281328,65444685.0
2026-07-07,BRK-B,0,3761400,0.0173487967241016,0.3442,0.3329,0.3229,6,0.0113,0.5083,0.6771,0.0011,0.0,0.0024,0.0929,2.0,2.0,2.0,4.0,4126100.0,4386500.0,4101300.0,5200700.0,0.0012,0.0002,0.0025,0.0936,0.9353,0.5564,0.9788,0.9964,0.008137931046437143,5601535.0
2026-07-07,GOOGL,0,24045600,0.0207548798604494,0.054,0.0021,0.9439,2,0.0519,0.9633,0.0561,0.4054,-0.1986,0.0187,0.3205,3.0,5.0,8.0,122.0,26915800.0,25974800.0,26736400.0,34213900.0,0.4505,0.6017,0.2562,0.6428,0.9499,0.335,0.5365,0.7493,0.014601943155226421,37587910.0
2026-07-07,JPM,0,7115800,0.0126400299716295,0.4347,0.0629,0.5024,51,0.3718,0.8736,0.4976,0.6506,0.2476,0.2516,0.1698,25.0,39.0,23.0,30.0,8673500.0,8413900.0,15210200.0,7981800.0,0.7688,0.5375,0.5225,0.6383,0.9231,0.7303,0.7408,0.633,0.014253803047966846,10410220.0
2026-07-07,META,1,18560800,0.035731366568037,0.1582,0.1444,0.6974,7,0.0138,0.5228,0.3026,0.9966,-0.0217,-0.2236,0.2943,1.0,5.0,8.0,67.0,17674100.0,21705900.0,45536300.0,15011400.0,0.9967,0.2315,0.23,0.6295,1.0,0.4532,0.0139,0.7337,0.023320784101510054,20390195.0
2026-07-07,MSFT,0,29297500,0.0187266077769946,0.5,0.0001,0.4999,4,0.4999,0.9999,0.5001,-0.4238,0.2445,0.3302,0.2226,5.0,8.0,11.0,103.0,34224500.0,42128900.0,48065800.0,51229900.0,0.4615,0.5516,0.378,0.6452,0.0408,0.7216,0.9368,0.6725,0.020824672107864747,51550140.0
2026-07-07,TSLA,0,38149900,0.0424021321903879,0.4203,0.1654,0.4143,66,0.2549,0.7176,0.5857,0.4397,-0.1619,0.7499,0.3543,21.0,14.0,4.0,74.0,54727900.0,73717700.0,40127900.0,57645800.0,0.5413,0.7001,0.7501,0.5964,0.9061,0.3844,0.9998,0.797,0.03908462889598287,49497045.0
2026-07-07,UNH,1,5800500,0.0152612360759729,0.5344,0.0011,0.4645,7,0.5332,0.9979,0.5355,0.5401,0.4997,0.0547,0.2279,14.0,14.0,6.0,13.0,6379000.0,3928800.0,4985900.0,5167400.0,0.848,0.5005,0.3114,0.3907,0.8185,0.9992,0.5877,0.7917,0.015242186494704307,6834850.0
2026-07-08,AAPL,1,41323500,0.0249110943542139,0.3597,0.2043,0.436,92,0.1554,0.6378,0.564,0.3363,0.187,0.4403,0.067,3.0,5.0,6.0,92.0,42490000.0,53590000.0,75352800.0,65100200.0,0.3365,0.2248,0.5833,0.644,0.9997,0.916,0.8774,0.552,0.02213111588410062,67786380.0
2026-07-08,AMZN,0,29653000,0.0175215896525836,0.3391,0.2781,0.3828,79,0.061,0.5494,0.6172,0.3561,0.4997,0.1119,0.1765,9.0,2.0,8.0,91.0,40579600.0,40044000.0,48246400.0,66228300.0,0.8007,0.5003,0.7302,0.5974,0.7224,0.9994,0.5766,0.6477,0.017320064810901446,65442145.0
2026-07-08,BRK-B,0,4429600,0.0209489602333987,0.104,0.1547,0.7413,9,-0.0508,0.4019,0.2587,0.0113,0.0011,0.0,-0.1041,6.0,2.0,2.0,9.0,3761400.0,4126100.0,4386500.0,5910500.0,0.6771,0.0012,0.0002,0.3291,0.5083,0.9353,0.5564,0.3418,0.008019928736070327,5365815.0
2026-07-08,GOOGL,0,22094800,0.0269218309609338,0.4169,0.2361,0.347,71,0.1808,0.6384,0.653,0.0519,0.4054,-0.1986,0.2073,2.0,3.0,5.0,119.0,24045600.0,26915800.0,25974800.0,35237200.0,0.0561,0.4505,0.6017,0.6934,0.9633,0.9499,0.335,0.6495,0.014653496107793075,37572315.0
2026-07-08,JPM,0,18505200,0.0190176029468374,0.2642,0.1292,0.6066,32,0.135,0.6716,0.3934,0.3718,0.6506,0.2476,0.0756,51.0,25.0,39.0,34.0,7115800.0,8673500.0,8413900.0,8080100.0,0.4976,0.7688,0.5375,0.6196,0.8736,0.9231,0.7303,0.561,0.013788768651012945,10248750.0
2026-07-08,META,0,13606500,0.0292810589453819,0.3992,0.1073,0.4934,10,0.2919,0.7881,0.5066,0.0138,0.9966,-0.0217,0.0708,7.0,1.0,5.0,43.0,18560800.0,17674100.0,21705900.0,18111100.0,0.3026,0.9967,0.2315,0.7202,0.5228,1.0,0.4532,0.5491,0.023726023215841857,20479615.0
2026-07-08,MSFT,0,25908300,0.0103638023044534,0.3931,0.2345,0.3723,63,0.1586,0.6264,0.6277,0.4999,-0.4238,0.2445,0.1198,4.0,5.0,8.0,88.0,29297500.0,34224500.0,42128900.0,44945700.0,0.5001,0.4615,0.5516,0.6898,0.9999,0.0408,0.7216,0.5868,0.02095183821645512,51895500.0
2026-07-08,TSLA,0,33844900,0.0228353823568696,0.341,0.2422,0.4168,66,0.0989,0.5848,0.5832,0.2549,0.4397,-0.1619,0.1442,66.0,21.0,14.0,68.0,38149900.0,54727900.0,73717700.0,43385600.0,0.5857,0.5413,0.7001,0.5853,0.7176,0.9061,0.3844,0.6232,0.03935303917895771,49157645.0
2026-07-08,UNH,0,3859200,0.0162472258938814,0.4798,0.0877,0.4325,12,0.3922,0.8455,0.5675,0.5332,0.5401,0.4997,0.4852,7.0,14.0,14.0,12.0,5800500.0,6379000.0,3928800.0,5779800.0,0.5355,0.848,0.5005,0.6519,0.9979,0.8185,0.9992,0.8721,0.015400644828519449,6580010.0
2026-07-09,AAPL,1,48124500,0.0269556370292385,0.4046,0.182,0.4135,71,0.2226,0.6898,0.5865,0.1554,0.3363,0.187,0.2824,92.0,3.0,5.0,5.0,41323500.0,42490000.0,53590000.0,50164200.0,0.564,0.3365,0.2248,0.3355,0.6378,0.9997,0.916,0.9209,0.021797985203115593,66587030.0
2026-07-09,AMZN,1,38091700,0.0385705934346615,0.4245,0.1159,0.4596,81,0.3086,0.7856,0.5404,0.061,0.3561,0.4997,0.3729,79.0,9.0,2.0,5.0,29653000.0,40579600.0,40044000.0,53829900.0,0.6172,0.8007,0.5003,0.4391,0.5494,0.7224,0.9994,0.9246,0.017318766313221202,64187315.0
2026-07-09,BRK-B,1,3393300,0.0094013344538104,0.2747,0.001,0.7242,3,0.2737,0.9962,0.2758,-0.0508,0.0113,0.0011,0.0024,9.0,6.0,2.0,2.0,4429600.0,3761400.0,4126100.0,4101300.0,0.2587,0.6771,0.0012,0.0025,0.4019,0.5083,0.9353,0.9788,0.00923868621936021,5327875.0
2026-07-09,GOOGL,1,24729100,0.0241878789288227,0.4377,0.1645,0.3978,77,0.2732,0.7269,0.6022,0.1808,0.0519,0.4054,0.0187,71.0,2.0,3.0,8.0,22094800.0,24045600.0,26915800.0,26736400.0,0.653,0.0561,0.4505,0.2562,0.6384,0.9633,0.9499,0.5365,0.01445040213272365,36456265.0
2026-07-09,JPM,1,15570600,0.0186749610842406,0.3644,0.1557,0.4799,25,0.2088,0.7007,0.5201,0.135,0.3718,0.6506,0.2516,32.0,51.0,25.0,23.0,18505200.0,7115800.0,8673500.0,15210200.0,0.3934,0.4976,0.7688,0.5225,0.6716,0.8736,0.9231,0.7408,0.01427041904973307,10718070.0
2026-07-09,META,1,26579700,0.0962345470758433,0.4051,0.1978,0.3972,108,0.2073,0.6719,0.6028,0.2919,0.0138,0.9966,-0.2236,10.0,7.0,1.0,8.0,13606500.0,18560800.0,17674100.0,45536300.0,0.5066,0.3026,0.9967,0.23,0.7881,0.5228,1.0,0.0139,0.023879346836427565,20169615.0
2026-07-09,MSFT,1,31083200,0.0301775602205647,0.3874,0.1598,0.4528,85,0.2277,0.708,0.5472,0.1586,0.4999,-0.4238,0.3302,63.0,4.0,5.0,11.0,25908300.0,29297500.0,34224500.0,48065800.0,0.6277,0.5001,0.4615,0.378,0.6264,0.9999,0.0408,0.9368,0.02095729899663898,51671015.0
2026-07-09,TSLA,1,37835000,0.0431483043259223,0.5067,0.1556,0.3377,56,0.3511,0.7651,0.6623,0.0989,0.2549,0.4397,0.7499,66.0,66.0,21.0,4.0,33844900.0,38149900.0,54727900.0,40127900.0,0.5832,0.5857,0.5413,0.7501,0.5848,0.7176,0.9061,0.9998,0.03593325292200943,47678880.0
2026-07-09,UNH,1,5566000,0.0252393976938368,0.7416,0.0122,0.2463,7,0.7294,0.9838,0.7537,0.3922,0.5332,0.5401,0.0547,12.0,7.0,14.0,6.0,3859200.0,5800500.0,6379000.0,4985900.0,0.5675,0.5355,0.848,0.3114,0.8455,0.9979,0.8185,0.5877,0.014421801107014924,6424810.0
2026-07-10,AAPL,1,34132300,0.0150609755210663,0.3232,0.2623,0.4145,62,0.0609,0.552,0.5855,0.2226,0.1554,0.3363,0.4403,71.0,92.0,3.0,6.0,48124500.0,41323500.0,42490000.0,75352800.0,0.5865,0.564,0.3365,0.5833,0.6898,0.6378,0.9997,0.8774,0.020716874292969995,65487815.0
2026-07-10,AMZN,0,31654000,0.0265277300590315,0.4518,0.2284,0.3198,71,0.2235,0.6643,0.6802,0.3086,0.061,0.3561,0.1119,81.0,79.0,9.0,8.0,38091700.0,29653000.0,40579600.0,48246400.0,0.5404,0.6172,0.8007,0.7302,0.7856,0.5494,0.7224,0.5766,0.01854546904641848,63411680.0
2026-07-10,BRK-B,0,2736900,0.0133023796576212,0.0067,0.2445,0.7488,4,-0.2379,0.0266,0.2512,0.2737,-0.0508,0.0113,0.0,3.0,9.0,6.0,2.0,3393300.0,4429600.0,3761400.0,4386500.0,0.2758,0.2587,0.6771,0.0002,0.9962,0.4019,0.5083,0.5564,0.009226220132804289,5251930.0
2026-07-10,GOOGL,0,18146100,0.0141806487330548,0.4434,0.1766,0.38,93,0.2668,0.7152,0.62,0.2732,0.1808,0.0519,-0.1986,77.0,71.0,2.0,5.0,24729100.0,22094800.0,24045600.0,25974800.0,0.6022,0.653,0.0561,0.6017,0.7269,0.6384,0.9633,0.335,0.014675685126761236,36259115.0
2026-07-10,JPM,0,6299000,0.0083563200107214,0.4852,0.1421,0.3726,34,0.3431,0.7735,0.6274,0.2088,0.135,0.3718,0.2476,25.0,32.0,51.0,39.0,15570600.0,18505200.0,7115800.0,8413900.0,0.5201,0.3934,0.4976,0.5375,0.7007,0.6716,0.8736,0.7303,0.01455463918847037,10916870.0
2026-07-10,META,1,40608900,0.0300602337866187,0.4372,0.2254,0.3374,157,0.2118,0.6598,0.6626,0.2073,0.2919,0.0138,-0.0217,108.0,10.0,7.0,5.0,26579700.0,13606500.0,18560800.0,21705900.0,0.6028,0.5066,0.3026,0.2315,0.6719,0.7881,0.5228,0.4532,0.028992808130841034,20041660.0
2026-07-10,MSFT,0,24644600,0.0268437441717168,0.3773,0.1752,0.4475,82,0.2022,0.6829,0.5525,0.2277,0.1586,0.4999,0.2445,85.0,63.0,4.0,8.0,31083200.0,25908300.0,29297500.0,42128900.0,0.5472,0.6277,0.5001,0.5516,0.708,0.6264,0.9999,0.7216,0.021703836076312204,51780100.0
2026-07-10,TSLA,0,33410000,0.0252137843790201,0.353,0.2437,0.4032,40,0.1093,0.5916,0.5968,0.3511,0.0989,0.2549,-0.1619,56.0,66.0,66.0,14.0,37835000.0,33844900.0,38149900.0,73717700.0,0.6623,0.5832,0.5857,0.7001,0.7651,0.5848,0.7176,0.3844,0.0359348218367382,47054190.0
2026-07-10,UNH,0,3798600,0.0213357221224261,0.439,0.0854,0.4756,18,0.3536,0.8371,0.5244,0.7294,0.3922,0.5332,0.4997,7.0,12.0,7.0,14.0,5566000.0,3859200.0,5800500.0,3928800.0,0.7537,0.5675,0.5355,0.5005,0.9838,0.8455,0.9979,0.9992,0.014539855976482522,6273590.0
